{"type":"FeatureCollection","municipality_code":"21210","pref":"岐阜県","city":"恵那市","layer_counts":{"bakumatsu_villages":53,"edo_post_stations":1,"edo_roads":1,"historical_sites_archaeology":17,"historical_temples_shrines":27},"total_features":99,"features":[{"type":"Feature","properties":{"layer_id":"bakumatsu_villages","name":"上手向村","address":"美濃 恵那郡","source":"Geoshape 幕末期近世村領域データセット vector tiles (z7 extraction)","subarea_name":"近世村のおおよその範囲","feature_key":"village:K25G21S00058","accuracy_note":"2015年農業集落境界をもとに復元した概略範囲で、江戸時代の正確な村境ではありません"},"geometry":{"type":"Polygon","coordinates":[[[137.36618,35.381213],[137.368927,35.380093],[137.36824,35.378413],[137.3703,35.377294],[137.373047,35.371695],[137.3703,35.367216],[137.371674,35.366096],[137.37442,35.364976],[137.37442,35.363856],[137.379227,35.359936],[137.385406,35.365536],[137.388153,35.363856],[137.387466,35.361616],[137.390213,35.358256],[137.39296,35.356576],[137.39296,35.354336],[137.393646,35.352096],[137.39502,35.352096],[137.39502,35.349856],[137.3909,35.348176],[137.3909,35.342575],[137.394333,35.334733],[137.39296,35.332492],[137.38266,35.333613],[137.381973,35.331932],[137.3806,35.336414],[137.381287,35.340334],[137.379227,35.346495],[137.381287,35.346495],[137.381287,35.351536],[137.377853,35.352656],[137.37648,35.352096],[137.37442,35.353776],[137.3703,35.355456],[137.36824,35.359376],[137.362747,35.362176],[137.361374,35.364416],[137.358627,35.365536],[137.356567,35.364976],[137.351761,35.368335],[137.351074,35.370015],[137.353134,35.369455],[137.355194,35.369455],[137.357254,35.372255],[137.36618,35.381213]]]}},{"type":"Feature","properties":{"layer_id":"bakumatsu_villages","name":"上村","address":"美濃 恵那郡","source":"Geoshape 幕末期近世村領域データセット vector tiles (z7 extraction)","subarea_name":"近世村のおおよその範囲","feature_key":"village:K25G21S00019","accuracy_note":"2015年農業集落境界をもとに復元した概略範囲で、江戸時代の正確な村境ではありません"},"geometry":{"type":"MultiPolygon","coordinates":[[[[137.473297,35.353216],[137.476044,35.352096],[137.478104,35.352656],[137.482224,35.351536],[137.481537,35.347616],[137.483597,35.344255],[137.490463,35.343135],[137.490463,35.341455],[137.487717,35.340334],[137.484283,35.334733],[137.48291,35.335293],[137.48085,35.333613],[137.48085,35.332492],[137.482224,35.331932],[137.477417,35.32633],[137.47673,35.321288],[137.473984,35.320168],[137.471924,35.322409],[137.469177,35.320168],[137.464371,35.317927],[137.462311,35.323529],[137.458878,35.328011],[137.458191,35.330252],[137.453384,35.334733],[137.449265,35.335293],[137.447891,35.338654],[137.445831,35.340334],[137.445831,35.342575],[137.448578,35.343135],[137.449265,35.344255],[137.452698,35.345375],[137.453384,35.347616],[137.456818,35.347056],[137.459564,35.347616],[137.465057,35.350976],[137.469177,35.351536],[137.473297,35.353216]]],[[[137.563934,35.404163],[137.567368,35.403603],[137.571487,35.399125],[137.574921,35.400245],[137.576981,35.390729],[137.5811,35.391289],[137.585907,35.38961],[137.587967,35.385691],[137.592773,35.384012],[137.59552,35.380653],[137.598267,35.379533],[137.59758,35.366656],[137.6017,35.361056],[137.602386,35.358816],[137.600327,35.357136],[137.602386,35.354336],[137.59964,35.352656],[137.59964,35.347056],[137.601013,35.346495],[137.6017,35.345375],[137.600327,35.342575],[137.60376,35.337534],[137.602386,35.335853],[137.60376,35.333053],[137.601013,35.331372],[137.596893,35.331932],[137.596207,35.330812],[137.594833,35.331932],[137.592773,35.330252],[137.590027,35.330812],[137.590714,35.328571],[137.587967,35.32577],[137.58728,35.324089],[137.58316,35.321848],[137.582474,35.319607],[137.5811,35.320728],[137.579727,35.323529],[137.579727,35.32689],[137.577667,35.329131],[137.576981,35.333613],[137.570114,35.329131],[137.561188,35.329691],[137.551575,35.327451],[137.547455,35.32465],[137.547455,35.321288],[137.537842,35.320168],[137.536469,35.317927],[137.533035,35.317927],[137.530289,35.319607],[137.526855,35.320168],[137.525482,35.317366],[137.524109,35.318487],[137.519302,35.316246],[137.515869,35.312324],[137.511749,35.311763],[137.504883,35.307841],[137.50145,35.307281],[137.498703,35.310082],[137.49733,35.312884],[137.493896,35.313444],[137.493896,35.316806],[137.492523,35.317927],[137.49321,35.320168],[137.49321,35.322969],[137.486343,35.327451],[137.486343,35.330252],[137.483597,35.330812],[137.48291,35.331932],[137.48085,35.331932],[137.48085,35.332492],[137.48291,35.335293],[137.484283,35.334733],[137.487717,35.340334],[137.490463,35.342015],[137.489777,35.343135],[137.483597,35.344255],[137.481537,35.347616],[137.481537,35.350976],[137.48497,35.354896],[137.487717,35.356016],[137.48909,35.359936],[137.491837,35.360496],[137.492523,35.363296],[137.49527,35.364416],[137.498703,35.368335],[137.500763,35.368335],[137.50351,35.370575],[137.506256,35.370015],[137.509689,35.373934],[137.513809,35.375614],[137.516556,35.374494],[137.520676,35.376174],[137.522736,35.375054],[137.524109,35.376174],[137.528915,35.373375],[137.533035,35.375614],[137.534409,35.377854],[137.539215,35.377854],[137.544022,35.384012],[137.548141,35.386251],[137.552948,35.386811],[137.557755,35.39017],[137.557755,35.396327],[137.563934,35.401924],[137.563934,35.404163]]],[[[137.48291,35.331932],[137.483597,35.330812],[137.486343,35.330252],[137.486343,35.327451],[137.49321,35.322969],[137.49321,35.320168],[137.492523,35.317927],[137.493896,35.316806],[137.493896,35.313444],[137.49733,35.312884],[137.498703,35.310082],[137.50145,35.307281],[137.504883,35.307841],[137.511749,35.311763],[137.515869,35.312324],[137.517929,35.315125],[137.519989,35.310643],[137.516556,35.310643],[137.511063,35.308962],[137.508316,35.3056],[137.509689,35.304479],[137.506943,35.301117],[137.502136,35.299435],[137.49939,35.299996],[137.495956,35.299435],[137.48703,35.299996],[137.485657,35.302237],[137.473297,35.307841],[137.471237,35.310643],[137.471237,35.313444],[137.468491,35.314565],[137.467117,35.317366],[137.465057,35.316806],[137.463684,35.317927],[137.463684,35.318487],[137.467117,35.319047],[137.471924,35.322409],[137.473984,35.320168],[137.47673,35.321288],[137.47879,35.328011],[137.48291,35.331932]]],[[[137.506943,35.301677],[137.509689,35.300556],[137.516556,35.300556],[137.513809,35.299435],[137.514496,35.29271],[137.512436,35.288227],[137.509689,35.289908],[137.504883,35.288787],[137.50351,35.290469],[137.500763,35.291029],[137.49733,35.291029],[137.49527,35.289908],[137.490463,35.295513],[137.48909,35.299435],[137.48703,35.299996],[137.495956,35.299435],[137.49939,35.299996],[137.50145,35.298875],[137.506943,35.301677]]],[[[137.526169,35.297194],[137.525482,35.297194],[137.519989,35.299996],[137.510376,35.300556],[137.506943,35.301117],[137.509689,35.304479],[137.508316,35.3056],[137.511063,35.308962],[137.516556,35.310643],[137.519989,35.310643],[137.517929,35.315125],[137.523422,35.317927],[137.525482,35.317366],[137.526855,35.320168],[137.535782,35.317927],[137.538528,35.320168],[137.541275,35.315685],[137.537842,35.310643],[137.537155,35.303358],[137.522736,35.302798],[137.523422,35.301117],[137.526169,35.299996],[137.527542,35.298315],[137.532349,35.297194],[137.528229,35.297194],[137.525482,35.298315],[137.526169,35.297194]]],[[[137.515869,35.299996],[137.522049,35.299435],[137.525482,35.297194],[137.535095,35.296073],[137.538528,35.294952],[137.541962,35.295513],[137.544022,35.294392],[137.548828,35.295513],[137.553635,35.294392],[137.555695,35.294952],[137.556381,35.295513],[137.561874,35.289348],[137.560501,35.285985],[137.561188,35.283743],[137.550888,35.284303],[137.547455,35.282061],[137.543335,35.28094],[137.535782,35.282622],[137.533722,35.281501],[137.528915,35.284303],[137.521362,35.284864],[137.518616,35.283182],[137.512436,35.288227],[137.514496,35.29271],[137.513809,35.299435],[137.515869,35.299996]]],[[[137.576981,35.333613],[137.577667,35.329131],[137.579727,35.32689],[137.579727,35.323529],[137.581787,35.320168],[137.58316,35.319607],[137.5811,35.318487],[137.577667,35.319047],[137.574234,35.316806],[137.570801,35.318487],[137.566681,35.315125],[137.568054,35.313444],[137.563934,35.313444],[137.564621,35.311203],[137.562561,35.311763],[137.560501,35.310082],[137.558441,35.310643],[137.556381,35.310082],[137.559128,35.301677],[137.557755,35.297194],[137.555695,35.294952],[137.553635,35.294392],[137.547455,35.295513],[137.544022,35.294392],[137.541962,35.295513],[137.538528,35.294952],[137.535095,35.296073],[137.529602,35.296633],[137.526169,35.297194],[137.525482,35.298315],[137.528229,35.297194],[137.532349,35.297194],[137.527542,35.298315],[137.526169,35.299996],[137.523422,35.301117],[137.522736,35.302798],[137.537155,35.303358],[137.537842,35.310643],[137.541275,35.315685],[137.538528,35.320168],[137.547455,35.321288],[137.547455,35.32465],[137.551575,35.327451],[137.561188,35.329691],[137.570114,35.329131],[137.576981,35.333613]]]]}},{"type":"Feature","properties":{"layer_id":"bakumatsu_villages","name":"上田村","address":"美濃 恵那郡","source":"Geoshape 幕末期近世村領域データセット vector tiles (z7 extraction)","subarea_name":"近世村のおおよその範囲","feature_key":"village:K25G21S00068","accuracy_note":"2015年農業集落境界をもとに復元した概略範囲で、江戸時代の正確な村境ではありません"},"geometry":{"type":"Polygon","coordinates":[[[137.37442,35.304479],[137.379913,35.303358],[137.381287,35.301117],[137.381973,35.298875],[137.3806,35.297194],[137.37442,35.293831],[137.369614,35.296073],[137.371674,35.297754],[137.37236,35.302237],[137.37442,35.304479]]]}},{"type":"Feature","properties":{"layer_id":"bakumatsu_villages","name":"下手向村","address":"美濃 恵那郡","source":"Geoshape 幕末期近世村領域データセット vector tiles (z7 extraction)","subarea_name":"近世村のおおよその範囲","feature_key":"village:K25G21S00060","accuracy_note":"2015年農業集落境界をもとに復元した概略範囲で、江戸時代の正確な村境ではありません"},"geometry":{"type":"Polygon","coordinates":[[[137.350388,35.371135],[137.351074,35.370015],[137.351761,35.368335],[137.356567,35.364976],[137.358627,35.365536],[137.362061,35.364416],[137.362747,35.362176],[137.36824,35.359376],[137.3703,35.355456],[137.37442,35.353776],[137.37648,35.352096],[137.377853,35.352656],[137.381287,35.351536],[137.381287,35.346495],[137.375793,35.345375],[137.375107,35.347056],[137.371674,35.347616],[137.368927,35.344815],[137.36618,35.344255],[137.36412,35.339774],[137.360687,35.338654],[137.357254,35.338654],[137.349701,35.335853],[137.346954,35.337534],[137.342834,35.336414],[137.336655,35.342575],[137.337341,35.345935],[137.337341,35.349296],[137.332535,35.356576],[137.334595,35.359376],[137.333221,35.362176],[137.333908,35.364976],[137.333221,35.365536],[137.333908,35.367216],[137.339401,35.366096],[137.343521,35.368335],[137.344894,35.368335],[137.349014,35.371135],[137.350388,35.371135]]]}},{"type":"Feature","properties":{"layer_id":"bakumatsu_villages","name":"下村","address":"美濃 恵那郡","source":"Geoshape 幕末期近世村領域データセット vector tiles (z7 extraction)","subarea_name":"近世村のおおよその範囲","feature_key":"village:K25G21S00021","accuracy_note":"2015年農業集落境界をもとに復元した概略範囲で、江戸時代の正確な村境ではありません"},"geometry":{"type":"Polygon","coordinates":[[[137.48909,35.285985],[137.492523,35.284303],[137.502823,35.275335],[137.500076,35.271411],[137.496643,35.270289],[137.490463,35.264123],[137.488403,35.265244],[137.485657,35.264123],[137.484283,35.265804],[137.482224,35.265244],[137.48085,35.262441],[137.47879,35.259637],[137.47261,35.257394],[137.466431,35.256834],[137.463684,35.258516],[137.454071,35.256273],[137.452698,35.259637],[137.456131,35.260759],[137.458191,35.264123],[137.459564,35.264123],[137.460938,35.267486],[137.458878,35.268608],[137.458191,35.270289],[137.458878,35.272532],[137.454758,35.275895],[137.460938,35.277577],[137.466431,35.28038],[137.468491,35.282061],[137.470551,35.281501],[137.469864,35.279819],[137.473984,35.279259],[137.48085,35.282061],[137.482224,35.284303],[137.48909,35.285985]]]}},{"type":"Feature","properties":{"layer_id":"bakumatsu_villages","name":"下風村","address":"美濃 恵那郡","source":"Geoshape 幕末期近世村領域データセット vector tiles (z7 extraction)","subarea_name":"近世村のおおよその範囲","feature_key":"village:K25G21S00076","accuracy_note":"2015年農業集落境界をもとに復元した概略範囲で、江戸時代の正確な村境ではありません"},"geometry":{"type":"Polygon","coordinates":[[[137.397079,35.28094],[137.398453,35.278137],[137.401886,35.275895],[137.401886,35.274774],[137.399139,35.273653],[137.396393,35.274774],[137.393646,35.271411],[137.393646,35.269729],[137.3909,35.268608],[137.392273,35.267486],[137.38884,35.264123],[137.389526,35.263001],[137.38884,35.26188],[137.37854,35.259077],[137.375107,35.260198],[137.373047,35.263562],[137.373734,35.268608],[137.375107,35.27085],[137.37854,35.270289],[137.381973,35.273653],[137.38884,35.274774],[137.392273,35.278698],[137.397079,35.28094]]]}},{"type":"Feature","properties":{"layer_id":"bakumatsu_villages","name":"中之方村","address":"美濃 恵那郡","source":"Geoshape 幕末期近世村領域データセット vector tiles (z7 extraction)","subarea_name":"近世村のおおよその範囲","feature_key":"village:K25G21S00047","accuracy_note":"2015年農業集落境界をもとに復元した概略範囲で、江戸時代の正確な村境ではありません"},"geometry":{"type":"MultiPolygon","coordinates":[[[[137.288589,35.531667],[137.289963,35.526638],[137.294769,35.522726],[137.294083,35.520491],[137.287903,35.517138],[137.281036,35.514902],[137.278976,35.520491],[137.276917,35.521609],[137.275543,35.520491],[137.272797,35.52105],[137.271423,35.524962],[137.268677,35.527197],[137.273483,35.529991],[137.275543,35.529991],[137.27623,35.531667],[137.27829,35.529991],[137.288589,35.531667]]],[[[137.297516,35.524962],[137.296829,35.521609],[137.298203,35.518255],[137.308502,35.512107],[137.297516,35.514343],[137.294769,35.514343],[137.28653,35.508754],[137.283096,35.511549],[137.283783,35.512666],[137.281036,35.514902],[137.285156,35.51602],[137.294083,35.520491],[137.297516,35.524962]]],[[[137.300262,35.532785],[137.304382,35.529432],[137.304382,35.525521],[137.311935,35.523844],[137.313995,35.522167],[137.322922,35.509872],[137.317429,35.510431],[137.306442,35.522726],[137.304382,35.523285],[137.301636,35.526638],[137.298889,35.528315],[137.297516,35.524962],[137.294769,35.522726],[137.289963,35.526638],[137.288589,35.531667],[137.300262,35.532785]]],[[[137.309189,35.536696],[137.311935,35.536138],[137.314682,35.528873],[137.313995,35.526079],[137.307816,35.526079],[137.300262,35.532785],[137.301636,35.53502],[137.309189,35.536696]]],[[[137.298889,35.528315],[137.301636,35.526638],[137.304382,35.523285],[137.306442,35.522726],[137.317429,35.510431],[137.308502,35.512107],[137.298203,35.518255],[137.296829,35.521609],[137.298889,35.528315]]],[[[137.304382,35.529432],[137.307816,35.526079],[137.313995,35.526079],[137.316742,35.523285],[137.322235,35.514343],[137.327728,35.508754],[137.322922,35.509872],[137.311935,35.523844],[137.304382,35.525521],[137.304382,35.529432]]],[[[137.311935,35.536138],[137.316055,35.534461],[137.316742,35.531109],[137.321548,35.521609],[137.326355,35.514902],[137.334595,35.507636],[137.327728,35.508754],[137.322235,35.514343],[137.316742,35.523285],[137.313995,35.526079],[137.314682,35.528873],[137.311935,35.536138]]],[[[137.297516,35.514343],[137.334595,35.507636],[137.333221,35.5054],[137.324295,35.501487],[137.311935,35.498692],[137.309875,35.488629],[137.305756,35.493661],[137.298203,35.496456],[137.300262,35.498133],[137.292023,35.502605],[137.290649,35.502605],[137.289276,35.5054],[137.28653,35.507636],[137.293396,35.513784],[137.297516,35.514343]]],[[[137.341461,35.548429],[137.340088,35.545636],[137.341461,35.540608],[137.342148,35.538931],[137.346268,35.538373],[137.349014,35.537255],[137.351074,35.532226],[137.347641,35.516579],[137.340775,35.522167],[137.336655,35.528315],[137.330475,35.529432],[137.328415,35.528873],[137.327728,35.527756],[137.329788,35.525521],[137.326355,35.525521],[137.324982,35.526638],[137.322235,35.53502],[137.324982,35.538373],[137.326355,35.538373],[137.332535,35.542842],[137.334595,35.543401],[137.337341,35.547312],[137.341461,35.548429]]],[[[137.322235,35.53502],[137.324982,35.526638],[137.326355,35.525521],[137.329788,35.525521],[137.333221,35.522726],[137.346268,35.509872],[137.344894,35.507636],[137.335968,35.508195],[137.334595,35.507636],[137.326355,35.514902],[137.321548,35.521609],[137.316742,35.531109],[137.316055,35.534461],[137.322235,35.53502]]],[[[137.331161,35.529432],[137.336655,35.528315],[137.340775,35.522167],[137.347641,35.516579],[137.347641,35.512666],[137.346268,35.509872],[137.333221,35.522726],[137.327728,35.526638],[137.327728,35.527756],[137.328415,35.528873],[137.331161,35.529432]]]]}},{"type":"Feature","properties":{"layer_id":"bakumatsu_villages","name":"中野村","address":"美濃 恵那郡","source":"Geoshape 幕末期近世村領域データセット vector tiles (z7 extraction)","subarea_name":"近世村のおおよその範囲","feature_key":"village:K25G21S00033","accuracy_note":"2015年農業集落境界をもとに復元した概略範囲で、江戸時代の正確な村境ではありません"},"geometry":{"type":"MultiPolygon","coordinates":[[[[137.386093,35.461229],[137.38884,35.459551],[137.38884,35.458433],[137.3909,35.457314],[137.400513,35.451721],[137.39502,35.450043],[137.395706,35.449484],[137.39296,35.447246],[137.3909,35.439974],[137.385406,35.436058],[137.38266,35.434939],[137.381287,35.436058],[137.379913,35.435498],[137.377853,35.438296],[137.375793,35.437736],[137.377853,35.44389],[137.37648,35.446687],[137.379913,35.450043],[137.379913,35.453958],[137.385406,35.456755],[137.386093,35.461229]]],[[[137.390213,35.462348],[137.403946,35.457314],[137.405319,35.456196],[137.403946,35.454518],[137.401199,35.453958],[137.395706,35.455077],[137.38884,35.458433],[137.390213,35.462348]]],[[[137.393646,35.455636],[137.401199,35.453958],[137.404633,35.453958],[137.401199,35.45284],[137.400513,35.451721],[137.393646,35.455636]]],[[[137.403259,35.453399],[137.403946,35.451162],[137.401886,35.450602],[137.401886,35.449484],[137.399826,35.450602],[137.400513,35.451721],[137.403259,35.453399]]],[[[137.404633,35.453958],[137.408752,35.451162],[137.410126,35.451721],[137.412186,35.448365],[137.410126,35.450043],[137.401886,35.448924],[137.401886,35.450602],[137.403946,35.451162],[137.403259,35.453399],[137.404633,35.453958]]],[[[137.410126,35.450043],[137.412186,35.448365],[137.413559,35.446127],[137.411499,35.445009],[137.410812,35.441093],[137.409439,35.441093],[137.404633,35.446687],[137.403259,35.449484],[137.410126,35.450043]]]]}},{"type":"Feature","properties":{"layer_id":"bakumatsu_villages","name":"串原村","address":"美濃 恵那郡","source":"Geoshape 幕末期近世村領域データセット vector tiles (z7 extraction)","subarea_name":"近世村のおおよその範囲","feature_key":"village:K25G21S00024","accuracy_note":"2015年農業集落境界をもとに復元した概略範囲で、江戸時代の正確な村境ではありません"},"geometry":{"type":"MultiPolygon","coordinates":[[[[137.38884,35.26188],[137.3909,35.260198],[137.38884,35.257394],[137.389526,35.255152],[137.393646,35.247862],[137.387466,35.240572],[137.385406,35.242254],[137.385406,35.245619],[137.38266,35.247862],[137.38472,35.248984],[137.38678,35.252348],[137.38472,35.259077],[137.383347,35.260198],[137.386093,35.260198],[137.38884,35.26188]]],[[[137.417679,35.28094],[137.422485,35.276456],[137.424545,35.272532],[137.425919,35.271971],[137.416992,35.26188],[137.407379,35.266926],[137.397766,35.266365],[137.3909,35.268047],[137.391586,35.269729],[137.393646,35.269729],[137.393646,35.271411],[137.396393,35.274774],[137.399139,35.273653],[137.401886,35.274774],[137.401886,35.275895],[137.402573,35.277016],[137.408752,35.278137],[137.409439,35.279259],[137.412872,35.278137],[137.414246,35.279819],[137.416306,35.279819],[137.417679,35.28094]]],[[[137.39296,35.268047],[137.395706,35.267486],[137.397766,35.266365],[137.397766,35.264123],[137.407379,35.26188],[137.408752,35.257394],[137.414246,35.256273],[137.416992,35.252348],[137.400513,35.256273],[137.395706,35.25403],[137.391586,35.250666],[137.38884,35.256834],[137.3909,35.260759],[137.38884,35.26188],[137.389526,35.264683],[137.39296,35.268047]]],[[[137.400513,35.256273],[137.411499,35.25403],[137.416992,35.252348],[137.412872,35.247862],[137.408752,35.248423],[137.406006,35.246741],[137.401886,35.248423],[137.400513,35.247862],[137.399139,35.248423],[137.393646,35.248423],[137.391586,35.250666],[137.400513,35.256273]]],[[[137.407379,35.266926],[137.416306,35.26188],[137.419052,35.263562],[137.422485,35.26188],[137.423172,35.260198],[137.422485,35.255712],[137.420425,35.25347],[137.416992,35.252348],[137.414246,35.256273],[137.408752,35.257394],[137.407379,35.26188],[137.397766,35.264123],[137.397766,35.266365],[137.407379,35.266926]]],[[[137.456818,35.299996],[137.457504,35.299435],[137.458191,35.296633],[137.455444,35.294392],[137.455444,35.29215],[137.460251,35.288787],[137.460251,35.285985],[137.456818,35.283743],[137.456131,35.282622],[137.457504,35.281501],[137.453384,35.274214],[137.449265,35.273092],[137.441711,35.273653],[137.438965,35.275335],[137.436218,35.275895],[137.432098,35.273092],[137.425232,35.272532],[137.422485,35.276456],[137.418365,35.28038],[137.419052,35.282061],[137.421799,35.282622],[137.421112,35.284864],[137.436218,35.294952],[137.437592,35.294952],[137.441025,35.296633],[137.445145,35.295513],[137.449265,35.295513],[137.451324,35.296073],[137.452011,35.298875],[137.456818,35.299996]]],[[[137.454758,35.275895],[137.456818,35.275335],[137.457504,35.273653],[137.458878,35.272532],[137.458191,35.270289],[137.458878,35.268608],[137.460938,35.268047],[137.459564,35.264123],[137.458191,35.264123],[137.452698,35.258516],[137.447205,35.255712],[137.444458,35.255712],[137.443771,35.25403],[137.441025,35.25403],[137.437592,35.251227],[137.433472,35.246741],[137.432785,35.243937],[137.427292,35.242815],[137.423859,35.251787],[137.417679,35.252348],[137.422485,35.255712],[137.422485,35.261319],[137.419052,35.263562],[137.424545,35.271411],[137.432098,35.273092],[137.436218,35.275895],[137.438965,35.275335],[137.441711,35.273653],[137.449265,35.273092],[137.453384,35.274214],[137.454758,35.275895]]],[[[137.452698,35.258516],[137.454071,35.256273],[137.457504,35.257394],[137.466431,35.25347],[137.467804,35.250105],[137.471237,35.247862],[137.468491,35.245619],[137.465744,35.246741],[137.462997,35.244498],[137.462311,35.242254],[137.457504,35.245058],[137.452011,35.24618],[137.432785,35.243937],[137.432785,35.245058],[137.437592,35.251227],[137.441025,35.25403],[137.443771,35.25403],[137.444458,35.255712],[137.447205,35.255712],[137.452698,35.258516]]],[[[137.423859,35.251787],[137.427292,35.242815],[137.425919,35.238329],[137.421112,35.233842],[137.416306,35.240572],[137.408066,35.234964],[137.406693,35.237768],[137.403259,35.23889],[137.400513,35.242254],[137.394333,35.240011],[137.387466,35.240572],[137.393646,35.246741],[137.393646,35.248423],[137.399139,35.248423],[137.400513,35.247862],[137.401886,35.248423],[137.406006,35.246741],[137.408752,35.248423],[137.412872,35.247862],[137.416306,35.251787],[137.423859,35.251787]]],[[[137.452011,35.24618],[137.457504,35.245058],[137.462311,35.242254],[137.460251,35.240572],[137.457504,35.240011],[137.452698,35.240572],[137.449951,35.235525],[137.441711,35.233842],[137.441025,35.230477],[137.437592,35.229916],[137.434845,35.224868],[137.430038,35.223185],[137.427979,35.223185],[137.427292,35.225429],[137.424545,35.227111],[137.423172,35.232159],[137.421112,35.233842],[137.425919,35.238329],[137.427292,35.242815],[137.431412,35.243376],[137.433472,35.244498],[137.452011,35.24618]]],[[[137.47879,35.259637],[137.48291,35.257955],[137.48291,35.255712],[137.476044,35.25347],[137.471237,35.247862],[137.467804,35.250105],[137.466431,35.25347],[137.457504,35.257394],[137.463684,35.258516],[137.464371,35.257394],[137.469177,35.256834],[137.47261,35.257394],[137.47879,35.259637]]]]}},{"type":"Feature","properties":{"layer_id":"bakumatsu_villages","name":"久保原村","address":"美濃 恵那郡","source":"Geoshape 幕末期近世村領域データセット vector tiles (z7 extraction)","subarea_name":"近世村のおおよその範囲","feature_key":"village:K25G21S00059","accuracy_note":"2015年農業集落境界をもとに復元した概略範囲で、江戸時代の正確な村境ではありません"},"geometry":{"type":"MultiPolygon","coordinates":[[[[137.37648,35.399685],[137.386093,35.396887],[137.389526,35.397446],[137.387466,35.395767],[137.38266,35.393528],[137.381973,35.391289],[137.37854,35.38961],[137.377853,35.387371],[137.375793,35.38961],[137.375107,35.393528],[137.37236,35.396327],[137.37442,35.399125],[137.37648,35.399685]]],[[[137.3909,35.397446],[137.396393,35.392409],[137.397079,35.38849],[137.395706,35.387371],[137.396393,35.385691],[137.403259,35.377854],[137.401886,35.371695],[137.402573,35.371135],[137.404633,35.371695],[137.406006,35.367216],[137.402573,35.364416],[137.399826,35.359936],[137.396393,35.357696],[137.393646,35.358256],[137.392273,35.357136],[137.387466,35.361616],[137.388153,35.363856],[137.385406,35.365536],[137.379227,35.359936],[137.37442,35.363856],[137.37442,35.364976],[137.371674,35.366096],[137.3703,35.367216],[137.37236,35.370015],[137.37236,35.373375],[137.369614,35.377854],[137.36824,35.378413],[137.368927,35.380093],[137.36618,35.381213],[137.36412,35.384572],[137.367554,35.39017],[137.371674,35.392968],[137.37236,35.395767],[137.375107,35.393528],[137.375793,35.38961],[137.377853,35.387371],[137.37854,35.38961],[137.381973,35.391289],[137.38266,35.393528],[137.387466,35.395767],[137.389526,35.397446],[137.3909,35.397446]]]]}},{"type":"Feature","properties":{"layer_id":"bakumatsu_villages","name":"久須見村","address":"美濃 恵那郡","source":"Geoshape 幕末期近世村領域データセット vector tiles (z7 extraction)","subarea_name":"近世村のおおよその範囲","feature_key":"village:K25G21S00032","accuracy_note":"2015年農業集落境界をもとに復元した概略範囲で、江戸時代の正確な村境ではありません"},"geometry":{"type":"MultiPolygon","coordinates":[[[[137.335968,35.473532],[137.352448,35.467381],[137.355194,35.467381],[137.353821,35.464026],[137.344894,35.454518],[137.338715,35.458433],[137.338028,35.462348],[137.333908,35.466263],[137.335968,35.473532]]],[[[137.383347,35.479683],[137.38678,35.472414],[137.381973,35.466263],[137.37854,35.467381],[137.37854,35.466263],[137.37648,35.465703],[137.37442,35.462348],[137.368927,35.460111],[137.36824,35.462907],[137.362747,35.466822],[137.352448,35.467381],[137.335968,35.473532],[137.336655,35.478565],[137.351761,35.472973],[137.363434,35.476888],[137.383347,35.479683]]],[[[137.361374,35.467381],[137.36824,35.462907],[137.3703,35.456755],[137.368927,35.454518],[137.36618,35.453399],[137.361374,35.45284],[137.355194,35.451162],[137.347641,35.456755],[137.353821,35.464026],[137.355194,35.467381],[137.361374,35.467381]]],[[[137.347641,35.456755],[137.355194,35.451162],[137.361374,35.45284],[137.36618,35.453399],[137.3703,35.455636],[137.37442,35.450043],[137.371674,35.448365],[137.365494,35.447246],[137.364807,35.445568],[137.357254,35.447246],[137.353134,35.445568],[137.346954,35.448924],[137.344894,35.454518],[137.347641,35.456755]]],[[[137.38678,35.472414],[137.391586,35.466822],[137.391586,35.464026],[137.390213,35.462348],[137.389526,35.459551],[137.386093,35.461229],[137.385406,35.456755],[137.379913,35.453958],[137.3806,35.45228],[137.37854,35.448365],[137.377853,35.450043],[137.37442,35.450043],[137.3703,35.455636],[137.368927,35.460111],[137.37442,35.462348],[137.37648,35.465703],[137.37854,35.466263],[137.37854,35.467381],[137.381973,35.466263],[137.38678,35.472414]]]]}},{"type":"Feature","properties":{"layer_id":"bakumatsu_villages","name":"佐々良木村","address":"美濃 恵那郡","source":"Geoshape 幕末期近世村領域データセット vector tiles (z7 extraction)","subarea_name":"近世村のおおよその範囲","feature_key":"village:K25G21S00026","accuracy_note":"2015年農業集落境界をもとに復元した概略範囲で、江戸時代の正確な村境ではありません"},"geometry":{"type":"MultiPolygon","coordinates":[[[[137.342834,35.404163],[137.351074,35.403043],[137.352448,35.400245],[137.353134,35.393528],[137.342148,35.392409],[137.342148,35.393528],[137.344208,35.394088],[137.344894,35.395207],[137.344208,35.397446],[137.342834,35.399685],[137.339401,35.399685],[137.339401,35.400804],[137.340775,35.401364],[137.342834,35.404163]]],[[[137.360001,35.42207],[137.363434,35.418153],[137.369614,35.415355],[137.3703,35.413677],[137.37442,35.409759],[137.377853,35.399685],[137.37442,35.399125],[137.37236,35.396327],[137.368927,35.400245],[137.357941,35.406961],[137.356567,35.410878],[137.353134,35.415915],[137.353134,35.418153],[137.351761,35.418153],[137.353821,35.419832],[137.360001,35.42207]]],[[[137.338715,35.400804],[137.338028,35.401364],[137.340775,35.404163],[137.340088,35.407521],[137.342148,35.4092],[137.342148,35.410878],[137.348328,35.412557],[137.348328,35.415355],[137.353134,35.418153],[137.353134,35.415915],[137.356567,35.410878],[137.357941,35.406961],[137.368927,35.400245],[137.37236,35.396327],[137.37236,35.393528],[137.367554,35.39017],[137.36412,35.393528],[137.362061,35.394088],[137.356567,35.394088],[137.353134,35.393528],[137.351761,35.401364],[137.351074,35.403043],[137.346954,35.404163],[137.342148,35.403603],[137.340775,35.401364],[137.338715,35.400804]]],[[[137.338715,35.400804],[137.339401,35.399685],[137.338715,35.399685],[137.338715,35.400804]]]]}},{"type":"Feature","properties":{"layer_id":"bakumatsu_villages","name":"原村","address":"美濃 恵那郡","source":"Geoshape 幕末期近世村領域データセット vector tiles (z7 extraction)","subarea_name":"近世村のおおよその範囲","feature_key":"village:K25G21S00062","accuracy_note":"2015年農業集落境界をもとに復元した概略範囲で、江戸時代の正確な村境ではありません"},"geometry":{"type":"Polygon","coordinates":[[[137.366867,35.339774],[137.367554,35.339214],[137.366867,35.337534],[137.369614,35.330812],[137.37236,35.327451],[137.36618,35.32465],[137.36618,35.322409],[137.363434,35.319607],[137.360687,35.321848],[137.359314,35.321848],[137.353821,35.317927],[137.351074,35.318487],[137.346954,35.317366],[137.342834,35.319047],[137.340088,35.322969],[137.340088,35.32689],[137.338028,35.327451],[137.333908,35.333053],[137.332535,35.334173],[137.333221,35.334733],[137.338028,35.333613],[137.344894,35.337534],[137.346954,35.337534],[137.349701,35.335853],[137.357254,35.338654],[137.360687,35.338654],[137.363434,35.339774],[137.366867,35.339774]]]}},{"type":"Feature","properties":{"layer_id":"bakumatsu_villages","name":"吉良見村","address":"美濃 恵那郡","source":"Geoshape 幕末期近世村領域データセット vector tiles (z7 extraction)","subarea_name":"近世村のおおよその範囲","feature_key":"village:K25G21S00065","accuracy_note":"2015年農業集落境界をもとに復元した概略範囲で、江戸時代の正確な村境ではありません"},"geometry":{"type":"Polygon","coordinates":[[[137.360687,35.321848],[137.364807,35.318487],[137.36412,35.314565],[137.36618,35.311203],[137.360001,35.309522],[137.353821,35.303358],[137.349701,35.303358],[137.346268,35.301677],[137.341461,35.302798],[137.342148,35.299996],[137.341461,35.294952],[137.338715,35.291029],[137.335968,35.29215],[137.329102,35.291589],[137.327042,35.293271],[137.327728,35.295513],[137.326355,35.297754],[137.324295,35.297194],[137.323608,35.298875],[137.325668,35.300556],[137.327042,35.305039],[137.330475,35.308401],[137.331161,35.307281],[137.332535,35.307841],[137.333908,35.312324],[137.339401,35.314005],[137.340088,35.312324],[137.341461,35.311763],[137.344208,35.316806],[137.351074,35.318487],[137.353821,35.317927],[137.357941,35.321288],[137.360687,35.321848]]]}},{"type":"Feature","properties":{"layer_id":"bakumatsu_villages","name":"大井村","address":"美濃 恵那郡","source":"Geoshape 幕末期近世村領域データセット vector tiles (z7 extraction)","subarea_name":"近世村のおおよその範囲","feature_key":"village:K25G21S00013","accuracy_note":"2015年農業集落境界をもとに復元した概略範囲で、江戸時代の正確な村境ではありません"},"geometry":{"type":"MultiPolygon","coordinates":[[[[137.392273,35.481361],[137.395706,35.479124],[137.396393,35.476888],[137.399139,35.476328],[137.399139,35.474651],[137.400513,35.471855],[137.399826,35.4685],[137.39502,35.465703],[137.391586,35.465144],[137.3909,35.46794],[137.386093,35.472973],[137.383347,35.479683],[137.392273,35.481361]]],[[[137.394333,35.481361],[137.402573,35.47521],[137.403946,35.470177],[137.410812,35.465703],[137.414932,35.464585],[137.417679,35.458992],[137.409439,35.456196],[137.408752,35.458433],[137.405319,35.459551],[137.403946,35.461789],[137.399826,35.458992],[137.390213,35.462348],[137.391586,35.465144],[137.39502,35.465703],[137.399826,35.4685],[137.400513,35.471296],[137.399139,35.474651],[137.399139,35.476328],[137.396393,35.476888],[137.395706,35.479124],[137.392273,35.480802],[137.392273,35.481361],[137.394333,35.481361]]],[[[137.406693,35.484156],[137.410812,35.478565],[137.414246,35.467381],[137.419052,35.46067],[137.417679,35.459551],[137.414932,35.464585],[137.410812,35.465703],[137.403946,35.470177],[137.402573,35.47521],[137.394333,35.481361],[137.402573,35.48192],[137.406693,35.484156]]],[[[137.418365,35.480242],[137.428665,35.474092],[137.431412,35.473532],[137.435532,35.464585],[137.430038,35.461789],[137.423172,35.459551],[137.417679,35.459551],[137.419052,35.46067],[137.414246,35.467381],[137.410812,35.478565],[137.413559,35.478006],[137.416306,35.480242],[137.418365,35.480242]]],[[[137.403946,35.461789],[137.405319,35.459551],[137.408752,35.458433],[137.409439,35.456196],[137.403946,35.453958],[137.405319,35.456196],[137.404633,35.457314],[137.399826,35.458992],[137.403946,35.461789]]],[[[137.409439,35.456196],[137.409439,35.455636],[137.414246,35.451721],[137.408752,35.451162],[137.404633,35.453958],[137.409439,35.456196]]],[[[137.412186,35.457873],[137.414932,35.455636],[137.417679,35.455636],[137.413559,35.454518],[137.412186,35.453958],[137.411499,35.456196],[137.409439,35.455636],[137.409439,35.456196],[137.412186,35.457873]]],[[[137.412186,35.453958],[137.413559,35.454518],[137.416992,35.451721],[137.414246,35.451721],[137.412186,35.453958]]],[[[137.412186,35.453958],[137.409439,35.455636],[137.411499,35.456196],[137.412186,35.453958]]],[[[137.426605,35.46067],[137.427979,35.457314],[137.430038,35.455077],[137.427979,35.453399],[137.421112,35.453399],[137.417679,35.455636],[137.412872,35.456755],[137.412186,35.457873],[137.419739,35.459551],[137.423172,35.459551],[137.426605,35.46067]]],[[[137.417679,35.455077],[137.421112,35.45284],[137.423859,35.45284],[137.423859,35.451721],[137.421799,35.451721],[137.419739,35.450043],[137.419739,35.451162],[137.416992,35.451721],[137.415619,35.45284],[137.417679,35.453399],[137.416306,35.454518],[137.417679,35.455077]]],[[[137.425232,35.45284],[137.429352,35.453958],[137.429352,35.45284],[137.430038,35.45228],[137.425232,35.45284]]],[[[137.423859,35.45284],[137.421799,35.45228],[137.417679,35.455077],[137.416306,35.454518],[137.417679,35.453399],[137.415619,35.45284],[137.413559,35.454518],[137.417679,35.455636],[137.421112,35.453399],[137.423859,35.45284]]],[[[137.435532,35.464585],[137.441711,35.459551],[137.440338,35.456755],[137.438965,35.456196],[137.438278,35.453399],[137.429352,35.45284],[137.429352,35.453958],[137.430038,35.455077],[137.427979,35.457314],[137.426605,35.46067],[137.435532,35.464585]]]]}},{"type":"Feature","properties":{"layer_id":"bakumatsu_villages","name":"大栗村","address":"美濃 恵那郡","source":"Geoshape 幕末期近世村領域データセット vector tiles (z7 extraction)","subarea_name":"近世村のおおよその範囲","feature_key":"village:K25G21S00069","accuracy_note":"2015年農業集落境界をもとに復元した概略範囲で、江戸時代の正確な村境ではありません"},"geometry":{"type":"Polygon","coordinates":[[[137.360001,35.309522],[137.363434,35.307281],[137.36618,35.30672],[137.36618,35.305039],[137.37442,35.304479],[137.37236,35.302237],[137.371674,35.297754],[137.369614,35.296073],[137.358627,35.296633],[137.362061,35.299435],[137.362061,35.301677],[137.357254,35.303358],[137.353821,35.303358],[137.360001,35.309522]]]}},{"type":"Feature","properties":{"layer_id":"bakumatsu_villages","name":"大舟村","address":"美濃 恵那郡","source":"Geoshape 幕末期近世村領域データセット vector tiles (z7 extraction)","subarea_name":"近世村のおおよその範囲","feature_key":"village:K25G21S00067","accuracy_note":"2015年農業集落境界をもとに復元した概略範囲で、江戸時代の正確な村境ではありません"},"geometry":{"type":"Polygon","coordinates":[[[137.37236,35.32689],[137.377853,35.32521],[137.379227,35.321288],[137.37648,35.317366],[137.377167,35.311763],[137.375107,35.310082],[137.373047,35.310082],[137.371674,35.314005],[137.37236,35.315685],[137.36618,35.322409],[137.36618,35.32465],[137.37236,35.32689]]]}},{"type":"Feature","properties":{"layer_id":"bakumatsu_villages","name":"姫栗村","address":"美濃 恵那郡","source":"Geoshape 幕末期近世村領域データセット vector tiles (z7 extraction)","subarea_name":"近世村のおおよその範囲","feature_key":"village:K25G21S00046","accuracy_note":"2015年農業集落境界をもとに復元した概略範囲で、江戸時代の正確な村境ではありません"},"geometry":{"type":"MultiPolygon","coordinates":[[[[137.347641,35.512666],[137.350388,35.51099],[137.351074,35.509872],[137.353821,35.508754],[137.356567,35.509313],[137.360001,35.507636],[137.360687,35.504282],[137.358627,35.49981],[137.361374,35.490866],[137.346954,35.489188],[137.340088,35.486952],[137.335968,35.492543],[137.337341,35.49422],[137.338715,35.500928],[137.337341,35.5054],[137.335968,35.508195],[137.344894,35.507636],[137.347641,35.51099],[137.347641,35.512666]]],[[[137.353821,35.485834],[137.353821,35.48192],[137.354507,35.482479],[137.355194,35.478565],[137.356567,35.476888],[137.363434,35.478565],[137.363434,35.476888],[137.351761,35.472973],[137.336655,35.478565],[137.340088,35.483597],[137.342834,35.482479],[137.343521,35.480242],[137.346268,35.481361],[137.348328,35.485275],[137.351761,35.484156],[137.353134,35.485834],[137.353821,35.485834]]],[[[137.361374,35.490866],[137.36618,35.486393],[137.363434,35.478565],[137.356567,35.476888],[137.355194,35.478565],[137.354507,35.482479],[137.353821,35.48192],[137.353821,35.485834],[137.353134,35.485834],[137.351761,35.484156],[137.348328,35.485275],[137.346268,35.481361],[137.343521,35.480242],[137.342834,35.482479],[137.340088,35.483597],[137.340088,35.486952],[137.346954,35.489188],[137.361374,35.490866]]]]}},{"type":"Feature","properties":{"layer_id":"bakumatsu_villages","name":"安主村・土助村","address":"美濃 恵那郡","source":"Geoshape 幕末期近世村領域データセット vector tiles (z7 extraction)","subarea_name":"近世村のおおよその範囲","feature_key":"village:K25G21S00079,K25G21S00080","accuracy_note":"2015年農業集落境界をもとに復元した概略範囲で、江戸時代の正確な村境ではありません"},"geometry":{"type":"Polygon","coordinates":[[[137.364807,35.287666],[137.3703,35.284864],[137.368927,35.283743],[137.369614,35.283182],[137.375107,35.282061],[137.375793,35.28038],[137.37442,35.278698],[137.37648,35.271971],[137.37442,35.269729],[137.373047,35.263562],[137.3703,35.263001],[137.369614,35.264683],[137.365494,35.266365],[137.365494,35.271971],[137.358627,35.278698],[137.351761,35.282622],[137.351761,35.285985],[137.353134,35.286545],[137.355881,35.287106],[137.358627,35.285424],[137.364807,35.287666]]]}},{"type":"Feature","properties":{"layer_id":"bakumatsu_villages","name":"富田村","address":"美濃 恵那郡","source":"Geoshape 幕末期近世村領域データセット vector tiles (z7 extraction)","subarea_name":"近世村のおおよその範囲","feature_key":"village:K25G21S00018","accuracy_note":"2015年農業集落境界をもとに復元した概略範囲で、江戸時代の正確な村境ではありません"},"geometry":{"type":"MultiPolygon","coordinates":[[[[137.445831,35.38793],[137.453384,35.384572],[137.454758,35.382332],[137.452011,35.381773],[137.452011,35.380093],[137.449951,35.378973],[137.449265,35.377854],[137.451324,35.376174],[137.449951,35.375054],[137.447205,35.377854],[137.447891,35.378973],[137.445831,35.381773],[137.443085,35.380653],[137.440338,35.385131],[137.441025,35.38793],[137.443085,35.386251],[137.444458,35.386251],[137.445831,35.38793]]],[[[137.445831,35.381773],[137.447891,35.378973],[137.447205,35.377854],[137.449951,35.375054],[137.449265,35.374494],[137.451324,35.371695],[137.451324,35.371135],[137.453384,35.369455],[137.453384,35.368895],[137.451324,35.368895],[137.452011,35.367216],[137.449265,35.366656],[137.447205,35.364976],[137.445831,35.367776],[137.444458,35.368335],[137.446518,35.371135],[137.445831,35.374494],[137.445145,35.375054],[137.443771,35.373934],[137.438965,35.375054],[137.439651,35.376174],[137.441711,35.380653],[137.443085,35.380653],[137.445831,35.381773]]],[[[137.453384,35.381773],[137.454071,35.378973],[137.455444,35.378973],[137.456131,35.377854],[137.454071,35.376174],[137.454758,35.374494],[137.451324,35.376174],[137.449951,35.378413],[137.453384,35.381773]]],[[[137.448578,35.39017],[137.454758,35.387371],[137.458878,35.383452],[137.465744,35.374494],[137.463684,35.372815],[137.462997,35.372815],[137.460938,35.376174],[137.459564,35.373934],[137.460938,35.371135],[137.460251,35.370575],[137.458191,35.371695],[137.456818,35.371135],[137.454758,35.373375],[137.454071,35.376174],[137.456131,35.377854],[137.455444,35.378973],[137.454071,35.378973],[137.453384,35.381773],[137.454758,35.382332],[137.454071,35.383452],[137.445831,35.38793],[137.448578,35.39017]]],[[[137.460938,35.376174],[137.462997,35.372815],[137.463684,35.372815],[137.465744,35.374494],[137.467117,35.371135],[137.469177,35.369455],[137.473297,35.367216],[137.480164,35.366656],[137.48909,35.359936],[137.487717,35.356016],[137.482224,35.351536],[137.478104,35.352656],[137.47467,35.352096],[137.471924,35.354336],[137.470551,35.358256],[137.465057,35.358256],[137.460938,35.359936],[137.452011,35.360496],[137.449951,35.363856],[137.447205,35.364976],[137.449265,35.366656],[137.452011,35.367216],[137.451324,35.368895],[137.453384,35.368895],[137.453384,35.369455],[137.452011,35.370015],[137.449265,35.374494],[137.452011,35.376174],[137.454758,35.374494],[137.456818,35.371135],[137.458191,35.371695],[137.460251,35.370575],[137.460938,35.371135],[137.459564,35.373934],[137.460938,35.376174]]]]}},{"type":"Feature","properties":{"layer_id":"bakumatsu_villages","name":"小杉村","address":"美濃 恵那郡","source":"Geoshape 幕末期近世村領域データセット vector tiles (z7 extraction)","subarea_name":"近世村のおおよその範囲","feature_key":"village:K25G21S00053","accuracy_note":"2015年農業集落境界をもとに復元した概略範囲で、江戸時代の正確な村境ではありません"},"geometry":{"type":"Polygon","coordinates":[[[137.427292,35.316806],[137.432785,35.315125],[137.432785,35.311763],[137.430725,35.308401],[137.429352,35.303919],[137.424545,35.298315],[137.423172,35.301677],[137.418365,35.302237],[137.416306,35.3056],[137.417679,35.308401],[137.415619,35.311763],[137.417679,35.312884],[137.423172,35.313444],[137.427292,35.316806]]]}},{"type":"Feature","properties":{"layer_id":"bakumatsu_villages","name":"小泉村","address":"美濃 恵那郡","source":"Geoshape 幕末期近世村領域データセット vector tiles (z7 extraction)","subarea_name":"近世村のおおよその範囲","feature_key":"village:K25G21S00066","accuracy_note":"2015年農業集落境界をもとに復元した概略範囲で、江戸時代の正確な村境ではありません"},"geometry":{"type":"Polygon","coordinates":[[[137.36618,35.322409],[137.37236,35.315685],[137.371674,35.314005],[137.373047,35.309522],[137.37648,35.307841],[137.371674,35.30672],[137.368927,35.304479],[137.36618,35.305039],[137.36618,35.30672],[137.363434,35.307281],[137.360001,35.309522],[137.36618,35.311203],[137.36412,35.314565],[137.364807,35.318487],[137.363434,35.319607],[137.36618,35.322409]]]}},{"type":"Feature","properties":{"layer_id":"bakumatsu_villages","name":"小田子村","address":"美濃 恵那郡","source":"Geoshape 幕末期近世村領域データセット vector tiles (z7 extraction)","subarea_name":"近世村のおおよその範囲","feature_key":"village:K25G21S00022","accuracy_note":"2015年農業集落境界をもとに復元した概略範囲で、江戸時代の正確な村境ではありません"},"geometry":{"type":"Polygon","coordinates":[[[137.513123,35.287666],[137.517242,35.284864],[137.519989,35.278698],[137.520676,35.273653],[137.515869,35.275335],[137.512436,35.271971],[137.513809,35.269729],[137.510376,35.268047],[137.508316,35.266365],[137.505569,35.266926],[137.504883,35.263562],[137.496643,35.264683],[137.495956,35.263001],[137.498016,35.260759],[137.496643,35.259637],[137.491837,35.259637],[137.483597,35.257394],[137.47879,35.259637],[137.48085,35.262441],[137.482224,35.265244],[137.484283,35.265804],[137.485657,35.264123],[137.488403,35.265244],[137.490463,35.264123],[137.496643,35.270289],[137.500076,35.271411],[137.502823,35.276456],[137.502136,35.28038],[137.510376,35.284303],[137.513123,35.287666]]]}},{"type":"Feature","properties":{"layer_id":"bakumatsu_villages","name":"岩村","address":"美濃 恵那郡","source":"Geoshape 幕末期近世村領域データセット vector tiles (z7 extraction)","subarea_name":"近世村のおおよその範囲","feature_key":"village:K25G21S00016","accuracy_note":"2015年農業集落境界をもとに復元した概略範囲で、江戸時代の正確な村境ではありません"},"geometry":{"type":"MultiPolygon","coordinates":[[[[137.434845,35.377854],[137.439651,35.376174],[137.438278,35.373375],[137.435532,35.373934],[137.432785,35.373375],[137.433472,35.368895],[137.429352,35.367776],[137.427292,35.368335],[137.425232,35.367216],[137.421112,35.368895],[137.412872,35.367776],[137.412186,35.370575],[137.414932,35.372255],[137.416992,35.372255],[137.418365,35.371695],[137.422485,35.372815],[137.432785,35.377854],[137.434845,35.377854]]],[[[137.433472,35.368895],[137.432098,35.366096],[137.434845,35.365536],[137.433472,35.358816],[137.432098,35.357136],[137.427979,35.356016],[137.430038,35.349296],[137.427292,35.348736],[137.423859,35.349296],[137.425232,35.353216],[137.420425,35.354896],[137.421799,35.357136],[137.422485,35.360496],[137.417679,35.364976],[137.416306,35.368335],[137.421112,35.368895],[137.425232,35.367216],[137.433472,35.368895]]],[[[137.433472,35.369455],[137.436905,35.367776],[137.434845,35.368335],[137.435532,35.366656],[137.433472,35.366096],[137.432098,35.366096],[137.433472,35.369455]]],[[[137.438965,35.375054],[137.441711,35.374494],[137.442398,35.372255],[137.439651,35.371135],[137.439651,35.370015],[137.438278,35.370015],[137.438278,35.367776],[137.436905,35.367776],[137.433472,35.369455],[137.432785,35.373375],[137.435532,35.373934],[137.438278,35.373375],[137.438965,35.375054]]],[[[137.434845,35.368335],[137.436905,35.367776],[137.436905,35.366096],[137.434845,35.366656],[137.434845,35.368335]]],[[[137.436905,35.367776],[137.440338,35.366656],[137.439651,35.365536],[137.436905,35.366656],[137.436905,35.367776]]],[[[137.436905,35.366656],[137.439651,35.366096],[137.441025,35.364416],[137.439651,35.363296],[137.443771,35.356576],[137.440338,35.348176],[137.437592,35.345935],[137.434158,35.345375],[137.427292,35.347056],[137.425232,35.346495],[137.423859,35.348176],[137.423859,35.349296],[137.427292,35.348736],[137.430038,35.349296],[137.427979,35.356016],[137.432098,35.357136],[137.433472,35.358816],[137.434845,35.365536],[137.433472,35.366096],[137.436905,35.366656]]],[[[137.442398,35.372255],[137.443771,35.368895],[137.441025,35.366656],[137.438278,35.367776],[137.438278,35.370015],[137.439651,35.370015],[137.439651,35.371135],[137.442398,35.372255]]],[[[137.445145,35.375054],[137.446518,35.373934],[137.446518,35.371135],[137.444458,35.368335],[137.445831,35.367776],[137.447891,35.363856],[137.445831,35.363296],[137.441025,35.366656],[137.443771,35.369455],[137.441711,35.374494],[137.443771,35.373934],[137.445145,35.375054]]],[[[137.440338,35.366656],[137.443771,35.364976],[137.445831,35.363296],[137.447891,35.363856],[137.447205,35.364976],[137.449951,35.363856],[137.449951,35.362736],[137.452698,35.360496],[137.460938,35.359936],[137.465057,35.358256],[137.470551,35.358256],[137.471924,35.354336],[137.473297,35.353216],[137.469177,35.351536],[137.465057,35.350976],[137.459564,35.347616],[137.456818,35.347056],[137.453384,35.347616],[137.452698,35.345375],[137.449265,35.344255],[137.448578,35.343135],[137.447205,35.343135],[137.444458,35.346495],[137.438965,35.347056],[137.443771,35.355456],[137.439651,35.363296],[137.441025,35.364416],[137.439651,35.365536],[137.440338,35.366656]]]]}},{"type":"Feature","properties":{"layer_id":"bakumatsu_villages","name":"嶺山村","address":"美濃 恵那郡","source":"Geoshape 幕末期近世村領域データセット vector tiles (z7 extraction)","subarea_name":"近世村のおおよその範囲","feature_key":"village:K25G21S00052","accuracy_note":"2015年農業集落境界をもとに復元した概略範囲で、江戸時代の正確な村境ではありません"},"geometry":{"type":"Polygon","coordinates":[[[137.453384,35.334733],[137.458191,35.330252],[137.458878,35.328011],[137.462997,35.321288],[137.463684,35.318487],[137.460251,35.315125],[137.460938,35.314005],[137.458878,35.312324],[137.458878,35.309522],[137.456131,35.3056],[137.449951,35.30616],[137.447205,35.303919],[137.444458,35.303919],[137.436905,35.30616],[137.432785,35.311203],[137.433472,35.320728],[137.435532,35.321288],[137.435532,35.322969],[137.431412,35.32577],[137.438965,35.328011],[137.447205,35.328011],[137.450638,35.327451],[137.449951,35.331932],[137.452011,35.334733],[137.453384,35.334733]]]}},{"type":"Feature","properties":{"layer_id":"bakumatsu_villages","name":"川合村","address":"美濃 加茂郡","source":"Geoshape 幕末期近世村領域データセット vector tiles (z7 extraction)","subarea_name":"近世村のおおよその範囲","feature_key":"village:K25G18S00079","accuracy_note":"2015年農業集落境界をもとに復元した概略範囲で、江戸時代の正確な村境ではありません"},"geometry":{"type":"MultiPolygon","coordinates":[[[[137.324295,35.501487],[137.323608,35.494779],[137.325668,35.491425],[137.316055,35.489188],[137.311935,35.489747],[137.309875,35.488629],[137.311249,35.498133],[137.313995,35.49981],[137.324295,35.501487]]],[[[137.322922,35.484156],[137.328415,35.478006],[137.328415,35.477447],[137.320175,35.477447],[137.317429,35.475769],[137.309189,35.477447],[137.309875,35.483597],[137.317429,35.483038],[137.322922,35.484156]]],[[[137.325668,35.491425],[137.326355,35.488629],[137.329788,35.485834],[137.331161,35.483038],[137.338715,35.48192],[137.336655,35.478565],[137.333221,35.479124],[137.328415,35.477447],[137.322922,35.484156],[137.317429,35.483038],[137.309875,35.483597],[137.310562,35.486393],[137.309875,35.488629],[137.311935,35.489747],[137.316055,35.489188],[137.325668,35.491425]]],[[[137.309189,35.477447],[137.317429,35.475769],[137.311935,35.470177],[137.310562,35.466263],[137.306442,35.464026],[137.302322,35.462907],[137.299576,35.462348],[137.298889,35.463466],[137.298889,35.466263],[137.303696,35.472973],[137.309189,35.477447]]],[[[137.335968,35.508195],[137.337341,35.5054],[137.338715,35.500928],[137.337341,35.49422],[137.335968,35.492543],[137.340088,35.486393],[137.340088,35.483597],[137.338715,35.48192],[137.331161,35.483038],[137.329788,35.485834],[137.326355,35.488629],[137.323608,35.494779],[137.324295,35.501487],[137.333221,35.5054],[137.335968,35.508195]]]]}},{"type":"Feature","properties":{"layer_id":"bakumatsu_villages","name":"才坂村","address":"美濃 恵那郡","source":"Geoshape 幕末期近世村領域データセット vector tiles (z7 extraction)","subarea_name":"近世村のおおよその範囲","feature_key":"village:K25G21S00081","accuracy_note":"2015年農業集落境界をもとに復元した概略範囲で、江戸時代の正確な村境ではありません"},"geometry":{"type":"Polygon","coordinates":[[[137.351761,35.282622],[137.358627,35.278698],[137.36618,35.271411],[137.365494,35.266365],[137.362747,35.265804],[137.359314,35.263562],[137.352448,35.267486],[137.352448,35.269729],[137.351074,35.271411],[137.350388,35.273653],[137.353134,35.277016],[137.351761,35.279259],[137.353821,35.28094],[137.351761,35.282622]]]}},{"type":"Feature","properties":{"layer_id":"bakumatsu_villages","name":"明知村","address":"美濃 恵那郡","source":"Geoshape 幕末期近世村領域データセット vector tiles (z7 extraction)","subarea_name":"近世村のおおよその範囲","feature_key":"village:K25G21S00048","accuracy_note":"2015年農業集落境界をもとに復元した概略範囲で、江戸時代の正確な村境ではありません"},"geometry":{"type":"MultiPolygon","coordinates":[[[[137.375107,35.307281],[137.37854,35.3056],[137.386093,35.303919],[137.385406,35.299996],[137.381973,35.298875],[137.381287,35.301117],[137.379913,35.303358],[137.373734,35.305039],[137.369614,35.305039],[137.371674,35.30672],[137.375107,35.307281]]],[[[137.387466,35.307841],[137.389526,35.307281],[137.38884,35.30616],[137.387466,35.30616],[137.387466,35.305039],[137.386093,35.305039],[137.38678,35.304479],[137.385406,35.303919],[137.37648,35.30616],[137.375107,35.307281],[137.37648,35.307841],[137.373047,35.310082],[137.379913,35.311763],[137.38472,35.310643],[137.386093,35.310082],[137.385406,35.308962],[137.387466,35.308401],[137.387466,35.307841]]],[[[137.387466,35.308401],[137.385406,35.308962],[137.386093,35.310082],[137.38472,35.310643],[137.377167,35.312324],[137.37648,35.317366],[137.379227,35.321288],[137.383347,35.319607],[137.38472,35.320168],[137.385406,35.318487],[137.390213,35.315685],[137.3909,35.315685],[137.391586,35.314005],[137.390213,35.309522],[137.388153,35.309522],[137.387466,35.308401]]],[[[137.389526,35.30616],[137.387466,35.302237],[137.388153,35.300556],[137.385406,35.299996],[137.386093,35.305039],[137.387466,35.305039],[137.387466,35.30616],[137.389526,35.30616]]],[[[137.391586,35.310082],[137.391586,35.308401],[137.390213,35.307281],[137.387466,35.307841],[137.388153,35.309522],[137.391586,35.310082]]],[[[137.392273,35.308401],[137.391586,35.30672],[137.389526,35.30616],[137.389526,35.307281],[137.392273,35.308401]]],[[[137.391586,35.30672],[137.3909,35.303358],[137.38884,35.303919],[137.389526,35.30616],[137.391586,35.30672]]],[[[137.38884,35.303919],[137.3909,35.303358],[137.390213,35.301677],[137.392273,35.301677],[137.3909,35.299435],[137.388153,35.300556],[137.387466,35.302237],[137.38884,35.303919]]],[[[137.401199,35.316806],[137.401199,35.315125],[137.399139,35.313444],[137.410126,35.311203],[137.403946,35.308401],[137.399826,35.303919],[137.397079,35.303919],[137.39296,35.302237],[137.3909,35.304479],[137.392273,35.308401],[137.391586,35.310082],[137.390213,35.309522],[137.391586,35.314005],[137.3909,35.315685],[137.39296,35.316806],[137.397766,35.315685],[137.399826,35.316806],[137.401199,35.316806]]],[[[137.414932,35.312324],[137.409439,35.30672],[137.410812,35.302798],[137.408752,35.301117],[137.407379,35.297754],[137.411499,35.291029],[137.410812,35.287106],[137.408752,35.283743],[137.406693,35.284303],[137.402573,35.282622],[137.402573,35.279819],[137.401199,35.278137],[137.401886,35.275895],[137.398453,35.278137],[137.395706,35.282061],[137.398453,35.282622],[137.397766,35.283743],[137.394333,35.284864],[137.39296,35.286545],[137.381287,35.288227],[137.38266,35.285424],[137.381973,35.282622],[137.377167,35.286545],[137.377853,35.288787],[137.375793,35.290469],[137.37854,35.295513],[137.383347,35.299435],[137.384033,35.299435],[137.386093,35.300556],[137.388153,35.300556],[137.3909,35.299435],[137.392273,35.301677],[137.390213,35.301677],[137.3909,35.304479],[137.39296,35.302237],[137.397079,35.303919],[137.399826,35.303919],[137.401886,35.30672],[137.406006,35.309522],[137.414246,35.312324],[137.414932,35.312324]]]]}},{"type":"Feature","properties":{"layer_id":"bakumatsu_villages","name":"杉平村","address":"美濃 恵那郡","source":"Geoshape 幕末期近世村領域データセット vector tiles (z7 extraction)","subarea_name":"近世村のおおよその範囲","feature_key":"village:K25G21S00056","accuracy_note":"2015年農業集落境界をもとに復元した概略範囲で、江戸時代の正確な村境ではありません"},"geometry":{"type":"Polygon","coordinates":[[[137.397079,35.329691],[137.404633,35.32689],[137.406693,35.32689],[137.408752,35.328011],[137.410126,35.32633],[137.404633,35.321848],[137.403259,35.317927],[137.401886,35.316806],[137.399139,35.316806],[137.397766,35.315685],[137.39296,35.316806],[137.391586,35.321848],[137.392273,35.32689],[137.393646,35.329131],[137.397079,35.329691]]]}},{"type":"Feature","properties":{"layer_id":"bakumatsu_villages","name":"東野村","address":"美濃 恵那郡","source":"Geoshape 幕末期近世村領域データセット vector tiles (z7 extraction)","subarea_name":"近世村のおおよその範囲","feature_key":"village:K25G21S00034","accuracy_note":"2015年農業集落境界をもとに復元した概略範囲で、江戸時代の正確な村境ではありません"},"geometry":{"type":"MultiPolygon","coordinates":[[[[137.429352,35.450602],[137.433472,35.449484],[137.432098,35.447246],[137.426605,35.445568],[137.421799,35.446687],[137.420425,35.449484],[137.421112,35.450043],[137.425232,35.449484],[137.429352,35.450602]]],[[[137.421799,35.446687],[137.426605,35.445568],[137.426605,35.44333],[137.424545,35.442212],[137.423859,35.44333],[137.420425,35.44333],[137.420425,35.444449],[137.421799,35.446687]]],[[[137.432785,35.446687],[137.430725,35.442212],[137.427292,35.442212],[137.426605,35.44333],[137.426605,35.445568],[137.432785,35.446687]]],[[[137.438278,35.447246],[137.444458,35.445009],[137.441025,35.44389],[137.440338,35.442212],[137.438965,35.442212],[137.438278,35.441093],[137.435532,35.442212],[137.430725,35.442212],[137.432785,35.446687],[137.438278,35.447246]]],[[[137.423859,35.44333],[137.424545,35.442212],[137.426605,35.44333],[137.426605,35.438855],[137.425919,35.438855],[137.420425,35.441093],[137.420425,35.44333],[137.423859,35.44333]]],[[[137.419052,35.438855],[137.423172,35.435498],[137.424545,35.437177],[137.427292,35.436058],[137.425919,35.431582],[137.427292,35.428225],[137.430038,35.427666],[137.430725,35.427106],[137.430038,35.424308],[137.430725,35.420392],[137.427292,35.419272],[137.425919,35.419832],[137.421112,35.423749],[137.421799,35.428785],[137.419052,35.431582],[137.416992,35.434939],[137.416992,35.439414],[137.419052,35.438855]]],[[[137.429352,35.442771],[137.435532,35.442212],[137.435532,35.439974],[137.431412,35.438296],[137.426605,35.438855],[137.427292,35.442212],[137.429352,35.442771]]],[[[137.443771,35.442771],[137.443085,35.431023],[137.439651,35.43326],[137.431412,35.438296],[137.435532,35.439974],[137.435532,35.442212],[137.438278,35.441093],[137.438965,35.442212],[137.443771,35.442771]]],[[[137.420425,35.441093],[137.425919,35.438855],[137.431412,35.438296],[137.441711,35.432141],[137.451324,35.423749],[137.443771,35.42263],[137.443085,35.421511],[137.439651,35.421511],[137.436905,35.419832],[137.434845,35.419832],[137.430038,35.42207],[137.430725,35.427106],[137.430038,35.427666],[137.427292,35.428225],[137.425919,35.431582],[137.427292,35.436058],[137.424545,35.437177],[137.423172,35.435498],[137.420425,35.437736],[137.419052,35.439414],[137.420425,35.441093]]],[[[137.440338,35.456755],[137.443085,35.453399],[137.445831,35.453399],[137.452698,35.448924],[137.456818,35.445009],[137.444458,35.445009],[137.438278,35.447246],[137.432098,35.447246],[137.433472,35.449484],[137.438278,35.448924],[137.438965,35.456196],[137.440338,35.456755]]],[[[137.458191,35.445568],[137.462311,35.439974],[137.470551,35.441093],[137.473297,35.439974],[137.47879,35.439974],[137.482224,35.442212],[137.496643,35.440533],[137.49733,35.441093],[137.500076,35.441093],[137.500076,35.439974],[137.502136,35.439414],[137.502136,35.438855],[137.493896,35.431023],[137.48909,35.430463],[137.486343,35.428225],[137.483597,35.427666],[137.47673,35.428225],[137.470551,35.426546],[137.461624,35.426546],[137.458878,35.424308],[137.455444,35.424868],[137.453384,35.423749],[137.451324,35.423749],[137.443085,35.431023],[137.443771,35.442771],[137.440338,35.442212],[137.441025,35.44389],[137.456818,35.444449],[137.458191,35.445568]]]]}},{"type":"Feature","properties":{"layer_id":"bakumatsu_villages","name":"柏尾村・岩竹村","address":"美濃 恵那郡","source":"Geoshape 幕末期近世村領域データセット vector tiles (z7 extraction)","subarea_name":"近世村のおおよその範囲","feature_key":"village:K25G21S00077,K25G21S00078","accuracy_note":"2015年農業集落境界をもとに復元した概略範囲で、江戸時代の正確な村境ではありません"},"geometry":{"type":"Polygon","coordinates":[[[137.381287,35.288227],[137.3909,35.287106],[137.394333,35.284864],[137.397079,35.284303],[137.398453,35.282622],[137.395706,35.282061],[137.397079,35.28094],[137.392273,35.278698],[137.38884,35.274774],[137.381973,35.273653],[137.379227,35.27085],[137.377167,35.270289],[137.375107,35.27085],[137.37648,35.271971],[137.37442,35.278698],[137.375793,35.28038],[137.375793,35.282061],[137.368927,35.283743],[137.3703,35.284864],[137.37236,35.284303],[137.377167,35.286545],[137.381973,35.282622],[137.38266,35.285424],[137.381287,35.288227]]]}},{"type":"Feature","properties":{"layer_id":"bakumatsu_villages","name":"椋実村","address":"美濃 恵那郡","source":"Geoshape 幕末期近世村領域データセット vector tiles (z7 extraction)","subarea_name":"近世村のおおよその範囲","feature_key":"village:K25G21S00025","accuracy_note":"2015年農業集落境界をもとに復元した概略範囲で、江戸時代の正確な村境ではありません"},"geometry":{"type":"Polygon","coordinates":[[[137.362061,35.394088],[137.36412,35.393528],[137.367554,35.39017],[137.365494,35.38793],[137.365494,35.386811],[137.36412,35.385691],[137.36618,35.380653],[137.354507,35.369455],[137.351761,35.369455],[137.350388,35.371135],[137.349014,35.371135],[137.344894,35.368335],[137.343521,35.368335],[137.339401,35.366096],[137.335968,35.366656],[137.335968,35.368335],[137.333908,35.368895],[137.330475,35.367776],[137.324982,35.368335],[137.333908,35.376174],[137.333908,35.379533],[137.335281,35.380093],[137.337341,35.380093],[137.340775,35.382892],[137.340088,35.385691],[137.341461,35.38793],[137.342148,35.392409],[137.356567,35.394088],[137.362061,35.394088]]]}},{"type":"Feature","properties":{"layer_id":"bakumatsu_villages","name":"正家村","address":"美濃 恵那郡","source":"Geoshape 幕末期近世村領域データセット vector tiles (z7 extraction)","subarea_name":"近世村のおおよその範囲","feature_key":"village:K25G21S00006","accuracy_note":"2015年農業集落境界をもとに復元した概略範囲で、江戸時代の正確な村境ではありません"},"geometry":{"type":"MultiPolygon","coordinates":[[[[137.409439,35.441093],[137.410812,35.438296],[137.409439,35.436617],[137.409439,35.432701],[137.410812,35.432701],[137.410126,35.428785],[137.413559,35.424868],[137.412186,35.417034],[137.412872,35.413677],[137.416992,35.405282],[137.412186,35.404722],[137.410126,35.403603],[137.407379,35.403603],[137.405319,35.405282],[137.401886,35.404722],[137.400513,35.412557],[137.402573,35.420392],[137.399826,35.425987],[137.405319,35.429344],[137.407379,35.432701],[137.406006,35.436058],[137.409439,35.441093]]],[[[137.438278,35.453399],[137.437592,35.448924],[137.436218,35.448365],[137.429352,35.450602],[137.425232,35.449484],[137.421112,35.450043],[137.421799,35.446687],[137.420425,35.444449],[137.420425,35.441652],[137.419052,35.438855],[137.416992,35.439414],[137.416992,35.438296],[137.419052,35.431582],[137.421799,35.428785],[137.421112,35.423749],[137.425919,35.419832],[137.427292,35.419272],[137.430725,35.420392],[137.432098,35.418153],[137.433472,35.419272],[137.435532,35.416475],[137.433472,35.416475],[137.432785,35.414796],[137.431412,35.413117],[137.426605,35.413117],[137.423172,35.409759],[137.418365,35.40864],[137.416992,35.405282],[137.412186,35.416475],[137.413559,35.425427],[137.410126,35.428785],[137.410812,35.432701],[137.409439,35.432701],[137.409439,35.436617],[137.410812,35.438296],[137.409439,35.441093],[137.410812,35.441093],[137.411499,35.445009],[137.413559,35.446127],[137.410126,35.451721],[137.419739,35.451162],[137.419739,35.450043],[137.421799,35.451721],[137.423859,35.451162],[137.423172,35.45228],[137.424545,35.45284],[137.430038,35.45228],[137.430038,35.453399],[137.438278,35.453399]]]]}},{"type":"Feature","properties":{"layer_id":"bakumatsu_villages","name":"毛呂窪村","address":"美濃 恵那郡","source":"Geoshape 幕末期近世村領域データセット vector tiles (z7 extraction)","subarea_name":"近世村のおおよその範囲","feature_key":"village:K25G21S00045","accuracy_note":"2015年農業集落境界をもとに復元した概略範囲で、江戸時代の正確な村境ではありません"},"geometry":{"type":"MultiPolygon","coordinates":[[[[137.360001,35.497015],[137.373734,35.49422],[137.383347,35.48807],[137.381973,35.486393],[137.375793,35.486393],[137.371674,35.489188],[137.36618,35.486393],[137.360687,35.491425],[137.360001,35.497015]]],[[[137.360001,35.507636],[137.361374,35.505959],[137.364807,35.5054],[137.373734,35.501487],[137.392273,35.495338],[137.389526,35.491984],[137.389526,35.489747],[137.388153,35.488629],[137.38472,35.48807],[137.379913,35.490306],[137.375793,35.493102],[137.373734,35.49422],[137.360001,35.497015],[137.358627,35.49981],[137.360687,35.504282],[137.360001,35.507636]]],[[[137.386093,35.508754],[137.391586,35.508195],[137.39502,35.501487],[137.394333,35.498133],[137.392273,35.496456],[137.392273,35.495338],[137.373734,35.501487],[137.367554,35.504841],[137.37648,35.507636],[137.381973,35.506518],[137.386093,35.508754]]],[[[137.383347,35.479683],[137.363434,35.476888],[137.36412,35.481361],[137.36618,35.486393],[137.371674,35.489188],[137.375107,35.486952],[137.381973,35.486393],[137.3806,35.483597],[137.381287,35.481361],[137.383347,35.479683]]],[[[137.389526,35.489747],[137.39296,35.48807],[137.392273,35.481361],[137.384033,35.479683],[137.3806,35.482479],[137.3806,35.483597],[137.383347,35.48807],[137.38678,35.48807],[137.389526,35.489747]]]]}},{"type":"Feature","properties":{"layer_id":"bakumatsu_villages","name":"永田村","address":"美濃 恵那郡","source":"Geoshape 幕末期近世村領域データセット vector tiles (z7 extraction)","subarea_name":"近世村のおおよその範囲","feature_key":"village:K25G21S00029","accuracy_note":"2015年農業集落境界をもとに復元した概略範囲で、江戸時代の正確な村境ではありません"},"geometry":{"type":"Polygon","coordinates":[[[137.399826,35.451162],[137.401886,35.448924],[137.403259,35.449484],[137.404633,35.446687],[137.409439,35.441093],[137.406006,35.436058],[137.407379,35.432701],[137.405319,35.429344],[137.399826,35.425987],[137.39502,35.428785],[137.39502,35.432701],[137.392273,35.43326],[137.38884,35.431582],[137.387466,35.432701],[137.383347,35.43326],[137.38266,35.434939],[137.385406,35.436058],[137.3909,35.439974],[137.39296,35.447246],[137.395706,35.449484],[137.39502,35.450043],[137.399826,35.451162]]]}},{"type":"Feature","properties":{"layer_id":"bakumatsu_villages","name":"沢中村","address":"美濃 恵那郡","source":"Geoshape 幕末期近世村領域データセット vector tiles (z7 extraction)","subarea_name":"近世村のおおよその範囲","feature_key":"village:K25G21S00023","accuracy_note":"2015年農業集落境界をもとに復元した概略範囲で、江戸時代の正確な村境ではありません"},"geometry":{"type":"Polygon","coordinates":[[[137.432785,35.311763],[137.436218,35.30672],[137.438965,35.305039],[137.445831,35.303919],[137.447891,35.303919],[137.449951,35.30616],[137.456131,35.3056],[137.457504,35.302237],[137.456818,35.299996],[137.452011,35.298875],[137.451324,35.296073],[137.449265,35.295513],[137.445145,35.295513],[137.441025,35.296633],[137.435532,35.294952],[137.431412,35.29215],[137.427979,35.294392],[137.424545,35.298315],[137.428665,35.302237],[137.430038,35.305039],[137.430725,35.308401],[137.432785,35.311763]]]}},{"type":"Feature","properties":{"layer_id":"bakumatsu_villages","name":"漆原村","address":"美濃 恵那郡","source":"Geoshape 幕末期近世村領域データセット vector tiles (z7 extraction)","subarea_name":"近世村のおおよその範囲","feature_key":"village:K25G21S00020","accuracy_note":"2015年農業集落境界をもとに復元した概略範囲で、江戸時代の正確な村境ではありません"},"geometry":{"type":"Polygon","coordinates":[[[137.462997,35.318487],[137.465057,35.316806],[137.466431,35.317366],[137.467804,35.316246],[137.468491,35.314565],[137.471237,35.313444],[137.471237,35.310643],[137.473297,35.307841],[137.485657,35.302237],[137.48703,35.300556],[137.48909,35.299435],[137.490463,35.295513],[137.49527,35.289908],[137.49733,35.291029],[137.500763,35.291029],[137.50351,35.290469],[137.504883,35.288787],[137.509689,35.289908],[137.513123,35.287666],[137.510376,35.284303],[137.502136,35.28038],[137.502136,35.275895],[137.500763,35.275895],[137.492523,35.284303],[137.48909,35.285985],[137.482224,35.284303],[137.48085,35.282061],[137.473984,35.279259],[137.469864,35.279819],[137.470551,35.281501],[137.468491,35.282061],[137.466431,35.28038],[137.460938,35.277577],[137.454758,35.275895],[137.454758,35.277577],[137.457504,35.281501],[137.456131,35.282622],[137.458191,35.285424],[137.460251,35.285985],[137.460251,35.288227],[137.457504,35.291589],[137.456131,35.291589],[137.455444,35.29215],[137.455444,35.294392],[137.458191,35.296633],[137.456818,35.299996],[137.457504,35.302237],[137.456131,35.3056],[137.458878,35.309522],[137.458878,35.312324],[137.460938,35.314005],[137.460251,35.315125],[137.462997,35.318487]]]}},{"type":"Feature","properties":{"layer_id":"bakumatsu_villages","name":"田代村","address":"美濃 恵那郡","source":"Geoshape 幕末期近世村領域データセット vector tiles (z7 extraction)","subarea_name":"近世村のおおよその範囲","feature_key":"village:K25G21S00063","accuracy_note":"2015年農業集落境界をもとに復元した概略範囲で、江戸時代の正確な村境ではありません"},"geometry":{"type":"Polygon","coordinates":[[[137.333908,35.368895],[137.335968,35.368335],[137.336655,35.366656],[137.333221,35.366656],[137.333221,35.365536],[137.333908,35.364976],[137.333221,35.362176],[137.334595,35.359376],[137.332535,35.356576],[137.337341,35.349296],[137.337341,35.345935],[137.336655,35.342575],[137.341461,35.338654],[137.342834,35.335853],[137.338715,35.333613],[137.333221,35.334733],[137.331161,35.333053],[137.329788,35.334173],[137.328415,35.332492],[137.320862,35.331372],[137.314682,35.333053],[137.313309,35.331372],[137.309189,35.329131],[137.307816,35.32633],[137.305069,35.32633],[137.303696,35.328571],[137.300262,35.328571],[137.296829,35.32633],[137.295456,35.328571],[137.297516,35.329691],[137.298203,35.333613],[137.300262,35.334733],[137.299576,35.336414],[137.303009,35.340334],[137.303696,35.340334],[137.305069,35.341455],[137.305069,35.342575],[137.307816,35.344255],[137.309875,35.349296],[137.313309,35.352096],[137.321548,35.353216],[137.324295,35.356576],[137.321548,35.361616],[137.324295,35.364416],[137.324982,35.367776],[137.330475,35.367776],[137.333908,35.368895]]]}},{"type":"Feature","properties":{"layer_id":"bakumatsu_villages","name":"田津原村・牛地村","address":"三河 加茂郡","source":"Geoshape 幕末期近世村領域データセット vector tiles (z7 extraction)","subarea_name":"近世村のおおよその範囲","feature_key":"village:K23G04S00208,K23G04S00209","accuracy_note":"2015年農業集落境界をもとに復元した概略範囲で、江戸時代の正確な村境ではありません"},"geometry":{"type":"Polygon","coordinates":[[[137.462311,35.241694],[137.465744,35.23945],[137.465057,35.235525],[137.467804,35.234403],[137.469177,35.227672],[137.471237,35.226551],[137.471237,35.223185],[137.466431,35.215332],[137.467804,35.213649],[137.465057,35.213649],[137.460251,35.216454],[137.453384,35.21421],[137.451324,35.215332],[137.451324,35.21421],[137.448578,35.213088],[137.451324,35.209722],[137.450638,35.208039],[137.446518,35.208039],[137.446518,35.206355],[137.442398,35.205233],[137.442398,35.206355],[137.439651,35.205794],[137.436218,35.207478],[137.436218,35.205794],[137.437592,35.204111],[137.434845,35.201867],[137.434845,35.199623],[137.430725,35.201867],[137.434158,35.2086],[137.432098,35.210283],[137.430725,35.210283],[137.432098,35.213649],[137.430038,35.21421],[137.427292,35.212527],[137.425919,35.21421],[137.421112,35.213649],[137.421799,35.215332],[137.419739,35.216454],[137.417679,35.22599],[137.422485,35.224307],[137.426605,35.22599],[137.428665,35.223185],[137.434158,35.224307],[137.436218,35.226551],[137.437592,35.229916],[137.441025,35.230477],[137.441711,35.233842],[137.449951,35.235525],[137.452698,35.240572],[137.457504,35.240011],[137.460251,35.240572],[137.462311,35.241694]]]}},{"type":"Feature","properties":{"layer_id":"bakumatsu_villages","name":"田良子村","address":"美濃 恵那郡","source":"Geoshape 幕末期近世村領域データセット vector tiles (z7 extraction)","subarea_name":"近世村のおおよその範囲","feature_key":"village:K25G21S00070","accuracy_note":"2015年農業集落境界をもとに復元した概略範囲で、江戸時代の正確な村境ではありません"},"geometry":{"type":"MultiPolygon","coordinates":[[[[137.353821,35.303358],[137.360001,35.302798],[137.362061,35.299996],[137.361374,35.298875],[137.357254,35.295513],[137.354507,35.290469],[137.353134,35.286545],[137.351761,35.285985],[137.351761,35.282622],[137.344894,35.284303],[137.344208,35.285985],[137.338715,35.289348],[137.341461,35.294952],[137.342148,35.299996],[137.341461,35.302798],[137.346268,35.301677],[137.349701,35.303358],[137.353821,35.303358]]],[[[137.358627,35.296633],[137.361374,35.296073],[137.36824,35.296073],[137.37442,35.293831],[137.37854,35.295513],[137.375793,35.290469],[137.377853,35.288787],[137.377167,35.286545],[137.37236,35.284303],[137.364807,35.287666],[137.358627,35.285424],[137.355881,35.287106],[137.353134,35.286545],[137.354507,35.290469],[137.358627,35.296633]]]]}},{"type":"Feature","properties":{"layer_id":"bakumatsu_villages","name":"竹折村","address":"美濃 恵那郡","source":"Geoshape 幕末期近世村領域データセット vector tiles (z7 extraction)","subarea_name":"近世村のおおよその範囲","feature_key":"village:K25G21S00031","accuracy_note":"2015年農業集落境界をもとに復元した概略範囲で、江戸時代の正確な村境ではありません"},"geometry":{"type":"MultiPolygon","coordinates":[[[[137.340088,35.439414],[137.340088,35.43326],[137.346954,35.424308],[137.346268,35.42207],[137.342148,35.423189],[137.334595,35.427666],[137.331848,35.427666],[137.335968,35.432141],[137.331848,35.438855],[137.340088,35.439414]]],[[[137.345581,35.442212],[137.349014,35.439414],[137.351074,35.434939],[137.350388,35.43382],[137.361374,35.42207],[137.355194,35.420392],[137.351761,35.418153],[137.350388,35.419832],[137.346268,35.42207],[137.346954,35.424868],[137.342834,35.431023],[137.340775,35.432141],[137.339401,35.436617],[137.340088,35.439974],[137.345581,35.442212]]],[[[137.357254,35.447246],[137.36412,35.445568],[137.360687,35.44333],[137.358627,35.439974],[137.360687,35.432701],[137.357254,35.427106],[137.350388,35.43382],[137.351074,35.434939],[137.349701,35.438296],[137.345581,35.442212],[137.344208,35.445568],[137.344894,35.446687],[137.349701,35.447246],[137.353134,35.445568],[137.357254,35.447246]]],[[[137.377853,35.450043],[137.37854,35.448365],[137.37648,35.446687],[137.377853,35.44389],[137.375793,35.437736],[137.377853,35.438296],[137.379913,35.435498],[137.381287,35.436058],[137.38266,35.434939],[137.379227,35.432701],[137.377853,35.43326],[137.373734,35.432701],[137.37236,35.431023],[137.3703,35.431582],[137.3703,35.429904],[137.365494,35.428785],[137.363434,35.42263],[137.361374,35.42207],[137.357254,35.427106],[137.360687,35.432701],[137.358627,35.439974],[137.360687,35.44333],[137.364807,35.445568],[137.365494,35.447246],[137.371674,35.448365],[137.375107,35.450043],[137.377853,35.450043]]]]}},{"type":"Feature","properties":{"layer_id":"bakumatsu_villages","name":"藤村","address":"美濃 恵那郡","source":"Geoshape 幕末期近世村領域データセット vector tiles (z7 extraction)","subarea_name":"近世村のおおよその範囲","feature_key":"village:K25G21S00035","accuracy_note":"2015年農業集落境界をもとに復元した概略範囲で、江戸時代の正確な村境ではありません"},"geometry":{"type":"MultiPolygon","coordinates":[[[[137.333221,35.479124],[137.336655,35.478565],[137.334595,35.465703],[137.327042,35.461789],[137.323608,35.462348],[137.322235,35.461229],[137.318802,35.46067],[137.317429,35.461229],[137.316055,35.459551],[137.308502,35.465144],[137.310562,35.466263],[137.311935,35.470177],[137.318115,35.476888],[137.322235,35.477447],[137.328415,35.477447],[137.333221,35.479124]]],[[[137.308502,35.465144],[137.316055,35.458433],[137.320175,35.456196],[137.320862,35.453958],[137.317429,35.44333],[137.312622,35.441652],[137.307129,35.445009],[137.306442,35.447805],[137.303696,35.447805],[137.301636,35.450043],[137.299576,35.450602],[137.300262,35.453399],[137.299576,35.458433],[137.295456,35.461229],[137.305069,35.463466],[137.308502,35.465144]]],[[[137.323608,35.462348],[137.327042,35.461789],[137.328415,35.458992],[137.327042,35.453399],[137.328415,35.450043],[137.329102,35.44333],[137.325668,35.444449],[137.317429,35.44333],[137.320862,35.454518],[137.320175,35.456196],[137.316055,35.459551],[137.317429,35.461229],[137.318802,35.46067],[137.322235,35.461229],[137.323608,35.462348]]],[[[137.334595,35.465703],[137.338028,35.462348],[137.338715,35.458433],[137.341461,35.456196],[137.344208,35.455636],[137.346954,35.448924],[137.349701,35.447246],[137.344208,35.446127],[137.344208,35.444449],[137.345581,35.44333],[137.345581,35.441652],[137.340088,35.439414],[137.331848,35.438855],[137.331848,35.441093],[137.329102,35.44333],[137.328415,35.450043],[137.327042,35.453399],[137.328415,35.458992],[137.327042,35.461789],[137.334595,35.465703]]]]}},{"type":"Feature","properties":{"layer_id":"bakumatsu_villages","name":"野井村","address":"美濃 恵那郡","source":"Geoshape 幕末期近世村領域データセット vector tiles (z7 extraction)","subarea_name":"近世村のおおよその範囲","feature_key":"village:K25G21S00030","accuracy_note":"2015年農業集落境界をもとに復元した概略範囲で、江戸時代の正確な村境ではありません"},"geometry":{"type":"MultiPolygon","coordinates":[[[[137.363434,35.424868],[137.36618,35.423749],[137.37236,35.423189],[137.375107,35.420951],[137.37648,35.421511],[137.377167,35.419832],[137.379913,35.420392],[137.381287,35.419272],[137.381287,35.417594],[137.383347,35.417034],[137.383347,35.413677],[137.3806,35.4092],[137.383347,35.398566],[137.377853,35.399685],[137.37442,35.409759],[137.3703,35.413677],[137.369614,35.415355],[137.363434,35.418153],[137.360001,35.42207],[137.363434,35.42263],[137.363434,35.424868]]],[[[137.38266,35.434939],[137.383347,35.43326],[137.387466,35.432701],[137.387466,35.432141],[137.385406,35.425427],[137.386093,35.42263],[137.381973,35.419832],[137.379913,35.420392],[137.377167,35.419832],[137.37648,35.421511],[137.375107,35.420951],[137.37236,35.423189],[137.36618,35.423749],[137.363434,35.424868],[137.365494,35.428785],[137.3703,35.429904],[137.3703,35.431582],[137.37236,35.431023],[137.373734,35.432701],[137.377853,35.43326],[137.379227,35.432701],[137.38266,35.434939]]],[[[137.392273,35.43326],[137.39502,35.432701],[137.39502,35.428785],[137.399826,35.425987],[137.402573,35.42263],[137.403259,35.418713],[137.39502,35.423189],[137.391586,35.427666],[137.390213,35.432141],[137.392273,35.43326]]],[[[137.38678,35.423189],[137.387466,35.42263],[137.38678,35.42207],[137.389526,35.415915],[137.38884,35.413117],[137.391586,35.409759],[137.390213,35.402484],[137.3909,35.397446],[137.386093,35.396887],[137.383347,35.398566],[137.3806,35.4092],[137.383347,35.413677],[137.383347,35.417034],[137.381287,35.417594],[137.381287,35.419272],[137.38678,35.423189]]],[[[137.387466,35.432701],[137.38884,35.431582],[137.390213,35.432141],[137.391586,35.427666],[137.39502,35.423189],[137.403259,35.418713],[137.400513,35.413677],[137.401886,35.404722],[137.399826,35.403603],[137.395706,35.396887],[137.394333,35.396327],[137.394333,35.394088],[137.3909,35.397446],[137.390213,35.402484],[137.391586,35.409759],[137.38884,35.413117],[137.389526,35.415915],[137.38678,35.42207],[137.387466,35.42263],[137.386093,35.42263],[137.385406,35.424308],[137.387466,35.432701]]]]}},{"type":"Feature","properties":{"layer_id":"bakumatsu_villages","name":"野志村","address":"美濃 恵那郡","source":"Geoshape 幕末期近世村領域データセット vector tiles (z7 extraction)","subarea_name":"近世村のおおよその範囲","feature_key":"village:K25G21S00057","accuracy_note":"2015年農業集落境界をもとに復元した概略範囲で、江戸時代の正確な村境ではありません"},"geometry":{"type":"Polygon","coordinates":[[[137.38266,35.333613],[137.39296,35.332492],[137.395706,35.330812],[137.39502,35.330252],[137.392273,35.32689],[137.391586,35.321848],[137.39296,35.316806],[137.390213,35.315685],[137.385406,35.318487],[137.38472,35.320168],[137.383347,35.319607],[137.379227,35.321288],[137.377853,35.32521],[137.37236,35.32689],[137.373047,35.328011],[137.37442,35.328011],[137.379913,35.330252],[137.38266,35.333613]]]}},{"type":"Feature","properties":{"layer_id":"bakumatsu_villages","name":"釜屋村","address":"美濃 恵那郡","source":"Geoshape 幕末期近世村領域データセット vector tiles (z7 extraction)","subarea_name":"近世村のおおよその範囲","feature_key":"village:K25G21S00061","accuracy_note":"2015年農業集落境界をもとに復元した概略範囲で、江戸時代の正確な村境ではありません"},"geometry":{"type":"Polygon","coordinates":[[[137.371674,35.347616],[137.375107,35.347056],[137.375793,35.345375],[137.379227,35.346495],[137.381287,35.340334],[137.3806,35.336414],[137.381973,35.331932],[137.37442,35.328011],[137.373047,35.328011],[137.3703,35.330252],[137.366867,35.337534],[137.367554,35.339214],[137.36412,35.339774],[137.36618,35.344255],[137.368927,35.344815],[137.371674,35.347616]]]}},{"type":"Feature","properties":{"layer_id":"bakumatsu_villages","name":"門野村","address":"美濃 恵那郡","source":"Geoshape 幕末期近世村領域データセット vector tiles (z7 extraction)","subarea_name":"近世村のおおよその範囲","feature_key":"village:K25G21S00055","accuracy_note":"2015年農業集落境界をもとに復元した概略範囲で、江戸時代の正確な村境ではありません"},"geometry":{"type":"Polygon","coordinates":[[[137.423859,35.329691],[137.430725,35.32521],[137.431412,35.32577],[137.435532,35.322969],[137.435532,35.321288],[137.433472,35.320728],[137.432785,35.315125],[137.427292,35.316806],[137.422485,35.312884],[137.417679,35.312884],[137.415619,35.311763],[137.414246,35.312324],[137.408752,35.311203],[137.399139,35.313444],[137.401199,35.315125],[137.401199,35.316806],[137.403259,35.317927],[137.404633,35.321848],[137.410126,35.32633],[137.414246,35.32689],[137.416992,35.32633],[137.417679,35.328011],[137.421799,35.328571],[137.423859,35.329691]]]}},{"type":"Feature","properties":{"layer_id":"bakumatsu_villages","name":"閑羅瀬村・小滝野村","address":"三河 加茂郡","source":"Geoshape 幕末期近世村領域データセット vector tiles (z7 extraction)","subarea_name":"近世村のおおよその範囲","feature_key":"village:K23G04S00207,K23G04S00210","accuracy_note":"2015年農業集落境界をもとに復元した概略範囲で、江戸時代の正確な村境ではありません"},"geometry":{"type":"Polygon","coordinates":[[[137.401199,35.241694],[137.403259,35.23889],[137.406693,35.237768],[137.408066,35.234964],[137.415619,35.240572],[137.418365,35.23945],[137.420425,35.234403],[137.422485,35.23272],[137.423859,35.228233],[137.425919,35.22599],[137.422485,35.224307],[137.417679,35.22599],[137.419739,35.216454],[137.416992,35.215332],[137.411499,35.215893],[137.408066,35.219258],[137.406006,35.219819],[137.402573,35.224307],[137.39502,35.229355],[137.398453,35.231038],[137.399826,35.23945],[137.401199,35.241694]]]}},{"type":"Feature","properties":{"layer_id":"bakumatsu_villages","name":"阿妻村","address":"美濃 恵那郡","source":"Geoshape 幕末期近世村領域データセット vector tiles (z7 extraction)","subarea_name":"近世村のおおよその範囲","feature_key":"village:K25G21S00071","accuracy_note":"2015年農業集落境界をもとに復元した概略範囲で、江戸時代の正確な村境ではありません"},"geometry":{"type":"Polygon","coordinates":[[[137.320175,35.293831],[137.324982,35.291029],[137.327728,35.29215],[137.335968,35.29215],[137.338028,35.291589],[137.338715,35.291029],[137.338715,35.289348],[137.341461,35.287666],[137.344894,35.284303],[137.349701,35.283743],[137.353134,35.281501],[137.351761,35.278698],[137.353134,35.277016],[137.350388,35.273653],[137.351074,35.271411],[137.352448,35.269729],[137.352448,35.267486],[137.359314,35.263562],[137.362747,35.265804],[137.365494,35.266365],[137.3703,35.263562],[137.368927,35.260759],[137.362061,35.261319],[137.355194,35.258516],[137.352448,35.259077],[137.349701,35.257394],[137.348328,35.258516],[137.343521,35.257955],[137.343521,35.259077],[137.344894,35.260759],[137.344894,35.26188],[137.342148,35.261319],[137.339401,35.264683],[137.346268,35.27085],[137.344208,35.274214],[137.337341,35.275895],[137.337341,35.274774],[137.335968,35.274774],[137.333221,35.277577],[137.331161,35.277016],[137.331848,35.278698],[137.329102,35.28038],[137.324982,35.28094],[137.320862,35.284303],[137.309875,35.288227],[137.307816,35.290469],[137.309189,35.29215],[137.314682,35.291589],[137.320175,35.293831]]]}},{"type":"Feature","properties":{"layer_id":"bakumatsu_villages","name":"飯地村","address":"美濃 加茂郡","source":"Geoshape 幕末期近世村領域データセット vector tiles (z7 extraction)","subarea_name":"近世村のおおよその範囲","feature_key":"village:K25G18S00078","accuracy_note":"2015年農業集落境界をもとに復元した概略範囲で、江戸時代の正確な村境ではありません"},"geometry":{"type":"MultiPolygon","coordinates":[[[[137.260437,35.469618],[137.261124,35.464585],[137.253571,35.462907],[137.250137,35.464585],[137.249451,35.466263],[137.251511,35.469059],[137.25563,35.46794],[137.260437,35.469618]]],[[[137.28653,35.507077],[137.289276,35.5054],[137.290649,35.502605],[137.292023,35.502605],[137.296143,35.500369],[137.289276,35.497574],[137.283783,35.491984],[137.28241,35.485275],[137.281036,35.484156],[137.281723,35.478565],[137.281036,35.477447],[137.27829,35.478006],[137.27623,35.481361],[137.271423,35.479683],[137.26593,35.479683],[137.26387,35.480802],[137.264557,35.48192],[137.262497,35.484715],[137.265244,35.488629],[137.26593,35.490866],[137.264557,35.491984],[137.268677,35.49422],[137.269363,35.495897],[137.274857,35.495897],[137.277603,35.498692],[137.279663,35.498692],[137.279663,35.501487],[137.283096,35.502605],[137.283096,35.503723],[137.28653,35.505959],[137.28653,35.507077]]],[[[137.27623,35.481361],[137.278976,35.477447],[137.28241,35.477447],[137.27829,35.471296],[137.272797,35.4685],[137.272797,35.466263],[137.26387,35.461789],[137.263184,35.464026],[137.261124,35.464585],[137.261124,35.469059],[137.25563,35.46794],[137.253571,35.469059],[137.257004,35.470177],[137.25563,35.470736],[137.256317,35.472973],[137.253571,35.47521],[137.257004,35.477447],[137.25563,35.480242],[137.25975,35.479124],[137.262497,35.481361],[137.26593,35.479683],[137.271423,35.479683],[137.27623,35.481361]]],[[[137.28241,35.477447],[137.28653,35.474651],[137.293396,35.474651],[137.294083,35.472414],[137.292023,35.470736],[137.290649,35.462907],[137.292023,35.461229],[137.294083,35.46067],[137.292023,35.457873],[137.288589,35.456196],[137.28653,35.454518],[137.285156,35.448924],[137.27211,35.451721],[137.26593,35.457873],[137.26387,35.461789],[137.272797,35.466263],[137.272797,35.4685],[137.27417,35.469618],[137.27829,35.471296],[137.28241,35.477447]]],[[[137.296143,35.500369],[137.300262,35.498133],[137.298203,35.496456],[137.301636,35.495338],[137.297516,35.484156],[137.294083,35.480802],[137.292023,35.481361],[137.290649,35.480802],[137.283783,35.481361],[137.281723,35.48192],[137.281036,35.484156],[137.28241,35.485275],[137.283783,35.491425],[137.289276,35.497574],[137.296143,35.500369]]],[[[137.309875,35.483597],[137.309189,35.477447],[137.305756,35.474651],[137.297516,35.477447],[137.293396,35.474651],[137.287903,35.474651],[137.281036,35.478006],[137.281723,35.479683],[137.281036,35.483597],[137.28241,35.481361],[137.283783,35.481361],[137.290649,35.480802],[137.292023,35.481361],[137.294083,35.480802],[137.296829,35.481361],[137.305756,35.481361],[137.309875,35.483597]]],[[[137.301636,35.495338],[137.305756,35.493661],[137.308502,35.490866],[137.310562,35.486393],[137.309875,35.483597],[137.305756,35.481361],[137.294769,35.480802],[137.297516,35.484156],[137.301636,35.495338]]],[[[137.299576,35.477447],[137.305756,35.474651],[137.298889,35.466263],[137.299576,35.462348],[137.294083,35.46067],[137.292023,35.461229],[137.290649,35.462907],[137.292023,35.470736],[137.294083,35.472414],[137.293396,35.474651],[137.296829,35.477447],[137.299576,35.477447]]]]}},{"type":"Feature","properties":{"layer_id":"bakumatsu_villages","name":"飯羽間村","address":"美濃 恵那郡","source":"Geoshape 幕末期近世村領域データセット vector tiles (z7 extraction)","subarea_name":"近世村のおおよその範囲","feature_key":"village:K25G21S00017","accuracy_note":"2015年農業集落境界をもとに復元した概略範囲で、江戸時代の正確な村境ではありません"},"geometry":{"type":"MultiPolygon","coordinates":[[[[137.403946,35.405282],[137.407379,35.403603],[137.414246,35.404722],[137.416306,35.402484],[137.419052,35.404163],[137.421112,35.399685],[137.424545,35.398006],[137.425232,35.392409],[137.417679,35.38793],[137.416992,35.384572],[137.414246,35.385131],[137.411499,35.383452],[137.411499,35.385131],[137.409439,35.384572],[137.403259,35.386811],[137.399139,35.382892],[137.397766,35.383452],[137.395706,35.386251],[137.397079,35.38849],[137.396393,35.392409],[137.394333,35.395207],[137.399139,35.403603],[137.403946,35.405282]]],[[[137.432785,35.414796],[137.436905,35.412557],[137.437592,35.4092],[137.438965,35.404163],[137.440338,35.403603],[137.443085,35.397446],[137.447205,35.396887],[137.446518,35.395207],[137.448578,35.39017],[137.444458,35.386251],[137.441711,35.386251],[137.440338,35.38793],[137.440338,35.385131],[137.443085,35.381213],[137.441711,35.380653],[137.439651,35.376174],[137.438278,35.376174],[137.434845,35.377854],[137.436218,35.379533],[137.436218,35.384012],[137.432785,35.385131],[137.435532,35.386811],[137.435532,35.38793],[137.430725,35.38849],[137.427292,35.394088],[137.425232,35.393528],[137.424545,35.398006],[137.421112,35.399685],[137.419052,35.404163],[137.416306,35.402484],[137.414246,35.404722],[137.416992,35.405282],[137.418365,35.40864],[137.423172,35.409759],[137.425919,35.413117],[137.431412,35.413117],[137.432785,35.414796]]],[[[137.402573,35.386811],[137.409439,35.384572],[137.411499,35.385131],[137.412872,35.378973],[137.416306,35.373934],[137.416992,35.372255],[137.412186,35.370575],[137.412872,35.368335],[137.406006,35.370015],[137.404633,35.371695],[137.402573,35.371135],[137.403946,35.376734],[137.401886,35.379533],[137.399139,35.381773],[137.400513,35.385131],[137.402573,35.386811]]],[[[137.427292,35.394088],[137.430725,35.38849],[137.435532,35.38793],[137.434845,35.386251],[137.432785,35.385131],[137.436218,35.384012],[137.436218,35.380653],[137.434845,35.377854],[137.432785,35.377854],[137.425919,35.374494],[137.424545,35.375614],[137.424545,35.378973],[137.423859,35.380653],[137.420425,35.382332],[137.420425,35.384012],[137.417679,35.384572],[137.416992,35.386811],[137.418365,35.38849],[137.427292,35.394088]]],[[[137.417679,35.385131],[137.420425,35.384012],[137.421112,35.382332],[137.423172,35.381213],[137.424545,35.378973],[137.424545,35.375614],[137.425919,35.374494],[137.418365,35.371695],[137.416992,35.372255],[137.416306,35.374494],[137.414932,35.375054],[137.412186,35.379533],[137.411499,35.383452],[137.414246,35.385131],[137.415619,35.384572],[137.417679,35.385131]]]]}},{"type":"Feature","properties":{"layer_id":"bakumatsu_villages","name":"馬場山田村","address":"美濃 恵那郡","source":"Geoshape 幕末期近世村領域データセット vector tiles (z7 extraction)","subarea_name":"近世村のおおよその範囲","feature_key":"village:K25G21S00015","accuracy_note":"2015年農業集落境界をもとに復元した概略範囲で、江戸時代の正確な村境ではありません"},"geometry":{"type":"MultiPolygon","coordinates":[[[[137.396393,35.354336],[137.399826,35.352656],[137.402573,35.352656],[137.403946,35.343695],[137.406006,35.345935],[137.406693,35.344815],[137.407379,35.345935],[137.409439,35.345375],[137.409439,35.345935],[137.414246,35.343135],[137.414932,35.339774],[137.425232,35.336974],[137.424545,35.334733],[137.425919,35.330812],[137.424545,35.329131],[137.417679,35.328011],[137.416992,35.32633],[137.414246,35.32689],[137.411499,35.32633],[137.408752,35.328011],[137.406006,35.32689],[137.39502,35.330252],[137.395706,35.330812],[137.39296,35.332492],[137.394333,35.334733],[137.3909,35.342575],[137.3909,35.348176],[137.394333,35.349856],[137.39502,35.353776],[137.396393,35.354336]]],[[[137.406006,35.370015],[137.412872,35.367776],[137.416306,35.368895],[137.417679,35.364976],[137.422485,35.360496],[137.421799,35.357136],[137.420425,35.354896],[137.425232,35.353216],[137.423859,35.348176],[137.424545,35.347056],[137.434158,35.345375],[137.438965,35.347056],[137.444458,35.346495],[137.446518,35.344255],[137.447205,35.343135],[137.445831,35.340334],[137.447891,35.338654],[137.449265,35.335293],[137.452011,35.334733],[137.449951,35.331932],[137.450638,35.327451],[137.449265,35.32689],[137.447205,35.328011],[137.438965,35.328011],[137.436905,35.32689],[137.432098,35.32633],[137.430725,35.32521],[137.424545,35.329131],[137.425919,35.330812],[137.424545,35.334733],[137.425232,35.336974],[137.414932,35.339774],[137.414246,35.343135],[137.409439,35.345935],[137.409439,35.345375],[137.407379,35.345935],[137.406693,35.344815],[137.406006,35.345935],[137.403946,35.343695],[137.402573,35.352656],[137.399826,35.352656],[137.396393,35.354336],[137.39502,35.352096],[137.393646,35.352096],[137.392273,35.357136],[137.393646,35.358256],[137.396393,35.357696],[137.399826,35.359936],[137.402573,35.364416],[137.406006,35.367216],[137.405319,35.368895],[137.406006,35.370015]]]]}},{"type":"Feature","properties":{"layer_id":"bakumatsu_villages","name":"馬木村・馬坂村・落倉村","address":"美濃 恵那郡","source":"Geoshape 幕末期近世村領域データセット vector tiles (z7 extraction)","subarea_name":"近世村のおおよその範囲","feature_key":"village:K25G21S00049,K25G21S00050,K25G21S00054","accuracy_note":"2015年農業集落境界をもとに復元した概略範囲で、江戸時代の正確な村境ではありません"},"geometry":{"type":"Polygon","coordinates":[[[137.415619,35.311763],[137.417679,35.308401],[137.416306,35.3056],[137.418365,35.302798],[137.416306,35.297754],[137.417679,35.291029],[137.417679,35.284864],[137.421112,35.284864],[137.421799,35.282622],[137.419052,35.282061],[137.416306,35.279819],[137.414246,35.279819],[137.412872,35.278137],[137.409439,35.279259],[137.408752,35.278137],[137.402573,35.277016],[137.401886,35.275895],[137.401199,35.278137],[137.402573,35.279819],[137.402573,35.282622],[137.406693,35.284303],[137.408752,35.283743],[137.410812,35.287106],[137.411499,35.291029],[137.407379,35.297754],[137.408752,35.301117],[137.410812,35.302798],[137.409439,35.304479],[137.410126,35.3056],[137.410126,35.307841],[137.415619,35.311763]]]}},{"type":"Feature","properties":{"layer_id":"bakumatsu_villages","name":"高波村","address":"美濃 恵那郡","source":"Geoshape 幕末期近世村領域データセット vector tiles (z7 extraction)","subarea_name":"近世村のおおよその範囲","feature_key":"village:K25G21S00051","accuracy_note":"2015年農業集落境界をもとに復元した概略範囲で、江戸時代の正確な村境ではありません"},"geometry":{"type":"Polygon","coordinates":[[[137.418365,35.302237],[137.423172,35.301677],[137.425232,35.297194],[137.431412,35.29215],[137.421112,35.284864],[137.417679,35.284864],[137.417679,35.291029],[137.416306,35.297754],[137.418365,35.302237]]]}},{"type":"Feature","properties":{"layer_id":"edo_post_stations","name":"大井宿","address":"","source":"CODH 江戸宿場データセット Version 1 (2026-08)","subarea_name":"中山道","feature_key":"post:R002-047"},"geometry":{"type":"Point","coordinates":[137.413723,35.454922]}},{"type":"Feature","properties":{"layer_id":"edo_roads","name":"中山道","address":"江戸 → 京都","source":"CODH 江戸主要街道データセット Version 4 (2026-08)","subarea_name":"江戸期の主要街道","feature_key":"road:R002"},"geometry":{"type":"LineString","coordinates":[[137.32859,35.44308],[137.32985,35.4437],[137.32993,35.44347],[137.33059,35.44316],[137.33169,35.44296],[137.332,35.44329],[137.33345,35.44301],[137.33413,35.44342],[137.33494,35.44349],[137.33675,35.44301],[137.33894,35.44372],[137.33944,35.44436],[137.33952,35.44421],[137.34074,35.4443],[137.34193,35.44491],[137.34277,35.44587],[137.34305,35.44595],[137.34496,35.44587],[137.3464,35.4462],[137.34777,35.44617],[137.34977,35.4466],[137.35124,35.4461],[137.35162,35.44582],[137.35318,35.4456],[137.35356,35.44539],[137.35446,35.44624],[137.35522,35.44608],[137.35791,35.44673],[137.35963,35.44589],[137.36049,35.44591],[137.36246,35.44532],[137.3644,35.44533],[137.36574,35.44571],[137.36596,35.44542],[137.36579,35.44481],[137.3659,35.44474],[137.36625,35.44495],[137.36718,35.44512],[137.36779,35.44499],[137.36869,35.44526],[137.36923,35.44511],[137.37151,35.44589],[137.37261,35.44608],[137.37366,35.44606],[137.37475,35.44553],[137.37567,35.44595],[137.37632,35.44653],[137.37813,35.44734],[137.37891,35.44805],[137.37951,35.44814],[137.37986,35.44839],[137.38092,35.44812],[137.38179,35.44818],[137.38367,35.44873],[137.38549,35.4502],[137.38605,35.45016],[137.38722,35.45033],[137.38743,35.4505],[137.38836,35.45052],[137.38921,35.44997],[137.38971,35.44986],[137.39179,35.4507],[137.39288,35.45092],[137.39353,35.45085],[137.39532,35.45182],[137.39703,35.45195],[137.40086,35.45183],[137.40239,35.45284],[137.40312,35.45278],[137.40464,35.45314],[137.40524,35.4536],[137.40824,35.45354],[137.411,35.45432],[137.41101,35.45494],[137.41221,35.4554],[137.4126,35.45444],[137.41493,35.45558],[137.41442,35.45622],[137.41762,35.45789],[137.41823,35.45853],[137.41826,35.45922],[137.41866,35.45996],[137.42183,35.46215],[137.42225,35.46264],[137.42284,35.46272],[137.42321,35.46346],[137.42385,35.46398],[137.42595,35.46443],[137.42744,35.46443],[137.42835,35.46411],[137.42931,35.46427],[137.43163,35.46518],[137.43245,35.466],[137.43297,35.46619],[137.43333,35.46672],[137.43501,35.46709]]}},{"type":"Feature","properties":{"layer_id":"historical_sites_archaeology","name":"下田遺跡","address":"岐阜県 恵那市 三郷町野井","source":"Geoshape 日本歴史地名大系 施設・地点項目データセット 2025-05-15","subarea_name":"遺跡","feature_key":"08_archaeological_sites.geojson:210000318100","subtype":"遺跡"},"geometry":{"type":"Point","coordinates":[137.385344,35.414719]}},{"type":"Feature","properties":{"layer_id":"historical_sites_archaeology","name":"久後古墳","address":"岐阜県 恵那市 明智町","source":"Geoshape 日本歴史地名大系 施設・地点項目データセット 2025-05-15","subarea_name":"古墳","feature_key":"06_kofun.geojson:210000310800","subtype":"古墳"},"geometry":{"type":"Point","coordinates":[137.385597,35.304833]}},{"type":"Feature","properties":{"layer_id":"historical_sites_archaeology","name":"久須見番所跡","address":"岐阜県 恵那市 長島町久須見","source":"Geoshape 日本歴史地名大系 施設・地点項目データセット 2025-05-15","subarea_name":"史跡","feature_key":"09_historic_sites.geojson:210000317500","subtype":"史跡"},"geometry":{"type":"Point","coordinates":[137.385466,35.464401]}},{"type":"Feature","properties":{"layer_id":"historical_sites_archaeology","name":"井戸尻綱場跡","address":"岐阜県 恵那市 笠置町河合","source":"Geoshape 日本歴史地名大系 施設・地点項目データセット 2025-05-15","subarea_name":"史跡","feature_key":"09_historic_sites.geojson:210000318900","subtype":"史跡"},"geometry":{"type":"Point","coordinates":[137.316835,35.483834]}},{"type":"Feature","properties":{"layer_id":"historical_sites_archaeology","name":"大井城跡","address":"岐阜県 恵那市 大井町","source":"Geoshape 日本歴史地名大系 施設・地点項目データセット 2025-05-15","subarea_name":"城跡","feature_key":"05_castle_ruins.geojson:210000316000","subtype":"城跡"},"geometry":{"type":"Point","coordinates":[137.415825,35.455055]}},{"type":"Feature","properties":{"layer_id":"historical_sites_archaeology","name":"大井宿本陣跡","address":"岐阜県 恵那市 大井町","source":"Geoshape 日本歴史地名大系 施設・地点項目データセット 2025-05-15","subarea_name":"城跡","feature_key":"05_castle_ruins.geojson:210000315900","subtype":"城跡"},"geometry":{"type":"Point","coordinates":[137.414994,35.455889]}},{"type":"Feature","properties":{"layer_id":"historical_sites_archaeology","name":"姫栗遺跡","address":"岐阜県 恵那市 笠置町姫栗","source":"Geoshape 日本歴史地名大系 施設・地点項目データセット 2025-05-15","subarea_name":"遺跡","feature_key":"08_archaeological_sites.geojson:210000318700","subtype":"遺跡"},"geometry":{"type":"Point","coordinates":[137.359145,35.476591]}},{"type":"Feature","properties":{"layer_id":"historical_sites_archaeology","name":"小沢冷泉","address":"岐阜県 恵那市 岩村町飯羽間","source":"Geoshape 日本歴史地名大系 施設・地点項目データセット 2025-05-15","subarea_name":"史跡","feature_key":"09_historic_sites.geojson:210000308800","subtype":"史跡"},"geometry":{"type":"Point","coordinates":[137.419632,35.389092]}},{"type":"Feature","properties":{"layer_id":"historical_sites_archaeology","name":"岩村城跡","address":"岐阜県 恵那市 岩村町","source":"Geoshape 日本歴史地名大系 施設・地点項目データセット 2025-05-15","subarea_name":"城跡","feature_key":"05_castle_ruins.geojson:210000307500","subtype":"城跡"},"geometry":{"type":"Point","coordinates":[137.451322,35.359958]}},{"type":"Feature","properties":{"layer_id":"historical_sites_archaeology","name":"庄兵衛田遺跡","address":"岐阜県 恵那市 中野方町","source":"Geoshape 日本歴史地名大系 施設・地点項目データセット 2025-05-15","subarea_name":"遺跡","feature_key":"08_archaeological_sites.geojson:210000319300","subtype":"遺跡"},"geometry":{"type":"Point","coordinates":[137.302166,35.517867]}},{"type":"Feature","properties":{"layer_id":"historical_sites_archaeology","name":"徳平古墳","address":"岐阜県 恵那市 明智町","source":"Geoshape 日本歴史地名大系 施設・地点項目データセット 2025-05-15","subarea_name":"古墳","feature_key":"06_kofun.geojson:210000310900","subtype":"古墳"},"geometry":{"type":"Point","coordinates":[137.38609,35.306215]}},{"type":"Feature","properties":{"layer_id":"historical_sites_archaeology","name":"明知城跡","address":"岐阜県 恵那市 明智町","source":"Geoshape 日本歴史地名大系 施設・地点項目データセット 2025-05-15","subarea_name":"城跡","feature_key":"05_castle_ruins.geojson:210000310500","subtype":"城跡"},"geometry":{"type":"Point","coordinates":[137.394414,35.303722]}},{"type":"Feature","properties":{"layer_id":"historical_sites_archaeology","name":"明知陣屋跡","address":"岐阜県 恵那市 明智町","source":"Geoshape 日本歴史地名大系 施設・地点項目データセット 2025-05-15","subarea_name":"史跡","feature_key":"09_historic_sites.geojson:210000310600","subtype":"史跡"},"geometry":{"type":"Point","coordinates":[137.391863,35.304436]}},{"type":"Feature","properties":{"layer_id":"historical_sites_archaeology","name":"知新館跡","address":"岐阜県 恵那市 岩村町","source":"Geoshape 日本歴史地名大系 施設・地点項目データセット 2025-05-15","subarea_name":"史跡","feature_key":"09_historic_sites.geojson:210000307700","subtype":"史跡"},"geometry":{"type":"Point","coordinates":[137.435559,35.363346]}},{"type":"Feature","properties":{"layer_id":"historical_sites_archaeology","name":"能万寺古墳群","address":"岐阜県 恵那市 長島町中野","source":"Geoshape 日本歴史地名大系 施設・地点項目データセット 2025-05-15","subarea_name":"古墳","feature_key":"06_kofun.geojson:210000317300","subtype":"古墳"},"geometry":{"type":"Point","coordinates":[137.403597,35.455828]}},{"type":"Feature","properties":{"layer_id":"historical_sites_archaeology","name":"西垣戸遺跡","address":"岐阜県 恵那市 笠置町河合","source":"Geoshape 日本歴史地名大系 施設・地点項目データセット 2025-05-15","subarea_name":"遺跡","feature_key":"08_archaeological_sites.geojson:210000319000","subtype":"遺跡"},"geometry":{"type":"Point","coordinates":[137.316835,35.483834]}},{"type":"Feature","properties":{"layer_id":"historical_sites_archaeology","name":"鹿路山遺跡","address":"岐阜県 恵那市 飯地町","source":"Geoshape 日本歴史地名大系 施設・地点項目データセット 2025-05-15","subarea_name":"遺跡","feature_key":"08_archaeological_sites.geojson:210000319500","subtype":"遺跡"},"geometry":{"type":"Point","coordinates":[137.282614,35.473402]}},{"type":"Feature","properties":{"layer_id":"historical_temples_shrines","name":"万光寺","address":"岐阜県 恵那市 上矢作町1506番地","source":"Geoshape 日本歴史地名大系 施設・地点項目データセット 2025-05-15","subarea_name":"寺院","feature_key":"01_temples.geojson:210000314100","subtype":"寺院"},"geometry":{"type":"Point","coordinates":[137.519897,35.302876]}},{"type":"Feature","properties":{"layer_id":"historical_temples_shrines","name":"万勝寺","address":"岐阜県 恵那市 山岡町馬場山田175番地","source":"Geoshape 日本歴史地名大系 施設・地点項目データセット 2025-05-15","subarea_name":"寺院","feature_key":"01_temples.geojson:210000309100","subtype":"寺院"},"geometry":{"type":"Point","coordinates":[137.4198,35.349018]}},{"type":"Feature","properties":{"layer_id":"historical_temples_shrines","name":"中山神社","address":"岐阜県 揖斐郡揖斐川町 春日中山2726番地","source":"Geoshape 日本歴史地名大系 施設・地点項目データセット 2025-05-15","subarea_name":"神社","feature_key":"02_shrines.geojson:210000313500","subtype":"神社"},"geometry":{"type":"Point","coordinates":[137.427125,35.256814]}},{"type":"Feature","properties":{"layer_id":"historical_temples_shrines","name":"乗政寺跡","address":"岐阜県 恵那市 岩村町","source":"Geoshape 日本歴史地名大系 施設・地点項目データセット 2025-05-15","subarea_name":"廃寺・廃社","feature_key":"03_abandoned_temples_shrines.geojson:210000308400","subtype":"廃寺・廃社"},"geometry":{"type":"Point","coordinates":[137.444943,35.366567]}},{"type":"Feature","properties":{"layer_id":"historical_temples_shrines","name":"八幡神社","address":"岐阜県 恵那市 岩村町18番地","source":"Geoshape 日本歴史地名大系 施設・地点項目データセット 2025-05-15","subarea_name":"神社","feature_key":"02_shrines.geojson:210000307900","subtype":"神社"},"geometry":{"type":"Point","coordinates":[137.446915,35.357998]}},{"type":"Feature","properties":{"layer_id":"historical_temples_shrines","name":"円頂寺","address":"岐阜県 恵那市 上矢作町2959番地","source":"Geoshape 日本歴史地名大系 施設・地点項目データセット 2025-05-15","subarea_name":"寺院","feature_key":"01_temples.geojson:210000314200","subtype":"寺院"},"geometry":{"type":"Point","coordinates":[137.496552,35.301807]}},{"type":"Feature","properties":{"layer_id":"historical_temples_shrines","name":"大円寺跡","address":"岐阜県 恵那市 岩村町富田","source":"Geoshape 日本歴史地名大系 施設・地点項目データセット 2025-05-15","subarea_name":"廃寺・廃社","feature_key":"03_abandoned_temples_shrines.geojson:210000159100","subtype":"廃寺・廃社"},"geometry":{"type":"Point","coordinates":[137.465635,35.369906]}},{"type":"Feature","properties":{"layer_id":"historical_temples_shrines","name":"天長寺","address":"岐阜県 恵那市 三郷町野井303番地","source":"Geoshape 日本歴史地名大系 施設・地点項目データセット 2025-05-15","subarea_name":"寺院","feature_key":"01_temples.geojson:210000318000","subtype":"寺院"},"geometry":{"type":"Point","coordinates":[137.383606,35.41663]}},{"type":"Feature","properties":{"layer_id":"historical_temples_shrines","name":"宗久寺","address":"岐阜県 恵那市 東野1282番地","source":"Geoshape 日本歴史地名大系 施設・地点項目データセット 2025-05-15","subarea_name":"寺院","feature_key":"01_temples.geojson:210000316700","subtype":"寺院"},"geometry":{"type":"Point","coordinates":[137.434692,35.446301]}},{"type":"Feature","properties":{"layer_id":"historical_temples_shrines","name":"岩村神社","address":"岐阜県 恵那市 岩村町750番地","source":"Geoshape 日本歴史地名大系 施設・地点項目データセット 2025-05-15","subarea_name":"神社","feature_key":"02_shrines.geojson:210000308000","subtype":"神社"},"geometry":{"type":"Point","coordinates":[137.439301,35.364807]}},{"type":"Feature","properties":{"layer_id":"historical_temples_shrines","name":"手向廃寺","address":"岐阜県 恵那市 山岡町上手向","source":"Geoshape 日本歴史地名大系 施設・地点項目データセット 2025-05-15","subarea_name":"廃寺・廃社","feature_key":"03_abandoned_temples_shrines.geojson:210000309700","subtype":"廃寺・廃社"},"geometry":{"type":"Point","coordinates":[137.389836,35.354799]}},{"type":"Feature","properties":{"layer_id":"historical_temples_shrines","name":"東光院","address":"岐阜県 恵那市 岩村町富田2546番地","source":"Geoshape 日本歴史地名大系 施設・地点項目データセット 2025-05-15","subarea_name":"寺院","feature_key":"01_temples.geojson:210000308600","subtype":"寺院"},"geometry":{"type":"Point","coordinates":[137.450211,35.379311]}},{"type":"Feature","properties":{"layer_id":"historical_temples_shrines","name":"東禅寺","address":"岐阜県 恵那市 大井町354番地","source":"Geoshape 日本歴史地名大系 施設・地点項目データセット 2025-05-15","subarea_name":"寺院","feature_key":"01_temples.geojson:210000316200","subtype":"寺院"},"geometry":{"type":"Point","coordinates":[137.404877,35.457817]}},{"type":"Feature","properties":{"layer_id":"historical_temples_shrines","name":"林昌寺","address":"岐阜県 恵那市 山岡町久保原388番地","source":"Geoshape 日本歴史地名大系 施設・地点項目データセット 2025-05-15","subarea_name":"寺院","feature_key":"01_temples.geojson:210000309400","subtype":"寺院"},"geometry":{"type":"Point","coordinates":[137.393326,35.370167]}},{"type":"Feature","properties":{"layer_id":"historical_temples_shrines","name":"正家廃寺","address":"岐阜県 恵那市 長島町正家","source":"Geoshape 日本歴史地名大系 施設・地点項目データセット 2025-05-15","subarea_name":"廃寺・廃社","feature_key":"03_abandoned_temples_shrines.geojson:210000316900","subtype":"廃寺・廃社"},"geometry":{"type":"Point","coordinates":[137.417825,35.438486]}},{"type":"Feature","properties":{"layer_id":"historical_temples_shrines","name":"武並神社","address":"岐阜県 恵那市 岩村町2287番地1","source":"Geoshape 日本歴史地名大系 施設・地点項目データセット 2025-05-15","subarea_name":"神社","feature_key":"02_shrines.geojson:210000307800","subtype":"神社"},"geometry":{"type":"Point","coordinates":[137.432541,35.367054]}},{"type":"Feature","properties":{"layer_id":"historical_temples_shrines","name":"武並神社","address":"岐阜県 恵那市 大井町1101番地","source":"Geoshape 日本歴史地名大系 施設・地点項目データセット 2025-05-15","subarea_name":"神社","feature_key":"02_shrines.geojson:210000316300","subtype":"神社"},"geometry":{"type":"Point","coordinates":[137.420319,35.450886]}},{"type":"Feature","properties":{"layer_id":"historical_temples_shrines","name":"洞禅院","address":"岐阜県 恵那市 武並町藤1813番地1","source":"Geoshape 日本歴史地名大系 施設・地点項目データセット 2025-05-15","subarea_name":"寺院","feature_key":"01_temples.geojson:210000318400","subtype":"寺院"},"geometry":{"type":"Point","coordinates":[137.317184,35.459068]}},{"type":"Feature","properties":{"layer_id":"historical_temples_shrines","name":"清楽寺","address":"岐阜県 恵那市 岩村町142番地1","source":"Geoshape 日本歴史地名大系 施設・地点項目データセット 2025-05-15","subarea_name":"寺院","feature_key":"01_temples.geojson:210000308200","subtype":"寺院"},"geometry":{"type":"Point","coordinates":[137.442963,35.365948]}},{"type":"Feature","properties":{"layer_id":"historical_temples_shrines","name":"盛久寺","address":"岐阜県 恵那市 山岡町馬場山田968番地","source":"Geoshape 日本歴史地名大系 施設・地点項目データセット 2025-05-15","subarea_name":"寺院","feature_key":"01_temples.geojson:210000309200","subtype":"寺院"},"geometry":{"type":"Point","coordinates":[137.408066,35.356148]}},{"type":"Feature","properties":{"layer_id":"historical_temples_shrines","name":"盛巌寺","address":"岐阜県 恵那市 岩村町147番地1","source":"Geoshape 日本歴史地名大系 施設・地点項目データセット 2025-05-15","subarea_name":"寺院","feature_key":"01_temples.geojson:210000308100","subtype":"寺院"},"geometry":{"type":"Point","coordinates":[137.443375,35.366505]}},{"type":"Feature","properties":{"layer_id":"historical_temples_shrines","name":"笠置神社","address":"岐阜県 恵那市 中野方町2676番地の1","source":"Geoshape 日本歴史地名大系 施設・地点項目データセット 2025-05-15","subarea_name":"神社","feature_key":"02_shrines.geojson:210000319200","subtype":"神社"},"geometry":{"type":"Point","coordinates":[137.318968,35.522946]}},{"type":"Feature","properties":{"layer_id":"historical_temples_shrines","name":"長国寺","address":"岐阜県 恵那市 大井町1246番地","source":"Geoshape 日本歴史地名大系 施設・地点項目データセット 2025-05-15","subarea_name":"寺院","feature_key":"01_temples.geojson:210000316100","subtype":"寺院"},"geometry":{"type":"Point","coordinates":[137.415894,35.456318]}},{"type":"Feature","properties":{"layer_id":"historical_temples_shrines","name":"長徳寺","address":"岐阜県 恵那市 長島町久須見1068番地","source":"Geoshape 日本歴史地名大系 施設・地点項目データセット 2025-05-15","subarea_name":"寺院","feature_key":"01_temples.geojson:210000317600","subtype":"寺院"},"geometry":{"type":"Point","coordinates":[137.379761,35.468109]}},{"type":"Feature","properties":{"layer_id":"historical_temples_shrines","name":"長栄寺","address":"岐阜県 恵那市 長島町中野568番地","source":"Geoshape 日本歴史地名大系 施設・地点項目データセット 2025-05-15","subarea_name":"寺院","feature_key":"01_temples.geojson:210000317200","subtype":"寺院"},"geometry":{"type":"Point","coordinates":[137.403229,35.454636]}},{"type":"Feature","properties":{"layer_id":"historical_temples_shrines","name":"隆崇院","address":"岐阜県 恵那市 岩村町1450番地","source":"Geoshape 日本歴史地名大系 施設・地点項目データセット 2025-05-15","subarea_name":"寺院","feature_key":"01_temples.geojson:210000308300","subtype":"寺院"},"geometry":{"type":"Point","coordinates":[137.437378,35.36945]}},{"type":"Feature","properties":{"layer_id":"historical_temples_shrines","name":"黄梅院","address":"岐阜県 恵那市 串原3110番地","source":"Geoshape 日本歴史地名大系 施設・地点項目データセット 2025-05-15","subarea_name":"寺院","feature_key":"01_temples.geojson:210000313600","subtype":"寺院"},"geometry":{"type":"Point","coordinates":[137.403244,35.260498]}}]}