{"type":"FeatureCollection","municipality_code":"32204","pref":"島根県","city":"益田市","layer_counts":{"bakumatsu_villages":93,"civil_engineering_heritage":1,"edo_post_stations":1,"edo_roads":1,"historical_sites_archaeology":21,"historical_temples_shrines":16},"total_features":133,"features":[{"type":"Feature","properties":{"layer_id":"bakumatsu_villages","name":"七村","address":"石見 美濃郡","source":"Geoshape 幕末期近世村領域データセット vector tiles (z7 extraction)","subarea_name":"近世村のおおよその範囲","feature_key":"village:K50G05S00087","accuracy_note":"2015年農業集落境界をもとに復元した概略範囲で、江戸時代の正確な村境ではありません"},"geometry":{"type":"MultiPolygon","coordinates":[[[[131.967087,34.556335],[131.97464,34.55068],[131.97876,34.549549],[131.98494,34.553508],[131.986313,34.546721],[131.995239,34.543328],[131.993179,34.542197],[131.992493,34.538803],[131.991119,34.537672],[131.987686,34.537672],[131.984253,34.535975],[131.977386,34.533712],[131.973953,34.530884],[131.969833,34.529753],[131.967773,34.528056],[131.961594,34.52749],[131.959534,34.522964],[131.96022,34.518438],[131.957474,34.51561],[131.955414,34.516741],[131.947861,34.51561],[131.945114,34.521267],[131.946487,34.526924],[131.946487,34.532015],[131.950607,34.535975],[131.951294,34.538803],[131.957474,34.541631],[131.957474,34.545025],[131.961594,34.548984],[131.96434,34.555204],[131.967087,34.556335]]],[[[132.000732,34.548984],[131.997299,34.542762],[131.997986,34.538238],[131.995926,34.533712],[131.989746,34.529187],[131.987,34.522399],[131.985626,34.516741],[131.977386,34.511649],[131.971207,34.510517],[131.965714,34.506557],[131.95816,34.515044],[131.96022,34.518438],[131.959534,34.522964],[131.960907,34.526924],[131.967773,34.528056],[131.969833,34.529753],[131.973953,34.530884],[131.977386,34.533712],[131.984253,34.535975],[131.987686,34.537672],[131.991119,34.537672],[131.992493,34.538803],[131.993179,34.542197],[131.997299,34.544459],[131.998672,34.547853],[132.000732,34.548984]]],[[[132.001419,34.548984],[132.002792,34.547287],[131.999359,34.542197],[132.001419,34.538238],[131.999359,34.535409],[132.000732,34.532581],[131.998672,34.53145],[131.997986,34.529753],[132.002792,34.528621],[132.008286,34.525793],[132.011719,34.526359],[132.017899,34.52353],[132.017899,34.518438],[132.019272,34.51561],[132.023392,34.515044],[132.027512,34.516175],[132.031631,34.513346],[132.034378,34.515044],[132.037811,34.51561],[132.038498,34.51957],[132.041245,34.518438],[132.046738,34.519004],[132.048798,34.51561],[132.047424,34.515044],[132.046738,34.512781],[132.043991,34.509386],[132.041245,34.511083],[132.035751,34.509952],[132.031631,34.505991],[132.029572,34.505991],[132.024078,34.50882],[132.019958,34.508254],[132.017899,34.505991],[132.017212,34.498069],[132.015839,34.494673],[132.011719,34.495805],[132.009659,34.497503],[132.008286,34.496371],[132.002792,34.496937],[132.000732,34.494673],[131.997299,34.494107],[131.991119,34.490712],[131.982193,34.493541],[131.979446,34.490146],[131.976013,34.490146],[131.973953,34.48958],[131.97052,34.48392],[131.965027,34.490146],[131.9664,34.496371],[131.965027,34.498069],[131.96434,34.501464],[131.965714,34.506557],[131.971207,34.510517],[131.977386,34.511649],[131.985626,34.516741],[131.987,34.522399],[131.989746,34.529187],[131.995926,34.533712],[131.997986,34.538238],[131.997299,34.542762],[132.001419,34.548984]]]]}},{"type":"Feature","properties":{"layer_id":"bakumatsu_villages","name":"三星村","address":"石見 美濃郡","source":"Geoshape 幕末期近世村領域データセット vector tiles (z7 extraction)","subarea_name":"近世村のおおよその範囲","feature_key":"village:K50G05S00043","accuracy_note":"2015年農業集落境界をもとに復元した概略範囲で、江戸時代の正確な村境ではありません"},"geometry":{"type":"Polygon","coordinates":[[[131.815338,34.603259],[131.817398,34.600998],[131.824951,34.597607],[131.824951,34.594781],[131.827011,34.59365],[131.827698,34.587997],[131.825638,34.589128],[131.824951,34.586867],[131.820831,34.582344],[131.817398,34.581779],[131.815338,34.580648],[131.813965,34.577822],[131.810532,34.580083],[131.806412,34.586302],[131.799545,34.587997],[131.795425,34.585171],[131.792679,34.585736],[131.791992,34.583475],[131.790619,34.586302],[131.789246,34.587432],[131.797485,34.598172],[131.802292,34.600433],[131.801605,34.601563],[131.811905,34.601563],[131.815338,34.603259]]]}},{"type":"Feature","properties":{"layer_id":"bakumatsu_villages","name":"三葛村","address":"石見 美濃郡","source":"Geoshape 幕末期近世村領域データセット vector tiles (z7 extraction)","subarea_name":"近世村のおおよその範囲","feature_key":"village:K50G05S00095","accuracy_note":"2015年農業集落境界をもとに復元した概略範囲で、江戸時代の正確な村境ではありません"},"geometry":{"type":"Polygon","coordinates":[[[132.041245,34.511083],[132.043991,34.509386],[132.042618,34.50882],[132.041931,34.507122],[132.040558,34.506557],[132.036438,34.501464],[132.039185,34.499766],[132.040558,34.500332],[132.043304,34.499766],[132.047424,34.500898],[132.048111,34.499766],[132.049484,34.500332],[132.051544,34.4992],[132.053604,34.496371],[132.055664,34.495805],[132.059097,34.492409],[132.059097,34.48958],[132.057037,34.48675],[132.057037,34.482222],[132.057724,34.480524],[132.061157,34.479958],[132.062531,34.476562],[132.06459,34.475996],[132.06665,34.472599],[132.065964,34.470901],[132.068024,34.469769],[132.068024,34.468071],[132.063217,34.469203],[132.059784,34.468071],[132.054977,34.468071],[132.053604,34.471467],[132.049484,34.474298],[132.039185,34.47543],[132.030945,34.471467],[132.027512,34.470901],[132.021332,34.466939],[132.015839,34.467505],[132.011719,34.463542],[132.006912,34.460145],[132.006226,34.453917],[132.002106,34.453917],[132.000046,34.452218],[131.995239,34.45052],[131.995239,34.452785],[131.990433,34.452218],[131.989746,34.455049],[131.990433,34.459013],[131.994553,34.464108],[131.993866,34.466372],[131.995926,34.469769],[131.994553,34.473165],[131.992493,34.473732],[131.988373,34.473165],[131.983566,34.474864],[131.980133,34.473732],[131.977386,34.473732],[131.973953,34.471467],[131.967087,34.474864],[131.967087,34.481656],[131.96846,34.483354],[131.97052,34.48392],[131.97464,34.490146],[131.979446,34.490146],[131.98288,34.493541],[131.991119,34.490712],[131.997299,34.494107],[132.000732,34.494673],[132.002792,34.496937],[132.008286,34.496371],[132.009659,34.497503],[132.011719,34.495805],[132.015839,34.494673],[132.017212,34.498069],[132.017899,34.505991],[132.019958,34.508254],[132.024078,34.50882],[132.029572,34.505991],[132.031631,34.505991],[132.035751,34.509952],[132.041245,34.511083]]]}},{"type":"Feature","properties":{"layer_id":"bakumatsu_villages","name":"三谷村","address":"石見 美濃郡","source":"Geoshape 幕末期近世村領域データセット vector tiles (z7 extraction)","subarea_name":"近世村のおおよその範囲","feature_key":"village:K50G05S00074","accuracy_note":"2015年農業集落境界をもとに復元した概略範囲で、江戸時代の正確な村境ではありません"},"geometry":{"type":"MultiPolygon","coordinates":[[[[131.939621,34.698719],[131.943741,34.696461],[131.943741,34.690251],[131.947861,34.687428],[131.948547,34.685734],[131.947861,34.682911],[131.945114,34.682911],[131.943741,34.683476],[131.939621,34.681782],[131.936188,34.682346],[131.937561,34.684605],[131.936874,34.686863],[131.937561,34.687428],[131.936874,34.690251],[131.938248,34.692509],[131.936874,34.694203],[131.939621,34.694768],[131.942368,34.696461],[131.939621,34.69759],[131.939621,34.698719]]],[[[131.951981,34.708316],[131.9561,34.706058],[131.957474,34.707187],[131.96022,34.706622],[131.961594,34.703235],[131.958847,34.7038],[131.954727,34.702671],[131.953354,34.701542],[131.954041,34.69759],[131.951294,34.692509],[131.953354,34.688557],[131.954041,34.685734],[131.951981,34.681782],[131.950607,34.681217],[131.947174,34.682911],[131.948547,34.685169],[131.947861,34.687428],[131.943741,34.690251],[131.944427,34.695332],[131.939621,34.698719],[131.940308,34.699848],[131.938248,34.700413],[131.937561,34.702106],[131.939621,34.7038],[131.941681,34.703235],[131.943741,34.704364],[131.944427,34.702671],[131.946487,34.7038],[131.949234,34.702671],[131.951981,34.708316]]],[[[131.95816,34.7038],[131.961594,34.703235],[131.965027,34.698719],[131.963654,34.695897],[131.9664,34.687993],[131.954041,34.687993],[131.951294,34.692509],[131.954041,34.69759],[131.954041,34.702106],[131.95816,34.7038]]],[[[131.9664,34.687993],[131.967087,34.685734],[131.965714,34.680652],[131.963654,34.679523],[131.96434,34.677829],[131.962967,34.676135],[131.96022,34.67557],[131.95816,34.672747],[131.954727,34.67557],[131.956787,34.6767],[131.951294,34.678394],[131.951981,34.680088],[131.950607,34.681217],[131.953354,34.684605],[131.954041,34.687993],[131.9664,34.687993]]]]}},{"type":"Feature","properties":{"layer_id":"bakumatsu_villages","name":"上本郷村","address":"石見 美濃郡","source":"Geoshape 幕末期近世村領域データセット vector tiles (z7 extraction)","subarea_name":"近世村のおおよその範囲","feature_key":"village:K50G05S00062","accuracy_note":"2015年農業集落境界をもとに復元した概略範囲で、江戸時代の正確な村境ではありません"},"geometry":{"type":"MultiPolygon","coordinates":[[[[131.856537,34.684605],[131.857224,34.678958],[131.85173,34.677829],[131.851044,34.680652],[131.848984,34.681217],[131.856537,34.684605]]],[[[131.848984,34.681217],[131.851044,34.680652],[131.852417,34.67557],[131.848984,34.674441],[131.846237,34.6767],[131.848297,34.678394],[131.848984,34.681217]]],[[[131.857224,34.678958],[131.857224,34.6767],[131.85585,34.67557],[131.852417,34.67557],[131.85173,34.677829],[131.857224,34.678958]]],[[[131.85997,34.686863],[131.86203,34.682346],[131.860657,34.682346],[131.861343,34.680652],[131.858597,34.679523],[131.857224,34.680088],[131.856537,34.685169],[131.858597,34.686863],[131.85997,34.686863]]],[[[131.860657,34.680088],[131.861343,34.678958],[131.85791,34.677264],[131.857224,34.680088],[131.858597,34.679523],[131.860657,34.680088]]],[[[131.865463,34.690816],[131.873703,34.690251],[131.875076,34.688557],[131.87439,34.687428],[131.87439,34.686299],[131.875763,34.686299],[131.875076,34.684605],[131.871643,34.684605],[131.868896,34.682346],[131.863403,34.681782],[131.86203,34.68404],[131.859283,34.685734],[131.86203,34.689686],[131.865463,34.690816]]],[[[131.87027,34.682911],[131.87027,34.681217],[131.867523,34.678958],[131.86615,34.674441],[131.857224,34.6767],[131.861343,34.678958],[131.860657,34.680088],[131.861343,34.681217],[131.860657,34.681782],[131.861343,34.682911],[131.866837,34.681782],[131.87027,34.682911]]]]}},{"type":"Feature","properties":{"layer_id":"bakumatsu_villages","name":"上波田村","address":"石見 美濃郡","source":"Geoshape 幕末期近世村領域データセット vector tiles (z7 extraction)","subarea_name":"近世村のおおよその範囲","feature_key":"village:K50G05S00080","accuracy_note":"2015年農業集落境界をもとに復元した概略範囲で、江戸時代の正確な村境ではありません"},"geometry":{"type":"MultiPolygon","coordinates":[[[[131.940308,34.639422],[131.942368,34.638857],[131.941681,34.637728],[131.943054,34.636033],[131.945801,34.637163],[131.948547,34.636598],[131.951294,34.634903],[131.953354,34.635468],[131.957474,34.633773],[131.96228,34.637163],[131.963654,34.637163],[131.965027,34.636033],[131.962967,34.633773],[131.963654,34.632078],[131.96228,34.630948],[131.959534,34.630383],[131.95816,34.628688],[131.955414,34.628688],[131.943741,34.632078],[131.940994,34.634903],[131.937561,34.636033],[131.937561,34.638293],[131.940308,34.639422]]],[[[131.928635,34.633773],[131.932755,34.633208],[131.938934,34.619647],[131.933441,34.622473],[131.933441,34.624168],[131.931381,34.625298],[131.930695,34.626993],[131.928635,34.629253],[131.925888,34.629818],[131.925888,34.633208],[131.928635,34.633773]]],[[[131.933441,34.637163],[131.934128,34.634338],[131.936874,34.633208],[131.937561,34.630948],[131.944427,34.630383],[131.949921,34.625863],[131.946487,34.624733],[131.945114,34.620212],[131.942368,34.617387],[131.939621,34.616257],[131.936874,34.625863],[131.934814,34.628123],[131.932755,34.633208],[131.928635,34.633773],[131.930008,34.636033],[131.933441,34.637163]]],[[[131.936188,34.638857],[131.937561,34.638293],[131.937561,34.636033],[131.940994,34.634903],[131.943741,34.632078],[131.953354,34.629253],[131.95816,34.628688],[131.957474,34.627558],[131.9561,34.626428],[131.949921,34.625863],[131.944427,34.630383],[131.937561,34.630948],[131.936874,34.633208],[131.934128,34.634338],[131.933441,34.637163],[131.935501,34.637728],[131.936188,34.638857]]]]}},{"type":"Feature","properties":{"layer_id":"bakumatsu_villages","name":"下本郷村","address":"石見 美濃郡","source":"Geoshape 幕末期近世村領域データセット vector tiles (z7 extraction)","subarea_name":"近世村のおおよその範囲","feature_key":"village:K50G05S00056","accuracy_note":"2015年農業集落境界をもとに復元した概略範囲で、江戸時代の正確な村境ではありません"},"geometry":{"type":"Polygon","coordinates":[[[131.856537,34.695897],[131.858597,34.695332],[131.858597,34.694768],[131.85997,34.694203],[131.861343,34.693074],[131.861343,34.690251],[131.85585,34.689686],[131.85379,34.687428],[131.850357,34.687428],[131.84967,34.686863],[131.848297,34.687993],[131.844864,34.686863],[131.844177,34.690251],[131.841431,34.69138],[131.841431,34.692509],[131.844177,34.692509],[131.845551,34.694203],[131.850357,34.694203],[131.850357,34.695332],[131.85379,34.694768],[131.856537,34.695897]]]}},{"type":"Feature","properties":{"layer_id":"bakumatsu_villages","name":"下本郷村枝郷・今市","address":"石見 美濃郡","source":"Geoshape 幕末期近世村領域データセット vector tiles (z7 extraction)","subarea_name":"近世村のおおよその範囲","feature_key":"village:K50G05S00057","accuracy_note":"2015年農業集落境界をもとに復元した概略範囲で、江戸時代の正確な村境ではありません"},"geometry":{"type":"Polygon","coordinates":[[[131.844177,34.689122],[131.844864,34.686863],[131.848297,34.687993],[131.84967,34.686863],[131.84967,34.685169],[131.846924,34.682911],[131.842804,34.682911],[131.841431,34.681782],[131.838684,34.684605],[131.839371,34.685734],[131.842804,34.686299],[131.842117,34.687993],[131.844177,34.689122]]]}},{"type":"Feature","properties":{"layer_id":"bakumatsu_villages","name":"下波田村","address":"石見 美濃郡","source":"Geoshape 幕末期近世村領域データセット vector tiles (z7 extraction)","subarea_name":"近世村のおおよその範囲","feature_key":"village:K50G05S00079","accuracy_note":"2015年農業集落境界をもとに復元した概略範囲で、江戸時代の正確な村境ではありません"},"geometry":{"type":"MultiPolygon","coordinates":[[[[131.916275,34.654674],[131.919022,34.65298],[131.919708,34.652415],[131.925201,34.649026],[131.925201,34.648461],[131.929321,34.648461],[131.935501,34.65072],[131.932068,34.646766],[131.931381,34.642812],[131.929321,34.641117],[131.927948,34.641117],[131.927261,34.643377],[131.925888,34.645072],[131.922455,34.644507],[131.918335,34.646201],[131.917648,34.646766],[131.918335,34.649591],[131.915588,34.65298],[131.916275,34.654674]]],[[[131.940994,34.654109],[131.944427,34.65185],[131.949234,34.65072],[131.946487,34.646201],[131.947174,34.644507],[131.944427,34.642812],[131.943054,34.644507],[131.939621,34.643377],[131.940994,34.639987],[131.940308,34.639422],[131.937561,34.638293],[131.936188,34.638857],[131.935501,34.637728],[131.930008,34.636033],[131.929321,34.637728],[131.930008,34.639987],[131.929321,34.641117],[131.931381,34.642812],[131.932068,34.646766],[131.938248,34.653545],[131.940994,34.654109]]]]}},{"type":"Feature","properties":{"layer_id":"bakumatsu_villages","name":"中垣内村","address":"石見 美濃郡","source":"Geoshape 幕末期近世村領域データセット vector tiles (z7 extraction)","subarea_name":"近世村のおおよその範囲","feature_key":"village:K50G05S00005","accuracy_note":"2015年農業集落境界をもとに復元した概略範囲で、江戸時代の正確な村境ではありません"},"geometry":{"type":"MultiPolygon","coordinates":[[[[131.733627,34.65298],[131.734314,34.65185],[131.735687,34.65185],[131.736374,34.65072],[131.740494,34.651285],[131.743927,34.650155],[131.742554,34.647331],[131.744614,34.642812],[131.74324,34.641117],[131.737747,34.639987],[131.735001,34.644507],[131.729507,34.646201],[131.729507,34.65298],[131.733627,34.65298]]],[[[131.756287,34.645636],[131.756973,34.639987],[131.7556,34.633208],[131.74324,34.634903],[131.741867,34.638293],[131.738434,34.638293],[131.737747,34.639987],[131.741867,34.641117],[131.748734,34.645072],[131.756287,34.645636]]],[[[131.75766,34.650155],[131.759033,34.647896],[131.75766,34.645636],[131.74942,34.645636],[131.744614,34.642812],[131.742554,34.647331],[131.743927,34.650155],[131.750107,34.649026],[131.752853,34.646201],[131.75766,34.650155]]],[[[131.756287,34.645636],[131.769333,34.644507],[131.772766,34.643377],[131.772766,34.641682],[131.77002,34.639987],[131.773453,34.638293],[131.77002,34.639422],[131.76796,34.638293],[131.765213,34.634338],[131.763153,34.632078],[131.75972,34.631513],[131.7556,34.633208],[131.756973,34.639987],[131.756287,34.645636]]]]}},{"type":"Feature","properties":{"layer_id":"bakumatsu_villages","name":"中島村","address":"石見 美濃郡","source":"Geoshape 幕末期近世村領域データセット vector tiles (z7 extraction)","subarea_name":"近世村のおおよその範囲","feature_key":"village:K50G05S00059","accuracy_note":"2015年農業集落境界をもとに復元した概略範囲で、江戸時代の正確な村境ではありません"},"geometry":{"type":"MultiPolygon","coordinates":[[[[131.825638,34.698719],[131.827011,34.694768],[131.830444,34.691945],[131.827698,34.69138],[131.820145,34.697026],[131.825638,34.698719]]],[[[131.829071,34.699848],[131.831818,34.697026],[131.831818,34.694768],[131.829758,34.694768],[131.829758,34.692509],[131.827011,34.694768],[131.825638,34.698719],[131.829071,34.699848]]],[[[131.835938,34.695332],[131.836624,34.692509],[131.833878,34.69138],[131.833191,34.686863],[131.830444,34.686299],[131.828384,34.687428],[131.827698,34.69138],[131.830444,34.691945],[131.829758,34.694768],[131.835938,34.695332]]],[[[131.828384,34.687428],[131.833878,34.686299],[131.831818,34.682346],[131.827698,34.683476],[131.828384,34.687428]]]]}},{"type":"Feature","properties":{"layer_id":"bakumatsu_villages","name":"中須村","address":"石見 美濃郡","source":"Geoshape 幕末期近世村領域データセット vector tiles (z7 extraction)","subarea_name":"近世村のおおよその範囲","feature_key":"village:K50G05S00058","accuracy_note":"2015年農業集落境界をもとに復元した概略範囲で、江戸時代の正確な村境ではありません"},"geometry":{"type":"Polygon","coordinates":[[[131.835938,34.704364],[131.839371,34.695897],[131.831818,34.694768],[131.831818,34.697026],[131.829071,34.699848],[131.835938,34.704364]]]}},{"type":"Feature","properties":{"layer_id":"bakumatsu_villages","name":"丸茂村","address":"石見 美濃郡","source":"Geoshape 幕末期近世村領域データセット vector tiles (z7 extraction)","subarea_name":"近世村のおおよその範囲","feature_key":"village:K50G05S00078","accuracy_note":"2015年農業集落境界をもとに復元した概略範囲で、江戸時代の正確な村境ではありません"},"geometry":{"type":"MultiPolygon","coordinates":[[[[131.989746,34.712831],[131.991119,34.710574],[131.993179,34.702671],[131.999359,34.696461],[131.997299,34.693074],[132.002106,34.685169],[132.001419,34.683476],[131.998672,34.682346],[131.995926,34.677829],[131.993866,34.6767],[131.989746,34.6767],[131.988373,34.678394],[131.990433,34.679523],[131.988373,34.682346],[131.989059,34.683476],[131.987686,34.689122],[131.986313,34.690251],[131.987,34.692509],[131.98494,34.695332],[131.986313,34.695897],[131.985626,34.7038],[131.987686,34.708316],[131.988373,34.712831],[131.989746,34.712831]]],[[[131.991806,34.712831],[131.992493,34.710009],[131.995926,34.708316],[131.997299,34.706058],[132.004166,34.702671],[132.006226,34.702671],[132.006912,34.700977],[132.010345,34.699284],[132.010345,34.698155],[132.008286,34.69759],[132.009659,34.695332],[132.012405,34.695332],[132.013779,34.693638],[132.015839,34.693074],[132.016525,34.690816],[132.015152,34.688557],[132.008972,34.687428],[132.006912,34.685734],[132.002106,34.684605],[131.997299,34.693074],[131.999359,34.696461],[131.992493,34.704364],[131.989746,34.712831],[131.991806,34.712831]]],[[[132.003479,34.684605],[132.002106,34.681217],[132.003479,34.676135],[132.002106,34.671617],[132.000046,34.674441],[131.993866,34.6767],[131.995926,34.677829],[131.998672,34.682346],[132.000732,34.682911],[132.002106,34.684605],[132.003479,34.684605]]],[[[132.004852,34.685169],[132.005539,34.682346],[132.011032,34.681782],[132.013092,34.675006],[132.015839,34.672182],[132.011032,34.665405],[132.006912,34.66597],[132.004852,34.6671],[132.004166,34.670488],[132.002106,34.671617],[132.003479,34.676135],[132.002106,34.681217],[132.003479,34.684605],[132.004852,34.685169]]],[[[132.015839,34.693074],[132.017899,34.692509],[132.019958,34.69138],[132.020645,34.687993],[132.019272,34.684605],[132.021332,34.682346],[132.024765,34.681782],[132.026138,34.67557],[132.029572,34.672182],[132.030258,34.668794],[132.026825,34.664276],[132.027512,34.663146],[132.020645,34.659758],[132.017212,34.660322],[132.013779,34.66597],[132.011719,34.66597],[132.015839,34.672747],[132.013092,34.675006],[132.011032,34.681782],[132.005539,34.682346],[132.004852,34.685169],[132.008972,34.687428],[132.015152,34.688557],[132.016525,34.690816],[132.015839,34.693074]]]]}},{"type":"Feature","properties":{"layer_id":"bakumatsu_villages","name":"久々茂村","address":"石見 美濃郡","source":"Geoshape 幕末期近世村領域データセット vector tiles (z7 extraction)","subarea_name":"近世村のおおよその範囲","feature_key":"village:K50G05S00069","accuracy_note":"2015年農業集落境界をもとに復元した概略範囲で、江戸時代の正確な村境ではありません"},"geometry":{"type":"MultiPolygon","coordinates":[[[[131.906662,34.680652],[131.908035,34.676135],[131.907349,34.673876],[131.903915,34.672747],[131.903915,34.672182],[131.901855,34.671053],[131.900482,34.66597],[131.897736,34.664276],[131.895676,34.664276],[131.894302,34.665405],[131.897049,34.671053],[131.897049,34.672747],[131.894989,34.673876],[131.899109,34.67557],[131.898422,34.680652],[131.901169,34.681782],[131.906662,34.680652]]],[[[131.881943,34.671617],[131.884689,34.670488],[131.886749,34.671617],[131.886749,34.667664],[131.889496,34.663711],[131.890869,34.662017],[131.895676,34.659758],[131.894989,34.655239],[131.897736,34.65298],[131.898422,34.647331],[131.892929,34.644507],[131.888123,34.647331],[131.882629,34.658628],[131.882629,34.661452],[131.879883,34.668229],[131.87851,34.669923],[131.87851,34.671617],[131.881943,34.671617]]],[[[131.888123,34.675006],[131.892929,34.672747],[131.892929,34.671617],[131.894989,34.673876],[131.897049,34.672747],[131.897049,34.669923],[131.894302,34.665405],[131.891556,34.662017],[131.890869,34.662017],[131.886749,34.667664],[131.888123,34.675006]]],[[[131.900482,34.66597],[131.904602,34.664276],[131.900482,34.65298],[131.898422,34.65072],[131.897736,34.65298],[131.894989,34.655239],[131.895676,34.659758],[131.891556,34.662017],[131.894302,34.665405],[131.894989,34.664276],[131.897736,34.664276],[131.900482,34.66597]]],[[[131.903915,34.672182],[131.905975,34.669923],[131.908722,34.669359],[131.908035,34.667664],[131.910782,34.664841],[131.914215,34.663711],[131.914215,34.660887],[131.912155,34.659193],[131.912842,34.655804],[131.901169,34.650155],[131.898422,34.65072],[131.900482,34.65298],[131.904602,34.663146],[131.904602,34.664276],[131.900482,34.66597],[131.901855,34.671053],[131.903915,34.672182]]]]}},{"type":"Feature","properties":{"layer_id":"bakumatsu_villages","name":"久々茂村枝郷・下久々茂村","address":"石見 美濃郡","source":"Geoshape 幕末期近世村領域データセット vector tiles (z7 extraction)","subarea_name":"近世村のおおよその範囲","feature_key":"village:K50G05S00070","accuracy_note":"2015年農業集落境界をもとに復元した概略範囲で、江戸時代の正確な村境ではありません"},"geometry":{"type":"Polygon","coordinates":[[[131.875076,34.684605],[131.875763,34.682911],[131.879883,34.681782],[131.877823,34.678394],[131.879883,34.677264],[131.881256,34.67557],[131.886749,34.676135],[131.888123,34.675006],[131.886749,34.671617],[131.884689,34.670488],[131.881943,34.671617],[131.87851,34.671617],[131.87645,34.673876],[131.873703,34.675006],[131.873703,34.677264],[131.87233,34.680088],[131.87027,34.681217],[131.87027,34.682911],[131.871643,34.684605],[131.875076,34.684605]]]}},{"type":"Feature","properties":{"layer_id":"bakumatsu_villages","name":"久原村","address":"石見 美濃郡","source":"Geoshape 幕末期近世村領域データセット vector tiles (z7 extraction)","subarea_name":"近世村のおおよその範囲","feature_key":"village:K50G05S00076","accuracy_note":"2015年農業集落境界をもとに復元した概略範囲で、江戸時代の正確な村境ではありません"},"geometry":{"type":"MultiPolygon","coordinates":[[[[131.965714,34.718476],[131.973267,34.716782],[131.973953,34.715089],[131.976013,34.716218],[131.982193,34.715653],[131.98082,34.712831],[131.98288,34.712267],[131.985626,34.713396],[131.987686,34.712831],[131.987686,34.708316],[131.985626,34.7038],[131.986313,34.695897],[131.98494,34.695332],[131.987,34.692509],[131.986313,34.690251],[131.987686,34.689122],[131.988373,34.684605],[131.973267,34.690251],[131.965714,34.689686],[131.963654,34.692509],[131.963654,34.695897],[131.965027,34.698719],[131.962967,34.702106],[131.960907,34.7038],[131.960907,34.706058],[131.96022,34.706622],[131.960907,34.708316],[131.96022,34.710574],[131.961594,34.711703],[131.963654,34.711703],[131.96434,34.71396],[131.965714,34.715089],[131.965714,34.718476]]],[[[131.973267,34.690251],[131.98494,34.685734],[131.989059,34.683476],[131.988373,34.682346],[131.990433,34.678958],[131.988373,34.678394],[131.98494,34.678958],[131.98288,34.680652],[131.98082,34.680652],[131.979446,34.679523],[131.977386,34.679523],[131.975327,34.677829],[131.969147,34.6767],[131.967087,34.679523],[131.963654,34.679523],[131.965714,34.680652],[131.967773,34.685169],[131.965714,34.689686],[131.973267,34.690251]]]]}},{"type":"Feature","properties":{"layer_id":"bakumatsu_villages","name":"久城村","address":"石見 美濃郡","source":"Geoshape 幕末期近世村領域データセット vector tiles (z7 extraction)","subarea_name":"近世村のおおよその範囲","feature_key":"village:K50G05S00055","accuracy_note":"2015年農業集落境界をもとに復元した概略範囲で、江戸時代の正確な村境ではありません"},"geometry":{"type":"MultiPolygon","coordinates":[[[[131.840057,34.706622],[131.845551,34.7038],[131.845551,34.702106],[131.844177,34.701542],[131.842804,34.695332],[131.841431,34.694203],[131.838684,34.694203],[131.838684,34.697026],[131.835938,34.7038],[131.838684,34.706058],[131.840057,34.706622]]],[[[131.846237,34.710009],[131.848297,34.707751],[131.84761,34.706058],[131.848984,34.704929],[131.853104,34.703235],[131.85791,34.7038],[131.85997,34.700413],[131.858597,34.697026],[131.858597,34.695332],[131.856537,34.695897],[131.85379,34.694768],[131.850357,34.695332],[131.850357,34.694203],[131.845551,34.694203],[131.844177,34.692509],[131.841431,34.692509],[131.841431,34.69138],[131.838684,34.691945],[131.838684,34.694203],[131.842804,34.694768],[131.844177,34.701542],[131.845551,34.702106],[131.845551,34.704364],[131.840057,34.706622],[131.846237,34.710009]]]]}},{"type":"Feature","properties":{"layer_id":"bakumatsu_villages","name":"乙吉村","address":"石見 美濃郡","source":"Geoshape 幕末期近世村領域データセット vector tiles (z7 extraction)","subarea_name":"近世村のおおよその範囲","feature_key":"village:K50G05S00060","accuracy_note":"2015年農業集落境界をもとに復元した概略範囲で、江戸時代の正確な村境ではありません"},"geometry":{"type":"Polygon","coordinates":[[[131.86203,34.689686],[131.85997,34.686863],[131.858597,34.686863],[131.856537,34.684605],[131.848984,34.681217],[131.848297,34.678394],[131.846237,34.6767],[131.841431,34.681782],[131.842804,34.682911],[131.846924,34.682911],[131.84967,34.685169],[131.850357,34.687428],[131.854477,34.687428],[131.856537,34.689686],[131.86203,34.689686]]]}},{"type":"Feature","properties":{"layer_id":"bakumatsu_villages","name":"乙子村","address":"石見 美濃郡","source":"Geoshape 幕末期近世村領域データセット vector tiles (z7 extraction)","subarea_name":"近世村のおおよその範囲","feature_key":"village:K50G05S00067","accuracy_note":"2015年農業集落境界をもとに復元した概略範囲で、江戸時代の正確な村境ではありません"},"geometry":{"type":"MultiPolygon","coordinates":[[[[131.887436,34.692509],[131.899109,34.689122],[131.894989,34.686863],[131.894302,34.684605],[131.888809,34.68404],[131.888809,34.687428],[131.886749,34.690251],[131.887436,34.692509]]],[[[131.879883,34.690251],[131.881943,34.689122],[131.885376,34.689686],[131.887436,34.689122],[131.888809,34.687428],[131.888123,34.682346],[131.884689,34.677829],[131.886063,34.676135],[131.881943,34.67557],[131.877823,34.678394],[131.879883,34.681782],[131.875076,34.683476],[131.875763,34.686299],[131.87439,34.686299],[131.87439,34.687428],[131.875076,34.688557],[131.877136,34.690251],[131.879883,34.690251]]],[[[131.894302,34.684605],[131.898422,34.680652],[131.899109,34.67557],[131.894989,34.673876],[131.892929,34.671617],[131.892929,34.672747],[131.890869,34.673312],[131.884003,34.677264],[131.887436,34.680652],[131.888809,34.68404],[131.894302,34.684605]]],[[[131.899109,34.689122],[131.900482,34.687993],[131.904602,34.687428],[131.905289,34.686299],[131.912155,34.685169],[131.910095,34.684605],[131.911469,34.680652],[131.909409,34.680088],[131.907349,34.680652],[131.901169,34.681782],[131.898422,34.680652],[131.894302,34.685169],[131.896362,34.687428],[131.899109,34.689122]]]]}},{"type":"Feature","properties":{"layer_id":"bakumatsu_villages","name":"仙道村","address":"石見 美濃郡","source":"Geoshape 幕末期近世村領域データセット vector tiles (z7 extraction)","subarea_name":"近世村のおおよその範囲","feature_key":"village:K50G05S00075","accuracy_note":"2015年農業集落境界をもとに復元した概略範囲で、江戸時代の正確な村境ではありません"},"geometry":{"type":"MultiPolygon","coordinates":[[[[131.927948,34.685169],[131.929321,34.683476],[131.928635,34.682911],[131.929321,34.681217],[131.932755,34.680088],[131.934128,34.678394],[131.934814,34.673876],[131.930008,34.67557],[131.928635,34.678394],[131.926575,34.678958],[131.926575,34.680088],[131.924515,34.680652],[131.923141,34.681782],[131.927948,34.685169]]],[[[131.943741,34.683476],[131.945114,34.682911],[131.947861,34.682911],[131.950607,34.681217],[131.946487,34.680652],[131.944427,34.679523],[131.943054,34.673876],[131.944427,34.671053],[131.940994,34.671053],[131.939621,34.668794],[131.936188,34.673312],[131.934814,34.673876],[131.934128,34.678394],[131.932755,34.680088],[131.929321,34.681217],[131.928635,34.682911],[131.929321,34.683476],[131.932755,34.681217],[131.933441,34.682346],[131.940994,34.682346],[131.943741,34.683476]]],[[[131.950607,34.681217],[131.951981,34.680088],[131.951294,34.678394],[131.956787,34.6767],[131.954727,34.67557],[131.95816,34.672747],[131.956787,34.671053],[131.953354,34.672182],[131.949921,34.671053],[131.944427,34.671617],[131.943741,34.672747],[131.943054,34.67557],[131.944427,34.679523],[131.946487,34.680652],[131.950607,34.681217]]],[[[131.955414,34.671617],[131.956787,34.671053],[131.954727,34.665405],[131.957474,34.658628],[131.957474,34.653545],[131.956787,34.65185],[131.954041,34.650155],[131.952667,34.65072],[131.950607,34.650155],[131.949234,34.65072],[131.944427,34.65185],[131.943741,34.65298],[131.946487,34.658063],[131.943054,34.659193],[131.941681,34.660887],[131.939621,34.669923],[131.940994,34.671053],[131.944427,34.671617],[131.955414,34.671617]]]]}},{"type":"Feature","properties":{"layer_id":"bakumatsu_villages","name":"内田村","address":"石見 美濃郡","source":"Geoshape 幕末期近世村領域データセット vector tiles (z7 extraction)","subarea_name":"近世村のおおよその範囲","feature_key":"village:K50G05S00029","accuracy_note":"2015年農業集落境界をもとに復元した概略範囲で、江戸時代の正確な村境ではありません"},"geometry":{"type":"MultiPolygon","coordinates":[[[[131.796799,34.680652],[131.805038,34.671053],[131.805038,34.668229],[131.798859,34.665405],[131.796799,34.6671],[131.798859,34.669359],[131.795425,34.673312],[131.796799,34.680652]]],[[[131.805038,34.668229],[131.805725,34.663711],[131.802979,34.662017],[131.800919,34.662582],[131.797485,34.658628],[131.797485,34.662582],[131.795425,34.665405],[131.796799,34.6671],[131.798859,34.665405],[131.805038,34.668229]]]]}},{"type":"Feature","properties":{"layer_id":"bakumatsu_villages","name":"内石村","address":"石見 美濃郡","source":"Geoshape 幕末期近世村領域データセット vector tiles (z7 extraction)","subarea_name":"近世村のおおよその範囲","feature_key":"village:K50G05S00086","accuracy_note":"2015年農業集落境界をもとに復元した概略範囲で、江戸時代の正確な村境ではありません"},"geometry":{"type":"MultiPolygon","coordinates":[[[[131.941681,34.562556],[131.944427,34.559163],[131.943054,34.554073],[131.943741,34.548984],[131.949234,34.5405],[131.946487,34.5405],[131.943741,34.542197],[131.940308,34.541631],[131.936188,34.543894],[131.934128,34.54559],[131.932755,34.551246],[131.929321,34.554073],[131.927261,34.556335],[131.929321,34.555204],[131.932068,34.556335],[131.935501,34.558032],[131.937561,34.561425],[131.941681,34.562556]]],[[[131.951981,34.580083],[131.957474,34.576691],[131.959534,34.570472],[131.96846,34.567079],[131.971893,34.564252],[131.967087,34.559163],[131.967087,34.556335],[131.96434,34.555204],[131.961594,34.548984],[131.957474,34.545025],[131.957474,34.541631],[131.951981,34.539369],[131.949234,34.5405],[131.943741,34.548984],[131.943054,34.554073],[131.944427,34.559163],[131.941681,34.562556],[131.942368,34.567079],[131.947174,34.569906],[131.949921,34.577256],[131.951981,34.580083]]]]}},{"type":"Feature","properties":{"layer_id":"bakumatsu_villages","name":"内谷村","address":"石見 美濃郡","source":"Geoshape 幕末期近世村領域データセット vector tiles (z7 extraction)","subarea_name":"近世村のおおよその範囲","feature_key":"village:K50G05S00085","accuracy_note":"2015年農業集落境界をもとに復元した概略範囲で、江戸時代の正確な村境ではありません"},"geometry":{"type":"MultiPolygon","coordinates":[[[[131.928635,34.576691],[131.934814,34.576126],[131.937561,34.571603],[131.937561,34.568776],[131.942368,34.567079],[131.941681,34.562556],[131.937561,34.561425],[131.935501,34.557466],[131.930008,34.555204],[131.927261,34.556901],[131.929321,34.554073],[131.932755,34.551246],[131.934128,34.54559],[131.929321,34.539369],[131.920395,34.536541],[131.916275,34.536541],[131.911469,34.53145],[131.908035,34.524661],[131.904602,34.524661],[131.908035,34.535975],[131.906662,34.538803],[131.903915,34.541631],[131.903915,34.54559],[131.907349,34.547853],[131.907349,34.548984],[131.910782,34.551811],[131.912155,34.554639],[131.914902,34.556335],[131.919022,34.55577],[131.921768,34.561425],[131.924515,34.562556],[131.925888,34.564252],[131.925888,34.569906],[131.928635,34.576691]]],[[[131.916275,34.536541],[131.917648,34.534844],[131.922455,34.533712],[131.929321,34.520701],[131.924515,34.520136],[131.921768,34.521833],[131.918335,34.521267],[131.915588,34.517307],[131.912155,34.51957],[131.911469,34.522399],[131.908722,34.522964],[131.908035,34.524661],[131.911469,34.53145],[131.916275,34.536541]]],[[[131.927948,34.539369],[131.931381,34.535975],[131.932068,34.532015],[131.936874,34.528621],[131.943741,34.521833],[131.939621,34.520701],[131.934814,34.521267],[131.932755,34.520136],[131.929321,34.520701],[131.925888,34.529187],[131.922455,34.533712],[131.917648,34.534844],[131.916275,34.536541],[131.920395,34.536541],[131.927948,34.539369]]],[[[131.934128,34.54559],[131.940308,34.541631],[131.943741,34.542197],[131.946487,34.5405],[131.949234,34.541066],[131.951981,34.539369],[131.949921,34.537672],[131.950607,34.535975],[131.946487,34.53145],[131.946487,34.526924],[131.945114,34.521267],[131.941681,34.522964],[131.939621,34.525793],[131.932755,34.53145],[131.931381,34.533147],[131.931381,34.535975],[131.927948,34.539369],[131.929321,34.539369],[131.934128,34.54559]]],[[[131.943741,34.521833],[131.945114,34.521267],[131.947861,34.51561],[131.946487,34.515044],[131.946487,34.513346],[131.942368,34.50882],[131.932755,34.509386],[131.927261,34.511649],[131.923141,34.511649],[131.921082,34.512781],[131.919022,34.516741],[131.915588,34.517307],[131.917648,34.521267],[131.921082,34.521833],[131.924515,34.520136],[131.932755,34.520136],[131.934814,34.521267],[131.939621,34.520701],[131.943741,34.521833]]]]}},{"type":"Feature","properties":{"layer_id":"bakumatsu_villages","name":"北仙道村","address":"石見 美濃郡","source":"Geoshape 幕末期近世村領域データセット vector tiles (z7 extraction)","subarea_name":"近世村のおおよその範囲","feature_key":"village:K50G05S00017","accuracy_note":"2015年農業集落境界をもとに復元した概略範囲で、江戸時代の正確な村境ではありません"},"geometry":{"type":"MultiPolygon","coordinates":[[[[131.897049,34.73202],[131.898422,34.730891],[131.898422,34.729198],[131.896362,34.728634],[131.896362,34.725248],[131.892929,34.720733],[131.886749,34.717347],[131.886063,34.715089],[131.882629,34.721862],[131.882629,34.724119],[131.881256,34.725812],[131.87851,34.725248],[131.877823,34.726377],[131.879883,34.726941],[131.885376,34.727505],[131.888123,34.726941],[131.888809,34.728634],[131.891556,34.729198],[131.892929,34.72807],[131.893616,34.729763],[131.897049,34.73202]]],[[[131.898422,34.729198],[131.900482,34.724684],[131.897049,34.720169],[131.892929,34.710009],[131.886749,34.70888],[131.885376,34.710574],[131.887436,34.712267],[131.885376,34.713396],[131.886063,34.715089],[131.886749,34.717347],[131.892929,34.720733],[131.896362,34.725248],[131.896362,34.728634],[131.898422,34.729198]]],[[[131.897736,34.714525],[131.899109,34.712831],[131.901855,34.712267],[131.901855,34.710009],[131.902542,34.70888],[131.903229,34.707187],[131.901169,34.703235],[131.897736,34.707751],[131.894302,34.707187],[131.892242,34.70888],[131.894302,34.711138],[131.894989,34.714525],[131.897736,34.714525]]],[[[131.898422,34.736534],[131.908035,34.733149],[131.909409,34.733713],[131.913528,34.72807],[131.912842,34.725812],[131.910095,34.724119],[131.907349,34.726941],[131.902542,34.72807],[131.899109,34.726941],[131.898422,34.730891],[131.895676,34.733713],[131.896362,34.735406],[131.898422,34.736534]]],[[[131.918335,34.742177],[131.920395,34.741048],[131.921082,34.737663],[131.923828,34.73597],[131.922455,34.732584],[131.926575,34.730327],[131.925201,34.728634],[131.925888,34.726377],[131.923828,34.725248],[131.924515,34.723555],[131.921768,34.724119],[131.910782,34.730891],[131.909409,34.733713],[131.915588,34.737098],[131.916275,34.741612],[131.918335,34.742177]]],[[[131.912155,34.729763],[131.921768,34.724119],[131.918335,34.723555],[131.916962,34.721862],[131.915588,34.723555],[131.916275,34.725812],[131.913528,34.726941],[131.912155,34.729763]]],[[[131.898422,34.721862],[131.911469,34.716218],[131.917648,34.710574],[131.913528,34.711703],[131.912155,34.710009],[131.909409,34.711138],[131.902542,34.70888],[131.901855,34.710009],[131.901855,34.712267],[131.899109,34.712831],[131.897736,34.714525],[131.894989,34.714525],[131.898422,34.721862]]],[[[131.903915,34.72807],[131.908722,34.726377],[131.910095,34.724119],[131.916962,34.720169],[131.918335,34.715653],[131.916275,34.713396],[131.917648,34.710574],[131.911469,34.716218],[131.898422,34.721862],[131.900482,34.724684],[131.899109,34.726941],[131.903915,34.72807]]],[[[131.913528,34.711703],[131.917648,34.710574],[131.919022,34.707187],[131.921768,34.706058],[131.922455,34.704929],[131.919022,34.700413],[131.917648,34.701542],[131.914902,34.701542],[131.912155,34.702671],[131.907349,34.708316],[131.902542,34.70888],[131.906662,34.710009],[131.906662,34.711138],[131.909409,34.711138],[131.912155,34.710009],[131.913528,34.711703]]],[[[131.913528,34.726941],[131.915588,34.726377],[131.916962,34.725812],[131.915588,34.723555],[131.916962,34.721862],[131.918335,34.723555],[131.923141,34.724119],[131.924515,34.723555],[131.924515,34.721297],[131.923141,34.718476],[131.918335,34.715653],[131.916962,34.720733],[131.910095,34.724119],[131.913528,34.726941]]],[[[131.891556,34.710009],[131.894302,34.707187],[131.890869,34.703235],[131.886749,34.702671],[131.879883,34.700413],[131.879883,34.705493],[131.885376,34.707751],[131.886749,34.70888],[131.891556,34.710009]]],[[[131.888809,34.702671],[131.888123,34.699284],[131.890182,34.69759],[131.887436,34.695332],[131.887436,34.690816],[131.886749,34.690251],[131.887436,34.689122],[131.885376,34.689686],[131.881943,34.689122],[131.879196,34.69138],[131.87851,34.693074],[131.879883,34.694768],[131.879196,34.697026],[131.879883,34.69759],[131.879883,34.700413],[131.886749,34.702671],[131.888809,34.702671]]],[[[131.897736,34.707751],[131.901169,34.7038],[131.900482,34.694768],[131.903915,34.691945],[131.899796,34.69138],[131.893616,34.694768],[131.890869,34.698155],[131.888123,34.699284],[131.888809,34.702671],[131.892929,34.704929],[131.894302,34.707187],[131.897736,34.707751]]],[[[131.890869,34.698155],[131.893616,34.694768],[131.899109,34.691945],[131.910782,34.690816],[131.910095,34.687428],[131.911469,34.685734],[131.905289,34.686299],[131.904602,34.687428],[131.900482,34.687993],[131.899109,34.689122],[131.887436,34.692509],[131.887436,34.695332],[131.890869,34.698155]]],[[[131.902542,34.70888],[131.907349,34.708316],[131.913528,34.701542],[131.903229,34.698155],[131.901169,34.699284],[131.901169,34.702671],[131.903229,34.707187],[131.902542,34.70888]]],[[[131.908722,34.700413],[131.913528,34.697026],[131.916275,34.694203],[131.916962,34.690816],[131.914902,34.689122],[131.912842,34.69138],[131.910782,34.69138],[131.910782,34.690816],[131.903915,34.691945],[131.900482,34.694768],[131.901169,34.699284],[131.903229,34.698155],[131.908722,34.700413]]],[[[131.917648,34.701542],[131.919022,34.700413],[131.921082,34.697026],[131.920395,34.694203],[131.922455,34.690816],[131.921082,34.688557],[131.916962,34.690816],[131.916275,34.694203],[131.912842,34.698155],[131.910095,34.698719],[131.908722,34.700413],[131.913528,34.701542],[131.917648,34.701542]]],[[[131.925201,34.750076],[131.928635,34.748383],[131.931381,34.748947],[131.932755,34.744998],[131.931381,34.744434],[131.932755,34.743305],[131.930695,34.740484],[131.934128,34.736534],[131.933441,34.733149],[131.930008,34.732584],[131.927948,34.733149],[131.927948,34.73202],[131.926575,34.730327],[131.923141,34.731456],[131.922455,34.733149],[131.923828,34.73597],[131.921082,34.737663],[131.920395,34.741048],[131.925888,34.742177],[131.925201,34.750076]]],[[[131.941681,34.73992],[131.942368,34.737098],[131.945801,34.73597],[131.945114,34.734277],[131.946487,34.732584],[131.946487,34.727505],[131.947174,34.724119],[131.948547,34.722991],[131.947174,34.720733],[131.947174,34.716782],[131.943054,34.716218],[131.939621,34.717347],[131.938934,34.716218],[131.936188,34.717911],[131.928635,34.719604],[131.927261,34.720733],[131.923828,34.720169],[131.923828,34.725248],[131.925888,34.726377],[131.925201,34.728634],[131.927948,34.73202],[131.927948,34.733149],[131.930008,34.732584],[131.933441,34.733149],[131.934128,34.736534],[131.936874,34.73597],[131.938248,34.737663],[131.940308,34.738791],[131.941681,34.73992]]],[[[131.927261,34.720733],[131.928635,34.719604],[131.930008,34.719604],[131.932755,34.717911],[131.930695,34.711703],[131.930695,34.708316],[131.932755,34.704364],[131.930695,34.702671],[131.923828,34.702106],[131.923828,34.7038],[131.921768,34.704364],[131.921768,34.706058],[131.919022,34.707187],[131.917648,34.710574],[131.916275,34.713396],[131.918335,34.715653],[131.920395,34.716782],[131.923828,34.720169],[131.927261,34.720733]]],[[[131.936188,34.717911],[131.938934,34.716218],[131.939621,34.717347],[131.943054,34.716218],[131.944427,34.711138],[131.940994,34.709445],[131.940308,34.710574],[131.938248,34.710009],[131.937561,34.706058],[131.936188,34.704929],[131.934128,34.706058],[131.932755,34.706058],[131.930695,34.708316],[131.930695,34.711703],[131.932755,34.717911],[131.936188,34.717911]]],[[[131.956787,34.727505],[131.959534,34.723555],[131.957474,34.720733],[131.958847,34.718476],[131.960907,34.718476],[131.96228,34.720169],[131.9664,34.720733],[131.965714,34.718476],[131.965714,34.715089],[131.96434,34.71396],[131.963654,34.711703],[131.96022,34.710574],[131.960907,34.708316],[131.96022,34.706622],[131.957474,34.707187],[131.9561,34.706058],[131.951981,34.708316],[131.949234,34.702671],[131.946487,34.7038],[131.945114,34.702671],[131.943741,34.704364],[131.941681,34.703235],[131.939621,34.7038],[131.943741,34.706622],[131.943741,34.708316],[131.940994,34.709445],[131.944427,34.711138],[131.943054,34.716218],[131.947174,34.716782],[131.947174,34.720733],[131.948547,34.722991],[131.948547,34.724684],[131.956787,34.727505]]]]}},{"type":"Feature","properties":{"layer_id":"bakumatsu_villages","name":"千原村","address":"石見 美濃郡","source":"Geoshape 幕末期近世村領域データセット vector tiles (z7 extraction)","subarea_name":"近世村のおおよその範囲","feature_key":"village:K50G05S00082","accuracy_note":"2015年農業集落境界をもとに復元した概略範囲で、江戸時代の正確な村境ではありません"},"geometry":{"type":"MultiPolygon","coordinates":[[[[131.988373,34.577256],[131.989746,34.571603],[131.994553,34.571037],[131.998672,34.566514],[131.994553,34.563121],[131.993179,34.558597],[131.985626,34.554073],[131.979446,34.549549],[131.97464,34.55068],[131.967087,34.556335],[131.967087,34.559163],[131.975327,34.567645],[131.9767,34.570472],[131.98082,34.573299],[131.98288,34.573299],[131.986313,34.576691],[131.988373,34.577256]]],[[[132.004166,34.580648],[132.006912,34.580083],[132.008972,34.578952],[132.009659,34.577256],[132.006226,34.567079],[132.004166,34.566514],[131.998672,34.566514],[131.994553,34.571037],[131.989746,34.571603],[131.988373,34.577256],[131.991806,34.579518],[131.995926,34.577822],[132.002106,34.578952],[132.002106,34.577822],[132.004166,34.580648]]]]}},{"type":"Feature","properties":{"layer_id":"bakumatsu_villages","name":"原村","address":"石見 美濃郡","source":"Geoshape 幕末期近世村領域データセット vector tiles (z7 extraction)","subarea_name":"近世村のおおよその範囲","feature_key":"village:K50G05S00007","accuracy_note":"2015年農業集落境界をもとに復元した概略範囲で、江戸時代の正確な村境ではありません"},"geometry":{"type":"MultiPolygon","coordinates":[[[[131.952667,34.65072],[131.955414,34.650155],[131.9561,34.648461],[131.954727,34.642812],[131.957474,34.639422],[131.954041,34.638857],[131.949234,34.640552],[131.946487,34.639987],[131.944427,34.641117],[131.944427,34.642812],[131.947174,34.644507],[131.946487,34.646201],[131.949234,34.65072],[131.950607,34.650155],[131.952667,34.65072]]],[[[131.943054,34.644507],[131.944427,34.642812],[131.944427,34.641117],[131.946487,34.639987],[131.949234,34.640552],[131.954041,34.638857],[131.956787,34.639422],[131.95816,34.637728],[131.96228,34.637163],[131.957474,34.633773],[131.953354,34.635468],[131.951294,34.634903],[131.948547,34.636598],[131.945801,34.637163],[131.943054,34.636033],[131.941681,34.637728],[131.943054,34.638857],[131.940308,34.639422],[131.940994,34.639987],[131.939621,34.642812],[131.940308,34.643942],[131.943054,34.644507]]]]}},{"type":"Feature","properties":{"layer_id":"bakumatsu_villages","name":"吉田村","address":"石見 美濃郡","source":"Geoshape 幕末期近世村領域データセット vector tiles (z7 extraction)","subarea_name":"近世村のおおよその範囲","feature_key":"village:K50G05S00063","accuracy_note":"2015年農業集落境界をもとに復元した概略範囲で、江戸時代の正確な村境ではありません"},"geometry":{"type":"MultiPolygon","coordinates":[[[[131.835938,34.681217],[131.841431,34.679523],[131.842804,34.6767],[131.842804,34.67557],[131.840744,34.6767],[131.839371,34.675006],[131.840744,34.673876],[131.838684,34.672747],[131.835251,34.67557],[131.837311,34.678958],[131.834564,34.680652],[131.835938,34.681217]]],[[[131.842804,34.681217],[131.848297,34.674441],[131.851044,34.673312],[131.846924,34.672182],[131.843491,34.673876],[131.844177,34.674441],[131.842117,34.67557],[131.842804,34.6767],[131.841431,34.678958],[131.842804,34.681217]]],[[[131.840744,34.6767],[131.844177,34.674441],[131.842117,34.671617],[131.842117,34.669923],[131.842804,34.669359],[131.839371,34.669359],[131.838684,34.671617],[131.840744,34.673876],[131.839371,34.675006],[131.840744,34.6767]]],[[[131.843491,34.673876],[131.846924,34.672182],[131.851044,34.673312],[131.85379,34.671053],[131.853104,34.669359],[131.85173,34.671053],[131.844864,34.669359],[131.844177,34.668794],[131.842804,34.669359],[131.842117,34.669923],[131.843491,34.673876]]]]}},{"type":"Feature","properties":{"layer_id":"bakumatsu_villages","name":"吉田村枝郷・下吉田村","address":"石見 美濃郡","source":"Geoshape 幕末期近世村領域データセット vector tiles (z7 extraction)","subarea_name":"近世村のおおよその範囲","feature_key":"village:K50G05S00065","accuracy_note":"2015年農業集落境界をもとに復元した概略範囲で、江戸時代の正確な村境ではありません"},"geometry":{"type":"Polygon","coordinates":[[[131.833878,34.686299],[131.833878,34.682346],[131.835938,34.681217],[131.834564,34.680652],[131.837311,34.678958],[131.835251,34.67557],[131.838684,34.672747],[131.839371,34.671053],[131.837997,34.66597],[131.836624,34.664841],[131.833878,34.665405],[131.831131,34.664276],[131.829758,34.664841],[131.831131,34.673876],[131.832504,34.677264],[131.830444,34.680652],[131.833878,34.686299]]]}},{"type":"Feature","properties":{"layer_id":"bakumatsu_villages","name":"吉田村枝郷・中吉田村","address":"石見 美濃郡","source":"Geoshape 幕末期近世村領域データセット vector tiles (z7 extraction)","subarea_name":"近世村のおおよその範囲","feature_key":"village:K50G05S00064","accuracy_note":"2015年農業集落境界をもとに復元した概略範囲で、江戸時代の正確な村境ではありません"},"geometry":{"type":"Polygon","coordinates":[[[131.839371,34.695897],[131.838684,34.691945],[131.843491,34.690816],[131.844177,34.689122],[131.842117,34.687993],[131.842804,34.686299],[131.839371,34.685734],[131.838684,34.684605],[131.839371,34.682911],[131.842804,34.681217],[131.841431,34.679523],[131.838684,34.680088],[131.833878,34.682346],[131.834564,34.686299],[131.833191,34.686863],[131.833878,34.69138],[131.836624,34.692509],[131.835938,34.695897],[131.839371,34.695897]]]}},{"type":"Feature","properties":{"layer_id":"bakumatsu_villages","name":"向横田村","address":"石見 美濃郡","source":"Geoshape 幕末期近世村領域データセット vector tiles (z7 extraction)","subarea_name":"近世村のおおよその範囲","feature_key":"village:K50G05S00042","accuracy_note":"2015年農業集落境界をもとに復元した概略範囲で、江戸時代の正確な村境ではありません"},"geometry":{"type":"MultiPolygon","coordinates":[[[[131.789932,34.633208],[131.789932,34.630383],[131.791306,34.629253],[131.791992,34.619082],[131.789932,34.616257],[131.789246,34.613431],[131.791992,34.612301],[131.791992,34.60891],[131.785812,34.60778],[131.775513,34.610041],[131.775513,34.617387],[131.773453,34.619082],[131.774826,34.621343],[131.776199,34.621343],[131.778259,34.624168],[131.780319,34.624733],[131.781693,34.627558],[131.785812,34.629253],[131.787186,34.628688],[131.789932,34.633208]]],[[[131.775513,34.610041],[131.785812,34.60778],[131.791992,34.60891],[131.794052,34.604954],[131.798172,34.599868],[131.797485,34.598172],[131.792679,34.590824],[131.790619,34.590824],[131.789246,34.586867],[131.787186,34.589128],[131.782379,34.590259],[131.776199,34.594215],[131.776199,34.599868],[131.772079,34.601563],[131.773453,34.603259],[131.770706,34.60665],[131.775513,34.610041]]],[[[131.791306,34.629253],[131.802292,34.623603],[131.802292,34.623038],[131.802979,34.621343],[131.802292,34.619082],[131.797485,34.615692],[131.795425,34.611736],[131.792679,34.611171],[131.791306,34.612866],[131.789246,34.613431],[131.789932,34.616257],[131.791992,34.619082],[131.791306,34.629253]]],[[[131.795425,34.611736],[131.796112,34.610041],[131.800919,34.604954],[131.802292,34.600433],[131.797485,34.598172],[131.798172,34.599868],[131.791992,34.60778],[131.792679,34.611171],[131.795425,34.611736]]],[[[131.772079,34.601563],[131.776199,34.599868],[131.776886,34.59365],[131.782379,34.590259],[131.787186,34.589128],[131.789246,34.586867],[131.787872,34.58291],[131.781006,34.58291],[131.778946,34.582344],[131.778946,34.580648],[131.777573,34.581214],[131.774826,34.579518],[131.774139,34.581214],[131.771393,34.581214],[131.767273,34.587432],[131.769333,34.588563],[131.768646,34.591954],[131.77002,34.591954],[131.771393,34.59252],[131.772766,34.59365],[131.771393,34.596476],[131.772766,34.597607],[131.772079,34.601563]]]]}},{"type":"Feature","properties":{"layer_id":"bakumatsu_villages","name":"喜阿弥村","address":"石見 美濃郡","source":"Geoshape 幕末期近世村領域データセット vector tiles (z7 extraction)","subarea_name":"近世村のおおよその範囲","feature_key":"village:K50G05S00002","accuracy_note":"2015年農業集落境界をもとに復元した概略範囲で、江戸時代の正確な村境ではありません"},"geometry":{"type":"MultiPolygon","coordinates":[[[[131.752853,34.677264],[131.752853,34.67557],[131.752167,34.673876],[131.754227,34.670488],[131.748047,34.668229],[131.746674,34.676135],[131.752853,34.677264]]],[[[131.756973,34.678394],[131.758347,34.67557],[131.761093,34.673312],[131.760406,34.672182],[131.761093,34.671053],[131.760406,34.670488],[131.760406,34.667664],[131.758347,34.667664],[131.754227,34.671617],[131.752853,34.671053],[131.752167,34.673876],[131.752853,34.67557],[131.752853,34.677264],[131.75354,34.678394],[131.754227,34.677829],[131.756973,34.678394]]],[[[131.76384,34.680088],[131.768646,34.6767],[131.769333,34.674441],[131.772766,34.675006],[131.773453,34.673312],[131.772766,34.672182],[131.774139,34.670488],[131.767273,34.668794],[131.762466,34.669359],[131.760406,34.670488],[131.761093,34.671053],[131.760406,34.672182],[131.761093,34.673312],[131.758347,34.67557],[131.756973,34.678394],[131.76384,34.680088]]],[[[131.754227,34.670488],[131.758347,34.667664],[131.760406,34.667664],[131.761093,34.662582],[131.76384,34.658063],[131.76178,34.656934],[131.752853,34.664841],[131.750107,34.660887],[131.742554,34.655804],[131.741867,34.65072],[131.737061,34.653545],[131.737747,34.655804],[131.742554,34.658628],[131.74736,34.664841],[131.748047,34.668229],[131.752167,34.669359],[131.754227,34.670488]]],[[[131.752853,34.664841],[131.76178,34.656934],[131.7556,34.647896],[131.752853,34.646201],[131.74942,34.649591],[131.741867,34.65072],[131.742554,34.655804],[131.750107,34.660887],[131.752853,34.664841]]],[[[131.774139,34.670488],[131.776886,34.666535],[131.769333,34.662582],[131.76384,34.658063],[131.761093,34.662582],[131.760406,34.669923],[131.766586,34.668794],[131.774139,34.670488]]]]}},{"type":"Feature","properties":{"layer_id":"bakumatsu_villages","name":"土田村","address":"石見 美濃郡","source":"Geoshape 幕末期近世村領域データセット vector tiles (z7 extraction)","subarea_name":"近世村のおおよその範囲","feature_key":"village:K50G05S00051","accuracy_note":"2015年農業集落境界をもとに復元した概略範囲で、江戸時代の正確な村境ではありません"},"geometry":{"type":"MultiPolygon","coordinates":[[[[131.835938,34.838041],[131.837997,34.836914],[131.841431,34.83635],[131.842117,34.834659],[131.838684,34.833532],[131.833191,34.835786],[131.830444,34.835223],[131.829758,34.837477],[131.834564,34.837477],[131.835938,34.838041]]],[[[131.889496,34.760794],[131.889496,34.761358],[131.888123,34.763615],[131.890869,34.762487],[131.893616,34.762487],[131.894302,34.759666],[131.892242,34.757974],[131.892929,34.756281],[131.888809,34.757974],[131.890869,34.759666],[131.889496,34.760794]]],[[[131.893616,34.759666],[131.895676,34.757974],[131.892929,34.756281],[131.892242,34.756846],[131.893616,34.759666]]],[[[131.895676,34.757974],[131.897736,34.756846],[131.901855,34.755717],[131.903915,34.754025],[131.902542,34.75064],[131.899796,34.749511],[131.898422,34.751768],[131.894989,34.752332],[131.891556,34.755153],[131.891556,34.756281],[131.895676,34.757974]]],[[[131.906662,34.754589],[131.904602,34.75064],[131.905289,34.747819],[131.903915,34.745562],[131.901169,34.744434],[131.899796,34.736534],[131.895676,34.736534],[131.893616,34.744998],[131.896362,34.751204],[131.898422,34.751768],[131.899796,34.749511],[131.901855,34.750076],[131.903229,34.751768],[131.903915,34.754025],[131.906662,34.754589]]]]}},{"type":"Feature","properties":{"layer_id":"bakumatsu_villages","name":"城九郎村","address":"石見 美濃郡","source":"Geoshape 幕末期近世村領域データセット vector tiles (z7 extraction)","subarea_name":"近世村のおおよその範囲","feature_key":"village:K50G05S00036","accuracy_note":"2015年農業集落境界をもとに復元した概略範囲で、江戸時代の正確な村境ではありません"},"geometry":{"type":"MultiPolygon","coordinates":[[[[131.741867,34.630383],[131.7453,34.629818],[131.748047,34.626993],[131.750793,34.626428],[131.750107,34.624168],[131.752167,34.620212],[131.750107,34.618517],[131.748047,34.620777],[131.737061,34.623603],[131.737747,34.625298],[131.741867,34.627558],[131.741867,34.630383]]],[[[131.737061,34.623603],[131.748047,34.620777],[131.750793,34.616257],[131.75148,34.615692],[131.74942,34.612866],[131.74736,34.612301],[131.740494,34.612301],[131.738434,34.613431],[131.736374,34.612866],[131.735001,34.612866],[131.734314,34.614562],[131.737747,34.616822],[131.738434,34.621908],[131.737061,34.623603]]]]}},{"type":"Feature","properties":{"layer_id":"bakumatsu_villages","name":"多田村","address":"石見 美濃郡","source":"Geoshape 幕末期近世村領域データセット vector tiles (z7 extraction)","subarea_name":"近世村のおおよその範囲","feature_key":"village:K50G05S00066","accuracy_note":"2015年農業集落境界をもとに復元した概略範囲で、江戸時代の正確な村境ではありません"},"geometry":{"type":"Polygon","coordinates":[[[131.85173,34.671053],[131.853104,34.669359],[131.85379,34.670488],[131.85379,34.664841],[131.85585,34.663711],[131.856537,34.664841],[131.85791,34.664841],[131.860657,34.662582],[131.861343,34.664276],[131.867523,34.664841],[131.86821,34.662017],[131.86615,34.658063],[131.867523,34.655239],[131.866837,34.65298],[131.87027,34.65298],[131.870956,34.649591],[131.87027,34.647331],[131.86821,34.646766],[131.867523,34.645072],[131.865463,34.644507],[131.863403,34.641682],[131.86203,34.642812],[131.85791,34.642247],[131.85585,34.643377],[131.85379,34.642247],[131.84967,34.643377],[131.84761,34.645072],[131.846924,34.647896],[131.844864,34.648461],[131.844864,34.649591],[131.846924,34.65072],[131.846924,34.65298],[131.842804,34.658063],[131.842804,34.660887],[131.840744,34.664276],[131.836624,34.664841],[131.839371,34.669359],[131.843491,34.669359],[131.844177,34.668794],[131.844864,34.669359],[131.85173,34.671053]]]}},{"type":"Feature","properties":{"layer_id":"bakumatsu_villages","name":"大屋形村","address":"石見 美濃郡","source":"Geoshape 幕末期近世村領域データセット vector tiles (z7 extraction)","subarea_name":"近世村のおおよその範囲","feature_key":"village:K50G05S00009","accuracy_note":"2015年農業集落境界をもとに復元した概略範囲で、江戸時代の正確な村境ではありません"},"geometry":{"type":"Polygon","coordinates":[[[131.912842,34.655804],[131.914902,34.654109],[131.910782,34.647896],[131.909409,34.640552],[131.905289,34.634903],[131.903915,34.634903],[131.900482,34.637728],[131.898422,34.638293],[131.892929,34.644507],[131.898422,34.647331],[131.898422,34.65072],[131.901169,34.650155],[131.912842,34.655804]]]}},{"type":"Feature","properties":{"layer_id":"bakumatsu_villages","name":"大峯破村","address":"石見 美濃郡","source":"Geoshape 幕末期近世村領域データセット vector tiles (z7 extraction)","subarea_name":"近世村のおおよその範囲","feature_key":"village:K50G05S00045","accuracy_note":"2015年農業集落境界をもとに復元した概略範囲で、江戸時代の正確な村境ではありません"},"geometry":{"type":"Polygon","coordinates":[[[131.857224,34.602694],[131.85791,34.598172],[131.858597,34.597042],[131.862717,34.600433],[131.86409,34.597042],[131.86821,34.595911],[131.867523,34.589128],[131.86821,34.586867],[131.86615,34.58404],[131.86203,34.586867],[131.85997,34.585736],[131.861343,34.585171],[131.85997,34.584606],[131.853104,34.585736],[131.84761,34.583475],[131.843491,34.584606],[131.842804,34.589693],[131.839371,34.591954],[131.840057,34.59365],[131.838684,34.594781],[131.832504,34.591389],[131.831131,34.591954],[131.833191,34.593085],[131.833191,34.600998],[131.832504,34.602694],[131.836624,34.602128],[131.839371,34.598172],[131.840744,34.598737],[131.841431,34.602128],[131.842804,34.602694],[131.851044,34.600433],[131.855164,34.602694],[131.857224,34.602694]]]}},{"type":"Feature","properties":{"layer_id":"bakumatsu_villages","name":"大谷村","address":"石見 美濃郡","source":"Geoshape 幕末期近世村領域データセット vector tiles (z7 extraction)","subarea_name":"近世村のおおよその範囲","feature_key":"village:K50G05S00068","accuracy_note":"2015年農業集落境界をもとに復元した概略範囲で、江戸時代の正確な村境ではありません"},"geometry":{"type":"MultiPolygon","coordinates":[[[[131.87027,34.681217],[131.873016,34.678394],[131.870956,34.676135],[131.871643,34.671617],[131.869583,34.667664],[131.867523,34.668794],[131.868896,34.671053],[131.866837,34.671617],[131.865463,34.674441],[131.867523,34.678958],[131.87027,34.681217]]],[[[131.873016,34.678394],[131.873703,34.675006],[131.87645,34.673876],[131.87851,34.671617],[131.875763,34.669923],[131.875763,34.668794],[131.873016,34.656934],[131.87027,34.65298],[131.866837,34.65298],[131.867523,34.655239],[131.86615,34.658063],[131.86821,34.662017],[131.867523,34.664841],[131.870956,34.669923],[131.870956,34.675006],[131.873016,34.678394]]],[[[131.877823,34.671053],[131.882629,34.660322],[131.879883,34.658628],[131.873703,34.659758],[131.875763,34.668794],[131.877823,34.671053]]],[[[131.881943,34.659758],[131.889496,34.646201],[131.885376,34.643942],[131.881256,34.644507],[131.879196,34.643942],[131.875076,34.636598],[131.870956,34.637728],[131.86615,34.637728],[131.863403,34.641682],[131.865463,34.644507],[131.867523,34.645072],[131.86821,34.646766],[131.87027,34.647331],[131.870956,34.65072],[131.87027,34.65298],[131.873016,34.656934],[131.873703,34.659758],[131.879883,34.658628],[131.881943,34.659758]]]]}},{"type":"Feature","properties":{"layer_id":"bakumatsu_villages","name":"宇治村","address":"石見 美濃郡","source":"Geoshape 幕末期近世村領域データセット vector tiles (z7 extraction)","subarea_name":"近世村のおおよその範囲","feature_key":"village:K50G05S00048","accuracy_note":"2015年農業集落境界をもとに復元した概略範囲で、江戸時代の正確な村境ではありません"},"geometry":{"type":"Polygon","coordinates":[[[131.908035,34.746126],[131.915588,34.743869],[131.916275,34.743305],[131.915588,34.737098],[131.910782,34.733713],[131.908035,34.733149],[131.901855,34.734841],[131.899796,34.736534],[131.901169,34.744434],[131.903915,34.745562],[131.908035,34.746126]]]}},{"type":"Feature","properties":{"layer_id":"bakumatsu_villages","name":"宇津川村","address":"石見 美濃郡","source":"Geoshape 幕末期近世村領域データセット vector tiles (z7 extraction)","subarea_name":"近世村のおおよその範囲","feature_key":"village:K50G05S00016","accuracy_note":"2015年農業集落境界をもとに復元した概略範囲で、江戸時代の正確な村境ではありません"},"geometry":{"type":"MultiPolygon","coordinates":[[[[132.004166,34.719604],[132.004166,34.715653],[132.008972,34.71396],[132.010345,34.710574],[132.013779,34.70888],[132.013779,34.706622],[132.012405,34.706622],[132.008972,34.704929],[132.007599,34.700413],[132.006226,34.702671],[132.004166,34.702671],[131.997299,34.706058],[131.995926,34.708316],[131.992493,34.710009],[131.991806,34.712831],[131.988373,34.712831],[131.988373,34.715653],[131.993866,34.715089],[131.997299,34.712831],[131.997986,34.71396],[132.000046,34.71396],[132.001419,34.718476],[132.004166,34.719604]]],[[[132.013779,34.706622],[132.014465,34.704364],[132.017899,34.702671],[132.019958,34.700977],[132.019958,34.695332],[132.015839,34.693074],[132.011719,34.695332],[132.010345,34.695332],[132.008286,34.69759],[132.010345,34.698155],[132.008286,34.700413],[132.008286,34.7038],[132.008972,34.704929],[132.012405,34.706622],[132.013779,34.706622]]],[[[132.041245,34.708316],[132.044678,34.702671],[132.042618,34.698155],[132.040558,34.695332],[132.034378,34.693074],[132.028885,34.693074],[132.025452,34.695332],[132.019958,34.695897],[132.019272,34.698155],[132.019958,34.700977],[132.024078,34.701542],[132.024078,34.7038],[132.025452,34.703235],[132.026825,34.704364],[132.028198,34.704364],[132.028198,34.704929],[132.029572,34.706058],[132.034378,34.706058],[132.039185,34.707187],[132.041245,34.708316]]],[[[132.019958,34.695897],[132.025452,34.695332],[132.028885,34.693074],[132.028198,34.688557],[132.026825,34.689686],[132.026138,34.689122],[132.017212,34.693074],[132.019958,34.695897]]],[[[132.019958,34.69138],[132.026138,34.689122],[132.026825,34.689686],[132.030945,34.686863],[132.024765,34.682346],[132.021332,34.682346],[132.019272,34.685169],[132.020645,34.687993],[132.019958,34.69138]]],[[[132.040558,34.695332],[132.040558,34.692509],[132.042618,34.692509],[132.046051,34.690251],[132.046051,34.687428],[132.044678,34.686299],[132.040558,34.685734],[132.037811,34.687428],[132.030945,34.686863],[132.028198,34.688557],[132.028885,34.693074],[132.034378,34.693074],[132.040558,34.695332]]],[[[132.046051,34.690251],[132.047424,34.689686],[132.048111,34.685169],[132.052231,34.685169],[132.052917,34.68404],[132.050171,34.680088],[132.041931,34.678394],[132.037811,34.6767],[132.030258,34.668229],[132.029572,34.672182],[132.026138,34.67557],[132.024765,34.682346],[132.032318,34.687428],[132.037811,34.687428],[132.040558,34.685734],[132.044678,34.686299],[132.046051,34.687428],[132.046051,34.690251]]],[[[132.057037,34.685734],[132.063217,34.685169],[132.070084,34.681782],[132.082443,34.678394],[132.081757,34.671053],[132.080383,34.671053],[132.07695,34.665405],[132.07077,34.661452],[132.06665,34.660887],[132.06665,34.657498],[132.06871,34.654109],[132.065964,34.648461],[132.063904,34.646766],[132.057724,34.646201],[132.049484,34.65072],[132.046051,34.649591],[132.043304,34.650155],[132.038498,34.646766],[132.035751,34.65185],[132.036438,34.654109],[132.034378,34.655239],[132.026825,34.663711],[132.030258,34.668229],[132.037811,34.6767],[132.041931,34.678394],[132.050171,34.680088],[132.052917,34.68404],[132.057037,34.684605],[132.057037,34.685734]]]]}},{"type":"Feature","properties":{"layer_id":"bakumatsu_villages","name":"安富村","address":"石見 美濃郡","source":"Geoshape 幕末期近世村領域データセット vector tiles (z7 extraction)","subarea_name":"近世村のおおよその範囲","feature_key":"village:K50G05S00023","accuracy_note":"2015年農業集落境界をもとに復元した概略範囲で、江戸時代の正確な村境ではありません"},"geometry":{"type":"MultiPolygon","coordinates":[[[[131.808472,34.660322],[131.809158,34.656934],[131.811218,34.651285],[131.810532,34.647896],[131.807785,34.645636],[131.802979,34.647331],[131.806412,34.650155],[131.806412,34.65185],[131.807785,34.65185],[131.807098,34.657498],[131.808472,34.660322]]],[[[131.801605,34.647896],[131.800919,34.639987],[131.797485,34.642812],[131.794739,34.641682],[131.794052,34.643942],[131.797485,34.647331],[131.801605,34.647896]]],[[[131.796799,34.640552],[131.798859,34.638857],[131.799545,34.637163],[131.797485,34.637163],[131.794052,34.638857],[131.796799,34.640552]]],[[[131.798172,34.642247],[131.799545,34.640552],[131.800919,34.639987],[131.800919,34.638293],[131.804352,34.638293],[131.805725,34.636598],[131.802979,34.636033],[131.799545,34.637163],[131.798859,34.638857],[131.796799,34.640552],[131.794052,34.638857],[131.794739,34.641682],[131.798172,34.642247]]],[[[131.802979,34.641117],[131.802979,34.638293],[131.800919,34.638293],[131.800919,34.641117],[131.802979,34.641117]]],[[[131.801605,34.647896],[131.805725,34.646201],[131.807785,34.645636],[131.808472,34.646201],[131.811218,34.645072],[131.809845,34.636598],[131.807785,34.637163],[131.805725,34.636598],[131.802292,34.638857],[131.802979,34.641117],[131.800919,34.641117],[131.801605,34.647896]]],[[[131.808472,34.660322],[131.811905,34.657498],[131.815338,34.656369],[131.818085,34.653545],[131.818771,34.655239],[131.821518,34.655804],[131.821518,34.653545],[131.820145,34.651285],[131.821518,34.649026],[131.819458,34.648461],[131.818771,34.646766],[131.810532,34.646766],[131.811218,34.651285],[131.809158,34.656934],[131.808472,34.660322]]],[[[131.821518,34.649026],[131.824265,34.645636],[131.824265,34.643942],[131.821518,34.643377],[131.822205,34.640552],[131.818085,34.638857],[131.818771,34.636033],[131.815338,34.634338],[131.809845,34.636598],[131.811218,34.645072],[131.808472,34.646201],[131.809845,34.646766],[131.818771,34.646766],[131.819458,34.648461],[131.821518,34.649026]]]]}},{"type":"Feature","properties":{"layer_id":"bakumatsu_villages","name":"寺垣内村","address":"石見 美濃郡","source":"Geoshape 幕末期近世村領域データセット vector tiles (z7 extraction)","subarea_name":"近世村のおおよその範囲","feature_key":"village:K50G05S00044","accuracy_note":"2015年農業集落境界をもとに復元した概略範囲で、江戸時代の正確な村境ではありません"},"geometry":{"type":"MultiPolygon","coordinates":[[[[131.809158,34.623038],[131.811218,34.622473],[131.810532,34.619082],[131.811218,34.617387],[131.812592,34.616822],[131.811905,34.615127],[131.812592,34.613431],[131.810532,34.610041],[131.806412,34.611736],[131.806412,34.613996],[131.803665,34.616257],[131.803665,34.617952],[131.802292,34.619082],[131.802979,34.621343],[131.802292,34.623038],[131.809158,34.623038]]],[[[131.802292,34.619082],[131.803665,34.617952],[131.803665,34.616257],[131.806412,34.613996],[131.806412,34.611171],[131.804352,34.611736],[131.802292,34.613996],[131.797485,34.615692],[131.802292,34.619082]]],[[[131.797485,34.615692],[131.802292,34.613996],[131.804352,34.611736],[131.807098,34.611736],[131.810532,34.610041],[131.811905,34.607215],[131.814651,34.606085],[131.815338,34.603259],[131.811905,34.601563],[131.801605,34.601563],[131.800919,34.604954],[131.795425,34.610606],[131.797485,34.615692]]],[[[131.811218,34.622473],[131.814651,34.619082],[131.822205,34.616822],[131.827698,34.616822],[131.831131,34.617952],[131.831818,34.615692],[131.829071,34.612866],[131.826324,34.611736],[131.819458,34.613996],[131.813278,34.614562],[131.811905,34.615127],[131.812592,34.616822],[131.811218,34.617387],[131.810532,34.620212],[131.811218,34.622473]]],[[[131.812592,34.615127],[131.813965,34.613996],[131.819458,34.613996],[131.826324,34.611736],[131.824265,34.60778],[131.824265,34.604954],[131.828384,34.602694],[131.832504,34.602694],[131.833191,34.600998],[131.833191,34.593085],[131.830444,34.59252],[131.828384,34.588563],[131.827011,34.59365],[131.824951,34.594781],[131.824951,34.597607],[131.817398,34.600998],[131.815338,34.603259],[131.814651,34.606085],[131.811905,34.607215],[131.810532,34.60891],[131.812592,34.613431],[131.812592,34.615127]]],[[[131.837311,34.620777],[131.851044,34.616822],[131.852417,34.615127],[131.85173,34.610606],[131.850357,34.608345],[131.840744,34.604954],[131.837311,34.601563],[131.834564,34.602694],[131.828384,34.602694],[131.823578,34.605519],[131.825638,34.610606],[131.829071,34.612866],[131.831818,34.615692],[131.831131,34.617952],[131.834564,34.620777],[131.837311,34.620777]]],[[[131.862717,34.619082],[131.863403,34.615692],[131.86203,34.610041],[131.857224,34.607215],[131.855164,34.602694],[131.851044,34.600433],[131.842804,34.602694],[131.841431,34.602128],[131.840744,34.598172],[131.838684,34.598172],[131.837311,34.601563],[131.840744,34.604954],[131.84967,34.608345],[131.85173,34.610041],[131.852417,34.615127],[131.851044,34.616822],[131.852417,34.617952],[131.854477,34.618517],[131.859283,34.617952],[131.860657,34.619082],[131.862717,34.619082]]]]}},{"type":"Feature","properties":{"layer_id":"bakumatsu_villages","name":"小俣賀村","address":"石見 美濃郡","source":"Geoshape 幕末期近世村領域データセット vector tiles (z7 extraction)","subarea_name":"近世村のおおよその範囲","feature_key":"village:K50G05S00019","accuracy_note":"2015年農業集落境界をもとに復元した概略範囲で、江戸時代の正確な村境ではありません"},"geometry":{"type":"Polygon","coordinates":[[[131.833878,34.665405],[131.840057,34.664276],[131.842804,34.660887],[131.842804,34.658063],[131.844864,34.656369],[131.844864,34.654674],[131.840057,34.653545],[131.833191,34.654674],[131.828384,34.657498],[131.825638,34.656934],[131.826324,34.662582],[131.833878,34.665405]]]}},{"type":"Feature","properties":{"layer_id":"bakumatsu_villages","name":"小原村","address":"石見 美濃郡","source":"Geoshape 幕末期近世村領域データセット vector tiles (z7 extraction)","subarea_name":"近世村のおおよその範囲","feature_key":"village:K50G05S00072","accuracy_note":"2015年農業集落境界をもとに復元した概略範囲で、江戸時代の正確な村境ではありません"},"geometry":{"type":"MultiPolygon","coordinates":[[[[131.912842,34.69138],[131.914902,34.689122],[131.916962,34.690816],[131.918335,34.690251],[131.920395,34.687428],[131.923141,34.686863],[131.924515,34.687993],[131.923828,34.686299],[131.925201,34.68404],[131.923141,34.682346],[131.924515,34.680652],[131.920395,34.679523],[131.918335,34.680088],[131.914902,34.677264],[131.912842,34.677829],[131.911469,34.677264],[131.909409,34.680088],[131.911469,34.680652],[131.910095,34.684605],[131.912155,34.685169],[131.910095,34.687428],[131.910782,34.69138],[131.912842,34.69138]]],[[[131.940308,34.710574],[131.943741,34.708316],[131.943741,34.706622],[131.939621,34.7038],[131.937561,34.702106],[131.938248,34.700413],[131.940308,34.699284],[131.939621,34.69759],[131.942368,34.696461],[131.939621,34.694768],[131.936874,34.694203],[131.935501,34.695897],[131.931381,34.696461],[131.931381,34.69138],[131.927948,34.687993],[131.925201,34.68404],[131.923828,34.686299],[131.924515,34.688557],[131.922455,34.686863],[131.919708,34.687428],[131.918335,34.689686],[131.918335,34.690251],[131.921082,34.688557],[131.922455,34.690816],[131.920395,34.694203],[131.921082,34.69759],[131.919022,34.699848],[131.920395,34.703235],[131.923141,34.7038],[131.925201,34.701542],[131.930695,34.702671],[131.932755,34.7038],[131.932068,34.706058],[131.934128,34.706058],[131.935501,34.704929],[131.937561,34.706058],[131.937561,34.710009],[131.940308,34.710574]]],[[[131.935501,34.695897],[131.938248,34.692509],[131.936874,34.690251],[131.937561,34.687428],[131.936874,34.686863],[131.937561,34.684605],[131.936188,34.682346],[131.933441,34.682346],[131.932755,34.681217],[131.927948,34.685169],[131.925201,34.68404],[131.927948,34.687993],[131.931381,34.69138],[131.930695,34.695897],[131.935501,34.695897]]]]}},{"type":"Feature","properties":{"layer_id":"bakumatsu_villages","name":"小平村","address":"石見 美濃郡","source":"Geoshape 幕末期近世村領域データセット vector tiles (z7 extraction)","subarea_name":"近世村のおおよその範囲","feature_key":"village:K50G05S00084","accuracy_note":"2015年農業集落境界をもとに復元した概略範囲で、江戸時代の正確な村境ではありません"},"geometry":{"type":"Polygon","coordinates":[[[131.929321,34.596476],[131.936188,34.59365],[131.934814,34.588563],[131.940994,34.586867],[131.944427,34.588563],[131.951294,34.586867],[131.951981,34.581214],[131.951981,34.578952],[131.949921,34.577256],[131.947174,34.569906],[131.942368,34.567079],[131.937561,34.568776],[131.937561,34.571603],[131.935501,34.57556],[131.928635,34.576691],[131.925888,34.569906],[131.925888,34.564252],[131.923828,34.565383],[131.923141,34.569341],[131.921082,34.572168],[131.919022,34.56821],[131.914902,34.567079],[131.912842,34.56821],[131.913528,34.569906],[131.912842,34.573864],[131.913528,34.574995],[131.921082,34.579518],[131.919022,34.582344],[131.912842,34.58404],[131.911469,34.585736],[131.914902,34.586302],[131.914215,34.587997],[131.909409,34.59252],[131.912842,34.594215],[131.920395,34.587432],[131.923141,34.588563],[131.925888,34.587997],[131.926575,34.590259],[131.928635,34.590259],[131.926575,34.593085],[131.928635,34.594781],[131.929321,34.596476]]]}},{"type":"Feature","properties":{"layer_id":"bakumatsu_villages","name":"小浜村","address":"石見 美濃郡","source":"Geoshape 幕末期近世村領域データセット vector tiles (z7 extraction)","subarea_name":"近世村のおおよその範囲","feature_key":"village:K50G05S00004","accuracy_note":"2015年農業集落境界をもとに復元した概略範囲で、江戸時代の正確な村境ではありません"},"geometry":{"type":"MultiPolygon","coordinates":[[[[131.722641,34.6767],[131.723328,34.677264],[131.724014,34.6767],[131.723328,34.676135],[131.724701,34.67557],[131.724014,34.674441],[131.726761,34.675006],[131.726761,34.674441],[131.726074,34.672182],[131.719894,34.672182],[131.717834,34.672747],[131.717148,34.675006],[131.719894,34.6767],[131.721268,34.676135],[131.722641,34.6767]]],[[[131.731567,34.675006],[131.731567,34.674441],[131.733627,34.674441],[131.725388,34.66597],[131.725388,34.668794],[131.726074,34.672182],[131.728134,34.675006],[131.729507,34.674441],[131.731567,34.675006]]],[[[131.717834,34.672747],[131.726074,34.672182],[131.725388,34.668794],[131.725388,34.66597],[131.724014,34.663146],[131.721268,34.661452],[131.717148,34.668229],[131.716461,34.672182],[131.717834,34.672747]]]]}},{"type":"Feature","properties":{"layer_id":"bakumatsu_villages","name":"川登村","address":"石見 美濃郡","source":"Geoshape 幕末期近世村領域データセット vector tiles (z7 extraction)","subarea_name":"近世村のおおよその範囲","feature_key":"village:K50G05S00035","accuracy_note":"2015年農業集落境界をもとに復元した概略範囲で、江戸時代の正確な村境ではありません"},"geometry":{"type":"MultiPolygon","coordinates":[[[[131.741867,34.638293],[131.74324,34.634903],[131.7556,34.633208],[131.759033,34.631513],[131.763153,34.632078],[131.765213,34.634338],[131.766586,34.632643],[131.768646,34.632643],[131.77002,34.629818],[131.769333,34.628123],[131.776199,34.622473],[131.773453,34.619082],[131.775513,34.616822],[131.775513,34.610041],[131.774826,34.609475],[131.768646,34.610606],[131.764526,34.612866],[131.761093,34.613431],[131.756287,34.612301],[131.754227,34.614562],[131.750793,34.616257],[131.750107,34.618517],[131.752167,34.620212],[131.750107,34.624168],[131.750793,34.626428],[131.748047,34.626993],[131.74324,34.630948],[131.73912,34.630948],[131.737747,34.636033],[131.736374,34.636598],[131.738434,34.638293],[131.741867,34.638293]]],[[[131.77002,34.639422],[131.773453,34.637728],[131.772079,34.634338],[131.773453,34.633773],[131.776886,34.634903],[131.776199,34.629818],[131.778259,34.626428],[131.776199,34.621908],[131.769333,34.628123],[131.77002,34.629818],[131.768646,34.632643],[131.766586,34.632643],[131.765213,34.634338],[131.767273,34.637728],[131.77002,34.639422]]]]}},{"type":"Feature","properties":{"layer_id":"bakumatsu_villages","name":"左山村","address":"石見 美濃郡","source":"Geoshape 幕末期近世村領域データセット vector tiles (z7 extraction)","subarea_name":"近世村のおおよその範囲","feature_key":"village:K50G05S00018","accuracy_note":"2015年農業集落境界をもとに復元した概略範囲で、江戸時代の正確な村境ではありません"},"geometry":{"type":"Polygon","coordinates":[[[131.839371,34.646201],[131.842117,34.643377],[131.844177,34.643377],[131.84761,34.645072],[131.84967,34.643377],[131.85379,34.642247],[131.85585,34.643377],[131.85791,34.642247],[131.862717,34.642812],[131.86615,34.637728],[131.869583,34.637728],[131.869583,34.633773],[131.86821,34.633208],[131.869583,34.628688],[131.86821,34.627558],[131.866837,34.624168],[131.863403,34.623038],[131.864777,34.621343],[131.863403,34.618517],[131.860657,34.619082],[131.859283,34.617952],[131.854477,34.618517],[131.854477,34.621343],[131.84967,34.621908],[131.846924,34.624168],[131.843491,34.625298],[131.842804,34.629253],[131.836624,34.633208],[131.838684,34.636033],[131.836624,34.638293],[131.837997,34.641682],[131.835938,34.643377],[131.837997,34.643942],[131.839371,34.646201]]]}},{"type":"Feature","properties":{"layer_id":"bakumatsu_villages","name":"市原村","address":"石見 美濃郡","source":"Geoshape 幕末期近世村領域データセット vector tiles (z7 extraction)","subarea_name":"近世村のおおよその範囲","feature_key":"village:K50G05S00030","accuracy_note":"2015年農業集落境界をもとに復元した概略範囲で、江戸時代の正確な村境ではありません"},"geometry":{"type":"MultiPolygon","coordinates":[[[[131.796799,34.680652],[131.795425,34.673312],[131.798859,34.669359],[131.796799,34.6671],[131.790619,34.670488],[131.784439,34.667664],[131.782379,34.668229],[131.780319,34.666535],[131.776886,34.666535],[131.775513,34.667664],[131.772766,34.672182],[131.775513,34.675006],[131.776199,34.677829],[131.784439,34.680088],[131.787872,34.678958],[131.794052,34.680652],[131.796799,34.680652]]],[[[131.791306,34.670488],[131.796799,34.6671],[131.795425,34.665405],[131.797485,34.662582],[131.797485,34.658628],[131.781006,34.661452],[131.776886,34.663711],[131.776886,34.666535],[131.780319,34.666535],[131.782379,34.668229],[131.784439,34.667664],[131.789246,34.670488],[131.791306,34.670488]]]]}},{"type":"Feature","properties":{"layer_id":"bakumatsu_villages","name":"平原村","address":"石見 美濃郡","source":"Geoshape 幕末期近世村領域データセット vector tiles (z7 extraction)","subarea_name":"近世村のおおよその範囲","feature_key":"village:K50G05S00050","accuracy_note":"2015年農業集落境界をもとに復元した概略範囲で、江戸時代の正確な村境ではありません"},"geometry":{"type":"MultiPolygon","coordinates":[[[[131.868896,34.756846],[131.87439,34.75064],[131.879883,34.750076],[131.877823,34.74669],[131.875076,34.747255],[131.87027,34.749511],[131.868896,34.748947],[131.866837,34.75064],[131.866837,34.751768],[131.864777,34.752332],[131.865463,34.754589],[131.86409,34.755717],[131.865463,34.756281],[131.868896,34.756846]]],[[[131.875076,34.76023],[131.877136,34.758538],[131.87851,34.759666],[131.881256,34.759102],[131.882629,34.756281],[131.886749,34.754025],[131.885376,34.752332],[131.881256,34.752332],[131.879883,34.750076],[131.877136,34.75064],[131.87439,34.75064],[131.868896,34.756846],[131.868896,34.759102],[131.870956,34.757974],[131.87027,34.759102],[131.87233,34.759102],[131.87233,34.759666],[131.875076,34.76023]]],[[[131.888123,34.759102],[131.891556,34.756846],[131.891556,34.755153],[131.892929,34.754589],[131.890869,34.753461],[131.885376,34.754589],[131.882629,34.756281],[131.881256,34.759102],[131.886749,34.756846],[131.888123,34.759102]]],[[[131.885376,34.752332],[131.886063,34.748383],[131.890182,34.744998],[131.885376,34.743305],[131.881943,34.743869],[131.877823,34.74669],[131.881256,34.752332],[131.885376,34.752332]]],[[[131.892929,34.754589],[131.896362,34.751204],[131.893616,34.744998],[131.890182,34.744998],[131.886063,34.748383],[131.885376,34.752332],[131.886749,34.754025],[131.890869,34.753461],[131.892929,34.754589]]]]}},{"type":"Feature","properties":{"layer_id":"bakumatsu_villages","name":"広瀬村","address":"石見 美濃郡","source":"Geoshape 幕末期近世村領域データセット vector tiles (z7 extraction)","subarea_name":"近世村のおおよその範囲","feature_key":"village:K50G05S00081","accuracy_note":"2015年農業集落境界をもとに復元した概略範囲で、江戸時代の正確な村境ではありません"},"geometry":{"type":"MultiPolygon","coordinates":[[[[131.988373,34.612866],[131.994553,34.610606],[131.996613,34.611171],[131.999359,34.610041],[132.004166,34.604389],[132.002792,34.595911],[131.993866,34.590824],[131.993179,34.586302],[131.990433,34.586867],[131.987,34.586867],[131.986313,34.587432],[131.989059,34.588563],[131.989059,34.590259],[131.986313,34.590824],[131.985626,34.596476],[131.98288,34.598737],[131.98494,34.602694],[131.983566,34.60665],[131.988373,34.612866]]],[[[131.971207,34.588563],[131.967773,34.58404],[131.97052,34.583475],[131.97258,34.584606],[131.97258,34.578952],[131.98082,34.573299],[131.9767,34.570472],[131.975327,34.567645],[131.971893,34.564252],[131.96846,34.567079],[131.959534,34.570472],[131.957474,34.576691],[131.951981,34.580083],[131.951981,34.581214],[131.950607,34.585171],[131.951981,34.586302],[131.956787,34.588563],[131.96228,34.587997],[131.971207,34.588563]]],[[[131.9767,34.610041],[131.97876,34.609475],[131.980133,34.60665],[131.983566,34.60665],[131.98494,34.602694],[131.98288,34.598737],[131.985626,34.596476],[131.986313,34.590824],[131.983566,34.589693],[131.982193,34.587432],[131.973267,34.585736],[131.97052,34.583475],[131.967773,34.58404],[131.971207,34.588563],[131.96846,34.590259],[131.969147,34.591954],[131.967087,34.595346],[131.9664,34.602694],[131.96434,34.604954],[131.963654,34.604389],[131.963654,34.60891],[131.965027,34.609475],[131.9767,34.610041]]],[[[131.987,34.591389],[131.989059,34.590259],[131.989059,34.588563],[131.986313,34.587432],[131.987,34.586867],[131.990433,34.586867],[131.993179,34.585736],[131.995926,34.588563],[131.997986,34.587432],[132.002106,34.578952],[131.995926,34.577822],[131.991806,34.579518],[131.988373,34.577256],[131.98494,34.576126],[131.98288,34.573299],[131.98082,34.573299],[131.97258,34.578952],[131.97258,34.584606],[131.973267,34.585736],[131.982193,34.587432],[131.983566,34.589693],[131.987,34.591389]]]]}},{"type":"Feature","properties":{"layer_id":"bakumatsu_villages","name":"広見河内村","address":"石見 美濃郡","source":"Geoshape 幕末期近世村領域データセット vector tiles (z7 extraction)","subarea_name":"近世村のおおよその範囲","feature_key":"village:K50G05S00096","accuracy_note":"2015年農業集落境界をもとに復元した概略範囲で、江戸時代の正確な村境ではありません"},"geometry":{"type":"Polygon","coordinates":[[[132.094803,34.599302],[132.098923,34.598737],[132.103043,34.596476],[132.110596,34.596476],[132.113342,34.594781],[132.118149,34.595346],[132.123642,34.591389],[132.125015,34.583475],[132.117462,34.578952],[132.118835,34.572733],[132.113342,34.563121],[132.109222,34.561425],[132.106476,34.557466],[132.099609,34.555204],[132.096176,34.549549],[132.088623,34.545025],[132.087936,34.541631],[132.083817,34.537672],[132.079697,34.537106],[132.075577,34.537106],[132.073517,34.535409],[132.067337,34.534278],[132.06665,34.535409],[132.063217,34.534278],[132.062531,34.532581],[132.058411,34.53145],[132.057724,34.529753],[132.052231,34.530318],[132.046738,34.519004],[132.041245,34.518438],[132.038498,34.51957],[132.037811,34.51561],[132.034378,34.515044],[132.031631,34.513346],[132.027512,34.516175],[132.023392,34.515044],[132.019272,34.51561],[132.017899,34.518438],[132.017899,34.52353],[132.022018,34.529187],[132.022018,34.53145],[132.018585,34.534844],[132.020645,34.541066],[132.018585,34.54559],[132.020645,34.549549],[132.021332,34.555204],[132.024078,34.557466],[132.022705,34.563121],[132.021332,34.565948],[132.026138,34.565948],[132.032318,34.563121],[132.040558,34.563687],[132.045364,34.562556],[132.048111,34.563687],[132.053604,34.56199],[132.063217,34.565383],[132.070084,34.565948],[132.07283,34.568776],[132.07695,34.569341],[132.082443,34.572168],[132.08313,34.577256],[132.088623,34.580083],[132.089996,34.581779],[132.08931,34.583475],[132.092743,34.590824],[132.090683,34.59365],[132.094803,34.599302]]]}},{"type":"Feature","properties":{"layer_id":"bakumatsu_villages","name":"戸田村","address":"石見 美濃郡","source":"Geoshape 幕末期近世村領域データセット vector tiles (z7 extraction)","subarea_name":"近世村のおおよその範囲","feature_key":"village:K50G05S00003","accuracy_note":"2015年農業集落境界をもとに復元した概略範囲で、江戸時代の正確な村境ではありません"},"geometry":{"type":"MultiPolygon","coordinates":[[[[131.737747,34.675006],[131.737747,34.673312],[131.73912,34.672747],[131.738434,34.671053],[131.737061,34.670488],[131.734314,34.674441],[131.737747,34.675006]]],[[[131.740494,34.675006],[131.74324,34.672747],[131.74324,34.671053],[131.74118,34.668794],[131.74118,34.66597],[131.738434,34.6671],[131.737061,34.669923],[131.73912,34.672747],[131.737747,34.673312],[131.737747,34.675006],[131.740494,34.675006]]],[[[131.734314,34.674441],[131.737061,34.671053],[131.736374,34.668794],[131.724014,34.663146],[131.729507,34.670488],[131.734314,34.674441]]],[[[131.737061,34.669923],[131.738434,34.6671],[131.74118,34.66597],[131.742554,34.659758],[131.737747,34.655804],[131.737061,34.653545],[131.740494,34.651285],[131.736374,34.65072],[131.735687,34.65185],[131.734314,34.65185],[131.733627,34.65298],[131.729507,34.65298],[131.729507,34.655804],[131.725388,34.656934],[131.724014,34.656369],[131.721268,34.658063],[131.720581,34.659758],[131.721268,34.661452],[131.734314,34.6671],[131.737061,34.669923]]],[[[131.746674,34.676135],[131.748047,34.667664],[131.74736,34.664841],[131.742554,34.659758],[131.74118,34.66597],[131.74118,34.668794],[131.74324,34.671053],[131.74324,34.672747],[131.740494,34.675006],[131.746674,34.676135]]]]}},{"type":"Feature","properties":{"layer_id":"bakumatsu_villages","name":"持石村","address":"石見 美濃郡","source":"Geoshape 幕末期近世村領域データセット vector tiles (z7 extraction)","subarea_name":"近世村のおおよその範囲","feature_key":"village:K50G05S00028","accuracy_note":"2015年農業集落境界をもとに復元した概略範囲で、江戸時代の正確な村境ではありません"},"geometry":{"type":"MultiPolygon","coordinates":[[[[131.797485,34.688557],[131.798172,34.687428],[131.796799,34.684605],[131.796799,34.680652],[131.794052,34.680652],[131.788559,34.678958],[131.786499,34.681782],[131.784439,34.680088],[131.778946,34.678394],[131.776886,34.678958],[131.775513,34.675006],[131.773453,34.673312],[131.772766,34.675006],[131.769333,34.674441],[131.768646,34.6767],[131.76384,34.680088],[131.771393,34.682911],[131.776886,34.683476],[131.778946,34.685169],[131.780319,34.684605],[131.783066,34.686299],[131.789932,34.686863],[131.790619,34.687993],[131.791992,34.687428],[131.797485,34.688557]]],[[[131.786499,34.681782],[131.788559,34.678958],[131.787872,34.678958],[131.784439,34.680088],[131.786499,34.681782]]],[[[131.813278,34.694203],[131.813965,34.691945],[131.820831,34.693638],[131.818771,34.687428],[131.814651,34.685734],[131.811905,34.683476],[131.813965,34.678394],[131.808472,34.676135],[131.804352,34.676135],[131.802292,34.675006],[131.796799,34.680652],[131.796799,34.684605],[131.798172,34.687428],[131.797485,34.688557],[131.810532,34.692509],[131.812592,34.694203],[131.813278,34.694203]]],[[[131.820145,34.697026],[131.827011,34.691945],[131.828384,34.686299],[131.826324,34.686863],[131.824951,34.689122],[131.823578,34.686863],[131.824951,34.684605],[131.818771,34.687428],[131.820831,34.693638],[131.813965,34.691945],[131.813278,34.694203],[131.814651,34.695332],[131.816711,34.694768],[131.816711,34.695897],[131.817398,34.695332],[131.820145,34.697026]]],[[[131.818085,34.687428],[131.824951,34.684605],[131.820145,34.682346],[131.818085,34.683476],[131.816711,34.682911],[131.816711,34.681782],[131.813278,34.679523],[131.811905,34.683476],[131.818085,34.687428]]]]}},{"type":"Feature","properties":{"layer_id":"bakumatsu_villages","name":"朝倉村","address":"石見 美濃郡","source":"Geoshape 幕末期近世村領域データセット vector tiles (z7 extraction)","subarea_name":"近世村のおおよその範囲","feature_key":"village:K50G05S00073","accuracy_note":"2015年農業集落境界をもとに復元した概略範囲で、江戸時代の正確な村境ではありません"},"geometry":{"type":"MultiPolygon","coordinates":[[[[131.924515,34.680652],[131.926575,34.680088],[131.926575,34.678958],[131.928635,34.678394],[131.930008,34.67557],[131.928635,34.67557],[131.928635,34.672747],[131.925888,34.671617],[131.918335,34.674441],[131.916275,34.676135],[131.914215,34.67557],[131.911469,34.677264],[131.912842,34.677829],[131.914902,34.677264],[131.918335,34.680088],[131.920395,34.679523],[131.924515,34.680652]]],[[[131.930008,34.67557],[131.936188,34.673312],[131.939621,34.667664],[131.941681,34.660887],[131.943054,34.659193],[131.946487,34.658063],[131.943741,34.65298],[131.942368,34.65298],[131.940994,34.654109],[131.938934,34.653545],[131.936874,34.656369],[131.936874,34.660887],[131.934128,34.660322],[131.932755,34.660887],[131.930695,34.665405],[131.927948,34.665405],[131.925201,34.669359],[131.925888,34.671617],[131.928635,34.672747],[131.928635,34.67557],[131.930008,34.67557]]]]}},{"type":"Feature","properties":{"layer_id":"bakumatsu_villages","name":"木部村","address":"石見 美濃郡","source":"Geoshape 幕末期近世村領域データセット vector tiles (z7 extraction)","subarea_name":"近世村のおおよその範囲","feature_key":"village:K50G05S00052","accuracy_note":"2015年農業集落境界をもとに復元した概略範囲で、江戸時代の正確な村境ではありません"},"geometry":{"type":"MultiPolygon","coordinates":[[[[131.87027,34.749511],[131.873703,34.747819],[131.873016,34.74669],[131.875763,34.743869],[131.87439,34.743305],[131.87233,34.744434],[131.86821,34.746126],[131.869583,34.747255],[131.86821,34.748947],[131.87027,34.749511]]],[[[131.873703,34.747819],[131.877823,34.74669],[131.881943,34.743869],[131.87851,34.743305],[131.87645,34.741612],[131.875763,34.743869],[131.873016,34.74669],[131.873703,34.747819]]],[[[131.873703,34.73992],[131.873703,34.737098],[131.87027,34.73597],[131.868896,34.737098],[131.87027,34.738227],[131.86821,34.73992],[131.873703,34.73992]]],[[[131.875763,34.743869],[131.875763,34.741612],[131.873703,34.73992],[131.871643,34.73992],[131.873016,34.741612],[131.870956,34.743305],[131.873703,34.742741],[131.87439,34.743305],[131.875763,34.743869]]],[[[131.873703,34.737098],[131.877136,34.736534],[131.877823,34.734277],[131.87645,34.73202],[131.87027,34.730891],[131.869583,34.732584],[131.87027,34.732584],[131.870956,34.734277],[131.869583,34.735406],[131.873703,34.737098]]],[[[131.881943,34.743869],[131.883316,34.742177],[131.883316,34.739356],[131.87645,34.736534],[131.873703,34.737098],[131.873703,34.73992],[131.875763,34.742177],[131.87851,34.743305],[131.881943,34.743869]]],[[[131.869583,34.73202],[131.870956,34.730891],[131.87645,34.73202],[131.875076,34.730891],[131.87851,34.725248],[131.87027,34.725812],[131.86615,34.729198],[131.869583,34.73202]]],[[[131.869583,34.73202],[131.86821,34.732584],[131.869583,34.732584],[131.869583,34.73202]]],[[[131.893616,34.744998],[131.894989,34.737098],[131.897049,34.737098],[131.897049,34.73597],[131.896362,34.735406],[131.895676,34.733713],[131.892929,34.734277],[131.889496,34.736534],[131.883316,34.733149],[131.877823,34.734841],[131.877136,34.736534],[131.883316,34.739356],[131.883316,34.742177],[131.881943,34.743869],[131.885376,34.743305],[131.890182,34.744998],[131.893616,34.744998]]],[[[131.889496,34.736534],[131.892929,34.734277],[131.895676,34.733713],[131.897049,34.73202],[131.893616,34.729763],[131.892929,34.72807],[131.891556,34.729198],[131.888809,34.728634],[131.888123,34.726941],[131.885376,34.727505],[131.87851,34.726377],[131.875076,34.730891],[131.87645,34.73202],[131.877823,34.734841],[131.883316,34.733149],[131.889496,34.736534]]]]}},{"type":"Feature","properties":{"layer_id":"bakumatsu_villages","name":"本俣賀村・古者《本俣賀村／小野村》弐ヶ村","address":"石見 美濃郡","source":"Geoshape 幕末期近世村領域データセット vector tiles (z7 extraction)","subarea_name":"近世村のおおよその範囲","feature_key":"village:K50G05S00020","accuracy_note":"2015年農業集落境界をもとに復元した概略範囲で、江戸時代の正確な村境ではありません"},"geometry":{"type":"MultiPolygon","coordinates":[[[[131.828384,34.657498],[131.830444,34.656934],[131.831131,34.655804],[131.832504,34.655239],[131.831818,34.65185],[131.827011,34.65298],[131.824951,34.656369],[131.825638,34.656934],[131.828384,34.657498]]],[[[131.826324,34.655239],[131.827011,34.65298],[131.829758,34.652415],[131.829758,34.649591],[131.829071,34.649591],[131.830444,34.643942],[131.828384,34.642247],[131.824951,34.643377],[131.821518,34.649026],[131.823578,34.650155],[131.826324,34.655239]]],[[[131.829758,34.652415],[131.831818,34.65185],[131.836624,34.65185],[131.836624,34.650155],[131.839371,34.648461],[131.837311,34.643377],[131.833878,34.643942],[131.831818,34.646766],[131.829758,34.647331],[131.829071,34.649591],[131.829758,34.649591],[131.829758,34.652415]]],[[[131.844864,34.654674],[131.846237,34.653545],[131.846924,34.65072],[131.844864,34.649591],[131.84761,34.645072],[131.844177,34.643377],[131.842117,34.643942],[131.839371,34.646201],[131.839371,34.648461],[131.836624,34.650155],[131.836624,34.65185],[131.831818,34.65185],[131.833191,34.654674],[131.840057,34.653545],[131.844864,34.654674]]]]}},{"type":"Feature","properties":{"layer_id":"bakumatsu_villages","name":"本横田村","address":"石見 美濃郡","source":"Geoshape 幕末期近世村領域データセット vector tiles (z7 extraction)","subarea_name":"近世村のおおよその範囲","feature_key":"village:K50G05S00022","accuracy_note":"2015年農業集落境界をもとに復元した概略範囲で、江戸時代の正確な村境ではありません"},"geometry":{"type":"MultiPolygon","coordinates":[[[[131.794052,34.643942],[131.794052,34.638857],[131.796112,34.637163],[131.800919,34.637163],[131.802979,34.636033],[131.806412,34.637163],[131.805038,34.636033],[131.790619,34.629253],[131.789932,34.633208],[131.790619,34.634338],[131.791306,34.639422],[131.794052,34.643942]]],[[[131.807785,34.637163],[131.809845,34.636598],[131.807785,34.632643],[131.802292,34.631513],[131.793365,34.627558],[131.790619,34.629253],[131.807785,34.637163]]],[[[131.807785,34.632643],[131.807098,34.628123],[131.805725,34.627558],[131.802292,34.626993],[131.798172,34.628123],[131.795425,34.626428],[131.793365,34.627558],[131.802292,34.631513],[131.807785,34.632643]]],[[[131.807098,34.628123],[131.807785,34.627558],[131.807098,34.626428],[131.804352,34.626428],[131.802979,34.626993],[131.807098,34.628123]]],[[[131.807785,34.624733],[131.808472,34.625863],[131.810532,34.624168],[131.809158,34.623038],[131.808472,34.624168],[131.807785,34.624733]]],[[[131.807098,34.624733],[131.806412,34.623038],[131.802292,34.623038],[131.802292,34.623603],[131.795425,34.626428],[131.798172,34.628123],[131.804352,34.626428],[131.807098,34.626428],[131.806412,34.625298],[131.807098,34.624733]]],[[[131.807098,34.626428],[131.808472,34.625863],[131.807785,34.624733],[131.806412,34.625298],[131.807098,34.626428]]],[[[131.809845,34.636598],[131.812592,34.636033],[131.813278,34.635468],[131.812592,34.633773],[131.808472,34.628123],[131.807098,34.628123],[131.807098,34.630383],[131.809845,34.636598]]],[[[131.814651,34.628123],[131.813278,34.626993],[131.810532,34.624168],[131.807098,34.626428],[131.807098,34.628123],[131.814651,34.628123]]],[[[131.807098,34.624733],[131.808472,34.624168],[131.809158,34.623038],[131.806412,34.623038],[131.807098,34.624733]]],[[[131.813965,34.635468],[131.815338,34.634338],[131.817398,34.634903],[131.818771,34.633773],[131.818085,34.632643],[131.819458,34.630383],[131.814651,34.628123],[131.808472,34.628123],[131.813965,34.635468]]],[[[131.822891,34.630948],[131.826324,34.627558],[131.827011,34.624168],[131.834564,34.620777],[131.831131,34.617952],[131.828384,34.616822],[131.822205,34.616822],[131.814651,34.619082],[131.811905,34.621908],[131.809158,34.623038],[131.814651,34.628688],[131.820145,34.630948],[131.822891,34.630948]]]]}},{"type":"Feature","properties":{"layer_id":"bakumatsu_villages","name":"東村","address":"石見 美濃郡","source":"Geoshape 幕末期近世村領域データセット vector tiles (z7 extraction)","subarea_name":"近世村のおおよその範囲","feature_key":"village:K50G05S00092","accuracy_note":"2015年農業集落境界をもとに復元した概略範囲で、江戸時代の正確な村境ではありません"},"geometry":{"type":"MultiPolygon","coordinates":[[[[132.041931,34.59252],[132.037811,34.589128],[132.037125,34.586867],[132.034378,34.586867],[132.032318,34.585171],[132.024078,34.571037],[132.020645,34.569341],[132.018585,34.569341],[132.017899,34.569906],[132.025452,34.578387],[132.026825,34.584606],[132.029572,34.585736],[132.033005,34.590259],[132.041931,34.59252]]],[[[132.013092,34.57556],[132.016525,34.569906],[132.016525,34.568776],[132.015839,34.569341],[132.013779,34.568776],[132.011719,34.571603],[132.011719,34.573299],[132.013092,34.57556]]],[[[132.013779,34.574995],[132.017899,34.570472],[132.017212,34.569341],[132.014465,34.572168],[132.013779,34.574995]]],[[[132.026825,34.583475],[132.025452,34.578387],[132.017899,34.569906],[132.013092,34.57556],[132.012405,34.580083],[132.009659,34.580648],[132.010345,34.581779],[132.013092,34.58291],[132.019272,34.581779],[132.026825,34.583475]]],[[[132.017899,34.570472],[132.020645,34.569341],[132.021332,34.567079],[132.016525,34.564818],[132.016525,34.568776],[132.017899,34.570472]]],[[[132.024078,34.571037],[132.032318,34.563121],[132.026138,34.565948],[132.021332,34.565948],[132.020645,34.569341],[132.024078,34.571037]]],[[[132.021332,34.567079],[132.024078,34.559728],[132.023392,34.556901],[132.021332,34.555204],[132.020645,34.549549],[132.018585,34.54559],[132.019958,34.541631],[132.014465,34.543894],[132.013779,34.545025],[132.013779,34.551246],[132.015152,34.554073],[132.016525,34.564818],[132.021332,34.567079]]],[[[132.051544,34.598737],[132.054977,34.597607],[132.056351,34.595911],[132.059097,34.595911],[132.060471,34.594215],[132.061157,34.59252],[132.059097,34.591954],[132.057037,34.590259],[132.062531,34.589128],[132.06871,34.589693],[132.072144,34.587997],[132.07695,34.587432],[132.084503,34.58291],[132.087936,34.579518],[132.08313,34.577256],[132.08313,34.572733],[132.081757,34.571037],[132.07695,34.569341],[132.07283,34.568776],[132.071457,34.566514],[132.069397,34.565383],[132.063217,34.565383],[132.054291,34.56199],[132.048111,34.563687],[132.045364,34.562556],[132.040558,34.563687],[132.032318,34.563121],[132.024078,34.571037],[132.026138,34.57556],[132.033691,34.586867],[132.037125,34.586867],[132.038498,34.589693],[132.043991,34.59365],[132.046738,34.597042],[132.051544,34.598737]]]]}},{"type":"Feature","properties":{"layer_id":"bakumatsu_villages","name":"東長沢村・古者《東長沢村／二ノ谷村》弐ヶ村","address":"石見 美濃郡","source":"Geoshape 幕末期近世村領域データセット vector tiles (z7 extraction)","subarea_name":"近世村のおおよその範囲","feature_key":"village:K50G05S00014","accuracy_note":"2015年農業集落境界をもとに復元した概略範囲で、江戸時代の正確な村境ではありません"},"geometry":{"type":"Polygon","coordinates":[[[131.925888,34.629818],[131.928635,34.629253],[131.930695,34.626993],[131.931381,34.625298],[131.933441,34.624168],[131.933441,34.622473],[131.938934,34.619647],[131.938934,34.615127],[131.931381,34.611736],[131.922455,34.615692],[131.922455,34.622473],[131.917648,34.624168],[131.925888,34.629818]]]}},{"type":"Feature","properties":{"layer_id":"bakumatsu_villages","name":"松原村","address":"石見 美濃郡","source":"Geoshape 幕末期近世村領域データセット vector tiles (z7 extraction)","subarea_name":"近世村のおおよその範囲","feature_key":"village:K50G05S00031","accuracy_note":"2015年農業集落境界をもとに復元した概略範囲で、江戸時代の正確な村境ではありません"},"geometry":{"type":"Polygon","coordinates":[[[131.776886,34.666535],[131.776886,34.663711],[131.781006,34.661452],[131.796799,34.658628],[131.795425,34.654674],[131.798172,34.65185],[131.794739,34.65072],[131.792679,34.648461],[131.789246,34.648461],[131.789932,34.650155],[131.789246,34.653545],[131.785812,34.654674],[131.785126,34.655239],[131.783752,34.654674],[131.781006,34.656934],[131.778259,34.655804],[131.775513,34.656934],[131.771393,34.656934],[131.76796,34.661452],[131.773453,34.665405],[131.776886,34.666535]]]}},{"type":"Feature","properties":{"layer_id":"bakumatsu_villages","name":"板井川村","address":"石見 美濃郡","source":"Geoshape 幕末期近世村領域データセット vector tiles (z7 extraction)","subarea_name":"近世村のおおよその範囲","feature_key":"village:K50G05S00015","accuracy_note":"2015年農業集落境界をもとに復元した概略範囲で、江戸時代の正確な村境ではありません"},"geometry":{"type":"MultiPolygon","coordinates":[[[[132.039185,34.719604],[132.043991,34.717911],[132.045364,34.717911],[132.049484,34.713396],[132.052231,34.714525],[132.057724,34.714525],[132.057037,34.712267],[132.060471,34.710009],[132.061844,34.711703],[132.06459,34.712267],[132.065964,34.70888],[132.063904,34.707187],[132.061844,34.702671],[132.056351,34.699848],[132.050171,34.704364],[132.046738,34.704929],[132.043991,34.704929],[132.041245,34.708316],[132.039185,34.707187],[132.039185,34.710009],[132.035751,34.711703],[132.035065,34.716782],[132.036438,34.719604],[132.039185,34.719604]]],[[[132.042618,34.705493],[132.050171,34.704364],[132.056351,34.699848],[132.055664,34.695332],[132.061157,34.690251],[132.065277,34.689122],[132.069397,34.689686],[132.073517,34.689122],[132.070084,34.681782],[132.063217,34.685169],[132.057037,34.685734],[132.057037,34.684605],[132.052917,34.68404],[132.052231,34.685169],[132.048111,34.685169],[132.047424,34.689686],[132.042618,34.692509],[132.040558,34.692509],[132.040558,34.695332],[132.042618,34.698155],[132.044678,34.702671],[132.042618,34.705493]]],[[[132.065964,34.708316],[132.070084,34.706622],[132.07901,34.707751],[132.08313,34.705493],[132.083817,34.702671],[132.080383,34.701542],[132.076263,34.697026],[132.073517,34.689122],[132.069397,34.689686],[132.061844,34.689686],[132.056351,34.693638],[132.054977,34.696461],[132.056351,34.699848],[132.061844,34.702671],[132.063904,34.707187],[132.065964,34.708316]]],[[[132.100983,34.715089],[132.100296,34.711138],[132.101669,34.70888],[132.099609,34.706058],[132.100983,34.703235],[132.100296,34.702106],[132.096863,34.701542],[132.09549,34.692509],[132.092056,34.686299],[132.087936,34.683476],[132.087936,34.681782],[132.08313,34.680088],[132.082443,34.678394],[132.070084,34.681782],[132.076263,34.697026],[132.080383,34.701542],[132.083817,34.702671],[132.08313,34.705493],[132.090683,34.710574],[132.09343,34.713396],[132.098923,34.715089],[132.100983,34.715089]]]]}},{"type":"Feature","properties":{"layer_id":"bakumatsu_villages","name":"柏原村","address":"石見 美濃郡","source":"Geoshape 幕末期近世村領域データセット vector tiles (z7 extraction)","subarea_name":"近世村のおおよその範囲","feature_key":"village:K50G05S00040","accuracy_note":"2015年農業集落境界をもとに復元した概略範囲で、江戸時代の正確な村境ではありません"},"geometry":{"type":"MultiPolygon","coordinates":[[[[131.739807,34.599868],[131.743927,34.599302],[131.74736,34.597607],[131.752167,34.591389],[131.754913,34.590259],[131.75148,34.587432],[131.748734,34.586302],[131.748734,34.587997],[131.746674,34.589693],[131.74324,34.590824],[131.738434,34.590259],[131.736374,34.588563],[131.737747,34.595911],[131.739807,34.599868]]],[[[131.74324,34.590824],[131.746674,34.589693],[131.748734,34.587997],[131.74736,34.584606],[131.74736,34.581779],[131.74324,34.580648],[131.742554,34.581779],[131.738434,34.58291],[131.736374,34.584606],[131.736374,34.588563],[131.737061,34.589693],[131.739807,34.590824],[131.74324,34.590824]]],[[[131.736374,34.584606],[131.742554,34.581779],[131.74324,34.580083],[131.748047,34.580083],[131.750107,34.578387],[131.744614,34.57556],[131.746674,34.57556],[131.746674,34.572168],[131.74942,34.569341],[131.743927,34.564252],[131.738434,34.561425],[131.735001,34.561425],[131.733627,34.563121],[131.732254,34.563687],[131.731567,34.566514],[131.731567,34.57443],[131.736374,34.580648],[131.736374,34.584606]]],[[[131.756287,34.590259],[131.756973,34.588563],[131.758347,34.588563],[131.75972,34.58291],[131.75766,34.580648],[131.750793,34.578387],[131.748047,34.580083],[131.74324,34.580083],[131.74736,34.581779],[131.74736,34.584606],[131.748047,34.586302],[131.75148,34.587432],[131.754913,34.590259],[131.756287,34.590259]]],[[[131.769333,34.598737],[131.771393,34.59252],[131.77002,34.591954],[131.768646,34.591954],[131.769333,34.588563],[131.767273,34.587432],[131.77002,34.58291],[131.766586,34.581779],[131.76384,34.58291],[131.75972,34.58291],[131.758347,34.588563],[131.756973,34.588563],[131.756287,34.590259],[131.762466,34.59252],[131.762466,34.594215],[131.76796,34.598737],[131.769333,34.598737]]],[[[131.763153,34.58291],[131.765213,34.580648],[131.767273,34.577256],[131.765213,34.57556],[131.762466,34.571037],[131.758347,34.568776],[131.756287,34.569341],[131.754913,34.569341],[131.754227,34.570472],[131.75148,34.569341],[131.74942,34.569341],[131.746674,34.572168],[131.746674,34.57556],[131.744614,34.57556],[131.750107,34.578387],[131.75766,34.580648],[131.75972,34.58291],[131.763153,34.58291]]]]}},{"type":"Feature","properties":{"layer_id":"bakumatsu_villages","name":"栃山村","address":"石見 美濃郡","source":"Geoshape 幕末期近世村領域データセット vector tiles (z7 extraction)","subarea_name":"近世村のおおよその範囲","feature_key":"village:K50G05S00010","accuracy_note":"2015年農業集落境界をもとに復元した概略範囲で、江戸時代の正確な村境ではありません"},"geometry":{"type":"Polygon","coordinates":[[[131.889496,34.646201],[131.892929,34.643377],[131.888123,34.639987],[131.886063,34.637163],[131.888809,34.628688],[131.888809,34.624168],[131.890182,34.623038],[131.883316,34.624733],[131.880569,34.626993],[131.879883,34.626428],[131.877823,34.620212],[131.87439,34.615692],[131.869583,34.615127],[131.865463,34.616822],[131.863403,34.618517],[131.864777,34.621343],[131.863403,34.623038],[131.866837,34.624168],[131.86821,34.627558],[131.869583,34.628688],[131.86821,34.633208],[131.869583,34.633773],[131.869583,34.637728],[131.875076,34.636598],[131.877136,34.641117],[131.879196,34.643942],[131.881256,34.644507],[131.885376,34.643942],[131.889496,34.646201]]]}},{"type":"Feature","properties":{"layer_id":"bakumatsu_villages","name":"桂平村","address":"石見 美濃郡","source":"Geoshape 幕末期近世村領域データセット vector tiles (z7 extraction)","subarea_name":"近世村のおおよその範囲","feature_key":"village:K50G05S00039","accuracy_note":"2015年農業集落境界をもとに復元した概略範囲で、江戸時代の正確な村境ではありません"},"geometry":{"type":"MultiPolygon","coordinates":[[[[131.722641,34.600433],[131.724014,34.597042],[131.722641,34.593085],[131.725388,34.587997],[131.724014,34.581214],[131.719894,34.583475],[131.719894,34.589693],[131.718521,34.598172],[131.719894,34.600433],[131.722641,34.600433]]],[[[131.726074,34.597607],[131.728134,34.597042],[131.729507,34.59365],[131.730194,34.593085],[131.728821,34.590259],[131.724701,34.589693],[131.722641,34.59365],[131.724014,34.597607],[131.726074,34.597607]]],[[[131.732941,34.602694],[131.734314,34.602128],[131.735687,34.599868],[131.733627,34.597607],[131.737747,34.59365],[131.736374,34.588563],[131.735001,34.588563],[131.731567,34.590824],[131.729507,34.59365],[131.728134,34.597042],[131.724014,34.597607],[131.722641,34.600433],[131.726761,34.602128],[131.730194,34.601563],[131.732941,34.602694]]],[[[131.730194,34.593085],[131.731567,34.590824],[131.728821,34.588563],[131.724014,34.581214],[131.725388,34.587997],[131.724014,34.589128],[131.728821,34.590259],[131.730194,34.593085]]],[[[131.731567,34.590824],[131.735001,34.588563],[131.736374,34.588563],[131.736374,34.580648],[131.731567,34.57443],[131.731567,34.566514],[131.727448,34.567079],[131.724014,34.572168],[131.724701,34.574995],[131.727448,34.576691],[131.724014,34.581214],[131.728821,34.588563],[131.731567,34.590824]]]]}},{"type":"Feature","properties":{"layer_id":"bakumatsu_villages","name":"梅月村","address":"石見 美濃郡","source":"Geoshape 幕末期近世村領域データセット vector tiles (z7 extraction)","subarea_name":"近世村のおおよその範囲","feature_key":"village:K50G05S00021","accuracy_note":"2015年農業集落境界をもとに復元した概略範囲で、江戸時代の正確な村境ではありません"},"geometry":{"type":"MultiPolygon","coordinates":[[[[131.827698,34.640552],[131.829071,34.636033],[131.825638,34.632078],[131.824951,34.629818],[131.822891,34.630948],[131.819458,34.630383],[131.818085,34.632643],[131.818771,34.633773],[131.817398,34.634338],[131.817398,34.636033],[131.822205,34.638857],[131.827698,34.640552]]],[[[131.831131,34.647331],[131.833191,34.644507],[131.837997,34.641682],[131.836624,34.638293],[131.837997,34.637163],[131.834564,34.637163],[131.833191,34.635468],[131.829071,34.636033],[131.827698,34.640552],[131.822205,34.638857],[131.818771,34.637163],[131.818085,34.638857],[131.822205,34.640552],[131.821518,34.643377],[131.824265,34.643942],[131.827011,34.642247],[131.829071,34.642812],[131.830444,34.643942],[131.829758,34.647331],[131.831131,34.647331]]],[[[131.838684,34.637163],[131.838684,34.635468],[131.836624,34.633208],[131.842804,34.629253],[131.843491,34.625298],[131.846924,34.624168],[131.84967,34.621908],[131.854477,34.621343],[131.854477,34.618517],[131.850357,34.616822],[131.837311,34.620777],[131.834564,34.620777],[131.827011,34.624168],[131.824951,34.629818],[131.825638,34.632078],[131.829071,34.636033],[131.833191,34.635468],[131.834564,34.637163],[131.838684,34.637163]]]]}},{"type":"Feature","properties":{"layer_id":"bakumatsu_villages","name":"津田村","address":"石見 美濃郡","source":"Geoshape 幕末期近世村領域データセット vector tiles (z7 extraction)","subarea_name":"近世村のおおよその範囲","feature_key":"village:K50G05S00053","accuracy_note":"2015年農業集落境界をもとに復元した概略範囲で、江戸時代の正確な村境ではありません"},"geometry":{"type":"MultiPolygon","coordinates":[[[[131.86615,34.728634],[131.87027,34.725812],[131.866837,34.724684],[131.86409,34.725248],[131.86409,34.72807],[131.86615,34.728634]]],[[[131.862717,34.724119],[131.864777,34.722991],[131.861343,34.722991],[131.862717,34.724119]]],[[[131.86203,34.722426],[131.864777,34.722991],[131.865463,34.720733],[131.863403,34.720733],[131.86203,34.722426]]],[[[131.86409,34.725248],[131.867523,34.721862],[131.870956,34.721862],[131.873016,34.720733],[131.868896,34.716782],[131.864777,34.722991],[131.862717,34.724119],[131.86409,34.725248]]],[[[131.865463,34.720733],[131.868896,34.716782],[131.867523,34.714525],[131.86615,34.714525],[131.864777,34.71904],[131.863403,34.719604],[131.863403,34.720733],[131.865463,34.720733]]],[[[131.873703,34.726377],[131.875076,34.725248],[131.879196,34.725248],[131.879883,34.725812],[131.881943,34.725248],[131.882629,34.722991],[131.882629,34.722426],[131.87645,34.722426],[131.873016,34.720733],[131.870956,34.721862],[131.867523,34.721862],[131.86409,34.725248],[131.866837,34.724684],[131.87027,34.725812],[131.873703,34.726377]]],[[[131.882629,34.722426],[131.884003,34.71904],[131.87851,34.717347],[131.875763,34.714525],[131.877136,34.712267],[131.875076,34.709445],[131.873016,34.709445],[131.871643,34.711138],[131.868896,34.712267],[131.867523,34.714525],[131.873016,34.720733],[131.87645,34.722426],[131.882629,34.722426]]],[[[131.884003,34.71904],[131.886063,34.715089],[131.885376,34.713396],[131.887436,34.712831],[131.887436,34.711703],[131.885376,34.710574],[131.886749,34.709445],[131.886063,34.707751],[131.879883,34.705493],[131.880569,34.698719],[131.879196,34.697026],[131.875076,34.701542],[131.87645,34.703235],[131.877136,34.706058],[131.875076,34.710009],[131.877136,34.712267],[131.875763,34.714525],[131.87851,34.717347],[131.884003,34.71904]]]]}},{"type":"Feature","properties":{"layer_id":"bakumatsu_villages","name":"津茂村・古者《津茂村／かねたに／たにくち》三ヶ村","address":"石見 美濃郡","source":"Geoshape 幕末期近世村領域データセット vector tiles (z7 extraction)","subarea_name":"近世村のおおよその範囲","feature_key":"village:K50G05S00001","accuracy_note":"2015年農業集落境界をもとに復元した概略範囲で、江戸時代の正確な村境ではありません"},"geometry":{"type":"MultiPolygon","coordinates":[[[[131.96022,34.673312],[131.960907,34.672182],[131.965027,34.671053],[131.96434,34.669923],[131.9664,34.668229],[131.97258,34.6671],[131.973953,34.658628],[131.973267,34.654109],[131.969147,34.655804],[131.9664,34.659758],[131.957474,34.658628],[131.954727,34.665405],[131.9561,34.670488],[131.95816,34.672747],[131.958847,34.672182],[131.96022,34.673312]]],[[[131.9664,34.659758],[131.969147,34.655804],[131.973267,34.654109],[131.97464,34.650155],[131.97052,34.647331],[131.965714,34.636033],[131.963654,34.637163],[131.95816,34.637728],[131.957474,34.639422],[131.954727,34.642812],[131.9561,34.649026],[131.954041,34.650155],[131.956787,34.65185],[131.957474,34.653545],[131.957474,34.658628],[131.9664,34.659758]]],[[[131.973267,34.666535],[131.977386,34.663146],[131.978073,34.660322],[131.979446,34.659193],[131.973953,34.658628],[131.973267,34.666535]]],[[[131.97464,34.665405],[131.98082,34.664841],[131.981506,34.662582],[131.98082,34.660887],[131.982193,34.660322],[131.979446,34.659193],[131.978073,34.659758],[131.977386,34.663146],[131.97464,34.665405]]],[[[131.97464,34.650155],[131.982193,34.648461],[131.983566,34.645072],[131.982193,34.634338],[131.979446,34.630948],[131.9767,34.630383],[131.969147,34.632078],[131.965027,34.635468],[131.97052,34.647331],[131.97464,34.650155]]],[[[131.982193,34.660322],[131.985626,34.657498],[131.992493,34.657498],[131.994553,34.653545],[131.993866,34.65185],[131.989059,34.65185],[131.988373,34.65072],[131.993866,34.645072],[131.993866,34.642247],[131.991119,34.638293],[131.992493,34.636033],[131.994553,34.634903],[131.995239,34.632078],[131.997299,34.631513],[132.002792,34.632078],[132.005539,34.629818],[132.008286,34.631513],[132.011719,34.625863],[132.008972,34.623038],[132.007599,34.619082],[132.002792,34.615692],[132.003479,34.613431],[132.000732,34.612866],[132.000732,34.610041],[131.999359,34.610041],[131.996613,34.611171],[131.992493,34.611171],[131.988373,34.612866],[131.986313,34.610606],[131.981506,34.613431],[131.97876,34.619082],[131.975327,34.619082],[131.973267,34.623038],[131.971207,34.623603],[131.965714,34.628688],[131.962967,34.633208],[131.965027,34.635468],[131.969147,34.632078],[131.9767,34.630383],[131.979446,34.630948],[131.982193,34.634338],[131.983566,34.645072],[131.98288,34.647331],[131.979446,34.649591],[131.97464,34.650155],[131.973267,34.654109],[131.973953,34.658628],[131.982193,34.660322]]]]}},{"type":"Feature","properties":{"layer_id":"bakumatsu_villages","name":"澄川村","address":"石見 美濃郡","source":"Geoshape 幕末期近世村領域データセット vector tiles (z7 extraction)","subarea_name":"近世村のおおよその範囲","feature_key":"village:K50G05S00083","accuracy_note":"2015年農業集落境界をもとに復元した概略範囲で、江戸時代の正確な村境ではありません"},"geometry":{"type":"MultiPolygon","coordinates":[[[[131.939621,34.615692],[131.940994,34.614562],[131.943741,34.60891],[131.942368,34.604389],[131.944427,34.603259],[131.948547,34.604389],[131.949234,34.602128],[131.951294,34.603259],[131.952667,34.597607],[131.955414,34.594781],[131.9561,34.591389],[131.95816,34.589693],[131.951981,34.586302],[131.945114,34.588563],[131.940994,34.586867],[131.934814,34.588563],[131.936188,34.59365],[131.929321,34.596476],[131.932068,34.603824],[131.931381,34.604954],[131.929321,34.605519],[131.931381,34.611736],[131.937561,34.614562],[131.939621,34.615692]]],[[[131.963654,34.632078],[131.971207,34.623603],[131.973267,34.623038],[131.975327,34.619082],[131.97876,34.619082],[131.981506,34.613431],[131.986313,34.611171],[131.986313,34.609475],[131.983566,34.60665],[131.980133,34.60665],[131.97876,34.609475],[131.977386,34.610041],[131.965027,34.609475],[131.963654,34.60891],[131.960907,34.610041],[131.95816,34.610606],[131.951981,34.609475],[131.947861,34.605519],[131.949234,34.608345],[131.947861,34.609475],[131.945801,34.611736],[131.941681,34.612866],[131.940994,34.614562],[131.939621,34.615692],[131.942368,34.617387],[131.945114,34.620212],[131.946487,34.624733],[131.950607,34.626428],[131.9561,34.626428],[131.957474,34.627558],[131.95816,34.629253],[131.96228,34.630948],[131.963654,34.632078]]],[[[131.941681,34.612866],[131.945801,34.611736],[131.948547,34.60891],[131.947861,34.605519],[131.951981,34.60778],[131.951294,34.603259],[131.949234,34.602128],[131.948547,34.604389],[131.943741,34.603259],[131.942368,34.605519],[131.943741,34.60891],[131.941681,34.612866]]],[[[131.958847,34.610606],[131.963654,34.60891],[131.962967,34.604389],[131.957474,34.599868],[131.957474,34.597607],[131.955414,34.595346],[131.951981,34.599302],[131.951294,34.603259],[131.951981,34.60778],[131.950607,34.60665],[131.949234,34.60665],[131.951981,34.609475],[131.958847,34.610606]]],[[[131.96434,34.604954],[131.9664,34.602694],[131.967087,34.595346],[131.969147,34.591954],[131.96846,34.590259],[131.971207,34.588563],[131.955414,34.587997],[131.95816,34.589693],[131.9561,34.591389],[131.955414,34.595346],[131.957474,34.597607],[131.957474,34.599868],[131.960907,34.603259],[131.96434,34.604954]]]]}},{"type":"Feature","properties":{"layer_id":"bakumatsu_villages","name":"猪木谷村","address":"石見 美濃郡","source":"Geoshape 幕末期近世村領域データセット vector tiles (z7 extraction)","subarea_name":"近世村のおおよその範囲","feature_key":"village:K50G05S00011","accuracy_note":"2015年農業集落境界をもとに復元した概略範囲で、江戸時代の正確な村境ではありません"},"geometry":{"type":"MultiPolygon","coordinates":[[[[131.880569,34.626993],[131.883316,34.624733],[131.888123,34.623038],[131.890869,34.622473],[131.891556,34.621908],[131.892242,34.615692],[131.890869,34.612866],[131.890869,34.610606],[131.887436,34.608345],[131.887436,34.606085],[131.879883,34.605519],[131.877136,34.602128],[131.875076,34.601563],[131.868896,34.602694],[131.865463,34.604389],[131.86409,34.607215],[131.859283,34.608345],[131.861343,34.609475],[131.862717,34.612301],[131.862717,34.619082],[131.86821,34.615692],[131.873703,34.615127],[131.87645,34.618517],[131.879196,34.625298],[131.880569,34.626993]]],[[[131.890869,34.610606],[131.893616,34.60891],[131.893616,34.601563],[131.890182,34.598172],[131.886749,34.598172],[131.885376,34.595911],[131.87851,34.598737],[131.875076,34.595346],[131.87027,34.594215],[131.868896,34.595911],[131.86409,34.597042],[131.862717,34.600433],[131.85997,34.597607],[131.858597,34.597607],[131.857224,34.602128],[131.855164,34.603259],[131.857224,34.607215],[131.859283,34.608345],[131.86409,34.607215],[131.865463,34.604389],[131.868896,34.602694],[131.873016,34.601563],[131.87645,34.601563],[131.879883,34.605519],[131.887436,34.606085],[131.887436,34.608345],[131.890869,34.610606]]]]}},{"type":"Feature","properties":{"layer_id":"bakumatsu_villages","name":"白上村","address":"石見 美濃郡","source":"Geoshape 幕末期近世村領域データセット vector tiles (z7 extraction)","subarea_name":"近世村のおおよその範囲","feature_key":"village:K50G05S00032","accuracy_note":"2015年農業集落境界をもとに復元した概略範囲で、江戸時代の正確な村境ではありません"},"geometry":{"type":"MultiPolygon","coordinates":[[[[131.76178,34.656934],[131.766586,34.655239],[131.770706,34.652415],[131.772766,34.646201],[131.769333,34.646766],[131.768646,34.645636],[131.769333,34.644507],[131.75766,34.645636],[131.759033,34.647896],[131.75766,34.650155],[131.76178,34.656934]]],[[[131.76796,34.661452],[131.771393,34.656934],[131.775513,34.656934],[131.776886,34.654674],[131.778946,34.654109],[131.779633,34.648461],[131.772766,34.646201],[131.770706,34.652415],[131.766586,34.655239],[131.76178,34.656934],[131.765213,34.658628],[131.76796,34.661452]]],[[[131.779633,34.649026],[131.781693,34.643377],[131.776886,34.634903],[131.773453,34.633773],[131.772079,34.634338],[131.773453,34.637728],[131.77002,34.639987],[131.772079,34.641117],[131.772766,34.642812],[131.769333,34.645072],[131.768646,34.646201],[131.775513,34.646766],[131.779633,34.649026]]],[[[131.781006,34.656934],[131.783752,34.654674],[131.785126,34.655239],[131.785812,34.654674],[131.789246,34.653545],[131.789932,34.650155],[131.789246,34.648461],[131.781693,34.643942],[131.781006,34.644507],[131.778946,34.654109],[131.774826,34.656934],[131.778259,34.655804],[131.781006,34.656934]]]]}},{"type":"Feature","properties":{"layer_id":"bakumatsu_villages","name":"益田村","address":"石見 美濃郡","source":"Geoshape 幕末期近世村領域データセット vector tiles (z7 extraction)","subarea_name":"近世村のおおよその範囲","feature_key":"village:K50G05S00061","accuracy_note":"2015年農業集落境界をもとに復元した概略範囲で、江戸時代の正確な村境ではありません"},"geometry":{"type":"MultiPolygon","coordinates":[[[[131.852417,34.67557],[131.857224,34.675006],[131.856537,34.672747],[131.859283,34.669923],[131.85997,34.663146],[131.85791,34.664841],[131.856537,34.664841],[131.856537,34.663711],[131.854477,34.664276],[131.85379,34.670488],[131.85379,34.671053],[131.848984,34.674441],[131.852417,34.67557]]],[[[131.857224,34.6767],[131.86615,34.674441],[131.866837,34.672182],[131.868896,34.671053],[131.866837,34.669359],[131.869583,34.667664],[131.868896,34.6671],[131.867523,34.664841],[131.861343,34.664276],[131.85997,34.663146],[131.859283,34.669923],[131.856537,34.672747],[131.857224,34.675006],[131.85585,34.675006],[131.857224,34.6767]]]]}},{"type":"Feature","properties":{"layer_id":"bakumatsu_villages","name":"笹倉村","address":"石見 美濃郡","source":"Geoshape 幕末期近世村領域データセット vector tiles (z7 extraction)","subarea_name":"近世村のおおよその範囲","feature_key":"village:K50G05S00071","accuracy_note":"2015年農業集落境界をもとに復元した概略範囲で、江戸時代の正確な村境ではありません"},"geometry":{"type":"MultiPolygon","coordinates":[[[[131.906662,34.680652],[131.909409,34.680088],[131.910782,34.677264],[131.914215,34.67557],[131.916275,34.676135],[131.918335,34.673876],[131.925201,34.672182],[131.925888,34.671617],[131.925201,34.669359],[131.927948,34.66597],[131.919708,34.664841],[131.919022,34.662582],[131.916275,34.660887],[131.916962,34.658063],[131.916275,34.655804],[131.914215,34.655239],[131.913528,34.655239],[131.912155,34.658063],[131.914215,34.660887],[131.914215,34.663711],[131.910782,34.664841],[131.908035,34.667664],[131.908722,34.669359],[131.905289,34.670488],[131.903915,34.672747],[131.907349,34.673876],[131.908035,34.676135],[131.906662,34.680652]]],[[[131.927948,34.66597],[131.930695,34.665405],[131.932068,34.662017],[131.934128,34.660322],[131.936874,34.660887],[131.936874,34.656369],[131.938934,34.653545],[131.934814,34.650155],[131.929321,34.648461],[131.925201,34.648461],[131.925201,34.649026],[131.919708,34.652415],[131.919022,34.65298],[131.916275,34.654674],[131.915588,34.65298],[131.913528,34.655239],[131.916275,34.655804],[131.916962,34.658063],[131.916275,34.660887],[131.919022,34.662582],[131.919708,34.664841],[131.927948,34.66597]]]]}},{"type":"Feature","properties":{"layer_id":"bakumatsu_villages","name":"篠田原村","address":"石見 美濃郡","source":"Geoshape 幕末期近世村領域データセット vector tiles (z7 extraction)","subarea_name":"近世村のおおよその範囲","feature_key":"village:K50G05S00012","accuracy_note":"2015年農業集落境界をもとに復元した概略範囲で、江戸時代の正確な村境ではありません"},"geometry":{"type":"MultiPolygon","coordinates":[[[[131.906662,34.629818],[131.910095,34.628123],[131.910095,34.626993],[131.912842,34.625298],[131.914215,34.621908],[131.916275,34.621343],[131.912155,34.620212],[131.913528,34.610041],[131.903915,34.610041],[131.898422,34.611736],[131.890869,34.610606],[131.890869,34.612866],[131.892242,34.615692],[131.892242,34.619647],[131.895676,34.620212],[131.894989,34.623038],[131.897736,34.622473],[131.900482,34.623038],[131.901855,34.625298],[131.905289,34.624733],[131.908722,34.626993],[131.906662,34.629818]]],[[[131.898422,34.611736],[131.903915,34.610041],[131.913528,34.610041],[131.910782,34.603259],[131.905289,34.599302],[131.903915,34.600433],[131.900482,34.600433],[131.898422,34.602128],[131.893616,34.601563],[131.893616,34.60891],[131.890869,34.610606],[131.898422,34.611736]]],[[[131.902542,34.600433],[131.905289,34.599302],[131.904602,34.597607],[131.906662,34.59252],[131.908722,34.595346],[131.910095,34.594781],[131.911469,34.59365],[131.909409,34.59252],[131.913528,34.589128],[131.914902,34.586302],[131.902542,34.58404],[131.901855,34.584606],[131.903229,34.589693],[131.899796,34.597042],[131.901855,34.598172],[131.901855,34.599868],[131.902542,34.600433]]]]}},{"type":"Feature","properties":{"layer_id":"bakumatsu_villages","name":"美濃地村","address":"石見 美濃郡","source":"Geoshape 幕末期近世村領域データセット vector tiles (z7 extraction)","subarea_name":"近世村のおおよその範囲","feature_key":"village:K50G05S00006","accuracy_note":"2015年農業集落境界をもとに復元した概略範囲で、江戸時代の正確な村境ではありません"},"geometry":{"type":"MultiPolygon","coordinates":[[[[131.703415,34.632643],[131.706161,34.630948],[131.710968,34.625863],[131.713028,34.621343],[131.709595,34.612866],[131.706161,34.613431],[131.699295,34.616257],[131.694489,34.620777],[131.695862,34.623038],[131.693802,34.628123],[131.696548,34.631513],[131.700668,34.632643],[131.703415,34.632643]]],[[[131.720581,34.659758],[131.721268,34.658063],[131.724014,34.656369],[131.725388,34.656934],[131.729507,34.655804],[131.728821,34.647331],[131.720581,34.646201],[131.716461,34.647331],[131.710968,34.645636],[131.710281,34.648461],[131.706161,34.649026],[131.710968,34.653545],[131.713028,34.65298],[131.715775,34.653545],[131.716461,34.655239],[131.720581,34.659758]]],[[[131.717148,34.647331],[131.718521,34.646201],[131.716461,34.643942],[131.716461,34.639422],[131.713715,34.638293],[131.710968,34.639422],[131.710968,34.645636],[131.717148,34.647331]]],[[[131.706161,34.649026],[131.710281,34.648461],[131.710968,34.645072],[131.710968,34.639422],[131.706848,34.637728],[131.702728,34.637728],[131.696548,34.635468],[131.697922,34.641682],[131.696548,34.642247],[131.696548,34.643942],[131.699982,34.647896],[131.702728,34.647331],[131.706161,34.649026]]],[[[131.716461,34.639422],[131.713715,34.632078],[131.710281,34.632078],[131.706161,34.630948],[131.701355,34.633208],[131.697922,34.632078],[131.695862,34.634903],[131.696548,34.635468],[131.702728,34.637728],[131.706848,34.637728],[131.710968,34.639422],[131.713715,34.638293],[131.716461,34.639422]]],[[[131.721268,34.646201],[131.719208,34.640552],[131.719894,34.638293],[131.718521,34.636033],[131.719894,34.634338],[131.717148,34.632078],[131.717148,34.629818],[131.713028,34.631513],[131.714401,34.632643],[131.716461,34.637163],[131.717148,34.641682],[131.716461,34.643942],[131.719208,34.646201],[131.721268,34.646201]]],[[[131.728821,34.647331],[131.725388,34.635468],[131.726074,34.633208],[131.724701,34.633208],[131.721268,34.629253],[131.717148,34.629818],[131.717148,34.632078],[131.719894,34.634338],[131.718521,34.636033],[131.719894,34.638293],[131.719208,34.640552],[131.721268,34.646201],[131.728821,34.647331]]],[[[131.728821,34.646766],[131.729507,34.645636],[131.735687,34.643942],[131.738434,34.638293],[131.732941,34.634338],[131.730194,34.629253],[131.725388,34.635468],[131.726761,34.637163],[131.726761,34.642247],[131.728821,34.646766]]],[[[131.710281,34.632078],[131.713028,34.631513],[131.719894,34.629253],[131.721268,34.626993],[131.726761,34.629253],[131.726761,34.627558],[131.724014,34.624168],[131.724701,34.617952],[131.722641,34.616822],[131.719894,34.620212],[131.721268,34.621908],[131.719894,34.625863],[131.716461,34.625298],[131.712341,34.625863],[131.710968,34.625863],[131.706848,34.630948],[131.710281,34.632078]]],[[[131.724701,34.633208],[131.728821,34.632078],[131.730881,34.628688],[131.730194,34.628123],[131.728134,34.629818],[131.721268,34.626993],[131.719894,34.629253],[131.721268,34.629253],[131.724701,34.633208]]],[[[131.719894,34.625863],[131.721268,34.621908],[131.719894,34.620212],[131.722641,34.616822],[131.721268,34.615127],[131.717834,34.613431],[131.713715,34.613431],[131.710281,34.614562],[131.713028,34.621343],[131.711655,34.625863],[131.716461,34.625298],[131.719894,34.625863]]],[[[131.728134,34.629818],[131.732254,34.624733],[131.725388,34.624168],[131.724014,34.624733],[131.726761,34.627558],[131.726761,34.629253],[131.728134,34.629818]]],[[[131.736374,34.636598],[131.737747,34.636033],[131.73912,34.630948],[131.735001,34.629253],[131.732941,34.625298],[131.730194,34.628123],[131.732254,34.633773],[131.736374,34.636598]]],[[[131.732254,34.624733],[131.732254,34.622473],[131.734314,34.614562],[131.730881,34.613996],[131.730194,34.615127],[131.725388,34.615692],[131.724701,34.617952],[131.724014,34.624733],[131.732254,34.624733]]],[[[131.740494,34.631513],[131.741867,34.627558],[131.737747,34.625298],[131.737061,34.623603],[131.738434,34.621908],[131.737747,34.616822],[131.734314,34.614562],[131.732254,34.622473],[131.732941,34.625298],[131.735001,34.629253],[131.740494,34.631513]]]]}},{"type":"Feature","properties":{"layer_id":"bakumatsu_villages","name":"薄原村","address":"石見 美濃郡","source":"Geoshape 幕末期近世村領域データセット vector tiles (z7 extraction)","subarea_name":"近世村のおおよその範囲","feature_key":"village:K50G05S00046","accuracy_note":"2015年農業集落境界をもとに復元した概略範囲で、江戸時代の正確な村境ではありません"},"geometry":{"type":"Polygon","coordinates":[[[131.838684,34.595346],[131.840057,34.59365],[131.839371,34.591954],[131.842804,34.589693],[131.843491,34.584606],[131.84761,34.583475],[131.853104,34.585736],[131.861343,34.584606],[131.86409,34.578387],[131.862717,34.57556],[131.862717,34.572168],[131.85997,34.569906],[131.85791,34.569906],[131.853104,34.574995],[131.842117,34.573864],[131.836624,34.577256],[131.833191,34.577256],[131.825638,34.583475],[131.828384,34.586867],[131.827698,34.587997],[131.831131,34.591389],[131.830444,34.59252],[131.832504,34.591389],[131.838684,34.595346]]]}},{"type":"Feature","properties":{"layer_id":"bakumatsu_villages","name":"虫追村","address":"石見 美濃郡","source":"Geoshape 幕末期近世村領域データセット vector tiles (z7 extraction)","subarea_name":"近世村のおおよその範囲","feature_key":"village:K50G05S00033","accuracy_note":"2015年農業集落境界をもとに復元した概略範囲で、江戸時代の正確な村境ではありません"},"geometry":{"type":"MultiPolygon","coordinates":[[[[131.805725,34.663711],[131.805725,34.662582],[131.808472,34.660887],[131.807785,34.655239],[131.802979,34.653545],[131.800232,34.654674],[131.796112,34.653545],[131.795425,34.654109],[131.796799,34.658628],[131.800919,34.662582],[131.802979,34.662017],[131.805725,34.663711]]],[[[131.807785,34.655239],[131.807785,34.65185],[131.806412,34.65185],[131.806412,34.650155],[131.805038,34.648461],[131.802979,34.647331],[131.800232,34.647896],[131.797485,34.647331],[131.793365,34.643942],[131.792679,34.648461],[131.794739,34.65072],[131.798172,34.65185],[131.796112,34.653545],[131.800232,34.654674],[131.802979,34.653545],[131.807785,34.655239]]]]}},{"type":"Feature","properties":{"layer_id":"bakumatsu_villages","name":"西村","address":"石見 美濃郡","source":"Geoshape 幕末期近世村領域データセット vector tiles (z7 extraction)","subarea_name":"近世村のおおよその範囲","feature_key":"village:K50G05S00091","accuracy_note":"2015年農業集落境界をもとに復元した概略範囲で、江戸時代の正確な村境ではありません"},"geometry":{"type":"MultiPolygon","coordinates":[[[[132.009659,34.580648],[132.012405,34.580083],[132.013092,34.57556],[132.011719,34.572168],[132.013779,34.569341],[132.010345,34.56199],[132.008972,34.561425],[132.006912,34.56199],[131.999359,34.56199],[131.996613,34.565383],[131.998672,34.566514],[132.004166,34.566514],[132.006226,34.567079],[132.009659,34.574995],[132.009659,34.580648]]],[[[131.993179,34.558597],[131.997986,34.556335],[132.002106,34.552942],[132.001419,34.548984],[131.998672,34.547853],[131.997299,34.544459],[131.995239,34.543328],[131.986313,34.546721],[131.98494,34.553508],[131.993179,34.558597]]],[[[131.996613,34.565383],[131.999359,34.56199],[132.006912,34.56199],[132.008972,34.561425],[132.006226,34.558032],[132.004852,34.554639],[132.002106,34.552942],[131.997986,34.556335],[131.993179,34.558597],[131.994553,34.563121],[131.996613,34.565383]]],[[[132.011032,34.563687],[132.015839,34.560859],[132.013779,34.551246],[132.013779,34.545025],[132.014465,34.543894],[132.020645,34.541066],[132.018585,34.534844],[132.022018,34.53145],[132.022018,34.529187],[132.017899,34.52353],[132.011719,34.526359],[132.008286,34.525793],[132.002792,34.528621],[131.997986,34.530318],[132.000732,34.532581],[131.999359,34.535409],[132.001419,34.538238],[131.999359,34.542197],[132.002792,34.547287],[132.001419,34.548984],[132.002106,34.552942],[132.004852,34.554639],[132.006226,34.558032],[132.010345,34.56199],[132.011032,34.563687]]],[[[132.016525,34.569341],[132.015839,34.560859],[132.011032,34.563687],[132.013779,34.568776],[132.014465,34.568776],[132.014465,34.569341],[132.016525,34.569341]]]]}},{"type":"Feature","properties":{"layer_id":"bakumatsu_villages","name":"西長沢村","address":"石見 美濃郡","source":"Geoshape 幕末期近世村領域データセット vector tiles (z7 extraction)","subarea_name":"近世村のおおよその範囲","feature_key":"village:K50G05S00013","accuracy_note":"2015年農業集落境界をもとに復元した概略範囲で、江戸時代の正確な村境ではありません"},"geometry":{"type":"Polygon","coordinates":[[[131.917648,34.624168],[131.922455,34.622473],[131.922455,34.615692],[131.931381,34.611736],[131.929321,34.605519],[131.931381,34.604954],[131.932068,34.603824],[131.928635,34.594781],[131.926575,34.593085],[131.928635,34.590259],[131.926575,34.590259],[131.925888,34.587997],[131.923141,34.588563],[131.920395,34.587432],[131.912842,34.594215],[131.911469,34.59365],[131.908722,34.595346],[131.906662,34.59252],[131.904602,34.597607],[131.905289,34.599302],[131.910782,34.603259],[131.912842,34.60665],[131.913528,34.612866],[131.912155,34.620212],[131.916275,34.620777],[131.917648,34.624168]]]}},{"type":"Feature","properties":{"layer_id":"bakumatsu_villages","name":"角井村","address":"石見 美濃郡","source":"Geoshape 幕末期近世村領域データセット vector tiles (z7 extraction)","subarea_name":"近世村のおおよその範囲","feature_key":"village:K50G05S00024","accuracy_note":"2015年農業集落境界をもとに復元した概略範囲で、江戸時代の正確な村境ではありません"},"geometry":{"type":"Polygon","coordinates":[[[131.819458,34.667664],[131.822891,34.665405],[131.829758,34.664841],[131.829071,34.663146],[131.826324,34.662582],[131.826324,34.658063],[131.824951,34.656369],[131.826324,34.655239],[131.823578,34.650155],[131.821518,34.649026],[131.820145,34.651285],[131.821518,34.653545],[131.821518,34.655804],[131.818771,34.655239],[131.818085,34.653545],[131.815338,34.656369],[131.811905,34.657498],[131.808472,34.660322],[131.809845,34.662017],[131.817398,34.663146],[131.820145,34.665405],[131.819458,34.667664]]]}},{"type":"Feature","properties":{"layer_id":"bakumatsu_villages","name":"道川村","address":"石見 美濃郡","source":"Geoshape 幕末期近世村領域データセット vector tiles (z7 extraction)","subarea_name":"近世村のおおよその範囲","feature_key":"village:K50G05S00093","accuracy_note":"2015年農業集落境界をもとに復元した概略範囲で、江戸時代の正確な村境ではありません"},"geometry":{"type":"MultiPolygon","coordinates":[[[[132.107162,34.663711],[132.113342,34.663146],[132.112656,34.661452],[132.109909,34.660322],[132.109222,34.655804],[132.103729,34.653545],[132.098923,34.646766],[132.096863,34.642812],[132.092743,34.638857],[132.092743,34.635468],[132.096863,34.632078],[132.096863,34.629818],[132.09343,34.632643],[132.08931,34.632643],[132.085876,34.636033],[132.08107,34.637728],[132.07695,34.640552],[132.07489,34.640552],[132.073517,34.641682],[132.068024,34.638857],[132.06665,34.640552],[132.067337,34.643377],[132.065277,34.645636],[132.065964,34.646766],[132.065277,34.647331],[132.06871,34.654109],[132.071457,34.65185],[132.073517,34.652415],[132.078323,34.648461],[132.080383,34.648461],[132.08519,34.65072],[132.087936,34.655239],[132.094803,34.662017],[132.100296,34.659758],[132.107162,34.663711]]],[[[132.109909,34.71904],[132.110596,34.717911],[132.109909,34.716782],[132.114029,34.712267],[132.118149,34.712267],[132.120895,34.715089],[132.122955,34.715089],[132.127075,34.712831],[132.129822,34.712831],[132.129135,34.70888],[132.130508,34.708316],[132.129822,34.706622],[132.131882,34.702671],[132.129135,34.699848],[132.131882,34.699284],[132.133255,34.69759],[132.135315,34.69759],[132.136688,34.694768],[132.139435,34.693638],[132.142868,34.690251],[132.140808,34.687428],[132.134628,34.682911],[132.132568,34.680088],[132.133942,34.678394],[132.132568,34.6767],[132.129135,34.677264],[132.122269,34.674441],[132.119522,34.674441],[132.114029,34.671053],[132.114029,34.664841],[132.113342,34.663146],[132.107162,34.663711],[132.100296,34.659758],[132.09549,34.662017],[132.094116,34.661452],[132.087936,34.655239],[132.08519,34.65072],[132.080383,34.648461],[132.078323,34.648461],[132.073517,34.652415],[132.071457,34.65185],[132.070084,34.652415],[132.06665,34.657498],[132.06665,34.660887],[132.07077,34.661452],[132.073517,34.663711],[132.075577,34.663711],[132.079697,34.669359],[132.080383,34.671053],[132.081757,34.671053],[132.081757,34.678394],[132.08313,34.680088],[132.087936,34.681782],[132.087936,34.683476],[132.092056,34.686299],[132.09549,34.692509],[132.096863,34.701542],[132.100296,34.702106],[132.100983,34.703235],[132.099609,34.706058],[132.101669,34.70888],[132.100296,34.711138],[132.100983,34.715089],[132.106476,34.71904],[132.109909,34.71904]]],[[[132.109222,34.655804],[132.113342,34.65185],[132.113342,34.649026],[132.116089,34.643377],[132.120895,34.641682],[132.124329,34.642812],[132.126389,34.641682],[132.127762,34.642247],[132.126389,34.639422],[132.129822,34.634903],[132.130508,34.629253],[132.126389,34.627558],[132.126389,34.626428],[132.122955,34.624168],[132.121582,34.621908],[132.121582,34.617952],[132.116089,34.611736],[132.113342,34.612301],[132.111282,34.613431],[132.107162,34.619082],[132.101669,34.622473],[132.103043,34.624733],[132.102356,34.626428],[132.096863,34.629818],[132.096863,34.632078],[132.092743,34.634903],[132.092056,34.637728],[132.096863,34.642812],[132.103043,34.65185],[132.108536,34.655804],[132.109222,34.655804]]],[[[132.144241,34.694203],[132.158661,34.692509],[132.158661,34.690816],[132.160721,34.688557],[132.159348,34.685169],[132.161407,34.683476],[132.160034,34.681782],[132.156601,34.681782],[132.154541,34.679523],[132.155228,34.6767],[132.153854,34.675006],[132.146301,34.66597],[132.146988,34.662582],[132.144928,34.661452],[132.140121,34.654674],[132.136688,34.652415],[132.136002,34.650155],[132.136688,34.648461],[132.133255,34.648461],[132.133942,34.645636],[132.133255,34.644507],[132.131882,34.644507],[132.129822,34.642812],[132.126389,34.641682],[132.124329,34.642812],[132.120895,34.641682],[132.115402,34.643942],[132.113342,34.649026],[132.113342,34.65185],[132.109222,34.655239],[132.109909,34.660322],[132.112656,34.661452],[132.114029,34.664841],[132.114029,34.671053],[132.119522,34.674441],[132.122269,34.674441],[132.129135,34.677264],[132.132568,34.6767],[132.133942,34.678394],[132.132568,34.680088],[132.133942,34.682346],[132.142181,34.688557],[132.142868,34.690251],[132.142181,34.691945],[132.144241,34.694203]]],[[[132.132568,34.680088],[132.132568,34.698719],[132.135315,34.69759],[132.136688,34.694768],[132.139435,34.693638],[132.142868,34.690251],[132.140808,34.687428],[132.134628,34.682911],[132.132568,34.680088]]],[[[132.132568,34.680088],[132.133942,34.678394],[132.132568,34.6767],[132.132568,34.680088]]],[[[132.150421,34.694203],[132.151794,34.693074],[132.155228,34.693074],[132.158661,34.692509],[132.158661,34.690816],[132.160721,34.688557],[132.159348,34.685169],[132.161407,34.683476],[132.160034,34.681782],[132.156601,34.681782],[132.154541,34.679523],[132.155228,34.6767],[132.153854,34.675006],[132.146301,34.66597],[132.146988,34.662582],[132.144928,34.661452],[132.140121,34.654674],[132.136688,34.652415],[132.136002,34.650155],[132.136688,34.648461],[132.133255,34.648461],[132.133942,34.645636],[132.133255,34.644507],[132.132568,34.644507],[132.132568,34.677264],[132.133942,34.678394],[132.132568,34.680088],[132.134628,34.682911],[132.142181,34.688557],[132.142868,34.690251],[132.142181,34.691945],[132.144241,34.694203],[132.148361,34.693074],[132.150421,34.694203]]]]}},{"type":"Feature","properties":{"layer_id":"bakumatsu_villages","name":"道川村枝郷・下道川村","address":"石見 美濃郡","source":"Geoshape 幕末期近世村領域データセット vector tiles (z7 extraction)","subarea_name":"近世村のおおよその範囲","feature_key":"village:K50G05S00094","accuracy_note":"2015年農業集落境界をもとに復元した概略範囲で、江戸時代の正確な村境ではありません"},"geometry":{"type":"MultiPolygon","coordinates":[[[[132.054291,34.623603],[132.057724,34.623038],[132.061844,34.618517],[132.068024,34.619082],[132.07901,34.615127],[132.08313,34.612301],[132.084503,34.608345],[132.087936,34.607215],[132.09343,34.603259],[132.094803,34.599302],[132.090683,34.59365],[132.092743,34.590824],[132.08931,34.583475],[132.089996,34.581779],[132.087936,34.579518],[132.084503,34.58291],[132.07695,34.587432],[132.072144,34.587997],[132.06871,34.589693],[132.062531,34.589128],[132.057037,34.590259],[132.059097,34.591954],[132.061157,34.59252],[132.061157,34.59365],[132.059097,34.595911],[132.056351,34.595911],[132.055664,34.597042],[132.052917,34.598737],[132.049484,34.598172],[132.043991,34.59365],[132.041245,34.59252],[132.042618,34.597607],[132.046738,34.602128],[132.044678,34.609475],[132.048111,34.613431],[132.049484,34.618517],[132.052231,34.620212],[132.054291,34.623603]]],[[[132.073517,34.641682],[132.07489,34.640552],[132.077637,34.640552],[132.08931,34.632643],[132.094116,34.632643],[132.102356,34.626428],[132.103043,34.624733],[132.101669,34.622473],[132.107162,34.619082],[132.111969,34.612866],[132.116776,34.611736],[132.116089,34.60665],[132.118149,34.603824],[132.117462,34.602128],[132.129135,34.595911],[132.128448,34.593085],[132.126389,34.59252],[132.124329,34.589693],[132.118835,34.595346],[132.113342,34.594781],[132.109909,34.596476],[132.103043,34.596476],[132.098923,34.598737],[132.094803,34.598737],[132.092056,34.603824],[132.087936,34.607215],[132.084503,34.608345],[132.08313,34.612301],[132.07901,34.615127],[132.068024,34.619082],[132.061844,34.618517],[132.057724,34.623038],[132.054291,34.623603],[132.056351,34.628688],[132.059097,34.629253],[132.061844,34.632078],[132.065277,34.633208],[132.068024,34.638857],[132.073517,34.641682]]]]}},{"type":"Feature","properties":{"layer_id":"bakumatsu_villages","name":"道谷村","address":"石見 美濃郡","source":"Geoshape 幕末期近世村領域データセット vector tiles (z7 extraction)","subarea_name":"近世村のおおよその範囲","feature_key":"village:K50G05S00088","accuracy_note":"2015年農業集落境界をもとに復元した概略範囲で、江戸時代の正確な村境ではありません"},"geometry":{"type":"MultiPolygon","coordinates":[[[[132.004166,34.604389],[132.006912,34.602694],[132.007599,34.600998],[132.008972,34.600433],[132.010345,34.598737],[132.008286,34.597607],[132.008286,34.595911],[132.009659,34.591954],[132.015152,34.589128],[132.017899,34.583475],[132.017899,34.581779],[132.015839,34.58291],[132.010345,34.581779],[132.008972,34.578952],[132.004852,34.580648],[132.002106,34.577822],[132.000732,34.58291],[131.997986,34.587432],[131.995926,34.588563],[131.993179,34.586302],[131.993866,34.590824],[132.002792,34.595911],[132.004166,34.604389]]],[[[132.025452,34.599302],[132.032318,34.595911],[132.034378,34.591389],[132.029572,34.585736],[132.027512,34.585171],[132.026825,34.583475],[132.017899,34.581779],[132.015152,34.588563],[132.009659,34.591954],[132.008286,34.595911],[132.008286,34.597607],[132.010345,34.598737],[132.011719,34.597607],[132.017899,34.598172],[132.021332,34.597607],[132.022705,34.598737],[132.025452,34.599302]]]]}},{"type":"Feature","properties":{"layer_id":"bakumatsu_villages","name":"道谷村枝郷・矢尾村・道谷村枝郷・蔦木村","address":"石見 美濃郡","source":"Geoshape 幕末期近世村領域データセット vector tiles (z7 extraction)","subarea_name":"近世村のおおよその範囲","feature_key":"village:K50G05S00089,K50G05S00090","accuracy_note":"2015年農業集落境界をもとに復元した概略範囲で、江戸時代の正確な村境ではありません"},"geometry":{"type":"Polygon","coordinates":[[[132.023392,34.631513],[132.026825,34.629253],[132.031631,34.629818],[132.034378,34.631513],[132.039185,34.627558],[132.047424,34.631513],[132.048111,34.629253],[132.051544,34.624168],[132.054291,34.623603],[132.054291,34.622473],[132.052231,34.619647],[132.049484,34.618517],[132.048111,34.613431],[132.044678,34.609475],[132.046738,34.602128],[132.043304,34.598737],[132.039871,34.591954],[132.033691,34.590259],[132.034378,34.591389],[132.032318,34.595911],[132.025452,34.599302],[132.022705,34.598737],[132.021332,34.597607],[132.011032,34.598172],[132.007599,34.600998],[132.006912,34.602694],[132.004166,34.604389],[132.002792,34.606085],[131.999359,34.60891],[131.999359,34.610041],[132.001419,34.610606],[132.000732,34.612866],[132.003479,34.612866],[132.002792,34.615692],[132.007599,34.619082],[132.008972,34.623038],[132.011719,34.625863],[132.015839,34.626993],[132.022018,34.631513],[132.023392,34.631513]]]}},{"type":"Feature","properties":{"layer_id":"bakumatsu_villages","name":"遠田村","address":"石見 美濃郡","source":"Geoshape 幕末期近世村領域データセット vector tiles (z7 extraction)","subarea_name":"近世村のおおよその範囲","feature_key":"village:K50G05S00054","accuracy_note":"2015年農業集落境界をもとに復元した概略範囲で、江戸時代の正確な村境ではありません"},"geometry":{"type":"MultiPolygon","coordinates":[[[[131.854477,34.721297],[131.85379,34.721297],[131.85379,34.722991],[131.856537,34.722991],[131.85791,34.723555],[131.859283,34.722426],[131.85997,34.720169],[131.85997,34.716782],[131.857224,34.715089],[131.853104,34.716218],[131.85585,34.720169],[131.854477,34.721297]]],[[[131.851044,34.713396],[131.85173,34.712267],[131.850357,34.707751],[131.848297,34.706058],[131.848297,34.707751],[131.846237,34.710009],[131.851044,34.713396]]],[[[131.853104,34.716218],[131.857224,34.715089],[131.857224,34.712831],[131.85585,34.711138],[131.852417,34.711703],[131.851044,34.713396],[131.853104,34.716218]]],[[[131.85173,34.712267],[131.85585,34.711138],[131.85173,34.709445],[131.850357,34.707751],[131.85173,34.712267]]],[[[131.854477,34.710574],[131.85585,34.706058],[131.85791,34.704364],[131.852417,34.703235],[131.848984,34.704929],[131.848297,34.706058],[131.853104,34.710574],[131.854477,34.710574]]],[[[131.856537,34.712831],[131.85791,34.710574],[131.857224,34.705493],[131.85585,34.706058],[131.854477,34.710574],[131.85585,34.711138],[131.856537,34.712831]]],[[[131.86203,34.722426],[131.863403,34.720733],[131.863403,34.719604],[131.864777,34.71904],[131.865463,34.716218],[131.85997,34.716782],[131.85997,34.720169],[131.859283,34.722426],[131.86203,34.722426]]],[[[131.85997,34.716782],[131.865463,34.716218],[131.86821,34.712831],[131.857224,34.712831],[131.857224,34.714525],[131.85997,34.716782]]],[[[131.85997,34.710574],[131.86203,34.708316],[131.861343,34.706622],[131.859283,34.702106],[131.857224,34.7038],[131.85791,34.710574],[131.85997,34.710574]]],[[[131.86821,34.712831],[131.87027,34.711138],[131.866837,34.710574],[131.865463,34.711138],[131.86409,34.710009],[131.86203,34.710574],[131.86203,34.708316],[131.85997,34.710574],[131.85791,34.710574],[131.856537,34.712831],[131.86821,34.712831]]],[[[131.87027,34.711138],[131.873016,34.709445],[131.875076,34.709445],[131.875076,34.708316],[131.873703,34.70888],[131.870956,34.707187],[131.86409,34.706622],[131.86203,34.708316],[131.861343,34.710009],[131.87027,34.711138]]],[[[131.86203,34.708316],[131.865463,34.704364],[131.864777,34.700413],[131.85997,34.699848],[131.859283,34.702106],[131.86203,34.708316]]],[[[131.864777,34.700413],[131.867523,34.699284],[131.865463,34.697026],[131.85997,34.69759],[131.858597,34.695332],[131.858597,34.697026],[131.85997,34.699848],[131.864777,34.700413]]],[[[131.866837,34.698155],[131.86821,34.696461],[131.868896,34.690816],[131.863403,34.690816],[131.862717,34.689686],[131.861343,34.690251],[131.861343,34.693074],[131.85997,34.694203],[131.858597,34.694768],[131.858597,34.695332],[131.860657,34.698155],[131.865463,34.697026],[131.865463,34.698155],[131.866837,34.698155]]],[[[131.873703,34.70888],[131.87645,34.707751],[131.877136,34.706058],[131.87233,34.702671],[131.867523,34.702106],[131.864777,34.702106],[131.86409,34.706622],[131.870956,34.707187],[131.873703,34.70888]]],[[[131.877136,34.706058],[131.87645,34.703235],[131.875076,34.701542],[131.879196,34.697026],[131.87233,34.695332],[131.867523,34.699848],[131.865463,34.700413],[131.864777,34.702106],[131.87233,34.702671],[131.877136,34.706058]]],[[[131.867523,34.699284],[131.87233,34.695332],[131.879196,34.697026],[131.879883,34.695332],[131.87851,34.692509],[131.879883,34.690251],[131.87645,34.689686],[131.875076,34.688557],[131.873703,34.690251],[131.868896,34.690816],[131.86821,34.696461],[131.866837,34.698155],[131.867523,34.699284]]]]}},{"type":"Feature","properties":{"layer_id":"bakumatsu_villages","name":"都茂村","address":"石見 美濃郡","source":"Geoshape 幕末期近世村領域データセット vector tiles (z7 extraction)","subarea_name":"近世村のおおよその範囲","feature_key":"village:K50G05S00077","accuracy_note":"2015年農業集落境界をもとに復元した概略範囲で、江戸時代の正確な村境ではありません"},"geometry":{"type":"MultiPolygon","coordinates":[[[[131.98288,34.680652],[131.985626,34.678958],[131.980133,34.675006],[131.973267,34.666535],[131.971893,34.667664],[131.9664,34.668229],[131.96434,34.669923],[131.965027,34.671053],[131.960907,34.672182],[131.96022,34.673312],[131.958847,34.672182],[131.95816,34.672747],[131.96022,34.67557],[131.962967,34.676135],[131.96434,34.677829],[131.963654,34.679523],[131.967087,34.679523],[131.969833,34.6767],[131.975327,34.677829],[131.977386,34.679523],[131.979446,34.679523],[131.98082,34.680652],[131.98288,34.680652]]],[[[131.986313,34.678958],[131.988373,34.678394],[131.989746,34.6767],[131.992493,34.677264],[131.997986,34.675006],[132.000046,34.673876],[132.002106,34.671617],[131.996613,34.668794],[131.993866,34.669359],[131.987686,34.665405],[131.987,34.669359],[131.98494,34.668794],[131.984253,34.671053],[131.978073,34.672747],[131.982193,34.677264],[131.986313,34.678958]]],[[[131.978073,34.672747],[131.98494,34.670488],[131.98494,34.667664],[131.98082,34.664276],[131.978073,34.665405],[131.97464,34.665405],[131.973267,34.666535],[131.978073,34.672747]]],[[[131.987,34.669359],[131.987,34.667664],[131.98494,34.667664],[131.98494,34.668794],[131.987,34.669359]]],[[[131.987,34.667664],[131.987686,34.666535],[131.987,34.663146],[131.985626,34.662017],[131.98082,34.660887],[131.981506,34.662582],[131.98082,34.664276],[131.98494,34.667664],[131.987,34.667664]]],[[[132.002106,34.671617],[132.004166,34.670488],[132.004166,34.667664],[132.006912,34.66597],[132.013779,34.66597],[132.017212,34.660322],[132.020645,34.659758],[132.027512,34.663146],[132.034378,34.655239],[132.036438,34.654109],[132.035751,34.65185],[132.038498,34.646766],[132.043304,34.650155],[132.046051,34.649591],[132.049484,34.65072],[132.057724,34.646201],[132.065964,34.647331],[132.065277,34.645636],[132.067337,34.643377],[132.06665,34.640552],[132.068024,34.638293],[132.06665,34.637728],[132.065277,34.633208],[132.061844,34.632078],[132.059097,34.629253],[132.056351,34.628688],[132.054291,34.623038],[132.051544,34.624168],[132.048111,34.629253],[132.047424,34.632078],[132.042618,34.629253],[132.040558,34.627558],[132.039185,34.627558],[132.034378,34.631513],[132.031631,34.629818],[132.026825,34.629253],[132.023392,34.631513],[132.022018,34.631513],[132.019272,34.629253],[132.011719,34.625863],[132.008286,34.631513],[132.005539,34.629818],[132.002792,34.632078],[131.997299,34.631513],[131.995239,34.632078],[131.994553,34.634903],[131.992493,34.636033],[131.991119,34.638293],[131.993866,34.642247],[131.993866,34.645072],[131.988373,34.65072],[131.989059,34.65185],[131.993866,34.65185],[131.994553,34.653545],[131.992493,34.657498],[131.985626,34.657498],[131.98082,34.660887],[131.985626,34.662017],[131.987686,34.665405],[131.993866,34.669359],[131.996613,34.668794],[132.002106,34.671617]]]]}},{"type":"Feature","properties":{"layer_id":"bakumatsu_villages","name":"金地村","address":"石見 美濃郡","source":"Geoshape 幕末期近世村領域データセット vector tiles (z7 extraction)","subarea_name":"近世村のおおよその範囲","feature_key":"village:K50G05S00034","accuracy_note":"2015年農業集落境界をもとに復元した概略範囲で、江戸時代の正確な村境ではありません"},"geometry":{"type":"MultiPolygon","coordinates":[[[[131.792679,34.648461],[131.794052,34.643942],[131.791306,34.639422],[131.790619,34.634338],[131.789932,34.633208],[131.786499,34.628688],[131.785812,34.629253],[131.787872,34.632078],[131.785126,34.636033],[131.785126,34.641682],[131.781693,34.643377],[131.789246,34.648461],[131.792679,34.648461]]],[[[131.781693,34.643377],[131.785126,34.641682],[131.785126,34.636033],[131.787872,34.632078],[131.785812,34.629253],[131.781693,34.627558],[131.780319,34.624733],[131.776199,34.622473],[131.778259,34.626993],[131.776199,34.629818],[131.776199,34.633773],[131.781693,34.643377]]]]}},{"type":"Feature","properties":{"layer_id":"bakumatsu_villages","name":"金山村","address":"石見 美濃郡","source":"Geoshape 幕末期近世村領域データセット vector tiles (z7 extraction)","subarea_name":"近世村のおおよその範囲","feature_key":"village:K50G05S00049","accuracy_note":"2015年農業集落境界をもとに復元した概略範囲で、江戸時代の正確な村境ではありません"},"geometry":{"type":"MultiPolygon","coordinates":[[[[131.912842,34.754589],[131.913528,34.752896],[131.916275,34.752896],[131.914902,34.747819],[131.915588,34.743869],[131.908035,34.746126],[131.903915,34.745562],[131.905289,34.747819],[131.904602,34.75064],[131.906662,34.754589],[131.907349,34.753461],[131.912842,34.754589]]],[[[131.920395,34.754025],[131.921768,34.751768],[131.923828,34.751768],[131.925201,34.750076],[131.925888,34.742177],[131.921082,34.741048],[131.916962,34.742177],[131.914902,34.747819],[131.916275,34.752896],[131.920395,34.754025]]]]}},{"type":"Feature","properties":{"layer_id":"bakumatsu_villages","name":"須子村","address":"石見 美濃郡","source":"Geoshape 幕末期近世村領域データセット vector tiles (z7 extraction)","subarea_name":"近世村のおおよその範囲","feature_key":"village:K50G05S00025","accuracy_note":"2015年農業集落境界をもとに復元した概略範囲で、江戸時代の正確な村境ではありません"},"geometry":{"type":"MultiPolygon","coordinates":[[[[131.827698,34.683476],[131.831818,34.682346],[131.830444,34.680652],[131.832504,34.677264],[131.831131,34.673876],[131.829758,34.674441],[131.824951,34.678958],[131.827698,34.683476]]],[[[131.824951,34.678958],[131.831131,34.673876],[131.829758,34.664841],[131.822891,34.665405],[131.819458,34.667664],[131.821518,34.674441],[131.824951,34.678958]]]]}},{"type":"Feature","properties":{"layer_id":"bakumatsu_villages","name":"飯浦村","address":"石見 美濃郡","source":"Geoshape 幕末期近世村領域データセット vector tiles (z7 extraction)","subarea_name":"近世村のおおよその範囲","feature_key":"village:K50G05S00037","accuracy_note":"2015年農業集落境界をもとに復元した概略範囲で、江戸時代の正確な村境ではありません"},"geometry":{"type":"MultiPolygon","coordinates":[[[[131.699982,34.675006],[131.699982,34.674441],[131.702042,34.674441],[131.700668,34.673876],[131.701355,34.672182],[131.697922,34.671617],[131.697235,34.670488],[131.688309,34.672182],[131.687622,34.675006],[131.690369,34.681217],[131.690369,34.677264],[131.693802,34.677264],[131.695862,34.676135],[131.697922,34.6767],[131.699295,34.675006],[131.699982,34.675006]]],[[[131.702042,34.671617],[131.701355,34.670488],[131.697235,34.670488],[131.697922,34.671617],[131.702042,34.671617]]],[[[131.700668,34.673312],[131.703415,34.672747],[131.702728,34.671617],[131.701355,34.672182],[131.700668,34.673312]]],[[[131.708908,34.676135],[131.708908,34.673312],[131.708221,34.671617],[131.702728,34.672182],[131.708908,34.676135]]],[[[131.688309,34.672182],[131.702728,34.669923],[131.704788,34.664841],[131.709595,34.659193],[131.707535,34.65072],[131.702728,34.647331],[131.699982,34.647896],[131.699982,34.649591],[131.696548,34.648461],[131.693802,34.649591],[131.694489,34.651285],[131.695862,34.652415],[131.694489,34.656369],[131.691055,34.656369],[131.688309,34.656934],[131.688309,34.660322],[131.689682,34.663711],[131.684189,34.667664],[131.683502,34.669359],[131.686249,34.669923],[131.688309,34.672182]]],[[[131.702728,34.672182],[131.707535,34.671617],[131.709595,34.669923],[131.709595,34.665405],[131.710968,34.662582],[131.709595,34.659193],[131.701355,34.670488],[131.702728,34.672182]]],[[[131.709595,34.676135],[131.714401,34.673312],[131.715775,34.673312],[131.716461,34.675006],[131.717148,34.674441],[131.717834,34.672747],[131.716461,34.670488],[131.717148,34.668229],[131.721268,34.661452],[131.715775,34.653545],[131.713028,34.65298],[131.710968,34.653545],[131.708221,34.651285],[131.708908,34.658628],[131.710968,34.662582],[131.708221,34.671617],[131.709595,34.676135]]]]}},{"type":"Feature","properties":{"layer_id":"bakumatsu_villages","name":"飯田村","address":"石見 美濃郡","source":"Geoshape 幕末期近世村領域データセット vector tiles (z7 extraction)","subarea_name":"近世村のおおよその範囲","feature_key":"village:K50G05S00026","accuracy_note":"2015年農業集落境界をもとに復元した概略範囲で、江戸時代の正確な村境ではありません"},"geometry":{"type":"Polygon","coordinates":[[[131.813965,34.678394],[131.816025,34.673876],[131.821518,34.673876],[131.819458,34.667664],[131.820145,34.665405],[131.817398,34.663146],[131.809845,34.662017],[131.808472,34.660322],[131.805725,34.662582],[131.805038,34.668229],[131.805038,34.671053],[131.802292,34.675006],[131.804352,34.676135],[131.808472,34.676135],[131.813965,34.678394]]]}},{"type":"Feature","properties":{"layer_id":"bakumatsu_villages","name":"馬谷村","address":"石見 美濃郡","source":"Geoshape 幕末期近世村領域データセット vector tiles (z7 extraction)","subarea_name":"近世村のおおよその範囲","feature_key":"village:K50G05S00008","accuracy_note":"2015年農業集落境界をもとに復元した概略範囲で、江戸時代の正確な村境ではありません"},"geometry":{"type":"MultiPolygon","coordinates":[[[[131.914902,34.654109],[131.918335,34.649591],[131.917648,34.646766],[131.921082,34.645072],[131.925888,34.645072],[131.925888,34.644507],[131.921082,34.641682],[131.912842,34.625298],[131.910095,34.626993],[131.910095,34.628123],[131.906662,34.629818],[131.908722,34.626993],[131.905289,34.624733],[131.901855,34.625298],[131.907349,34.633208],[131.905289,34.635468],[131.909409,34.640552],[131.910782,34.647896],[131.914902,34.654109]]],[[[131.892929,34.643377],[131.903915,34.634903],[131.907349,34.633773],[131.900482,34.623038],[131.897736,34.622473],[131.894989,34.623038],[131.895676,34.620212],[131.892242,34.619647],[131.891556,34.622473],[131.888809,34.624168],[131.888123,34.630948],[131.886063,34.635468],[131.888123,34.639987],[131.892929,34.643377]]],[[[131.925888,34.644507],[131.927261,34.643377],[131.927948,34.641117],[131.930008,34.639987],[131.928635,34.633773],[131.925888,34.633208],[131.925888,34.629818],[131.917648,34.624168],[131.916275,34.621343],[131.914215,34.621908],[131.912842,34.625298],[131.921082,34.641682],[131.925888,34.644507]]]]}},{"type":"Feature","properties":{"layer_id":"bakumatsu_villages","name":"高津村","address":"石見 美濃郡","source":"Geoshape 幕末期近世村領域データセット vector tiles (z7 extraction)","subarea_name":"近世村のおおよその範囲","feature_key":"village:K50G05S00027","accuracy_note":"2015年農業集落境界をもとに復元した概略範囲で、江戸時代の正確な村境ではありません"},"geometry":{"type":"MultiPolygon","coordinates":[[[[131.824951,34.689122],[131.826324,34.686863],[131.828384,34.686299],[131.824951,34.678958],[131.823578,34.679523],[131.824265,34.681782],[131.820831,34.681217],[131.820145,34.682346],[131.824951,34.685169],[131.823578,34.686863],[131.824951,34.689122]]],[[[131.824265,34.681782],[131.823578,34.679523],[131.824951,34.678958],[131.822205,34.676135],[131.820831,34.678394],[131.822891,34.681217],[131.824265,34.681782]]],[[[131.818085,34.683476],[131.820831,34.681217],[131.822891,34.681217],[131.820831,34.678394],[131.822205,34.676135],[131.821518,34.673876],[131.816025,34.673876],[131.814651,34.677829],[131.813278,34.678958],[131.818085,34.683476]]]]}},{"type":"Feature","properties":{"layer_id":"bakumatsu_villages","name":"黒谷村","address":"石見 美濃郡","source":"Geoshape 幕末期近世村領域データセット vector tiles (z7 extraction)","subarea_name":"近世村のおおよその範囲","feature_key":"village:K50G05S00038","accuracy_note":"2015年農業集落境界をもとに復元した概略範囲で、江戸時代の正確な村境ではありません"},"geometry":{"type":"MultiPolygon","coordinates":[[[[131.718521,34.612301],[131.726761,34.611736],[131.725388,34.607215],[131.726074,34.604954],[131.717834,34.603259],[131.716461,34.606085],[131.718521,34.612301]]],[[[131.725388,34.617387],[131.725388,34.615692],[131.730194,34.615127],[131.730194,34.60778],[131.728821,34.606085],[131.730194,34.603824],[131.727448,34.603259],[131.725388,34.607215],[131.726761,34.611736],[131.718521,34.612301],[131.717834,34.613431],[131.721268,34.615127],[131.721954,34.616822],[131.724014,34.617387],[131.725388,34.617387]]],[[[131.722641,34.604389],[131.724701,34.601563],[131.719894,34.600433],[131.718521,34.598172],[131.717834,34.599302],[131.719208,34.600998],[131.717834,34.603259],[131.722641,34.604389]]],[[[131.726074,34.604954],[131.727448,34.603259],[131.730194,34.603824],[131.728821,34.602128],[131.726761,34.602128],[131.724701,34.601563],[131.723328,34.604389],[131.726074,34.604954]]],[[[131.734314,34.614562],[131.734314,34.611736],[131.735001,34.60891],[131.739807,34.600998],[131.739807,34.598172],[131.738434,34.597042],[131.737747,34.59365],[131.733627,34.597607],[131.735687,34.599868],[131.734314,34.602128],[131.732941,34.602694],[131.728821,34.602128],[131.730194,34.604389],[131.728821,34.606085],[131.730194,34.60778],[131.729507,34.611736],[131.730881,34.613996],[131.734314,34.614562]]],[[[131.735001,34.613996],[131.736374,34.612866],[131.739807,34.613431],[131.74118,34.612301],[131.74942,34.612866],[131.74942,34.610041],[131.74736,34.60778],[131.748734,34.604954],[131.743927,34.600998],[131.743927,34.599302],[131.739807,34.599868],[131.738434,34.605519],[131.734314,34.610041],[131.735001,34.613996]]],[[[131.748734,34.604954],[131.756287,34.601563],[131.7556,34.599868],[131.76178,34.59252],[131.7556,34.589693],[131.752167,34.591389],[131.748047,34.596476],[131.743927,34.599302],[131.743927,34.600998],[131.748734,34.604954]]],[[[131.75148,34.615692],[131.754227,34.614562],[131.756287,34.612301],[131.761093,34.613431],[131.764526,34.612866],[131.768646,34.610606],[131.774826,34.609475],[131.770706,34.60665],[131.773453,34.603259],[131.772079,34.600433],[131.76178,34.599868],[131.756287,34.600433],[131.748734,34.604954],[131.74736,34.608345],[131.75148,34.615692]]],[[[131.756287,34.600998],[131.76178,34.599868],[131.772079,34.600433],[131.772766,34.597607],[131.771393,34.596476],[131.772766,34.59365],[131.771393,34.59252],[131.769333,34.598737],[131.76796,34.598737],[131.76178,34.59252],[131.7556,34.599868],[131.756287,34.600998]]]]}},{"type":"Feature","properties":{"layer_id":"civil_engineering_heritage","name":"高角橋","address":"島根県/益田市","source":"土木学会 選奨土木遺産","subarea_name":"全国的にも大規模で、かつ島根県では唯一のＲＣローゼ桁橋で、高津川に映る５連のアーチが美しい橋です。","feature_key":"civil:441:高角橋","source_url":"https://committees.jsce.or.jp/heritage/node/663","accuracy_note":"公式地図の位置を優先して収録しています"},"geometry":{"type":"Point","coordinates":[131.825329,34.678607]}},{"type":"Feature","properties":{"layer_id":"edo_post_stations","name":"益田","address":"","source":"CODH 江戸宿場データセット Version 1 (2026-08)","subarea_name":"山陰道","feature_key":"post:R701-043"},"geometry":{"coordinates":[131.8584,34.67492],"type":"Point"}},{"type":"Feature","properties":{"layer_id":"edo_roads","name":"山陰道","address":"京都 → 小郡","source":"CODH 江戸主要街道データセット Version 4 (2026-08)","subarea_name":"江戸期の主要街道","feature_key":"road:R701"},"geometry":{"type":"LineString","coordinates":[[131.800834,34.587491],[131.802473,34.589219],[131.803266,34.590863],[131.803753,34.592696],[131.80374,34.595183],[131.803586,34.597437],[131.804149,34.598976],[131.803561,34.600472],[131.80383,34.602748],[131.802985,34.603864],[131.801833,34.60496],[131.801116,34.606098],[131.800374,34.607741],[131.800092,34.608647],[131.800425,34.609848],[131.800425,34.61086],[131.799439,34.611576],[131.799849,34.614736],[131.802754,34.616653],[131.806773,34.621962],[131.807337,34.623774],[131.808284,34.625839],[131.809205,34.627903],[131.81126,34.628293],[131.812258,34.628756],[131.813103,34.628882],[131.813717,34.629198],[131.815919,34.629219],[131.816354,34.629388],[131.817736,34.629409],[131.818095,34.629304],[131.818632,34.629725],[131.819196,34.629662],[131.819554,34.629283],[131.820194,34.629283],[131.820629,34.629704],[131.820424,34.630357],[131.820066,34.630862],[131.822012,34.633411],[131.822114,34.633769],[131.822728,34.634085],[131.824469,34.635138],[131.825672,34.637097],[131.826773,34.638277],[131.828079,34.639077],[131.828667,34.639309],[131.829128,34.640109],[131.829077,34.640488],[131.829282,34.641415],[131.829999,34.641857],[131.830792,34.642805],[131.83133,34.643879],[131.831407,34.645058],[131.831586,34.645859],[131.831483,34.646427],[131.831099,34.646828],[131.830946,34.647586],[131.831432,34.648575],[131.831407,34.64967],[131.831688,34.650597],[131.832456,34.651545],[131.832354,34.651966],[131.833711,34.65264],[131.83517,34.65264],[131.837064,34.653166],[131.837295,34.653756],[131.839624,34.653356],[131.840469,34.654219],[131.841467,34.654746],[131.844155,34.654367],[131.844078,34.654977],[131.843694,34.655314],[131.844155,34.655672],[131.843771,34.656557],[131.844539,34.657462],[131.844693,34.658662],[131.845666,34.659252],[131.845819,34.659842],[131.845768,34.660199],[131.846152,34.660536],[131.847048,34.6606],[131.847637,34.660958],[131.848942,34.661463],[131.848968,34.661842],[131.849761,34.662768],[131.849889,34.663211],[131.850606,34.663779],[131.850734,34.664369],[131.851221,34.665274],[131.851733,34.665737],[131.852065,34.666895],[131.852398,34.667738],[131.853294,34.668369],[131.854062,34.668643],[131.8546,34.668601],[131.854702,34.669359],[131.855547,34.669401],[131.856059,34.670011],[131.855675,34.670643],[131.855982,34.671001],[131.855624,34.672348],[131.855368,34.672896],[131.856072,34.673043],[131.85684,34.673464],[131.857083,34.673717],[131.857365,34.674264],[131.858529,34.67579],[131.858004,34.676075],[131.857441,34.676591],[131.858709,34.677411],[131.858952,34.678948],[131.858593,34.679127],[131.858069,34.679359],[131.857723,34.679696],[131.857723,34.680769],[131.857659,34.681885],[131.858836,34.682822],[131.859067,34.68339],[131.859169,34.684295],[131.859425,34.684337],[131.85963,34.685158],[131.859886,34.685579],[131.860065,34.68619],[131.860603,34.686632],[131.860808,34.687032],[131.861576,34.687432],[131.862036,34.687958],[131.862088,34.688526],[131.862344,34.689158],[131.863393,34.690295],[131.863035,34.691515],[131.863316,34.692357],[131.863419,34.692799],[131.863368,34.693789],[131.863265,34.694588],[131.863854,34.694757],[131.863777,34.695241],[131.864264,34.696862],[131.864699,34.69844],[131.864929,34.699366],[131.86475,34.701155],[131.864212,34.702818],[131.863086,34.704501],[131.862676,34.705659],[131.862113,34.706017],[131.862344,34.706816],[131.862625,34.707763],[131.862523,34.709447],[131.862165,34.710331],[131.862165,34.710983],[131.861652,34.711572],[131.861883,34.712267],[131.861627,34.712688],[131.862036,34.712982],[131.862779,34.713361],[131.863163,34.713761],[131.863291,34.714266],[131.863291,34.715402],[131.863163,34.715739],[131.863291,34.71616],[131.862881,34.716602],[131.863112,34.717675],[131.863163,34.718706],[131.863521,34.719611],[131.863445,34.720789],[131.863445,34.721252],[131.863137,34.72182],[131.863009,34.722493],[131.863726,34.723356],[131.864648,34.724492],[131.865339,34.725733],[131.8658,34.726891],[131.866644,34.727543],[131.868411,34.727311],[131.868539,34.728195],[131.868283,34.729184],[131.868488,34.729773],[131.869819,34.73072],[131.87179,34.732171],[131.873863,34.733139],[131.875783,34.734296],[131.876116,34.734843],[131.87563,34.735601],[131.876167,34.736169],[131.877089,34.735895],[131.877371,34.737157],[131.878036,34.738441],[131.879163,34.73884],[131.880033,34.738777],[131.88034,34.739366],[131.881492,34.739661],[131.882362,34.739976],[131.882439,34.741365],[131.88354,34.74208],[131.884308,34.742038],[131.884538,34.74248],[131.884948,34.74248],[131.885537,34.742353],[131.886305,34.742711],[131.886586,34.743111],[131.888046,34.743763],[131.888737,34.743805],[131.889582,34.744352],[131.889812,34.744709],[131.890247,34.744941],[131.891143,34.74492],[131.891809,34.745908],[131.893857,34.74656],[131.894855,34.746455],[131.895674,34.746329],[131.896468,34.74656],[131.897082,34.747086],[131.89721,34.747402],[131.897876,34.747675],[131.897671,34.748222],[131.897799,34.74858],[131.898362,34.748832],[131.898849,34.74858],[131.900001,34.748201],[131.901434,34.748559],[131.902535,34.749063],[131.902765,34.749526],[131.903226,34.749694],[131.903431,34.75001],[131.904173,34.750704],[131.905095,34.751987],[131.905786,34.75266],[131.906477,34.753123],[131.90722,34.753375]]}},{"type":"Feature","properties":{"layer_id":"historical_sites_archaeology","name":"スクモ塚古墳","address":"島根県 益田市 久城町","source":"Geoshape 日本歴史地名大系 施設・地点項目データセット 2025-05-15","subarea_name":"古墳","feature_key":"06_kofun.geojson:330000236400","subtype":"古墳"},"geometry":{"type":"Point","coordinates":[131.848442,34.701194]}},{"type":"Feature","properties":{"layer_id":"historical_sites_archaeology","name":"七尾城跡","address":"島根県 益田市 七尾町","source":"Geoshape 日本歴史地名大系 施設・地点項目データセット 2025-05-15","subarea_name":"城跡","feature_key":"05_castle_ruins.geojson:330000234500","subtype":"城跡"},"geometry":{"type":"Point","coordinates":[131.863873,34.672342]}},{"type":"Feature","properties":{"layer_id":"historical_sites_archaeology","name":"三宅御土居跡","address":"島根県 益田市 三宅町","source":"Geoshape 日本歴史地名大系 施設・地点項目データセット 2025-05-15","subarea_name":"史跡","feature_key":"09_historic_sites.geojson:330000234400","subtype":"史跡"},"geometry":{"type":"Point","coordinates":[131.857139,34.677674]}},{"type":"Feature","properties":{"layer_id":"historical_sites_archaeology","name":"丸山銅山跡","address":"島根県 益田市 美都町山本","source":"Geoshape 日本歴史地名大系 施設・地点項目データセット 2025-05-15","subarea_name":"史跡","feature_key":"09_historic_sites.geojson:330000227600","subtype":"史跡"},"geometry":{"type":"Point","coordinates":[131.969239,34.652567]}},{"type":"Feature","properties":{"layer_id":"historical_sites_archaeology","name":"久々茂土居跡","address":"島根県 益田市 久々茂町","source":"Geoshape 日本歴史地名大系 施設・地点項目データセット 2025-05-15","subarea_name":"史跡","feature_key":"09_historic_sites.geojson:330000241900","subtype":"史跡"},"geometry":{"type":"Point","coordinates":[131.901194,34.664629]}},{"type":"Feature","properties":{"layer_id":"historical_sites_archaeology","name":"今市船着場跡","address":"島根県 益田市 下本郷町","source":"Geoshape 日本歴史地名大系 施設・地点項目データセット 2025-05-15","subarea_name":"史跡","feature_key":"09_historic_sites.geojson:330000235900","subtype":"史跡"},"geometry":{"type":"Point","coordinates":[131.84493,34.686387]}},{"type":"Feature","properties":{"layer_id":"historical_sites_archaeology","name":"国竹遺跡","address":"島根県 益田市 横田町","source":"Geoshape 日本歴史地名大系 施設・地点項目データセット 2025-05-15","subarea_name":"遺跡","feature_key":"08_archaeological_sites.geojson:330000143700","subtype":"遺跡"},"geometry":{"type":"Point","coordinates":[131.806747,34.624809]}},{"type":"Feature","properties":{"layer_id":"historical_sites_archaeology","name":"大元一号墳","address":"島根県 益田市 下本郷町","source":"Geoshape 日本歴史地名大系 施設・地点項目データセット 2025-05-15","subarea_name":"古墳","feature_key":"06_kofun.geojson:330000242300","subtype":"古墳"},"geometry":{"type":"Point","coordinates":[131.848983,34.688117]}},{"type":"Feature","properties":{"layer_id":"historical_sites_archaeology","name":"大喜庵","address":"島根県 益田市 乙吉町","source":"Geoshape 日本歴史地名大系 施設・地点項目データセット 2025-05-15","subarea_name":"史跡","feature_key":"09_historic_sites.geojson:330000236000","subtype":"史跡"},"geometry":{"type":"Point","coordinates":[131.847445,34.684381]}},{"type":"Feature","properties":{"layer_id":"historical_sites_archaeology","name":"大谷土居跡","address":"島根県 益田市 大谷町","source":"Geoshape 日本歴史地名大系 施設・地点項目データセット 2025-05-15","subarea_name":"史跡","feature_key":"09_historic_sites.geojson:330000241700","subtype":"史跡"},"geometry":{"type":"Point","coordinates":[131.874976,34.660181]}},{"type":"Feature","properties":{"layer_id":"historical_sites_archaeology","name":"宇津川城跡","address":"島根県 益田市 美都町宇津川","source":"Geoshape 日本歴史地名大系 施設・地点項目データセット 2025-05-15","subarea_name":"城跡","feature_key":"05_castle_ruins.geojson:330000228400","subtype":"城跡"},"geometry":{"type":"Point","coordinates":[132.04849,34.673945]}},{"type":"Feature","properties":{"layer_id":"historical_sites_archaeology","name":"安富王子台遺跡","address":"島根県 益田市 安富町","source":"Geoshape 日本歴史地名大系 施設・地点項目データセット 2025-05-15","subarea_name":"遺跡","feature_key":"08_archaeological_sites.geojson:330000240200","subtype":"遺跡"},"geometry":{"type":"Point","coordinates":[131.81287,34.642758]}},{"type":"Feature","properties":{"layer_id":"historical_sites_archaeology","name":"小丸山古墳","address":"島根県 益田市 乙吉町","source":"Geoshape 日本歴史地名大系 施設・地点項目データセット 2025-05-15","subarea_name":"古墳","feature_key":"06_kofun.geojson:330000235700","subtype":"古墳"},"geometry":{"type":"Point","coordinates":[131.848099,34.68406]}},{"type":"Feature","properties":{"layer_id":"historical_sites_archaeology","name":"新槙原遺跡","address":"島根県 益田市 匹見町道川","source":"Geoshape 日本歴史地名大系 施設・地点項目データセット 2025-05-15","subarea_name":"遺跡","feature_key":"08_archaeological_sites.geojson:330000231700","subtype":"遺跡"},"geometry":{"type":"Point","coordinates":[132.091663,34.640864]}},{"type":"Feature","properties":{"layer_id":"historical_sites_archaeology","name":"水田ノ上遺跡","address":"島根県 益田市 匹見町紙祖","source":"Geoshape 日本歴史地名大系 施設・地点項目データセット 2025-05-15","subarea_name":"遺跡","feature_key":"08_archaeological_sites.geojson:330000230400","subtype":"遺跡"},"geometry":{"type":"Point","coordinates":[132.008879,34.507964]}},{"type":"Feature","properties":{"layer_id":"historical_sites_archaeology","name":"登代城跡","address":"島根県 益田市 美都町板井川","source":"Geoshape 日本歴史地名大系 施設・地点項目データセット 2025-05-15","subarea_name":"城跡","feature_key":"05_castle_ruins.geojson:330000228800","subtype":"城跡"},"geometry":{"type":"Point","coordinates":[132.063337,34.699604]}},{"type":"Feature","properties":{"layer_id":"historical_sites_archaeology","name":"石ヶ坪遺跡","address":"島根県 益田市 匹見町紙祖","source":"Geoshape 日本歴史地名大系 施設・地点項目データセット 2025-05-15","subarea_name":"遺跡","feature_key":"08_archaeological_sites.geojson:330000230300","subtype":"遺跡"},"geometry":{"type":"Point","coordinates":[132.002966,34.550994]}},{"type":"Feature","properties":{"layer_id":"historical_sites_archaeology","name":"稲積城跡","address":"島根県 益田市 土井町","source":"Geoshape 日本歴史地名大系 施設・地点項目データセット 2025-05-15","subarea_name":"城跡","feature_key":"05_castle_ruins.geojson:330000233800","subtype":"城跡"},"geometry":{"type":"Point","coordinates":[131.858835,34.668091]}},{"type":"Feature","properties":{"layer_id":"historical_sites_archaeology","name":"藤ヶ瀬城跡","address":"島根県 益田市 横田町","source":"Geoshape 日本歴史地名大系 施設・地点項目データセット 2025-05-15","subarea_name":"城跡","feature_key":"05_castle_ruins.geojson:330000143600","subtype":"城跡"},"geometry":{"type":"Point","coordinates":[131.807899,34.631114]}},{"type":"Feature","properties":{"layer_id":"historical_sites_archaeology","name":"西平原窯跡群","address":"島根県 益田市 西平原町","source":"Geoshape 日本歴史地名大系 施設・地点項目データセット 2025-05-15","subarea_name":"遺跡","feature_key":"08_archaeological_sites.geojson:330000243200","subtype":"遺跡"},"geometry":{"type":"Point","coordinates":[131.878375,34.749957]}},{"type":"Feature","properties":{"layer_id":"historical_sites_archaeology","name":"鵜ノ鼻古墳群","address":"島根県 益田市 遠田町","source":"Geoshape 日本歴史地名大系 施設・地点項目データセット 2025-05-15","subarea_name":"古墳","feature_key":"06_kofun.geojson:330000242200","subtype":"古墳"},"geometry":{"type":"Point","coordinates":[131.85514,34.722075]}},{"type":"Feature","properties":{"layer_id":"historical_temples_shrines","name":"万福寺","address":"島根県 益田市 東町25番33号","source":"Geoshape 日本歴史地名大系 施設・地点項目データセット 2025-05-15","subarea_name":"寺院","feature_key":"01_temples.geojson:330000234100","subtype":"寺院"},"geometry":{"type":"Point","coordinates":[131.859818,34.678276]}},{"type":"Feature","properties":{"layer_id":"historical_temples_shrines","name":"三島神社","address":"島根県 鹿足郡吉賀町 上高尻乙217番地","source":"Geoshape 日本歴史地名大系 施設・地点項目データセット 2025-05-15","subarea_name":"神社","feature_key":"02_shrines.geojson:330000228700","subtype":"神社"},"geometry":{"type":"Point","coordinates":[132.063337,34.699604]}},{"type":"Feature","properties":{"layer_id":"historical_temples_shrines","name":"佐毘売山神社","address":"島根県 益田市 乙子町51番地","source":"Geoshape 日本歴史地名大系 施設・地点項目データセット 2025-05-15","subarea_name":"神社","feature_key":"02_shrines.geojson:330000242600","subtype":"神社"},"geometry":{"type":"Point","coordinates":[131.892352,34.682592]}},{"type":"Feature","properties":{"layer_id":"historical_temples_shrines","name":"医光寺","address":"島根県 益田市 染羽町4番29号","source":"Geoshape 日本歴史地名大系 施設・地点項目データセット 2025-05-15","subarea_name":"寺院","feature_key":"01_temples.geojson:330000234200","subtype":"寺院"},"geometry":{"type":"Point","coordinates":[131.865189,34.679382]}},{"type":"Feature","properties":{"layer_id":"historical_temples_shrines","name":"和田寺","address":"島根県 益田市 匹見町匹見イ匹見町匹見783番地","source":"Geoshape 日本歴史地名大系 施設・地点項目データセット 2025-05-15","subarea_name":"寺院","feature_key":"01_temples.geojson:330000229900","subtype":"寺院"},"geometry":{"type":"Point","coordinates":[132.024163,34.564881]}},{"type":"Feature","properties":{"layer_id":"historical_temples_shrines","name":"善正寺","address":"島根県 益田市 匹見町匹見イ匹見町匹見683番地","source":"Geoshape 日本歴史地名大系 施設・地点項目データセット 2025-05-15","subarea_name":"寺院","feature_key":"01_temples.geojson:330000230000","subtype":"寺院"},"geometry":{"type":"Point","coordinates":[132.023281,34.568052]}},{"type":"Feature","properties":{"layer_id":"historical_temples_shrines","name":"妙義寺","address":"島根県 益田市 七尾町1番40号","source":"Geoshape 日本歴史地名大系 施設・地点項目データセット 2025-05-15","subarea_name":"寺院","feature_key":"01_temples.geojson:330000234300","subtype":"寺院"},"geometry":{"type":"Point","coordinates":[131.859955,34.673485]}},{"type":"Feature","properties":{"layer_id":"historical_temples_shrines","name":"宇津川新宮神社","address":"島根県 益田市 美都町宇津川","source":"Geoshape 日本歴史地名大系 施設・地点項目データセット 2025-05-15","subarea_name":"神社","feature_key":"02_shrines.geojson:330000228300","subtype":"神社"},"geometry":{"type":"Point","coordinates":[132.029132,34.691772]}},{"type":"Feature","properties":{"layer_id":"historical_temples_shrines","name":"安養寺","address":"島根県 益田市 美都町山本イ1531番地1","source":"Geoshape 日本歴史地名大系 施設・地点項目データセット 2025-05-15","subarea_name":"寺院","feature_key":"01_temples.geojson:330000227500","subtype":"寺院"},"geometry":{"type":"Point","coordinates":[131.969239,34.652567]}},{"type":"Feature","properties":{"layer_id":"historical_temples_shrines","name":"島山八幡宮","address":"島根県 益田市 美都町都茂4309番地","source":"Geoshape 日本歴史地名大系 施設・地点項目データセット 2025-05-15","subarea_name":"神社","feature_key":"02_shrines.geojson:330000227800","subtype":"神社"},"geometry":{"type":"Point","coordinates":[132.008879,34.654141]}},{"type":"Feature","properties":{"layer_id":"historical_temples_shrines","name":"染羽天石勝神社","address":"島根県 益田市 染羽町1番60号","source":"Geoshape 日本歴史地名大系 施設・地点項目データセット 2025-05-15","subarea_name":"神社","feature_key":"02_shrines.geojson:330000234000","subtype":"神社"},"geometry":{"type":"Point","coordinates":[131.860718,34.679451]}},{"type":"Feature","properties":{"layer_id":"historical_temples_shrines","name":"柿本神社","address":"島根県 益田市 高津町イ高津町2612番地1","source":"Geoshape 日本歴史地名大系 施設・地点項目データセット 2025-05-15","subarea_name":"神社","feature_key":"02_shrines.geojson:330000236800","subtype":"神社"},"geometry":{"type":"Point","coordinates":[131.820414,34.67746]}},{"type":"Feature","properties":{"layer_id":"historical_temples_shrines","name":"櫛代賀姫神社","address":"島根県 益田市 久城町963番地","source":"Geoshape 日本歴史地名大系 施設・地点項目データセット 2025-05-15","subarea_name":"神社","feature_key":"02_shrines.geojson:330000236300","subtype":"神社"},"geometry":{"type":"Point","coordinates":[131.840052,34.701171]}},{"type":"Feature","properties":{"layer_id":"historical_temples_shrines","name":"熊野松神社","address":"島根県 益田市 中島町イ中島町165番地1","source":"Geoshape 日本歴史地名大系 施設・地点項目データセット 2025-05-15","subarea_name":"神社","feature_key":"02_shrines.geojson:330000235400","subtype":"神社"},"geometry":{"type":"Point","coordinates":[131.832199,34.687815]}},{"type":"Feature","properties":{"layer_id":"historical_temples_shrines","name":"神宝山八幡宮","address":"島根県 益田市 美都町仙道1787番地","source":"Geoshape 日本歴史地名大系 施設・地点項目データセット 2025-05-15","subarea_name":"神社","feature_key":"02_shrines.geojson:330000229000","subtype":"神社"},"geometry":{"type":"Point","coordinates":[131.939285,34.679169]}},{"type":"Feature","properties":{"layer_id":"historical_temples_shrines","name":"笹倉八幡宮","address":"島根県 益田市 美都町笹倉","source":"Geoshape 日本歴史地名大系 施設・地点項目データセット 2025-05-15","subarea_name":"神社","feature_key":"02_shrines.geojson:330000229200","subtype":"神社"},"geometry":{"type":"Point","coordinates":[131.918481,34.666554]}}]}