{"type":"FeatureCollection","municipality_code":"34204","pref":"広島県","city":"三原市","layer_counts":{"bakumatsu_villages":66,"edo_post_stations":2,"edo_roads":2,"historical_sites_archaeology":13,"historical_temples_shrines":53},"total_features":136,"features":[{"type":"Feature","properties":{"layer_id":"bakumatsu_villages","name":"七宝村","address":"安芸 豊田郡","source":"Geoshape 幕末期近世村領域データセット vector tiles (z7 extraction)","subarea_name":"近世村のおおよその範囲","feature_key":"village:K42G08S00047","accuracy_note":"2015年農業集落境界をもとに復元した概略範囲で、江戸時代の正確な村境ではありません"},"geometry":{"type":"Polygon","coordinates":[[[133.027267,34.396145],[133.041,34.392746],[133.041,34.391612],[133.039627,34.391046],[133.034134,34.385946],[133.025894,34.384813],[133.024521,34.390479],[133.026581,34.392179],[133.027267,34.396145]]]}},{"type":"Feature","properties":{"layer_id":"bakumatsu_villages","name":"三原新田／東地方新田・三原新田／西地方新田","address":"備後 御調郡","source":"Geoshape 幕末期近世村領域データセット vector tiles (z7 extraction)","subarea_name":"近世村のおおよその範囲","feature_key":"village:K40G01S00030,K40G01S00031","accuracy_note":"2015年農業集落境界をもとに復元した概略範囲で、江戸時代の正確な村境ではありません"},"geometry":{"type":"MultiPolygon","coordinates":[[[[133.05954,34.398978],[133.062973,34.401811],[133.06366,34.403511],[133.069839,34.402377],[133.073959,34.400678],[133.072586,34.399545],[133.065033,34.395012],[133.062973,34.397278],[133.05954,34.398978]]],[[[133.05954,34.398978],[133.062973,34.397278],[133.065033,34.395012],[133.056107,34.389913],[133.05748,34.392179],[133.05542,34.393312],[133.05748,34.395579],[133.05748,34.397845],[133.05954,34.398978]]],[[[133.073959,34.400678],[133.075333,34.398978],[133.072586,34.396712],[133.066406,34.393879],[133.067093,34.388779],[133.056107,34.388779],[133.056107,34.389913],[133.058167,34.390479],[133.072586,34.400111],[133.073959,34.400678]]],[[[133.076019,34.409176],[133.077393,34.405777],[133.076019,34.40521],[133.076019,34.402377],[133.071213,34.402377],[133.070526,34.404077],[133.076019,34.409176]]],[[[133.070526,34.402377],[133.076019,34.401244],[133.073273,34.400678],[133.070526,34.402377]]],[[[133.072586,34.402944],[133.076019,34.402377],[133.076019,34.401244],[133.071213,34.402377],[133.072586,34.402944]]],[[[133.076019,34.401244],[133.075333,34.398978],[133.073273,34.400678],[133.076019,34.401244]]],[[[133.082199,34.415973],[133.082886,34.412008],[133.085632,34.412008],[133.084946,34.409742],[133.087006,34.408043],[133.087006,34.406343],[133.085632,34.404077],[133.082199,34.404644],[133.080826,34.401811],[133.076019,34.402377],[133.076019,34.40521],[133.080139,34.404644],[133.081512,34.405777],[133.081512,34.409742],[133.080826,34.411442],[133.082199,34.415973]]],[[[133.087006,34.406343],[133.088379,34.40521],[133.086319,34.401811],[133.087692,34.401244],[133.076019,34.401244],[133.076019,34.402377],[133.080826,34.401811],[133.082199,34.404644],[133.085632,34.404077],[133.087006,34.406343]]],[[[133.087692,34.401244],[133.089066,34.400111],[133.087692,34.394445],[133.082199,34.396712],[133.082199,34.397845],[133.080826,34.398412],[133.079453,34.397278],[133.076019,34.398978],[133.076706,34.401244],[133.087692,34.401244]]],[[[133.075333,34.398978],[133.077393,34.397278],[133.084259,34.395012],[133.084259,34.393879],[133.089752,34.391612],[133.089066,34.390479],[133.092499,34.389346],[133.091812,34.386513],[133.084946,34.388779],[133.078766,34.389913],[133.073273,34.389913],[133.073273,34.388779],[133.067093,34.388779],[133.066406,34.393879],[133.072586,34.396712],[133.075333,34.398978]]],[[[133.089752,34.405777],[133.095245,34.400111],[133.093872,34.398978],[133.095932,34.396712],[133.097305,34.397278],[133.100052,34.397278],[133.099365,34.394445],[133.100052,34.393879],[133.097992,34.390479],[133.096619,34.391046],[133.087692,34.394445],[133.089066,34.400111],[133.086319,34.401811],[133.089066,34.405777],[133.089752,34.405777]]]]}},{"type":"Feature","properties":{"layer_id":"bakumatsu_villages","name":"上北方村","address":"安芸 豊田郡","source":"Geoshape 幕末期近世村領域データセット vector tiles (z7 extraction)","subarea_name":"近世村のおおよその範囲","feature_key":"village:K42G08S00037","accuracy_note":"2015年農業集落境界をもとに復元した概略範囲で、江戸時代の正確な村境ではありません"},"geometry":{"type":"MultiPolygon","coordinates":[[[[132.905045,34.444857],[132.908478,34.443159],[132.910538,34.440894],[132.910538,34.438628],[132.906418,34.438062],[132.905045,34.427868],[132.903671,34.429567],[132.896805,34.428434],[132.895432,34.429001],[132.895432,34.433532],[132.893372,34.434664],[132.894058,34.437496],[132.898865,34.440327],[132.899551,34.442592],[132.903671,34.44146],[132.902298,34.443159],[132.905045,34.444857]]],[[[132.898178,34.465806],[132.904358,34.460145],[132.911911,34.460145],[132.915344,34.45788],[132.921524,34.456182],[132.927017,34.455616],[132.93045,34.453917],[132.931824,34.451086],[132.937317,34.451652],[132.940063,34.451086],[132.94487,34.447122],[132.945557,34.442592],[132.94899,34.439761],[132.948303,34.438628],[132.937317,34.435797],[132.935257,34.4307],[132.93251,34.429001],[132.924957,34.429001],[132.924271,34.434664],[132.914658,34.434664],[132.914658,34.44146],[132.910538,34.440894],[132.908478,34.443159],[132.902985,34.44599],[132.901611,34.44599],[132.901611,34.447689],[132.903671,34.448255],[132.899551,34.449387],[132.892685,34.458447],[132.891998,34.459579],[132.895432,34.460711],[132.894058,34.460711],[132.889252,34.462976],[132.889252,34.465806],[132.898178,34.465806]]],[[[132.914658,34.44146],[132.914658,34.434664],[132.924271,34.434664],[132.924957,34.428434],[132.923584,34.426169],[132.924957,34.419938],[132.923584,34.421071],[132.920837,34.419372],[132.917404,34.418806],[132.915344,34.418239],[132.911224,34.419372],[132.906418,34.418239],[132.905731,34.418806],[132.905045,34.423337],[132.906418,34.426169],[132.905045,34.427868],[132.906418,34.438062],[132.910538,34.438628],[132.910538,34.440894],[132.914658,34.44146]]],[[[132.925644,34.425603],[132.929764,34.423337],[132.93045,34.422204],[132.935944,34.417673],[132.940063,34.417106],[132.940063,34.41484],[132.924957,34.413708],[132.926331,34.41654],[132.923584,34.42447],[132.925644,34.425603]]],[[[132.940063,34.41484],[132.940063,34.414274],[132.942123,34.413141],[132.938004,34.411442],[132.937317,34.409176],[132.931137,34.40521],[132.918777,34.402944],[132.918091,34.404644],[132.919464,34.408043],[132.916718,34.409176],[132.926331,34.414274],[132.940063,34.41484]]],[[[132.948303,34.438628],[132.948303,34.434664],[132.946243,34.433532],[132.949677,34.429567],[132.949677,34.427302],[132.945557,34.421638],[132.946243,34.419938],[132.94487,34.418806],[132.94075,34.41654],[132.935944,34.417673],[132.93045,34.422204],[132.929764,34.423337],[132.925644,34.425603],[132.923584,34.42447],[132.923584,34.426169],[132.924957,34.429001],[132.93045,34.429001],[132.933197,34.429567],[132.93869,34.436363],[132.948303,34.438628]]],[[[132.94899,34.423337],[132.951736,34.421071],[132.94899,34.419938],[132.94693,34.418239],[132.946243,34.41484],[132.942123,34.413141],[132.940063,34.414274],[132.940063,34.417106],[132.94487,34.418806],[132.94899,34.423337]]],[[[132.95929,34.422771],[132.961349,34.417673],[132.956543,34.41654],[132.953796,34.414274],[132.953796,34.410309],[132.94899,34.411442],[132.94281,34.413708],[132.946243,34.41484],[132.94693,34.418239],[132.949677,34.420505],[132.95929,34.422771]]],[[[132.943497,34.413141],[132.94899,34.411442],[132.948303,34.408043],[132.945557,34.407476],[132.942123,34.403511],[132.937317,34.401811],[132.93457,34.402377],[132.931137,34.401244],[132.931137,34.400111],[132.929764,34.398978],[132.929764,34.400111],[132.924957,34.404077],[132.931137,34.40521],[132.937317,34.409176],[132.938004,34.411442],[132.942123,34.413141],[132.943497,34.413141]]],[[[132.94899,34.411442],[132.95517,34.410309],[132.95311,34.408043],[132.954483,34.406343],[132.951736,34.40521],[132.950363,34.405777],[132.94899,34.403511],[132.946243,34.401811],[132.944183,34.401811],[132.93869,34.397278],[132.93251,34.395012],[132.931824,34.397278],[132.929764,34.398978],[132.931137,34.400111],[132.931137,34.401244],[132.93457,34.402377],[132.937317,34.401811],[132.942123,34.403511],[132.945557,34.407476],[132.948303,34.408043],[132.94899,34.411442]]],[[[132.961349,34.417673],[132.962036,34.41484],[132.959976,34.412575],[132.956543,34.410309],[132.953796,34.410309],[132.953796,34.414274],[132.956543,34.41654],[132.961349,34.417673]]],[[[132.962036,34.41484],[132.964783,34.413141],[132.963409,34.406343],[132.957916,34.405777],[132.955856,34.40691],[132.954483,34.406343],[132.953796,34.409176],[132.959976,34.412575],[132.962036,34.41484]]]]}},{"type":"Feature","properties":{"layer_id":"bakumatsu_villages","name":"上徳良村","address":"備後 世羅郡","source":"Geoshape 幕末期近世村領域データセット vector tiles (z7 extraction)","subarea_name":"近世村のおおよその範囲","feature_key":"village:K40G03S00049","accuracy_note":"2015年農業集落境界をもとに復元した概略範囲で、江戸時代の正確な村境ではありません"},"geometry":{"type":"MultiPolygon","coordinates":[[[[132.957916,34.533147],[132.964783,34.529753],[132.970276,34.528621],[132.975769,34.524661],[132.975082,34.52353],[132.973709,34.524096],[132.967529,34.52749],[132.958603,34.52749],[132.956543,34.529187],[132.95105,34.526359],[132.944183,34.525227],[132.940063,34.525793],[132.940063,34.529187],[132.935944,34.530884],[132.944183,34.529187],[132.95105,34.530318],[132.95517,34.530318],[132.957916,34.533147]]],[[[132.964096,34.54559],[132.966156,34.542762],[132.964096,34.539934],[132.965469,34.538238],[132.964096,34.537672],[132.964096,34.535975],[132.964783,34.535409],[132.962036,34.534278],[132.962036,34.53145],[132.957916,34.533147],[132.95517,34.530318],[132.954483,34.530318],[132.95311,34.53145],[132.954483,34.534278],[132.952423,34.536541],[132.954483,34.539369],[132.958603,34.539934],[132.959976,34.538803],[132.961349,34.5405],[132.961349,34.544459],[132.964096,34.54559]]],[[[132.966843,34.546156],[132.968903,34.542762],[132.970963,34.542762],[132.969589,34.539369],[132.976456,34.538238],[132.976456,34.533712],[132.975082,34.533147],[132.973022,34.534844],[132.967529,34.535975],[132.966156,34.537106],[132.964783,34.535409],[132.964096,34.535975],[132.964096,34.537672],[132.965469,34.538238],[132.964096,34.539934],[132.966843,34.546156]]],[[[132.966156,34.537106],[132.967529,34.535975],[132.973022,34.534844],[132.975082,34.533147],[132.977829,34.533712],[132.977829,34.528056],[132.975769,34.524661],[132.970276,34.528621],[132.964783,34.529753],[132.962036,34.53145],[132.962036,34.534278],[132.964096,34.534844],[132.966156,34.537106]]],[[[132.984009,34.558032],[132.988129,34.556901],[132.990875,34.552377],[132.992935,34.551246],[132.995682,34.549549],[132.995682,34.546721],[132.991562,34.546156],[132.987442,34.5405],[132.980576,34.539934],[132.973022,34.541631],[132.971649,34.542762],[132.968903,34.542762],[132.965469,34.548418],[132.966156,34.552377],[132.976456,34.551811],[132.979202,34.557466],[132.984009,34.558032]]],[[[132.995682,34.546721],[132.993622,34.543328],[132.994995,34.538238],[132.993622,34.536541],[132.995682,34.532015],[132.994308,34.530318],[132.994995,34.52749],[132.993622,34.526924],[132.990189,34.526359],[132.986755,34.52749],[132.983322,34.530884],[132.983322,34.532581],[132.979202,34.534278],[132.976456,34.533712],[132.976456,34.538238],[132.969589,34.539369],[132.970963,34.542762],[132.971649,34.542762],[132.973022,34.541631],[132.980576,34.539934],[132.987442,34.5405],[132.991562,34.546156],[132.995682,34.546721]]],[[[132.979202,34.534278],[132.983322,34.532581],[132.983322,34.530884],[132.986755,34.52749],[132.990189,34.526359],[132.994995,34.52749],[132.996368,34.525227],[132.994308,34.522964],[132.990875,34.522964],[132.991562,34.521267],[132.992935,34.520701],[132.991562,34.51957],[132.989502,34.51957],[132.987442,34.517307],[132.987442,34.513912],[132.985382,34.514478],[132.985382,34.516175],[132.983322,34.517873],[132.984009,34.51957],[132.975082,34.52353],[132.977829,34.528056],[132.977829,34.533712],[132.979202,34.534278]]]]}},{"type":"Feature","properties":{"layer_id":"bakumatsu_villages","name":"上草井村","address":"安芸 豊田郡","source":"Geoshape 幕末期近世村領域データセット vector tiles (z7 extraction)","subarea_name":"近世村のおおよその範囲","feature_key":"village:K42G08S00007","accuracy_note":"2015年農業集落境界をもとに復元した概略範囲で、江戸時代の正確な村境ではありません"},"geometry":{"type":"MultiPolygon","coordinates":[[[[132.854233,34.55068],[132.855606,34.549549],[132.857666,34.548984],[132.859039,34.547287],[132.860413,34.547853],[132.865906,34.545025],[132.867279,34.543894],[132.866592,34.541066],[132.859726,34.542197],[132.854919,34.545025],[132.8508,34.545025],[132.852859,34.550115],[132.854233,34.55068]]],[[[132.854919,34.545025],[132.859726,34.542197],[132.866592,34.541066],[132.865906,34.538803],[132.863159,34.535975],[132.858353,34.536541],[132.856293,34.534278],[132.853546,34.533712],[132.852173,34.534278],[132.852173,34.536541],[132.854233,34.537106],[132.852859,34.538803],[132.84874,34.539369],[132.847366,34.5405],[132.852173,34.542762],[132.8508,34.545025],[132.854919,34.545025]]],[[[132.875519,34.552942],[132.878265,34.548984],[132.876205,34.548418],[132.872772,34.544459],[132.869339,34.543328],[132.860413,34.547853],[132.863846,34.55068],[132.865906,34.550115],[132.868652,34.551246],[132.871399,34.55068],[132.875519,34.552942]]],[[[132.872772,34.544459],[132.870712,34.542762],[132.873459,34.538238],[132.872086,34.535975],[132.869339,34.534844],[132.863159,34.535975],[132.865906,34.538803],[132.867279,34.543894],[132.872772,34.544459]]]]}},{"type":"Feature","properties":{"layer_id":"bakumatsu_villages","name":"下北方村","address":"安芸 豊田郡","source":"Geoshape 幕末期近世村領域データセット vector tiles (z7 extraction)","subarea_name":"近世村のおおよその範囲","feature_key":"village:K42G08S00038","accuracy_note":"2015年農業集落境界をもとに復元した概略範囲で、江戸時代の正確な村境ではありません"},"geometry":{"type":"MultiPolygon","coordinates":[[[[132.968903,34.414274],[132.970276,34.405777],[132.962723,34.406343],[132.964783,34.413141],[132.968903,34.414274]]],[[[132.968903,34.414274],[132.971649,34.413708],[132.972336,34.413141],[132.973022,34.409176],[132.972336,34.406343],[132.975082,34.403511],[132.972336,34.403511],[132.970276,34.405777],[132.969589,34.408609],[132.968903,34.414274]]],[[[132.972336,34.413141],[132.973709,34.412008],[132.973709,34.410875],[132.975082,34.409742],[132.980576,34.409742],[132.982635,34.406343],[132.975082,34.403511],[132.972336,34.406343],[132.973022,34.409176],[132.972336,34.413141]]]]}},{"type":"Feature","properties":{"layer_id":"bakumatsu_villages","name":"下徳良村","address":"備後 世羅郡","source":"Geoshape 幕末期近世村領域データセット vector tiles (z7 extraction)","subarea_name":"近世村のおおよその範囲","feature_key":"village:K40G03S00048","accuracy_note":"2015年農業集落境界をもとに復元した概略範囲で、江戸時代の正確な村境ではありません"},"geometry":{"type":"MultiPolygon","coordinates":[[[[132.923584,34.556901],[132.922897,34.55577],[132.925644,34.550115],[132.925644,34.546721],[132.93045,34.542762],[132.93045,34.538803],[132.929764,34.538803],[132.93045,34.537672],[132.928391,34.533147],[132.926331,34.533712],[132.925644,34.534844],[132.919464,34.537672],[132.918091,34.542197],[132.913971,34.546156],[132.914658,34.549549],[132.909851,34.551811],[132.909164,34.554073],[132.919464,34.556901],[132.923584,34.556901]]],[[[132.924271,34.556335],[132.924957,34.554639],[132.931824,34.547287],[132.93251,34.545025],[132.935257,34.542762],[132.935257,34.541066],[132.935944,34.539934],[132.939377,34.5405],[132.935944,34.530884],[132.933197,34.530318],[132.928391,34.533147],[132.93045,34.537672],[132.929764,34.538803],[132.931137,34.539934],[132.93045,34.542762],[132.925644,34.546721],[132.925644,34.550115],[132.922897,34.55577],[132.924271,34.556335]]],[[[132.924271,34.556335],[132.925644,34.557466],[132.925644,34.556901],[132.924271,34.556335]]],[[[132.925644,34.557466],[132.931137,34.556901],[132.93869,34.554639],[132.941437,34.555204],[132.94281,34.553508],[132.94487,34.553508],[132.946243,34.54559],[132.93869,34.542762],[132.938004,34.5405],[132.935944,34.539934],[132.935257,34.542762],[132.93251,34.545025],[132.931824,34.547287],[132.924271,34.556335],[132.925644,34.557466]]],[[[132.95311,34.546721],[132.954483,34.544459],[132.95311,34.543328],[132.95311,34.541631],[132.951736,34.541631],[132.94899,34.542762],[132.95311,34.546721]]],[[[132.94487,34.553508],[132.94693,34.552377],[132.951736,34.552377],[132.95311,34.546156],[132.948303,34.542197],[132.94693,34.534278],[132.94693,34.529187],[132.935944,34.530884],[132.939377,34.5405],[132.938004,34.5405],[132.93869,34.542762],[132.946243,34.54559],[132.94487,34.553508]]],[[[132.948303,34.542197],[132.95311,34.541631],[132.955856,34.539934],[132.952423,34.536541],[132.954483,34.534278],[132.95311,34.53145],[132.954483,34.530318],[132.94693,34.529187],[132.94693,34.534278],[132.948303,34.542197]]],[[[132.957916,34.554073],[132.959976,34.551811],[132.966156,34.552377],[132.965469,34.548418],[132.966843,34.546156],[132.966843,34.543894],[132.965469,34.543894],[132.964096,34.54559],[132.962036,34.545025],[132.961349,34.543894],[132.958603,34.543894],[132.95723,34.545025],[132.95723,34.543328],[132.953796,34.54559],[132.951736,34.552377],[132.957916,34.554073]]],[[[132.95723,34.545025],[132.958603,34.543894],[132.961349,34.543894],[132.961349,34.5405],[132.959976,34.538803],[132.958603,34.539934],[132.955856,34.539934],[132.95311,34.541631],[132.953796,34.544459],[132.95723,34.543328],[132.95723,34.545025]]]]}},{"type":"Feature","properties":{"layer_id":"bakumatsu_villages","name":"下津村","address":"備後 御調郡","source":"Geoshape 幕末期近世村領域データセット vector tiles (z7 extraction)","subarea_name":"近世村のおおよその範囲","feature_key":"village:K40G01S00093","accuracy_note":"2015年農業集落境界をもとに復元した概略範囲で、江戸時代の正確な村境ではありません"},"geometry":{"type":"MultiPolygon","coordinates":[[[[133.036194,34.536541],[133.036194,34.535975],[133.037567,34.535409],[133.03894,34.529753],[133.035507,34.52749],[133.034134,34.520701],[133.032074,34.517873],[133.030701,34.519004],[133.031387,34.521267],[133.028641,34.522399],[133.027267,34.525227],[133.027954,34.52749],[133.030014,34.528621],[133.029327,34.530884],[133.032074,34.532015],[133.032074,34.534844],[133.035507,34.536541],[133.036194,34.536541]]],[[[133.038254,34.536541],[133.042374,34.534278],[133.045807,34.530318],[133.051987,34.53145],[133.046494,34.526924],[133.041687,34.525793],[133.039627,34.528621],[133.039627,34.530884],[133.036194,34.535975],[133.038254,34.536541]]],[[[133.03894,34.529753],[133.043747,34.52353],[133.04512,34.520136],[133.042374,34.516175],[133.038254,34.517307],[133.036194,34.513912],[133.033447,34.515044],[133.032074,34.517873],[133.034134,34.520701],[133.035507,34.52749],[133.03894,34.529753]]],[[[133.051987,34.53145],[133.05336,34.529753],[133.05748,34.530318],[133.062973,34.526924],[133.062973,34.524661],[133.06366,34.522399],[133.06366,34.51957],[133.062286,34.516175],[133.060226,34.514478],[133.05542,34.518438],[133.054047,34.520136],[133.051987,34.521833],[133.04512,34.521267],[133.041687,34.525793],[133.046494,34.526924],[133.051987,34.53145]]],[[[133.038254,34.509386],[133.040314,34.511083],[133.036194,34.513912],[133.038254,34.517307],[133.042374,34.516175],[133.04512,34.521267],[133.051987,34.521833],[133.060226,34.514478],[133.05954,34.512781],[133.05748,34.512781],[133.056107,34.509386],[133.054047,34.509386],[133.052673,34.507122],[133.051987,34.508254],[133.049927,34.50882],[133.043747,34.507122],[133.041687,34.505425],[133.041687,34.506557],[133.038254,34.507122],[133.039627,34.50882],[133.038254,34.509386]]]]}},{"type":"Feature","properties":{"layer_id":"bakumatsu_villages","name":"下草井村","address":"安芸 豊田郡","source":"Geoshape 幕末期近世村領域データセット vector tiles (z7 extraction)","subarea_name":"近世村のおおよその範囲","feature_key":"village:K42G08S00008","accuracy_note":"2015年農業集落境界をもとに復元した概略範囲で、江戸時代の正確な村境ではありません"},"geometry":{"type":"MultiPolygon","coordinates":[[[[132.885132,34.558597],[132.892685,34.555204],[132.888565,34.552377],[132.889938,34.548984],[132.888565,34.546156],[132.887192,34.546156],[132.886505,34.545025],[132.885132,34.54559],[132.883072,34.544459],[132.881699,34.541631],[132.878952,34.545025],[132.878265,34.548984],[132.875519,34.552942],[132.881012,34.555204],[132.881699,34.556901],[132.885132,34.558597]]],[[[132.878265,34.548418],[132.878952,34.545025],[132.882385,34.541631],[132.872772,34.537106],[132.870712,34.542762],[132.876205,34.548418],[132.878265,34.548418]]],[[[132.892685,34.555204],[132.896805,34.551811],[132.901611,34.55068],[132.900925,34.548984],[132.898178,34.548418],[132.897491,34.543328],[132.895432,34.539934],[132.891998,34.537672],[132.886505,34.538238],[132.881699,34.541631],[132.883072,34.544459],[132.885132,34.54559],[132.886505,34.545025],[132.887192,34.546156],[132.888565,34.546156],[132.889938,34.548984],[132.888565,34.552377],[132.892685,34.555204]]]]}},{"type":"Feature","properties":{"layer_id":"bakumatsu_villages","name":"不加村","address":"備後 御調郡","source":"Geoshape 幕末期近世村領域データセット vector tiles (z7 extraction)","subarea_name":"近世村のおおよその範囲","feature_key":"village:K40G01S00047","accuracy_note":"2015年農業集落境界をもとに復元した概略範囲で、江戸時代の正確な村境ではありません"},"geometry":{"type":"MultiPolygon","coordinates":[[[[133.122711,34.463542],[133.125458,34.459013],[133.133011,34.456182],[133.135071,34.452785],[133.133698,34.448255],[133.135071,34.446556],[133.130264,34.439195],[133.127518,34.439761],[133.120651,34.436929],[133.115845,34.438062],[133.113785,34.44146],[133.111725,34.449954],[133.113098,34.453351],[133.115845,34.455049],[133.115845,34.455616],[133.114471,34.460711],[133.119965,34.459579],[133.120651,34.461843],[133.122711,34.463542]]],[[[133.128891,34.439761],[133.128891,34.438062],[133.130951,34.436929],[133.130264,34.435231],[133.131638,34.434664],[133.132324,34.432965],[133.126144,34.433532],[133.122025,34.437496],[133.128891,34.439761]]],[[[133.126144,34.433532],[133.128891,34.432965],[133.128891,34.426169],[133.125458,34.429567],[133.123398,34.4307],[133.126144,34.433532]]],[[[133.122025,34.437496],[133.126144,34.433532],[133.123398,34.4307],[133.125458,34.429567],[133.128891,34.426169],[133.126144,34.422204],[133.124084,34.427868],[133.122025,34.429567],[133.123398,34.431833],[133.119965,34.435231],[133.120651,34.436929],[133.122025,34.437496]]],[[[133.133011,34.443725],[133.136444,34.438628],[133.133698,34.432965],[133.132324,34.432965],[133.131638,34.434664],[133.130264,34.435231],[133.130951,34.436929],[133.128891,34.438062],[133.128891,34.439761],[133.130264,34.439195],[133.133011,34.443725]]],[[[133.138504,34.447122],[133.141251,34.446556],[133.141937,34.443725],[133.144684,34.442592],[133.143311,34.440327],[133.135757,34.436929],[133.136444,34.438628],[133.133011,34.443725],[133.135071,34.446556],[133.135757,34.44599],[133.138504,34.447122]]],[[[133.14537,34.446556],[133.146057,34.445424],[133.14743,34.445424],[133.14743,34.443725],[133.14537,34.440327],[133.143311,34.440327],[133.144684,34.442592],[133.141937,34.443725],[133.141251,34.446556],[133.14537,34.446556]]],[[[133.150177,34.445424],[133.15567,34.437496],[133.158417,34.438062],[133.159103,34.435231],[133.152924,34.435231],[133.14949,34.4307],[133.146057,34.434664],[133.14537,34.437496],[133.143997,34.437496],[133.143311,34.440327],[133.14537,34.440894],[133.14743,34.445424],[133.150177,34.445424]]],[[[133.135757,34.435797],[133.137817,34.4307],[133.135071,34.425036],[133.135071,34.41654],[133.131638,34.41654],[133.131638,34.418239],[133.126144,34.422204],[133.129578,34.426169],[133.128891,34.432965],[133.133698,34.432965],[133.134384,34.434664],[133.135757,34.435797]]],[[[133.143311,34.440327],[133.143997,34.437496],[133.14537,34.437496],[133.148804,34.4307],[133.152237,34.428434],[133.152924,34.427302],[133.14949,34.426169],[133.148117,34.423903],[133.143997,34.423903],[133.142624,34.421638],[133.141251,34.41654],[133.137817,34.414274],[133.137817,34.413141],[133.135757,34.413141],[133.135071,34.41654],[133.135071,34.425036],[133.137817,34.4307],[133.135757,34.436363],[133.143311,34.440327]]]]}},{"type":"Feature","properties":{"layer_id":"bakumatsu_villages","name":"両名村","address":"安芸 豊田郡","source":"Geoshape 幕末期近世村領域データセット vector tiles (z7 extraction)","subarea_name":"近世村のおおよその範囲","feature_key":"village:K42G08S00035","accuracy_note":"2015年農業集落境界をもとに復元した概略範囲で、江戸時代の正確な村境ではありません"},"geometry":{"type":"Polygon","coordinates":[[[133.039627,34.391046],[133.041,34.386513],[133.040314,34.384813],[133.03688,34.381979],[133.038254,34.375179],[133.036194,34.374612],[133.034821,34.378012],[133.032761,34.379713],[133.028641,34.378012],[133.026581,34.383679],[133.017654,34.380846],[133.016281,34.382546],[133.021774,34.384246],[133.034134,34.385946],[133.039627,34.391046]]]}},{"type":"Feature","properties":{"layer_id":"bakumatsu_villages","name":"別所村","address":"安芸 豊田郡","source":"Geoshape 幕末期近世村領域データセット vector tiles (z7 extraction)","subarea_name":"近世村のおおよその範囲","feature_key":"village:K42G08S00050","accuracy_note":"2015年農業集落境界をもとに復元した概略範囲で、江戸時代の正確な村境ではありません"},"geometry":{"type":"MultiPolygon","coordinates":[[[[132.95311,34.491278],[132.954483,34.488448],[132.95311,34.485618],[132.95517,34.479958],[132.957916,34.478826],[132.95723,34.472033],[132.95517,34.470335],[132.95517,34.466372],[132.949677,34.467505],[132.947617,34.466939],[132.94693,34.464674],[132.946243,34.470901],[132.943497,34.476562],[132.943497,34.47826],[132.939377,34.47826],[132.938004,34.48109],[132.939377,34.483354],[132.94281,34.484486],[132.943497,34.486184],[132.947617,34.487882],[132.95311,34.491278]]],[[[132.957916,34.475996],[132.960663,34.474298],[132.965469,34.47543],[132.966843,34.469203],[132.965469,34.467505],[132.962036,34.467505],[132.961349,34.466372],[132.95929,34.466939],[132.955856,34.470901],[132.95723,34.472033],[132.957916,34.475996]]]]}},{"type":"Feature","properties":{"layer_id":"bakumatsu_villages","name":"別迫村","address":"安芸 豊田郡","source":"Geoshape 幕末期近世村領域データセット vector tiles (z7 extraction)","subarea_name":"近世村のおおよその範囲","feature_key":"village:K42G08S00048","accuracy_note":"2015年農業集落境界をもとに復元した概略範囲で、江戸時代の正確な村境ではありません"},"geometry":{"type":"MultiPolygon","coordinates":[[[[133.016968,34.472033],[133.025208,34.468637],[133.028641,34.470901],[133.030701,34.470335],[133.032074,34.468071],[133.040314,34.469203],[133.04306,34.46524],[133.042374,34.462976],[133.039627,34.463542],[133.038254,34.46524],[133.035507,34.460711],[133.033447,34.460711],[133.032074,34.461277],[133.029327,34.459013],[133.026581,34.459579],[133.020401,34.458447],[133.013535,34.455616],[133.012848,34.456748],[133.012161,34.46241],[133.013535,34.470901],[133.016968,34.472033]]],[[[133.038254,34.46524],[133.039627,34.463542],[133.042374,34.462976],[133.043747,34.461277],[133.04718,34.460145],[133.04924,34.456182],[133.04924,34.451652],[133.046494,34.445424],[133.041687,34.44599],[133.03894,34.443725],[133.035507,34.443159],[133.031387,34.44599],[133.025208,34.444291],[133.022461,34.445424],[133.019714,34.442026],[133.017654,34.44146],[133.014908,34.438628],[133.014908,34.435797],[133.010101,34.437496],[133.004608,34.44146],[133.005295,34.443725],[133.003235,34.448821],[133.006668,34.45052],[133.008041,34.453917],[133.012848,34.456748],[133.013535,34.455616],[133.020401,34.458447],[133.026581,34.459579],[133.029327,34.459013],[133.032074,34.461277],[133.033447,34.460711],[133.035507,34.460711],[133.038254,34.46524]]]]}},{"type":"Feature","properties":{"layer_id":"bakumatsu_villages","name":"南方村","address":"安芸 豊田郡","source":"Geoshape 幕末期近世村領域データセット vector tiles (z7 extraction)","subarea_name":"近世村のおおよその範囲","feature_key":"village:K42G08S00039","accuracy_note":"2015年農業集落境界をもとに復元した概略範囲で、江戸時代の正確な村境ではありません"},"geometry":{"type":"MultiPolygon","coordinates":[[[[132.923584,34.421071],[132.926331,34.415973],[132.925644,34.414274],[132.920837,34.410875],[132.911911,34.407476],[132.908478,34.408043],[132.907104,34.412008],[132.906418,34.418239],[132.911224,34.419372],[132.915344,34.418239],[132.917404,34.418806],[132.920837,34.419372],[132.923584,34.421071]]],[[[132.916718,34.409176],[132.919464,34.408043],[132.918091,34.404077],[132.919464,34.402944],[132.920837,34.402944],[132.920837,34.396712],[132.918091,34.391046],[132.921524,34.387079],[132.916718,34.385379],[132.915344,34.386513],[132.913284,34.385379],[132.911224,34.387079],[132.911224,34.388779],[132.913284,34.389913],[132.912598,34.392179],[132.904358,34.400111],[132.903671,34.402377],[132.907791,34.405777],[132.908478,34.408043],[132.911911,34.407476],[132.916718,34.409176]]],[[[132.924957,34.404077],[132.929764,34.400111],[132.929764,34.398978],[132.931824,34.396712],[132.933197,34.392746],[132.93663,34.389913],[132.931824,34.387646],[132.929077,34.389346],[132.924271,34.388779],[132.922897,34.386513],[132.921524,34.387079],[132.918091,34.391046],[132.920837,34.396712],[132.920837,34.402944],[132.924957,34.404077]]],[[[132.94075,34.398412],[132.947617,34.391612],[132.95311,34.392179],[132.954483,34.389913],[132.95105,34.385379],[132.948303,34.378012],[132.94281,34.371778],[132.941437,34.366111],[132.939377,34.366678],[132.940063,34.370078],[132.93869,34.369511],[132.938004,34.370645],[132.940063,34.371212],[132.940063,34.374045],[132.938004,34.376879],[132.935257,34.376879],[132.93457,34.380846],[132.931824,34.381979],[132.93045,34.380279],[132.929764,34.380846],[132.927704,34.380846],[132.927704,34.379713],[132.925644,34.380279],[132.927017,34.385379],[132.922897,34.386513],[132.924271,34.388779],[132.929077,34.389346],[132.931824,34.387646],[132.93663,34.389346],[132.933197,34.392746],[132.93251,34.395012],[132.94075,34.398412]]],[[[132.946243,34.401811],[132.94899,34.398978],[132.951736,34.399545],[132.954483,34.398412],[132.95723,34.397845],[132.954483,34.389913],[132.95311,34.392179],[132.947617,34.391612],[132.94075,34.398412],[132.944183,34.401811],[132.946243,34.401811]]],[[[132.960663,34.40691],[132.966156,34.406343],[132.966156,34.40521],[132.963409,34.404644],[132.95517,34.398412],[132.951736,34.399545],[132.94899,34.398978],[132.946243,34.401811],[132.950363,34.405777],[132.951736,34.40521],[132.95517,34.40691],[132.957916,34.405777],[132.960663,34.40691]]],[[[132.968216,34.406343],[132.971649,34.404644],[132.968903,34.403511],[132.968216,34.401244],[132.964096,34.400111],[132.958603,34.396712],[132.956543,34.398412],[132.963409,34.404644],[132.966156,34.40521],[132.966156,34.406343],[132.968216,34.406343]]],[[[132.967529,34.401244],[132.970963,34.400111],[132.967529,34.398412],[132.966156,34.395579],[132.964783,34.395579],[132.963409,34.399545],[132.967529,34.401244]]],[[[132.982635,34.405777],[132.982635,34.404077],[132.979202,34.402944],[132.979202,34.401811],[132.977829,34.402377],[132.975769,34.401244],[132.975769,34.400111],[132.974396,34.398412],[132.975769,34.396712],[132.976456,34.394445],[132.970963,34.397845],[132.970963,34.400111],[132.968216,34.400678],[132.968903,34.402944],[132.971649,34.404644],[132.975082,34.403511],[132.982635,34.406343],[132.982635,34.405777]]],[[[132.963409,34.399545],[132.964783,34.395579],[132.961349,34.393879],[132.958603,34.396712],[132.963409,34.399545]]],[[[132.95723,34.397845],[132.961349,34.393879],[132.964096,34.394445],[132.955856,34.381979],[132.94899,34.379146],[132.95105,34.385379],[132.954483,34.389913],[132.95723,34.397845]]],[[[132.970276,34.399545],[132.971649,34.397278],[132.976456,34.394445],[132.972336,34.392746],[132.968903,34.392746],[132.966156,34.394445],[132.964783,34.393312],[132.964096,34.394445],[132.966156,34.395579],[132.967529,34.398412],[132.970276,34.399545]]],[[[132.966156,34.394445],[132.968903,34.392746],[132.972336,34.392746],[132.973022,34.389346],[132.971649,34.387646],[132.973709,34.387646],[132.974396,34.385946],[132.965469,34.383679],[132.964783,34.382546],[132.964096,34.384246],[132.964783,34.385379],[132.965469,34.388213],[132.964783,34.388779],[132.966156,34.391046],[132.965469,34.392179],[132.966156,34.394445]]],[[[132.974396,34.385946],[132.975082,34.381979],[132.970963,34.381979],[132.969589,34.380846],[132.966843,34.381413],[132.964096,34.379713],[132.964096,34.381979],[132.965469,34.383679],[132.974396,34.385946]]],[[[132.922211,34.387079],[132.927017,34.385379],[132.927017,34.381979],[132.920151,34.376879],[132.920151,34.374612],[132.916031,34.374045],[132.913971,34.371212],[132.911224,34.372912],[132.911911,34.374612],[132.911224,34.376312],[132.913971,34.379146],[132.913971,34.383113],[132.912598,34.385379],[132.915344,34.386513],[132.916718,34.385379],[132.922211,34.387079]]],[[[132.929764,34.380846],[132.931137,34.380279],[132.926331,34.374045],[132.920837,34.370078],[132.920151,34.366111],[132.918091,34.36441],[132.916718,34.363844],[132.916031,34.366678],[132.913971,34.366678],[132.914658,34.368378],[132.913284,34.371212],[132.916031,34.374045],[132.920151,34.374612],[132.920151,34.376312],[132.924957,34.380279],[132.927017,34.380846],[132.927704,34.379713],[132.927704,34.380846],[132.929764,34.380846]]],[[[132.931824,34.381979],[132.933884,34.381413],[132.935257,34.376879],[132.938004,34.376879],[132.940063,34.374045],[132.940063,34.371212],[132.938004,34.370645],[132.93869,34.369511],[132.940063,34.370078],[132.940063,34.368378],[132.935257,34.368945],[132.931137,34.367244],[132.929764,34.36441],[132.924957,34.361009],[132.920837,34.361576],[132.920151,34.36271],[132.917404,34.362143],[132.918091,34.36441],[132.920151,34.366111],[132.920837,34.370078],[132.924271,34.371778],[132.93045,34.378579],[132.931137,34.380279],[132.93045,34.381413],[132.931824,34.381979]]],[[[132.935257,34.368945],[132.940063,34.368378],[132.939377,34.366678],[132.941437,34.365544],[132.940063,34.363277],[132.94075,34.362143],[132.939377,34.359876],[132.937317,34.359309],[132.937317,34.357042],[132.933884,34.357608],[132.93045,34.355341],[132.931137,34.350239],[132.929077,34.345137],[132.925644,34.345137],[132.923584,34.349105],[132.920837,34.351373],[132.916718,34.350239],[132.918091,34.354774],[132.915344,34.359309],[132.917404,34.361009],[132.917404,34.362143],[132.920151,34.36271],[132.920837,34.361576],[132.924957,34.361009],[132.929764,34.36441],[132.931137,34.367244],[132.935257,34.368945]]],[[[132.941437,34.365544],[132.941437,34.366111],[132.94281,34.372345],[132.949677,34.379713],[132.955856,34.381979],[132.964096,34.394445],[132.965469,34.393312],[132.966156,34.391046],[132.964783,34.388779],[132.965469,34.388213],[132.964783,34.385379],[132.964096,34.384246],[132.964783,34.382546],[132.964096,34.375746],[132.963409,34.375179],[132.964783,34.373479],[132.962036,34.372912],[132.959976,34.371212],[132.958603,34.373479],[132.955856,34.372912],[132.952423,34.367811],[132.947617,34.365544],[132.941437,34.365544]]],[[[132.972336,34.382546],[132.977142,34.381979],[132.979202,34.379146],[132.977142,34.377446],[132.977829,34.376879],[132.975769,34.376312],[132.974396,34.374612],[132.971649,34.374612],[132.967529,34.372912],[132.966156,34.374045],[132.964783,34.373479],[132.963409,34.375179],[132.964096,34.375746],[132.963409,34.378579],[132.964783,34.380846],[132.968216,34.381979],[132.969589,34.380846],[132.972336,34.382546]]],[[[132.931137,34.352507],[132.931137,34.350239],[132.928391,34.34457],[132.925644,34.345137],[132.923584,34.349105],[132.920837,34.351373],[132.916718,34.350239],[132.917404,34.352507],[132.931137,34.352507]]]]}},{"type":"Feature","properties":{"layer_id":"bakumatsu_villages","name":"吉田村","address":"備後 御調郡","source":"Geoshape 幕末期近世村領域データセット vector tiles (z7 extraction)","subarea_name":"近世村のおおよその範囲","feature_key":"village:K40G01S00091","accuracy_note":"2015年農業集落境界をもとに復元した概略範囲で、江戸時代の正確な村境ではありません"},"geometry":{"type":"MultiPolygon","coordinates":[[[[133.065033,34.552942],[133.064346,34.545025],[133.060226,34.54559],[133.058853,34.543894],[133.058853,34.541066],[133.05748,34.537106],[133.060226,34.533712],[133.056793,34.529753],[133.05336,34.529753],[133.051987,34.53145],[133.052673,34.533147],[133.051987,34.534844],[133.05336,34.537106],[133.051987,34.538803],[133.05336,34.545025],[133.05542,34.545025],[133.05748,34.543328],[133.05748,34.546721],[133.065033,34.552942]]],[[[133.060226,34.54559],[133.066406,34.544459],[133.06778,34.541066],[133.069839,34.539369],[133.06778,34.536541],[133.06778,34.533712],[133.069839,34.533147],[133.071213,34.53145],[133.070526,34.529753],[133.06778,34.529187],[133.069153,34.525793],[133.068466,34.52353],[133.06366,34.521267],[133.062973,34.526924],[133.05748,34.530318],[133.060226,34.533712],[133.05748,34.537106],[133.060226,34.54559]]],[[[133.071213,34.552377],[133.074646,34.551246],[133.075333,34.550115],[133.078079,34.551246],[133.079453,34.550115],[133.079453,34.548418],[133.080826,34.546721],[133.081512,34.543894],[133.084946,34.542197],[133.086319,34.539369],[133.085632,34.537672],[133.080139,34.535409],[133.078766,34.533712],[133.080139,34.53145],[133.078766,34.529187],[133.070526,34.529753],[133.071213,34.53145],[133.069839,34.533147],[133.06778,34.533712],[133.06778,34.536541],[133.069839,34.539369],[133.06778,34.541066],[133.066406,34.544459],[133.064346,34.545025],[133.06572,34.552377],[133.071213,34.552377]]]]}},{"type":"Feature","properties":{"layer_id":"bakumatsu_villages","name":"向田浦村","address":"安芸 豊田郡","source":"Geoshape 幕末期近世村領域データセット vector tiles (z7 extraction)","subarea_name":"近世村のおおよその範囲","feature_key":"village:K42G08S00087","accuracy_note":"2015年農業集落境界をもとに復元した概略範囲で、江戸時代の正確な村境ではありません"},"geometry":{"type":"MultiPolygon","coordinates":[[[[133.099365,34.341168],[133.102798,34.3389],[133.108292,34.338333],[133.108292,34.330962],[133.106918,34.329261],[133.105545,34.328694],[133.106232,34.32756],[133.104172,34.32756],[133.102798,34.331529],[133.099365,34.332096],[133.100052,34.334364],[133.098679,34.3389],[133.096619,34.340601],[133.099365,34.341168]]],[[[133.099365,34.332096],[133.102798,34.331529],[133.104172,34.32756],[133.106232,34.326993],[133.100739,34.326993],[133.098679,34.330395],[133.099365,34.332096]]],[[[133.108292,34.338333],[133.109665,34.332096],[133.111038,34.330395],[133.108292,34.329261],[133.107605,34.32756],[133.106232,34.326993],[133.105545,34.328694],[133.106918,34.329261],[133.108292,34.330962],[133.108292,34.338333]]],[[[133.095932,34.331529],[133.097992,34.329828],[133.098679,34.328694],[133.098679,34.325859],[133.099365,34.325859],[133.102798,34.326426],[133.100739,34.326993],[133.106232,34.326993],[133.109665,34.322457],[133.111725,34.321889],[133.115845,34.321889],[133.115845,34.319621],[133.112411,34.31792],[133.109665,34.317353],[133.104172,34.319621],[133.103485,34.322457],[133.104172,34.323024],[133.098679,34.322457],[133.095932,34.323591],[133.094559,34.325292],[133.095932,34.328127],[133.094559,34.330962],[133.095932,34.331529]]],[[[133.123398,34.344003],[133.123398,34.337766],[133.119965,34.336632],[133.111038,34.336632],[133.108978,34.3389],[133.123398,34.344003]]],[[[133.111038,34.330395],[133.115845,34.321889],[133.111725,34.321889],[133.109665,34.322457],[133.106232,34.326993],[133.107605,34.32756],[133.108292,34.329261],[133.111038,34.330395]]],[[[133.108978,34.3389],[133.111038,34.336632],[133.119965,34.336632],[133.123398,34.337766],[133.123398,34.335498],[133.122025,34.336065],[133.117218,34.335498],[133.111038,34.330395],[133.109665,34.332096],[133.108292,34.338333],[133.108978,34.3389]]],[[[133.122025,34.336065],[133.125458,34.335498],[133.124084,34.330962],[133.123398,34.330962],[133.123398,34.329828],[133.121338,34.329261],[133.121338,34.325859],[133.116531,34.320755],[133.111038,34.330395],[133.117218,34.335498],[133.122025,34.336065]]],[[[133.126144,34.337199],[133.125458,34.334931],[133.123398,34.335498],[133.123398,34.339467],[133.126831,34.337766],[133.126144,34.337199]]],[[[133.124084,34.344003],[133.124771,34.342302],[133.124084,34.340034],[133.124084,34.344003]]],[[[133.099365,34.341168],[133.102798,34.3389],[133.108292,34.338333],[133.108292,34.330962],[133.106918,34.329261],[133.105545,34.328694],[133.106232,34.32756],[133.104172,34.32756],[133.102798,34.331529],[133.099365,34.332096],[133.100052,34.334364],[133.098679,34.3389],[133.096619,34.340601],[133.099365,34.341168]]],[[[133.099365,34.332096],[133.102798,34.331529],[133.104172,34.32756],[133.106232,34.326993],[133.100739,34.326993],[133.098679,34.330395],[133.099365,34.332096]]],[[[133.108292,34.338333],[133.109665,34.332096],[133.111038,34.330395],[133.108292,34.329261],[133.107605,34.32756],[133.106232,34.326993],[133.105545,34.328694],[133.106918,34.329261],[133.108292,34.330962],[133.108292,34.338333]]],[[[133.095932,34.331529],[133.097992,34.329828],[133.098679,34.328694],[133.098679,34.325859],[133.099365,34.325859],[133.102798,34.326426],[133.100739,34.326993],[133.106232,34.326993],[133.109665,34.322457],[133.111725,34.321889],[133.115845,34.321889],[133.115845,34.319621],[133.112411,34.31792],[133.109665,34.317353],[133.104172,34.319621],[133.103485,34.322457],[133.104172,34.323024],[133.098679,34.322457],[133.095932,34.323591],[133.094559,34.325292],[133.095932,34.328127],[133.094559,34.330962],[133.095932,34.331529]]],[[[133.123398,34.344003],[133.123398,34.337766],[133.119965,34.336632],[133.111038,34.336632],[133.108978,34.3389],[133.123398,34.344003]]],[[[133.111038,34.330395],[133.115845,34.321889],[133.111725,34.321889],[133.109665,34.322457],[133.106232,34.326993],[133.107605,34.32756],[133.108292,34.329261],[133.111038,34.330395]]],[[[133.108978,34.3389],[133.111038,34.336632],[133.119965,34.336632],[133.123398,34.337766],[133.123398,34.335498],[133.122025,34.336065],[133.117218,34.335498],[133.111038,34.330395],[133.109665,34.332096],[133.108292,34.338333],[133.108978,34.3389]]],[[[133.122025,34.336065],[133.125458,34.335498],[133.124084,34.330962],[133.123398,34.330962],[133.123398,34.329828],[133.121338,34.329261],[133.121338,34.325859],[133.116531,34.320755],[133.111038,34.330395],[133.117218,34.335498],[133.122025,34.336065]]],[[[133.126144,34.337199],[133.125458,34.334931],[133.123398,34.335498],[133.123398,34.339467],[133.126831,34.337766],[133.126144,34.337199]]],[[[133.124084,34.344003],[133.124771,34.342302],[133.124084,34.340034],[133.124084,34.344003]]]]}},{"type":"Feature","properties":{"layer_id":"bakumatsu_villages","name":"和木村","address":"安芸 豊田郡","source":"Geoshape 幕末期近世村領域データセット vector tiles (z7 extraction)","subarea_name":"近世村のおおよその範囲","feature_key":"village:K42G08S00011","accuracy_note":"2015年農業集落境界をもとに復元した概略範囲で、江戸時代の正確な村境ではありません"},"geometry":{"type":"MultiPolygon","coordinates":[[[[132.894058,34.516741],[132.900925,34.514478],[132.905045,34.511649],[132.907104,34.502596],[132.904358,34.500332],[132.904358,34.496371],[132.905731,34.494673],[132.907104,34.48958],[132.909851,34.487316],[132.911224,34.485618],[132.908478,34.484486],[132.904358,34.48392],[132.901611,34.490712],[132.901611,34.492409],[132.897491,34.495805],[132.897491,34.499766],[132.896118,34.502596],[132.894745,34.502596],[132.895432,34.501464],[132.893372,34.502596],[132.893372,34.505991],[132.895432,34.506557],[132.892685,34.50882],[132.891998,34.511649],[132.888565,34.51561],[132.894058,34.516741]]],[[[132.918777,34.525227],[132.921524,34.524096],[132.920151,34.517873],[132.918091,34.516741],[132.918091,34.513912],[132.916031,34.511649],[132.909164,34.512781],[132.908478,34.518438],[132.909851,34.520136],[132.912598,34.51957],[132.913971,34.520701],[132.915344,34.522399],[132.914658,34.524096],[132.915344,34.524661],[132.918777,34.525227]]],[[[132.922897,34.525227],[132.927017,34.524096],[132.925644,34.521267],[132.922211,34.517307],[132.924271,34.514478],[132.921524,34.514478],[132.920837,34.512781],[132.920151,34.512781],[132.918091,34.513912],[132.918091,34.51561],[132.920151,34.517873],[132.921524,34.524661],[132.922897,34.525227]]],[[[132.918091,34.513912],[132.920151,34.512781],[132.921524,34.509386],[132.914658,34.505991],[132.907104,34.505425],[132.905045,34.511649],[132.909164,34.512781],[132.916031,34.511649],[132.918091,34.513912]]],[[[132.927017,34.524096],[132.933197,34.522399],[132.933884,34.521267],[132.931137,34.518438],[132.929764,34.512781],[132.925644,34.513346],[132.925644,34.509386],[132.921524,34.507688],[132.920151,34.512781],[132.920837,34.512781],[132.921524,34.514478],[132.924271,34.514478],[132.922211,34.517307],[132.925644,34.521267],[132.926331,34.52353],[132.927017,34.524096]]],[[[132.925644,34.513346],[132.929764,34.512781],[132.931137,34.512215],[132.93045,34.510517],[132.931824,34.509386],[132.93045,34.505425],[132.926331,34.500898],[132.924271,34.504859],[132.925644,34.505991],[132.924957,34.507688],[132.925644,34.513346]]],[[[132.925644,34.509386],[132.924957,34.507688],[132.925644,34.505991],[132.924271,34.504859],[132.926331,34.500898],[132.924271,34.498069],[132.921524,34.497503],[132.919464,34.491278],[132.916031,34.487882],[132.916718,34.485052],[132.915344,34.48392],[132.911911,34.48392],[132.911224,34.484486],[132.909851,34.487316],[132.907104,34.48958],[132.905731,34.494673],[132.904358,34.496371],[132.904358,34.500332],[132.907104,34.502596],[132.907104,34.505425],[132.909851,34.505991],[132.913971,34.505425],[132.920151,34.509386],[132.921524,34.50882],[132.922211,34.507688],[132.925644,34.509386]]]]}},{"type":"Feature","properties":{"layer_id":"bakumatsu_villages","name":"和草村","address":"備後 御調郡","source":"Geoshape 幕末期近世村領域データセット vector tiles (z7 extraction)","subarea_name":"近世村のおおよその範囲","feature_key":"village:K40G01S00097","accuracy_note":"2015年農業集落境界をもとに復元した概略範囲で、江戸時代の正確な村境ではありません"},"geometry":{"type":"MultiPolygon","coordinates":[[[[133.024521,34.539369],[133.025894,34.537106],[133.023148,34.537106],[133.021088,34.535409],[133.019714,34.532581],[133.008728,34.529753],[133.010788,34.534278],[133.015594,34.538238],[133.018341,34.537106],[133.019028,34.538803],[133.024521,34.539369]]],[[[133.029327,34.537672],[133.030701,34.537106],[133.032761,34.533147],[133.032074,34.532015],[133.029327,34.530884],[133.030014,34.528621],[133.027954,34.528056],[133.027267,34.525227],[133.023834,34.524661],[133.018341,34.526924],[133.016281,34.526359],[133.016281,34.524661],[133.014221,34.524661],[133.010788,34.526359],[133.008728,34.529753],[133.019714,34.532581],[133.021088,34.535409],[133.023148,34.537106],[133.025894,34.537106],[133.027954,34.535975],[133.029327,34.537672]]]]}},{"type":"Feature","properties":{"layer_id":"bakumatsu_villages","name":"土取村","address":"安芸 豊田郡","source":"Geoshape 幕末期近世村領域データセット vector tiles (z7 extraction)","subarea_name":"近世村のおおよその範囲","feature_key":"village:K42G08S00052","accuracy_note":"2015年農業集落境界をもとに復元した概略範囲で、江戸時代の正確な村境ではありません"},"geometry":{"type":"Polygon","coordinates":[[[133.023148,34.482222],[133.024521,34.480524],[133.024521,34.477694],[133.027267,34.47543],[133.028641,34.470901],[133.025208,34.468637],[133.016968,34.472033],[133.013535,34.470335],[133.010788,34.473165],[133.012848,34.47543],[133.013535,34.474864],[133.016968,34.477128],[133.014221,34.47826],[133.015594,34.478826],[133.015594,34.479958],[133.016968,34.478826],[133.019028,34.481656],[133.023148,34.482222]]]}},{"type":"Feature","properties":{"layer_id":"bakumatsu_villages","name":"坂井原村","address":"備後 御調郡","source":"Geoshape 幕末期近世村領域データセット vector tiles (z7 extraction)","subarea_name":"近世村のおおよその範囲","feature_key":"village:K40G01S00089","accuracy_note":"2015年農業集落境界をもとに復元した概略範囲で、江戸時代の正確な村境ではありません"},"geometry":{"type":"MultiPolygon","coordinates":[[[[133.028641,34.507688],[133.028641,34.507122],[133.030014,34.506557],[133.038254,34.506557],[133.039627,34.500898],[133.041,34.500332],[133.042374,34.498635],[133.041687,34.491278],[133.03688,34.498069],[133.033447,34.498069],[133.032074,34.4992],[133.029327,34.499766],[133.026581,34.4992],[133.023834,34.495805],[133.022461,34.496371],[133.021774,34.496937],[133.023148,34.505991],[133.028641,34.507688]]],[[[133.029327,34.499766],[133.032074,34.4992],[133.033447,34.498069],[133.03688,34.498069],[133.041687,34.491278],[133.041,34.490712],[133.033447,34.492975],[133.030014,34.492409],[133.030014,34.491278],[133.025894,34.491278],[133.021088,34.493541],[133.021774,34.496937],[133.023834,34.495805],[133.026581,34.4992],[133.029327,34.499766]]],[[[133.051987,34.508254],[133.05336,34.504293],[133.050613,34.500332],[133.056107,34.491844],[133.05542,34.487316],[133.05336,34.48675],[133.049927,34.488448],[133.04924,34.490712],[133.045807,34.490146],[133.041687,34.491278],[133.042374,34.498635],[133.041,34.500332],[133.039627,34.500898],[133.038254,34.506557],[133.041687,34.506557],[133.042374,34.505425],[133.043747,34.507122],[133.04512,34.507122],[133.045807,34.508254],[133.051987,34.508254]]],[[[133.021088,34.493541],[133.025894,34.491278],[133.030014,34.491278],[133.034134,34.486184],[133.027954,34.48392],[133.028641,34.481656],[133.024521,34.479392],[133.023834,34.481656],[133.022461,34.482788],[133.019714,34.48675],[133.021088,34.493541]]],[[[133.034134,34.486184],[133.035507,34.48109],[133.034134,34.48109],[133.032074,34.476562],[133.030014,34.477128],[133.027267,34.475996],[133.024521,34.477694],[133.024521,34.479392],[133.028641,34.481656],[133.027954,34.48392],[133.034134,34.486184]]],[[[133.033447,34.492975],[133.041,34.490712],[133.041687,34.491278],[133.041687,34.487316],[133.034821,34.48392],[133.030014,34.491278],[133.030014,34.492409],[133.033447,34.492975]]],[[[133.035507,34.48109],[133.038254,34.47543],[133.044434,34.471467],[133.045807,34.466372],[133.043747,34.46241],[133.040314,34.469203],[133.032074,34.468071],[133.030701,34.470335],[133.028641,34.470901],[133.027267,34.475996],[133.030014,34.477128],[133.032074,34.476562],[133.034134,34.48109],[133.035507,34.48109]]],[[[133.039627,34.48675],[133.040314,34.486184],[133.03894,34.48392],[133.041,34.477694],[133.051987,34.470901],[133.04924,34.467505],[133.049927,34.460711],[133.048553,34.456748],[133.04718,34.460145],[133.043747,34.46241],[133.045807,34.466372],[133.044434,34.471467],[133.037567,34.476562],[133.034821,34.48392],[133.039627,34.48675]]],[[[133.041687,34.491278],[133.045807,34.490146],[133.04924,34.490712],[133.049927,34.488448],[133.05336,34.48675],[133.05336,34.483354],[133.056793,34.481656],[133.056793,34.47543],[133.051987,34.470901],[133.041,34.477694],[133.03894,34.48392],[133.040314,34.48675],[133.041687,34.487316],[133.041687,34.491278]]]]}},{"type":"Feature","properties":{"layer_id":"bakumatsu_villages","name":"垣内村","address":"備後 御調郡","source":"Geoshape 幕末期近世村領域データセット vector tiles (z7 extraction)","subarea_name":"近世村のおおよその範囲","feature_key":"village:K40G01S00086","accuracy_note":"2015年農業集落境界をもとに復元した概略範囲で、江戸時代の正確な村境ではありません"},"geometry":{"type":"MultiPolygon","coordinates":[[[[133.06778,34.48109],[133.068466,34.474864],[133.06572,34.473732],[133.0616,34.469203],[133.05954,34.473732],[133.056793,34.47543],[133.056793,34.479958],[133.06778,34.48109]]],[[[133.056793,34.47543],[133.05954,34.473732],[133.0616,34.469203],[133.062973,34.468637],[133.064346,34.469203],[133.068466,34.466939],[133.069839,34.457314],[133.076019,34.449387],[133.078766,34.449954],[133.079453,34.451652],[133.079453,34.447689],[133.076019,34.448255],[133.071213,34.447122],[133.064346,34.449954],[133.062973,34.448821],[133.060226,34.449387],[133.058167,34.451086],[133.05336,34.451652],[133.0513,34.45052],[133.048553,34.452218],[133.048553,34.456748],[133.049927,34.460711],[133.04924,34.467505],[133.049927,34.469769],[133.056793,34.47543]]],[[[133.070526,34.479958],[133.072586,34.476562],[133.073273,34.473732],[133.074646,34.472599],[133.073273,34.470335],[133.075333,34.469203],[133.073273,34.466939],[133.073273,34.461843],[133.077393,34.45052],[133.079453,34.451652],[133.078766,34.449954],[133.076019,34.449387],[133.069839,34.457314],[133.068466,34.466939],[133.064346,34.469203],[133.062973,34.468637],[133.0616,34.469203],[133.06572,34.473732],[133.068466,34.474864],[133.06778,34.479958],[133.070526,34.479958]]]]}},{"type":"Feature","properties":{"layer_id":"bakumatsu_villages","name":"大具村","address":"安芸 豊田郡","source":"Geoshape 幕末期近世村領域データセット vector tiles (z7 extraction)","subarea_name":"近世村のおおよその範囲","feature_key":"village:K42G08S00010","accuracy_note":"2015年農業集落境界をもとに復元した概略範囲で、江戸時代の正確な村境ではありません"},"geometry":{"type":"MultiPolygon","coordinates":[[[[132.906418,34.552377],[132.909851,34.551811],[132.909851,34.547853],[132.913284,34.541066],[132.912598,34.539369],[132.911224,34.539369],[132.909164,34.537106],[132.909164,34.535975],[132.906418,34.534844],[132.900925,34.535975],[132.895432,34.539934],[132.897491,34.543328],[132.898178,34.548418],[132.900925,34.548984],[132.901611,34.55068],[132.903671,34.55068],[132.906418,34.552377]]],[[[132.909851,34.537672],[132.913284,34.537106],[132.914658,34.535975],[132.913971,34.533712],[132.914658,34.53145],[132.906418,34.529187],[132.909164,34.530884],[132.906418,34.533712],[132.902298,34.534278],[132.900925,34.535975],[132.907791,34.535409],[132.909164,34.535975],[132.909851,34.537672]]],[[[132.909851,34.551811],[132.914658,34.549549],[132.913971,34.547853],[132.911911,34.547287],[132.912598,34.543894],[132.914658,34.539369],[132.916718,34.537672],[132.918091,34.538238],[132.916718,34.535975],[132.918091,34.532581],[132.914658,34.53145],[132.913971,34.533712],[132.914658,34.535975],[132.913284,34.537106],[132.909851,34.537672],[132.911224,34.539369],[132.912598,34.539369],[132.913284,34.541066],[132.909851,34.547853],[132.909851,34.551811]]],[[[132.913971,34.547853],[132.913971,34.546156],[132.918091,34.542197],[132.919464,34.537672],[132.925644,34.534844],[132.924957,34.529753],[132.922897,34.528621],[132.922211,34.53145],[132.920151,34.53145],[132.920151,34.532015],[132.918091,34.532581],[132.916718,34.535975],[132.918091,34.538238],[132.916718,34.537672],[132.913971,34.539934],[132.914658,34.541066],[132.911911,34.547287],[132.913971,34.547853]]],[[[132.927017,34.533712],[132.93045,34.532581],[132.933197,34.530318],[132.935944,34.530884],[132.940063,34.529187],[132.94075,34.526924],[132.939377,34.52353],[132.938004,34.522964],[132.933197,34.522399],[132.922897,34.525227],[132.921524,34.524096],[132.918777,34.525227],[132.915344,34.524661],[132.914658,34.524096],[132.914658,34.521833],[132.909851,34.525793],[132.906418,34.529187],[132.918091,34.532581],[132.920151,34.532015],[132.920151,34.53145],[132.922211,34.53145],[132.922897,34.528621],[132.924957,34.529753],[132.924957,34.53145],[132.926331,34.533712],[132.927017,34.533712]]]]}},{"type":"Feature","properties":{"layer_id":"bakumatsu_villages","name":"大草村","address":"安芸 豊田郡","source":"Geoshape 幕末期近世村領域データセット vector tiles (z7 extraction)","subarea_name":"近世村のおおよその範囲","feature_key":"village:K42G08S00012","accuracy_note":"2015年農業集落境界をもとに復元した概略範囲で、江戸時代の正確な村境ではありません"},"geometry":{"type":"MultiPolygon","coordinates":[[[[132.931824,34.509386],[132.933884,34.50882],[132.93869,34.500332],[132.93457,34.496371],[132.933197,34.492975],[132.927017,34.487882],[132.924271,34.487316],[132.922211,34.48958],[132.921524,34.497503],[132.924271,34.498069],[132.929077,34.503162],[132.931824,34.509386]]],[[[132.921524,34.495805],[132.922897,34.488448],[132.924271,34.487316],[132.93045,34.488448],[132.93251,34.486184],[132.93251,34.48392],[132.928391,34.478826],[132.927704,34.471467],[132.920151,34.472599],[132.919464,34.470901],[132.911911,34.474864],[132.911224,34.478826],[132.911911,34.48392],[132.915344,34.48392],[132.916718,34.485052],[132.916031,34.487882],[132.919464,34.491278],[132.921524,34.495805]]],[[[132.933884,34.521267],[132.938004,34.520136],[132.942123,34.513912],[132.94487,34.511083],[132.943497,34.50882],[132.944183,34.503162],[132.94075,34.4992],[132.93869,34.500332],[132.933884,34.509386],[132.93045,34.510517],[132.931137,34.512215],[132.929764,34.512781],[132.931137,34.518438],[132.933884,34.521267]]],[[[132.956543,34.529187],[132.958603,34.526924],[132.956543,34.522964],[132.956543,34.518438],[132.94693,34.51561],[132.941437,34.515044],[132.938004,34.520136],[132.933884,34.521267],[132.933197,34.522399],[132.939377,34.52353],[132.940063,34.525793],[132.944183,34.525227],[132.95105,34.526359],[132.956543,34.529187]]],[[[132.956543,34.518438],[132.95723,34.511649],[132.955856,34.510517],[132.954483,34.507688],[132.95723,34.503162],[132.955856,34.502596],[132.95517,34.500332],[132.952423,34.4992],[132.95105,34.497503],[132.95105,34.493541],[132.95311,34.491278],[132.947617,34.491844],[132.941437,34.497503],[132.94075,34.4992],[132.944183,34.503162],[132.943497,34.50882],[132.94487,34.511083],[132.941437,34.515044],[132.94693,34.51561],[132.956543,34.518438]]],[[[132.967529,34.52749],[132.970963,34.525227],[132.975082,34.52353],[132.971649,34.518438],[132.971649,34.515044],[132.963409,34.515044],[132.962036,34.51957],[132.956543,34.518438],[132.956543,34.522964],[132.958603,34.52749],[132.967529,34.52749]]],[[[132.962036,34.51957],[132.963409,34.515044],[132.962723,34.511083],[132.966156,34.504293],[132.966156,34.501464],[132.966843,34.501464],[132.966843,34.498069],[132.972336,34.496371],[132.975082,34.496371],[132.972336,34.492409],[132.966843,34.48958],[132.960663,34.493541],[132.957916,34.492409],[132.952423,34.491844],[132.95105,34.493541],[132.95105,34.497503],[132.952423,34.4992],[132.95517,34.500332],[132.955856,34.502596],[132.95723,34.503162],[132.954483,34.507688],[132.955856,34.510517],[132.95723,34.511649],[132.956543,34.518438],[132.962036,34.51957]]],[[[132.960663,34.493541],[132.966843,34.48958],[132.965469,34.487316],[132.966843,34.485052],[132.967529,34.482788],[132.966156,34.481656],[132.970276,34.473732],[132.966156,34.47543],[132.960663,34.474298],[132.957916,34.475996],[132.957916,34.478826],[132.95517,34.479958],[132.95311,34.485618],[132.954483,34.488448],[132.952423,34.491844],[132.957916,34.492409],[132.960663,34.493541]]],[[[132.975082,34.52353],[132.984009,34.51957],[132.983322,34.517873],[132.985382,34.516175],[132.985382,34.514478],[132.988815,34.513912],[132.992935,34.509386],[132.990189,34.507688],[132.984009,34.507122],[132.982635,34.50882],[132.975082,34.509952],[132.971649,34.515044],[132.971649,34.518438],[132.975082,34.52353]]],[[[132.971649,34.515044],[132.975082,34.509952],[132.982635,34.50882],[132.984009,34.507122],[132.990189,34.507688],[132.992935,34.509386],[132.995682,34.50882],[132.993622,34.503727],[132.995682,34.500898],[132.995682,34.496937],[132.992249,34.497503],[132.989502,34.495805],[132.985382,34.496937],[132.983322,34.496937],[132.979889,34.494673],[132.966843,34.498069],[132.966843,34.501464],[132.966156,34.501464],[132.966156,34.504293],[132.962723,34.511083],[132.962723,34.513912],[132.963409,34.515044],[132.971649,34.515044]]],[[[132.993622,34.497503],[132.994995,34.496937],[132.993622,34.492975],[132.995682,34.489014],[132.993622,34.487882],[132.997055,34.48392],[132.995682,34.483354],[132.994995,34.48109],[132.992935,34.482788],[132.992249,34.480524],[132.988129,34.478826],[132.989502,34.476562],[132.988815,34.475996],[132.983322,34.477694],[132.979202,34.474864],[132.977829,34.476562],[132.970276,34.473732],[132.966156,34.481656],[132.967529,34.482788],[132.966843,34.485052],[132.965469,34.487316],[132.966843,34.48958],[132.972336,34.492409],[132.975082,34.496371],[132.979889,34.494673],[132.983322,34.496937],[132.985382,34.496937],[132.989502,34.495805],[132.993622,34.497503]]]]}},{"type":"Feature","properties":{"layer_id":"bakumatsu_villages","name":"宮内村","address":"備後 御調郡","source":"Geoshape 幕末期近世村領域データセット vector tiles (z7 extraction)","subarea_name":"近世村のおおよその範囲","feature_key":"village:K40G01S00087","accuracy_note":"2015年農業集落境界をもとに復元した概略範囲で、江戸時代の正確な村境ではありません"},"geometry":{"type":"Polygon","coordinates":[[[133.087692,34.479958],[133.090439,34.477128],[133.091812,34.469203],[133.092499,34.467505],[133.093872,34.466939],[133.093185,34.465806],[133.095932,34.462976],[133.095932,34.460145],[133.092499,34.461277],[133.088379,34.459013],[133.084259,34.458447],[133.082199,34.456748],[133.082886,34.455049],[133.081512,34.453351],[133.080826,34.452218],[133.079453,34.451652],[133.077393,34.45052],[133.073959,34.460711],[133.073273,34.466939],[133.074646,34.468637],[133.077393,34.469769],[133.077393,34.473732],[133.082886,34.474298],[133.084946,34.475996],[133.085632,34.478826],[133.087692,34.479958]]]}},{"type":"Feature","properties":{"layer_id":"bakumatsu_villages","name":"小原村","address":"安芸 豊田郡","source":"Geoshape 幕末期近世村領域データセット vector tiles (z7 extraction)","subarea_name":"近世村のおおよその範囲","feature_key":"village:K42G08S00028","accuracy_note":"2015年農業集落境界をもとに復元した概略範囲で、江戸時代の正確な村境ではありません"},"geometry":{"type":"Polygon","coordinates":[[[132.984009,34.40521],[132.990875,34.403511],[132.994308,34.401244],[132.995682,34.401811],[132.997742,34.396712],[132.995682,34.391612],[132.994995,34.392179],[132.992935,34.391046],[132.991562,34.391612],[132.988815,34.389346],[132.987442,34.390479],[132.986069,34.389913],[132.984695,34.391046],[132.986069,34.395579],[132.984695,34.398978],[132.982635,34.400111],[132.984009,34.40521]]]}},{"type":"Feature","properties":{"layer_id":"bakumatsu_villages","name":"小坂村","address":"安芸 豊田郡","source":"Geoshape 幕末期近世村領域データセット vector tiles (z7 extraction)","subarea_name":"近世村のおおよその範囲","feature_key":"village:K42G08S00044","accuracy_note":"2015年農業集落境界をもとに復元した概略範囲で、江戸時代の正確な村境ではありません"},"geometry":{"type":"MultiPolygon","coordinates":[[[[133.023148,34.445424],[133.025208,34.444291],[133.027954,34.444857],[133.027954,34.440327],[133.025894,34.435231],[133.019714,34.432965],[133.016968,34.42447],[133.013535,34.423903],[133.013535,34.425036],[133.008041,34.427868],[133.008041,34.429567],[133.010788,34.432399],[133.013535,34.431833],[133.014908,34.438628],[133.017654,34.44146],[133.019714,34.442026],[133.021774,34.444857],[133.023148,34.445424]]],[[[133.008041,34.423903],[133.009415,34.422204],[133.011475,34.421638],[133.014221,34.417673],[133.014221,34.413708],[133.010101,34.417106],[133.008041,34.415407],[133.000488,34.41484],[133.001175,34.417106],[133.000488,34.417673],[133.001862,34.419938],[133.001175,34.421638],[133.002548,34.423903],[133.008041,34.423903]]],[[[133.008041,34.427868],[133.017654,34.421638],[133.018341,34.420505],[133.020401,34.420505],[133.023148,34.418239],[133.016968,34.417106],[133.014221,34.417673],[133.011475,34.421638],[133.009415,34.422204],[133.008041,34.423903],[133.008041,34.427868]]],[[[133.010101,34.417106],[133.014908,34.413141],[133.014221,34.410875],[133.012848,34.409742],[133.000488,34.41484],[133.008041,34.415407],[133.010101,34.417106]]],[[[133.004608,34.413141],[133.012161,34.409742],[133.015594,34.406343],[133.013535,34.404077],[133.011475,34.405777],[133.005981,34.406343],[133.004608,34.410875],[133.004608,34.413141]]],[[[133.014221,34.417673],[133.016968,34.417106],[133.017654,34.412575],[133.015594,34.412008],[133.016281,34.411442],[133.014221,34.410875],[133.014221,34.417673]]],[[[133.023148,34.418239],[133.023148,34.412008],[133.017654,34.412008],[133.016968,34.417106],[133.023148,34.418239]]],[[[133.023148,34.412008],[133.021774,34.408043],[133.016968,34.405777],[133.012848,34.409742],[133.016281,34.411442],[133.015594,34.412008],[133.023148,34.412008]]],[[[133.031387,34.44599],[133.034821,34.443159],[133.033447,34.439761],[133.034821,34.437496],[133.036194,34.431266],[133.030701,34.4307],[133.017654,34.421071],[133.014908,34.423337],[133.016968,34.42447],[133.019714,34.432965],[133.023148,34.434098],[133.026581,34.436363],[133.027954,34.444857],[133.031387,34.44599]]],[[[133.032761,34.431266],[133.035507,34.4307],[133.032074,34.429001],[133.032074,34.426735],[133.025894,34.42447],[133.027267,34.421638],[133.025208,34.418806],[133.023148,34.418239],[133.020401,34.420505],[133.018341,34.420505],[133.021088,34.42447],[133.030701,34.4307],[133.032761,34.431266]]]]}},{"type":"Feature","properties":{"layer_id":"bakumatsu_villages","name":"小林村","address":"安芸 豊田郡","source":"Geoshape 幕末期近世村領域データセット vector tiles (z7 extraction)","subarea_name":"近世村のおおよその範囲","feature_key":"village:K42G08S00049","accuracy_note":"2015年農業集落境界をもとに復元した概略範囲で、江戸時代の正確な村境ではありません"},"geometry":{"type":"Polygon","coordinates":[[[132.994995,34.507122],[132.999115,34.503162],[133.001862,34.503162],[133.001862,34.501464],[133.003235,34.501464],[133.004608,34.4992],[133.006668,34.498635],[133.008041,34.495239],[133.004608,34.492409],[133.005295,34.48958],[133.003922,34.485618],[133.001175,34.487882],[132.999802,34.488448],[132.997742,34.487316],[132.998428,34.48675],[132.997055,34.48392],[132.993622,34.487882],[132.995682,34.489014],[132.993622,34.494107],[132.996368,34.4992],[132.993622,34.503727],[132.994995,34.507122]]]}},{"type":"Feature","properties":{"layer_id":"bakumatsu_villages","name":"小泉村","address":"安芸 豊田郡","source":"Geoshape 幕末期近世村領域データセット vector tiles (z7 extraction)","subarea_name":"近世村のおおよその範囲","feature_key":"village:K42G08S00034","accuracy_note":"2015年農業集落境界をもとに復元した概略範囲で、江戸時代の正確な村境ではありません"},"geometry":{"type":"MultiPolygon","coordinates":[[[[132.973022,34.374612],[132.974396,34.370078],[132.976456,34.367244],[132.972336,34.363277],[132.971649,34.356475],[132.973709,34.349105],[132.972336,34.351373],[132.968903,34.352507],[132.966843,34.354207],[132.964096,34.355341],[132.959976,34.357608],[132.954483,34.352507],[132.952423,34.353074],[132.949677,34.352507],[132.948303,34.354207],[132.946243,34.354774],[132.94487,34.358175],[132.941437,34.355908],[132.939377,34.359876],[132.94075,34.362143],[132.94075,34.363844],[132.941437,34.365544],[132.943497,34.364977],[132.946243,34.366111],[132.947617,34.364977],[132.951736,34.366678],[132.954483,34.372345],[132.956543,34.373479],[132.958603,34.373479],[132.95929,34.371778],[132.960663,34.371212],[132.962036,34.372912],[132.965469,34.372912],[132.966156,34.374045],[132.967529,34.372912],[132.973022,34.374612]]],[[[132.977829,34.376879],[132.979202,34.375746],[132.983322,34.375179],[132.981949,34.374045],[132.985382,34.370645],[132.984695,34.368945],[132.984009,34.368945],[132.985382,34.357042],[132.982635,34.357608],[132.979889,34.359876],[132.978516,34.362143],[132.979889,34.363277],[132.979202,34.36441],[132.979889,34.366678],[132.979202,34.367811],[132.980576,34.370645],[132.977829,34.376879]]],[[[132.994308,34.379146],[132.993622,34.375746],[132.989502,34.376312],[132.987442,34.373479],[132.986069,34.375746],[132.986755,34.379146],[132.994308,34.379146]]],[[[133.003235,34.381413],[133.003922,34.380279],[132.996368,34.375746],[132.993622,34.376879],[132.994308,34.379146],[132.997055,34.379146],[132.998428,34.380279],[133.000488,34.379713],[133.003235,34.381413]]],[[[132.986069,34.375746],[132.990189,34.370078],[132.996368,34.367811],[132.998428,34.364977],[133.001175,34.363277],[133.003235,34.363277],[133.004608,34.361576],[133.002548,34.358742],[133.001862,34.355341],[132.999802,34.354774],[132.999115,34.349672],[132.993622,34.349672],[132.990875,34.352507],[132.989502,34.35194],[132.985382,34.357042],[132.984009,34.368945],[132.984695,34.368945],[132.985382,34.370645],[132.981949,34.374045],[132.983322,34.375179],[132.984695,34.374612],[132.986069,34.375746]]],[[[132.998428,34.377446],[132.997742,34.372912],[132.999115,34.367811],[133.003235,34.363277],[133.001175,34.363277],[132.996368,34.367811],[132.991562,34.368945],[132.987442,34.373479],[132.989502,34.376312],[132.992249,34.375746],[132.993622,34.376879],[132.996368,34.375746],[132.998428,34.377446]]],[[[132.977829,34.376879],[132.980576,34.370645],[132.979202,34.367811],[132.979889,34.366678],[132.979202,34.36441],[132.979889,34.363277],[132.978516,34.362143],[132.979889,34.359876],[132.987442,34.355908],[132.989502,34.35194],[132.986755,34.350806],[132.984009,34.346271],[132.981262,34.346838],[132.979202,34.348538],[132.977142,34.346271],[132.975769,34.346271],[132.974396,34.347405],[132.973022,34.347971],[132.973709,34.350239],[132.971649,34.356475],[132.971649,34.361576],[132.972336,34.363277],[132.976456,34.367244],[132.974396,34.370078],[132.973022,34.374612],[132.974396,34.374612],[132.975769,34.376312],[132.977829,34.376879]]],[[[133.003922,34.380279],[133.003235,34.378579],[133.005295,34.376312],[133.004608,34.372912],[133.008041,34.367244],[133.005295,34.362143],[133.004608,34.361576],[133.003235,34.363277],[132.999115,34.367811],[132.997742,34.373479],[132.998428,34.377446],[133.003922,34.380279]]],[[[132.973022,34.352507],[132.973709,34.349105],[132.972336,34.351373],[132.968216,34.352507],[132.973022,34.352507]]],[[[132.990875,34.352507],[133.000488,34.352507],[132.999802,34.350806],[132.999115,34.349672],[132.993622,34.349672],[132.990875,34.352507]]],[[[132.990875,34.352507],[132.989502,34.35194],[132.989502,34.352507],[132.990875,34.352507]]],[[[132.989502,34.352507],[132.989502,34.35194],[132.986755,34.350806],[132.984009,34.346271],[132.981262,34.346838],[132.979202,34.348538],[132.977142,34.346271],[132.975769,34.346271],[132.974396,34.347405],[132.973022,34.347971],[132.973709,34.350239],[132.973022,34.352507],[132.989502,34.352507]]]]}},{"type":"Feature","properties":{"layer_id":"bakumatsu_villages","name":"屋中村","address":"備後 御調郡","source":"Geoshape 幕末期近世村領域データセット vector tiles (z7 extraction)","subarea_name":"近世村のおおよその範囲","feature_key":"village:K40G01S00085","accuracy_note":"2015年農業集落境界をもとに復元した概略範囲で、江戸時代の正確な村境ではありません"},"geometry":{"type":"Polygon","coordinates":[[[133.086319,34.488448],[133.087692,34.487882],[133.087692,34.486184],[133.089066,34.486184],[133.089752,34.48675],[133.089752,34.481656],[133.091812,34.479392],[133.090439,34.47826],[133.087006,34.479958],[133.085632,34.478826],[133.082886,34.479392],[133.081512,34.482788],[133.082199,34.485618],[133.086319,34.488448]]]}},{"type":"Feature","properties":{"layer_id":"bakumatsu_villages","name":"山中村","address":"備後 御調郡","source":"Geoshape 幕末期近世村領域データセット vector tiles (z7 extraction)","subarea_name":"近世村のおおよその範囲","feature_key":"village:K40G01S00029","accuracy_note":"2015年農業集落境界をもとに復元した概略範囲で、江戸時代の正確な村境ではありません"},"geometry":{"type":"MultiPolygon","coordinates":[[[[133.103485,34.464108],[133.105545,34.461277],[133.104858,34.459013],[133.111038,34.455616],[133.111725,34.456182],[133.115845,34.455616],[133.115845,34.455049],[133.113098,34.453351],[133.111725,34.449954],[133.113098,34.443725],[133.115845,34.438062],[133.120651,34.436929],[133.100739,34.426169],[133.100739,34.429001],[133.097992,34.432399],[133.092499,34.432965],[133.087692,34.440894],[133.080139,34.445424],[133.079453,34.451086],[133.082886,34.455049],[133.082199,34.457314],[133.084946,34.459013],[133.088379,34.459013],[133.091125,34.459579],[133.092499,34.461277],[133.095932,34.459579],[133.097992,34.460711],[133.099365,34.459579],[133.103485,34.464108]]],[[[133.081512,34.443725],[133.087692,34.440894],[133.092499,34.432965],[133.097305,34.432965],[133.100052,34.430133],[133.102798,34.421638],[133.104172,34.420505],[133.106232,34.415407],[133.109665,34.415407],[133.111038,34.413141],[133.109665,34.410309],[133.104858,34.410309],[133.104858,34.413141],[133.105545,34.414274],[133.103485,34.414274],[133.099365,34.420505],[133.092499,34.422771],[133.083572,34.429001],[133.080826,34.430133],[133.079453,34.435797],[133.080826,34.437496],[133.081512,34.443725]]],[[[133.080826,34.430133],[133.083572,34.429001],[133.092499,34.422771],[133.098679,34.421071],[133.100052,34.418806],[133.099365,34.417106],[133.095245,34.414274],[133.091812,34.41484],[133.089066,34.413708],[133.086319,34.414274],[133.085632,34.418806],[133.082199,34.421071],[133.082886,34.423903],[133.080826,34.426169],[133.080826,34.430133]]],[[[133.108978,34.4307],[133.110352,34.427868],[133.111725,34.420505],[133.110352,34.421071],[133.106918,34.419938],[133.107605,34.418239],[133.106232,34.417673],[133.102798,34.421638],[133.100739,34.426169],[133.108978,34.4307]]],[[[133.087692,34.414274],[133.091125,34.409176],[133.093185,34.409742],[133.093185,34.407476],[133.095245,34.404644],[133.087006,34.406343],[133.087006,34.408043],[133.084946,34.409742],[133.087692,34.411442],[133.087692,34.414274]]],[[[133.097992,34.415407],[133.099365,34.412575],[133.098679,34.410875],[133.097305,34.410309],[133.095245,34.410875],[133.095932,34.41484],[133.097992,34.415407]]],[[[133.092499,34.41484],[133.095245,34.414274],[133.095245,34.410875],[133.096619,34.410309],[133.097305,34.408609],[133.098679,34.409176],[133.098679,34.40691],[133.100052,34.40521],[133.098679,34.403511],[133.096619,34.403511],[133.095245,34.404644],[133.093185,34.407476],[133.093185,34.409742],[133.091125,34.409176],[133.087692,34.414274],[133.089066,34.413708],[133.092499,34.41484]]],[[[133.100052,34.418806],[133.103485,34.414274],[133.105545,34.414274],[133.104858,34.413141],[133.104858,34.410309],[133.102112,34.411442],[133.101425,34.413141],[133.100739,34.412575],[133.099365,34.41484],[133.095932,34.41484],[133.099365,34.417106],[133.100052,34.418806]]],[[[133.097992,34.415407],[133.099365,34.41484],[133.100739,34.412575],[133.101425,34.413141],[133.101425,34.412008],[133.104858,34.410309],[133.100052,34.40521],[133.098679,34.40691],[133.098679,34.408609],[133.097305,34.408609],[133.097305,34.409742],[133.099365,34.412008],[133.097992,34.415407]]],[[[133.120651,34.436929],[133.119965,34.435231],[133.122711,34.432399],[133.117905,34.42447],[133.111725,34.420505],[133.110352,34.427868],[133.108978,34.4307],[133.120651,34.436929]]],[[[133.122711,34.432399],[133.122025,34.429567],[133.123398,34.429001],[133.126144,34.422771],[133.128204,34.421071],[133.119965,34.418806],[133.117905,34.413141],[133.119278,34.410309],[133.116531,34.412008],[133.115845,34.41654],[133.112411,34.418806],[133.111038,34.418806],[133.112411,34.421638],[133.117905,34.42447],[133.122711,34.432399]]],[[[133.110352,34.421071],[133.111725,34.420505],[133.111038,34.418806],[133.112411,34.418806],[133.115845,34.41654],[133.116531,34.412008],[133.113098,34.410875],[133.112411,34.409176],[133.110352,34.408609],[133.108292,34.410309],[133.110352,34.410875],[133.111038,34.413141],[133.109665,34.415407],[133.106232,34.415407],[133.105545,34.41654],[133.107605,34.418239],[133.106918,34.419938],[133.110352,34.421071]]],[[[133.128204,34.421071],[133.131638,34.418239],[133.131638,34.41654],[133.135071,34.41654],[133.135757,34.413141],[133.137817,34.413141],[133.138504,34.410875],[133.139191,34.411442],[133.142624,34.410309],[133.14537,34.410309],[133.143311,34.406343],[133.143997,34.403511],[133.141937,34.400678],[133.137817,34.400678],[133.135757,34.400111],[133.134384,34.398412],[133.132324,34.398978],[133.129578,34.397845],[133.128204,34.392746],[133.126144,34.393312],[133.123398,34.394445],[133.122711,34.397845],[133.119278,34.399545],[133.123398,34.404644],[133.121338,34.406343],[133.117905,34.413141],[133.119965,34.418806],[133.128204,34.421071]]]]}},{"type":"Feature","properties":{"layer_id":"bakumatsu_villages","name":"山中野村","address":"安芸 豊田郡","source":"Geoshape 幕末期近世村領域データセット vector tiles (z7 extraction)","subarea_name":"近世村のおおよその範囲","feature_key":"village:K42G08S00014","accuracy_note":"2015年農業集落境界をもとに復元した概略範囲で、江戸時代の正確な村境ではありません"},"geometry":{"type":"MultiPolygon","coordinates":[[[[133.007355,34.495239],[133.008728,34.494673],[133.012848,34.489014],[133.012161,34.481656],[133.008041,34.481656],[133.002548,34.48109],[132.997055,34.476562],[132.996368,34.479958],[132.994995,34.48109],[132.995682,34.483354],[132.997055,34.48392],[132.998428,34.48675],[132.997742,34.487316],[132.999802,34.488448],[133.001175,34.487882],[133.003922,34.485618],[133.005295,34.48958],[133.004608,34.492409],[133.007355,34.495239]]],[[[133.011475,34.481656],[133.014221,34.47826],[133.016968,34.477128],[133.013535,34.474864],[133.012848,34.47543],[133.010788,34.473165],[133.013535,34.470335],[133.012161,34.466939],[133.005981,34.469769],[133.002548,34.469203],[133.002548,34.469769],[133.001175,34.469203],[132.997742,34.470335],[132.998428,34.471467],[132.996368,34.473732],[132.997055,34.476562],[133.002548,34.48109],[133.011475,34.481656]]],[[[133.011475,34.491844],[133.015594,34.490146],[133.021088,34.485618],[133.022461,34.482788],[133.019028,34.481656],[133.016968,34.478826],[133.015594,34.479958],[133.015594,34.478826],[133.014221,34.47826],[133.012161,34.480524],[133.012848,34.489014],[133.011475,34.491844]]]]}},{"type":"Feature","properties":{"layer_id":"bakumatsu_villages","name":"山福田村","address":"安芸 豊田郡","source":"Geoshape 幕末期近世村領域データセット vector tiles (z7 extraction)","subarea_name":"近世村のおおよその範囲","feature_key":"village:K42G08S00013","accuracy_note":"2015年農業集落境界をもとに復元した概略範囲で、江戸時代の正確な村境ではありません"},"geometry":{"type":"MultiPolygon","coordinates":[[[[132.93869,34.500332],[132.94075,34.4992],[132.94693,34.492409],[132.95311,34.491278],[132.947617,34.487882],[132.943497,34.486184],[132.94281,34.484486],[132.939377,34.483354],[132.938004,34.48109],[132.928391,34.476562],[132.928391,34.478826],[132.93251,34.48392],[132.931824,34.487316],[132.927704,34.488448],[132.933197,34.492975],[132.93457,34.496371],[132.93869,34.500332]]],[[[132.938004,34.48109],[132.939377,34.47826],[132.943497,34.47826],[132.943497,34.476562],[132.946243,34.470901],[132.94693,34.464674],[132.945557,34.459013],[132.947617,34.456182],[132.942123,34.456748],[132.94075,34.459579],[132.93869,34.460145],[132.93869,34.462976],[132.937317,34.462976],[132.935257,34.46524],[132.933197,34.46524],[132.929764,34.470901],[132.927704,34.471467],[132.928391,34.476562],[132.938004,34.48109]]]]}},{"type":"Feature","properties":{"layer_id":"bakumatsu_villages","name":"惣定村","address":"安芸 豊田郡","source":"Geoshape 幕末期近世村領域データセット vector tiles (z7 extraction)","subarea_name":"近世村のおおよその範囲","feature_key":"village:K42G08S00029","accuracy_note":"2015年農業集落境界をもとに復元した概略範囲で、江戸時代の正確な村境ではありません"},"geometry":{"type":"MultiPolygon","coordinates":[[[[132.988129,34.388213],[132.991562,34.384813],[132.990875,34.381413],[132.986755,34.379146],[132.986069,34.375746],[132.984695,34.374612],[132.979202,34.375746],[132.977142,34.377446],[132.979202,34.379146],[132.977142,34.381979],[132.978516,34.383679],[132.979889,34.383113],[132.981262,34.384813],[132.984009,34.385379],[132.988129,34.388213]]],[[[132.992935,34.385379],[132.994308,34.383679],[132.997742,34.384246],[132.999115,34.381979],[132.997742,34.379146],[132.988815,34.379146],[132.990875,34.381413],[132.991562,34.384813],[132.992935,34.385379]]],[[[132.996368,34.393879],[132.997055,34.390479],[133.000488,34.386513],[133.000488,34.385379],[132.999802,34.383679],[133.003235,34.381413],[133.000488,34.379713],[132.998428,34.380279],[132.999115,34.382546],[132.997742,34.384246],[132.994308,34.383679],[132.992935,34.385379],[132.991562,34.384813],[132.988129,34.388213],[132.991562,34.391612],[132.992935,34.391046],[132.994995,34.392179],[132.995682,34.391612],[132.996368,34.393879]]]]}},{"type":"Feature","properties":{"layer_id":"bakumatsu_villages","name":"木原村","address":"備後 御調郡","source":"Geoshape 幕末期近世村領域データセット vector tiles (z7 extraction)","subarea_name":"近世村のおおよその範囲","feature_key":"village:K40G01S00027","accuracy_note":"2015年農業集落境界をもとに復元した概略範囲で、江戸時代の正確な村境ではありません"},"geometry":{"type":"MultiPolygon","coordinates":[[[[133.135757,34.400111],[133.139191,34.393879],[133.143997,34.392179],[133.143997,34.391046],[133.139191,34.389346],[133.135071,34.393879],[133.132324,34.394445],[133.128204,34.392746],[133.128204,34.396712],[133.130951,34.398978],[133.134384,34.398412],[133.135757,34.400111]]],[[[133.132324,34.394445],[133.135071,34.393879],[133.138504,34.389346],[133.137817,34.388213],[133.131638,34.384813],[133.133698,34.386513],[133.128891,34.390479],[133.128204,34.392746],[133.132324,34.394445]]],[[[133.143997,34.403511],[133.148804,34.401811],[133.146057,34.401244],[133.143311,34.397278],[133.146744,34.394445],[133.146744,34.392179],[133.143997,34.391046],[133.143997,34.392179],[133.139191,34.393879],[133.135757,34.400111],[133.135757,34.400678],[133.141937,34.400678],[133.143997,34.403511]]],[[[133.14949,34.402944],[133.15155,34.402377],[133.150864,34.401244],[133.15361,34.395579],[133.15361,34.393879],[133.146744,34.392179],[133.146744,34.394445],[133.143311,34.397278],[133.146057,34.401244],[133.148804,34.401244],[133.14949,34.402944]]],[[[133.156357,34.406343],[133.162537,34.402944],[133.157043,34.400111],[133.15567,34.400111],[133.154297,34.404644],[133.156357,34.406343]]],[[[133.154297,34.404644],[133.15567,34.400111],[133.157043,34.400111],[133.15361,34.395579],[133.150864,34.401244],[133.15155,34.403511],[133.154297,34.404644]]]]}},{"type":"Feature","properties":{"layer_id":"bakumatsu_villages","name":"末光村","address":"安芸 豊田郡","source":"Geoshape 幕末期近世村領域データセット vector tiles (z7 extraction)","subarea_name":"近世村のおおよその範囲","feature_key":"village:K42G08S00033","accuracy_note":"2015年農業集落境界をもとに復元した概略範囲で、江戸時代の正確な村境ではありません"},"geometry":{"type":"MultiPolygon","coordinates":[[[[133.026581,34.383679],[133.028641,34.378012],[133.030701,34.375746],[133.031387,34.368945],[133.027954,34.368378],[133.025894,34.369511],[133.024521,34.373479],[133.022461,34.373479],[133.021774,34.375179],[133.022461,34.376312],[133.021774,34.378012],[133.023148,34.379146],[133.019028,34.379146],[133.016968,34.381413],[133.026581,34.383679]]],[[[133.033447,34.379713],[133.036194,34.374612],[133.038254,34.375179],[133.03894,34.374612],[133.039627,34.372345],[133.040314,34.374045],[133.041,34.374045],[133.042374,34.370078],[133.038254,34.371212],[133.03688,34.373479],[133.031387,34.374045],[133.030701,34.376312],[133.028641,34.378012],[133.033447,34.379713]]],[[[133.031387,34.374045],[133.03688,34.373479],[133.038254,34.371212],[133.042374,34.370078],[133.042374,34.367244],[133.039627,34.36441],[133.041,34.361009],[133.040314,34.359309],[133.038254,34.358175],[133.033447,34.360443],[133.029327,34.359876],[133.029327,34.361009],[133.031387,34.36441],[133.028641,34.365544],[133.027954,34.368378],[133.031387,34.368945],[133.031387,34.374045]]]]}},{"type":"Feature","properties":{"layer_id":"bakumatsu_villages","name":"末広村","address":"安芸 豊田郡","source":"Geoshape 幕末期近世村領域データセット vector tiles (z7 extraction)","subarea_name":"近世村のおおよその範囲","feature_key":"village:K42G08S00030","accuracy_note":"2015年農業集落境界をもとに復元した概略範囲で、江戸時代の正確な村境ではありません"},"geometry":{"type":"Polygon","coordinates":[[[133.012848,34.394445],[133.015594,34.391612],[133.014221,34.390479],[133.012848,34.387646],[133.014221,34.383113],[133.010788,34.382546],[133.008041,34.383679],[133.003922,34.380279],[132.999802,34.383679],[133.000488,34.385379],[132.998428,34.389346],[133.012848,34.394445]]]}},{"type":"Feature","properties":{"layer_id":"bakumatsu_villages","name":"本市村","address":"安芸 豊田郡","source":"Geoshape 幕末期近世村領域データセット vector tiles (z7 extraction)","subarea_name":"近世村のおおよその範囲","feature_key":"village:K42G08S00046","accuracy_note":"2015年農業集落境界をもとに復元した概略範囲で、江戸時代の正確な村境ではありません"},"geometry":{"type":"Polygon","coordinates":[[[133.019714,34.398978],[133.030014,34.396145],[133.027267,34.396145],[133.026581,34.391612],[133.022461,34.392179],[133.021774,34.390479],[133.018341,34.391612],[133.015594,34.391612],[133.016281,34.394445],[133.019028,34.395012],[133.019028,34.396712],[133.020401,34.397278],[133.019714,34.398978]]]}},{"type":"Feature","properties":{"layer_id":"bakumatsu_villages","name":"本庄村","address":"備後 御調郡","source":"Geoshape 幕末期近世村領域データセット vector tiles (z7 extraction)","subarea_name":"近世村のおおよその範囲","feature_key":"village:K40G01S00082","accuracy_note":"2015年農業集落境界をもとに復元した概略範囲で、江戸時代の正確な村境ではありません"},"geometry":{"type":"MultiPolygon","coordinates":[[[[133.101425,34.489014],[133.100739,34.487882],[133.097992,34.489014],[133.095932,34.492975],[133.098679,34.494673],[133.098679,34.497503],[133.104172,34.497503],[133.107605,34.494673],[133.108978,34.492409],[133.106232,34.492409],[133.105545,34.491278],[133.103485,34.490712],[133.103485,34.489014],[133.101425,34.489014]]],[[[133.101425,34.489014],[133.104858,34.48958],[133.106918,34.487882],[133.111725,34.482788],[133.111038,34.48109],[133.109665,34.479958],[133.109665,34.481656],[133.106918,34.482788],[133.105545,34.481656],[133.104172,34.482222],[133.102798,34.485052],[133.102112,34.482788],[133.098679,34.48392],[133.092499,34.484486],[133.089752,34.485618],[133.089066,34.48675],[133.095245,34.490146],[133.095932,34.492975],[133.099365,34.488448],[133.100739,34.487882],[133.101425,34.489014]]],[[[133.109665,34.492975],[133.116531,34.486184],[133.115845,34.483354],[133.113785,34.480524],[133.115158,34.47826],[133.113785,34.470901],[133.115845,34.470335],[133.117905,34.472033],[133.118591,34.470901],[133.120651,34.470901],[133.123398,34.467505],[133.122711,34.463542],[133.120651,34.461843],[133.119965,34.459579],[133.114471,34.460711],[133.115845,34.455616],[133.111725,34.456182],[133.111038,34.455616],[133.104858,34.459013],[133.105545,34.461277],[133.103485,34.464108],[133.106918,34.46524],[133.108292,34.468071],[133.108978,34.471467],[133.107605,34.476562],[133.111725,34.482788],[133.106918,34.487882],[133.104858,34.48958],[133.104172,34.489014],[133.103485,34.490146],[133.105545,34.491278],[133.106232,34.492409],[133.109665,34.492975]]]]}},{"type":"Feature","properties":{"layer_id":"bakumatsu_villages","name":"本郷村","address":"安芸 豊田郡","source":"Geoshape 幕末期近世村領域データセット vector tiles (z7 extraction)","subarea_name":"近世村のおおよその範囲","feature_key":"village:K42G08S00036","accuracy_note":"2015年農業集落境界をもとに復元した概略範囲で、江戸時代の正確な村境ではありません"},"geometry":{"type":"MultiPolygon","coordinates":[[[[132.964783,34.423337],[132.964783,34.421638],[132.967529,34.422204],[132.968216,34.421071],[132.975769,34.419938],[132.978516,34.422771],[132.979202,34.421071],[132.978516,34.418239],[132.979202,34.414274],[132.977142,34.414274],[132.976456,34.412575],[132.973022,34.412575],[132.971649,34.413708],[132.963409,34.413708],[132.962036,34.41484],[132.95929,34.422771],[132.964783,34.423337]]],[[[132.979202,34.414274],[132.980576,34.410309],[132.978516,34.409742],[132.978516,34.410309],[132.975082,34.409742],[132.973022,34.412575],[132.976456,34.412575],[132.977142,34.414274],[132.979202,34.414274]]],[[[132.981262,34.421071],[132.983322,34.419938],[132.983322,34.418239],[132.986069,34.417106],[132.983322,34.41484],[132.981949,34.415407],[132.981262,34.421071]]],[[[132.999802,34.426169],[133.001862,34.425603],[133.002548,34.423903],[133.001175,34.421638],[133.001862,34.419938],[133.000488,34.417673],[133.001175,34.417106],[133.000488,34.41484],[132.997742,34.415407],[132.994308,34.413708],[132.991562,34.41654],[132.994308,34.420505],[132.996368,34.420505],[132.996368,34.421638],[132.997055,34.42447],[132.996368,34.425603],[132.999802,34.426169]]],[[[132.981262,34.421071],[132.981949,34.415973],[132.984009,34.413708],[132.980576,34.410309],[132.978516,34.418239],[132.979202,34.421071],[132.981262,34.421071]]],[[[132.982635,34.411442],[132.985382,34.410875],[132.981949,34.40691],[132.980576,34.409742],[132.982635,34.411442]]],[[[132.986069,34.417106],[132.986755,34.415973],[132.987442,34.415407],[132.986069,34.415407],[132.986755,34.414274],[132.989502,34.413141],[132.988815,34.412008],[132.984009,34.412575],[132.983322,34.414274],[132.984695,34.417106],[132.986069,34.417106]]],[[[132.984009,34.413708],[132.984009,34.412575],[132.986755,34.412575],[132.986069,34.410309],[132.981949,34.412008],[132.984009,34.413708]]],[[[132.987442,34.415407],[132.987442,34.414274],[132.986069,34.414274],[132.986069,34.415407],[132.987442,34.415407]]],[[[132.985382,34.410875],[132.990189,34.409176],[132.989502,34.408043],[132.988129,34.408043],[132.986755,34.404644],[132.982635,34.406343],[132.981949,34.40691],[132.985382,34.410875]]],[[[132.988815,34.412575],[132.990189,34.409176],[132.986069,34.410309],[132.986755,34.412575],[132.988815,34.412575]]],[[[132.990875,34.414274],[132.994308,34.413708],[132.994995,34.413708],[132.993622,34.412008],[132.994308,34.409742],[132.995682,34.409176],[132.990189,34.409176],[132.989502,34.413141],[132.990875,34.414274]]],[[[132.994995,34.413708],[132.997742,34.415407],[133.004608,34.413141],[133.005295,34.409742],[132.995682,34.409176],[132.994308,34.409742],[132.993622,34.412008],[132.994995,34.413708]]],[[[132.995682,34.409176],[132.996368,34.40521],[132.998428,34.403511],[132.994308,34.401244],[132.986755,34.404644],[132.988129,34.408043],[132.989502,34.408043],[132.990189,34.409176],[132.995682,34.409176]]],[[[133.005295,34.409742],[133.005981,34.406343],[133.011475,34.405777],[133.013535,34.404077],[133.007355,34.405777],[132.997742,34.402944],[132.995682,34.409176],[133.005295,34.409742]]]]}},{"type":"Feature","properties":{"layer_id":"bakumatsu_villages","name":"東野村","address":"備後 御調郡","source":"Geoshape 幕末期近世村領域データセット vector tiles (z7 extraction)","subarea_name":"近世村のおおよその範囲","feature_key":"village:K40G01S00028","accuracy_note":"2015年農業集落境界をもとに復元した概略範囲で、江戸時代の正確な村境ではありません"},"geometry":{"type":"MultiPolygon","coordinates":[[[[133.104858,34.410309],[133.104858,34.406343],[133.100739,34.403511],[133.100739,34.399545],[133.099365,34.397278],[133.095932,34.396712],[133.093872,34.398978],[133.095245,34.400111],[133.089752,34.405777],[133.098679,34.403511],[133.101425,34.405777],[133.104858,34.410309]]],[[[133.107605,34.410875],[133.110352,34.408609],[133.104172,34.396712],[133.102112,34.395579],[133.102112,34.391612],[133.100052,34.391046],[133.099365,34.390479],[133.097992,34.390479],[133.100052,34.393879],[133.099365,34.394445],[133.100052,34.397278],[133.099365,34.397278],[133.100739,34.399545],[133.100739,34.403511],[133.104858,34.406343],[133.104858,34.410309],[133.107605,34.410875]]],[[[133.117218,34.412008],[133.119278,34.410309],[133.121338,34.406343],[133.123398,34.404644],[133.117905,34.404644],[133.113785,34.402377],[133.104858,34.389346],[133.102112,34.390479],[133.102798,34.392179],[133.102112,34.393312],[133.102112,34.395579],[133.104172,34.396712],[133.110352,34.408609],[133.112411,34.409176],[133.113098,34.410875],[133.117218,34.412008]]],[[[133.107605,34.388779],[133.106232,34.389346],[133.106232,34.388779],[133.104172,34.389346],[133.113098,34.401811],[133.117905,34.404644],[133.122711,34.404077],[133.116531,34.396145],[133.112411,34.396145],[133.111038,34.395012],[133.107605,34.388779]]],[[[133.108978,34.388779],[133.107605,34.388779],[133.110352,34.393879],[133.112411,34.396145],[133.116531,34.396145],[133.119278,34.399545],[133.122711,34.397845],[133.123398,34.395012],[133.112411,34.386513],[133.111038,34.388779],[133.110352,34.388213],[133.111038,34.387646],[133.108978,34.388213],[133.108978,34.388779]]],[[[133.123398,34.395012],[133.125458,34.393312],[133.128204,34.392746],[133.126144,34.392746],[133.123398,34.388779],[133.121338,34.387646],[133.119965,34.385946],[133.119965,34.383113],[133.117218,34.383679],[133.116531,34.381979],[133.113098,34.382546],[133.114471,34.385379],[133.112411,34.387079],[133.123398,34.395012]]],[[[133.128204,34.392746],[133.128891,34.390479],[133.133698,34.386513],[133.126831,34.383113],[133.119965,34.383113],[133.119965,34.385946],[133.121338,34.387646],[133.123398,34.388779],[133.126144,34.392746],[133.128204,34.392746]]]]}},{"type":"Feature","properties":{"layer_id":"bakumatsu_villages","name":"松江村","address":"安芸 豊田郡","source":"Geoshape 幕末期近世村領域データセット vector tiles (z7 extraction)","subarea_name":"近世村のおおよその範囲","feature_key":"village:K42G08S00027","accuracy_note":"2015年農業集落境界をもとに復元した概略範囲で、江戸時代の正確な村境ではありません"},"geometry":{"type":"MultiPolygon","coordinates":[[[[132.977829,34.402377],[132.979202,34.401811],[132.981262,34.395579],[132.979202,34.394445],[132.975769,34.396145],[132.974396,34.398412],[132.976456,34.401811],[132.977829,34.402377]]],[[[132.982635,34.405777],[132.982635,34.406343],[132.984009,34.40521],[132.984009,34.403511],[132.982635,34.400111],[132.981949,34.401244],[132.981949,34.404077],[132.982635,34.405777]]],[[[132.981949,34.404077],[132.981949,34.401244],[132.983322,34.399545],[132.980576,34.397845],[132.979202,34.402944],[132.981949,34.404077]]],[[[132.980576,34.395012],[132.981262,34.395579],[132.980576,34.397845],[132.983322,34.399545],[132.984695,34.398978],[132.984695,34.396145],[132.980576,34.395012]]],[[[132.980576,34.395012],[132.977142,34.392179],[132.976456,34.394445],[132.975769,34.396145],[132.979202,34.394445],[132.980576,34.395012]]],[[[132.985382,34.396712],[132.986069,34.395579],[132.984695,34.391046],[132.986069,34.389913],[132.987442,34.390479],[132.988815,34.389346],[132.984009,34.385379],[132.981262,34.384813],[132.979889,34.383113],[132.978516,34.383679],[132.977142,34.381979],[132.974396,34.382546],[132.975082,34.385379],[132.973709,34.386513],[132.973709,34.387646],[132.971649,34.387646],[132.973022,34.389346],[132.972336,34.392746],[132.976456,34.394445],[132.977142,34.392179],[132.985382,34.396712]]]]}},{"type":"Feature","properties":{"layer_id":"bakumatsu_villages","name":"椋梨村","address":"安芸 豊田郡","source":"Geoshape 幕末期近世村領域データセット vector tiles (z7 extraction)","subarea_name":"近世村のおおよその範囲","feature_key":"village:K42G08S00009","accuracy_note":"2015年農業集落境界をもとに復元した概略範囲で、江戸時代の正確な村境ではありません"},"geometry":{"type":"MultiPolygon","coordinates":[[[[132.858353,34.536541],[132.863159,34.535975],[132.869339,34.534844],[132.872086,34.535975],[132.872772,34.534278],[132.878952,34.534278],[132.881012,34.533712],[132.881012,34.532015],[132.878952,34.532581],[132.878265,34.53145],[132.878265,34.530318],[132.878952,34.530884],[132.878952,34.528621],[132.875519,34.526359],[132.872772,34.521833],[132.870026,34.520136],[132.867279,34.520136],[132.864532,34.522399],[132.856293,34.524661],[132.854919,34.533147],[132.853546,34.533712],[132.856293,34.534278],[132.858353,34.536541]]],[[[132.882385,34.541631],[132.885132,34.539369],[132.883072,34.535975],[132.884445,34.534844],[132.883072,34.532015],[132.878952,34.534278],[132.872772,34.534278],[132.872086,34.535975],[132.872772,34.537106],[132.875519,34.538238],[132.880325,34.541066],[132.882385,34.541631]]],[[[132.885132,34.539369],[132.887192,34.537672],[132.891998,34.537672],[132.889938,34.536541],[132.890625,34.529753],[132.883072,34.532015],[132.884445,34.534844],[132.883072,34.535975],[132.885132,34.539369]]],[[[132.881012,34.533712],[132.883072,34.53145],[132.889938,34.529753],[132.890625,34.528621],[132.883759,34.521833],[132.878952,34.518438],[132.876892,34.51957],[132.870026,34.520136],[132.872772,34.521833],[132.875519,34.526359],[132.878952,34.528621],[132.878952,34.530884],[132.878265,34.530318],[132.878265,34.53145],[132.878952,34.532581],[132.881012,34.532015],[132.881012,34.533712]]],[[[132.902298,34.525227],[132.894745,34.529187],[132.890625,34.529753],[132.889938,34.536541],[132.895432,34.539934],[132.902298,34.534278],[132.906418,34.533712],[132.909164,34.530884],[132.904358,34.528056],[132.902298,34.525227]]],[[[132.889938,34.529753],[132.894745,34.529187],[132.900238,34.525793],[132.900238,34.525227],[132.897491,34.521833],[132.894745,34.520136],[132.896805,34.519004],[132.894058,34.516741],[132.887878,34.51561],[132.886505,34.516741],[132.885818,34.518438],[132.884445,34.518438],[132.883072,34.51957],[132.880325,34.51957],[132.890625,34.528621],[132.889938,34.529753]]],[[[132.900238,34.525793],[132.906418,34.52353],[132.906418,34.520701],[132.909851,34.520136],[132.908478,34.518438],[132.909164,34.512781],[132.905045,34.511649],[132.900925,34.514478],[132.894058,34.516741],[132.896805,34.519004],[132.894745,34.520136],[132.897491,34.521833],[132.900238,34.525793]]],[[[132.906418,34.529187],[132.909851,34.525793],[132.914658,34.521833],[132.913971,34.520701],[132.912598,34.51957],[132.909164,34.520136],[132.906418,34.520701],[132.906418,34.52353],[132.902985,34.524661],[132.902298,34.525793],[132.904358,34.528056],[132.906418,34.529187]]]]}},{"type":"Feature","properties":{"layer_id":"bakumatsu_villages","name":"江木村","address":"備後 御調郡","source":"Geoshape 幕末期近世村領域データセット vector tiles (z7 extraction)","subarea_name":"近世村のおおよその範囲","feature_key":"village:K40G01S00095","accuracy_note":"2015年農業集落境界をもとに復元した概略範囲で、江戸時代の正確な村境ではありません"},"geometry":{"type":"MultiPolygon","coordinates":[[[[133.027267,34.554073],[133.027267,34.551811],[133.032761,34.551811],[133.034134,34.547853],[133.038254,34.544459],[133.034821,34.5405],[133.033447,34.5405],[133.032761,34.538803],[133.028641,34.538238],[133.025894,34.537106],[133.023834,34.538238],[133.024521,34.539934],[133.023148,34.542197],[133.025208,34.543894],[133.023834,34.545025],[133.024521,34.546156],[133.025208,34.554073],[133.027267,34.554073]]],[[[133.035507,34.541631],[133.03894,34.538803],[133.03688,34.535975],[133.035507,34.536541],[133.032074,34.534844],[133.030701,34.537106],[133.029327,34.537672],[133.027954,34.535975],[133.025894,34.537106],[133.028641,34.538238],[133.032761,34.538803],[133.033447,34.5405],[133.035507,34.541631]]],[[[133.038254,34.546721],[133.03894,34.546156],[133.03894,34.543894],[133.040314,34.539369],[133.03894,34.538803],[133.035507,34.541631],[133.038254,34.544459],[133.035507,34.546721],[133.038254,34.546721]]],[[[133.04306,34.548418],[133.051987,34.544459],[133.05336,34.545025],[133.051987,34.538803],[133.05336,34.537672],[133.051987,34.534844],[133.052673,34.534278],[133.052673,34.532581],[133.0513,34.530884],[133.045807,34.530318],[133.042374,34.534278],[133.037567,34.536541],[133.037567,34.537672],[133.040314,34.539369],[133.03894,34.543894],[133.03894,34.546156],[133.04306,34.548418]]]]}},{"type":"Feature","properties":{"layer_id":"bakumatsu_villages","name":"沼田下村","address":"安芸 豊田郡","source":"Geoshape 幕末期近世村領域データセット vector tiles (z7 extraction)","subarea_name":"近世村のおおよその範囲","feature_key":"village:K42G08S00041","accuracy_note":"2015年農業集落境界をもとに復元した概略範囲で、江戸時代の正確な村境ではありません"},"geometry":{"type":"MultiPolygon","coordinates":[[[[133.034134,34.426735],[133.03688,34.42447],[133.035507,34.422771],[133.03894,34.41654],[133.041687,34.415973],[133.04306,34.41484],[133.046494,34.415407],[133.04718,34.412575],[133.046494,34.411442],[133.03894,34.414274],[133.031387,34.418239],[133.025208,34.418806],[133.027267,34.421638],[133.025894,34.42447],[133.032074,34.426735],[133.034134,34.426735]]],[[[133.054047,34.451652],[133.05542,34.451086],[133.058167,34.451086],[133.060226,34.449387],[133.062973,34.448821],[133.062286,34.44599],[133.060226,34.445424],[133.060226,34.442592],[133.05748,34.440327],[133.05542,34.437496],[133.05336,34.431266],[133.049927,34.428434],[133.051987,34.426735],[133.051987,34.42447],[133.048553,34.421071],[133.047867,34.418239],[133.046494,34.41484],[133.04306,34.41484],[133.041687,34.415973],[133.040314,34.415973],[133.03894,34.41654],[133.035507,34.422771],[133.036194,34.425036],[133.034134,34.426735],[133.032074,34.426735],[133.032074,34.429001],[133.036194,34.431833],[133.034821,34.438062],[133.033447,34.439761],[133.034134,34.443159],[133.037567,34.443159],[133.041687,34.44599],[133.046494,34.445424],[133.04924,34.451652],[133.0513,34.45052],[133.054047,34.451652]]],[[[133.031387,34.417673],[133.03894,34.414274],[133.046494,34.411442],[133.045807,34.407476],[133.043747,34.409742],[133.041,34.410875],[133.037567,34.410309],[133.036194,34.410875],[133.034821,34.414274],[133.031387,34.417673]]],[[[133.041,34.410875],[133.043747,34.409742],[133.045807,34.407476],[133.045807,34.406343],[133.0513,34.402944],[133.046494,34.401811],[133.044434,34.404077],[133.03894,34.40521],[133.036194,34.408043],[133.037567,34.410309],[133.041,34.410875]]],[[[133.037567,34.40691],[133.03894,34.40521],[133.044434,34.404077],[133.046494,34.401811],[133.04306,34.400678],[133.042374,34.397278],[133.040314,34.396712],[133.040314,34.399545],[133.038254,34.399545],[133.037567,34.40691]]],[[[133.040314,34.399545],[133.040314,34.396145],[133.043747,34.394445],[133.044434,34.393312],[133.041,34.392746],[133.034821,34.394445],[133.034821,34.396145],[133.037567,34.397278],[133.038254,34.399545],[133.040314,34.399545]]],[[[133.049927,34.402944],[133.0513,34.395579],[133.04924,34.392179],[133.04718,34.392746],[133.041,34.392746],[133.044434,34.393312],[133.040314,34.396712],[133.042374,34.397278],[133.04306,34.400678],[133.049927,34.402944]]],[[[133.049927,34.402944],[133.0513,34.402377],[133.054733,34.397845],[133.056793,34.393879],[133.05542,34.393312],[133.054047,34.392179],[133.0513,34.395012],[133.049927,34.402944]]],[[[133.0513,34.395012],[133.054047,34.392179],[133.05542,34.393312],[133.056793,34.392746],[133.056107,34.388779],[133.052673,34.389913],[133.04924,34.392179],[133.049927,34.394445],[133.0513,34.395012]]]]}},{"type":"Feature","properties":{"layer_id":"bakumatsu_villages","name":"泉村","address":"備後 御調郡","source":"Geoshape 幕末期近世村領域データセット vector tiles (z7 extraction)","subarea_name":"近世村のおおよその範囲","feature_key":"village:K40G01S00094","accuracy_note":"2015年農業集落境界をもとに復元した概略範囲で、江戸時代の正確な村境ではありません"},"geometry":{"type":"MultiPolygon","coordinates":[[[[132.999802,34.535975],[133.001862,34.529753],[133.001862,34.52749],[133.002548,34.526359],[133.001175,34.52353],[132.997742,34.521833],[132.994995,34.522964],[132.997055,34.524096],[132.994308,34.529753],[132.995682,34.532015],[132.993622,34.535975],[132.999802,34.535975]]],[[[133.019714,34.554073],[133.023148,34.552377],[133.025208,34.554073],[133.024521,34.546156],[133.023834,34.545025],[133.025208,34.543894],[133.023834,34.542197],[133.023834,34.541066],[133.019028,34.539934],[133.019028,34.541066],[133.016968,34.5405],[133.016281,34.541631],[133.013535,34.541631],[133.012161,34.5405],[133.009415,34.542197],[133.001862,34.544459],[132.999802,34.547287],[132.997055,34.548418],[132.999802,34.55068],[133.006668,34.551811],[133.011475,34.554073],[133.019714,34.554073]]],[[[132.995682,34.548418],[132.999802,34.547287],[133.001862,34.544459],[133.009415,34.542197],[133.012161,34.5405],[133.009415,34.538238],[133.008728,34.535975],[132.993622,34.535975],[132.993622,34.537672],[132.994995,34.538238],[132.993622,34.543328],[132.995682,34.548418]]],[[[133.016281,34.537672],[133.014221,34.537106],[133.010101,34.533712],[133.007355,34.525227],[133.003235,34.525227],[133.001862,34.52749],[133.001862,34.529753],[132.999802,34.535975],[133.008728,34.535975],[133.009415,34.538238],[133.013535,34.541631],[133.016281,34.541631],[133.016968,34.5405],[133.019028,34.541066],[133.019028,34.539934],[133.023834,34.541066],[133.024521,34.539934],[133.024521,34.539369],[133.019028,34.538803],[133.018341,34.537106],[133.016281,34.537672]]]]}},{"type":"Feature","properties":{"layer_id":"bakumatsu_villages","name":"渡瀬村","address":"安芸 豊田郡","source":"Geoshape 幕末期近世村領域データセット vector tiles (z7 extraction)","subarea_name":"近世村のおおよその範囲","feature_key":"village:K42G08S00056","accuracy_note":"2015年農業集落境界をもとに復元した概略範囲で、江戸時代の正確な村境ではありません"},"geometry":{"type":"MultiPolygon","coordinates":[[[[133.016281,34.359876],[133.027954,34.35364],[133.029327,34.350806],[133.027267,34.347971],[133.025894,34.347971],[133.028641,34.345137],[133.025894,34.342869],[133.019714,34.340034],[133.014908,34.341168],[133.011475,34.340034],[133.010101,34.341168],[133.010101,34.344003],[133.006668,34.345704],[133.004608,34.348538],[133.002548,34.348538],[133.001862,34.350239],[132.999115,34.349672],[132.999802,34.354774],[133.001862,34.355341],[133.002548,34.356475],[133.005981,34.356475],[133.009415,34.358175],[133.016281,34.359876]]],[[[133.027954,34.352507],[133.028641,34.349105],[133.027267,34.347971],[133.025894,34.347971],[133.028641,34.345137],[133.025894,34.342869],[133.019714,34.340034],[133.014908,34.341168],[133.011475,34.340034],[133.010101,34.341168],[133.010101,34.344003],[133.006668,34.345704],[133.004608,34.348538],[133.002548,34.348538],[133.001862,34.350239],[132.999115,34.349672],[133.000488,34.352507],[133.027954,34.352507]]]]}},{"type":"Feature","properties":{"layer_id":"bakumatsu_villages","name":"片島村","address":"安芸 豊田郡","source":"Geoshape 幕末期近世村領域データセット vector tiles (z7 extraction)","subarea_name":"近世村のおおよその範囲","feature_key":"village:K42G08S00031","accuracy_note":"2015年農業集落境界をもとに復元した概略範囲で、江戸時代の正確な村境ではありません"},"geometry":{"type":"Polygon","coordinates":[[[133.025208,34.392179],[133.025894,34.391612],[133.024521,34.391046],[133.024521,34.388213],[133.025208,34.388213],[133.025894,34.384813],[133.021774,34.384246],[133.016968,34.382546],[133.014221,34.383113],[133.012848,34.387646],[133.014221,34.390479],[133.017654,34.391612],[133.021774,34.390479],[133.022461,34.392179],[133.025208,34.392179]]]}},{"type":"Feature","properties":{"layer_id":"bakumatsu_villages","name":"田野浦村","address":"安芸 豊田郡","source":"Geoshape 幕末期近世村領域データセット vector tiles (z7 extraction)","subarea_name":"近世村のおおよその範囲","feature_key":"village:K42G08S00061","accuracy_note":"2015年農業集落境界をもとに復元した概略範囲で、江戸時代の正確な村境ではありません"},"geometry":{"type":"MultiPolygon","coordinates":[[[[133.047867,34.392746],[133.05336,34.389346],[133.060913,34.388779],[133.060913,34.388213],[133.056793,34.387079],[133.056793,34.383679],[133.054733,34.379146],[133.052673,34.378579],[133.050613,34.379713],[133.0513,34.381413],[133.049927,34.384246],[133.048553,34.383113],[133.043747,34.386513],[133.041,34.386513],[133.039627,34.391046],[133.041,34.391612],[133.041,34.392746],[133.047867,34.392746]]],[[[133.042374,34.387079],[133.048553,34.383113],[133.049927,34.384246],[133.0513,34.383113],[133.050613,34.379146],[133.05336,34.378579],[133.05542,34.375746],[133.054047,34.370078],[133.054733,34.36441],[133.04718,34.370645],[133.04718,34.373479],[133.04306,34.377446],[133.043747,34.381413],[133.039627,34.383113],[133.041,34.385946],[133.042374,34.387079]]],[[[133.039627,34.383113],[133.043747,34.381413],[133.04306,34.377446],[133.04718,34.373479],[133.04718,34.370645],[133.054733,34.36441],[133.05748,34.363844],[133.054047,34.357608],[133.051987,34.357608],[133.050613,34.358742],[133.04512,34.355908],[133.044434,34.358742],[133.04306,34.360443],[133.041,34.361009],[133.039627,34.36441],[133.042374,34.367244],[133.042374,34.370078],[133.041,34.374045],[133.040314,34.374045],[133.039627,34.372345],[133.039627,34.374045],[133.037567,34.375746],[133.03688,34.381979],[133.039627,34.383113]]],[[[133.067093,34.388779],[133.06572,34.383679],[133.066406,34.383113],[133.066406,34.378012],[133.06366,34.366111],[133.060226,34.365544],[133.05748,34.363844],[133.054733,34.36441],[133.054047,34.370078],[133.05542,34.375746],[133.05336,34.378579],[133.054733,34.379713],[133.056793,34.383679],[133.056793,34.387079],[133.060913,34.388213],[133.060913,34.388779],[133.067093,34.388779]]],[[[133.065033,34.374612],[133.071213,34.374045],[133.071213,34.368945],[133.067093,34.367811],[133.071899,34.363844],[133.068466,34.361576],[133.066406,34.362143],[133.065033,34.360443],[133.062286,34.36271],[133.060226,34.360443],[133.056793,34.362143],[133.05748,34.363844],[133.060226,34.365544],[133.06366,34.366111],[133.065033,34.374612]]],[[[133.062286,34.36271],[133.065033,34.360443],[133.066406,34.362143],[133.068466,34.361576],[133.068466,34.358175],[133.071899,34.354774],[133.073959,34.346838],[133.075333,34.345137],[133.076706,34.34457],[133.072586,34.343436],[133.067093,34.343436],[133.060913,34.345137],[133.056793,34.34457],[133.056107,34.354774],[133.054047,34.357608],[133.056793,34.362143],[133.060226,34.360443],[133.062286,34.36271]]],[[[133.073273,34.388779],[133.073273,34.387079],[133.073959,34.384813],[133.070526,34.383113],[133.069153,34.380846],[133.069153,34.374612],[133.065033,34.374612],[133.067093,34.388779],[133.073273,34.388779]]],[[[133.073273,34.387079],[133.080826,34.386513],[133.090439,34.383679],[133.092499,34.382546],[133.091812,34.381413],[133.092499,34.380846],[133.093185,34.381413],[133.096619,34.379713],[133.095932,34.378012],[133.092499,34.377446],[133.089066,34.380846],[133.086319,34.378579],[133.082886,34.381413],[133.078079,34.382546],[133.076706,34.376879],[133.074646,34.375746],[133.072586,34.379713],[133.072586,34.381413],[133.075333,34.384246],[133.073273,34.387079]]],[[[133.074646,34.385379],[133.075333,34.384246],[133.072586,34.381413],[133.072586,34.379713],[133.074646,34.375746],[133.071213,34.374045],[133.069153,34.374612],[133.069153,34.380846],[133.070526,34.383113],[133.074646,34.385379]]],[[[133.071899,34.352507],[133.073959,34.350239],[133.073959,34.346838],[133.075333,34.345137],[133.076019,34.345137],[133.076019,34.344003],[133.071213,34.343436],[133.067093,34.343436],[133.060913,34.345137],[133.056793,34.34457],[133.056107,34.352507],[133.071899,34.352507]]]]}},{"type":"Feature","properties":{"layer_id":"bakumatsu_villages","name":"真良村","address":"安芸 豊田郡","source":"Geoshape 幕末期近世村領域データセット vector tiles (z7 extraction)","subarea_name":"近世村のおおよその範囲","feature_key":"village:K42G08S00043","accuracy_note":"2015年農業集落境界をもとに復元した概略範囲で、江戸時代の正確な村境ではありません"},"geometry":{"type":"MultiPolygon","coordinates":[[[[132.996368,34.472599],[132.998428,34.471467],[132.997742,34.470335],[133.001175,34.469203],[133.002548,34.469769],[133.002548,34.469203],[133.005981,34.469769],[133.012161,34.466939],[133.012848,34.456748],[133.008041,34.453917],[133.006668,34.45052],[133.003235,34.448821],[133.005295,34.444291],[132.999802,34.444291],[132.998428,34.45052],[133.000488,34.452785],[132.997742,34.455049],[132.998428,34.460711],[132.996368,34.469769],[132.996368,34.472599]]],[[[132.999115,34.447122],[132.999802,34.444291],[132.999802,34.442026],[133.003235,34.435797],[132.999115,34.431266],[132.993622,34.434098],[132.990875,34.439195],[132.992249,34.443725],[132.994308,34.445424],[132.997055,34.446556],[132.998428,34.44599],[132.999115,34.447122]]],[[[132.985382,34.422204],[132.990875,34.421638],[132.990875,34.420505],[132.991562,34.419372],[132.989502,34.418806],[132.988129,34.415407],[132.983322,34.418239],[132.985382,34.422204]]],[[[132.989502,34.426169],[132.990189,34.427302],[132.988129,34.430133],[132.988815,34.432399],[132.990875,34.435231],[132.990875,34.436929],[132.992935,34.436929],[132.994308,34.433532],[132.999115,34.431266],[132.995682,34.427302],[132.993622,34.426735],[132.990875,34.425036],[132.989502,34.426169]]],[[[132.988129,34.415407],[132.989502,34.418806],[132.991562,34.419372],[132.990875,34.421638],[132.988129,34.422204],[132.987442,34.423903],[132.989502,34.426169],[132.990875,34.425036],[132.993622,34.427302],[132.995682,34.427302],[132.996368,34.425603],[132.997055,34.42447],[132.996368,34.421638],[132.996368,34.420505],[132.994308,34.420505],[132.991562,34.41654],[132.994308,34.413708],[132.990875,34.414274],[132.989502,34.413141],[132.987442,34.413708],[132.986755,34.41484],[132.988129,34.415407]]],[[[133.005295,34.444291],[133.004608,34.44146],[133.010101,34.437496],[133.014908,34.435797],[133.013535,34.434098],[133.013535,34.431833],[133.010788,34.432399],[133.008041,34.429567],[133.005295,34.432965],[133.003235,34.433532],[133.003235,34.435231],[133.002548,34.436363],[133.002548,34.436929],[132.999115,34.443159],[132.999802,34.444291],[133.005295,34.444291]]],[[[133.003235,34.435797],[133.003235,34.433532],[133.005295,34.432965],[133.008041,34.429567],[133.008041,34.423337],[133.002548,34.423903],[133.001862,34.425603],[132.999802,34.426169],[132.996368,34.425603],[132.995682,34.427302],[132.997055,34.429567],[133.002548,34.434098],[133.001862,34.434664],[133.003235,34.435797]]]]}},{"type":"Feature","properties":{"layer_id":"bakumatsu_villages","name":"篝村","address":"備後 御調郡","source":"Geoshape 幕末期近世村領域データセット vector tiles (z7 extraction)","subarea_name":"近世村のおおよその範囲","feature_key":"village:K40G01S00092","accuracy_note":"2015年農業集落境界をもとに復元した概略範囲で、江戸時代の正確な村境ではありません"},"geometry":{"type":"Polygon","coordinates":[[[133.070526,34.494673],[133.072586,34.491278],[133.072586,34.487882],[133.074646,34.48675],[133.075333,34.48675],[133.072586,34.482788],[133.06572,34.480524],[133.056793,34.479958],[133.056793,34.481656],[133.05336,34.483354],[133.05336,34.485618],[133.05542,34.487882],[133.056107,34.492975],[133.060226,34.491278],[133.064346,34.494673],[133.070526,34.494673]]]}},{"type":"Feature","properties":{"layer_id":"bakumatsu_villages","name":"篠村","address":"備後 世羅郡","source":"Geoshape 幕末期近世村領域データセット vector tiles (z7 extraction)","subarea_name":"近世村のおおよその範囲","feature_key":"village:K40G03S00017","accuracy_note":"2015年農業集落境界をもとに復元した概略範囲で、江戸時代の正確な村境ではありません"},"geometry":{"type":"MultiPolygon","coordinates":[[[[132.911224,34.594215],[132.913971,34.590259],[132.917404,34.591389],[132.924271,34.590824],[132.922897,34.588563],[132.924271,34.586867],[132.922211,34.58404],[132.922211,34.578387],[132.912598,34.574995],[132.905731,34.577822],[132.904358,34.581214],[132.900925,34.581779],[132.902298,34.58291],[132.901611,34.588563],[132.907104,34.589128],[132.907791,34.590259],[132.906418,34.59252],[132.909164,34.59365],[132.911224,34.594215]]],[[[132.929077,34.586302],[132.93457,34.585736],[132.933884,34.58404],[132.93457,34.582344],[132.933884,34.578387],[132.93457,34.57556],[132.929764,34.568776],[132.933197,34.565948],[132.93251,34.564252],[132.929077,34.564252],[132.926331,34.564818],[132.924271,34.564252],[132.918777,34.564818],[132.917404,34.568776],[132.911911,34.569906],[132.910538,34.570472],[132.913284,34.572168],[132.912598,34.574995],[132.922211,34.578387],[132.922897,34.584606],[132.924271,34.58404],[132.924271,34.585171],[132.929077,34.586302]]]]}},{"type":"Feature","properties":{"layer_id":"bakumatsu_villages","name":"納所村","address":"安芸 豊田郡","source":"Geoshape 幕末期近世村領域データセット vector tiles (z7 extraction)","subarea_name":"近世村のおおよその範囲","feature_key":"village:K42G08S00045","accuracy_note":"2015年農業集落境界をもとに復元した概略範囲で、江戸時代の正確な村境ではありません"},"geometry":{"type":"MultiPolygon","coordinates":[[[[133.009415,34.405777],[133.008728,34.40521],[133.008041,34.401244],[133.010101,34.398978],[133.010788,34.395579],[133.010101,34.393879],[133.005981,34.391612],[133.003922,34.394445],[133.005295,34.396712],[133.003235,34.398978],[133.003922,34.401244],[133.001862,34.404077],[133.006668,34.405777],[133.009415,34.405777]]],[[[133.010788,34.40521],[133.013535,34.404077],[133.014908,34.402377],[133.012848,34.401244],[133.013535,34.398978],[133.009415,34.398978],[133.008041,34.401244],[133.008728,34.40521],[133.010788,34.40521]]],[[[133.001862,34.404077],[133.003922,34.401244],[133.003235,34.398978],[133.005295,34.396712],[133.003922,34.394445],[133.005981,34.391612],[132.998428,34.389346],[132.997055,34.390479],[132.996368,34.393879],[132.997742,34.396712],[132.995682,34.401811],[133.001862,34.404077]]],[[[133.014908,34.402377],[133.019714,34.398978],[133.020401,34.397278],[133.019028,34.396712],[133.019028,34.395012],[133.016281,34.394445],[133.015594,34.391612],[133.012848,34.394445],[133.010101,34.393879],[133.010788,34.395579],[133.010101,34.398978],[133.013535,34.398978],[133.012848,34.401244],[133.014908,34.402377]]]]}},{"type":"Feature","properties":{"layer_id":"bakumatsu_villages","name":"美生村","address":"備後 御調郡","source":"Geoshape 幕末期近世村領域データセット vector tiles (z7 extraction)","subarea_name":"近世村のおおよその範囲","feature_key":"village:K40G01S00084","accuracy_note":"2015年農業集落境界をもとに復元した概略範囲で、江戸時代の正確な村境ではありません"},"geometry":{"type":"MultiPolygon","coordinates":[[[[133.089752,34.485618],[133.093185,34.48392],[133.098679,34.48392],[133.101425,34.480524],[133.102112,34.477128],[133.104172,34.477128],[133.102798,34.474864],[133.105545,34.468071],[133.099365,34.459579],[133.097992,34.460711],[133.095932,34.459579],[133.095932,34.462976],[133.093185,34.465806],[133.093872,34.466939],[133.091812,34.468071],[133.089752,34.47826],[133.091812,34.479392],[133.089752,34.481656],[133.089752,34.485618]]],[[[133.102798,34.485052],[133.104172,34.482222],[133.105545,34.481656],[133.106918,34.482788],[133.110352,34.480524],[133.107605,34.476562],[133.108978,34.470901],[133.106918,34.46524],[133.104858,34.46524],[133.102798,34.46241],[133.101425,34.46241],[133.105545,34.468071],[133.102798,34.474864],[133.104172,34.477128],[133.102112,34.477128],[133.101425,34.480524],[133.098679,34.48392],[133.102112,34.482788],[133.102798,34.485052]]]]}},{"type":"Feature","properties":{"layer_id":"bakumatsu_villages","name":"羽倉村","address":"備後 御調郡","source":"Geoshape 幕末期近世村領域データセット vector tiles (z7 extraction)","subarea_name":"近世村のおおよその範囲","feature_key":"village:K40G01S00098","accuracy_note":"2015年農業集落境界をもとに復元した概略範囲で、江戸時代の正確な村境ではありません"},"geometry":{"type":"MultiPolygon","coordinates":[[[[133.002548,34.526359],[133.003922,34.525227],[133.007355,34.525227],[133.005981,34.521267],[133.006668,34.520136],[133.001862,34.519004],[133.001862,34.516175],[132.999115,34.507122],[132.997055,34.507122],[132.996368,34.508254],[132.994995,34.507122],[132.995682,34.50882],[132.992249,34.509386],[132.990875,34.512215],[132.987442,34.513912],[132.987442,34.517307],[132.989502,34.51957],[132.991562,34.51957],[132.992935,34.520701],[132.991562,34.521267],[132.990875,34.522964],[132.994308,34.522964],[132.995682,34.524661],[132.996368,34.52353],[132.994995,34.522964],[132.997742,34.521833],[133.001175,34.52353],[133.002548,34.526359]]],[[[133.005295,34.51957],[133.005295,34.514478],[133.003922,34.515044],[133.004608,34.510517],[133.006668,34.509952],[133.009415,34.505425],[133.011475,34.498635],[133.006668,34.497503],[133.003235,34.501464],[133.001862,34.501464],[133.001862,34.503162],[132.999115,34.503162],[132.994995,34.507122],[132.996368,34.508254],[132.997055,34.507122],[132.999115,34.507122],[133.001862,34.516175],[133.001862,34.519004],[133.005295,34.51957]]],[[[133.006668,34.520136],[133.010101,34.511083],[133.009415,34.50882],[133.012848,34.503727],[133.014908,34.502596],[133.011475,34.498635],[133.009415,34.505425],[133.006668,34.509952],[133.004608,34.510517],[133.003922,34.515044],[133.005295,34.514478],[133.005295,34.51957],[133.006668,34.520136]]],[[[133.008728,34.529753],[133.010788,34.526359],[133.009415,34.525793],[133.010101,34.520701],[133.012848,34.517873],[133.014221,34.518438],[133.017654,34.516175],[133.016968,34.511083],[133.021088,34.508254],[133.020401,34.506557],[133.023148,34.505991],[133.022461,34.503162],[133.016968,34.503162],[133.016281,34.502596],[133.012848,34.503727],[133.009415,34.50882],[133.009415,34.513346],[133.006668,34.519004],[133.005981,34.521267],[133.007355,34.525227],[133.008728,34.529753]]],[[[133.022461,34.503162],[133.019714,34.48675],[133.015594,34.490146],[133.011475,34.491844],[133.008041,34.495239],[133.006668,34.497503],[133.011475,34.498635],[133.014908,34.502596],[133.022461,34.503162]]]]}},{"type":"Feature","properties":{"layer_id":"bakumatsu_villages","name":"能地村","address":"安芸 豊田郡","source":"Geoshape 幕末期近世村領域データセット vector tiles (z7 extraction)","subarea_name":"近世村のおおよその範囲","feature_key":"village:K42G08S00055","accuracy_note":"2015年農業集落境界をもとに復元した概略範囲で、江戸時代の正確な村境ではありません"},"geometry":{"type":"MultiPolygon","coordinates":[[[[133.013535,34.341168],[133.019028,34.340034],[133.020401,34.340601],[133.020401,34.339467],[133.022461,34.338333],[133.023148,34.337199],[133.025208,34.336632],[133.025894,34.331529],[133.020401,34.331529],[133.014908,34.328694],[133.010101,34.329261],[133.008728,34.330962],[133.008041,34.333797],[133.008728,34.3389],[133.011475,34.340034],[133.013535,34.341168]]],[[[133.036194,34.359876],[133.034821,34.349672],[133.033447,34.349672],[133.034134,34.349105],[133.030701,34.347971],[133.027954,34.347971],[133.029327,34.350806],[133.027267,34.35364],[133.019714,34.357042],[133.019028,34.358742],[133.023148,34.359876],[133.027954,34.358742],[133.029327,34.359876],[133.036194,34.359876]]],[[[133.042374,34.361009],[133.045807,34.355908],[133.048553,34.353074],[133.046494,34.352507],[133.046494,34.350806],[133.04512,34.349672],[133.04306,34.349105],[133.043747,34.347971],[133.041,34.345137],[133.037567,34.347971],[133.035507,34.348538],[133.036194,34.359876],[133.038254,34.358175],[133.041,34.361009],[133.042374,34.361009]]],[[[133.034821,34.349672],[133.035507,34.348538],[133.037567,34.347971],[133.041687,34.345137],[133.041687,34.343436],[133.038254,34.340601],[133.034821,34.341735],[133.028641,34.341168],[133.024521,34.342302],[133.028641,34.345137],[133.025894,34.347971],[133.030701,34.347971],[133.034134,34.349105],[133.033447,34.349672],[133.034821,34.349672]]],[[[133.050613,34.358742],[133.051987,34.357608],[133.054047,34.357608],[133.056107,34.354774],[133.056793,34.349105],[133.041687,34.344003],[133.041,34.345137],[133.043747,34.347971],[133.04306,34.349105],[133.04512,34.349672],[133.046494,34.350806],[133.046494,34.352507],[133.048553,34.353074],[133.045807,34.355908],[133.050613,34.358742]]],[[[133.024521,34.342302],[133.028641,34.341168],[133.028641,34.339467],[133.033447,34.338333],[133.034134,34.337199],[133.032761,34.336065],[133.034134,34.334364],[133.025894,34.331529],[133.025208,34.336632],[133.020401,34.339467],[133.021088,34.341735],[133.024521,34.342302]]],[[[133.04718,34.337199],[133.047867,34.336632],[133.043747,34.337766],[133.04306,34.337199],[133.04512,34.334364],[133.039627,34.331529],[133.04306,34.334364],[133.03894,34.332663],[133.038254,34.334931],[133.03688,34.336065],[133.03688,34.335498],[133.035507,34.335498],[133.035507,34.333797],[133.034821,34.33323],[133.032074,34.33323],[133.034134,34.334364],[133.032761,34.336065],[133.034134,34.337199],[133.033447,34.338333],[133.027954,34.340034],[133.028641,34.341168],[133.034821,34.341735],[133.038254,34.340601],[133.041687,34.343436],[133.043747,34.339467],[133.04718,34.337766],[133.04718,34.337199]]],[[[133.051987,34.340601],[133.050613,34.3389],[133.04924,34.3389],[133.047867,34.337199],[133.043747,34.3389],[133.041687,34.342869],[133.041687,34.344003],[133.056793,34.349105],[133.056793,34.34457],[133.051987,34.342869],[133.052673,34.342302],[133.0513,34.341735],[133.050613,34.341735],[133.04924,34.341168],[133.051987,34.340601]]],[[[133.013535,34.341168],[133.019028,34.340034],[133.020401,34.340601],[133.020401,34.339467],[133.022461,34.338333],[133.023148,34.337199],[133.025208,34.336632],[133.025894,34.331529],[133.020401,34.331529],[133.014908,34.328694],[133.010101,34.329261],[133.008728,34.330962],[133.008041,34.333797],[133.008728,34.3389],[133.011475,34.340034],[133.013535,34.341168]]],[[[133.034821,34.352507],[133.035507,34.351373],[133.034821,34.349672],[133.033447,34.349672],[133.034134,34.349105],[133.030701,34.347971],[133.027954,34.347971],[133.029327,34.350806],[133.027954,34.352507],[133.034821,34.352507]]],[[[133.047867,34.352507],[133.045807,34.35194],[133.046494,34.350806],[133.04306,34.349105],[133.043747,34.347971],[133.041,34.345137],[133.037567,34.347971],[133.035507,34.348538],[133.034821,34.352507],[133.047867,34.352507]]],[[[133.034821,34.349672],[133.035507,34.348538],[133.037567,34.347971],[133.041687,34.345137],[133.041687,34.343436],[133.038254,34.340601],[133.034821,34.341735],[133.028641,34.341168],[133.024521,34.342302],[133.028641,34.345137],[133.025894,34.347971],[133.030701,34.347971],[133.034134,34.349105],[133.033447,34.349672],[133.034821,34.349672]]],[[[133.056107,34.352507],[133.056793,34.349105],[133.041687,34.344003],[133.041,34.345137],[133.043747,34.347971],[133.04306,34.349105],[133.046494,34.350806],[133.046494,34.352507],[133.056107,34.352507]]],[[[133.024521,34.342302],[133.028641,34.341168],[133.028641,34.339467],[133.033447,34.338333],[133.034134,34.337199],[133.032761,34.336065],[133.034134,34.334364],[133.025894,34.331529],[133.025208,34.336632],[133.020401,34.339467],[133.021088,34.341735],[133.024521,34.342302]]],[[[133.04718,34.337199],[133.047867,34.336632],[133.043747,34.337766],[133.04306,34.337199],[133.04512,34.334364],[133.039627,34.331529],[133.04306,34.334364],[133.03894,34.332663],[133.038254,34.334931],[133.03688,34.336065],[133.03688,34.335498],[133.035507,34.335498],[133.035507,34.333797],[133.034821,34.33323],[133.032074,34.33323],[133.034134,34.334364],[133.032761,34.336065],[133.034134,34.337199],[133.033447,34.338333],[133.027954,34.340034],[133.028641,34.341168],[133.034821,34.341735],[133.038254,34.340601],[133.041687,34.343436],[133.043747,34.339467],[133.04718,34.337766],[133.04718,34.337199]]],[[[133.051987,34.340601],[133.050613,34.3389],[133.04924,34.3389],[133.047867,34.337199],[133.043747,34.3389],[133.041687,34.342869],[133.041687,34.344003],[133.056793,34.349105],[133.056793,34.34457],[133.051987,34.342869],[133.052673,34.342302],[133.0513,34.341735],[133.050613,34.341735],[133.04924,34.341168],[133.051987,34.340601]]]]}},{"type":"Feature","properties":{"layer_id":"bakumatsu_villages","name":"船木村","address":"安芸 豊田郡","source":"Geoshape 幕末期近世村領域データセット vector tiles (z7 extraction)","subarea_name":"近世村のおおよその範囲","feature_key":"village:K42G08S00042","accuracy_note":"2015年農業集落境界をもとに復元した概略範囲で、江戸時代の正確な村境ではありません"},"geometry":{"type":"MultiPolygon","coordinates":[[[[132.920151,34.472599],[132.927704,34.471467],[132.929764,34.470901],[132.933197,34.46524],[132.935944,34.464674],[132.937317,34.462976],[132.93869,34.462976],[132.93869,34.460145],[132.94075,34.459579],[132.941437,34.458447],[132.93663,34.454483],[132.938004,34.452785],[132.937317,34.451652],[132.931824,34.451086],[132.93045,34.453917],[132.927017,34.455616],[132.921524,34.456182],[132.918091,34.457314],[132.919464,34.459013],[132.916718,34.460711],[132.920837,34.467505],[132.918777,34.469769],[132.920151,34.472599]]],[[[132.95517,34.468071],[132.958603,34.464674],[132.962723,34.456182],[132.969589,34.451652],[132.973709,34.44599],[132.975769,34.438062],[132.974396,34.437496],[132.970963,34.439761],[132.967529,34.44146],[132.962036,34.442026],[132.953796,34.44599],[132.951736,34.452785],[132.953796,34.455049],[132.953796,34.456748],[132.951736,34.458447],[132.947617,34.456748],[132.94487,34.460145],[132.947617,34.466939],[132.949677,34.467505],[132.954483,34.466372],[132.95517,34.468071]]],[[[132.955856,34.470901],[132.95929,34.466939],[132.961349,34.466372],[132.962036,34.467505],[132.964096,34.467505],[132.965469,34.46524],[132.968216,34.46524],[132.974396,34.453917],[132.978516,34.449387],[132.978516,34.448255],[132.980576,34.446556],[132.985382,34.446556],[132.986755,34.44599],[132.983322,34.444291],[132.981949,34.444857],[132.981949,34.442026],[132.979202,34.439761],[132.975769,34.439195],[132.973709,34.44599],[132.969589,34.451652],[132.962723,34.456182],[132.958603,34.464674],[132.95517,34.468071],[132.955856,34.470901]]],[[[132.992935,34.482788],[132.994995,34.48109],[132.997055,34.476562],[132.996368,34.474298],[132.992935,34.469769],[132.992935,34.467505],[132.987442,34.46524],[132.984009,34.46241],[132.981949,34.466372],[132.977829,34.468071],[132.972336,34.474864],[132.977829,34.476562],[132.979202,34.474864],[132.983322,34.477694],[132.988815,34.475996],[132.989502,34.476562],[132.988129,34.478826],[132.992249,34.480524],[132.992935,34.482788]]],[[[132.965469,34.47543],[132.969589,34.473732],[132.972336,34.474864],[132.977829,34.468071],[132.981949,34.466372],[132.984695,34.46241],[132.987442,34.46524],[132.992935,34.467505],[132.992935,34.469769],[132.996368,34.474298],[132.996368,34.469769],[132.998428,34.460711],[132.997742,34.455049],[133.000488,34.452785],[132.998428,34.45052],[132.999115,34.447122],[132.998428,34.44599],[132.997055,34.446556],[132.994308,34.445424],[132.991562,34.443725],[132.985382,34.446556],[132.979889,34.447122],[132.974396,34.453917],[132.969589,34.463542],[132.968216,34.46524],[132.965469,34.46524],[132.964096,34.467505],[132.966843,34.470335],[132.965469,34.473732],[132.965469,34.47543]]],[[[132.951736,34.458447],[132.953796,34.456748],[132.953796,34.455049],[132.951736,34.452785],[132.953796,34.44599],[132.94899,34.443725],[132.94899,34.440894],[132.945557,34.442592],[132.94487,34.447122],[132.940063,34.451086],[132.937317,34.451652],[132.938004,34.452785],[132.93663,34.454483],[132.941437,34.458447],[132.942123,34.456748],[132.947617,34.456748],[132.951736,34.458447]]],[[[132.953796,34.44599],[132.95723,34.445424],[132.960663,34.442592],[132.961349,34.437496],[132.95929,34.439761],[132.949677,34.440894],[132.94899,34.443725],[132.953796,34.44599]]],[[[132.949677,34.440894],[132.95929,34.439761],[132.961349,34.437496],[132.962723,34.432399],[132.960663,34.431266],[132.95929,34.433532],[132.95723,34.432965],[132.948303,34.434664],[132.948303,34.438062],[132.949677,34.440894]]],[[[132.952423,34.434098],[132.95723,34.432965],[132.95929,34.433532],[132.960663,34.431266],[132.962723,34.432399],[132.957916,34.426169],[132.958603,34.422204],[132.951736,34.421071],[132.949677,34.423337],[132.946243,34.421071],[132.945557,34.421638],[132.949677,34.427302],[132.949677,34.429567],[132.946243,34.433532],[132.947617,34.434098],[132.952423,34.434098]]],[[[132.960663,34.442592],[132.966156,34.44146],[132.965469,34.440327],[132.968216,34.437496],[132.966843,34.434098],[132.962723,34.432399],[132.961349,34.436929],[132.960663,34.442592]]],[[[132.966156,34.44146],[132.972336,34.439195],[132.972336,34.437496],[132.970963,34.435797],[132.970963,34.434098],[132.973022,34.432399],[132.975769,34.431266],[132.975769,34.427302],[132.966843,34.434664],[132.968216,34.437496],[132.965469,34.440327],[132.966156,34.44146]]],[[[132.972336,34.439195],[132.974396,34.437496],[132.976456,34.437496],[132.978516,34.431266],[132.973022,34.432399],[132.971649,34.433532],[132.970963,34.435797],[132.972336,34.437496],[132.972336,34.439195]]],[[[132.966843,34.434098],[132.970963,34.431266],[132.968903,34.431833],[132.967529,34.429001],[132.962723,34.432399],[132.966843,34.434098]]],[[[132.962723,34.431833],[132.978516,34.423337],[132.975769,34.419938],[132.968216,34.421071],[132.967529,34.422204],[132.964783,34.421638],[132.964783,34.423337],[132.958603,34.423337],[132.957916,34.426169],[132.962723,34.431833]]],[[[132.968903,34.431833],[132.970963,34.431266],[132.975769,34.427302],[132.976456,34.425603],[132.979202,34.423903],[132.978516,34.423337],[132.967529,34.429001],[132.968903,34.431833]]],[[[132.986755,34.44599],[132.992249,34.443725],[132.990875,34.439195],[132.992935,34.436929],[132.988129,34.436363],[132.977829,34.432399],[132.976456,34.437496],[132.974396,34.437496],[132.975769,34.438062],[132.975769,34.439195],[132.979202,34.439761],[132.981949,34.442026],[132.981949,34.444857],[132.983322,34.444291],[132.986755,34.44599]]],[[[132.984009,34.431833],[132.986755,34.431266],[132.988815,34.431266],[132.988815,34.430133],[132.984009,34.426735],[132.983322,34.425036],[132.979202,34.421638],[132.978516,34.423337],[132.979202,34.423903],[132.975769,34.426169],[132.975769,34.431266],[132.979202,34.430133],[132.984009,34.431833]]],[[[132.990875,34.436929],[132.990875,34.435231],[132.988815,34.433532],[132.988815,34.431266],[132.984009,34.431833],[132.979202,34.430133],[132.977829,34.432399],[132.990875,34.436929]]],[[[132.988815,34.430133],[132.990189,34.427302],[132.987442,34.423903],[132.988129,34.422204],[132.985382,34.422204],[132.983322,34.419938],[132.979202,34.421071],[132.983322,34.425036],[132.984009,34.426735],[132.988815,34.430133]]]]}},{"type":"Feature","properties":{"layer_id":"bakumatsu_villages","name":"荻路村","address":"安芸 豊田郡","source":"Geoshape 幕末期近世村領域データセット vector tiles (z7 extraction)","subarea_name":"近世村のおおよその範囲","feature_key":"village:K42G08S00040","accuracy_note":"2015年農業集落境界をもとに復元した概略範囲で、江戸時代の正確な村境ではありません"},"geometry":{"type":"MultiPolygon","coordinates":[[[[133.023148,34.408043],[133.023834,34.404644],[133.023834,34.402944],[133.021774,34.401811],[133.021774,34.400111],[133.014908,34.40521],[133.015594,34.406343],[133.017654,34.405777],[133.021774,34.408043],[133.023148,34.408043]]],[[[133.014908,34.40521],[133.021774,34.400111],[133.021774,34.401811],[133.022461,34.401811],[133.023834,34.403511],[133.025208,34.404077],[133.027954,34.402944],[133.023834,34.397845],[133.017654,34.400111],[133.013535,34.404077],[133.014908,34.40521]]],[[[133.025208,34.418806],[133.031387,34.417673],[133.037567,34.410309],[133.036194,34.408043],[133.035507,34.410309],[133.033447,34.410875],[133.027954,34.405777],[133.026581,34.405777],[133.027954,34.402944],[133.025208,34.404077],[133.023148,34.403511],[133.023148,34.408043],[133.021774,34.408043],[133.023148,34.412008],[133.023148,34.418239],[133.025208,34.418806]]],[[[133.033447,34.410875],[133.035507,34.410309],[133.036194,34.408043],[133.037567,34.40691],[133.038254,34.402377],[133.036194,34.403511],[133.027954,34.404644],[133.026581,34.405777],[133.027954,34.405777],[133.033447,34.410875]]],[[[133.034134,34.401244],[133.027267,34.403511],[133.026581,34.405777],[133.027954,34.404644],[133.036194,34.403511],[133.035507,34.401811],[133.034134,34.401244]]],[[[133.027954,34.402944],[133.028641,34.400111],[133.030701,34.398412],[133.027954,34.397845],[133.030701,34.396145],[133.023834,34.397845],[133.027954,34.402944]]],[[[133.030701,34.396712],[133.030701,34.396145],[133.028641,34.396145],[133.030701,34.396712]]],[[[133.030701,34.398412],[133.028641,34.400111],[133.027954,34.402944],[133.030014,34.401811],[133.030701,34.398412]]],[[[133.030701,34.398412],[133.031387,34.397278],[133.031387,34.396712],[133.030701,34.396712],[133.027954,34.397845],[133.030701,34.398412]]],[[[133.036194,34.403511],[133.038254,34.402377],[133.03894,34.400111],[133.037567,34.397278],[133.034821,34.396145],[133.034821,34.394445],[133.030014,34.396145],[133.031387,34.397278],[133.030014,34.401811],[133.034821,34.400678],[133.036194,34.403511]]]]}},{"type":"Feature","properties":{"layer_id":"bakumatsu_villages","name":"莇原村","address":"備後 御調郡","source":"Geoshape 幕末期近世村領域データセット vector tiles (z7 extraction)","subarea_name":"近世村のおおよその範囲","feature_key":"village:K40G01S00090","accuracy_note":"2015年農業集落境界をもとに復元した概略範囲で、江戸時代の正確な村境ではありません"},"geometry":{"type":"MultiPolygon","coordinates":[[[[133.036194,34.56199],[133.039627,34.554073],[133.042374,34.551246],[133.041687,34.548418],[133.039627,34.546156],[133.034134,34.547853],[133.032761,34.551811],[133.027267,34.551811],[133.026581,34.552942],[133.027954,34.552942],[133.027267,34.554073],[133.030014,34.554639],[133.032074,34.556901],[133.032074,34.560294],[133.034821,34.560294],[133.036194,34.56199]]],[[[133.041,34.564818],[133.04512,34.562556],[133.045807,34.561425],[133.049927,34.56199],[133.054047,34.559728],[133.056107,34.559728],[133.060226,34.555204],[133.060913,34.554639],[133.062973,34.555204],[133.065033,34.552942],[133.05748,34.546721],[133.05748,34.543328],[133.05542,34.545025],[133.051987,34.544459],[133.041687,34.548418],[133.042374,34.551246],[133.039627,34.554073],[133.036194,34.56199],[133.037567,34.564818],[133.040314,34.563687],[133.041,34.564818]]]]}},{"type":"Feature","properties":{"layer_id":"bakumatsu_villages","name":"萩原本郷村","address":"備後 世羅郡","source":"Geoshape 幕末期近世村領域データセット vector tiles (z7 extraction)","subarea_name":"近世村のおおよその範囲","feature_key":"village:K40G03S00047","accuracy_note":"2015年農業集落境界をもとに復元した概略範囲で、江戸時代の正確な村境ではありません"},"geometry":{"type":"MultiPolygon","coordinates":[[[[132.93457,34.584606],[132.940063,34.58291],[132.94075,34.580648],[132.940063,34.580083],[132.94281,34.573299],[132.941437,34.571603],[132.945557,34.563687],[132.944183,34.563687],[132.94487,34.560294],[132.94075,34.560859],[132.93869,34.564252],[132.93457,34.564252],[132.929764,34.568776],[132.93457,34.57556],[132.933884,34.578387],[132.93457,34.582344],[132.933884,34.58404],[132.93457,34.584606]]],[[[132.94075,34.580648],[132.945557,34.578952],[132.948303,34.580083],[132.95105,34.579518],[132.953796,34.577822],[132.956543,34.576691],[132.953796,34.572733],[132.953796,34.571037],[132.94899,34.569341],[132.948303,34.56821],[132.949677,34.565948],[132.951736,34.565383],[132.95105,34.562556],[132.949677,34.562556],[132.949677,34.560294],[132.94487,34.560294],[132.944183,34.563687],[132.945557,34.563687],[132.941437,34.571603],[132.94281,34.573299],[132.940063,34.580083],[132.94075,34.580648]]],[[[132.958603,34.576691],[132.95929,34.574995],[132.959976,34.56821],[132.962036,34.56821],[132.960663,34.567079],[132.961349,34.565948],[132.956543,34.558597],[132.956543,34.560294],[132.954483,34.56199],[132.949677,34.560294],[132.949677,34.562556],[132.95105,34.562556],[132.951736,34.565383],[132.949677,34.565948],[132.948303,34.56821],[132.94899,34.569341],[132.953796,34.571037],[132.953796,34.572733],[132.956543,34.576691],[132.958603,34.576691]]],[[[132.933197,34.565383],[132.935257,34.564252],[132.939377,34.563687],[132.94075,34.560859],[132.949677,34.560294],[132.948303,34.558032],[132.946243,34.557466],[132.94487,34.553508],[132.94281,34.553508],[132.941437,34.555204],[132.93869,34.554639],[132.933197,34.556901],[132.925644,34.557466],[132.926331,34.564818],[132.929077,34.564252],[132.933197,34.565383]]],[[[132.954483,34.56199],[132.956543,34.560294],[132.956543,34.558597],[132.957916,34.558597],[132.957916,34.554073],[132.951736,34.552377],[132.945557,34.552942],[132.94487,34.554639],[132.946243,34.557466],[132.948303,34.558032],[132.949677,34.560294],[132.954483,34.56199]]]]}},{"type":"Feature","properties":{"layer_id":"bakumatsu_villages","name":"萩原福田村","address":"備後 世羅郡","source":"Geoshape 幕末期近世村領域データセット vector tiles (z7 extraction)","subarea_name":"近世村のおおよその範囲","feature_key":"village:K40G03S00046","accuracy_note":"2015年農業集落境界をもとに復元した概略範囲で、江戸時代の正確な村境ではありません"},"geometry":{"type":"MultiPolygon","coordinates":[[[[132.970963,34.570472],[132.973022,34.56821],[132.967529,34.565383],[132.961349,34.559163],[132.960663,34.557466],[132.962036,34.554639],[132.959976,34.551811],[132.957916,34.554073],[132.957916,34.558597],[132.956543,34.558597],[132.961349,34.565948],[132.960663,34.567079],[132.962036,34.56821],[132.964096,34.569341],[132.970963,34.570472]]],[[[132.973022,34.56821],[132.972336,34.566514],[132.976456,34.564252],[132.977142,34.56199],[132.978516,34.561425],[132.980576,34.562556],[132.981262,34.560294],[132.982635,34.560859],[132.983322,34.559728],[132.984009,34.558032],[132.979202,34.557466],[132.976456,34.551811],[132.974396,34.552377],[132.959976,34.551811],[132.962036,34.554639],[132.960663,34.557466],[132.961349,34.559163],[132.967529,34.565383],[132.973022,34.56821]]]]}},{"type":"Feature","properties":{"layer_id":"bakumatsu_villages","name":"蔵宗村","address":"備後 世羅郡","source":"Geoshape 幕末期近世村領域データセット vector tiles (z7 extraction)","subarea_name":"近世村のおおよその範囲","feature_key":"village:K40G03S00018","accuracy_note":"2015年農業集落境界をもとに復元した概略範囲で、江戸時代の正確な村境ではありません"},"geometry":{"type":"MultiPolygon","coordinates":[[[[132.891312,34.580083],[132.895432,34.576691],[132.898178,34.567645],[132.901611,34.565383],[132.901611,34.564818],[132.898865,34.559728],[132.898865,34.556335],[132.895432,34.552377],[132.892685,34.555204],[132.885132,34.558597],[132.880325,34.565383],[132.878265,34.576126],[132.879639,34.576691],[132.883072,34.576691],[132.885818,34.57556],[132.886505,34.573864],[132.889938,34.576691],[132.889938,34.578952],[132.891312,34.580083]]],[[[132.898178,34.573299],[132.900238,34.572733],[132.905731,34.56821],[132.905731,34.566514],[132.906418,34.565383],[132.905045,34.564252],[132.905045,34.562556],[132.906418,34.561425],[132.907791,34.554073],[132.909164,34.554073],[132.909851,34.551811],[132.906418,34.552377],[132.903671,34.55068],[132.895432,34.552377],[132.898865,34.556335],[132.901611,34.565383],[132.898178,34.567645],[132.896805,34.572733],[132.898178,34.573299]]],[[[132.895432,34.583475],[132.896118,34.581779],[132.898178,34.581214],[132.904358,34.581214],[132.905731,34.577822],[132.912598,34.574995],[132.913284,34.572168],[132.911224,34.569906],[132.917404,34.568776],[132.918777,34.564818],[132.925644,34.564252],[132.925644,34.557466],[132.907791,34.554073],[132.906418,34.561425],[132.905045,34.562556],[132.905045,34.564252],[132.906418,34.565383],[132.905731,34.566514],[132.905731,34.56821],[132.900238,34.572733],[132.896805,34.572733],[132.895432,34.576691],[132.891312,34.580083],[132.895432,34.583475]]]]}},{"type":"Feature","properties":{"layer_id":"bakumatsu_villages","name":"西野村","address":"備後 御調郡","source":"Geoshape 幕末期近世村領域データセット vector tiles (z7 extraction)","subarea_name":"近世村のおおよその範囲","feature_key":"village:K40G01S00032","accuracy_note":"2015年農業集落境界をもとに復元した概略範囲で、江戸時代の正確な村境ではありません"},"geometry":{"type":"MultiPolygon","coordinates":[[[[133.05748,34.440327],[133.056793,34.433532],[133.058853,34.431833],[133.05748,34.427302],[133.058167,34.425036],[133.054733,34.422204],[133.05336,34.415407],[133.05542,34.410875],[133.05954,34.408609],[133.05954,34.40521],[133.06366,34.403511],[133.062973,34.401811],[133.060913,34.400678],[133.058853,34.401244],[133.058853,34.402377],[133.05542,34.403511],[133.0513,34.402944],[133.045807,34.406343],[133.045807,34.410309],[133.04718,34.412575],[133.046494,34.415973],[133.047867,34.418239],[133.048553,34.421071],[133.0513,34.423903],[133.051987,34.426169],[133.049927,34.427868],[133.05336,34.431266],[133.05542,34.437496],[133.05748,34.440327]]],[[[133.064346,34.449954],[133.071213,34.447122],[133.072586,34.436929],[133.071899,34.435231],[133.06778,34.436929],[133.066406,34.434098],[133.066406,34.430133],[133.065033,34.426735],[133.066406,34.425603],[133.067093,34.423903],[133.064346,34.418239],[133.065033,34.409176],[133.062286,34.406343],[133.062973,34.403511],[133.05954,34.40521],[133.05954,34.408609],[133.05542,34.410875],[133.05336,34.415407],[133.054733,34.422204],[133.058167,34.425036],[133.05748,34.427302],[133.058853,34.431833],[133.056793,34.433532],[133.05748,34.440327],[133.060226,34.442592],[133.060226,34.445424],[133.062286,34.44599],[133.0616,34.447122],[133.062973,34.449387],[133.064346,34.449954]]],[[[133.05542,34.403511],[133.058853,34.402377],[133.058853,34.401244],[133.060913,34.400678],[133.05748,34.397845],[133.054733,34.396712],[133.0513,34.402944],[133.05542,34.403511]]],[[[133.05748,34.397845],[133.05748,34.396145],[133.056793,34.393879],[133.054733,34.396712],[133.05748,34.397845]]],[[[133.06778,34.436929],[133.071899,34.435231],[133.071213,34.4307],[133.068466,34.425603],[133.072586,34.417106],[133.072586,34.412008],[133.074646,34.410875],[133.075333,34.407476],[133.072586,34.405777],[133.071213,34.407476],[133.06778,34.405777],[133.065033,34.405777],[133.06366,34.40691],[133.065033,34.409176],[133.064346,34.418239],[133.067093,34.423903],[133.066406,34.425603],[133.065033,34.426735],[133.06778,34.436929]]],[[[133.075333,34.408609],[133.074646,34.410875],[133.072586,34.412008],[133.072586,34.417106],[133.068466,34.426735],[133.071213,34.4307],[133.071213,34.433532],[133.072586,34.436929],[133.071213,34.447122],[133.076019,34.448255],[133.079453,34.447689],[133.080139,34.445424],[133.081512,34.443725],[133.080826,34.437496],[133.079453,34.435797],[133.080826,34.426169],[133.082886,34.423903],[133.082199,34.421071],[133.085632,34.418806],[133.085632,34.415973],[133.087692,34.413708],[133.087692,34.411442],[133.084946,34.409742],[133.085632,34.412008],[133.082886,34.412008],[133.082886,34.415407],[133.081512,34.415407],[133.080826,34.411442],[133.081512,34.409742],[133.081512,34.40691],[133.080139,34.404644],[133.077393,34.405777],[133.076706,34.408609],[133.075333,34.408609]]],[[[133.069153,34.40691],[133.072586,34.406343],[133.070526,34.404644],[133.071899,34.402944],[133.070526,34.402377],[133.06366,34.403511],[133.062286,34.406343],[133.06366,34.40691],[133.06572,34.405777],[133.06778,34.405777],[133.069153,34.40691]]]]}},{"type":"Feature","properties":{"layer_id":"bakumatsu_villages","name":"野串村","address":"備後 御調郡","source":"Geoshape 幕末期近世村領域データセット vector tiles (z7 extraction)","subarea_name":"近世村のおおよその範囲","feature_key":"village:K40G01S00088","accuracy_note":"2015年農業集落境界をもとに復元した概略範囲で、江戸時代の正確な村境ではありません"},"geometry":{"type":"MultiPolygon","coordinates":[[[[133.073273,34.484486],[133.075333,34.480524],[133.080826,34.477128],[133.085632,34.478826],[133.084946,34.475996],[133.081512,34.474298],[133.077393,34.473732],[133.077393,34.469769],[133.074646,34.469203],[133.073273,34.470335],[133.074646,34.472599],[133.073273,34.473732],[133.071899,34.47826],[133.069839,34.479958],[133.06778,34.479958],[133.06778,34.48109],[133.071899,34.482222],[133.073273,34.484486]]],[[[133.075333,34.48675],[133.079453,34.485052],[133.081512,34.48109],[133.085632,34.478826],[133.080826,34.477128],[133.075333,34.480524],[133.073273,34.484486],[133.075333,34.48675]]]]}},{"type":"Feature","properties":{"layer_id":"bakumatsu_villages","name":"釜山村","address":"安芸 豊田郡","source":"Geoshape 幕末期近世村領域データセット vector tiles (z7 extraction)","subarea_name":"近世村のおおよその範囲","feature_key":"village:K42G08S00032","accuracy_note":"2015年農業集落境界をもとに復元した概略範囲で、江戸時代の正確な村境ではありません"},"geometry":{"type":"MultiPolygon","coordinates":[[[[133.008041,34.383679],[133.010788,34.382546],[133.016281,34.382546],[133.017654,34.379713],[133.015594,34.379146],[133.013535,34.376312],[133.012161,34.366678],[133.017654,34.359309],[133.012848,34.359309],[133.005981,34.356475],[133.002548,34.356475],[133.002548,34.358742],[133.004608,34.361576],[133.008041,34.365544],[133.008041,34.367811],[133.004608,34.372912],[133.005295,34.376312],[133.003235,34.378579],[133.003922,34.380846],[133.008041,34.383679]]],[[[133.017654,34.379713],[133.019028,34.379146],[133.023148,34.379146],[133.021088,34.375179],[133.019028,34.375746],[133.018341,34.373479],[133.019028,34.367244],[133.018341,34.366111],[133.016968,34.365544],[133.016281,34.361576],[133.012161,34.367244],[133.013535,34.371212],[133.013535,34.376312],[133.015594,34.379146],[133.017654,34.379713]]],[[[133.021774,34.378012],[133.022461,34.376312],[133.021774,34.375179],[133.022461,34.373479],[133.024521,34.373479],[133.025208,34.370078],[133.028641,34.367811],[133.028641,34.365544],[133.031387,34.36441],[133.029327,34.361009],[133.029327,34.359876],[133.027954,34.358742],[133.023148,34.359876],[133.019028,34.358742],[133.016281,34.361576],[133.016968,34.365544],[133.018341,34.366111],[133.019028,34.367244],[133.018341,34.373479],[133.019028,34.375746],[133.021088,34.375179],[133.021774,34.378012]]]]}},{"type":"Feature","properties":{"layer_id":"bakumatsu_villages","name":"須浪村","address":"安芸 豊田郡","source":"Geoshape 幕末期近世村領域データセット vector tiles (z7 extraction)","subarea_name":"近世村のおおよその範囲","feature_key":"village:K42G08S00062","accuracy_note":"2015年農業集落境界をもとに復元した概略範囲で、江戸時代の正確な村境ではありません"},"geometry":{"type":"MultiPolygon","coordinates":[[[[133.073959,34.375179],[133.076706,34.369511],[133.076019,34.367244],[133.071899,34.363844],[133.067093,34.367811],[133.071213,34.368945],[133.071213,34.374045],[133.073959,34.375179]]],[[[133.078079,34.382546],[133.082886,34.381413],[133.086319,34.379146],[133.087006,34.376312],[133.076706,34.376879],[133.078079,34.382546]]],[[[133.073959,34.375179],[133.074646,34.375746],[133.076706,34.376879],[133.087006,34.376879],[133.085632,34.370645],[133.083572,34.366111],[133.083572,34.363277],[133.084259,34.363277],[133.083572,34.362143],[133.080139,34.362143],[133.078766,34.363844],[133.072586,34.36441],[133.076706,34.367811],[133.076706,34.370645],[133.073959,34.375179]]],[[[133.083572,34.362143],[133.082886,34.359309],[133.082199,34.359876],[133.083572,34.362143]]],[[[133.079453,34.363844],[133.080139,34.362143],[133.083572,34.362143],[133.082199,34.359876],[133.082886,34.355908],[133.082199,34.354774],[133.080826,34.349672],[133.078766,34.345704],[133.076019,34.344003],[133.076019,34.345137],[133.075333,34.345137],[133.073959,34.346838],[133.071899,34.354774],[133.068466,34.358175],[133.068466,34.362143],[133.071899,34.363844],[133.079453,34.363844]]],[[[133.106918,34.363844],[133.106232,34.363844],[133.106232,34.362143],[133.104172,34.361009],[133.101425,34.361576],[133.098679,34.359876],[133.097992,34.361009],[133.099365,34.362143],[133.099365,34.364977],[133.100739,34.36441],[133.102798,34.366678],[133.104858,34.366111],[133.106918,34.368378],[133.108978,34.366678],[133.106918,34.363844]]],[[[133.108292,34.359876],[133.110352,34.359309],[133.111725,34.355341],[133.114471,34.355341],[133.112411,34.353074],[133.107605,34.35194],[133.104172,34.354207],[133.103485,34.356475],[133.104172,34.356475],[133.104172,34.357608],[133.108292,34.359876]]],[[[133.115845,34.354207],[133.118591,34.347405],[133.116531,34.345704],[133.111725,34.343436],[133.113098,34.342302],[133.111725,34.339467],[133.106918,34.338333],[133.102798,34.3389],[133.099365,34.341168],[133.098679,34.341168],[133.103485,34.345704],[133.104172,34.354207],[133.107605,34.35194],[133.112411,34.35194],[133.115845,34.354207]]],[[[133.117218,34.360443],[133.115845,34.358742],[133.117905,34.357042],[133.116531,34.355341],[133.114471,34.355341],[133.111725,34.355908],[133.110352,34.359309],[133.111725,34.360443],[133.114471,34.359309],[133.117218,34.360443]]],[[[133.114471,34.355341],[133.115158,34.354774],[133.113098,34.35194],[133.107605,34.35194],[133.112411,34.353074],[133.114471,34.355341]]],[[[133.117218,34.356475],[133.116531,34.354774],[133.115158,34.354774],[133.114471,34.355341],[133.117218,34.356475]]],[[[133.118591,34.357608],[133.118591,34.356475],[133.119965,34.354207],[133.122025,34.35364],[133.124084,34.34457],[133.124084,34.344003],[133.111725,34.339467],[133.113098,34.342302],[133.111725,34.343436],[133.116531,34.345704],[133.118591,34.347405],[133.115158,34.354774],[133.116531,34.354774],[133.118591,34.357608]]],[[[133.082199,34.352507],[133.078766,34.345704],[133.076019,34.344003],[133.076019,34.345137],[133.075333,34.345137],[133.073959,34.346838],[133.073959,34.350239],[133.071899,34.352507],[133.082199,34.352507]]],[[[133.111725,34.353074],[133.111725,34.35194],[133.110352,34.35194],[133.110352,34.353074],[133.111725,34.353074]]],[[[133.115845,34.352507],[133.118591,34.347405],[133.116531,34.345704],[133.111725,34.343436],[133.113098,34.342302],[133.111725,34.339467],[133.106918,34.338333],[133.102798,34.3389],[133.099365,34.341168],[133.098679,34.341168],[133.103485,34.345704],[133.104172,34.348538],[133.103485,34.352507],[133.112411,34.35194],[133.115845,34.352507]]],[[[133.113785,34.352507],[133.112411,34.35194],[133.107605,34.35194],[133.113785,34.352507]]],[[[133.122025,34.352507],[133.124084,34.344003],[133.111725,34.339467],[133.113098,34.342302],[133.111725,34.343436],[133.116531,34.345704],[133.118591,34.347405],[133.115845,34.352507],[133.122025,34.352507]]]]}},{"type":"Feature","properties":{"layer_id":"bakumatsu_villages","name":"黒河村","address":"備後 御調郡","source":"Geoshape 幕末期近世村領域データセット vector tiles (z7 extraction)","subarea_name":"近世村のおおよその範囲","feature_key":"village:K40G01S00096","accuracy_note":"2015年農業集落境界をもとに復元した概略範囲で、江戸時代の正確な村境ではありません"},"geometry":{"type":"MultiPolygon","coordinates":[[[[133.010788,34.526359],[133.014221,34.524661],[133.016281,34.524661],[133.017654,34.51957],[133.022461,34.517307],[133.026581,34.520136],[133.029327,34.517873],[133.030014,34.516741],[133.027267,34.515044],[133.025894,34.507688],[133.023148,34.505991],[133.020401,34.506557],[133.021088,34.508254],[133.016968,34.511083],[133.017654,34.516175],[133.014221,34.518438],[133.012848,34.517873],[133.010101,34.520701],[133.009415,34.525793],[133.010788,34.526359]]],[[[133.018341,34.526924],[133.023834,34.524661],[133.027267,34.525227],[133.028641,34.522399],[133.031387,34.521267],[133.030701,34.519004],[133.028641,34.519004],[133.026581,34.520136],[133.024521,34.519004],[133.024521,34.518438],[133.022461,34.517307],[133.017654,34.51957],[133.016281,34.521833],[133.016281,34.526359],[133.018341,34.526924]]],[[[133.030701,34.519004],[133.032074,34.517873],[133.033447,34.515044],[133.040314,34.511649],[133.039627,34.509952],[133.03688,34.509386],[133.039627,34.50882],[133.039627,34.508254],[133.037567,34.506557],[133.028641,34.507122],[133.028641,34.507688],[133.027267,34.507122],[133.023834,34.506557],[133.025894,34.507688],[133.027267,34.515044],[133.030014,34.516741],[133.028641,34.519004],[133.030701,34.519004]]]]}},{"type":"Feature","properties":{"layer_id":"edo_post_stations","name":"三原","address":"","source":"CODH 江戸宿場データセット Version 1 (2026-08)","subarea_name":"西国街道","feature_key":"post:R700-029"},"geometry":{"coordinates":[133.082054,34.401425],"type":"Point"}},{"type":"Feature","properties":{"layer_id":"edo_post_stations","name":"本郷","address":"","source":"CODH 江戸宿場データセット Version 1 (2026-08)","subarea_name":"西国街道","feature_key":"post:R700-030"},"geometry":{"coordinates":[132.984,34.40972],"type":"Point"}},{"type":"Feature","properties":{"layer_id":"edo_roads","name":"西国街道","address":"京都 → 赤間関","source":"CODH 江戸主要街道データセット Version 4 (2026-08)","subarea_name":"江戸期の主要街道","feature_key":"road:R700"},"geometry":{"type":"LineString","coordinates":[[132.9044,34.39948],[132.90483,34.39963],[132.90567,34.40087],[132.90666,34.40122],[132.90799,34.4013],[132.90812,34.40155],[132.90961,34.40159],[132.90982,34.40139],[132.9108,34.4013],[132.91139,34.40155],[132.91187,34.40123],[132.91548,34.4007],[132.91662,34.40031],[132.91774,34.39918],[132.91864,34.39868],[132.91955,34.39783],[132.92003,34.39803],[132.92054,34.39783],[132.92096,34.39792],[132.9213,34.39769],[132.9232,34.39739],[132.92349,34.39712],[132.9247,34.39715],[132.92526,34.39678],[132.92533,34.39629],[132.92607,34.39557],[132.92714,34.39527],[132.92721,34.39499],[132.92896,34.3948],[132.92894,34.39381],[132.92959,34.39279],[132.93125,34.3919],[132.93183,34.39177],[132.93305,34.39094],[132.9341,34.3908],[132.93453,34.39042],[132.93524,34.39031],[132.93617,34.38958],[132.93678,34.38972],[132.93727,34.39066],[132.93857,34.39154],[132.93879,34.3922],[132.93931,34.39271],[132.93984,34.3927],[132.94005,34.39238],[132.94039,34.39232],[132.94184,34.39329],[132.94286,34.3942],[132.94317,34.39474],[132.94436,34.39499],[132.94509,34.39543],[132.94558,34.39546],[132.94767,34.39704],[132.94828,34.39759],[132.94925,34.39886],[132.95001,34.40046],[132.95094,34.40172],[132.95085,34.40202],[132.95172,34.40343],[132.95212,34.40384],[132.95364,34.40462],[132.95437,34.40541],[132.95471,34.40558],[132.95518,34.40556],[132.95547,34.40588],[132.95583,34.40597],[132.95709,34.40567],[132.95828,34.40578],[132.96153,34.4065],[132.96346,34.40614],[132.96714,34.40633],[132.96874,34.40621],[132.96939,34.40591],[132.97055,34.4058],[132.97481,34.40789],[132.97551,34.40774],[132.98005,34.40949],[132.98175,34.40994],[132.98291,34.40947],[132.98563,34.4076],[132.98682,34.40735],[132.98831,34.40745],[132.99141,34.4065],[132.99384,34.40613],[132.99376,34.40569],[132.99485,34.4055],[132.99481,34.40531],[132.99616,34.40451],[132.99671,34.40378],[132.99819,34.40338],[132.99954,34.40395],[133.00331,34.40464],[133.00593,34.40577],[133.00736,34.40622],[133.00917,34.40614],[133.01183,34.40559],[133.01272,34.40525],[133.01341,34.40478],[133.01449,34.40373],[133.01656,34.40302],[133.01951,34.40163],[133.02261,34.39885],[133.02504,34.39888],[133.02626,34.39874],[133.02837,34.39817],[133.02959,34.39748],[133.03052,34.39737],[133.03299,34.39667],[133.03402,34.39604],[133.03506,34.39563],[133.03552,34.39461],[133.04035,34.39304],[133.04459,34.39315],[133.04651,34.39425],[133.04778,34.3945],[133.04873,34.3945],[133.05041,34.39375],[133.05105,34.39325],[133.05168,34.39196],[133.05237,34.391],[133.05332,34.39023],[133.05408,34.39077],[133.05415,34.39124],[133.05488,34.39226],[133.05541,34.39273],[133.05672,34.39329],[133.05704,34.39439],[133.05835,34.39575],[133.05805,34.39595],[133.05858,34.39648],[133.05827,34.3968],[133.05989,34.39846],[133.0619,34.4011],[133.06359,34.40173],[133.06409,34.40353],[133.06463,34.40373],[133.06776,34.4034],[133.07127,34.40199],[133.0728,34.40253],[133.08157,34.40134],[133.08195,34.4021],[133.08641,34.40174],[133.09153,34.40165],[133.09181,34.40094],[133.09154,34.39988],[133.09195,34.3995],[133.0954,34.39784],[133.09699,34.39628],[133.09786,34.39577],[133.09836,34.39519],[133.09884,34.3949],[133.09996,34.3946],[133.10182,34.39344],[133.10289,34.393],[133.10406,34.39282],[133.10704,34.3917],[133.10899,34.38972],[133.11019,34.38976],[133.11048,34.38899],[133.11172,34.38905],[133.11223,34.38864],[133.11239,34.38762],[133.11296,34.38766],[133.11421,34.38634],[133.11497,34.38481],[133.11537,34.38448],[133.11703,34.38389],[133.11837,34.38302]]}},{"type":"Feature","properties":{"layer_id":"edo_roads","name":"西国街道","address":"京都 → 赤間関","source":"CODH 江戸主要街道データセット Version 4 (2026-08)","subarea_name":"江戸期の主要街道","feature_key":"road:R700"},"geometry":{"type":"LineString","coordinates":[[133.11946,34.38285],[133.12644,34.38302],[133.12766,34.38323],[133.13339,34.38563],[133.13531,34.38686],[133.13722,34.38785],[133.13904,34.38965],[133.14,34.3901],[133.1411,34.39016],[133.1426,34.39063],[133.14437,34.39246],[133.14692,34.39292],[133.14766,34.39279],[133.14878,34.39289],[133.15013,34.39351],[133.15163,34.39449],[133.15407,34.39536],[133.15488,34.39599]]}},{"type":"Feature","properties":{"layer_id":"historical_sites_archaeology","name":"三原塩田","address":"広島県 三原市 古浜二丁目","source":"Geoshape 日本歴史地名大系 施設・地点項目データセット 2025-05-15","subarea_name":"その他","feature_key":"99_other_poi.geojson:350000141300","subtype":"その他"},"geometry":{"type":"Point","coordinates":[133.090369,34.394255]}},{"type":"Feature","properties":{"layer_id":"historical_sites_archaeology","name":"上野城跡","address":"広島県 三原市 小泉町","source":"Geoshape 日本歴史地名大系 施設・地点項目データセット 2025-05-15","subarea_name":"城跡","feature_key":"05_castle_ruins.geojson:350000149000","subtype":"城跡"},"geometry":{"type":"Point","coordinates":[132.975747,34.363453]}},{"type":"Feature","properties":{"layer_id":"historical_sites_archaeology","name":"勧請院切","address":"広島県 三原市 東町二丁目","source":"Geoshape 日本歴史地名大系 施設・地点項目データセット 2025-05-15","subarea_name":"史跡","feature_key":"09_historic_sites.geojson:350000141400","subtype":"史跡"},"geometry":{"type":"Point","coordinates":[133.090492,34.40243]}},{"type":"Feature","properties":{"layer_id":"historical_sites_archaeology","name":"和霊石地蔵","address":"広島県 三原市 鷺浦町向田野浦","source":"Geoshape 日本歴史地名大系 施設・地点項目データセット 2025-05-15","subarea_name":"史跡","feature_key":"09_historic_sites.geojson:350000151300","subtype":"史跡"},"geometry":{"type":"Point","coordinates":[133.114137,34.332694]}},{"type":"Feature","properties":{"layer_id":"historical_sites_archaeology","name":"堀城跡","address":"広島県 三原市 大和町椋梨","source":"Geoshape 日本歴史地名大系 施設・地点項目データセット 2025-05-15","subarea_name":"城跡","feature_key":"05_castle_ruins.geojson:350000180000","subtype":"城跡"},"geometry":{"type":"Point","coordinates":[132.888147,34.52836]}},{"type":"Feature","properties":{"layer_id":"historical_sites_archaeology","name":"小童城跡","address":"広島県 三原市 八幡町美生","source":"Geoshape 日本歴史地名大系 施設・地点項目データセット 2025-05-15","subarea_name":"城跡","feature_key":"05_castle_ruins.geojson:350000145300","subtype":"城跡"},"geometry":{"type":"Point","coordinates":[133.102013,34.471494]}},{"type":"Feature","properties":{"layer_id":"historical_sites_archaeology","name":"御年代古墳","address":"広島県 三原市 本郷町南方","source":"Geoshape 日本歴史地名大系 施設・地点項目データセット 2025-05-15","subarea_name":"古墳","feature_key":"06_kofun.geojson:350000165100","subtype":"古墳"},"geometry":{"type":"Point","coordinates":[132.946883,34.397804]}},{"type":"Feature","properties":{"layer_id":"historical_sites_archaeology","name":"新高山城跡","address":"広島県 三原市 本郷町本郷","source":"Geoshape 日本歴史地名大系 施設・地点項目データセット 2025-05-15","subarea_name":"城跡","feature_key":"05_castle_ruins.geojson:350000165500","subtype":"城跡"},"geometry":{"type":"Point","coordinates":[132.976328,34.419327]}},{"type":"Feature","properties":{"layer_id":"historical_sites_archaeology","name":"梅木平古墳","address":"広島県 三原市 下北方二丁目","source":"Geoshape 日本歴史地名大系 施設・地点項目データセット 2025-05-15","subarea_name":"古墳","feature_key":"06_kofun.geojson:350000164300","subtype":"古墳"},"geometry":{"type":"Point","coordinates":[132.966047,34.408296]}},{"type":"Feature","properties":{"layer_id":"historical_sites_archaeology","name":"貝持貝塚","address":"広島県 三原市 小坂町","source":"Geoshape 日本歴史地名大系 施設・地点項目データセット 2025-05-15","subarea_name":"遺跡","feature_key":"08_archaeological_sites.geojson:350000147000","subtype":"遺跡"},"geometry":{"type":"Point","coordinates":[133.014631,34.419058]}},{"type":"Feature","properties":{"layer_id":"historical_sites_archaeology","name":"貞丸一号古墳・貞丸二号古墳","address":"広島県 三原市 本郷町南方","source":"Geoshape 日本歴史地名大系 施設・地点項目データセット 2025-05-15","subarea_name":"古墳","feature_key":"06_kofun.geojson:350000165200","subtype":"古墳"},"geometry":{"type":"Point","coordinates":[132.946563,34.385185]}},{"type":"Feature","properties":{"layer_id":"historical_sites_archaeology","name":"高山城跡","address":"広島県 三原市 高坂町真良","source":"Geoshape 日本歴史地名大系 施設・地点項目データセット 2025-05-15","subarea_name":"城跡","feature_key":"05_castle_ruins.geojson:350000165400","subtype":"城跡"},"geometry":{"type":"Point","coordinates":[132.984298,34.418355]}},{"type":"Feature","properties":{"layer_id":"historical_sites_archaeology","name":"高木山城跡","address":"広島県 三原市 本郷町下北方","source":"Geoshape 日本歴史地名大系 施設・地点項目データセット 2025-05-15","subarea_name":"城跡","feature_key":"05_castle_ruins.geojson:350000164500","subtype":"城跡"},"geometry":{"type":"Point","coordinates":[132.969668,34.410286]}},{"type":"Feature","properties":{"layer_id":"historical_temples_shrines","name":"一宮豊田神社","address":"広島県 三原市 沼田東町納所字原無番地","source":"Geoshape 日本歴史地名大系 施設・地点項目データセット 2025-05-15","subarea_name":"神社","feature_key":"02_shrines.geojson:350000148400","subtype":"神社"},"geometry":{"type":"Point","coordinates":[133.001062,34.402532]}},{"type":"Feature","properties":{"layer_id":"historical_temples_shrines","name":"万性寺","address":"広島県 三原市 沼田東町納所2305番地","source":"Geoshape 日本歴史地名大系 施設・地点項目データセット 2025-05-15","subarea_name":"寺院","feature_key":"01_temples.geojson:350000148500","subtype":"寺院"},"geometry":{"type":"Point","coordinates":[133.018161,34.398095]}},{"type":"Feature","properties":{"layer_id":"historical_temples_shrines","name":"万福寺","address":"広島県 三原市 西町二丁目9番2号","source":"Geoshape 日本歴史地名大系 施設・地点項目データセット 2025-05-15","subarea_name":"寺院","feature_key":"01_temples.geojson:350000143400","subtype":"寺院"},"geometry":{"type":"Point","coordinates":[133.074066,34.403614]}},{"type":"Feature","properties":{"layer_id":"historical_temples_shrines","name":"三原八幡宮","address":"広島県 三原市 西宮一丁目1番1号","source":"Geoshape 日本歴史地名大系 施設・地点項目データセット 2025-05-15","subarea_name":"神社","feature_key":"02_shrines.geojson:350000143500","subtype":"神社"},"geometry":{"type":"Point","coordinates":[133.071671,34.402206]}},{"type":"Feature","properties":{"layer_id":"historical_temples_shrines","name":"下徳良八幡神社","address":"広島県 三原市 大和町下徳良","source":"Geoshape 日本歴史地名大系 施設・地点項目データセット 2025-05-15","subarea_name":"神社","feature_key":"02_shrines.geojson:350000178800","subtype":"神社"},"geometry":{"type":"Point","coordinates":[132.95208,34.542971]}},{"type":"Feature","properties":{"layer_id":"historical_temples_shrines","name":"中台院","address":"広島県 三原市 本町1728番地","source":"Geoshape 日本歴史地名大系 施設・地点項目データセット 2025-05-15","subarea_name":"寺院","feature_key":"01_temples.geojson:350000142200","subtype":"寺院"},"geometry":{"type":"Point","coordinates":[133.078362,34.403192]}},{"type":"Feature","properties":{"layer_id":"historical_temples_shrines","name":"仏通寺","address":"広島県 三原市 高坂町許山22番地","source":"Geoshape 日本歴史地名大系 施設・地点項目データセット 2025-05-15","subarea_name":"寺院","feature_key":"01_temples.geojson:350000146200","subtype":"寺院"},"geometry":{"type":"Point","coordinates":[133.0251,34.454165]}},{"type":"Feature","properties":{"layer_id":"historical_temples_shrines","name":"光善寺","address":"広島県 庄原市 口和町永田601番地","source":"Geoshape 日本歴史地名大系 施設・地点項目データセット 2025-05-15","subarea_name":"寺院","feature_key":"01_temples.geojson:350000033800","subtype":"寺院"},"geometry":{"type":"Point","coordinates":[133.074116,34.396554]}},{"type":"Feature","properties":{"layer_id":"historical_temples_shrines","name":"別所薬師堂","address":"広島県 三原市 沼田町","source":"Geoshape 日本歴史地名大系 施設・地点項目データセット 2025-05-15","subarea_name":"寺院","feature_key":"01_temples.geojson:350000147300","subtype":"寺院"},"geometry":{"type":"Point","coordinates":[133.043775,34.433542]}},{"type":"Feature","properties":{"layer_id":"historical_temples_shrines","name":"双照院","address":"広島県 三原市 田野浦三丁目2番17号","source":"Geoshape 日本歴史地名大系 施設・地点項目データセット 2025-05-15","subarea_name":"寺院","feature_key":"01_temples.geojson:350000150500","subtype":"寺院"},"geometry":{"type":"Point","coordinates":[133.041718,34.37793]}},{"type":"Feature","properties":{"layer_id":"historical_temples_shrines","name":"善教寺","address":"広島県 三原市 東町二丁目9番1号","source":"Geoshape 日本歴史地名大系 施設・地点項目データセット 2025-05-15","subarea_name":"寺院","feature_key":"01_temples.geojson:350000141800","subtype":"寺院"},"geometry":{"type":"Point","coordinates":[133.087646,34.402077]}},{"type":"Feature","properties":{"layer_id":"historical_temples_shrines","name":"善根寺跡","address":"広島県 三原市 小坂町","source":"Geoshape 日本歴史地名大系 施設・地点項目データセット 2025-05-15","subarea_name":"廃寺・廃社","feature_key":"03_abandoned_temples_shrines.geojson:350000146900","subtype":"廃寺・廃社"},"geometry":{"type":"Point","coordinates":[133.014631,34.419058]}},{"type":"Feature","properties":{"layer_id":"historical_temples_shrines","name":"大善寺","address":"広島県 三原市 西町二丁目22番1号","source":"Geoshape 日本歴史地名大系 施設・地点項目データセット 2025-05-15","subarea_name":"寺院","feature_key":"01_temples.geojson:350000143200","subtype":"寺院"},"geometry":{"type":"Point","coordinates":[133.07608,34.405807]}},{"type":"Feature","properties":{"layer_id":"historical_temples_shrines","name":"大島神社","address":"広島県 三原市 本町三丁目6番12号","source":"Geoshape 日本歴史地名大系 施設・地点項目データセット 2025-05-15","subarea_name":"神社","feature_key":"02_shrines.geojson:350000142600","subtype":"神社"},"geometry":{"type":"Point","coordinates":[133.079559,34.403412]}},{"type":"Feature","properties":{"layer_id":"historical_temples_shrines","name":"大須賀神社","address":"広島県 三原市 新倉町223番地の1","source":"Geoshape 日本歴史地名大系 施設・地点項目データセット 2025-05-15","subarea_name":"神社","feature_key":"02_shrines.geojson:350000147200","subtype":"神社"},"geometry":{"type":"Point","coordinates":[133.055714,34.389986]}},{"type":"Feature","properties":{"layer_id":"historical_temples_shrines","name":"天津神社","address":"広島県 三原市 本郷町船木5822番地","source":"Geoshape 日本歴史地名大系 施設・地点項目データセット 2025-05-15","subarea_name":"神社","feature_key":"02_shrines.geojson:350000166000","subtype":"神社"},"geometry":{"type":"Point","coordinates":[132.976059,34.441643]}},{"type":"Feature","properties":{"layer_id":"historical_temples_shrines","name":"妙正寺","address":"広島県 三原市 本町二丁目9番14号","source":"Geoshape 日本歴史地名大系 施設・地点項目データセット 2025-05-15","subarea_name":"寺院","feature_key":"01_temples.geojson:350000142700","subtype":"寺院"},"geometry":{"type":"Point","coordinates":[133.080322,34.403625]}},{"type":"Feature","properties":{"layer_id":"historical_temples_shrines","name":"安国寺跡","address":"広島県 三原市 大和町大草","source":"Geoshape 日本歴史地名大系 施設・地点項目データセット 2025-05-15","subarea_name":"廃寺・廃社","feature_key":"03_abandoned_temples_shrines.geojson:350000179000","subtype":"廃寺・廃社"},"geometry":{"type":"Point","coordinates":[132.951428,34.505414]}},{"type":"Feature","properties":{"layer_id":"historical_temples_shrines","name":"宗光寺","address":"広島県 三原市 本町三丁目11番","source":"Geoshape 日本歴史地名大系 施設・地点項目データセット 2025-05-15","subarea_name":"寺院","feature_key":"01_temples.geojson:350000142800","subtype":"寺院"},"geometry":{"type":"Point","coordinates":[133.078293,34.404148]}},{"type":"Feature","properties":{"layer_id":"historical_temples_shrines","name":"寿徳寺","address":"広島県 三原市 西町二丁目23番24号","source":"Geoshape 日本歴史地名大系 施設・地点項目データセット 2025-05-15","subarea_name":"寺院","feature_key":"01_temples.geojson:350000143100","subtype":"寺院"},"geometry":{"type":"Point","coordinates":[133.076111,34.405853]}},{"type":"Feature","properties":{"layer_id":"historical_temples_shrines","name":"専徳寺","address":"広島県 三原市 大和町和木2220番地","source":"Geoshape 日本歴史地名大系 施設・地点項目データセット 2025-05-15","subarea_name":"寺院","feature_key":"01_temples.geojson:350000179600","subtype":"寺院"},"geometry":{"type":"Point","coordinates":[132.928848,34.50835]}},{"type":"Feature","properties":{"layer_id":"historical_temples_shrines","name":"平坂寺跡","address":"広島県 三原市 本郷町船木","source":"Geoshape 日本歴史地名大系 施設・地点項目データセット 2025-05-15","subarea_name":"廃寺・廃社","feature_key":"03_abandoned_temples_shrines.geojson:350000165900","subtype":"廃寺・廃社"},"geometry":{"type":"Point","coordinates":[132.970884,34.442609]}},{"type":"Feature","properties":{"layer_id":"historical_temples_shrines","name":"幸崎神社","address":"広島県 三原市 幸崎能地五丁目1番1号","source":"Geoshape 日本歴史地名大系 施設・地点項目データセット 2025-05-15","subarea_name":"神社","feature_key":"02_shrines.geojson:350000150100","subtype":"神社"},"geometry":{"type":"Point","coordinates":[133.036499,34.33765]}},{"type":"Feature","properties":{"layer_id":"historical_temples_shrines","name":"延命寺跡","address":"広島県 三原市 高坂町真良","source":"Geoshape 日本歴史地名大系 施設・地点項目データセット 2025-05-15","subarea_name":"廃寺・廃社","feature_key":"03_abandoned_temples_shrines.geojson:350000146500","subtype":"廃寺・廃社"},"geometry":{"type":"Point","coordinates":[133.002483,34.435666]}},{"type":"Feature","properties":{"layer_id":"historical_temples_shrines","name":"御調八幡宮","address":"広島県 三原市 八幡町宮内21番地","source":"Geoshape 日本歴史地名大系 施設・地点項目データセット 2025-05-15","subarea_name":"神社","feature_key":"02_shrines.geojson:350000145500","subtype":"神社"},"geometry":{"type":"Point","coordinates":[133.081276,34.471142]}},{"type":"Feature","properties":{"layer_id":"historical_temples_shrines","name":"成就寺","address":"広島県 三原市 本町二丁目1番1号","source":"Geoshape 日本歴史地名大系 施設・地点項目データセット 2025-05-15","subarea_name":"寺院","feature_key":"01_temples.geojson:350000142400","subtype":"寺院"},"geometry":{"type":"Point","coordinates":[133.081024,34.402786]}},{"type":"Feature","properties":{"layer_id":"historical_temples_shrines","name":"東禅寺","address":"広島県 三原市 本郷町南方89番地","source":"Geoshape 日本歴史地名大系 施設・地点項目データセット 2025-05-15","subarea_name":"寺院","feature_key":"01_temples.geojson:350000165000","subtype":"寺院"},"geometry":{"type":"Point","coordinates":[132.965607,34.382824]}},{"type":"Feature","properties":{"layer_id":"historical_temples_shrines","name":"松寿寺","address":"広島県 三原市 東町三丁目5番","source":"Geoshape 日本歴史地名大系 施設・地点項目データセット 2025-05-15","subarea_name":"寺院","feature_key":"01_temples.geojson:350000141600","subtype":"寺院"},"geometry":{"type":"Point","coordinates":[133.092026,34.402954]}},{"type":"Feature","properties":{"layer_id":"historical_temples_shrines","name":"棲真寺","address":"広島県 三原市 大和町平坂2033番地","source":"Geoshape 日本歴史地名大系 施設・地点項目データセット 2025-05-15","subarea_name":"寺院","feature_key":"01_temples.geojson:350000179200","subtype":"寺院"},"geometry":{"type":"Point","coordinates":[132.942139,34.45916]}},{"type":"Feature","properties":{"layer_id":"historical_temples_shrines","name":"極楽寺","address":"広島県 三原市 東町三丁目5番","source":"Geoshape 日本歴史地名大系 施設・地点項目データセット 2025-05-15","subarea_name":"寺院","feature_key":"01_temples.geojson:350000141500","subtype":"寺院"},"geometry":{"type":"Point","coordinates":[133.092026,34.402954]}},{"type":"Feature","properties":{"layer_id":"historical_temples_shrines","name":"楽音寺","address":"広島県 三原市 本郷町南方6069番地","source":"Geoshape 日本歴史地名大系 施設・地点項目データセット 2025-05-15","subarea_name":"寺院","feature_key":"01_temples.geojson:350000164900","subtype":"寺院"},"geometry":{"type":"Point","coordinates":[132.963257,34.402939]}},{"type":"Feature","properties":{"layer_id":"historical_temples_shrines","name":"横見廃寺跡","address":"広島県 三原市 本郷町下北方","source":"Geoshape 日本歴史地名大系 施設・地点項目データセット 2025-05-15","subarea_name":"廃寺・廃社","feature_key":"03_abandoned_temples_shrines.geojson:350000164400","subtype":"廃寺・廃社"},"geometry":{"type":"Point","coordinates":[132.969668,34.410286]}},{"type":"Feature","properties":{"layer_id":"historical_temples_shrines","name":"橘神社","address":"広島県 三原市 本郷南七丁目13番1号","source":"Geoshape 日本歴史地名大系 施設・地点項目データセット 2025-05-15","subarea_name":"神社","feature_key":"02_shrines.geojson:350000165600","subtype":"神社"},"geometry":{"type":"Point","coordinates":[132.975494,34.415169]}},{"type":"Feature","properties":{"layer_id":"historical_temples_shrines","name":"正法寺","address":"広島県 三原市 本町三丁目4番1号","source":"Geoshape 日本歴史地名大系 施設・地点項目データセット 2025-05-15","subarea_name":"寺院","feature_key":"01_temples.geojson:350000142500","subtype":"寺院"},"geometry":{"type":"Point","coordinates":[133.079681,34.402058]}},{"type":"Feature","properties":{"layer_id":"historical_temples_shrines","name":"氏八幡神社","address":"広島県 三原市 大和町和木1118番地","source":"Geoshape 日本歴史地名大系 施設・地点項目データセット 2025-05-15","subarea_name":"神社","feature_key":"02_shrines.geojson:350000179500","subtype":"神社"},"geometry":{"type":"Point","coordinates":[132.92189,34.507748]}},{"type":"Feature","properties":{"layer_id":"historical_temples_shrines","name":"永福寺","address":"広島県 三原市 本郷町船木1112番地","source":"Geoshape 日本歴史地名大系 施設・地点項目データセット 2025-05-15","subarea_name":"寺院","feature_key":"01_temples.geojson:350000166100","subtype":"寺院"},"geometry":{"type":"Point","coordinates":[132.957153,34.443584]}},{"type":"Feature","properties":{"layer_id":"historical_temples_shrines","name":"法常寺","address":"広島県 三原市 西宮一丁目8番1号","source":"Geoshape 日本歴史地名大系 施設・地点項目データセット 2025-05-15","subarea_name":"寺院","feature_key":"01_temples.geojson:350000143600","subtype":"寺院"},"geometry":{"type":"Point","coordinates":[133.070831,34.404179]}},{"type":"Feature","properties":{"layer_id":"historical_temples_shrines","name":"法泉寺","address":"広島県 三原市 中之町三丁目40番1号","source":"Geoshape 日本歴史地名大系 施設・地点項目データセット 2025-05-15","subarea_name":"寺院","feature_key":"01_temples.geojson:350000013500","subtype":"寺院"},"geometry":{"type":"Point","coordinates":[133.093323,34.420444]}},{"type":"Feature","properties":{"layer_id":"historical_temples_shrines","name":"浮幣社","address":"広島県 三原市 幸崎町能地","source":"Geoshape 日本歴史地名大系 施設・地点項目データセット 2025-05-15","subarea_name":"神社","feature_key":"02_shrines.geojson:350000150200","subtype":"神社"},"geometry":{"type":"Point","coordinates":[133.041347,34.346276]}},{"type":"Feature","properties":{"layer_id":"historical_temples_shrines","name":"甑天満神社","address":"広島県 三原市 下北方二丁目12番1号","source":"Geoshape 日本歴史地名大系 施設・地点項目データセット 2025-05-15","subarea_name":"神社","feature_key":"02_shrines.geojson:350000164600","subtype":"神社"},"geometry":{"type":"Point","coordinates":[132.973663,34.407616]}},{"type":"Feature","properties":{"layer_id":"historical_temples_shrines","name":"生田寺跡","address":"広島県 三原市 本町三丁目","source":"Geoshape 日本歴史地名大系 施設・地点項目データセット 2025-05-15","subarea_name":"廃寺・廃社","feature_key":"03_abandoned_temples_shrines.geojson:350000142300","subtype":"廃寺・廃社"},"geometry":{"type":"Point","coordinates":[133.078362,34.403192]}},{"type":"Feature","properties":{"layer_id":"historical_temples_shrines","name":"皇后八幡神社","address":"広島県 三原市 須波西二丁目6番27号","source":"Geoshape 日本歴史地名大系 施設・地点項目データセット 2025-05-15","subarea_name":"神社","feature_key":"02_shrines.geojson:350000151000","subtype":"神社"},"geometry":{"type":"Point","coordinates":[133.081436,34.359589]}},{"type":"Feature","properties":{"layer_id":"historical_temples_shrines","name":"祇園畷八幡神社","address":"広島県 三原市 大和町椋梨","source":"Geoshape 日本歴史地名大系 施設・地点項目データセット 2025-05-15","subarea_name":"神社","feature_key":"02_shrines.geojson:350000179900","subtype":"神社"},"geometry":{"type":"Point","coordinates":[132.888147,34.52836]}},{"type":"Feature","properties":{"layer_id":"historical_temples_shrines","name":"稲生神社","address":"広島県 三原市 久井町江木1番地","source":"Geoshape 日本歴史地名大系 施設・地点項目データセット 2025-05-15","subarea_name":"神社","feature_key":"02_shrines.geojson:350000126900","subtype":"神社"},"geometry":{"type":"Point","coordinates":[133.036682,34.541313]}},{"type":"Feature","properties":{"layer_id":"historical_temples_shrines","name":"糸碕神社","address":"広島県 三原市 糸崎八丁目10番1号","source":"Geoshape 日本歴史地名大系 施設・地点項目データセット 2025-05-15","subarea_name":"神社","feature_key":"02_shrines.geojson:350000144500","subtype":"神社"},"geometry":{"type":"Point","coordinates":[133.116318,34.384735]}},{"type":"Feature","properties":{"layer_id":"historical_temples_shrines","name":"観音寺","address":"広島県 三原市 東町三丁目5番","source":"Geoshape 日本歴史地名大系 施設・地点項目データセット 2025-05-15","subarea_name":"寺院","feature_key":"01_temples.geojson:350000141700","subtype":"寺院"},"geometry":{"type":"Point","coordinates":[133.092026,34.402954]}},{"type":"Feature","properties":{"layer_id":"historical_temples_shrines","name":"賀羅加波神社","address":"広島県 三原市 中之町五丁目10番20号","source":"Geoshape 日本歴史地名大系 施設・地点項目データセット 2025-05-15","subarea_name":"神社","feature_key":"02_shrines.geojson:350000144200","subtype":"神社"},"geometry":{"type":"Point","coordinates":[133.102783,34.416805]}},{"type":"Feature","properties":{"layer_id":"historical_temples_shrines","name":"金剛寺跡","address":"広島県 三原市 本町三丁目","source":"Geoshape 日本歴史地名大系 施設・地点項目データセット 2025-05-15","subarea_name":"廃寺・廃社","feature_key":"03_abandoned_temples_shrines.geojson:350000143000","subtype":"廃寺・廃社"},"geometry":{"type":"Point","coordinates":[133.078362,34.403192]}},{"type":"Feature","properties":{"layer_id":"historical_temples_shrines","name":"長谷神社","address":"広島県 三原市 長谷町小坂3769番地","source":"Geoshape 日本歴史地名大系 施設・地点項目データセット 2025-05-15","subarea_name":"神社","feature_key":"02_shrines.geojson:350000146800","subtype":"神社"},"geometry":{"type":"Point","coordinates":[133.02003,34.407997]}},{"type":"Feature","properties":{"layer_id":"historical_temples_shrines","name":"霹靂神社","address":"広島県 三原市 本郷町船木2177番地","source":"Geoshape 日本歴史地名大系 施設・地点項目データセット 2025-05-15","subarea_name":"神社","feature_key":"02_shrines.geojson:350000165800","subtype":"神社"},"geometry":{"type":"Point","coordinates":[132.971603,34.435123]}},{"type":"Feature","properties":{"layer_id":"historical_temples_shrines","name":"順勝寺","address":"広島県 三原市 西町二丁目3番22号","source":"Geoshape 日本歴史地名大系 施設・地点項目データセット 2025-05-15","subarea_name":"寺院","feature_key":"01_temples.geojson:350000143300","subtype":"寺院"},"geometry":{"type":"Point","coordinates":[133.073975,34.402386]}},{"type":"Feature","properties":{"layer_id":"historical_temples_shrines","name":"香積寺","address":"広島県 三原市 本町三丁目26番1号","source":"Geoshape 日本歴史地名大系 施設・地点項目データセット 2025-05-15","subarea_name":"寺院","feature_key":"01_temples.geojson:350000142900","subtype":"寺院"},"geometry":{"type":"Point","coordinates":[133.076736,34.40527]}},{"type":"Feature","properties":{"layer_id":"historical_temples_shrines","name":"龍泉寺","address":"広島県 三原市 小泉町乙568番地","source":"Geoshape 日本歴史地名大系 施設・地点項目データセット 2025-05-15","subarea_name":"寺院","feature_key":"01_temples.geojson:350000149100","subtype":"寺院"},"geometry":{"type":"Point","coordinates":[132.975747,34.363453]}}]}