{"type":"FeatureCollection","municipality_code":"38214","pref":"愛媛県","city":"西予市","layer_counts":{"bakumatsu_villages":82,"edo_post_stations":4,"edo_roads":2,"historical_sites_archaeology":24,"historical_temples_shrines":30},"total_features":142,"features":[{"type":"Feature","properties":{"layer_id":"bakumatsu_villages","name":"上松葉村","address":"伊予 宇和郡","source":"Geoshape 幕末期近世村領域データセット vector tiles (z7 extraction)","subarea_name":"近世村のおおよその範囲","feature_key":"village:K56G14S00124","accuracy_note":"2015年農業集落境界をもとに復元した概略範囲で、江戸時代の正確な村境ではありません"},"geometry":{"type":"Polygon","coordinates":[[[132.507477,33.38616],[132.516403,33.382146],[132.519836,33.379279],[132.51503,33.375839],[132.511597,33.375266],[132.509537,33.376412],[132.50885,33.378706],[132.505417,33.380426],[132.504044,33.379853],[132.503357,33.380999],[132.499924,33.380426],[132.49855,33.383293],[132.499237,33.38616],[132.507477,33.38616]]]}},{"type":"Feature","properties":{"layer_id":"bakumatsu_villages","name":"下川村","address":"伊予 宇和郡","source":"Geoshape 幕末期近世村領域データセット vector tiles (z7 extraction)","subarea_name":"近世村のおおよその範囲","feature_key":"village:K56G14S00100","accuracy_note":"2015年農業集落境界をもとに復元した概略範囲で、江戸時代の正確な村境ではありません"},"geometry":{"type":"Polygon","coordinates":[[[132.558289,33.371252],[132.561035,33.370678],[132.561035,33.369531],[132.565842,33.368958],[132.567215,33.366091],[132.568588,33.365517],[132.567902,33.36265],[132.567902,33.352326],[132.566528,33.336839],[132.568588,33.336265],[132.567902,33.333397],[132.569962,33.328233],[132.569275,33.326512],[132.562408,33.326512],[132.553482,33.324791],[132.545929,33.327086],[132.541122,33.32766],[132.545929,33.342575],[132.543869,33.344296],[132.543869,33.347164],[132.541809,33.350032],[132.542496,33.355767],[132.552109,33.358062],[132.554169,33.357488],[132.556915,33.362076],[132.560349,33.36437],[132.558975,33.366664],[132.558289,33.370105],[132.558289,33.371252]]]}},{"type":"Feature","properties":{"layer_id":"bakumatsu_villages","name":"下松葉村","address":"伊予 宇和郡","source":"Geoshape 幕末期近世村領域データセット vector tiles (z7 extraction)","subarea_name":"近世村のおおよその範囲","feature_key":"village:K56G14S00123","accuracy_note":"2015年農業集落境界をもとに復元した概略範囲で、江戸時代の正確な村境ではありません"},"geometry":{"type":"Polygon","coordinates":[[[132.505417,33.380426],[132.50885,33.378706],[132.509537,33.376412],[132.511597,33.375266],[132.508163,33.369531],[132.505417,33.369531],[132.504044,33.370678],[132.505417,33.371252],[132.50473,33.372398],[132.50267,33.372398],[132.49855,33.375839],[132.499924,33.380426],[132.505417,33.380426]]]}},{"type":"Feature","properties":{"layer_id":"bakumatsu_villages","name":"下泊村","address":"伊予 宇和郡","source":"Geoshape 幕末期近世村領域データセット vector tiles (z7 extraction)","subarea_name":"近世村のおおよその範囲","feature_key":"village:K56G14S00131","accuracy_note":"2015年農業集落境界をもとに復元した概略範囲で、江戸時代の正確な村境ではありません"},"geometry":{"type":"MultiPolygon","coordinates":[[[[132.392807,33.34487],[132.395554,33.342575],[132.40036,33.340281],[132.399673,33.337986],[132.401047,33.336839],[132.401047,33.335691],[132.398987,33.335691],[132.3983,33.32766],[132.388,33.327086],[132.385254,33.32766],[132.383881,33.329381],[132.383194,33.32766],[132.377701,33.326512],[132.375641,33.32766],[132.374268,33.329955],[132.376328,33.337412],[132.379761,33.33856],[132.383194,33.33856],[132.384567,33.339133],[132.385254,33.343722],[132.386627,33.340854],[132.385254,33.339133],[132.386627,33.337986],[132.388687,33.337986],[132.39212,33.339707],[132.39212,33.341428],[132.391434,33.341428],[132.39212,33.342575],[132.391434,33.343149],[132.392807,33.34487]]],[[[132.378387,33.343722],[132.377014,33.345443],[132.378387,33.34487],[132.379074,33.346017],[132.380447,33.346017],[132.378387,33.343722]]],[[[132.385941,33.3529],[132.385941,33.351753],[132.384567,33.351753],[132.384567,33.3529],[132.385941,33.3529]]]]}},{"type":"Feature","properties":{"layer_id":"bakumatsu_villages","name":"下相村","address":"伊予 宇和郡","source":"Geoshape 幕末期近世村領域データセット vector tiles (z7 extraction)","subarea_name":"近世村のおおよその範囲","feature_key":"village:K56G14S00073","accuracy_note":"2015年農業集落境界をもとに復元した概略範囲で、江戸時代の正確な村境ではありません"},"geometry":{"type":"MultiPolygon","coordinates":[[[[132.74025,33.379853],[132.742996,33.379279],[132.74231,33.377559],[132.745056,33.375839],[132.74437,33.374119],[132.738876,33.370678],[132.737503,33.368384],[132.737503,33.361503],[132.729263,33.346017],[132.724457,33.34487],[132.724457,33.348885],[132.722397,33.351753],[132.724457,33.361503],[132.728577,33.365517],[132.73201,33.371252],[132.733383,33.378133],[132.734756,33.378133],[132.73613,33.379279],[132.74025,33.379853]]],[[[132.756729,33.388453],[132.758789,33.385586],[132.758789,33.382146],[132.760162,33.376412],[132.757416,33.370678],[132.755356,33.370105],[132.749863,33.376412],[132.748489,33.380426],[132.747116,33.381573],[132.748489,33.386733],[132.750549,33.38616],[132.756729,33.388453]]],[[[132.74437,33.374119],[132.747116,33.370678],[132.745743,33.364944],[132.745743,33.360356],[132.751923,33.348885],[132.751923,33.34487],[132.748489,33.346017],[132.74437,33.346017],[132.73819,33.344296],[132.73613,33.34487],[132.733383,33.343149],[132.731323,33.346017],[132.729263,33.346017],[132.737503,33.361503],[132.737503,33.368384],[132.738876,33.370678],[132.74437,33.374119]]],[[[132.748489,33.386733],[132.747116,33.380999],[132.748489,33.380426],[132.749863,33.376412],[132.755356,33.370678],[132.756729,33.370105],[132.752609,33.367811],[132.751236,33.363797],[132.752609,33.362076],[132.753296,33.358635],[132.752609,33.355767],[132.754669,33.351179],[132.753983,33.347164],[132.755356,33.343722],[132.753983,33.343149],[132.751923,33.34487],[132.751923,33.348885],[132.745743,33.360356],[132.745743,33.364944],[132.747116,33.370678],[132.74437,33.374119],[132.745056,33.375839],[132.74231,33.377559],[132.742996,33.378706],[132.74025,33.379853],[132.735443,33.379279],[132.735443,33.382146],[132.738876,33.38272],[132.74231,33.385013],[132.745056,33.385586],[132.746429,33.38616],[132.748489,33.386733]]]]}},{"type":"Feature","properties":{"layer_id":"bakumatsu_villages","name":"中通川村","address":"伊予 宇和郡","source":"Geoshape 幕末期近世村領域データセット vector tiles (z7 extraction)","subarea_name":"近世村のおおよその範囲","feature_key":"village:K56G14S00092","accuracy_note":"2015年農業集落境界をもとに復元した概略範囲で、江戸時代の正確な村境ではありません"},"geometry":{"type":"MultiPolygon","coordinates":[[[[132.650986,33.425711],[132.653732,33.424565],[132.665405,33.422272],[132.670898,33.41998],[132.675705,33.41998],[132.680511,33.414249],[132.680511,33.411956],[132.679138,33.411383],[132.674332,33.405651],[132.667465,33.404504],[132.660599,33.406224],[132.658539,33.411956],[132.656479,33.412529],[132.655792,33.414249],[132.648926,33.421126],[132.648926,33.423418],[132.650986,33.425711]]],[[[132.660599,33.406224],[132.666779,33.404504],[132.672958,33.405078],[132.677078,33.398772],[132.670898,33.396479],[132.663345,33.402212],[132.660599,33.406224]]]]}},{"type":"Feature","properties":{"layer_id":"bakumatsu_villages","name":"久保村","address":"伊予 喜多郡","source":"Geoshape 幕末期近世村領域データセット vector tiles (z7 extraction)","subarea_name":"近世村のおおよその範囲","feature_key":"village:K56G13S00006","accuracy_note":"2015年農業集落境界をもとに復元した概略範囲で、江戸時代の正確な村境ではありません"},"geometry":{"type":"MultiPolygon","coordinates":[[[[132.50885,33.461234],[132.514343,33.452641],[132.501984,33.450349],[132.497864,33.454933],[132.499237,33.456078],[132.497864,33.457224],[132.501297,33.460088],[132.50885,33.461234]]],[[[132.528763,33.453214],[132.530823,33.452068],[132.528076,33.450349],[132.530136,33.445766],[132.533569,33.44462],[132.533569,33.442901],[132.537003,33.441755],[132.539062,33.43889],[132.532883,33.440036],[132.530136,33.43889],[132.528076,33.441182],[132.523956,33.43889],[132.518463,33.441182],[132.517776,33.442328],[132.51915,33.445193],[132.51915,33.450922],[132.522583,33.450922],[132.524643,33.452068],[132.526703,33.451495],[132.528763,33.453214]]],[[[132.545242,33.448058],[132.553482,33.444047],[132.560349,33.442328],[132.559662,33.440609],[132.552795,33.437172],[132.551422,33.438318],[132.550049,33.438318],[132.550049,33.440036],[132.539062,33.43889],[132.545242,33.448058]]]]}},{"type":"Feature","properties":{"layer_id":"bakumatsu_villages","name":"久枝村","address":"伊予 宇和郡","source":"Geoshape 幕末期近世村領域データセット vector tiles (z7 extraction)","subarea_name":"近世村のおおよその範囲","feature_key":"village:K56G14S00112","accuracy_note":"2015年農業集落境界をもとに復元した概略範囲で、江戸時代の正確な村境ではありません"},"geometry":{"type":"MultiPolygon","coordinates":[[[[132.499237,33.375266],[132.50267,33.372398],[132.504044,33.368384],[132.497864,33.366664],[132.494431,33.366664],[132.493057,33.370105],[132.49649,33.370678],[132.499237,33.375266]]],[[[132.501984,33.367811],[132.501984,33.367237],[132.50061,33.366664],[132.50061,33.36437],[132.503357,33.359782],[132.50267,33.355194],[132.499924,33.355194],[132.497864,33.358062],[132.495117,33.358635],[132.491684,33.356341],[132.491684,33.357488],[132.492371,33.358062],[132.490997,33.361503],[132.491684,33.362076],[132.491684,33.36437],[132.493057,33.364944],[132.492371,33.365517],[132.494431,33.366664],[132.497864,33.366664],[132.501984,33.367811]]]]}},{"type":"Feature","properties":{"layer_id":"bakumatsu_villages","name":"二及浦","address":"伊予 宇和郡","source":"Geoshape 幕末期近世村領域データセット vector tiles (z7 extraction)","subarea_name":"近世村のおおよその範囲","feature_key":"village:K56G14S00181","accuracy_note":"2015年農業集落境界をもとに復元した概略範囲で、江戸時代の正確な村境ではありません"},"geometry":{"type":"MultiPolygon","coordinates":[[[[132.397614,33.38788],[132.399673,33.385013],[132.407913,33.380999],[132.40654,33.379853],[132.407227,33.377559],[132.40448,33.376986],[132.40448,33.376412],[132.40242,33.375266],[132.403107,33.373545],[132.405167,33.374119],[132.403793,33.371825],[132.401047,33.372398],[132.398987,33.375266],[132.396927,33.376412],[132.3983,33.380999],[132.395554,33.38616],[132.39624,33.38788],[132.397614,33.38788]]],[[[132.384567,33.36265],[132.39006,33.366664],[132.39212,33.371252],[132.396927,33.376412],[132.398987,33.375266],[132.401047,33.372398],[132.403793,33.371825],[132.40448,33.370678],[132.398987,33.371252],[132.395554,33.370105],[132.39624,33.369531],[132.395554,33.368958],[132.39418,33.368958],[132.39006,33.365517],[132.384567,33.36265]]]]}},{"type":"Feature","properties":{"layer_id":"bakumatsu_villages","name":"伊延村","address":"伊予 宇和郡","source":"Geoshape 幕末期近世村領域データセット vector tiles (z7 extraction)","subarea_name":"近世村のおおよその範囲","feature_key":"village:K56G14S00114","accuracy_note":"2015年農業集落境界をもとに復元した概略範囲で、江戸時代の正確な村境ではありません"},"geometry":{"type":"MultiPolygon","coordinates":[[[[132.480011,33.424565],[132.486877,33.417687],[132.488937,33.411956],[132.487564,33.409663],[132.483444,33.40909],[132.482071,33.408517],[132.481384,33.412529],[132.478638,33.415395],[132.477951,33.417687],[132.475204,33.417687],[132.475891,33.421126],[132.480011,33.424565]]],[[[132.483444,33.43316],[132.486877,33.430868],[132.492371,33.429722],[132.49649,33.424565],[132.494431,33.422845],[132.484818,33.424565],[132.482071,33.426284],[132.481384,33.42743],[132.482071,33.431441],[132.483444,33.43316]]],[[[132.482071,33.426284],[132.485504,33.424565],[132.492371,33.423992],[132.494431,33.422845],[132.494431,33.41998],[132.49649,33.414249],[132.493744,33.411383],[132.490997,33.411383],[132.488937,33.411956],[132.486191,33.41826],[132.480011,33.424565],[132.482071,33.426284]]],[[[132.501984,33.432014],[132.503357,33.429722],[132.501297,33.423992],[132.495804,33.423992],[132.49649,33.424565],[132.492371,33.429722],[132.501984,33.432014]]]]}},{"type":"Feature","properties":{"layer_id":"bakumatsu_villages","name":"伊賀上村","address":"伊予 宇和郡","source":"Geoshape 幕末期近世村領域データセット vector tiles (z7 extraction)","subarea_name":"近世村のおおよその範囲","feature_key":"village:K56G14S00113","accuracy_note":"2015年農業集落境界をもとに復元した概略範囲で、江戸時代の正確な村境ではありません"},"geometry":{"type":"Polygon","coordinates":[[[132.517776,33.358062],[132.517776,33.359209],[132.522583,33.358062],[132.522583,33.356341],[132.526016,33.355767],[132.52739,33.353473],[132.52739,33.352326],[132.523956,33.351179],[132.52327,33.348311],[132.523956,33.343722],[132.52327,33.339133],[132.517776,33.337412],[132.51297,33.335118],[132.50679,33.335118],[132.501297,33.337986],[132.497177,33.339133],[132.49649,33.342002],[132.490311,33.343149],[132.489624,33.344296],[132.493744,33.351179],[132.499924,33.355194],[132.510223,33.35462],[132.516403,33.356341],[132.517776,33.357488],[132.517776,33.358062]]]}},{"type":"Feature","properties":{"layer_id":"bakumatsu_villages","name":"俵津浦","address":"伊予 宇和郡","source":"Geoshape 幕末期近世村領域データセット vector tiles (z7 extraction)","subarea_name":"近世村のおおよその範囲","feature_key":"village:K56G14S00171","accuracy_note":"2015年農業集落境界をもとに復元した概略範囲で、江戸時代の正確な村境ではありません"},"geometry":{"type":"MultiPolygon","coordinates":[[[[132.468338,33.350032],[132.474518,33.349458],[132.477264,33.347738],[132.482758,33.347738],[132.484818,33.344296],[132.488937,33.34487],[132.490311,33.343149],[132.494431,33.342575],[132.488251,33.33397],[132.488251,33.329381],[132.480011,33.326512],[132.478638,33.329381],[132.472458,33.329955],[132.470398,33.331676],[132.462845,33.333397],[132.458725,33.335691],[132.457352,33.339707],[132.466965,33.347738],[132.468338,33.350032]]],[[[132.494431,33.342575],[132.49649,33.342002],[132.497177,33.339133],[132.499924,33.337986],[132.494431,33.330528],[132.493744,33.326512],[132.490311,33.325939],[132.488251,33.323644],[132.488937,33.321922],[132.486191,33.321349],[132.489624,33.319627],[132.489624,33.316185],[132.488251,33.31848],[132.486191,33.319627],[132.480698,33.324791],[132.480011,33.326512],[132.488251,33.329381],[132.488251,33.33397],[132.494431,33.342575]]],[[[132.497177,33.314463],[132.495804,33.315037],[132.49649,33.315611],[132.49649,33.31848],[132.494431,33.319627],[132.495117,33.322496],[132.493057,33.323644],[132.492371,33.325939],[132.494431,33.330528],[132.499924,33.337986],[132.501297,33.337986],[132.50679,33.335118],[132.50679,33.330528],[132.501297,33.32766],[132.499924,33.319053],[132.497177,33.315037],[132.497177,33.314463]]],[[[132.497177,33.314463],[132.497864,33.312168],[132.49649,33.313315],[132.497177,33.314463]]]]}},{"type":"Feature","properties":{"layer_id":"bakumatsu_villages","name":"加茂村","address":"伊予 宇和郡","source":"Geoshape 幕末期近世村領域データセット vector tiles (z7 extraction)","subarea_name":"近世村のおおよその範囲","feature_key":"village:K56G14S00119","accuracy_note":"2015年農業集落境界をもとに復元した概略範囲で、江戸時代の正確な村境ではありません"},"geometry":{"type":"Polygon","coordinates":[[[132.50885,33.405078],[132.510223,33.403931],[132.51297,33.404504],[132.516403,33.403358],[132.52327,33.403358],[132.52327,33.400492],[132.517776,33.394186],[132.51503,33.394186],[132.512283,33.397052],[132.50679,33.397052],[132.507477,33.397626],[132.507477,33.402212],[132.50885,33.405078]]]}},{"type":"Feature","properties":{"layer_id":"bakumatsu_villages","name":"卯ノ町","address":"伊予 宇和郡","source":"Geoshape 幕末期近世村領域データセット vector tiles (z7 extraction)","subarea_name":"近世村のおおよその範囲","feature_key":"village:K56G14S00103","accuracy_note":"2015年農業集落境界をもとに復元した概略範囲で、江戸時代の正確な村境ではありません"},"geometry":{"type":"MultiPolygon","coordinates":[[[[132.50473,33.368384],[132.50679,33.364944],[132.503357,33.360356],[132.50061,33.36437],[132.50061,33.366664],[132.501984,33.367237],[132.501984,33.367811],[132.50473,33.368384]]],[[[132.515717,33.376412],[132.516403,33.371252],[132.515717,33.369531],[132.51915,33.367237],[132.518463,33.364944],[132.52121,33.363797],[132.520523,33.362076],[132.517776,33.36265],[132.518463,33.360356],[132.519836,33.360356],[132.518463,33.359209],[132.517776,33.359209],[132.516403,33.360929],[132.514343,33.361503],[132.514343,33.362076],[132.513657,33.36265],[132.512283,33.362076],[132.510223,33.36265],[132.510223,33.363797],[132.50885,33.364944],[132.509537,33.365517],[132.508163,33.369531],[132.511597,33.375266],[132.515717,33.376412]]],[[[132.50473,33.372398],[132.50473,33.370105],[132.508163,33.369531],[132.509537,33.365517],[132.50885,33.364944],[132.510223,33.363797],[132.510223,33.363223],[132.506104,33.359782],[132.503357,33.359782],[132.50679,33.364944],[132.505417,33.367811],[132.503357,33.368384],[132.50267,33.372398],[132.50473,33.372398]]],[[[132.517776,33.358062],[132.517776,33.357488],[132.513657,33.356341],[132.51297,33.35462],[132.508163,33.354047],[132.50267,33.355194],[132.503357,33.359782],[132.506104,33.359782],[132.510223,33.363223],[132.512283,33.362076],[132.513657,33.36265],[132.51709,33.360356],[132.517776,33.358062]]]]}},{"type":"Feature","properties":{"layer_id":"bakumatsu_villages","name":"古市村","address":"伊予 宇和郡","source":"Geoshape 幕末期近世村領域データセット vector tiles (z7 extraction)","subarea_name":"近世村のおおよその範囲","feature_key":"village:K56G14S00075","accuracy_note":"2015年農業集落境界をもとに復元した概略範囲で、江戸時代の正確な村境ではありません"},"geometry":{"type":"MultiPolygon","coordinates":[[[[132.761536,33.376412],[132.764282,33.374692],[132.776642,33.369531],[132.779388,33.363223],[132.779388,33.355767],[132.773209,33.351179],[132.760162,33.347164],[132.755356,33.343722],[132.753983,33.347164],[132.754669,33.351179],[132.752609,33.355767],[132.753296,33.358635],[132.752609,33.362076],[132.751236,33.36437],[132.752609,33.367811],[132.757416,33.370678],[132.760162,33.375839],[132.761536,33.376412]]],[[[132.771835,33.379279],[132.773209,33.376412],[132.783508,33.375839],[132.776642,33.369531],[132.764282,33.374692],[132.761536,33.376412],[132.771149,33.379279],[132.771835,33.379279]]],[[[132.796555,33.393039],[132.798615,33.390746],[132.802734,33.388453],[132.801361,33.38616],[132.798615,33.385013],[132.795868,33.376986],[132.792435,33.375839],[132.773209,33.376412],[132.771835,33.379279],[132.776642,33.385013],[132.780075,33.390746],[132.784195,33.390746],[132.793808,33.393039],[132.796555,33.393039]]],[[[132.792435,33.375839],[132.789001,33.370105],[132.784882,33.367811],[132.782135,33.367811],[132.779388,33.363223],[132.777328,33.366664],[132.776642,33.369531],[132.778015,33.370105],[132.777328,33.371252],[132.783508,33.375839],[132.792435,33.375839]]]]}},{"type":"Feature","properties":{"layer_id":"bakumatsu_villages","name":"周木浦","address":"伊予 宇和郡","source":"Geoshape 幕末期近世村領域データセット vector tiles (z7 extraction)","subarea_name":"近世村のおおよその範囲","feature_key":"village:K56G14S00182","accuracy_note":"2015年農業集落境界をもとに復元した概略範囲で、江戸時代の正確な村境ではありません"},"geometry":{"type":"MultiPolygon","coordinates":[[[[132.386627,33.38788],[132.388,33.385586],[132.390747,33.38616],[132.39212,33.387306],[132.39624,33.38788],[132.395554,33.385586],[132.3983,33.380999],[132.396927,33.376986],[132.39212,33.371252],[132.39006,33.366664],[132.383881,33.36265],[132.388687,33.367237],[132.388687,33.372398],[132.388,33.372972],[132.386627,33.370678],[132.387314,33.375266],[132.385941,33.376986],[132.384567,33.376986],[132.383194,33.382146],[132.380447,33.385013],[132.378387,33.385013],[132.379761,33.386733],[132.385254,33.38788],[132.386627,33.38788]]],[[[132.385941,33.369531],[132.385941,33.367811],[132.379761,33.364944],[132.380447,33.366091],[132.385941,33.369531]]]]}},{"type":"Feature","properties":{"layer_id":"bakumatsu_villages","name":"和泉村","address":"伊予 宇和郡","source":"Geoshape 幕末期近世村領域データセット vector tiles (z7 extraction)","subarea_name":"近世村のおおよその範囲","feature_key":"village:K56G14S00250","accuracy_note":"2015年農業集落境界をもとに復元した概略範囲で、江戸時代の正確な村境ではありません"},"geometry":{"type":"Polygon","coordinates":[[[132.436066,33.410236],[132.447052,33.407944],[132.450485,33.408517],[132.449112,33.405651],[132.451172,33.401638],[132.449112,33.398772],[132.450485,33.393613],[132.439499,33.395332],[132.434692,33.394759],[132.430573,33.399919],[132.428513,33.399345],[132.424393,33.402212],[132.421646,33.402785],[132.420959,33.402212],[132.420959,33.403931],[132.425766,33.407944],[132.430573,33.407944],[132.433319,33.409663],[132.436066,33.410236]]]}},{"type":"Feature","properties":{"layer_id":"bakumatsu_villages","name":"嘉喜尾村","address":"伊予 宇和郡","source":"Geoshape 幕末期近世村領域データセット vector tiles (z7 extraction)","subarea_name":"近世村のおおよその範囲","feature_key":"village:K56G14S00072","accuracy_note":"2015年農業集落境界をもとに復元した概略範囲で、江戸時代の正確な村境ではありません"},"geometry":{"type":"MultiPolygon","coordinates":[[[[132.737503,33.406797],[132.742996,33.405078],[132.745743,33.403931],[132.747116,33.401638],[132.749863,33.401638],[132.750549,33.400492],[132.739563,33.397052],[132.735443,33.396479],[132.73407,33.397626],[132.73613,33.401065],[132.735443,33.403358],[132.73407,33.405078],[132.735443,33.405651],[132.737503,33.406797]]],[[[132.749863,33.400492],[132.756042,33.397626],[132.756729,33.392466],[132.746429,33.390173],[132.742996,33.391893],[132.73613,33.391893],[132.73407,33.394186],[132.735443,33.396479],[132.739563,33.397052],[132.749863,33.400492]]],[[[132.746429,33.415968],[132.754669,33.41081],[132.759476,33.410236],[132.762909,33.40737],[132.756042,33.401065],[132.756042,33.397626],[132.751236,33.399919],[132.749863,33.401638],[132.747116,33.401638],[132.74437,33.404504],[132.736816,33.406797],[132.74231,33.411956],[132.742996,33.415395],[132.746429,33.415968]]],[[[132.736816,33.392466],[132.742996,33.391893],[132.747116,33.390173],[132.756729,33.391893],[132.756729,33.388453],[132.750549,33.38616],[132.742996,33.385586],[132.73819,33.38272],[132.735443,33.38272],[132.734756,33.380999],[132.735443,33.379279],[132.73613,33.379279],[132.734756,33.378133],[132.730637,33.379279],[132.732697,33.380426],[132.730637,33.382146],[132.730637,33.38616],[132.732697,33.390173],[132.73613,33.391319],[132.736816,33.392466]]]]}},{"type":"Feature","properties":{"layer_id":"bakumatsu_villages","name":"四郎ヶ谷村","address":"伊予 宇和郡","source":"Geoshape 幕末期近世村領域データセット vector tiles (z7 extraction)","subarea_name":"近世村のおおよその範囲","feature_key":"village:K56G14S00084","accuracy_note":"2015年農業集落境界をもとに復元した概略範囲で、江戸時代の正確な村境ではありません"},"geometry":{"type":"MultiPolygon","coordinates":[[[[132.599487,33.403358],[132.602234,33.402212],[132.604294,33.402785],[132.611847,33.400492],[132.612534,33.398772],[132.61528,33.398772],[132.61528,33.394186],[132.611847,33.391893],[132.608414,33.391893],[132.599487,33.395332],[132.596054,33.395906],[132.594681,33.399919],[132.595367,33.401638],[132.599487,33.403358]]],[[[132.599487,33.395906],[132.601547,33.394186],[132.605667,33.385586],[132.598801,33.387306],[132.599487,33.389026],[132.596054,33.395906],[132.599487,33.395906]]],[[[132.598801,33.387306],[132.608414,33.38444],[132.606354,33.379279],[132.600861,33.377559],[132.599487,33.375839],[132.597427,33.375839],[132.591934,33.368958],[132.590561,33.365517],[132.582321,33.366664],[132.581635,33.367811],[132.585068,33.372972],[132.587128,33.379279],[132.593994,33.385586],[132.598801,33.387306]]],[[[132.61528,33.394186],[132.61734,33.392466],[132.611847,33.389026],[132.606354,33.388453],[132.602921,33.390746],[132.601547,33.394186],[132.60704,33.391893],[132.610474,33.391893],[132.61528,33.394186]]],[[[132.61734,33.392466],[132.618027,33.391893],[132.620773,33.38616],[132.620773,33.382146],[132.61734,33.379279],[132.620773,33.374692],[132.620087,33.371825],[132.61734,33.372972],[132.61322,33.370678],[132.6091,33.370678],[132.6091,33.375839],[132.60704,33.376412],[132.606354,33.378706],[132.608414,33.38444],[132.605667,33.385586],[132.60498,33.388453],[132.609787,33.388453],[132.614594,33.390173],[132.61734,33.392466]]],[[[132.606354,33.379279],[132.60704,33.376412],[132.6091,33.375839],[132.6091,33.370105],[132.61322,33.370678],[132.61734,33.372972],[132.620773,33.371252],[132.618713,33.358062],[132.61734,33.361503],[132.61528,33.361503],[132.610474,33.355194],[132.606354,33.354047],[132.60498,33.351753],[132.602921,33.351753],[132.602234,33.3529],[132.602234,33.356915],[132.596741,33.36265],[132.590561,33.365517],[132.596054,33.374119],[132.600861,33.377559],[132.606354,33.379279]]]]}},{"type":"Feature","properties":{"layer_id":"bakumatsu_villages","name":"土居村","address":"伊予 宇和郡","source":"Geoshape 幕末期近世村領域データセット vector tiles (z7 extraction)","subarea_name":"近世村のおおよその範囲","feature_key":"village:K56G14S00074","accuracy_note":"2015年農業集落境界をもとに復元した概略範囲で、江戸時代の正確な村境ではありません"},"geometry":{"type":"MultiPolygon","coordinates":[[[[132.760162,33.405078],[132.760849,33.402785],[132.764282,33.401638],[132.765656,33.398199],[132.769089,33.395332],[132.769089,33.393613],[132.767715,33.392466],[132.767715,33.38788],[132.766342,33.38788],[132.756729,33.392466],[132.756042,33.400492],[132.760162,33.405078]]],[[[132.756729,33.392466],[132.766342,33.38788],[132.767715,33.38788],[132.769089,33.386733],[132.769089,33.385013],[132.758789,33.385586],[132.756729,33.389026],[132.756729,33.392466]]],[[[132.758789,33.385586],[132.767715,33.385013],[132.767715,33.380999],[132.769775,33.380999],[132.771149,33.379279],[132.760162,33.376412],[132.758789,33.382146],[132.758789,33.385586]]],[[[132.769089,33.395332],[132.780075,33.390746],[132.776642,33.385013],[132.769775,33.385586],[132.769089,33.385013],[132.769089,33.386733],[132.767029,33.388453],[132.768402,33.390746],[132.767715,33.392466],[132.769089,33.393613],[132.769089,33.395332]]],[[[132.769775,33.385586],[132.776642,33.385013],[132.771835,33.379279],[132.767715,33.380999],[132.767715,33.385013],[132.769775,33.385586]]]]}},{"type":"Feature","properties":{"layer_id":"bakumatsu_villages","name":"坂戸村","address":"伊予 宇和郡","source":"Geoshape 幕末期近世村領域データセット vector tiles (z7 extraction)","subarea_name":"近世村のおおよその範囲","feature_key":"village:K56G14S00125","accuracy_note":"2015年農業集落境界をもとに復元した概略範囲で、江戸時代の正確な村境ではありません"},"geometry":{"type":"Polygon","coordinates":[[[132.50679,33.397626],[132.508163,33.397052],[132.512283,33.397052],[132.51503,33.394186],[132.517776,33.394186],[132.51709,33.391893],[132.518463,33.3896],[132.518463,33.385013],[132.51709,33.38444],[132.516403,33.382146],[132.50885,33.38616],[132.499237,33.38616],[132.50267,33.395332],[132.50679,33.397626]]]}},{"type":"Feature","properties":{"layer_id":"bakumatsu_villages","name":"坂石村","address":"伊予 宇和郡","source":"Geoshape 幕末期近世村領域データセット vector tiles (z7 extraction)","subarea_name":"近世村のおおよその範囲","feature_key":"village:K56G14S00082","accuracy_note":"2015年農業集落境界をもとに復元した概略範囲で、江戸時代の正確な村境ではありません"},"geometry":{"type":"MultiPolygon","coordinates":[[[[132.705917,33.421126],[132.707291,33.41826],[132.710037,33.415968],[132.707977,33.413102],[132.702484,33.415968],[132.701797,33.417114],[132.701797,33.41998],[132.704544,33.41998],[132.705917,33.421126]]],[[[132.711411,33.426857],[132.71553,33.423418],[132.716217,33.420553],[132.714844,33.419407],[132.71759,33.415395],[132.716217,33.414822],[132.71347,33.415968],[132.710037,33.415968],[132.707291,33.41826],[132.705917,33.421126],[132.706604,33.424565],[132.711411,33.426857]]],[[[132.710037,33.415968],[132.710037,33.412529],[132.71347,33.412529],[132.71553,33.41081],[132.714157,33.406224],[132.71553,33.404504],[132.71553,33.399345],[132.712097,33.398199],[132.710724,33.395332],[132.707977,33.395906],[132.706604,33.394186],[132.704544,33.397052],[132.701797,33.398772],[132.701111,33.403931],[132.703171,33.403931],[132.708664,33.408517],[132.707977,33.413102],[132.710037,33.415968]]],[[[132.710037,33.415968],[132.71553,33.415395],[132.71759,33.412529],[132.725143,33.412529],[132.726517,33.410236],[132.71965,33.403358],[132.71553,33.402212],[132.714157,33.406224],[132.71553,33.41081],[132.71347,33.412529],[132.710037,33.412529],[132.710037,33.415968]]],[[[132.726517,33.410236],[132.72995,33.406224],[132.733383,33.406797],[132.734756,33.405078],[132.734756,33.403931],[132.73201,33.402785],[132.726517,33.403931],[132.721024,33.403358],[132.720337,33.404504],[132.726517,33.410236]]]]}},{"type":"Feature","properties":{"layer_id":"bakumatsu_villages","name":"垣生浦","address":"伊予 宇和郡","source":"Geoshape 幕末期近世村領域データセット vector tiles (z7 extraction)","subarea_name":"近世村のおおよその範囲","feature_key":"village:K56G14S00180","accuracy_note":"2015年農業集落境界をもとに復元した概略範囲で、江戸時代の正確な村境ではありません"},"geometry":{"type":"Polygon","coordinates":[[[132.409973,33.401638],[132.41478,33.400492],[132.4189,33.401065],[132.420273,33.398772],[132.420959,33.392466],[132.416153,33.3896],[132.41478,33.38788],[132.415466,33.38444],[132.41478,33.38272],[132.41272,33.385013],[132.409973,33.38444],[132.409973,33.380426],[132.407227,33.377559],[132.40654,33.379853],[132.407913,33.380999],[132.40654,33.381573],[132.399673,33.385013],[132.397614,33.387306],[132.398987,33.391319],[132.4086,33.398772],[132.409973,33.401638]]]}},{"type":"Feature","properties":{"layer_id":"bakumatsu_villages","name":"多野中村","address":"伊予 宇和郡","source":"Geoshape 幕末期近世村領域データセット vector tiles (z7 extraction)","subarea_name":"近世村のおおよその範囲","feature_key":"village:K56G14S00126","accuracy_note":"2015年農業集落境界をもとに復元した概略範囲で、江戸時代の正確な村境ではありません"},"geometry":{"type":"MultiPolygon","coordinates":[[[[132.550049,33.424565],[132.552795,33.423992],[132.554169,33.421126],[132.556229,33.41998],[132.556915,33.415395],[132.555542,33.410236],[132.547302,33.409663],[132.541122,33.41081],[132.532196,33.409663],[132.52739,33.411956],[132.526016,33.414249],[132.522583,33.414249],[132.516403,33.412529],[132.51091,33.411956],[132.508163,33.412529],[132.505417,33.414822],[132.508163,33.418834],[132.507477,33.421699],[132.512283,33.422845],[132.512283,33.421126],[132.51503,33.420553],[132.518463,33.422272],[132.524643,33.423418],[132.52533,33.424565],[132.531509,33.424565],[132.538376,33.421699],[132.546616,33.424565],[132.550049,33.424565]]],[[[132.528076,33.411383],[132.532883,33.409663],[132.541122,33.41081],[132.548676,33.409663],[132.543869,33.405078],[132.541122,33.405078],[132.539749,33.403358],[132.537689,33.402785],[132.535629,33.399919],[132.529449,33.400492],[132.526703,33.399345],[132.52327,33.400492],[132.523956,33.410236],[132.528076,33.411383]]],[[[132.529449,33.400492],[132.532196,33.399345],[132.535629,33.399919],[132.534943,33.398772],[132.532196,33.397626],[132.530823,33.392466],[132.526016,33.393613],[132.52121,33.397626],[132.52327,33.400492],[132.526703,33.399345],[132.529449,33.400492]]],[[[132.532196,33.397626],[132.540436,33.395906],[132.539749,33.393039],[132.537003,33.392466],[132.531509,33.394186],[132.532196,33.397626]]],[[[132.555542,33.410236],[132.556229,33.40737],[132.558289,33.406797],[132.557602,33.404504],[132.558289,33.401638],[132.557602,33.399345],[132.559662,33.394759],[132.558975,33.393039],[132.549362,33.392466],[132.545929,33.393613],[132.539749,33.393039],[132.540436,33.395906],[132.532196,33.397626],[132.534943,33.398772],[132.537689,33.402785],[132.539749,33.403358],[132.541122,33.405078],[132.543869,33.405078],[132.548676,33.409663],[132.555542,33.410236]]]]}},{"type":"Feature","properties":{"layer_id":"bakumatsu_villages","name":"大江村","address":"伊予 宇和郡","source":"Geoshape 幕末期近世村領域データセット vector tiles (z7 extraction)","subarea_name":"近世村のおおよその範囲","feature_key":"village:K56G14S00118","accuracy_note":"2015年農業集落境界をもとに復元した概略範囲で、江戸時代の正確な村境ではありません"},"geometry":{"type":"Polygon","coordinates":[[[132.505417,33.414822],[132.508163,33.412529],[132.51091,33.411956],[132.516403,33.412529],[132.521896,33.414249],[132.52533,33.414249],[132.528076,33.411383],[132.52327,33.410236],[132.52327,33.407944],[132.523956,33.406224],[132.522583,33.403358],[132.516403,33.403358],[132.51297,33.404504],[132.510223,33.403931],[132.510223,33.404504],[132.50679,33.405651],[132.501984,33.414249],[132.505417,33.414822]]]}},{"type":"Feature","properties":{"layer_id":"bakumatsu_villages","name":"安土浦","address":"伊予 宇和郡","source":"Geoshape 幕末期近世村領域データセット vector tiles (z7 extraction)","subarea_name":"近世村のおおよその範囲","feature_key":"village:K56G14S00178","accuracy_note":"2015年農業集落境界をもとに復元した概略範囲で、江戸時代の正確な村境ではありません"},"geometry":{"type":"Polygon","coordinates":[[[132.419586,33.379853],[132.421646,33.379279],[132.423019,33.378133],[132.419586,33.376412],[132.418213,33.370678],[132.41478,33.378133],[132.416153,33.379279],[132.418213,33.379279],[132.420273,33.378133],[132.419586,33.379853]]]}},{"type":"Feature","properties":{"layer_id":"bakumatsu_villages","name":"富ノ川村","address":"伊予 宇和郡","source":"Geoshape 幕末期近世村領域データセット vector tiles (z7 extraction)","subarea_name":"近世村のおおよその範囲","feature_key":"village:K56G14S00088","accuracy_note":"2015年農業集落境界をもとに復元した概略範囲で、江戸時代の正確な村境ではありません"},"geometry":{"type":"MultiPolygon","coordinates":[[[[132.600174,33.43889],[132.610474,33.436026],[132.611847,33.435453],[132.61116,33.43316],[132.61322,33.432014],[132.61528,33.425138],[132.61116,33.421126],[132.61322,33.418834],[132.609787,33.420553],[132.605667,33.417687],[132.599487,33.418834],[132.598114,33.423418],[132.598114,33.428576],[132.593994,33.435453],[132.597427,33.438318],[132.600174,33.43889]]],[[[132.61322,33.418834],[132.61116,33.421126],[132.614594,33.424565],[132.616653,33.424565],[132.618713,33.421699],[132.614594,33.418834],[132.61322,33.418834]]],[[[132.612534,33.418834],[132.613907,33.416541],[132.612534,33.417114],[132.610474,33.416541],[132.60704,33.411383],[132.607727,33.414822],[132.605667,33.417687],[132.609787,33.420553],[132.612534,33.418834]]],[[[132.613907,33.416541],[132.61528,33.417114],[132.613907,33.415968],[132.613907,33.416541]]],[[[132.613907,33.416541],[132.612534,33.418834],[132.614594,33.418834],[132.618713,33.421699],[132.614594,33.413675],[132.612534,33.412529],[132.60704,33.411383],[132.610474,33.416541],[132.612534,33.417114],[132.613907,33.416541]],[[132.613907,33.416541],[132.613907,33.415968],[132.61528,33.417114],[132.613907,33.416541]]],[[[132.618713,33.421699],[132.620773,33.418834],[132.62352,33.41826],[132.620087,33.414249],[132.618713,33.414249],[132.620087,33.413675],[132.618713,33.406224],[132.61528,33.398772],[132.60498,33.402785],[132.602921,33.406797],[132.60704,33.411383],[132.612534,33.412529],[132.614594,33.413675],[132.618713,33.421699]]],[[[132.62352,33.41826],[132.626953,33.417114],[132.628326,33.413102],[132.626266,33.413102],[132.62352,33.405078],[132.6194,33.402212],[132.615967,33.401065],[132.618713,33.406224],[132.620087,33.413675],[132.618713,33.414249],[132.620087,33.414249],[132.62352,33.41826]]],[[[132.626953,33.417114],[132.628326,33.415395],[132.632446,33.414249],[132.633133,33.413102],[132.63588,33.413102],[132.636566,33.41081],[132.6297,33.40737],[132.62764,33.405078],[132.626953,33.402785],[132.62352,33.401065],[132.61528,33.398772],[132.615967,33.401065],[132.6194,33.402212],[132.62352,33.405078],[132.626266,33.413102],[132.628326,33.413102],[132.626953,33.417114]]]]}},{"type":"Feature","properties":{"layer_id":"bakumatsu_villages","name":"小原村","address":"伊予 宇和郡","source":"Geoshape 幕末期近世村領域データセット vector tiles (z7 extraction)","subarea_name":"近世村のおおよその範囲","feature_key":"village:K56G14S00105","accuracy_note":"2015年農業集落境界をもとに復元した概略範囲で、江戸時代の正確な村境ではありません"},"geometry":{"type":"Polygon","coordinates":[[[132.488251,33.391319],[132.489624,33.390173],[132.489624,33.389026],[132.488937,33.390173],[132.488251,33.38788],[132.487564,33.38788],[132.488251,33.386733],[132.483444,33.386733],[132.485504,33.383866],[132.476578,33.38616],[132.479324,33.394759],[132.486191,33.399919],[132.486191,33.394186],[132.488937,33.392466],[132.488251,33.391319]],[[132.488251,33.391319],[132.486877,33.3896],[132.487564,33.388453],[132.488251,33.391319]]]}},{"type":"Feature","properties":{"layer_id":"bakumatsu_villages","name":"小屋村","address":"伊予 浮穴郡","source":"Geoshape 幕末期近世村領域データセット vector tiles (z7 extraction)","subarea_name":"近世村のおおよその範囲","feature_key":"village:K56G11S00057","accuracy_note":"2015年農業集落境界をもとに復元した概略範囲で、江戸時代の正確な村境ではありません"},"geometry":{"type":"MultiPolygon","coordinates":[[[[132.802734,33.498461],[132.806854,33.49617],[132.808228,33.493307],[132.816467,33.48529],[132.816467,33.484717],[132.810287,33.476699],[132.806168,33.476127],[132.805481,33.480136],[132.786255,33.487581],[132.786255,33.488726],[132.790375,33.488153],[132.791061,33.489299],[132.790375,33.491589],[132.794495,33.495598],[132.802734,33.498461]]],[[[132.814407,33.507049],[132.815094,33.501896],[132.817154,33.502469],[132.817841,33.501324],[132.817841,33.496743],[132.818527,33.493307],[132.817841,33.492162],[132.813034,33.493307],[132.811661,33.494453],[132.809601,33.49388],[132.808914,33.492162],[132.808228,33.492735],[132.806854,33.49617],[132.802734,33.498461],[132.804794,33.504187],[132.810974,33.507049],[132.814407,33.507049]]],[[[132.810974,33.494453],[132.817154,33.492162],[132.819214,33.49388],[132.82402,33.491017],[132.818527,33.488153],[132.816467,33.48529],[132.808914,33.492162],[132.810974,33.494453]]],[[[132.82196,33.489871],[132.8302,33.474408],[132.828827,33.474981],[132.826767,33.47269],[132.819901,33.47269],[132.820587,33.470399],[132.819901,33.468681],[132.818527,33.466962],[132.814407,33.464671],[132.811661,33.46639],[132.810974,33.469254],[132.805481,33.476127],[132.810287,33.476699],[132.815094,33.482427],[132.817154,33.486435],[132.82196,33.489871]]],[[[132.84256,33.521934],[132.84462,33.520217],[132.84668,33.511629],[132.850113,33.509912],[132.854919,33.509339],[132.861099,33.505332],[132.865219,33.504187],[132.864532,33.496743],[132.859039,33.494453],[132.854919,33.495598],[132.8508,33.49388],[132.843933,33.493307],[132.828827,33.488153],[132.82402,33.488153],[132.82196,33.489871],[132.82402,33.491017],[132.819901,33.49388],[132.818527,33.493307],[132.817841,33.496743],[132.817841,33.501324],[132.819901,33.500179],[132.82814,33.504187],[132.827454,33.507049],[132.832947,33.512774],[132.833633,33.519644],[132.839127,33.521934],[132.84256,33.521934]]],[[[132.823334,33.486435],[132.827454,33.485863],[132.83432,33.480136],[132.835007,33.474408],[132.833633,33.474408],[132.83226,33.476127],[132.8302,33.474408],[132.829514,33.475554],[132.825394,33.484717],[132.823334,33.486435]]],[[[132.8508,33.49388],[132.852173,33.488726],[132.854233,33.487581],[132.854919,33.485863],[132.851486,33.484145],[132.851486,33.482427],[132.843246,33.477845],[132.839127,33.474408],[132.835007,33.474408],[132.83432,33.480136],[132.827454,33.485863],[132.824707,33.485863],[132.822647,33.487581],[132.822647,33.488726],[132.82814,33.488153],[132.843933,33.493307],[132.8508,33.49388]]],[[[132.865219,33.500751],[132.870026,33.500179],[132.873459,33.497888],[132.874832,33.499606],[132.878952,33.500179],[132.883072,33.497888],[132.890625,33.498461],[132.895432,33.497888],[132.896805,33.491589],[132.900925,33.486435],[132.900925,33.482427],[132.896118,33.478418],[132.895432,33.476127],[132.900238,33.470399],[132.897491,33.470972],[132.893372,33.47269],[132.888565,33.473836],[132.887192,33.47269],[132.883759,33.473263],[132.881012,33.470972],[132.876892,33.472117],[132.873459,33.471545],[132.865219,33.472117],[132.859726,33.476127],[132.847366,33.479563],[132.851486,33.482427],[132.851486,33.484145],[132.854919,33.485863],[132.854233,33.487581],[132.852173,33.488726],[132.8508,33.49388],[132.854919,33.495598],[132.859039,33.494453],[132.863846,33.49617],[132.865219,33.500751]]]]}},{"type":"Feature","properties":{"layer_id":"bakumatsu_villages","name":"小野田村","address":"伊予 宇和郡","source":"Geoshape 幕末期近世村領域データセット vector tiles (z7 extraction)","subarea_name":"近世村のおおよその範囲","feature_key":"village:K56G14S00111","accuracy_note":"2015年農業集落境界をもとに復元した概略範囲で、江戸時代の正確な村境ではありません"},"geometry":{"type":"Polygon","coordinates":[[[132.495117,33.375839],[132.494431,33.374692],[132.495804,33.374692],[132.49649,33.375266],[132.49855,33.373545],[132.49649,33.370678],[132.493057,33.370105],[132.494431,33.366664],[132.492371,33.365517],[132.493057,33.364944],[132.491684,33.36437],[132.491684,33.362076],[132.486877,33.358635],[132.476578,33.359209],[132.471085,33.358062],[132.469025,33.359209],[132.474518,33.364944],[132.478638,33.366091],[132.484818,33.371252],[132.487564,33.371825],[132.491684,33.374692],[132.493057,33.374692],[132.493744,33.375839],[132.495117,33.375839]]]}},{"type":"Feature","properties":{"layer_id":"bakumatsu_villages","name":"山田村","address":"伊予 宇和郡","source":"Geoshape 幕末期近世村領域データセット vector tiles (z7 extraction)","subarea_name":"近世村のおおよその範囲","feature_key":"village:K56G14S00110","accuracy_note":"2015年農業集落境界をもとに復元した概略範囲で、江戸時代の正確な村境ではありません"},"geometry":{"type":"Polygon","coordinates":[[[132.452545,33.349458],[132.451172,33.348885],[132.449112,33.350606],[132.449112,33.356341],[132.449799,33.356915],[132.448425,33.359209],[132.449799,33.361503],[132.453918,33.36265],[132.455978,33.364944],[132.457352,33.363223],[132.458725,33.363797],[132.460098,33.363223],[132.463531,33.364944],[132.465591,33.363797],[132.466965,33.365517],[132.466965,33.368384],[132.469711,33.370678],[132.471085,33.376412],[132.475891,33.378706],[132.478638,33.385586],[132.485504,33.383866],[132.486191,33.380426],[132.490311,33.378133],[132.490311,33.376412],[132.478638,33.366664],[132.475204,33.364944],[132.469025,33.359209],[132.466965,33.359782],[132.462845,33.356341],[132.461472,33.354047],[132.464905,33.350606],[132.464905,33.346017],[132.457352,33.339707],[132.458725,33.335691],[132.453918,33.332823],[132.454605,33.326512],[132.451859,33.323644],[132.448425,33.32307],[132.447739,33.326512],[132.441559,33.331676],[132.437439,33.331676],[132.444992,33.339133],[132.448425,33.33856],[132.451859,33.339133],[132.449799,33.340854],[132.445679,33.341428],[132.447739,33.342575],[132.450485,33.342002],[132.452545,33.343149],[132.451859,33.34487],[132.453918,33.346017],[132.452545,33.348311],[132.453918,33.348885],[132.452545,33.349458]]]}},{"type":"Feature","properties":{"layer_id":"bakumatsu_villages","name":"岡山村","address":"伊予 宇和郡","source":"Geoshape 幕末期近世村領域データセット vector tiles (z7 extraction)","subarea_name":"近世村のおおよその範囲","feature_key":"village:K56G14S00115","accuracy_note":"2015年農業集落境界をもとに復元した概略範囲で、江戸時代の正確な村境ではありません"},"geometry":{"type":"MultiPolygon","coordinates":[[[[132.499237,33.423992],[132.499237,33.413675],[132.49649,33.414249],[132.495804,33.415395],[132.494431,33.422272],[132.495804,33.423992],[132.499237,33.423992]]],[[[132.501984,33.425711],[132.507477,33.423992],[132.508163,33.418834],[132.505417,33.414822],[132.499237,33.413675],[132.499237,33.423418],[132.501984,33.425711]]]]}},{"type":"Feature","properties":{"layer_id":"bakumatsu_villages","name":"岩木村","address":"伊予 宇和郡","source":"Geoshape 幕末期近世村領域データセット vector tiles (z7 extraction)","subarea_name":"近世村のおおよその範囲","feature_key":"village:K56G14S00106","accuracy_note":"2015年農業集落境界をもとに復元した概略範囲で、江戸時代の正確な村境ではありません"},"geometry":{"type":"Polygon","coordinates":[[[132.486191,33.40909],[132.489624,33.406797],[132.490311,33.405078],[132.486191,33.401638],[132.485504,33.399345],[132.479324,33.394759],[132.476578,33.38788],[132.470398,33.389026],[132.470398,33.391893],[132.457352,33.397052],[132.452545,33.397626],[132.449799,33.396479],[132.449112,33.398772],[132.451172,33.401638],[132.458038,33.402785],[132.461472,33.402785],[132.464218,33.405651],[132.468338,33.404504],[132.471771,33.405078],[132.473831,33.407944],[132.478638,33.40737],[132.482071,33.408517],[132.483444,33.40909],[132.486191,33.40909]]]}},{"type":"Feature","properties":{"layer_id":"bakumatsu_villages","name":"川津南村","address":"伊予 宇和郡","source":"Geoshape 幕末期近世村領域データセット vector tiles (z7 extraction)","subarea_name":"近世村のおおよその範囲","feature_key":"village:K56G14S00076","accuracy_note":"2015年農業集落境界をもとに復元した概略範囲で、江戸時代の正確な村境ではありません"},"geometry":{"type":"MultiPolygon","coordinates":[[[[132.819214,33.402212],[132.82196,33.398199],[132.821274,33.3896],[132.819214,33.38444],[132.817154,33.385013],[132.813721,33.38272],[132.810974,33.38616],[132.803421,33.3896],[132.804108,33.392466],[132.806168,33.395906],[132.813721,33.397626],[132.816467,33.401638],[132.819214,33.402212]]],[[[132.803421,33.3896],[132.808228,33.388453],[132.811661,33.385586],[132.813721,33.38272],[132.817154,33.385013],[132.82196,33.383866],[132.823334,33.381573],[132.82196,33.379279],[132.822647,33.377559],[132.821274,33.375839],[132.819214,33.377559],[132.816467,33.378133],[132.807541,33.382146],[132.802734,33.388453],[132.803421,33.3896]]],[[[132.807541,33.382146],[132.816467,33.378133],[132.819901,33.377559],[132.82402,33.373545],[132.811661,33.369531],[132.810287,33.371252],[132.810287,33.375266],[132.807541,33.378133],[132.807541,33.382146]]],[[[132.833633,33.403931],[132.835693,33.400492],[132.83844,33.398772],[132.837753,33.397626],[132.833633,33.393613],[132.831573,33.390173],[132.828827,33.3896],[132.82814,33.38788],[132.82196,33.383866],[132.819214,33.38444],[132.821274,33.391893],[132.82196,33.398199],[132.819214,33.402212],[132.822647,33.401638],[132.833633,33.403931]]],[[[132.83844,33.398772],[132.843246,33.398199],[132.84256,33.395906],[132.839127,33.390746],[132.83844,33.385586],[132.845993,33.380999],[132.8405,33.378133],[132.837067,33.379279],[132.83638,33.377559],[132.833633,33.375839],[132.82402,33.373545],[132.821274,33.375839],[132.822647,33.377559],[132.82196,33.379279],[132.823334,33.381573],[132.82196,33.383866],[132.82814,33.38788],[132.828827,33.3896],[132.83226,33.390746],[132.83844,33.398772]]],[[[132.854233,33.398772],[132.855606,33.395332],[132.855606,33.390173],[132.845993,33.380999],[132.83844,33.385586],[132.839127,33.390746],[132.84256,33.395906],[132.843246,33.398199],[132.854233,33.398772]]]]}},{"type":"Feature","properties":{"layer_id":"bakumatsu_villages","name":"常定寺村","address":"伊予 宇和郡","source":"Geoshape 幕末期近世村領域データセット vector tiles (z7 extraction)","subarea_name":"近世村のおおよその範囲","feature_key":"village:K56G14S00127","accuracy_note":"2015年農業集落境界をもとに復元した概略範囲で、江戸時代の正確な村境ではありません"},"geometry":{"type":"Polygon","coordinates":[[[132.52121,33.397626],[132.52533,33.393613],[132.528763,33.393039],[132.530823,33.392466],[132.531509,33.394186],[132.535629,33.392466],[132.545929,33.393613],[132.549362,33.392466],[132.558975,33.393039],[132.557602,33.389026],[132.558289,33.387306],[132.555542,33.385586],[132.554855,33.383293],[132.546616,33.38272],[132.543869,33.380999],[132.534943,33.38444],[132.531509,33.383293],[132.530136,33.383866],[132.530136,33.385586],[132.526703,33.386733],[132.520523,33.38616],[132.518463,33.385013],[132.518463,33.389026],[132.51709,33.392466],[132.52121,33.397626]]]}},{"type":"Feature","properties":{"layer_id":"bakumatsu_villages","name":"平野村","address":"伊予 宇和郡","source":"Geoshape 幕末期近世村領域データセット vector tiles (z7 extraction)","subarea_name":"近世村のおおよその範囲","feature_key":"village:K56G14S00090","accuracy_note":"2015年農業集落境界をもとに復元した概略範囲で、江戸時代の正確な村境ではありません"},"geometry":{"type":"MultiPolygon","coordinates":[[[[132.639999,33.412529],[132.639999,33.411383],[132.637939,33.40909],[132.642059,33.406797],[132.637253,33.405651],[132.635193,33.400492],[132.632446,33.398772],[132.62352,33.401065],[132.626953,33.402785],[132.62764,33.405078],[132.630386,33.40737],[132.636566,33.41081],[132.636566,33.412529],[132.639999,33.412529]]],[[[132.642059,33.406797],[132.642746,33.405651],[132.645493,33.405651],[132.644806,33.403931],[132.646866,33.403358],[132.643433,33.398199],[132.637253,33.398199],[132.635193,33.396479],[132.632446,33.398772],[132.636566,33.401638],[132.637939,33.406224],[132.642059,33.406797]]],[[[132.645493,33.405078],[132.646866,33.404504],[132.653732,33.395332],[132.648239,33.395906],[132.643433,33.398199],[132.646866,33.403358],[132.644806,33.403931],[132.645493,33.405078]]],[[[132.643433,33.398199],[132.648926,33.395906],[132.650299,33.391319],[132.644806,33.387306],[132.644119,33.3896],[132.641373,33.390746],[132.638626,33.394186],[132.635193,33.396479],[132.637253,33.398199],[132.643433,33.398199]]],[[[132.648926,33.395906],[132.655792,33.394759],[132.653046,33.390173],[132.650299,33.391319],[132.648926,33.395906]]]]}},{"type":"Feature","properties":{"layer_id":"bakumatsu_villages","name":"新城村","address":"伊予 宇和郡","source":"Geoshape 幕末期近世村領域データセット vector tiles (z7 extraction)","subarea_name":"近世村のおおよその範囲","feature_key":"village:K56G14S00128","accuracy_note":"2015年農業集落境界をもとに復元した概略範囲で、江戸時代の正確な村境ではありません"},"geometry":{"type":"Polygon","coordinates":[[[132.526703,33.386733],[132.530136,33.385586],[132.530136,33.383866],[132.531509,33.383293],[132.534943,33.38444],[132.539062,33.38272],[132.536316,33.379853],[132.533569,33.378133],[132.534256,33.376986],[132.534256,33.375839],[132.528763,33.376412],[132.523956,33.375266],[132.523956,33.376986],[132.516403,33.382146],[132.51709,33.38444],[132.518463,33.385013],[132.520523,33.38616],[132.526703,33.386733]]]}},{"type":"Feature","properties":{"layer_id":"bakumatsu_villages","name":"明石村","address":"伊予 宇和郡","source":"Geoshape 幕末期近世村領域データセット vector tiles (z7 extraction)","subarea_name":"近世村のおおよその範囲","feature_key":"village:K56G14S00129","accuracy_note":"2015年農業集落境界をもとに復元した概略範囲で、江戸時代の正確な村境ではありません"},"geometry":{"type":"Polygon","coordinates":[[[132.554855,33.383293],[132.553482,33.378706],[132.556229,33.373545],[132.553482,33.371252],[132.550735,33.370678],[132.550049,33.368958],[132.546616,33.368958],[132.540436,33.367811],[132.528763,33.363797],[132.524643,33.360929],[132.521896,33.361503],[132.52121,33.363797],[132.518463,33.364944],[132.51915,33.367237],[132.515717,33.369531],[132.516403,33.371252],[132.515717,33.376412],[132.519836,33.379279],[132.523956,33.376986],[132.523956,33.375266],[132.528763,33.376412],[132.534256,33.375839],[132.534256,33.376986],[132.533569,33.378133],[132.536316,33.379853],[132.539062,33.38272],[132.543869,33.380999],[132.546616,33.38272],[132.554855,33.383293]]]}},{"type":"Feature","properties":{"layer_id":"bakumatsu_villages","name":"明間村","address":"伊予 宇和郡","source":"Geoshape 幕末期近世村領域データセット vector tiles (z7 extraction)","subarea_name":"近世村のおおよその範囲","feature_key":"village:K56G14S00099","accuracy_note":"2015年農業集落境界をもとに復元した概略範囲で、江戸時代の正確な村境ではありません"},"geometry":{"type":"MultiPolygon","coordinates":[[[[132.578201,33.369531],[132.581635,33.367811],[132.581635,33.366664],[132.591248,33.365517],[132.594681,33.36437],[132.599487,33.359782],[132.597427,33.354047],[132.594681,33.3529],[132.580948,33.351753],[132.574768,33.356915],[132.569275,33.357488],[132.567902,33.359209],[132.568588,33.365517],[132.570648,33.367237],[132.573395,33.367237],[132.578201,33.369531]]],[[[132.567902,33.359209],[132.569275,33.357488],[132.574768,33.356915],[132.577515,33.35462],[132.577515,33.347164],[132.578888,33.34487],[132.577515,33.342002],[132.567902,33.343722],[132.567902,33.359209]]],[[[132.577515,33.35462],[132.580948,33.351753],[132.585068,33.351753],[132.585068,33.347738],[132.577515,33.346017],[132.576828,33.352326],[132.577515,33.35462]]],[[[132.581635,33.347164],[132.583694,33.340854],[132.586441,33.33856],[132.583008,33.331102],[132.580948,33.328233],[132.575455,33.329955],[132.569962,33.328233],[132.567902,33.332823],[132.568588,33.336265],[132.566528,33.336839],[132.567902,33.343722],[132.576828,33.342002],[132.578888,33.34487],[132.578201,33.346017],[132.581635,33.347164]]],[[[132.599487,33.359782],[132.602234,33.356915],[132.602234,33.352326],[132.60498,33.351753],[132.606354,33.349458],[132.60498,33.337986],[132.60498,33.331676],[132.603607,33.331102],[132.602234,33.328233],[132.596741,33.335118],[132.590561,33.34659],[132.589874,33.347164],[132.587814,33.346017],[132.585068,33.347738],[132.585068,33.351753],[132.594681,33.3529],[132.596741,33.354047],[132.599487,33.359782]]],[[[132.585068,33.347738],[132.587814,33.346017],[132.589874,33.347164],[132.602234,33.328233],[132.600861,33.327086],[132.598114,33.326512],[132.582321,33.32766],[132.580948,33.328233],[132.584381,33.332823],[132.586441,33.33856],[132.583694,33.340854],[132.581635,33.347164],[132.585068,33.347738]]],[[[132.616653,33.361503],[132.618713,33.358062],[132.618027,33.357488],[132.61734,33.3529],[132.6194,33.348311],[132.62352,33.345443],[132.624893,33.340854],[132.628326,33.340281],[132.629013,33.331102],[132.6194,33.330528],[132.61322,33.330528],[132.6091,33.332249],[132.60498,33.331676],[132.60498,33.337986],[132.606354,33.349458],[132.60498,33.351753],[132.606354,33.354047],[132.610474,33.355194],[132.61528,33.361503],[132.616653,33.361503]]]]}},{"type":"Feature","properties":{"layer_id":"bakumatsu_villages","name":"有太刀浦","address":"伊予 宇和郡","source":"Geoshape 幕末期近世村領域データセット vector tiles (z7 extraction)","subarea_name":"近世村のおおよその範囲","feature_key":"village:K56G14S00176","accuracy_note":"2015年農業集落境界をもとに復元した概略範囲で、江戸時代の正確な村境ではありません"},"geometry":{"type":"Polygon","coordinates":[[[132.419586,33.371825],[132.425079,33.364944],[132.417526,33.359782],[132.415466,33.362076],[132.414093,33.36265],[132.405853,33.360356],[132.415466,33.367237],[132.419586,33.371825]]]}},{"type":"Feature","properties":{"layer_id":"bakumatsu_villages","name":"有網代浦","address":"伊予 宇和郡","source":"Geoshape 幕末期近世村領域データセット vector tiles (z7 extraction)","subarea_name":"近世村のおおよその範囲","feature_key":"village:K56G14S00177","accuracy_note":"2015年農業集落境界をもとに復元した概略範囲で、江戸時代の正確な村境ではありません"},"geometry":{"type":"MultiPolygon","coordinates":[[[[132.403793,33.360929],[132.403793,33.359209],[132.40242,33.359209],[132.40242,33.359782],[132.403793,33.360929]]],[[[132.411346,33.372972],[132.41478,33.378133],[132.418213,33.370678],[132.415466,33.367237],[132.405853,33.360356],[132.41066,33.364944],[132.412033,33.370678],[132.412033,33.372972],[132.411346,33.372972]]],[[[132.411346,33.372972],[132.41066,33.372972],[132.41066,33.373545],[132.411346,33.372972]]]]}},{"type":"Feature","properties":{"layer_id":"bakumatsu_villages","name":"朝立浦","address":"伊予 宇和郡","source":"Geoshape 幕末期近世村領域データセット vector tiles (z7 extraction)","subarea_name":"近世村のおおよその範囲","feature_key":"village:K56G14S00179","accuracy_note":"2015年農業集落境界をもとに復元した概略範囲で、江戸時代の正確な村境ではありません"},"geometry":{"type":"Polygon","coordinates":[[[132.421646,33.402785],[132.427826,33.399345],[132.430573,33.399919],[132.435379,33.394759],[132.439499,33.395332],[132.450485,33.393613],[132.451172,33.390746],[132.447052,33.390173],[132.446365,33.387306],[132.444305,33.386733],[132.442245,33.383866],[132.430573,33.38272],[132.423019,33.380999],[132.421646,33.378706],[132.4189,33.380999],[132.4189,33.383293],[132.41478,33.382146],[132.415466,33.38444],[132.41478,33.38788],[132.416153,33.3896],[132.420959,33.391893],[132.420273,33.398772],[132.4189,33.401638],[132.421646,33.402785]]]}},{"type":"Feature","properties":{"layer_id":"bakumatsu_villages","name":"杢所村","address":"伊予 宇和郡","source":"Geoshape 幕末期近世村領域データセット vector tiles (z7 extraction)","subarea_name":"近世村のおおよその範囲","feature_key":"village:K56G14S00121","accuracy_note":"2015年農業集落境界をもとに復元した概略範囲で、江戸時代の正確な村境ではありません"},"geometry":{"type":"Polygon","coordinates":[[[132.495117,33.403358],[132.501297,33.402785],[132.50061,33.395332],[132.497177,33.395332],[132.495117,33.398199],[132.493057,33.399345],[132.486191,33.397052],[132.486191,33.401065],[132.495117,33.403358]]]}},{"type":"Feature","properties":{"layer_id":"bakumatsu_villages","name":"東多田村","address":"伊予 宇和郡","source":"Geoshape 幕末期近世村領域データセット vector tiles (z7 extraction)","subarea_name":"近世村のおおよその範囲","feature_key":"village:K56G14S00117","accuracy_note":"2015年農業集落境界をもとに復元した概略範囲で、江戸時代の正確な村境ではありません"},"geometry":{"type":"MultiPolygon","coordinates":[[[[132.505417,33.443474],[132.50885,33.440609],[132.512283,33.440036],[132.51709,33.440036],[132.518463,33.441182],[132.523956,33.43889],[132.528076,33.441182],[132.530136,33.43889],[132.532883,33.440036],[132.539062,33.43889],[132.550049,33.440036],[132.550049,33.438318],[132.552795,33.437172],[132.553482,33.432014],[132.543182,33.432014],[132.534256,33.429722],[132.520523,33.432014],[132.517776,33.43316],[132.51091,33.43316],[132.510223,33.436026],[132.506104,33.43889],[132.505417,33.442328],[132.505417,33.443474]]],[[[132.51091,33.431441],[132.512283,33.428576],[132.513657,33.428576],[132.518463,33.426284],[132.521896,33.426284],[132.52327,33.425138],[132.510223,33.425711],[132.507477,33.424565],[132.507477,33.425711],[132.51091,33.431441]]],[[[132.509537,33.425711],[132.52533,33.424565],[132.524643,33.423418],[132.518463,33.422272],[132.51503,33.420553],[132.512283,33.421126],[132.512283,33.422845],[132.507477,33.421699],[132.507477,33.424565],[132.509537,33.425711]]],[[[132.517776,33.43316],[132.520523,33.432014],[132.534943,33.429722],[132.543182,33.432014],[132.553482,33.432014],[132.554855,33.428576],[132.552795,33.423992],[132.547302,33.424565],[132.538376,33.421699],[132.531509,33.424565],[132.52533,33.424565],[132.521896,33.426284],[132.518463,33.426284],[132.513657,33.428576],[132.512283,33.428576],[132.51091,33.43316],[132.517776,33.43316]]]]}},{"type":"Feature","properties":{"layer_id":"bakumatsu_villages","name":"松渓村","address":"伊予 宇和郡","source":"Geoshape 幕末期近世村領域データセット vector tiles (z7 extraction)","subarea_name":"近世村のおおよその範囲","feature_key":"village:K56G14S00086","accuracy_note":"2015年農業集落境界をもとに復元した概略範囲で、江戸時代の正確な村境ではありません"},"geometry":{"type":"MultiPolygon","coordinates":[[[[132.563095,33.42743],[132.565842,33.426284],[132.570648,33.423418],[132.574081,33.417687],[132.579575,33.415395],[132.585754,33.409663],[132.586441,33.406797],[132.590561,33.406224],[132.584381,33.405078],[132.583008,33.403358],[132.574768,33.405078],[132.568588,33.403358],[132.565842,33.405651],[132.559662,33.403931],[132.557602,33.404504],[132.558289,33.406797],[132.556229,33.40737],[132.555542,33.410236],[132.556915,33.414822],[132.556915,33.419407],[132.556229,33.420553],[132.554169,33.421126],[132.552109,33.423992],[132.554855,33.42743],[132.558289,33.426857],[132.563095,33.42743]]],[[[132.585068,33.405651],[132.586441,33.404504],[132.588501,33.400492],[132.589188,33.399919],[132.586441,33.400492],[132.582321,33.399919],[132.578888,33.398199],[132.574768,33.398199],[132.567215,33.393039],[132.558975,33.393039],[132.557602,33.403931],[132.562408,33.403931],[132.565842,33.405651],[132.568588,33.403358],[132.574768,33.405078],[132.583008,33.403358],[132.585068,33.405651]]],[[[132.598114,33.423992],[132.598801,33.41998],[132.590561,33.41826],[132.583008,33.411383],[132.579575,33.415395],[132.574081,33.417687],[132.572021,33.420553],[132.580948,33.420553],[132.585068,33.421699],[132.590561,33.421126],[132.595367,33.423992],[132.598114,33.423992]]],[[[132.598801,33.41998],[132.599487,33.418834],[132.605667,33.417687],[132.591934,33.416541],[132.585754,33.409663],[132.583008,33.411383],[132.590561,33.41826],[132.598801,33.41998]]],[[[132.605667,33.417687],[132.607727,33.414822],[132.60704,33.411383],[132.594681,33.414249],[132.591934,33.413102],[132.590561,33.41081],[132.585754,33.409663],[132.591934,33.416541],[132.605667,33.417687]]],[[[132.594681,33.399919],[132.596741,33.395906],[132.587814,33.390746],[132.580948,33.390746],[132.578888,33.391893],[132.575455,33.391319],[132.569962,33.394759],[132.574768,33.398199],[132.578888,33.398199],[132.585068,33.399919],[132.594681,33.399919]]],[[[132.590561,33.406224],[132.599487,33.403358],[132.595367,33.401638],[132.593994,33.399919],[132.589188,33.399919],[132.586441,33.405078],[132.590561,33.406224]]],[[[132.594681,33.414249],[132.60704,33.411383],[132.602921,33.406797],[132.604294,33.402785],[132.602921,33.402212],[132.596741,33.403931],[132.593994,33.405651],[132.587128,33.406797],[132.585754,33.409663],[132.590561,33.41081],[132.591934,33.413102],[132.594681,33.414249]]],[[[132.596054,33.395332],[132.599487,33.390173],[132.599487,33.38788],[132.593994,33.385586],[132.588501,33.380426],[132.587128,33.383293],[132.580948,33.390746],[132.587814,33.390746],[132.596054,33.395332]]]]}},{"type":"Feature","properties":{"layer_id":"bakumatsu_villages","name":"栗木村","address":"伊予 宇和郡","source":"Geoshape 幕末期近世村領域データセット vector tiles (z7 extraction)","subarea_name":"近世村のおおよその範囲","feature_key":"village:K56G14S00094","accuracy_note":"2015年農業集落境界をもとに復元した概略範囲で、江戸時代の正確な村境ではありません"},"geometry":{"type":"MultiPolygon","coordinates":[[[[132.701111,33.422272],[132.698364,33.411956],[132.693558,33.41081],[132.695618,33.413675],[132.692184,33.418834],[132.697678,33.422272],[132.701111,33.422272]]],[[[132.701111,33.422272],[132.701797,33.41998],[132.702484,33.416541],[132.707977,33.413675],[132.708664,33.40909],[132.703171,33.403931],[132.696991,33.403358],[132.693558,33.406224],[132.692184,33.410236],[132.698364,33.411956],[132.701111,33.422272]]]]}},{"type":"Feature","properties":{"layer_id":"bakumatsu_villages","name":"正信村","address":"伊予 喜多郡","source":"Geoshape 幕末期近世村領域データセット vector tiles (z7 extraction)","subarea_name":"近世村のおおよその範囲","feature_key":"village:K56G13S00007","accuracy_note":"2015年農業集落境界をもとに復元した概略範囲で、江戸時代の正確な村境ではありません"},"geometry":{"type":"Polygon","coordinates":[[[132.513657,33.452641],[132.518463,33.451495],[132.51915,33.445193],[132.51709,33.440036],[132.508163,33.440609],[132.501297,33.448631],[132.501984,33.450349],[132.513657,33.452641]]]}},{"type":"Feature","properties":{"layer_id":"bakumatsu_villages","name":"永長村","address":"伊予 宇和郡","source":"Geoshape 幕末期近世村領域データセット vector tiles (z7 extraction)","subarea_name":"近世村のおおよその範囲","feature_key":"village:K56G14S00104","accuracy_note":"2015年農業集落境界をもとに復元した概略範囲で、江戸時代の正確な村境ではありません"},"geometry":{"type":"Polygon","coordinates":[[[132.499924,33.387306],[132.499237,33.38616],[132.49855,33.38272],[132.499924,33.379279],[132.49855,33.376412],[132.499237,33.375266],[132.49855,33.373545],[132.49649,33.375266],[132.495804,33.374692],[132.494431,33.374692],[132.495117,33.375839],[132.493744,33.375839],[132.493057,33.374692],[132.491684,33.374692],[132.487564,33.371825],[132.484818,33.371252],[132.490311,33.376412],[132.490311,33.378133],[132.486191,33.380426],[132.486191,33.383293],[132.483444,33.386733],[132.49649,33.38616],[132.499924,33.387306]]]}},{"type":"Feature","properties":{"layer_id":"bakumatsu_villages","name":"河内村","address":"伊予 宇和郡","source":"Geoshape 幕末期近世村領域データセット vector tiles (z7 extraction)","subarea_name":"近世村のおおよその範囲","feature_key":"village:K56G14S00116","accuracy_note":"2015年農業集落境界をもとに復元した概略範囲で、江戸時代の正確な村境ではありません"},"geometry":{"type":"MultiPolygon","coordinates":[[[[132.501297,33.448631],[132.505417,33.444047],[132.506104,33.43889],[132.507477,33.437172],[132.504044,33.434879],[132.501984,33.432014],[132.495804,33.430295],[132.490997,33.429722],[132.486877,33.430868],[132.483444,33.43316],[132.486877,33.435453],[132.487564,33.442901],[132.494431,33.446339],[132.49855,33.446912],[132.501297,33.448631]]],[[[132.507477,33.437172],[132.510223,33.436026],[132.51091,33.432587],[132.507477,33.426857],[132.507477,33.424565],[132.501984,33.425711],[132.503357,33.429722],[132.501984,33.432014],[132.504044,33.434879],[132.507477,33.437172]]]]}},{"type":"Feature","properties":{"layer_id":"bakumatsu_villages","name":"津布里村","address":"伊予 宇和郡","source":"Geoshape 幕末期近世村領域データセット vector tiles (z7 extraction)","subarea_name":"近世村のおおよその範囲","feature_key":"village:K56G14S00108","accuracy_note":"2015年農業集落境界をもとに復元した概略範囲で、江戸時代の正確な村境ではありません"},"geometry":{"type":"Polygon","coordinates":[[[132.442245,33.383866],[132.443619,33.382146],[132.442932,33.380999],[132.446365,33.378706],[132.445679,33.378133],[132.447052,33.374692],[132.444992,33.371252],[132.443619,33.370105],[132.442245,33.371252],[132.440186,33.369531],[132.440186,33.367811],[132.444305,33.366664],[132.442932,33.364944],[132.442932,33.361503],[132.440186,33.360356],[132.432632,33.362076],[132.430573,33.363797],[132.426453,33.363797],[132.420959,33.369531],[132.4189,33.373545],[132.419586,33.376412],[132.423019,33.378133],[132.421646,33.379279],[132.423019,33.380999],[132.436066,33.383866],[132.442245,33.383866]]]}},{"type":"Feature","properties":{"layer_id":"bakumatsu_villages","name":"清沢村","address":"伊予 宇和郡","source":"Geoshape 幕末期近世村領域データセット vector tiles (z7 extraction)","subarea_name":"近世村のおおよその範囲","feature_key":"village:K56G14S00122","accuracy_note":"2015年農業集落境界をもとに復元した概略範囲で、江戸時代の正確な村境ではありません"},"geometry":{"type":"MultiPolygon","coordinates":[[[[132.488251,33.391319],[132.488937,33.392466],[132.486191,33.394186],[132.486191,33.397626],[132.493057,33.399345],[132.495117,33.398199],[132.497177,33.395332],[132.50267,33.395332],[132.499924,33.387306],[132.49649,33.38616],[132.487564,33.387306],[132.487564,33.38788],[132.488251,33.38788],[132.488937,33.390173],[132.489624,33.389026],[132.489624,33.390173],[132.488251,33.391319]]],[[[132.488251,33.391319],[132.487564,33.388453],[132.486877,33.3896],[132.488251,33.391319]]]]}},{"type":"Feature","properties":{"layer_id":"bakumatsu_villages","name":"渡江浦","address":"伊予 宇和郡","source":"Geoshape 幕末期近世村領域データセット vector tiles (z7 extraction)","subarea_name":"近世村のおおよその範囲","feature_key":"village:K56G14S00172","accuracy_note":"2015年農業集落境界をもとに復元した概略範囲で、江戸時代の正確な村境ではありません"},"geometry":{"type":"MultiPolygon","coordinates":[[[[132.483444,33.315037],[132.486877,33.313889],[132.484818,33.313889],[132.483444,33.315037]]],[[[132.472458,33.329955],[132.478638,33.328807],[132.480698,33.324791],[132.486191,33.319627],[132.488251,33.31848],[132.489624,33.316185],[132.487564,33.317906],[132.486191,33.317906],[132.484818,33.319053],[132.480698,33.319627],[132.480011,33.31848],[132.483444,33.315611],[132.477951,33.31848],[132.472458,33.324217],[132.473831,33.327086],[132.472458,33.329955]]]]}},{"type":"Feature","properties":{"layer_id":"bakumatsu_villages","name":"片川村","address":"伊予 宇和郡","source":"Geoshape 幕末期近世村領域データセット vector tiles (z7 extraction)","subarea_name":"近世村のおおよその範囲","feature_key":"village:K56G14S00083","accuracy_note":"2015年農業集落境界をもとに復元した概略範囲で、江戸時代の正確な村境ではありません"},"geometry":{"type":"MultiPolygon","coordinates":[[[[132.622833,33.401065],[132.633133,33.398772],[132.637939,33.394186],[132.63588,33.390746],[132.635193,33.390173],[132.62352,33.392466],[132.618713,33.390746],[132.61528,33.394186],[132.61528,33.398772],[132.622833,33.401065]]],[[[132.624207,33.392466],[132.63382,33.390173],[132.636566,33.390746],[132.638626,33.3896],[132.635193,33.387306],[132.637253,33.385013],[132.628326,33.383293],[132.62558,33.38444],[132.620773,33.382146],[132.620773,33.38616],[132.618713,33.390173],[132.6194,33.391319],[132.624207,33.392466]]]]}},{"type":"Feature","properties":{"layer_id":"bakumatsu_villages","name":"狩浜浦","address":"伊予 宇和郡","source":"Geoshape 幕末期近世村領域データセット vector tiles (z7 extraction)","subarea_name":"近世村のおおよその範囲","feature_key":"village:K56G14S00173","accuracy_note":"2015年農業集落境界をもとに復元した概略範囲で、江戸時代の正確な村境ではありません"},"geometry":{"type":"MultiPolygon","coordinates":[[[[132.483444,33.315037],[132.486877,33.313889],[132.484818,33.313315],[132.483444,33.315037]]],[[[132.458725,33.335691],[132.462845,33.333397],[132.470398,33.331102],[132.473831,33.32766],[132.472458,33.324217],[132.474518,33.321349],[132.483444,33.315611],[132.480698,33.315611],[132.479324,33.317332],[132.474518,33.31848],[132.473145,33.317906],[132.471085,33.319053],[132.469711,33.31848],[132.468338,33.319627],[132.466278,33.317906],[132.457352,33.319627],[132.453232,33.321349],[132.451859,33.324217],[132.454605,33.326512],[132.453918,33.332823],[132.458725,33.335691]]],[[[132.451859,33.323644],[132.452545,33.321922],[132.455292,33.320201],[132.466278,33.317906],[132.464905,33.317332],[132.464905,33.315037],[132.470398,33.313315],[132.464905,33.313315],[132.460785,33.310446],[132.457352,33.31102],[132.453918,33.309299],[132.450485,33.309299],[132.451859,33.314463],[132.449799,33.316758],[132.448425,33.322496],[132.451859,33.323644]]]]}},{"type":"Feature","properties":{"layer_id":"bakumatsu_villages","name":"田穂村","address":"伊予 宇和郡","source":"Geoshape 幕末期近世村領域データセット vector tiles (z7 extraction)","subarea_name":"近世村のおおよその範囲","feature_key":"village:K56G14S00069","accuracy_note":"2015年農業集落境界をもとに復元した概略範囲で、江戸時代の正確な村境ではありません"},"geometry":{"type":"MultiPolygon","coordinates":[[[[132.679138,33.375839],[132.685318,33.370678],[132.684631,33.370105],[132.683258,33.36437],[132.672958,33.360356],[132.670212,33.356341],[132.666779,33.357488],[132.668152,33.359782],[132.666092,33.362076],[132.666779,33.36437],[132.668839,33.365517],[132.666779,33.368384],[132.667465,33.370105],[132.669525,33.371825],[132.670212,33.373545],[132.675705,33.372972],[132.679138,33.375839]]],[[[132.688751,33.379853],[132.689438,33.379279],[132.690125,33.379279],[132.692184,33.376412],[132.696304,33.374692],[132.697678,33.372972],[132.697678,33.367811],[132.692871,33.366664],[132.688751,33.367237],[132.683258,33.36437],[132.684631,33.370105],[132.685318,33.370678],[132.679138,33.375839],[132.684631,33.378706],[132.685318,33.379853],[132.688751,33.379853]]]]}},{"type":"Feature","properties":{"layer_id":"bakumatsu_villages","name":"男河内村","address":"伊予 宇和郡","source":"Geoshape 幕末期近世村領域データセット vector tiles (z7 extraction)","subarea_name":"近世村のおおよその範囲","feature_key":"village:K56G14S00071","accuracy_note":"2015年農業集落境界をもとに復元した概略範囲で、江戸時代の正確な村境ではありません"},"geometry":{"type":"MultiPolygon","coordinates":[[[[132.720337,33.404504],[132.723083,33.403358],[132.72377,33.400492],[132.727203,33.397052],[132.726517,33.388453],[132.714157,33.392466],[132.710724,33.395332],[132.712097,33.398199],[132.71553,33.399345],[132.71553,33.402212],[132.720337,33.404504]]],[[[132.734756,33.403931],[132.73613,33.401065],[132.73407,33.397626],[132.735443,33.396479],[132.73407,33.394186],[132.73613,33.391319],[132.732697,33.390746],[132.73201,33.3896],[132.726517,33.388453],[132.727203,33.397052],[132.72377,33.400492],[132.723083,33.403358],[132.726517,33.403931],[132.73201,33.402785],[132.734756,33.403931]]]]}},{"type":"Feature","properties":{"layer_id":"bakumatsu_villages","name":"白髭村","address":"伊予 宇和郡","source":"Geoshape 幕末期近世村領域データセット vector tiles (z7 extraction)","subarea_name":"近世村のおおよその範囲","feature_key":"village:K56G14S00087","accuracy_note":"2015年農業集落境界をもとに復元した概略範囲で、江戸時代の正確な村境ではありません"},"geometry":{"type":"MultiPolygon","coordinates":[[[[132.563782,33.443474],[132.569962,33.442328],[132.576828,33.436599],[132.573395,33.435453],[132.565155,33.426857],[132.562408,33.42743],[132.558289,33.426857],[132.554855,33.42743],[132.553482,33.431441],[132.552795,33.437172],[132.559662,33.440609],[132.560349,33.442328],[132.563782,33.443474]]],[[[132.573395,33.453787],[132.576141,33.449777],[132.581635,33.446339],[132.581635,33.443474],[132.583008,33.443474],[132.584381,33.441182],[132.576828,33.436599],[132.569962,33.442328],[132.563782,33.443474],[132.563095,33.446339],[132.572021,33.453214],[132.573395,33.453787]]],[[[132.584381,33.441182],[132.589874,33.434879],[132.585068,33.434879],[132.584381,33.428576],[132.580261,33.426857],[132.569275,33.423992],[132.565155,33.426857],[132.573395,33.435453],[132.578201,33.437172],[132.584381,33.441182]]],[[[132.593307,33.434879],[132.598114,33.428576],[132.598114,33.423992],[132.595367,33.423992],[132.591248,33.421126],[132.585068,33.421699],[132.578201,33.41998],[132.572021,33.420553],[132.570648,33.422845],[132.569275,33.423992],[132.583694,33.428003],[132.585068,33.434879],[132.593307,33.434879]]]]}},{"type":"Feature","properties":{"layer_id":"bakumatsu_villages","name":"皆江浦","address":"伊予 宇和郡","source":"Geoshape 幕末期近世村領域データセット vector tiles (z7 extraction)","subarea_name":"近世村のおおよその範囲","feature_key":"village:K56G14S00174","accuracy_note":"2015年農業集落境界をもとに復元した概略範囲で、江戸時代の正確な村境ではありません"},"geometry":{"type":"Polygon","coordinates":[[[132.4086,33.352326],[132.414093,33.350606],[132.418213,33.348311],[132.419586,33.346017],[132.422333,33.34659],[132.425766,33.335691],[132.424393,33.335118],[132.425766,33.332249],[132.420959,33.326512],[132.417526,33.324791],[132.41684,33.323644],[132.409973,33.320201],[132.40242,33.32307],[132.40242,33.324217],[132.401047,33.325365],[132.401047,33.327086],[132.3983,33.32766],[132.3983,33.330528],[132.398987,33.335691],[132.401047,33.336265],[132.399673,33.337986],[132.40036,33.339707],[132.395554,33.342575],[132.392807,33.34487],[132.391434,33.347164],[132.39418,33.347738],[132.395554,33.34487],[132.398987,33.346017],[132.40036,33.347738],[132.40654,33.347164],[132.40654,33.34487],[132.41066,33.343149],[132.411346,33.347164],[132.409973,33.351179],[132.4086,33.352326]]]}},{"type":"Feature","properties":{"layer_id":"bakumatsu_villages","name":"皆田村","address":"伊予 宇和郡","source":"Geoshape 幕末期近世村領域データセット vector tiles (z7 extraction)","subarea_name":"近世村のおおよその範囲","feature_key":"village:K56G14S00101","accuracy_note":"2015年農業集落境界をもとに復元した概略範囲で、江戸時代の正確な村境ではありません"},"geometry":{"type":"MultiPolygon","coordinates":[[[[132.52739,33.353473],[132.532883,33.3529],[132.532196,33.347738],[132.534943,33.343722],[132.533569,33.344296],[132.526016,33.335118],[132.52533,33.336265],[132.52121,33.336265],[132.51915,33.337986],[132.52327,33.339133],[132.523956,33.343722],[132.522583,33.346017],[132.523956,33.351179],[132.52739,33.352326],[132.52739,33.353473]]],[[[132.534256,33.34487],[132.537003,33.344296],[132.539749,33.342002],[132.545929,33.342575],[132.541122,33.32766],[132.534256,33.329381],[132.533569,33.331102],[132.526016,33.335118],[132.534256,33.34487]]],[[[132.542496,33.355767],[132.541809,33.350032],[132.543869,33.347164],[132.543869,33.344296],[132.545929,33.343149],[132.539749,33.342002],[132.537003,33.344296],[132.534256,33.34487],[132.532196,33.347738],[132.532196,33.348885],[132.534943,33.354047],[132.542496,33.355767]]]]}},{"type":"Feature","properties":{"layer_id":"bakumatsu_villages","name":"真土村","address":"伊予 宇和郡","source":"Geoshape 幕末期近世村領域データセット vector tiles (z7 extraction)","subarea_name":"近世村のおおよその範囲","feature_key":"village:K56G14S00120","accuracy_note":"2015年農業集落境界をもとに復元した概略範囲で、江戸時代の正確な村境ではありません"},"geometry":{"type":"Polygon","coordinates":[[[132.501984,33.414249],[132.505417,33.407944],[132.50679,33.405651],[132.50885,33.405078],[132.507477,33.402212],[132.507477,33.397626],[132.506104,33.397626],[132.50267,33.395332],[132.50061,33.395332],[132.501297,33.402785],[132.495117,33.403358],[132.486191,33.401065],[132.490311,33.405078],[132.489624,33.406797],[132.486191,33.40909],[132.488937,33.411956],[132.490997,33.411383],[132.493744,33.411383],[132.49649,33.414249],[132.501984,33.414249]]]}},{"type":"Feature","properties":{"layer_id":"bakumatsu_villages","name":"稲生村","address":"伊予 宇和郡","source":"Geoshape 幕末期近世村領域データセット vector tiles (z7 extraction)","subarea_name":"近世村のおおよその範囲","feature_key":"village:K56G14S00130","accuracy_note":"2015年農業集落境界をもとに復元した概略範囲で、江戸時代の正確な村境ではありません"},"geometry":{"type":"Polygon","coordinates":[[[132.556229,33.373545],[132.558289,33.371252],[132.558289,33.367237],[132.560349,33.36437],[132.556915,33.362076],[132.554169,33.357488],[132.552109,33.358062],[132.547989,33.356915],[132.545929,33.356915],[132.534943,33.354047],[132.533569,33.351753],[132.532196,33.3529],[132.52739,33.353473],[132.526016,33.355767],[132.52327,33.356341],[132.522583,33.357488],[132.523956,33.356915],[132.52533,33.358635],[132.526703,33.358635],[132.526016,33.360929],[132.528763,33.363797],[132.545929,33.368958],[132.550049,33.368958],[132.550735,33.370678],[132.553482,33.371252],[132.556229,33.373545]]]}},{"type":"Feature","properties":{"layer_id":"bakumatsu_villages","name":"窪野村","address":"伊予 宇和郡","source":"Geoshape 幕末期近世村領域データセット vector tiles (z7 extraction)","subarea_name":"近世村のおおよその範囲","feature_key":"village:K56G14S00077","accuracy_note":"2015年農業集落境界をもとに復元した概略範囲で、江戸時代の正確な村境ではありません"},"geometry":{"type":"MultiPolygon","coordinates":[[[[132.784195,33.42743],[132.786255,33.422845],[132.786942,33.412529],[132.783508,33.403358],[132.775955,33.406224],[132.775269,33.412529],[132.773209,33.415968],[132.778015,33.41998],[132.784195,33.42743]]],[[[132.773209,33.415968],[132.774582,33.414822],[132.775955,33.410236],[132.774582,33.401065],[132.769089,33.400492],[132.760162,33.405078],[132.765656,33.40909],[132.770462,33.410236],[132.773209,33.415968]]],[[[132.760162,33.404504],[132.769089,33.400492],[132.774582,33.401065],[132.775955,33.398199],[132.778702,33.395906],[132.780075,33.390746],[132.772522,33.394186],[132.769089,33.394759],[132.765656,33.398199],[132.764282,33.401638],[132.760849,33.402785],[132.760162,33.404504]]],[[[132.789001,33.428576],[132.791061,33.424565],[132.793121,33.413102],[132.786942,33.415395],[132.786255,33.422845],[132.784195,33.42743],[132.789001,33.428576]]],[[[132.804108,33.430295],[132.799988,33.426284],[132.799988,33.422845],[132.796555,33.413102],[132.793121,33.413102],[132.791061,33.424565],[132.789001,33.428576],[132.793121,33.430295],[132.799301,33.429722],[132.804108,33.430295]]],[[[132.775955,33.406224],[132.783508,33.403358],[132.789688,33.394186],[132.789688,33.392466],[132.788315,33.391319],[132.780075,33.390746],[132.778702,33.395906],[132.775955,33.398199],[132.774582,33.401065],[132.775955,33.406224]]],[[[132.786942,33.415395],[132.791061,33.413675],[132.790375,33.409663],[132.792435,33.408517],[132.791061,33.405651],[132.793121,33.399919],[132.792435,33.394186],[132.791748,33.391893],[132.789688,33.392466],[132.788315,33.396479],[132.783508,33.402785],[132.786942,33.411383],[132.786942,33.415395]]],[[[132.791061,33.413675],[132.793121,33.413102],[132.796555,33.413102],[132.799301,33.410236],[132.800674,33.404504],[132.802734,33.401638],[132.800674,33.398199],[132.793121,33.399919],[132.791061,33.403931],[132.791061,33.405651],[132.792435,33.408517],[132.790375,33.409663],[132.791061,33.413675]]],[[[132.793121,33.399919],[132.799301,33.398772],[132.806168,33.395906],[132.802734,33.388453],[132.798615,33.390746],[132.796555,33.393039],[132.791748,33.391893],[132.793121,33.399919]]],[[[132.808914,33.431441],[132.805481,33.423992],[132.805481,33.414822],[132.796555,33.413102],[132.799988,33.422845],[132.800674,33.426857],[132.806168,33.431441],[132.808914,33.431441]]],[[[132.82402,33.434879],[132.823334,33.429722],[132.824707,33.425138],[132.824707,33.423418],[132.815781,33.421699],[132.805481,33.422845],[132.808914,33.431441],[132.82196,33.434879],[132.82402,33.434879]]],[[[132.824707,33.423418],[132.827454,33.422845],[132.8302,33.420553],[132.833633,33.420553],[132.832947,33.418834],[132.833633,33.415968],[132.830887,33.414249],[132.819901,33.416541],[132.805481,33.414822],[132.805481,33.422845],[132.815781,33.421699],[132.824707,33.423418]]],[[[132.803421,33.414822],[132.804108,33.412529],[132.808228,33.408517],[132.815781,33.406224],[132.819214,33.402212],[132.816467,33.401638],[132.812347,33.397626],[132.806168,33.395906],[132.800674,33.398199],[132.802734,33.401638],[132.800674,33.404504],[132.799301,33.410236],[132.796555,33.413102],[132.803421,33.414822]]],[[[132.819901,33.416541],[132.83226,33.414249],[132.832947,33.411956],[132.831573,33.40909],[132.83226,33.406797],[132.833633,33.406224],[132.833633,33.403931],[132.822647,33.401638],[132.819214,33.402212],[132.815781,33.405651],[132.812347,33.40737],[132.809601,33.407944],[132.806854,33.409663],[132.803421,33.413102],[132.803421,33.414822],[132.805481,33.414822],[132.819901,33.416541]]]]}},{"type":"Feature","properties":{"layer_id":"bakumatsu_villages","name":"総川村","address":"伊予 宇和郡","source":"Geoshape 幕末期近世村領域データセット vector tiles (z7 extraction)","subarea_name":"近世村のおおよその範囲","feature_key":"village:K56G14S00080","accuracy_note":"2015年農業集落境界をもとに復元した概略範囲で、江戸時代の正確な村境ではありません"},"geometry":{"type":"MultiPolygon","coordinates":[[[[132.756042,33.485863],[132.758102,33.48529],[132.758102,33.476127],[132.756042,33.47269],[132.758789,33.467535],[132.759476,33.459516],[132.756729,33.456078],[132.756042,33.453787],[132.748489,33.452068],[132.746429,33.45436],[132.746429,33.455506],[132.749176,33.459516],[132.748489,33.461234],[132.750549,33.467535],[132.751236,33.472117],[132.751236,33.474408],[132.753296,33.476127],[132.751923,33.481281],[132.753296,33.482427],[132.753983,33.485863],[132.756042,33.485863]]],[[[132.758789,33.45837],[132.760849,33.450922],[132.765656,33.445193],[132.762222,33.441755],[132.757416,33.440036],[132.756729,33.439463],[132.756729,33.437172],[132.753296,33.436599],[132.753296,33.437745],[132.751923,33.437172],[132.748489,33.439463],[132.745743,33.439463],[132.746429,33.442328],[132.74231,33.446912],[132.740936,33.453787],[132.743683,33.452068],[132.746429,33.45436],[132.748489,33.452068],[132.755356,33.453787],[132.756729,33.456078],[132.758789,33.45837]]],[[[132.762222,33.490444],[132.764282,33.487581],[132.764282,33.481281],[132.770462,33.475554],[132.763596,33.47269],[132.762222,33.470972],[132.758789,33.473836],[132.757416,33.484145],[132.759476,33.487008],[132.762909,33.488153],[132.762222,33.490444]]],[[[132.764969,33.489299],[132.768402,33.487581],[132.769775,33.488726],[132.769775,33.487008],[132.773209,33.487008],[132.773895,33.48529],[132.778015,33.487008],[132.782135,33.487008],[132.782135,33.481281],[132.779388,33.480136],[132.776642,33.476127],[132.770462,33.475554],[132.764282,33.481281],[132.763596,33.486435],[132.764969,33.489299]]],[[[132.770462,33.475554],[132.775955,33.470399],[132.775955,33.465817],[132.771835,33.466962],[132.765656,33.463525],[132.764282,33.468681],[132.762222,33.470972],[132.763596,33.47269],[132.770462,33.475554]]],[[[132.779388,33.47899],[132.781448,33.475554],[132.777328,33.473836],[132.771835,33.473836],[132.770462,33.475554],[132.776642,33.476127],[132.779388,33.47899]]],[[[132.784195,33.477845],[132.784882,33.473836],[132.786255,33.473836],[132.783508,33.470972],[132.775955,33.470399],[132.771835,33.473836],[132.778702,33.473836],[132.784195,33.477845]]],[[[132.780762,33.480136],[132.784195,33.477845],[132.781448,33.475554],[132.779388,33.478418],[132.779388,33.480136],[132.780762,33.480136]]],[[[132.786255,33.488726],[132.787628,33.487008],[132.793121,33.48529],[132.792435,33.484145],[132.793121,33.482427],[132.787628,33.481281],[132.786255,33.478418],[132.784882,33.47899],[132.784195,33.477845],[132.781448,33.479563],[132.782822,33.481854],[132.782135,33.486435],[132.782822,33.487008],[132.782135,33.488726],[132.786255,33.488726]]],[[[132.793121,33.482427],[132.794495,33.481854],[132.793808,33.479563],[132.793121,33.478418],[132.791061,33.477845],[132.791748,33.476699],[132.786255,33.474408],[132.788315,33.476699],[132.786942,33.477845],[132.784195,33.477845],[132.784882,33.47899],[132.786255,33.478418],[132.787628,33.481281],[132.793121,33.482427]]],[[[132.784195,33.477845],[132.788315,33.476699],[132.786255,33.474408],[132.791061,33.475554],[132.789001,33.473263],[132.785568,33.471545],[132.784195,33.469254],[132.782135,33.468108],[132.781448,33.469254],[132.776642,33.469254],[132.776642,33.470399],[132.782135,33.470399],[132.785568,33.47269],[132.786255,33.473836],[132.784882,33.473836],[132.784195,33.477845]]],[[[132.793121,33.48529],[132.795181,33.483572],[132.805481,33.480136],[132.805481,33.476127],[132.802734,33.476699],[132.800674,33.47269],[132.799301,33.463525],[132.801361,33.458943],[132.798615,33.457224],[132.793808,33.461234],[132.787628,33.46238],[132.783508,33.465817],[132.782135,33.468681],[132.784882,33.469254],[132.786255,33.471545],[132.789001,33.47269],[132.791748,33.476699],[132.791061,33.477845],[132.793121,33.478418],[132.794495,33.481854],[132.792435,33.484145],[132.793121,33.48529]]],[[[132.758102,33.476127],[132.758789,33.473836],[132.764282,33.468681],[132.767029,33.458943],[132.764969,33.456651],[132.761536,33.456651],[132.758789,33.45837],[132.759476,33.460661],[132.758789,33.467535],[132.756042,33.47269],[132.758102,33.476127]]],[[[132.771835,33.466962],[132.775269,33.465817],[132.773895,33.458943],[132.770462,33.456651],[132.767029,33.457797],[132.765656,33.463525],[132.771835,33.466962]]],[[[132.776642,33.469254],[132.780762,33.462953],[132.782822,33.460661],[132.787628,33.460088],[132.792435,33.45837],[132.792435,33.456078],[132.793808,33.453214],[132.789001,33.448058],[132.784195,33.449204],[132.780762,33.446912],[132.775269,33.447485],[132.773895,33.446339],[132.765656,33.445193],[132.760849,33.450922],[132.759476,33.457797],[132.764969,33.456651],[132.767029,33.457797],[132.769775,33.456651],[132.772522,33.457797],[132.776642,33.469254]]],[[[132.781448,33.469254],[132.787628,33.46238],[132.793808,33.461234],[132.798615,33.457224],[132.793808,33.453214],[132.792435,33.456078],[132.792435,33.45837],[132.787628,33.460088],[132.782822,33.460661],[132.780762,33.462953],[132.776642,33.469254],[132.781448,33.469254]]],[[[132.802734,33.476699],[132.805481,33.476127],[132.810974,33.469254],[132.811661,33.46639],[132.808914,33.465244],[132.806854,33.460661],[132.804108,33.460661],[132.802048,33.458943],[132.801361,33.458943],[132.799301,33.463525],[132.800674,33.47269],[132.802734,33.476699]]]]}},{"type":"Feature","properties":{"layer_id":"bakumatsu_villages","name":"蔵良村","address":"伊予 宇和郡","source":"Geoshape 幕末期近世村領域データセット vector tiles (z7 extraction)","subarea_name":"近世村のおおよその範囲","feature_key":"village:K56G14S00091","accuracy_note":"2015年農業集落境界をもとに復元した概略範囲で、江戸時代の正確な村境ではありません"},"geometry":{"type":"MultiPolygon","coordinates":[[[[132.648926,33.421126],[132.655792,33.414249],[132.656479,33.412529],[132.658539,33.411383],[132.658539,33.40737],[132.655792,33.402785],[132.655792,33.395332],[132.653046,33.395906],[132.646866,33.404504],[132.644119,33.406224],[132.644806,33.408517],[132.646866,33.410236],[132.647552,33.417687],[132.648926,33.421126]]],[[[132.658539,33.41081],[132.660599,33.40737],[132.660599,33.399919],[132.662659,33.397052],[132.664032,33.391893],[132.657852,33.391319],[132.655792,33.3896],[132.653046,33.390173],[132.655792,33.394759],[132.655792,33.402785],[132.658539,33.40737],[132.658539,33.41081]]],[[[132.660599,33.405651],[132.663345,33.402212],[132.670898,33.396479],[132.669525,33.393039],[132.667465,33.391893],[132.664032,33.391893],[132.662659,33.397052],[132.660599,33.400492],[132.660599,33.405651]]]]}},{"type":"Feature","properties":{"layer_id":"bakumatsu_villages","name":"蔵貫村","address":"伊予 宇和郡","source":"Geoshape 幕末期近世村領域データセット vector tiles (z7 extraction)","subarea_name":"近世村のおおよその範囲","feature_key":"village:K56G14S00132","accuracy_note":"2015年農業集落境界をもとに復元した概略範囲で、江戸時代の正確な村境ではありません"},"geometry":{"type":"Polygon","coordinates":[[[132.452545,33.349458],[132.453918,33.348885],[132.452545,33.348311],[132.453918,33.346017],[132.451859,33.34487],[132.452545,33.343149],[132.450485,33.342002],[132.447739,33.342575],[132.445679,33.341428],[132.449799,33.340854],[132.451859,33.339133],[132.448425,33.33856],[132.444992,33.339133],[132.437439,33.331676],[132.436066,33.335118],[132.425766,33.335691],[132.421646,33.347738],[132.423706,33.353473],[132.424393,33.354047],[132.425766,33.354047],[132.426453,33.355767],[132.425766,33.358062],[132.427826,33.363797],[132.430573,33.363797],[132.432632,33.362076],[132.439499,33.360356],[132.443619,33.361503],[132.445679,33.361503],[132.446365,33.360929],[132.449799,33.361503],[132.448425,33.359209],[132.449799,33.356915],[132.449112,33.356341],[132.449112,33.350606],[132.451172,33.348885],[132.452545,33.349458]]]}},{"type":"Feature","properties":{"layer_id":"bakumatsu_villages","name":"蔵貫浦","address":"伊予 宇和郡","source":"Geoshape 幕末期近世村領域データセット vector tiles (z7 extraction)","subarea_name":"近世村のおおよその範囲","feature_key":"village:K56G14S00175","accuracy_note":"2015年農業集落境界をもとに復元した概略範囲で、江戸時代の正確な村境ではありません"},"geometry":{"type":"Polygon","coordinates":[[[132.425079,33.364944],[132.427826,33.363797],[132.425766,33.358062],[132.426453,33.355767],[132.425766,33.354047],[132.424393,33.354047],[132.423706,33.353473],[132.423019,33.350032],[132.421646,33.347738],[132.422333,33.34659],[132.419586,33.346017],[132.418213,33.348311],[132.414093,33.350606],[132.4086,33.352326],[132.4086,33.353473],[132.4189,33.35462],[132.420273,33.358062],[132.417526,33.359782],[132.425079,33.364944]]]}},{"type":"Feature","properties":{"layer_id":"bakumatsu_villages","name":"西山田村","address":"伊予 宇和郡","source":"Geoshape 幕末期近世村領域データセット vector tiles (z7 extraction)","subarea_name":"近世村のおおよその範囲","feature_key":"village:K56G14S00109","accuracy_note":"2015年農業集落境界をもとに復元した概略範囲で、江戸時代の正確な村境ではありません"},"geometry":{"type":"Polygon","coordinates":[[[132.471085,33.386733],[132.478638,33.385586],[132.475891,33.378706],[132.471085,33.376412],[132.469711,33.370678],[132.466965,33.368384],[132.466965,33.365517],[132.465591,33.363797],[132.463531,33.364944],[132.460098,33.363223],[132.458725,33.363797],[132.457352,33.363223],[132.455978,33.364944],[132.453918,33.36265],[132.447052,33.360929],[132.445679,33.361503],[132.442932,33.361503],[132.442932,33.364944],[132.444305,33.366664],[132.440186,33.367811],[132.440186,33.369531],[132.442245,33.371252],[132.443619,33.370105],[132.444992,33.371252],[132.444992,33.372972],[132.446365,33.372972],[132.449112,33.377559],[132.452545,33.380426],[132.453232,33.38272],[132.459412,33.385013],[132.471085,33.385013],[132.471085,33.386733]]]}},{"type":"Feature","properties":{"layer_id":"bakumatsu_villages","name":"西村","address":"伊予 宇和郡","source":"Geoshape 幕末期近世村領域データセット vector tiles (z7 extraction)","subarea_name":"近世村のおおよその範囲","feature_key":"village:K56G14S00093","accuracy_note":"2015年農業集落境界をもとに復元した概略範囲で、江戸時代の正確な村境ではありません"},"geometry":{"type":"MultiPolygon","coordinates":[[[[132.687378,33.430868],[132.693558,33.428003],[132.691498,33.425711],[132.689438,33.426284],[132.684631,33.424565],[132.681885,33.426857],[132.679825,33.426857],[132.684631,33.429149],[132.687378,33.430868]]],[[[132.680511,33.42743],[132.684631,33.424565],[132.689438,33.426284],[132.691498,33.425711],[132.689438,33.421126],[132.682571,33.417687],[132.679825,33.414249],[132.678452,33.415395],[132.677765,33.41826],[132.673645,33.41998],[132.675705,33.425138],[132.680511,33.42743]]],[[[132.689438,33.421126],[132.690125,33.419407],[132.692184,33.418834],[132.695618,33.413102],[132.692871,33.410236],[132.684631,33.411956],[132.680511,33.411956],[132.679825,33.414249],[132.683258,33.41826],[132.689438,33.421126]]]]}},{"type":"Feature","properties":{"layer_id":"bakumatsu_villages","name":"遊子谷村","address":"伊予 宇和郡","source":"Geoshape 幕末期近世村領域データセット vector tiles (z7 extraction)","subarea_name":"近世村のおおよその範囲","feature_key":"village:K56G14S00078","accuracy_note":"2015年農業集落境界をもとに復元した概略範囲で、江戸時代の正確な村境ではありません"},"geometry":{"type":"MultiPolygon","coordinates":[[[[132.74231,33.444047],[132.746429,33.440609],[132.745743,33.439463],[132.748489,33.439463],[132.749863,33.437745],[132.753296,33.437745],[132.753296,33.43316],[132.749176,33.423992],[132.749863,33.422845],[132.74025,33.421126],[132.740936,33.423418],[132.73819,33.429722],[132.73819,33.436599],[132.739563,33.437172],[132.738876,33.440609],[132.74231,33.444047]]],[[[132.762222,33.441755],[132.762222,33.43889],[132.766342,33.434306],[132.767715,33.430295],[132.762909,33.426284],[132.759476,33.424565],[132.749863,33.423418],[132.749176,33.423992],[132.753296,33.43316],[132.753296,33.436599],[132.756729,33.437745],[132.756729,33.439463],[132.758789,33.441182],[132.762222,33.441755]]],[[[132.771149,33.445766],[132.770462,33.442901],[132.771835,33.439463],[132.784195,33.42743],[132.778015,33.41998],[132.770462,33.426857],[132.767715,33.428576],[132.764282,33.428003],[132.767029,33.429722],[132.767029,33.432014],[132.762222,33.439463],[132.762909,33.442328],[132.765656,33.445193],[132.771149,33.445766]]],[[[132.749863,33.422845],[132.749176,33.41826],[132.746429,33.417687],[132.745743,33.415968],[132.742996,33.415395],[132.74231,33.411956],[132.735443,33.405651],[132.735443,33.407944],[132.73407,33.413102],[132.734756,33.416541],[132.735443,33.41826],[132.74025,33.421126],[132.749863,33.422845]]],[[[132.767715,33.428576],[132.771149,33.426284],[132.778015,33.41998],[132.775955,33.41826],[132.753296,33.420553],[132.749863,33.423418],[132.759476,33.424565],[132.764282,33.428003],[132.767715,33.428576]]],[[[132.749863,33.422845],[132.753296,33.420553],[132.775955,33.41826],[132.773209,33.415968],[132.770462,33.410236],[132.765656,33.40909],[132.762909,33.40737],[132.759476,33.410236],[132.754669,33.41081],[132.746429,33.415968],[132.746429,33.417687],[132.749176,33.41826],[132.749863,33.422845]]]]}},{"type":"Feature","properties":{"layer_id":"bakumatsu_villages","name":"郷内村","address":"伊予 宇和郡","source":"Geoshape 幕末期近世村領域データセット vector tiles (z7 extraction)","subarea_name":"近世村のおおよその範囲","feature_key":"village:K56G14S00107","accuracy_note":"2015年農業集落境界をもとに復元した概略範囲で、江戸時代の正確な村境ではありません"},"geometry":{"type":"Polygon","coordinates":[[[132.452545,33.397626],[132.457352,33.397052],[132.469711,33.392466],[132.470398,33.389026],[132.476578,33.38788],[132.476578,33.38616],[132.471085,33.386733],[132.471085,33.385013],[132.459412,33.385013],[132.454605,33.383866],[132.452545,33.38272],[132.452545,33.380426],[132.447052,33.374692],[132.445679,33.378133],[132.446365,33.378706],[132.442932,33.380426],[132.443619,33.382146],[132.442245,33.383293],[132.444305,33.386733],[132.446365,33.387306],[132.447052,33.390173],[132.451172,33.390746],[132.449112,33.395906],[132.452545,33.397626]]]}},{"type":"Feature","properties":{"layer_id":"bakumatsu_villages","name":"野井川村","address":"伊予 宇和郡","source":"Geoshape 幕末期近世村領域データセット vector tiles (z7 extraction)","subarea_name":"近世村のおおよその範囲","feature_key":"village:K56G14S00079","accuracy_note":"2015年農業集落境界をもとに復元した概略範囲で、江戸時代の正確な村境ではありません"},"geometry":{"type":"MultiPolygon","coordinates":[[[[132.784195,33.449204],[132.789001,33.448058],[132.787628,33.445766],[132.787628,33.441182],[132.783508,33.436599],[132.780762,33.437745],[132.776642,33.437172],[132.775269,33.436599],[132.771835,33.439463],[132.770462,33.442901],[132.771149,33.445766],[132.773895,33.446339],[132.775269,33.447485],[132.780762,33.446912],[132.784195,33.449204]]],[[[132.788315,33.438318],[132.790375,33.436026],[132.791748,33.430295],[132.786255,33.42743],[132.784195,33.42743],[132.775269,33.436599],[132.776642,33.437172],[132.780762,33.437745],[132.782822,33.436026],[132.784882,33.438318],[132.788315,33.438318]]],[[[132.806854,33.460661],[132.806168,33.457224],[132.808228,33.455506],[132.808228,33.453787],[132.804108,33.449777],[132.800674,33.439463],[132.797928,33.440036],[132.792435,33.439463],[132.791748,33.43889],[132.791061,33.439463],[132.789001,33.437172],[132.784882,33.438318],[132.787628,33.441755],[132.788315,33.447485],[132.793808,33.453214],[132.795868,33.455506],[132.801361,33.458943],[132.802048,33.458943],[132.803421,33.460661],[132.806854,33.460661]]],[[[132.797928,33.440036],[132.800674,33.439463],[132.805481,33.436599],[132.806854,33.434306],[132.806168,33.432014],[132.799301,33.429722],[132.791748,33.430295],[132.789001,33.437172],[132.790375,33.439463],[132.791061,33.439463],[132.791748,33.43889],[132.792435,33.439463],[132.797928,33.440036]]],[[[132.808228,33.453787],[132.812347,33.452641],[132.813034,33.451495],[132.821274,33.448631],[132.82608,33.446339],[132.827454,33.43889],[132.82402,33.434879],[132.821274,33.434879],[132.813721,33.432014],[132.808914,33.431441],[132.806168,33.432014],[132.806854,33.434306],[132.805481,33.436026],[132.801361,33.43889],[132.800674,33.440036],[132.804108,33.449777],[132.808228,33.453787]]]]}},{"type":"Feature","properties":{"layer_id":"bakumatsu_villages","name":"野村","address":"伊予 宇和郡","source":"Geoshape 幕末期近世村領域データセット vector tiles (z7 extraction)","subarea_name":"近世村のおおよその範囲","feature_key":"village:K56G14S00098","accuracy_note":"2015年農業集落境界をもとに復元した概略範囲で、江戸時代の正確な村境ではありません"},"geometry":{"type":"MultiPolygon","coordinates":[[[[132.634506,33.385013],[132.637253,33.382146],[132.637253,33.380999],[132.635193,33.379279],[132.635193,33.377559],[132.631073,33.374692],[132.620773,33.374692],[132.61734,33.379279],[132.620773,33.382146],[132.626266,33.38444],[132.628326,33.383293],[132.634506,33.385013]]],[[[132.637939,33.393613],[132.641373,33.390746],[132.644119,33.3896],[132.644806,33.387306],[132.643433,33.386733],[132.637253,33.390746],[132.63588,33.390746],[132.637939,33.393613]]],[[[132.637939,33.390173],[132.644119,33.386733],[132.642746,33.379853],[132.639313,33.378706],[132.637253,33.380426],[132.637253,33.382146],[132.634506,33.385013],[132.637253,33.385013],[132.635193,33.387306],[132.637939,33.390173]]],[[[132.643433,33.380999],[132.646866,33.375839],[132.643433,33.375266],[132.643433,33.376412],[132.641373,33.376412],[132.639999,33.374692],[132.638626,33.376412],[132.635193,33.377559],[132.63588,33.379853],[132.637253,33.380426],[132.639313,33.378706],[132.641373,33.378706],[132.642746,33.379853],[132.643433,33.380999]]],[[[132.647552,33.386733],[132.648926,33.387306],[132.648926,33.38616],[132.646866,33.38444],[132.646179,33.38272],[132.646866,33.382146],[132.645493,33.380426],[132.644119,33.380426],[132.642746,33.382146],[132.644119,33.38444],[132.644119,33.386733],[132.644806,33.387306],[132.646179,33.38788],[132.647552,33.386733]]],[[[132.646179,33.380426],[132.646179,33.379279],[132.644119,33.379853],[132.646179,33.380426]]],[[[132.628326,33.375266],[132.642059,33.371252],[132.637253,33.368384],[132.636566,33.369531],[132.635193,33.368958],[132.620773,33.371252],[132.620087,33.371825],[132.620773,33.374692],[132.628326,33.375266]]],[[[132.635193,33.377559],[132.638626,33.376412],[132.639999,33.374692],[132.641373,33.376412],[132.643433,33.375266],[132.642746,33.374119],[132.642059,33.374692],[132.642059,33.371825],[132.640686,33.371252],[132.630386,33.374692],[132.635193,33.377559]]],[[[132.642746,33.371825],[132.643433,33.368958],[132.634506,33.366664],[132.635193,33.363797],[132.633133,33.361503],[132.628326,33.359782],[132.624893,33.360356],[132.618713,33.358062],[132.620773,33.371252],[132.635193,33.368958],[132.636566,33.369531],[132.637253,33.368384],[132.642746,33.371825]]],[[[132.643433,33.375266],[132.646866,33.375839],[132.647552,33.373545],[132.644806,33.372398],[132.642059,33.372972],[132.642059,33.374692],[132.642746,33.374119],[132.643433,33.375266]]],[[[132.643433,33.375266],[132.642059,33.376412],[132.643433,33.376412],[132.643433,33.375266]]],[[[132.642059,33.372972],[132.644806,33.372398],[132.644119,33.370678],[132.644806,33.369531],[132.647552,33.370105],[132.648926,33.366664],[132.646866,33.365517],[132.644119,33.365517],[132.643433,33.368958],[132.642746,33.371825],[132.640686,33.371252],[132.642059,33.372972]]],[[[132.647552,33.373545],[132.648239,33.370678],[132.644806,33.369531],[132.644119,33.370678],[132.644806,33.372398],[132.647552,33.373545]]],[[[132.653732,33.383293],[132.655792,33.379853],[132.656479,33.377559],[132.655106,33.376986],[132.651672,33.376986],[132.650299,33.380999],[132.652359,33.382146],[132.653732,33.380426],[132.653046,33.382146],[132.653732,33.383293]]],[[[132.650299,33.379279],[132.650986,33.378133],[132.654419,33.367811],[132.647552,33.370105],[132.648239,33.371825],[132.647552,33.373545],[132.644806,33.379279],[132.650299,33.379279]]],[[[132.657166,33.372972],[132.657166,33.372398],[132.659912,33.368384],[132.662659,33.367811],[132.664719,33.368958],[132.667465,33.367811],[132.668839,33.365517],[132.666779,33.36437],[132.666092,33.362076],[132.668152,33.359782],[132.650986,33.358062],[132.646866,33.365517],[132.648926,33.366664],[132.647552,33.370105],[132.654419,33.367811],[132.652359,33.372972],[132.657166,33.372972]]],[[[132.632446,33.361503],[132.63382,33.360356],[132.642059,33.360929],[132.644119,33.359782],[132.643433,33.354047],[132.641373,33.355194],[132.640686,33.353473],[132.641373,33.353473],[132.642746,33.350606],[132.633133,33.348885],[132.629013,33.348885],[132.624893,33.351753],[132.618027,33.351753],[132.61734,33.3529],[132.618713,33.358062],[132.624893,33.360356],[132.628326,33.359782],[132.632446,33.361503]]],[[[132.643433,33.368958],[132.644119,33.365517],[132.646866,33.365517],[132.650986,33.358062],[132.657166,33.351179],[132.661972,33.349458],[132.660599,33.345443],[132.659225,33.347738],[132.650299,33.351179],[132.642746,33.350606],[132.640686,33.35462],[132.641373,33.355194],[132.643433,33.354047],[132.644119,33.359782],[132.641373,33.360929],[132.63382,33.360356],[132.632446,33.361503],[132.635193,33.363223],[132.635193,33.367237],[132.643433,33.368958]]],[[[132.624893,33.351753],[132.629013,33.348885],[132.633133,33.348885],[132.642746,33.350606],[132.650299,33.351179],[132.659912,33.34659],[132.661285,33.342575],[132.659912,33.341428],[132.659225,33.337412],[132.657166,33.336265],[132.656479,33.332823],[132.648239,33.329955],[132.646866,33.328807],[132.642746,33.32766],[132.63382,33.328807],[132.632446,33.330528],[132.629013,33.331102],[132.628326,33.340281],[132.624893,33.340854],[132.62352,33.345443],[132.618713,33.348885],[132.618027,33.351753],[132.624893,33.351753]]],[[[132.668152,33.359782],[132.666779,33.357488],[132.670212,33.355767],[132.668839,33.352326],[132.669525,33.350032],[132.664032,33.349458],[132.658539,33.350032],[132.650986,33.358062],[132.668152,33.359782]]]]}},{"type":"Feature","properties":{"layer_id":"bakumatsu_villages","name":"野田村","address":"伊予 宇和郡","source":"Geoshape 幕末期近世村領域データセット vector tiles (z7 extraction)","subarea_name":"近世村のおおよその範囲","feature_key":"village:K56G14S10003","accuracy_note":"2015年農業集落境界をもとに復元した概略範囲で、江戸時代の正確な村境ではありません"},"geometry":{"type":"Polygon","coordinates":[[[132.490997,33.361503],[132.492371,33.358062],[132.491684,33.357488],[132.492371,33.356341],[132.495117,33.358635],[132.497864,33.358062],[132.499924,33.355194],[132.494431,33.351753],[132.489624,33.344296],[132.484818,33.344296],[132.482758,33.347738],[132.477264,33.347738],[132.474518,33.349458],[132.468338,33.350032],[132.466965,33.347738],[132.464905,33.346017],[132.464905,33.350606],[132.461472,33.354047],[132.463531,33.356915],[132.466965,33.359782],[132.469025,33.359209],[132.471085,33.358062],[132.476578,33.359209],[132.486191,33.358635],[132.490997,33.361503]]]}},{"type":"Feature","properties":{"layer_id":"bakumatsu_villages","name":"釜川村","address":"伊予 宇和郡","source":"Geoshape 幕末期近世村領域データセット vector tiles (z7 extraction)","subarea_name":"近世村のおおよその範囲","feature_key":"village:K56G14S00096","accuracy_note":"2015年農業集落境界をもとに復元した概略範囲で、江戸時代の正確な村境ではありません"},"geometry":{"type":"MultiPolygon","coordinates":[[[[132.686005,33.401638],[132.686005,33.395906],[132.684631,33.392466],[132.679138,33.394759],[132.677078,33.397052],[132.677078,33.398772],[132.686005,33.401638]]],[[[132.691498,33.401638],[132.691498,33.389026],[132.684631,33.392466],[132.686005,33.395906],[132.686005,33.401638],[132.691498,33.401638]]],[[[132.692871,33.403931],[132.695618,33.403358],[132.698364,33.397052],[132.696304,33.390173],[132.693558,33.388453],[132.691498,33.389026],[132.692184,33.393613],[132.690811,33.397052],[132.691498,33.401638],[132.692184,33.403358],[132.692871,33.403931]]],[[[132.701111,33.403931],[132.701797,33.398772],[132.704544,33.397052],[132.706604,33.394186],[132.703857,33.388453],[132.704544,33.386733],[132.703171,33.385013],[132.696304,33.38444],[132.694244,33.38616],[132.693558,33.388453],[132.696304,33.390746],[132.698364,33.397052],[132.695618,33.403358],[132.701111,33.403931]]]]}},{"type":"Feature","properties":{"layer_id":"bakumatsu_villages","name":"鎌田村","address":"伊予 宇和郡","source":"Geoshape 幕末期近世村領域データセット vector tiles (z7 extraction)","subarea_name":"近世村のおおよその範囲","feature_key":"village:K56G14S00095","accuracy_note":"2015年農業集落境界をもとに復元した概略範囲で、江戸時代の正確な村境ではありません"},"geometry":{"type":"MultiPolygon","coordinates":[[[[132.680511,33.411956],[132.683258,33.408517],[132.686005,33.401638],[132.677078,33.398772],[132.672958,33.405078],[132.675705,33.406224],[132.679138,33.411383],[132.680511,33.411956]]],[[[132.684631,33.411956],[132.691498,33.410236],[132.694244,33.406224],[132.696991,33.403358],[132.692184,33.403931],[132.691498,33.401638],[132.688751,33.402212],[132.686005,33.401638],[132.683258,33.408517],[132.680511,33.411956],[132.684631,33.411956]]]]}},{"type":"Feature","properties":{"layer_id":"bakumatsu_villages","name":"長谷村","address":"伊予 宇和郡","source":"Geoshape 幕末期近世村領域データセット vector tiles (z7 extraction)","subarea_name":"近世村のおおよその範囲","feature_key":"village:K56G14S00085","accuracy_note":"2015年農業集落境界をもとに復元した概略範囲で、江戸時代の正確な村境ではありません"},"geometry":{"type":"Polygon","coordinates":[[[132.569962,33.394759],[132.575455,33.391319],[132.578888,33.391893],[132.580948,33.390746],[132.587128,33.383293],[132.588501,33.380426],[132.586441,33.378706],[132.585068,33.372972],[132.581635,33.367811],[132.578201,33.369531],[132.573395,33.367237],[132.570648,33.367237],[132.568588,33.365517],[132.567215,33.366091],[132.565842,33.368958],[132.561035,33.369531],[132.561035,33.370678],[132.558289,33.371252],[132.556915,33.372972],[132.553482,33.378706],[132.555542,33.385586],[132.558289,33.387306],[132.557602,33.389026],[132.558975,33.393039],[132.566528,33.393039],[132.569962,33.394759]]]}},{"type":"Feature","properties":{"layer_id":"bakumatsu_villages","name":"阿下前石村","address":"伊予 宇和郡","source":"Geoshape 幕末期近世村領域データセット vector tiles (z7 extraction)","subarea_name":"近世村のおおよその範囲","feature_key":"village:K56G14S00097","accuracy_note":"2015年農業集落境界をもとに復元した概略範囲で、江戸時代の正確な村境ではありません"},"geometry":{"type":"MultiPolygon","coordinates":[[[[132.650299,33.391319],[132.654419,33.3896],[132.653046,33.38616],[132.655106,33.383293],[132.653046,33.382146],[132.653732,33.380426],[132.652359,33.382146],[132.650299,33.380999],[132.647552,33.380426],[132.647552,33.381573],[132.646179,33.380999],[132.646866,33.382146],[132.646179,33.38272],[132.646866,33.38444],[132.648926,33.38616],[132.648926,33.387306],[132.647552,33.386733],[132.646179,33.38788],[132.650299,33.391319]]],[[[132.650986,33.378133],[132.650299,33.379279],[132.646866,33.379279],[132.646179,33.380426],[132.647552,33.380426],[132.646179,33.380999],[132.647552,33.381573],[132.648239,33.380426],[132.650299,33.380999],[132.650986,33.378133]]],[[[132.650986,33.378133],[132.651672,33.376986],[132.650986,33.376412],[132.650986,33.378133]]],[[[132.667465,33.391893],[132.668152,33.383866],[132.667465,33.380426],[132.668152,33.378706],[132.667465,33.377559],[132.665405,33.376412],[132.660599,33.375839],[132.656479,33.377559],[132.653046,33.38616],[132.654419,33.3896],[132.658539,33.391319],[132.667465,33.391893]]],[[[132.667465,33.377559],[132.670212,33.373545],[132.669525,33.371825],[132.666779,33.368384],[132.661285,33.367811],[132.658539,33.370105],[132.657166,33.372398],[132.657852,33.372972],[132.653046,33.372972],[132.650986,33.376412],[132.656479,33.377559],[132.660599,33.375839],[132.665405,33.376412],[132.667465,33.377559]]],[[[132.677078,33.398772],[132.677078,33.397052],[132.679138,33.395332],[132.678452,33.389026],[132.681198,33.385013],[132.673645,33.381573],[132.668152,33.382146],[132.667465,33.391893],[132.669525,33.393039],[132.671585,33.397052],[132.673645,33.397052],[132.677078,33.398772]]],[[[132.681198,33.385013],[132.684631,33.378706],[132.675705,33.372972],[132.672272,33.372972],[132.669525,33.373545],[132.667465,33.377559],[132.668152,33.382146],[132.673645,33.381573],[132.681198,33.385013]]],[[[132.679138,33.395332],[132.688751,33.390746],[132.690811,33.389026],[132.693558,33.388453],[132.694244,33.38616],[132.695618,33.385013],[132.690811,33.379279],[132.686005,33.379853],[132.684631,33.378706],[132.681198,33.385013],[132.678452,33.390173],[132.679138,33.395332]]]]}},{"type":"Feature","properties":{"layer_id":"bakumatsu_villages","name":"高山浦","address":"伊予 宇和郡","source":"Geoshape 幕末期近世村領域データセット vector tiles (z7 extraction)","subarea_name":"近世村のおおよその範囲","feature_key":"village:K56G14S00044","accuracy_note":"2015年農業集落境界をもとに復元した概略範囲で、江戸時代の正確な村境ではありません"},"geometry":{"type":"MultiPolygon","coordinates":[[[[132.391434,33.319053],[132.388,33.317332],[132.384567,33.320201],[132.379761,33.321349],[132.374268,33.320201],[132.372894,33.317906],[132.370148,33.319053],[132.368774,33.325365],[132.370148,33.325365],[132.371521,33.328807],[132.372894,33.328233],[132.374268,33.329955],[132.375641,33.32766],[132.377701,33.326512],[132.383194,33.32766],[132.383881,33.329381],[132.385254,33.32766],[132.388,33.327086],[132.394867,33.327086],[132.395554,33.328233],[132.40036,33.32766],[132.401047,33.326512],[132.401047,33.325365],[132.40242,33.324217],[132.40242,33.32307],[132.41066,33.319627],[132.409973,33.316758],[132.4086,33.315611],[132.405853,33.31102],[132.401047,33.310446],[132.398987,33.311594],[132.40036,33.311594],[132.40036,33.312168],[132.398987,33.313889],[132.398987,33.316758],[132.394867,33.317906],[132.393494,33.319627],[132.392807,33.319627],[132.390747,33.319627],[132.39006,33.319053],[132.391434,33.319053]]],[[[132.426453,33.336265],[132.434006,33.335691],[132.436066,33.335118],[132.438126,33.331102],[132.441559,33.331676],[132.447739,33.326512],[132.448425,33.322496],[132.449799,33.316758],[132.451859,33.314463],[132.450485,33.309299],[132.443619,33.31102],[132.442245,33.312742],[132.440186,33.311594],[132.434006,33.316185],[132.433319,33.320201],[132.429886,33.319053],[132.431946,33.320201],[132.429199,33.319627],[132.429199,33.31848],[132.430573,33.31848],[132.427826,33.316758],[132.417526,33.324791],[132.420959,33.326512],[132.425079,33.330528],[132.425766,33.332249],[132.425079,33.335118],[132.426453,33.336265]]],[[[132.409973,33.316758],[132.41684,33.31102],[132.41684,33.307577],[132.420273,33.305856],[132.420273,33.30356],[132.416153,33.304134],[132.411346,33.307577],[132.407913,33.306429],[132.405167,33.307003],[132.399673,33.309873],[132.398987,33.311594],[132.401047,33.310446],[132.405853,33.310446],[132.4086,33.315611],[132.409973,33.316758]]],[[[132.417526,33.324791],[132.423019,33.320775],[132.427826,33.316758],[132.426453,33.315611],[132.424393,33.316185],[132.416153,33.32307],[132.417526,33.324791]]],[[[132.416153,33.32307],[132.426453,33.315611],[132.424393,33.313889],[132.426453,33.31102],[132.425079,33.309873],[132.421646,33.311594],[132.41684,33.31102],[132.409973,33.316758],[132.41066,33.319627],[132.409973,33.320775],[132.416153,33.32307]]],[[[132.422333,33.311594],[132.424393,33.309873],[132.422333,33.308151],[132.423019,33.304134],[132.420959,33.30356],[132.420273,33.305856],[132.41684,33.307003],[132.416153,33.308725],[132.41684,33.31102],[132.4189,33.311594],[132.422333,33.311594]]]]}},{"type":"Feature","properties":{"layer_id":"bakumatsu_villages","name":"高瀬村","address":"伊予 宇和郡","source":"Geoshape 幕末期近世村領域データセット vector tiles (z7 extraction)","subarea_name":"近世村のおおよその範囲","feature_key":"village:K56G14S00089","accuracy_note":"2015年農業集落境界をもとに復元した概略範囲で、江戸時代の正確な村境ではありません"},"geometry":{"type":"MultiPolygon","coordinates":[[[[132.624207,33.440036],[132.624207,33.433733],[132.626266,33.428576],[132.62146,33.423992],[132.61528,33.425138],[132.61322,33.432014],[132.61116,33.43316],[132.611847,33.435453],[132.610474,33.436599],[132.610474,33.43889],[132.61528,33.440036],[132.624207,33.440036]]],[[[132.626953,33.428003],[132.629013,33.425711],[132.630386,33.424565],[132.631073,33.422845],[132.6297,33.421126],[132.631073,33.418834],[132.630386,33.417687],[132.62764,33.417114],[132.620773,33.418834],[132.615967,33.425138],[132.62146,33.423992],[132.626953,33.428003]]],[[[132.626953,33.441182],[132.632446,33.440036],[132.63382,33.435453],[132.639999,33.432587],[132.636566,33.425138],[132.63382,33.423992],[132.631073,33.418834],[132.6297,33.421126],[132.631073,33.422845],[132.630386,33.424565],[132.626266,33.428576],[132.62558,33.432587],[132.624207,33.433733],[132.624893,33.439463],[132.62352,33.440036],[132.626953,33.441182]]],[[[132.63588,33.424565],[132.635193,33.421699],[132.637939,33.421126],[132.642059,33.41826],[132.637939,33.417687],[132.63382,33.415395],[132.628326,33.415395],[132.626953,33.417114],[132.630386,33.417687],[132.63382,33.423992],[132.63588,33.424565]]],[[[132.642059,33.43316],[132.642746,33.432014],[132.646866,33.428576],[132.649612,33.42743],[132.650986,33.425711],[132.648926,33.423418],[132.648926,33.421126],[132.642059,33.41826],[132.637939,33.421126],[132.635193,33.421699],[132.639999,33.432587],[132.642059,33.43316]]],[[[132.648926,33.421126],[132.647552,33.417687],[132.646866,33.410236],[132.644806,33.408517],[132.644119,33.406224],[132.642746,33.405651],[132.642059,33.40737],[132.639999,33.408517],[132.641373,33.411383],[132.642059,33.41826],[132.648926,33.421126]]],[[[132.642059,33.41826],[132.642746,33.416541],[132.639999,33.408517],[132.637939,33.40909],[132.639999,33.411383],[132.639999,33.412529],[132.633133,33.413102],[132.632446,33.414249],[132.630386,33.414822],[132.634506,33.415395],[132.639313,33.41826],[132.642059,33.41826]]]]}},{"type":"Feature","properties":{"layer_id":"bakumatsu_villages","name":"高野子村","address":"伊予 宇和郡","source":"Geoshape 幕末期近世村領域データセット vector tiles (z7 extraction)","subarea_name":"近世村のおおよその範囲","feature_key":"village:K56G14S00249","accuracy_note":"2015年農業集落境界をもとに復元した概略範囲で、江戸時代の正確な村境ではありません"},"geometry":{"type":"MultiPolygon","coordinates":[[[[132.792435,33.375839],[132.794495,33.370105],[132.798615,33.366091],[132.797928,33.364944],[132.793808,33.36437],[132.791061,33.359209],[132.786942,33.358635],[132.782135,33.35462],[132.779388,33.355767],[132.779388,33.36437],[132.782135,33.367811],[132.784882,33.367811],[132.789001,33.370105],[132.792435,33.375839]]],[[[132.802734,33.388453],[132.806854,33.382146],[132.807541,33.378133],[132.810287,33.375266],[132.810287,33.371252],[132.811661,33.369531],[132.806168,33.363797],[132.800674,33.36265],[132.798615,33.363223],[132.797928,33.364944],[132.798615,33.366664],[132.794495,33.370105],[132.792435,33.375839],[132.795868,33.376986],[132.798615,33.385013],[132.801361,33.38616],[132.802734,33.388453]]],[[[132.797928,33.364944],[132.797928,33.356915],[132.793808,33.359209],[132.792435,33.361503],[132.793808,33.36437],[132.797928,33.364944]]],[[[132.792435,33.360929],[132.796555,33.357488],[132.801361,33.356915],[132.808228,33.348311],[132.807541,33.34659],[132.802734,33.343722],[132.801361,33.343149],[132.797928,33.344296],[132.793121,33.344296],[132.791748,33.345443],[132.790375,33.343722],[132.788315,33.34659],[132.784195,33.347164],[132.784195,33.351179],[132.782135,33.35462],[132.786255,33.358635],[132.791061,33.359209],[132.792435,33.360929]]],[[[132.825394,33.373545],[132.825394,33.370105],[132.82196,33.361503],[132.821274,33.357488],[132.819214,33.356915],[132.815094,33.353473],[132.806168,33.359782],[132.804108,33.36265],[132.808228,33.365517],[132.811661,33.369531],[132.825394,33.373545]]],[[[132.798615,33.363223],[132.804108,33.36265],[132.806168,33.359782],[132.815094,33.353473],[132.810287,33.348885],[132.808228,33.348311],[132.801361,33.356915],[132.799301,33.356915],[132.797928,33.358062],[132.798615,33.363223]]]]}},{"type":"Feature","properties":{"layer_id":"bakumatsu_villages","name":"鬼窪村","address":"伊予 宇和郡","source":"Geoshape 幕末期近世村領域データセット vector tiles (z7 extraction)","subarea_name":"近世村のおおよその範囲","feature_key":"village:K56G14S00102","accuracy_note":"2015年農業集落境界をもとに復元した概略範囲で、江戸時代の正確な村境ではありません"},"geometry":{"type":"Polygon","coordinates":[[[132.52121,33.363223],[132.521896,33.361503],[132.524643,33.360929],[132.52739,33.362076],[132.526016,33.360356],[132.526703,33.358635],[132.52533,33.358635],[132.523956,33.356915],[132.518463,33.359209],[132.519836,33.360356],[132.518463,33.360356],[132.517776,33.36265],[132.520523,33.362076],[132.52121,33.363223]]]}},{"type":"Feature","properties":{"layer_id":"bakumatsu_villages","name":"魚成村","address":"伊予 宇和郡","source":"Geoshape 幕末期近世村領域データセット vector tiles (z7 extraction)","subarea_name":"近世村のおおよその範囲","feature_key":"village:K56G14S00070","accuracy_note":"2015年農業集落境界をもとに復元した概略範囲で、江戸時代の正確な村境ではありません"},"geometry":{"type":"MultiPolygon","coordinates":[[[[132.705917,33.393613],[132.707977,33.390746],[132.712784,33.390173],[132.71553,33.387306],[132.718277,33.383293],[132.716904,33.381573],[132.709351,33.380999],[132.703171,33.385013],[132.705917,33.393613]]],[[[132.703171,33.385013],[132.706604,33.382146],[132.710037,33.380999],[132.712097,33.379279],[132.712784,33.375839],[132.711411,33.372398],[132.708664,33.373545],[132.706604,33.372398],[132.703857,33.375839],[132.701111,33.38444],[132.703171,33.385013]]],[[[132.701111,33.38444],[132.703857,33.376412],[132.706604,33.372398],[132.703857,33.369531],[132.703857,33.367237],[132.701111,33.365517],[132.695618,33.367811],[132.697678,33.368958],[132.697678,33.373545],[132.692184,33.376986],[132.690125,33.379279],[132.695618,33.38444],[132.701111,33.38444]]],[[[132.707977,33.373545],[132.712097,33.372972],[132.712097,33.367237],[132.720337,33.359209],[132.72171,33.354047],[132.716904,33.358635],[132.706604,33.36437],[132.703857,33.368384],[132.705231,33.371825],[132.707977,33.373545]]],[[[132.703857,33.368384],[132.706604,33.36437],[132.718277,33.357488],[132.72171,33.354047],[132.722397,33.350606],[132.71965,33.351179],[132.71759,33.347738],[132.71347,33.345443],[132.707977,33.34659],[132.705231,33.346017],[132.703171,33.348311],[132.697678,33.347738],[132.695618,33.349458],[132.687378,33.349458],[132.686005,33.347738],[132.683258,33.348885],[132.679138,33.348311],[132.678452,33.350606],[132.669525,33.350032],[132.670212,33.356341],[132.672958,33.360356],[132.680511,33.363223],[132.688065,33.367237],[132.692871,33.366664],[132.695618,33.367811],[132.701111,33.365517],[132.703857,33.367237],[132.703857,33.368384]]],[[[132.707977,33.395906],[132.710724,33.395332],[132.714157,33.392466],[132.71965,33.391319],[132.723083,33.3896],[132.724457,33.3896],[132.726517,33.388453],[132.73201,33.3896],[132.72995,33.385586],[132.730637,33.382146],[132.729263,33.379853],[132.724457,33.380999],[132.723083,33.382146],[132.718964,33.378706],[132.716904,33.381573],[132.718277,33.383293],[132.716217,33.387306],[132.712784,33.390173],[132.707977,33.390746],[132.705917,33.393613],[132.706604,33.394186],[132.707977,33.395906]]],[[[132.723083,33.382146],[132.724457,33.380999],[132.726517,33.380426],[132.723083,33.377559],[132.72171,33.375266],[132.72171,33.374119],[132.718277,33.372398],[132.718964,33.378706],[132.723083,33.382146]]],[[[132.716904,33.381573],[132.718964,33.377559],[132.718277,33.371252],[132.71965,33.368958],[132.722397,33.367811],[132.71965,33.360356],[132.712097,33.367237],[132.712097,33.372972],[132.712784,33.377559],[132.712097,33.379279],[132.710037,33.380999],[132.716904,33.381573]]],[[[132.730637,33.382146],[132.732697,33.380426],[132.730637,33.379279],[132.733383,33.378133],[132.73201,33.371252],[132.72789,33.364944],[132.724457,33.361503],[132.722397,33.352326],[132.71965,33.360356],[132.722397,33.367811],[132.718964,33.369531],[132.718277,33.372398],[132.72171,33.374119],[132.72171,33.375266],[132.72377,33.378133],[132.727203,33.380999],[132.729263,33.379853],[132.730637,33.382146]]]]}},{"type":"Feature","properties":{"layer_id":"edo_post_stations","name":"卯之町","address":"","source":"CODH 江戸宿場データセット Version 1 (2026-08)","subarea_name":"宇和島道","feature_key":"post:R821-004"},"geometry":{"coordinates":[132.513946,33.3621],"type":"Point"}},{"type":"Feature","properties":{"layer_id":"edo_post_stations","name":"東多田","address":"","source":"CODH 江戸宿場データセット Version 1 (2026-08)","subarea_name":"宇和島道","feature_key":"post:R821-005"},"geometry":{"coordinates":[132.5122,33.42642],"type":"Point"}},{"type":"Feature","properties":{"layer_id":"edo_post_stations","name":"皆田","address":"","source":"CODH 江戸宿場データセット Version 1 (2026-08)","subarea_name":"宇和島道","feature_key":"post:R821-002"},"geometry":{"type":"Point","coordinates":[132.534889,33.345966]}},{"type":"Feature","properties":{"layer_id":"edo_post_stations","name":"鳥坂","address":"","source":"CODH 江戸宿場データセット Version 1 (2026-08)","subarea_name":"宇和島道","feature_key":"post:R821-006"},"geometry":{"coordinates":[132.522583,33.444435],"type":"Point"}},{"type":"Feature","properties":{"layer_id":"edo_roads","name":"宇和島道","address":"大洲 → 宇和島","source":"CODH 江戸主要街道データセット Version 4 (2026-08)","subarea_name":"江戸期の主要街道","feature_key":"road:R821"},"geometry":{"type":"LineString","coordinates":[[132.53162,33.45166],[132.52978,33.45238],[132.52921,33.45275]]}},{"type":"Feature","properties":{"layer_id":"edo_roads","name":"宇和島道","address":"大洲 → 宇和島","source":"CODH 江戸主要街道データセット Version 4 (2026-08)","subarea_name":"江戸期の主要街道","feature_key":"road:R821"},"geometry":{"type":"LineString","coordinates":[[132.52731,33.45124],[132.52537,33.451],[132.52436,33.45047],[132.52426,33.44992],[132.52309,33.44986],[132.52268,33.44941],[132.52195,33.44928],[132.52125,33.44886],[132.52081,33.4492],[132.52037,33.44881],[132.51989,33.44865],[132.5197,33.44814],[132.51976,33.44764],[132.51919,33.44751],[132.51973,33.44711],[132.52024,33.44582],[132.52084,33.4455],[132.52125,33.44394],[132.52045,33.44318],[132.52075,33.44283],[132.52037,33.44209],[132.51954,33.44169],[132.51865,33.44082],[132.51812,33.43785],[132.51742,33.43591],[132.51682,33.43504],[132.51666,33.43393],[132.51637,33.4334],[132.51634,33.43234],[132.5159,33.43113],[132.51523,33.43002],[132.51422,33.42938],[132.51267,33.4274],[132.51171,33.42478],[132.51219,33.42473],[132.51213,33.42412],[132.51273,33.42343],[132.51238,33.4234],[132.51289,33.42235],[132.51267,33.42047],[132.51178,33.41888],[132.51171,33.41743],[132.51229,33.41439],[132.512,33.41282],[132.51067,33.41031],[132.51086,33.40915],[132.51143,33.40835],[132.51114,33.4038],[132.51007,33.40198],[132.50924,33.39735],[132.50861,33.39695],[132.50848,33.39655],[132.50874,33.3961],[132.50801,33.39383],[132.5081,33.3933],[132.50769,33.39179],[132.50766,33.39063],[132.50696,33.39007],[132.50674,33.38941],[132.50715,33.38706],[132.50671,33.38547],[132.50636,33.38504],[132.50601,33.3838],[132.50671,33.3828],[132.50439,33.37753],[132.50454,33.3767],[132.50519,33.37581],[132.50534,33.37453],[132.50753,33.37251],[132.50813,33.3713],[132.50836,33.36984],[132.50826,33.36876],[132.50886,33.36746],[132.50894,33.36693],[132.50917,33.36668],[132.51002,33.36608],[132.51056,33.36542],[132.51168,33.36479],[132.5123,33.36416],[132.51322,33.36391],[132.51501,33.36296],[132.51513,33.36312],[132.51555,33.36293],[132.51571,33.36243],[132.5161,33.36223],[132.51791,33.36147],[132.51909,33.36126],[132.51921,33.3614],[132.52064,33.36099],[132.51985,33.35999],[132.51918,33.35942],[132.51864,33.35754],[132.52018,33.35448],[132.5202,33.35366],[132.52045,33.35374],[132.52086,33.35324],[132.52089,33.35276],[132.52248,33.3521],[132.52327,33.3512],[132.52406,33.35061],[132.52406,33.34934],[132.52349,33.34802],[132.52314,33.3458],[132.524,33.34455],[132.52428,33.34373],[132.52416,33.34312],[132.52444,33.34265],[132.52425,33.34212],[132.52451,33.34159],[132.52454,33.3409],[132.52476,33.34066],[132.52444,33.34029],[132.5252,33.33995],[132.52514,33.33918],[132.52603,33.33891],[132.52609,33.33783],[132.52625,33.33748],[132.52612,33.33711],[132.52704,33.33638],[132.52699,33.33584],[132.52804,33.3359],[132.52786,33.3355],[132.52802,33.33517],[132.52858,33.33481],[132.52783,33.33477],[132.52682,33.33399]]}},{"type":"Feature","properties":{"layer_id":"historical_sites_archaeology","name":"三滝城跡","address":"愛媛県 西予市 城川町窪野","source":"Geoshape 日本歴史地名大系 施設・地点項目データセット 2025-05-15","subarea_name":"城跡","feature_key":"05_castle_ruins.geojson:390000218100","subtype":"城跡"},"geometry":{"type":"Point","coordinates":[132.796126,33.41296]}},{"type":"Feature","properties":{"layer_id":"historical_sites_archaeology","name":"下木城跡","address":"愛媛県 西予市 宇和町東多田","source":"Geoshape 日本歴史地名大系 施設・地点項目データセット 2025-05-15","subarea_name":"城跡","feature_key":"05_castle_ruins.geojson:390000205600","subtype":"城跡"},"geometry":{"type":"Point","coordinates":[132.515403,33.424799]}},{"type":"Feature","properties":{"layer_id":"historical_sites_archaeology","name":"中津川洞遺跡","address":"愛媛県 西予市 城川町古市","source":"Geoshape 日本歴史地名大系 施設・地点項目データセット 2025-05-15","subarea_name":"遺跡","feature_key":"08_archaeological_sites.geojson:390000217500","subtype":"遺跡"},"geometry":{"type":"Point","coordinates":[132.7768,33.369789]}},{"type":"Feature","properties":{"layer_id":"historical_sites_archaeology","name":"久枝城跡","address":"愛媛県 西予市 宇和町久枝","source":"Geoshape 日本歴史地名大系 施設・地点項目データセット 2025-05-15","subarea_name":"城跡","feature_key":"05_castle_ruins.geojson:390000209100","subtype":"城跡"},"geometry":{"type":"Point","coordinates":[132.49823,33.36306]}},{"type":"Feature","properties":{"layer_id":"historical_sites_archaeology","name":"四郎谷遺跡","address":"愛媛県 西予市 野村町四郎谷","source":"Geoshape 日本歴史地名大系 施設・地点項目データセット 2025-05-15","subarea_name":"遺跡","feature_key":"08_archaeological_sites.geojson:390000213000","subtype":"遺跡"},"geometry":{"type":"Point","coordinates":[132.603893,33.386272]}},{"type":"Feature","properties":{"layer_id":"historical_sites_archaeology","name":"城楽岩陰遺跡","address":"愛媛県 西予市 宇和町西山田","source":"Geoshape 日本歴史地名大系 施設・地点項目データセット 2025-05-15","subarea_name":"遺跡","feature_key":"08_archaeological_sites.geojson:390000208500","subtype":"遺跡"},"geometry":{"type":"Point","coordinates":[132.460181,33.375614]}},{"type":"Feature","properties":{"layer_id":"historical_sites_archaeology","name":"大窪台銅矛出土地","address":"愛媛県 西予市 宇和町久枝","source":"Geoshape 日本歴史地名大系 施設・地点項目データセット 2025-05-15","subarea_name":"史跡","feature_key":"09_historic_sites.geojson:390000209200","subtype":"史跡"},"geometry":{"type":"Point","coordinates":[132.49823,33.36306]}},{"type":"Feature","properties":{"layer_id":"historical_sites_archaeology","name":"安養寺裏山古墳","address":"愛媛県 西予市 宇和町岩木","source":"Geoshape 日本歴史地名大系 施設・地点項目データセット 2025-05-15","subarea_name":"古墳","feature_key":"06_kofun.geojson:390000208100","subtype":"古墳"},"geometry":{"type":"Point","coordinates":[132.470003,33.399086]}},{"type":"Feature","properties":{"layer_id":"historical_sites_archaeology","name":"朝立の台遺跡","address":"愛媛県 西予市 三瓶町朝立","source":"Geoshape 日本歴史地名大系 施設・地点項目データセット 2025-05-15","subarea_name":"遺跡","feature_key":"08_archaeological_sites.geojson:390000195500","subtype":"遺跡"},"geometry":{"type":"Point","coordinates":[132.428248,33.391332]}},{"type":"Feature","properties":{"layer_id":"historical_sites_archaeology","name":"松渓経塚遺跡","address":"愛媛県 西予市 野村町松溪","source":"Geoshape 日本歴史地名大系 施設・地点項目データセット 2025-05-15","subarea_name":"遺跡","feature_key":"08_archaeological_sites.geojson:390000212400","subtype":"遺跡"},"geometry":{"type":"Point","coordinates":[132.595066,33.413003]}},{"type":"Feature","properties":{"layer_id":"historical_sites_archaeology","name":"松葉城跡","address":"愛媛県 西予市 宇和町下松葉","source":"Geoshape 日本歴史地名大系 施設・地点項目データセット 2025-05-15","subarea_name":"城跡","feature_key":"05_castle_ruins.geojson:390000209400","subtype":"城跡"},"geometry":{"type":"Point","coordinates":[132.510799,33.375475]}},{"type":"Feature","properties":{"layer_id":"historical_sites_archaeology","name":"永長遺跡","address":"愛媛県 西予市 宇和町永長","source":"Geoshape 日本歴史地名大系 施設・地点項目データセット 2025-05-15","subarea_name":"遺跡","feature_key":"08_archaeological_sites.geojson:390000209700","subtype":"遺跡"},"geometry":{"type":"Point","coordinates":[132.498727,33.378485]}},{"type":"Feature","properties":{"layer_id":"historical_sites_archaeology","name":"狩浜遺物包含地","address":"愛媛県 西予市 明浜町狩浜","source":"Geoshape 日本歴史地名大系 施設・地点項目データセット 2025-05-15","subarea_name":"史跡","feature_key":"09_historic_sites.geojson:390000204300","subtype":"史跡"},"geometry":{"type":"Point","coordinates":[132.464614,33.31619]}},{"type":"Feature","properties":{"layer_id":"historical_sites_archaeology","name":"甲之森城跡","address":"愛媛県 西予市 城川町土居","source":"Geoshape 日本歴史地名大系 施設・地点項目データセット 2025-05-15","subarea_name":"城跡","feature_key":"05_castle_ruins.geojson:390000217900","subtype":"城跡"},"geometry":{"type":"Point","coordinates":[132.763791,33.389693]}},{"type":"Feature","properties":{"layer_id":"historical_sites_archaeology","name":"白木城跡","address":"愛媛県 西予市 野村町平野","source":"Geoshape 日本歴史地名大系 施設・地点項目データセット 2025-05-15","subarea_name":"城跡","feature_key":"05_castle_ruins.geojson:390000214300","subtype":"城跡"},"geometry":{"type":"Point","coordinates":[132.63776,33.394927]}},{"type":"Feature","properties":{"layer_id":"historical_sites_archaeology","name":"穴神洞遺跡","address":"愛媛県 西予市 城川町川津南","source":"Geoshape 日本歴史地名大系 施設・地点項目データセット 2025-05-15","subarea_name":"遺跡","feature_key":"08_archaeological_sites.geojson:390000218500","subtype":"遺跡"},"geometry":{"type":"Point","coordinates":[132.818886,33.3843]}},{"type":"Feature","properties":{"layer_id":"historical_sites_archaeology","name":"竜ヶ森城跡","address":"愛媛県 西予市 城川町魚成","source":"Geoshape 日本歴史地名大系 施設・地点項目データセット 2025-05-15","subarea_name":"城跡","feature_key":"05_castle_ruins.geojson:390000216200","subtype":"城跡"},"geometry":{"type":"Point","coordinates":[132.712498,33.363292]}},{"type":"Feature","properties":{"layer_id":"historical_sites_archaeology","name":"笠置峠古墳","address":"愛媛県 西予市 宇和町岩木","source":"Geoshape 日本歴史地名大系 施設・地点項目データセット 2025-05-15","subarea_name":"古墳","feature_key":"06_kofun.geojson:390000208200","subtype":"古墳"},"geometry":{"type":"Point","coordinates":[132.462576,33.402865]}},{"type":"Feature","properties":{"layer_id":"historical_sites_archaeology","name":"粟尻古墳群","address":"愛媛県 西予市 宇和町永長","source":"Geoshape 日本歴史地名大系 施設・地点項目データセット 2025-05-15","subarea_name":"古墳","feature_key":"06_kofun.geojson:390000208400","subtype":"古墳"},"geometry":{"type":"Point","coordinates":[132.483883,33.370555]}},{"type":"Feature","properties":{"layer_id":"historical_sites_archaeology","name":"金毘羅山遺跡","address":"愛媛県 西予市 宇和町清沢","source":"Geoshape 日本歴史地名大系 施設・地点項目データセット 2025-05-15","subarea_name":"遺跡","feature_key":"08_archaeological_sites.geojson:390000206800","subtype":"遺跡"},"geometry":{"type":"Point","coordinates":[132.494549,33.393355]}},{"type":"Feature","properties":{"layer_id":"historical_sites_archaeology","name":"長作森古墳","address":"愛媛県 西予市 宇和町清沢","source":"Geoshape 日本歴史地名大系 施設・地点項目データセット 2025-05-15","subarea_name":"古墳","feature_key":"06_kofun.geojson:390000206900","subtype":"古墳"},"geometry":{"type":"Point","coordinates":[132.494549,33.393355]}},{"type":"Feature","properties":{"layer_id":"historical_sites_archaeology","name":"開明学校旧校舎","address":"愛媛県 西予市 宇和町卯之町三丁目","source":"Geoshape 日本歴史地名大系 施設・地点項目データセット 2025-05-15","subarea_name":"史跡","feature_key":"09_historic_sites.geojson:390000210300","subtype":"史跡"},"geometry":{"type":"Point","coordinates":[132.513659,33.364093]}},{"type":"Feature","properties":{"layer_id":"historical_sites_archaeology","name":"鳥付城跡","address":"愛媛県 西予市 宇和町郷内","source":"Geoshape 日本歴史地名大系 施設・地点項目データセット 2025-05-15","subarea_name":"城跡","feature_key":"05_castle_ruins.geojson:390000207500","subtype":"城跡"},"geometry":{"type":"Point","coordinates":[132.45527,33.38688]}},{"type":"Feature","properties":{"layer_id":"historical_sites_archaeology","name":"黒瀬城跡","address":"愛媛県 西予市 宇和町卯之町三丁目","source":"Geoshape 日本歴史地名大系 施設・地点項目データセット 2025-05-15","subarea_name":"城跡","feature_key":"05_castle_ruins.geojson:390000210000","subtype":"城跡"},"geometry":{"type":"Point","coordinates":[132.506457,33.359485]}},{"type":"Feature","properties":{"layer_id":"historical_temples_shrines","name":"三島神社","address":"愛媛県 西予市 三瓶町蔵貫浦678番地","source":"Geoshape 日本歴史地名大系 施設・地点項目データセット 2025-05-15","subarea_name":"神社","feature_key":"02_shrines.geojson:390000196200","subtype":"神社"},"geometry":{"type":"Point","coordinates":[132.422333,33.35651]}},{"type":"Feature","properties":{"layer_id":"historical_temples_shrines","name":"三島神社","address":"愛媛県 西予市 野村町野村4番地","source":"Geoshape 日本歴史地名大系 施設・地点項目データセット 2025-05-15","subarea_name":"神社","feature_key":"02_shrines.geojson:390000214500","subtype":"神社"},"geometry":{"type":"Point","coordinates":[132.646469,33.378315]}},{"type":"Feature","properties":{"layer_id":"historical_temples_shrines","name":"三島神社","address":"愛媛県 西予市 城川町土居93番地","source":"Geoshape 日本歴史地名大系 施設・地点項目データセット 2025-05-15","subarea_name":"神社","feature_key":"02_shrines.geojson:390000217800","subtype":"神社"},"geometry":{"type":"Point","coordinates":[132.767136,33.382599]}},{"type":"Feature","properties":{"layer_id":"historical_temples_shrines","name":"三瓶神社","address":"愛媛県 西予市 宇和町岩木2700番地","source":"Geoshape 日本歴史地名大系 施設・地点項目データセット 2025-05-15","subarea_name":"神社","feature_key":"02_shrines.geojson:390000207800","subtype":"神社"},"geometry":{"type":"Point","coordinates":[132.471909,33.397144]}},{"type":"Feature","properties":{"layer_id":"historical_temples_shrines","name":"井谷寺","address":"愛媛県 西予市 城川町窪野7588番地","source":"Geoshape 日本歴史地名大系 施設・地点項目データセット 2025-05-15","subarea_name":"寺院","feature_key":"01_temples.geojson:390000218200","subtype":"寺院"},"geometry":{"type":"Point","coordinates":[132.78157,33.396835]}},{"type":"Feature","properties":{"layer_id":"historical_temples_shrines","name":"光教寺","address":"愛媛県 西予市 宇和町卯之町三丁目99番地","source":"Geoshape 日本歴史地名大系 施設・地点項目データセット 2025-05-15","subarea_name":"寺院","feature_key":"01_temples.geojson:390000210200","subtype":"寺院"},"geometry":{"type":"Point","coordinates":[132.514236,33.364254]}},{"type":"Feature","properties":{"layer_id":"historical_temples_shrines","name":"八幡神社","address":"愛媛県 西予市 宇和町東多田15番地","source":"Geoshape 日本歴史地名大系 施設・地点項目データセット 2025-05-15","subarea_name":"神社","feature_key":"02_shrines.geojson:390000205700","subtype":"神社"},"geometry":{"type":"Point","coordinates":[132.50882,33.427177]}},{"type":"Feature","properties":{"layer_id":"historical_temples_shrines","name":"善福寺","address":"愛媛県 西予市 宇和町西山田2番地","source":"Geoshape 日本歴史地名大系 施設・地点項目データセット 2025-05-15","subarea_name":"寺院","feature_key":"01_temples.geojson:390000208600","subtype":"寺院"},"geometry":{"type":"Point","coordinates":[132.465302,33.375263]}},{"type":"Feature","properties":{"layer_id":"historical_temples_shrines","name":"報恩寺","address":"愛媛県 西予市 城川町土居1728番地","source":"Geoshape 日本歴史地名大系 施設・地点項目データセット 2025-05-15","subarea_name":"寺院","feature_key":"01_temples.geojson:390000217700","subtype":"寺院"},"geometry":{"type":"Point","coordinates":[132.772308,33.38641]}},{"type":"Feature","properties":{"layer_id":"historical_temples_shrines","name":"大安楽寺","address":"愛媛県 西予市 宇和町伊延1番地","source":"Geoshape 日本歴史地名大系 施設・地点項目データセット 2025-05-15","subarea_name":"寺院","feature_key":"01_temples.geojson:390000206100","subtype":"寺院"},"geometry":{"type":"Point","coordinates":[132.491379,33.424885]}},{"type":"Feature","properties":{"layer_id":"historical_temples_shrines","name":"大本神社","address":"愛媛県 西予市 宇和町卯之町五丁目130番地","source":"Geoshape 日本歴史地名大系 施設・地点項目データセット 2025-05-15","subarea_name":"神社","feature_key":"02_shrines.geojson:390000229400","subtype":"神社"},"geometry":{"type":"Point","coordinates":[132.522522,33.360516]}},{"type":"Feature","properties":{"layer_id":"historical_temples_shrines","name":"大梅寺","address":"愛媛県 西予市 宇和町東多田679番地","source":"Geoshape 日本歴史地名大系 施設・地点項目データセット 2025-05-15","subarea_name":"寺院","feature_key":"01_temples.geojson:390000205800","subtype":"寺院"},"geometry":{"type":"Point","coordinates":[132.512405,33.424927]}},{"type":"Feature","properties":{"layer_id":"historical_temples_shrines","name":"天満神社","address":"愛媛県 西予市 城川町遊子谷2030番地","source":"Geoshape 日本歴史地名大系 施設・地点項目データセット 2025-05-15","subarea_name":"神社","feature_key":"02_shrines.geojson:390000218700","subtype":"神社"},"geometry":{"type":"Point","coordinates":[132.755722,33.424412]}},{"type":"Feature","properties":{"layer_id":"historical_temples_shrines","name":"宇和津彦神社","address":"愛媛県 西予市 宇和町坂戸951番地","source":"Geoshape 日本歴史地名大系 施設・地点項目データセット 2025-05-15","subarea_name":"神社","feature_key":"02_shrines.geojson:390000244500","subtype":"神社"},"geometry":{"type":"Point","coordinates":[132.509323,33.392204]}},{"type":"Feature","properties":{"layer_id":"historical_temples_shrines","name":"安楽寺","address":"愛媛県 西予市 野村町野村3番地","source":"Geoshape 日本歴史地名大系 施設・地点項目データセット 2025-05-15","subarea_name":"寺院","feature_key":"01_temples.geojson:390000214400","subtype":"寺院"},"geometry":{"type":"Point","coordinates":[132.64064,33.378555]}},{"type":"Feature","properties":{"layer_id":"historical_temples_shrines","name":"安養寺","address":"愛媛県 西予市 宇和町岩木2719番地","source":"Geoshape 日本歴史地名大系 施設・地点項目データセット 2025-05-15","subarea_name":"寺院","feature_key":"01_temples.geojson:390000118600","subtype":"寺院"},"geometry":{"type":"Point","coordinates":[132.473602,33.399906]}},{"type":"Feature","properties":{"layer_id":"historical_temples_shrines","name":"安養寺","address":"愛媛県 西予市 宇和町岩木2719番地","source":"Geoshape 日本歴史地名大系 施設・地点項目データセット 2025-05-15","subarea_name":"寺院","feature_key":"01_temples.geojson:390000208000","subtype":"寺院"},"geometry":{"type":"Point","coordinates":[132.473602,33.399906]}},{"type":"Feature","properties":{"layer_id":"historical_temples_shrines","name":"常定寺","address":"愛媛県 西予市 宇和町常定寺357番地","source":"Geoshape 日本歴史地名大系 施設・地点項目データセット 2025-05-15","subarea_name":"寺院","feature_key":"01_temples.geojson:390000211500","subtype":"寺院"},"geometry":{"type":"Point","coordinates":[132.533691,33.389366]}},{"type":"Feature","properties":{"layer_id":"historical_temples_shrines","name":"明石寺","address":"愛媛県 西予市 宇和町明石205番地","source":"Geoshape 日本歴史地名大系 施設・地点項目データセット 2025-05-15","subarea_name":"寺院","feature_key":"01_temples.geojson:390000211200","subtype":"寺院"},"geometry":{"type":"Point","coordinates":[132.518326,33.369419]}},{"type":"Feature","properties":{"layer_id":"historical_temples_shrines","name":"春日神社","address":"愛媛県 西予市 明浜町狩浜3番耕地1番地","source":"Geoshape 日本歴史地名大系 施設・地点項目データセット 2025-05-15","subarea_name":"神社","feature_key":"02_shrines.geojson:390000204400","subtype":"神社"},"geometry":{"type":"Point","coordinates":[132.460181,33.320386]}},{"type":"Feature","properties":{"layer_id":"historical_temples_shrines","name":"極楽寺","address":"愛媛県 喜多郡内子町 重松甲326番地","source":"Geoshape 日本歴史地名大系 施設・地点項目データセット 2025-05-15","subarea_name":"寺院","feature_key":"01_temples.geojson:390000208800","subtype":"寺院"},"geometry":{"type":"Point","coordinates":[132.514177,33.362096]}},{"type":"Feature","properties":{"layer_id":"historical_temples_shrines","name":"正法寺","address":"愛媛県 西予市 城川町下相409番地","source":"Geoshape 日本歴史地名大系 施設・地点項目データセット 2025-05-15","subarea_name":"寺院","feature_key":"01_temples.geojson:390000038800","subtype":"寺院"},"geometry":{"type":"Point","coordinates":[132.747208,33.381203]}},{"type":"Feature","properties":{"layer_id":"historical_temples_shrines","name":"歯長寺","address":"愛媛県 西予市 宇和町伊賀上356番地","source":"Geoshape 日本歴史地名大系 施設・地点項目データセット 2025-05-15","subarea_name":"寺院","feature_key":"01_temples.geojson:390000210600","subtype":"寺院"},"geometry":{"type":"Point","coordinates":[132.518066,33.356365]}},{"type":"Feature","properties":{"layer_id":"historical_temples_shrines","name":"福楽寺","address":"愛媛県 西予市 宇和町河内589番地","source":"Geoshape 日本歴史地名大系 施設・地点項目データセット 2025-05-15","subarea_name":"寺院","feature_key":"01_temples.geojson:390000205400","subtype":"寺院"},"geometry":{"type":"Point","coordinates":[132.500534,33.434128]}},{"type":"Feature","properties":{"layer_id":"historical_temples_shrines","name":"福楽寺","address":"愛媛県 西予市 宇和町坂戸1003番地","source":"Geoshape 日本歴史地名大系 施設・地点項目データセット 2025-05-15","subarea_name":"寺院","feature_key":"01_temples.geojson:390000207200","subtype":"寺院"},"geometry":{"type":"Point","coordinates":[132.513428,33.393475]}},{"type":"Feature","properties":{"layer_id":"historical_temples_shrines","name":"竜沢寺","address":"愛媛県 西予市 城川町魚成753番地","source":"Geoshape 日本歴史地名大系 施設・地点項目データセット 2025-05-15","subarea_name":"寺院","feature_key":"01_temples.geojson:390000216100","subtype":"寺院"},"geometry":{"type":"Point","coordinates":[132.710358,33.361137]}},{"type":"Feature","properties":{"layer_id":"historical_temples_shrines","name":"船戸神社","address":"愛媛県 西予市 野村町惣川","source":"Geoshape 日本歴史地名大系 施設・地点項目データセット 2025-05-15","subarea_name":"神社","feature_key":"02_shrines.geojson:390000215400","subtype":"神社"},"geometry":{"type":"Point","coordinates":[132.790639,33.476823]}},{"type":"Feature","properties":{"layer_id":"historical_temples_shrines","name":"西林寺","address":"愛媛県 西予市 宇和町郷内3171番地","source":"Geoshape 日本歴史地名大系 施設・地点項目データセット 2025-05-15","subarea_name":"寺院","feature_key":"01_temples.geojson:390000207600","subtype":"寺院"},"geometry":{"type":"Point","coordinates":[132.456787,33.385262]}},{"type":"Feature","properties":{"layer_id":"historical_temples_shrines","name":"野坂神社","address":"愛媛県 西予市 野村町高瀬3554番地1","source":"Geoshape 日本歴史地名大系 施設・地点項目データセット 2025-05-15","subarea_name":"神社","feature_key":"02_shrines.geojson:390000195200","subtype":"神社"},"geometry":{"type":"Point","coordinates":[132.630554,33.422142]}},{"type":"Feature","properties":{"layer_id":"historical_temples_shrines","name":"顕手院","address":"愛媛県 西予市 城川町魚成1374番地","source":"Geoshape 日本歴史地名大系 施設・地点項目データセット 2025-05-15","subarea_name":"寺院","feature_key":"01_temples.geojson:390000216400","subtype":"寺院"},"geometry":{"type":"Point","coordinates":[132.707825,33.370201]}}]}