{"type":"FeatureCollection","municipality_code":"02301","pref":"青森県","city":"平内町","display_comment":"平内町には、狩場沢村、清水川村、薬師野村など、近世の村々の記憶を伝える地名が残っています。 周辺には寺社や信仰の場、史跡や遺跡、城跡や陣屋跡にまつわる場所が点在し、「福館城跡」、「小湊代官所跡」、「槻ノ木遺跡」などを起点に歩くと、地域の歴史がぐっと見えやすくなります。 現地では史跡説明板に加え、狩場沢村や清水川村にゆかりのある旧境石標、村の歴史を紹介する案内板にも注目してみてください。 川沿いや水辺では、暮らしや堤防整備の歴史を伝える案内板、治水碑、河川改修の記念碑にも注目してみてください。 ゆかりの人物では佐々木多門や畑井新喜司に注目すると、地域に残る文化や時代背景をさらに深く知るきっかけになります。 「浅虫夏泊県立自然公園」や「夜越山森林公園」などの名所も、地域の物語を深掘りする絶好の入口です。","layer_counts":{"cafe_restaurant":3,"public_facilities":55,"scenic_nature_areas":19,"cultural_facilities":7,"tourism_resources":4},"total_features":88,"features":[{"type":"Feature","properties":{"layer_id":"cafe_restaurant","name":"ファミリーマート平内口広店","category":"food","address":"青森県東津軽郡平内町大字口広字口広沢69-6","source":"厚生労働省 食品衛生申請等システム（オープンデータ）","municipality_code":"02301","municipality_pref":"青森県","municipality_name":"平内町","municipality_code_method":"food_exact_coord"},"geometry":{"type":"Point","coordinates":[141.037884,40.914849]}},{"type":"Feature","properties":{"layer_id":"cafe_restaurant","name":"うまいうまいラーメンショップ平内店","category":"food","address":"青森県東津軽郡平内町大字狩場沢字堀差142-141","source":"厚生労働省 食品衛生申請等システム（オープンデータ）","municipality_code":"02301","municipality_pref":"青森県","municipality_name":"平内町","municipality_code_method":"food_exact_coord"},"geometry":{"type":"Point","coordinates":[141.057281,40.909145]}},{"type":"Feature","properties":{"layer_id":"cafe_restaurant","name":"平内いきいき健康館","category":"food","address":"青森県東津軽郡平内町大字浜子字堀替106-4","source":"厚生労働省 食品衛生申請等システム（オープンデータ）","municipality_code":"02301","municipality_pref":"青森県","municipality_name":"平内町","municipality_code_method":"food_exact_coord"},"geometry":{"type":"Point","coordinates":[140.99117,40.923681]}},{"type":"Feature","properties":{"layer_id":"public_facilities","name":"浜子地区総合研修センター","category":"public","address":"平内町大字浜子字家岸101","source":"国土交通省 国土数値情報","municipality_code":"02301","municipality_pref":"青森県","municipality_name":"平内町","municipality_code_method":"source_exact_coord"},"geometry":{"type":"Point","coordinates":[140.9899234420556,40.93239662120465]}},{"type":"Feature","properties":{"layer_id":"public_facilities","name":"松野木分館松野木公民館","category":"public","address":"平内町松野木字一本木1-1","source":"国土交通省 国土数値情報","municipality_code":"02301","municipality_pref":"青森県","municipality_name":"平内町","municipality_code_method":"source_exact_coord"},"geometry":{"type":"Point","coordinates":[140.99729599008307,40.89972458679144]}},{"type":"Feature","properties":{"layer_id":"public_facilities","name":"中野コミュニティセンター","category":"public","address":"平内町大字中野字稗田沢13","source":"国土交通省 国土数値情報","municipality_code":"02301","municipality_pref":"青森県","municipality_name":"平内町","municipality_code_method":"source_exact_coord"},"geometry":{"type":"Point","coordinates":[140.89168258044458,40.9227937051164]}},{"type":"Feature","properties":{"layer_id":"public_facilities","name":"小豆沢公民館","category":"public","address":"平内町大字小豆沢字茂浦沢1372","source":"国土交通省 国土数値情報","municipality_code":"02301","municipality_pref":"青森県","municipality_name":"平内町","municipality_code_method":"source_exact_coord"},"geometry":{"type":"Point","coordinates":[140.91297794351638,40.919697774045915]}},{"type":"Feature","properties":{"layer_id":"public_facilities","name":"白砂分館白砂コミュニティセンター","category":"public","address":"平内町白砂字深沢4-6","source":"国土交通省 国土数値情報","municipality_code":"02301","municipality_pref":"青森県","municipality_name":"平内町","municipality_code_method":"source_exact_coord"},"geometry":{"type":"Point","coordinates":[140.94870584163687,40.98743887513034]}},{"type":"Feature","properties":{"layer_id":"public_facilities","name":"稲生漁民センター","category":"public","address":"平内町大字稲生字稲生154","source":"国土交通省 国土数値情報","municipality_code":"02301","municipality_pref":"青森県","municipality_name":"平内町","municipality_code_method":"source_exact_coord"},"geometry":{"type":"Point","coordinates":[140.87309751571917,40.9781404585227]}},{"type":"Feature","properties":{"layer_id":"public_facilities","name":"福島分館福島集会所","category":"public","address":"平内町福島字福島10","source":"国土交通省 国土数値情報","municipality_code":"02301","municipality_pref":"青森県","municipality_name":"平内町","municipality_code_method":"source_exact_coord"},"geometry":{"type":"Point","coordinates":[140.95351896378574,40.93780667929542]}},{"type":"Feature","properties":{"layer_id":"public_facilities","name":"浪打分館浪打コミュニティセンター","category":"public","address":"平内町浪打字深沢86-1","source":"国土交通省 国土数値情報","municipality_code":"02301","municipality_pref":"青森県","municipality_name":"平内町","municipality_code_method":"source_exact_coord"},"geometry":{"type":"Point","coordinates":[140.86844814041532,40.92274865077423]}},{"type":"Feature","properties":{"layer_id":"public_facilities","name":"福館分館山の手コミュニティセンター","category":"public","address":"平内町福館字平川家の下108-2","source":"国土交通省 国土数値情報","municipality_code":"02301","municipality_pref":"青森県","municipality_name":"平内町","municipality_code_method":"source_exact_coord"},"geometry":{"type":"Point","coordinates":[140.95965495102368,40.94034469897003]}},{"type":"Feature","properties":{"layer_id":"public_facilities","name":"勤労青少年ホーム","category":"public","address":"平内町大字小湊字小湊79-3","source":"国土交通省 国土数値情報","municipality_code":"02301","municipality_pref":"青森県","municipality_name":"平内町","municipality_code_method":"source_exact_coord"},"geometry":{"type":"Point","coordinates":[140.9546905829185,40.928134544191806]}},{"type":"Feature","properties":{"layer_id":"public_facilities","name":"小豆沢分館小豆沢公民館","category":"public","address":"平内町小豆沢字茂浦沢137-2","source":"国土交通省 国土数値情報","municipality_code":"02301","municipality_pref":"青森県","municipality_name":"平内町","municipality_code_method":"source_exact_coord"},"geometry":{"type":"Point","coordinates":[140.91297804351643,40.91969757404525]}},{"type":"Feature","properties":{"layer_id":"public_facilities","name":"浪打コミュニティセンター","category":"public","address":"平内町大字浪打字深沢861","source":"国土交通省 国土数値情報","municipality_code":"02301","municipality_pref":"青森県","municipality_name":"平内町","municipality_code_method":"source_exact_coord"},"geometry":{"type":"Point","coordinates":[140.95592388583935,40.926026438151005]}},{"type":"Feature","properties":{"layer_id":"public_facilities","name":"山村開発センター","category":"public","address":"平内町小湊字下槻12-1","source":"国土交通省 国土数値情報","municipality_code":"02301","municipality_pref":"青森県","municipality_name":"平内町","municipality_code_method":"source_exact_coord"},"geometry":{"type":"Point","coordinates":[140.96188498182207,40.9259656473455]}},{"type":"Feature","properties":{"layer_id":"public_facilities","name":"土屋コミュニティセンター","category":"public","address":"平内町大字土屋字鍵懸地内","source":"国土交通省 国土数値情報","municipality_code":"02301","municipality_pref":"青森県","municipality_name":"平内町","municipality_code_method":"source_exact_coord"},"geometry":{"type":"Point","coordinates":[140.86980985150203,40.91144430528271]}},{"type":"Feature","properties":{"layer_id":"public_facilities","name":"内童子分館内童子コミュニティセンター","category":"public","address":"平内町内童子字観音34-1","source":"国土交通省 国土数値情報","municipality_code":"02301","municipality_pref":"青森県","municipality_name":"平内町","municipality_code_method":"source_exact_coord"},"geometry":{"type":"Point","coordinates":[140.9562500419605,40.886235466336814]}},{"type":"Feature","properties":{"layer_id":"public_facilities","name":"外童子分館外童子コミュニティセンター","category":"public","address":"平内町外童子字平畑39-2","source":"国土交通省 国土数値情報","municipality_code":"02301","municipality_pref":"青森県","municipality_name":"平内町","municipality_code_method":"source_exact_coord"},"geometry":{"type":"Point","coordinates":[140.982715029104,40.88344349030802]}},{"type":"Feature","properties":{"layer_id":"public_facilities","name":"狩場沢公民分館","category":"public","address":"平内町大字狩場沢字檜沢2411","source":"国土交通省 国土数値情報","municipality_code":"02301","municipality_pref":"青森県","municipality_name":"平内町","municipality_code_method":"source_exact_coord"},"geometry":{"type":"Point","coordinates":[141.07227282232634,40.90035920970869]}},{"type":"Feature","properties":{"layer_id":"public_facilities","name":"山の手コミュニティセンター","category":"public","address":"平内町大字福館字平川家ノ下1082","source":"国土交通省 国土数値情報","municipality_code":"02301","municipality_pref":"青森県","municipality_name":"平内町","municipality_code_method":"source_exact_coord"},"geometry":{"type":"Point","coordinates":[140.95961455136936,40.94022799846888]}},{"type":"Feature","properties":{"layer_id":"public_facilities","name":"中野分館中野字コミュニティセンター","category":"public","address":"平内町中野字稗田沢13","source":"国土交通省 国土数値情報","municipality_code":"02301","municipality_pref":"青森県","municipality_name":"平内町","municipality_code_method":"source_exact_coord"},"geometry":{"type":"Point","coordinates":[140.89151008057783,40.92297460601858]}},{"type":"Feature","properties":{"layer_id":"public_facilities","name":"山口分館山口コミュニティセンター","category":"public","address":"平内町山口字小沢14-1","source":"国土交通省 国土数値情報","municipality_code":"02301","municipality_pref":"青森県","municipality_name":"平内町","municipality_code_method":"source_exact_coord"},"geometry":{"type":"Point","coordinates":[140.91148404997517,40.915722561123665]}},{"type":"Feature","properties":{"layer_id":"public_facilities","name":"藤沢コミュニティセンター","category":"public","address":"平内町大字藤沢字八幡33","source":"国土交通省 国土数値情報","municipality_code":"02301","municipality_pref":"青森県","municipality_name":"平内町","municipality_code_method":"source_exact_coord"},"geometry":{"type":"Point","coordinates":[140.93774521802186,40.91548507060521]}},{"type":"Feature","properties":{"layer_id":"public_facilities","name":"土屋分館土屋コミュニティセンター","category":"public","address":"平内町土屋字鍵懸地先","source":"国土交通省 国土数値情報","municipality_code":"02301","municipality_pref":"青森県","municipality_name":"平内町","municipality_code_method":"source_exact_coord"},"geometry":{"type":"Point","coordinates":[140.86826415923878,40.90885359903563]}},{"type":"Feature","properties":{"layer_id":"public_facilities","name":"東和コミュニティセンター","category":"public","address":"平内町大字小湊字雷電際13168","source":"国土交通省 国土数値情報","municipality_code":"02301","municipality_pref":"青森県","municipality_name":"平内町","municipality_code_method":"source_exact_coord"},"geometry":{"type":"Point","coordinates":[140.97103605492725,40.934887298659646]}},{"type":"Feature","properties":{"layer_id":"public_facilities","name":"盛田公民分館","category":"public","address":"平内町大字盛田字塚ノ越47","source":"国土交通省 国土数値情報","municipality_code":"02301","municipality_pref":"青森県","municipality_name":"平内町","municipality_code_method":"source_exact_coord"},"geometry":{"type":"Point","coordinates":[140.94356649198767,40.928711929250504]}},{"type":"Feature","properties":{"layer_id":"public_facilities","name":"浦田公民分館","category":"public","address":"平内町大字茂浦字浦田沢1143","source":"国土交通省 国土数値情報","municipality_code":"02301","municipality_pref":"青森県","municipality_name":"平内町","municipality_code_method":"source_exact_coord"},"geometry":{"type":"Point","coordinates":[140.86430177622043,40.96187520781102]}},{"type":"Feature","properties":{"layer_id":"public_facilities","name":"間木分館間木コミュニティセンター","category":"public","address":"平内町東滝字鷲の沢9-1","source":"国土交通省 国土数値情報","municipality_code":"02301","municipality_pref":"青森県","municipality_name":"平内町","municipality_code_method":"source_exact_coord"},"geometry":{"type":"Point","coordinates":[140.97641390788652,40.94942076090444]}},{"type":"Feature","properties":{"layer_id":"public_facilities","name":"中央公民館","category":"public","address":"平内町小湊字下槻12-1","source":"国土交通省 国土数値情報","municipality_code":"02301","municipality_pref":"青森県","municipality_name":"平内町","municipality_code_method":"source_exact_coord"},"geometry":{"type":"Point","coordinates":[140.96189498181513,40.92596564736131]}},{"type":"Feature","properties":{"layer_id":"public_facilities","name":"緑町分館緑町集会所","category":"public","address":"平内町小湊字新道46-90","source":"国土交通省 国土数値情報","municipality_code":"02301","municipality_pref":"青森県","municipality_name":"平内町","municipality_code_method":"source_exact_coord"},"geometry":{"type":"Point","coordinates":[140.9717471286837,40.92521292374622]}},{"type":"Feature","properties":{"layer_id":"public_facilities","name":"口広分館口広林業村落コミュニティセンター","category":"public","address":"平内町口広字口広沢154-5","source":"国土交通省 国土数値情報","municipality_code":"02301","municipality_pref":"青森県","municipality_name":"平内町","municipality_code_method":"source_exact_coord"},"geometry":{"type":"Point","coordinates":[141.03870387454526,40.91584269196584]}},{"type":"Feature","properties":{"layer_id":"public_facilities","name":"東滝コミュニティセンター","category":"public","address":"平内町大字東滝字滝77","source":"国土交通省 国土数値情報","municipality_code":"02301","municipality_pref":"青森県","municipality_name":"平内町","municipality_code_method":"source_exact_coord"},"geometry":{"type":"Point","coordinates":[140.98086487891817,40.95608518922374]}},{"type":"Feature","properties":{"layer_id":"public_facilities","name":"東田沢分館防雪管理センター","category":"public","address":"平内町東田沢字無沢14","source":"国土交通省 国土数値情報","municipality_code":"02301","municipality_pref":"青森県","municipality_name":"平内町","municipality_code_method":"source_exact_coord"},"geometry":{"type":"Point","coordinates":[140.9149408942744,40.99198188428198]}},{"type":"Feature","properties":{"layer_id":"public_facilities","name":"清水川分館清水川コミュニティセンター","category":"public","address":"平内町清水川字往来道添26-2","source":"国土交通省 国土数値情報","municipality_code":"02301","municipality_pref":"青森県","municipality_name":"平内町","municipality_code_method":"source_exact_coord"},"geometry":{"type":"Point","coordinates":[141.02224588185825,40.925993718819996]}},{"type":"Feature","properties":{"layer_id":"public_facilities","name":"藤沢分館藤沢コミュニティセンター","category":"public","address":"平内町藤沢字八幡33","source":"国土交通省 国土数値情報","municipality_code":"02301","municipality_pref":"青森県","municipality_name":"平内町","municipality_code_method":"source_exact_coord"},"geometry":{"type":"Point","coordinates":[140.9377450180227,40.915484570602956]}},{"type":"Feature","properties":{"layer_id":"public_facilities","name":"浜子分館総合研修センター","category":"public","address":"平内町浜子字家岸10-1","source":"国土交通省 国土数値情報","municipality_code":"02301","municipality_pref":"青森県","municipality_name":"平内町","municipality_code_method":"source_exact_coord"},"geometry":{"type":"Point","coordinates":[140.98998994213784,40.93232372101428]}},{"type":"Feature","properties":{"layer_id":"public_facilities","name":"盛田分館公民館","category":"public","address":"平内町盛田字塚の越47","source":"国土交通省 国土数値情報","municipality_code":"02301","municipality_pref":"青森県","municipality_name":"平内町","municipality_code_method":"source_exact_coord"},"geometry":{"type":"Point","coordinates":[140.94362799235577,40.92847762844115]}},{"type":"Feature","properties":{"layer_id":"public_facilities","name":"浅所コミュニティセンター","category":"public","address":"平内町大字福館字雷電林150","source":"国土交通省 国土数値情報","municipality_code":"02301","municipality_pref":"青森県","municipality_name":"平内町","municipality_code_method":"source_exact_coord"},"geometry":{"type":"Point","coordinates":[140.9702525399812,40.940753218775]}},{"type":"Feature","properties":{"layer_id":"public_facilities","name":"浦田分館浦田公民館","category":"public","address":"平内町茂浦字浦田114-3","source":"国土交通省 国土数値情報","municipality_code":"02301","municipality_pref":"青森県","municipality_name":"平内町","municipality_code_method":"source_exact_coord"},"geometry":{"type":"Point","coordinates":[140.8643020762206,40.961874807808826]}},{"type":"Feature","properties":{"layer_id":"public_facilities","name":"稲生魚民センター","category":"public","address":"平内町稲生字稲生15-4","source":"国土交通省 国土数値情報","municipality_code":"02301","municipality_pref":"青森県","municipality_name":"平内町","municipality_code_method":"source_exact_coord"},"geometry":{"type":"Point","coordinates":[140.8733400150933,40.97815285816512]}},{"type":"Feature","properties":{"layer_id":"public_facilities","name":"内童子コミュニティセンター","category":"public","address":"平内町大字内童子字観音341","source":"国土交通省 国土数値情報","municipality_code":"02301","municipality_pref":"青森県","municipality_name":"平内町","municipality_code_method":"source_exact_coord"},"geometry":{"type":"Point","coordinates":[140.95653114179842,40.88621646662294]}},{"type":"Feature","properties":{"layer_id":"public_facilities","name":"間木コミュニティセンター","category":"public","address":"平内町大字東滝字鷲ノ沢91","source":"国土交通省 国土数値情報","municipality_code":"02301","municipality_pref":"青森県","municipality_name":"平内町","municipality_code_method":"source_exact_coord"},"geometry":{"type":"Point","coordinates":[140.97624610784683,40.94951906103531]}},{"type":"Feature","properties":{"layer_id":"public_facilities","name":"平内町役場","category":"public","address":"平内町大字小湊字小湊63","source":"国土交通省 国土数値情報","municipality_code":"02301","municipality_pref":"青森県","municipality_name":"平内町","municipality_code_method":"source_exact_coord"},"geometry":{"type":"Point","coordinates":[140.9558879858785,40.92601863806434]}},{"type":"Feature","properties":{"layer_id":"public_facilities","name":"山口コミュニティセンター","category":"public","address":"平内町大字山口字小沢141","source":"国土交通省 国土数値情報","municipality_code":"02301","municipality_pref":"青森県","municipality_name":"平内町","municipality_code_method":"source_exact_coord"},"geometry":{"type":"Point","coordinates":[140.91118375061683,40.915614760928605]}},{"type":"Feature","properties":{"layer_id":"public_facilities","name":"沼館分館公民館","category":"public","address":"平内町沼館字沼館尻1","source":"国土交通省 国土数値情報","municipality_code":"02301","municipality_pref":"青森県","municipality_name":"平内町","municipality_code_method":"source_exact_coord"},"geometry":{"type":"Point","coordinates":[140.9730969678141,40.929210681299836]}},{"type":"Feature","properties":{"layer_id":"public_facilities","name":"浅所分館浅所コミュニティセンター","category":"public","address":"平内町福館字雷電林1-50","source":"国土交通省 国土数値情報","municipality_code":"02301","municipality_pref":"青森県","municipality_name":"平内町","municipality_code_method":"source_exact_coord"},"geometry":{"type":"Point","coordinates":[140.97016733170497,40.94013522635756]}},{"type":"Feature","properties":{"layer_id":"public_facilities","name":"松野木公民分館","category":"public","address":"平内町大字松野木字一本松11","source":"国土交通省 国土数値情報","municipality_code":"02301","municipality_pref":"青森県","municipality_name":"平内町","municipality_code_method":"source_exact_coord"},"geometry":{"type":"Point","coordinates":[140.9973246901363,40.89965598650957]}},{"type":"Feature","properties":{"layer_id":"public_facilities","name":"野内畑集会所","category":"public","address":"平内町大字東田沢字野内畑6","source":"国土交通省 国土数値情報","municipality_code":"02301","municipality_pref":"青森県","municipality_name":"平内町","municipality_code_method":"source_exact_coord"},"geometry":{"type":"Point","coordinates":[140.90465614152276,40.98093563368787]}},{"type":"Feature","properties":{"layer_id":"public_facilities","name":"薬師野分館農業構造改善センター","category":"public","address":"平内町薬師野字家岸61-2","source":"国土交通省 国土数値情報","municipality_code":"02301","municipality_pref":"青森県","municipality_name":"平内町","municipality_code_method":"source_exact_coord"},"geometry":{"type":"Point","coordinates":[141.01033393283336,40.917637677511166]}},{"type":"Feature","properties":{"layer_id":"public_facilities","name":"外童子コミュニティセンター","category":"public","address":"平内町大字外童子字船越392","source":"国土交通省 国土数値情報","municipality_code":"02301","municipality_pref":"青森県","municipality_name":"平内町","municipality_code_method":"source_exact_coord"},"geometry":{"type":"Point","coordinates":[140.979626629973,40.88485069207068]}},{"type":"Feature","properties":{"layer_id":"public_facilities","name":"東滝分館東滝コミュニティセンター","category":"public","address":"平内町東滝字滝7-7","source":"国土交通省 国土数値情報","municipality_code":"02301","municipality_pref":"青森県","municipality_name":"平内町","municipality_code_method":"source_exact_coord"},"geometry":{"type":"Point","coordinates":[140.9808648789195,40.95608478922241]}},{"type":"Feature","properties":{"layer_id":"public_facilities","name":"平内町立体育館","category":"public","address":"平内町大字小湊字下槻32","source":"国土交通省 国土数値情報","municipality_code":"02301","municipality_pref":"青森県","municipality_name":"平内町","municipality_code_method":"source_exact_coord"},"geometry":{"type":"Point","coordinates":[140.9612622819256,40.92613224702161]}},{"type":"Feature","properties":{"layer_id":"public_facilities","name":"白砂コミュニティセンター","category":"public","address":"平内町大字白砂字深沢46","source":"国土交通省 国土数値情報","municipality_code":"02301","municipality_pref":"青森県","municipality_name":"平内町","municipality_code_method":"source_exact_coord"},"geometry":{"type":"Point","coordinates":[140.94834654249496,40.9873865746214]}},{"type":"Feature","properties":{"layer_id":"public_facilities","name":"口広林業村落コミュニティセンター","category":"public","address":"平内町大字口広字口広沢1545","source":"国土交通省 国土数値情報","municipality_code":"02301","municipality_pref":"青森県","municipality_name":"平内町","municipality_code_method":"source_exact_coord"},"geometry":{"type":"Point","coordinates":[141.03860957491884,40.91578109165658]}},{"type":"Feature","properties":{"layer_id":"public_facilities","name":"清水川コミュニティセンター","category":"public","address":"平内町大字清水川字往来道添262","source":"国土交通省 国土数値情報","municipality_code":"02301","municipality_pref":"青森県","municipality_name":"平内町","municipality_code_method":"source_exact_coord"},"geometry":{"type":"Point","coordinates":[141.02224588185905,40.9259934188188]}},{"type":"Feature","properties":{"layer_id":"public_facilities","name":"茂浦コミュニティセンター","category":"public","address":"平内町大字茂浦字向田81","source":"国土交通省 国土数値情報","municipality_code":"02301","municipality_pref":"青森県","municipality_name":"平内町","municipality_code_method":"source_exact_coord"},"geometry":{"type":"Point","coordinates":[140.8721996962268,40.94312151751491]}},{"type":"Feature","properties":{"layer_id":"public_facilities","name":"茂浦分館茂浦コミュニティセンター","category":"public","address":"平内町茂浦字向田81","source":"国土交通省 国土数値情報","municipality_code":"02301","municipality_pref":"青森県","municipality_name":"平内町","municipality_code_method":"source_exact_coord"},"geometry":{"type":"Point","coordinates":[140.87184109721667,40.943104718232064]}},{"type":"Feature","properties":{"layer_id":"scenic_nature_areas","name":"平内町","category":"nature","source":"国土交通省 国土数値情報","municipality_code":"02301","municipality_pref":"青森県","municipality_name":"平内町","municipality_code_method":"nearest_centroid"},"geometry":{"type":"Polygon","coordinates":[[[140.8685530003646,40.987291999677446],[140.86855599960364,40.98718500013905],[140.86852299988047,40.98713699972417],[140.86855599960364,40.98713200039292],[140.86859399955736,40.98710400000101],[140.86862299999538,40.98705899972446],[140.86862600013373,40.986983999863114],[140.86869799985675,40.98697999967865],[140.86874200008717,40.98695000009384],[140.86875499978734,40.986915000278444],[140.8690079997633,40.98691300018622],[140.8691479999242,40.98691700037068],[140.86930399992357,40.98693500030143],[140.8694379998078,40.9869690000707],[140.8695169998536,40.98700599997832],[140.8694959997845,40.98705699963223],[140.86952999955378,40.987110000277696],[140.86958400024534,40.98712600011622],[140.86965499992223,40.98713699972417],[140.86966594507757,40.98716837640488],[140.8700790021032,40.98710499651717],[140.87009699962076,40.98707799970133],[140.8701559996436,40.98707200032396],[140.87021200042741,40.98705000020875],[140.87024099996611,40.98702499995519],[140.87027799987374,40.986949000047716],[140.8702749997354,40.986925999886395],[140.87030100003506,40.98690599986341],[140.87036400024235,40.98689200011712],[140.8704030002422,40.98686499977133],[140.87040799957344,40.98682000039411],[140.87051299991893,40.98680499970238],[140.8705950001031,40.98681099997907],[140.8706171090363,40.98681306482249],[140.87070001933435,40.98673604328518],[140.8709000942079,40.98631996834327],[140.8710259516303,40.98563897291167],[140.87108103240766,40.985189983682204],[140.87009999616183,40.98527398126063],[140.86912706010966,40.98529599396636],[140.86860398922664,40.98520298158374],[140.86827107009773,40.985031002430226],[140.868103092028,40.98487104361518],[140.8680720078608,40.98449494084025],[140.86821993734415,40.98430199848984],[140.8684400608041,40.984220027083985],[140.86879606552992,40.984163003771016],[140.86912199692654,40.984053987952585],[140.86921407131626,40.98400803889129],[140.86968500040638,40.983870000151796],[140.86954300015327,40.9838639998751],[140.86932600031292,40.9838049999268],[140.869326,40.983805],[140.86932599939345,40.983804999593374],[140.86915400020087,40.983736000267605],[140.86917212694686,40.98370184806438],[140.868786,40.983443],[140.86583016334998,40.98338322049422],[140.86581800014451,40.983384000222834],[140.86577299986797,40.98341199971542],[140.865732999822,40.98346300026866],[140.86568400026033,40.98344100015345],[140.8656400000299,40.98344100015345],[140.86562500023751,40.983451999761385],[140.86555799984575,40.98342100013046],[140.8654690002381,40.98343499987675],[140.865418999731,40.98346100017642],[140.86538700005394,40.983448999623036],[140.86536099975427,40.983454999899735],[140.8652279999162,40.983552999922416],[140.865235000239,40.98358100031432],[140.86520199961652,40.9835669996687],[140.86517200003172,40.9835669996687],[140.86512799980127,40.98358100031432],[140.86504899975546,40.98364599971452],[140.8650230003551,40.983701999599006],[140.86496899966355,40.98369700026775],[140.86488999961773,40.98371700029074],[140.864874652687,40.983737739556446],[140.8648529997101,40.983766999898535],[140.86478200003322,40.983736000267605],[140.86470099989515,40.983734000175374],[140.86466399998753,40.98374699987555],[140.86460099978024,40.98366599973751],[140.86457100019544,40.98365199999121],[140.86453400028782,40.98363199996824],[140.86456299982652,40.98359800019895],[140.86456958556187,40.983559686381824],[140.8645740003338,40.98353399994554],[140.86456299982652,40.98350799964588],[140.86452299978055,40.98348000015329],[140.86447400021888,40.98346899964602],[140.8644629997116,40.98342400026881],[140.86441500019603,40.98337899999226],[140.86435640064613,40.98335341478555],[140.864237,40.983351],[140.864417999939,40.98432999967009],[140.86441800033438,40.98432999978107],[140.8644179999836,40.98432999991135],[140.864418,40.98433],[140.8643391587239,40.98437545056356],[140.86433300001187,40.984388999803905],[140.8643255290999,40.98438330779423],[140.8640363233265,40.98455002966933],[140.86404999955178,40.98455400021834],[140.86412700040466,40.98455600031057],[140.8640579999207,40.98461200019506],[140.86405099959788,40.98465100019491],[140.8639880002899,40.98465400033325],[140.8639029999674,40.98468199982584],[140.86389306155948,40.984691938233766],[140.86385899973698,40.98472600005627],[140.86388700012887,40.984765000056115],[140.86384700008293,40.98474399998702],[140.86375799957594,40.98471899973346],[140.86374176612017,40.98471983654832],[140.86337200002757,40.984932999984096],[140.86337200004056,40.984932999997504],[140.8643560001732,40.98487249513498],[140.8643560001732,40.98487100044772],[140.86438100042676,40.984853999663756],[140.86442777289435,40.98486808192559],[140.86457668567377,40.98485892547637],[140.8645890001262,40.984853999663756],[140.86460800010306,40.984856999802105],[140.86463000021826,40.98491000044757],[140.86474300003334,40.984949999594214],[140.86482700030976,40.98496400023983],[140.8648159998025,40.98503099973226],[140.86485699989456,40.985076000008796],[140.86490500030945,40.98509600003178],[140.8648749998253,40.98516399957033],[140.8648749998253,40.98519700019281],[140.86490500030945,40.98525600021564],[140.86492700042467,40.98527100000805],[140.8649159999174,40.985289999984914],[140.86491586861638,40.98529000268288],[140.86477899989487,40.985293000123264],[140.86477658949477,40.98529364679147],[140.864858572907,40.9855059838291],[140.8648880004248,40.98551899975344],[140.86496000014782,40.98551300037607],[140.86493399984815,40.985549000237576],[140.86494200021707,40.98559699975314],[140.86496000014782,40.98561699977613],[140.86491572436572,40.98565400610724],[140.86500799995287,40.98589299987797],[140.86505700012438,40.98588699963673],[140.86510100035483,40.98586500042084],[140.86512000033167,40.98577699995999],[140.86511300000888,40.98574100009848],[140.86517200003172,40.985737999960136],[140.86521600026214,40.9857210000755],[140.86524599984693,40.985698999960285],[140.8652500000314,40.98566200005267],[140.86530900005425,40.98567599979896],[140.86538700005394,40.98567599979896],[140.8654690002381,40.98564800030638],[140.86551399961533,40.98570700032921],[140.86555999993797,40.98570900042144],[140.8655339996383,40.985737999960136],[140.86552900030705,40.985768999591066],[140.86554200000722,40.985799000075204],[140.86549499963846,40.98581700000595],[140.8654941003164,40.985818472196144],[140.86547300042255,40.98585299986746],[140.86546500005363,40.98590999979806],[140.8654840000305,40.985924000443674],[140.8654690002381,40.98593500005162],[140.86544299993844,40.98595700016683],[140.86543507080384,40.985980787570654],[140.8659829410603,40.98609340636459],[140.86604799995916,40.98606499975135],[140.8660780004433,40.98600599972851],[140.86610699998198,40.986010999959085],[140.8661849999817,40.98599400007445],[140.8662559996586,40.98596599968254],[140.8662850000966,40.985924000443674],[140.86638200007317,40.98594100032831],[140.8664630002112,40.9859269996827],[140.86648600037256,40.98591199989029],[140.86652300028018,40.98591800016698],[140.86653800007258,40.985980000328155],[140.86659299991095,40.98602599975149],[140.86663600009527,40.986039000351],[140.8666180001645,40.98611999958972],[140.8666380001875,40.98615700039666],[140.866582000303,40.986169000050715],[140.8665725655154,40.98617436090943],[140.86653800007258,40.98619400030427],[140.86652995908764,40.9862058499765],[140.8669873990588,40.986299880154704],[140.86704600011674,40.98624499995819],[140.8670720004164,40.98617999965866],[140.86716800034688,40.986233000304125],[140.86723299974707,40.98622599998133],[140.86722800041582,40.986275999589125],[140.86728799958544,40.986324000004004],[140.8673469996083,40.986329000234576],[140.86737299990796,40.98631499958897],[140.86746299956172,40.98634400002698],[140.86752299963067,40.986329000234576],[140.86750599974602,40.986352000395904],[140.86749500013806,40.98637699975014],[140.86749662107093,40.98640455451542],[140.86782464136166,40.986471981518605],[140.86783599967558,40.98646400016489],[140.86787297862242,40.986481917601],[140.867995,40.986507],[140.86814107523898,40.98683462044458],[140.8681840004352,40.986851000025034],[140.86824799978928,40.98684000041709],[140.86823700018135,40.98686399972521],[140.86824382963297,40.98693144528138],[140.86824499965095,40.98694299977103],[140.8683120000427,40.98697999967865],[140.86830399967377,40.98703000018577],[140.86832299965064,40.987047000070405],[140.86830799985825,40.98706700009338],[140.86825217897712,40.987083806113176],[140.868378,40.987366],[140.86846154747258,40.987353180391324],[140.8684750003649,40.98734300023068],[140.86853400038774,40.987326000346044],[140.8685530003646,40.987291999677446]]]}},{"type":"Feature","properties":{"layer_id":"scenic_nature_areas","name":"平内町","category":"nature","source":"国土交通省 国土数値情報","municipality_code":"02301","municipality_pref":"青森県","municipality_name":"平内町","municipality_code_method":"nearest_centroid"},"geometry":{"type":"Polygon","coordinates":[[[140.87201100020698,41.017248000167676],[140.87202846458163,41.0172508826358],[140.87223167461252,41.01696040945046],[140.8722179998603,41.016943999638485],[140.87215899983747,41.01692200042259],[140.8722329996527,41.01688499961565],[140.87224100002163,41.016840000238425],[140.87219299960674,41.01674200021574],[140.87227099960643,41.01672700042334],[140.87230800041337,41.01669900003144],[140.87232600034415,41.01664300014694],[140.8723739998597,41.01661499975504],[140.8723739998597,41.01658400012411],[140.87240400034383,41.016560999962785],[140.87249700013595,41.01657799984742],[140.8725000172798,41.01657683414677],[140.87260710624938,41.016423758661425],[140.8725930000664,41.016397999640574],[140.87263214944784,41.016387961326075],[140.87273789356274,41.01623680820754],[140.87272900004282,41.01621200005636],[140.87275344844483,41.01621457369418],[140.873005,41.015855],[140.87300500021692,41.01585499990112],[140.87300500018011,41.01585499978103],[140.87300500050435,41.0158549997701],[140.87320630233722,41.01576323853225],[140.87320899969507,41.01570299996608],[140.87332799978685,41.015686000081445],[140.873358000271,41.01566900019681],[140.87340599978654,41.015623999920265],[140.8734360002707,41.01555300024337],[140.8735140002704,41.015558999620744],[140.87358399990117,41.01551700038187],[140.87363300036216,41.0155059998746],[140.87368800020053,41.015462999690286],[140.87372199996983,41.015406999805805],[140.8738549998079,41.015436000243824],[140.87392300024575,41.015409999944154],[140.87391109026257,41.01544196866834],[140.87435989795048,41.01523738459471],[140.87431300024426,41.01519199978357],[140.87423600029067,41.0152149999449],[140.8742310000601,41.01518899964523],[140.87429000008294,41.01513299976074],[140.87434599996743,41.01510899955329],[140.87446099987474,41.01499199955374],[140.8745159997131,41.01503899992252],[140.87457499973596,41.015036999830286],[140.87463199966655,41.01499000036083],[140.87466800042736,41.01504400015309],[140.87473985637865,41.015064184702766],[140.87504299970885,41.014926000132725],[140.87504299973415,41.01492600010742],[140.87505000005694,41.01489200033815],[140.87502099961893,41.014840999784916],[140.87508399982622,41.01479100017712],[140.87509100014904,41.014742999762234],[140.87507600035661,41.01470099962404],[140.87501300014932,41.01467200008534],[140.87502399975727,41.01463900036218],[140.87499100003413,41.01455099990133],[140.8749629996422,41.014526999693885],[140.87489300001144,41.014530999878346],[140.87487700017292,41.014479000178326],[140.8748839995964,41.01440100017862],[140.87495099998816,41.014288000363536],[140.87503300017232,41.014219999925665],[140.87511300026424,41.01416400004118],[140.8751609997798,41.014159999856716],[140.87518099980278,41.01413200036413],[140.87519100026395,41.01404199981105],[140.8752389997795,41.01401400031847],[140.87528199996382,41.01395200015729],[140.87527699973325,41.013906999880746],[140.87530300003291,41.01391800038801],[140.8753510004478,41.01391800038801],[140.875396945417,41.01389765287485],[140.87552257326558,41.01353265581401],[140.8754929998016,41.013530999628536],[140.87547299977862,41.01349499976703],[140.87543299973265,41.0134779998824],[140.87546300021677,41.01340900029773],[140.8756560001238,41.01314499981449],[140.87601200035303,41.012841000184615],[140.87607200042197,41.01277900002344],[140.87619799993723,41.012683000092984],[140.87633900014424,41.0126349996781],[140.87640499959056,41.01265699979331],[140.87644117847597,41.01265466593124],[140.87653900037407,41.01259357738796],[140.87653900037407,41.012586000116414],[140.8765570003048,41.012554999586165],[140.8766048986494,41.012552424745024],[140.87677825503954,41.01244416586284],[140.87676900018872,41.01239200016328],[140.87685703650564,41.012394967829515],[140.87693776233866,41.012344555563566],[140.87698000002646,41.012304999748544],[140.87698400021094,41.01224000034834],[140.8770319997265,41.01220599967975],[140.87704000009543,41.01215399997973],[140.87697799993424,41.01209600000301],[140.87705099970336,41.01211600002598],[140.87714000021035,41.01213299991062],[140.87719900023316,41.01212200030268],[140.87726952853643,41.012137371751706],[140.87736299959113,41.01207900025534],[140.87736299970217,41.012079000118376],[140.87736299940275,41.012078999283126],[140.87729712447785,41.01199993178317],[140.87726999991006,41.011994999841974],[140.877208999795,41.01191699984227],[140.87715099981827,41.01188200002689],[140.87718530549478,41.01186571914528],[140.8769914070497,41.011632989235906],[140.8769539997268,41.01163400028149],[140.87695717691724,41.01159190393673],[140.8768280001545,41.01143685732831],[140.8768060000963,41.01144000032836],[140.87680199991186,41.011405999659765],[140.87680059040648,41.01140395831165],[140.87676047788244,41.01135581257185],[140.87672099977382,41.01132999975229],[140.87666199975098,41.01132799966007],[140.8766140002354,41.011247000421335],[140.8766140002354,41.011180000282565],[140.876614,41.01118],[140.8766140005575,41.01117999952686],[140.8767619998659,41.01094900016883],[140.87690200002677,41.01078699989274],[140.87696999956532,41.010752000077346],[140.87703800000318,41.01074499975454],[140.87709399988768,41.01076000044627],[140.8771221617644,41.01074873579689],[140.878048,41.009963],[140.8772420554231,41.01027731717469],[140.8772079997489,41.01029599973321],[140.87696953601085,41.01038359933621],[140.875538061227,41.01094187235223],[140.8753369998022,41.011117999868404],[140.87523300040215,41.01116300014495],[140.87523599964118,41.01113099956858],[140.87520600005635,41.011098999891544],[140.87516206851637,41.01108850894474],[140.8744294897094,41.01137421357932],[140.87441200031307,41.01142300044373],[140.87434099973683,41.011411999936456],[140.87426937995056,41.011436656144824],[140.87421522318797,41.0114577772009],[140.8741819995991,41.01149099998227],[140.8741819995991,41.01151100000526],[140.87410940996122,41.011499044200434],[140.87390700040723,41.01157798362253],[140.87390700040723,41.01164299979721],[140.87384400019994,41.011625999912575],[140.87374400008503,41.01164599993555],[140.8736789997855,41.011691000212096],[140.87366199990086,41.01177000025791],[140.87362499999324,41.01174399995824],[140.87357699957838,41.01173300035029],[140.87350599990148,41.01174399995824],[140.87344699987864,41.01177200035014],[140.87339741144515,41.011776722552476],[140.87334357880871,41.01179771719985],[140.87334299957925,41.01179799975049],[140.8733170001789,41.01183200041909],[140.87329900024815,41.0118620000039],[140.8732240003868,41.01185699977333],[140.87315800004117,41.01187899988854],[140.87311699994908,41.011910999565586],[140.87312000008743,41.01193899995749],[140.8730830001798,41.01195799993435],[140.8730199999725,41.01195799993435],[140.8729050000652,41.012003000210896],[140.87285300036518,41.01204799958811],[140.8728569996503,41.0120679996111],[140.87269400022743,41.01207099974945],[140.87263400015848,41.012104000371934],[140.8726160002277,41.012138000141206],[140.87255600015877,41.01212100025657],[140.87246300036668,41.01214699965692],[140.87244982196438,41.01214628102695],[140.87232558434877,41.012194733510476],[140.87231900002132,41.01223800025611],[140.87225234563428,41.012223296499144],[140.87216076290238,41.012259013627045],[140.87215000032174,41.01231200007136],[140.87212600011432,41.01228699981779],[140.87206291256842,41.01229717511034],[140.8719931798247,41.01232437077567],[140.87194399981524,41.01235200011732],[140.8719469999536,41.01240699995569],[140.87187,41.01238599988659],[140.8718069997927,41.01239700039386],[140.87173600011582,41.012438999632735],[140.87173199993134,41.01247799963258],[140.87167299990853,41.01246199979406],[140.87153799997822,41.01251899972466],[140.87149544404983,41.01251848698041],[140.87138900027034,41.01255999989457],[140.8713460001173,41.01266700025446],[140.87135799977136,41.012690000415795],[140.871332000371,41.01270700030043],[140.87129985460749,41.01273914521372],[140.87129514955552,41.01274860041394],[140.87127999977167,41.01278899958527],[140.87128700009447,41.01283099972346],[140.87132800018657,41.01286500039206],[140.8713240000021,41.01289299988464],[140.87127999977167,41.01290999976928],[140.87123899967958,41.01294599963078],[140.87123100020997,41.01298899981509],[140.87120599995643,41.01300799979197],[140.8711667200382,41.01300669040248],[140.87107600015932,41.013188999679805],[140.8710760002567,41.01318900004493],[140.87111600030266,41.01321100016014],[140.87119100016403,41.01321400029849],[140.87131499958704,41.013247000021636],[140.8713680002325,41.01323200022924],[140.8713680002325,41.013287000067606],[140.87145499974793,41.01335899979061],[140.87151299163077,41.013348126087756],[140.87151900000134,41.013347000136555],[140.8715243347797,41.01336400541713],[140.87153499983987,41.01339799979046],[140.8715628095755,41.013417864015814],[140.87156999965526,41.01342300004403],[140.87164599956273,41.013443000067014],[140.87169099983927,41.01341899985957],[140.8717430004386,41.01340600015939],[140.8717859997236,41.01337599967525],[140.87188599983853,41.01350200008984],[140.87205310466655,41.01374876056945],[140.87207899974553,41.01378699974285],[140.87210800018354,41.013877000295935],[140.87212299997597,41.01401200022624],[140.87210099986075,41.01418099992581],[140.87208600006835,41.01429899997149],[140.87201899967658,41.01446200029369],[140.87195979101105,41.01452823985899],[140.87185900039205,41.01464099955509],[140.87184715668542,41.0146356003173],[140.87148471688226,41.01514638435561],[140.8715099995863,41.015192999829694],[140.87163199981643,41.015277000106074],[140.87159099972436,41.01533099989833],[140.87160200023163,41.015400000382314],[140.87166899972405,41.01545800035903],[140.8716099997012,41.01546899996698],[140.8715369999321,41.015531000128156],[140.87152400023191,41.01560700003563],[140.87145499974793,41.01558800005877],[140.87140500014013,41.01557799959761],[140.8713389997945,41.01560399989728],[140.87133499961004,41.015637999666566],[140.8712609997948,41.015627000058615],[140.87120099972586,41.01562900015084],[140.8711264672012,41.01565126328233],[140.870515,41.016513],[140.87063903941007,41.01657819591633],[140.87064099998165,41.01657799984742],[140.87067399970482,41.01659499973206],[140.87067658589362,41.01659793059098],[140.8719989998001,41.017292999894934],[140.87201100020698,41.017248000167676]]]}},{"type":"Feature","properties":{"layer_id":"scenic_nature_areas","name":"平内町","category":"nature","source":"国土交通省 国土数値情報","municipality_code":"02301","municipality_pref":"青森県","municipality_name":"平内町","municipality_code_method":"nearest_centroid"},"geometry":{"type":"Polygon","coordinates":[[[140.86103800029005,40.95705099988127],[140.86108199962115,40.95705099988127],[140.8611330001744,40.95703099985828],[140.8611396299765,40.95701479317569],[140.86115100010514,40.95698699962786],[140.86119300024333,40.95701299992753],[140.86120465635636,40.957016399364875],[140.8612409997589,40.95702699967382],[140.8612710766854,40.95701804152692],[140.86128800012767,40.95701299992753],[140.86132199989694,40.95698100025049],[140.8613680092128,40.95702043642153],[140.86138500010424,40.957035000042744],[140.86145899991948,40.957043000411666],[140.8615068465503,40.957023861039886],[140.86152900044956,40.95701500001976],[140.8615331957869,40.9570245103504],[140.861544000242,40.95704899978904],[140.8615889996192,40.95706300043466],[140.86174699971082,40.957068999812016],[140.86177595158546,40.957045312568646],[140.86181300005646,40.95701500001976],[140.86182899989498,40.95705500006573],[140.8619877374307,40.9570705817195],[140.86222699846377,40.956823998406335],[140.86234303349076,40.956650063227364],[140.8622200116308,40.95638800707839],[140.86209395186094,40.956187027486855],[140.86183201172452,40.95604097578793],[140.86133901237207,40.955969976111035],[140.86052200527288,40.955844049440856],[140.85999903601325,40.955666061017425],[140.85923893261722,40.95543503237837],[140.85838901842502,40.955245024515804],[140.85782797726588,40.955256065492556],[140.85748300991952,40.95535900099463],[140.85684906701738,40.95571903108595],[140.85629896161436,40.955892966264905],[140.8556459836618,40.95597703399045],[140.8552330752328,40.955972980746],[140.85486897121262,40.95577200115446],[140.85469096929936,40.955465011278775],[140.85457503499643,40.95494998393214],[140.85432099180687,40.95500295400066],[140.85414795145337,40.95492999829831],[140.85398098512093,40.95488995598421],[140.85379397200077,40.95480994150312],[140.85358873142138,40.954982223728166],[140.85365999999556,40.95500399991219],[140.85372100011062,40.95500199981997],[140.85374300022585,40.95508600009635],[140.8537970000181,40.9551250000962],[140.85384999976424,40.955143000026965],[140.85383299987961,40.95520400014202],[140.85387099983333,40.95527900000337],[140.85392899981005,40.95529399979578],[140.8538909998563,40.95534200021066],[140.85388799971798,40.95538699958789],[140.8539030004097,40.95542400039483],[140.85388400043283,40.9554659996337],[140.85388400043283,40.95552200041751],[140.8539180002021,40.9555420004405],[140.8539180002021,40.95555900032514],[140.85388799971798,40.95561800034797],[140.85389045005186,40.95567108797791],[140.85393485136015,40.95572072018124],[140.85395500010972,40.955731000163055],[140.85394927450818,40.95573684251282],[140.854996523662,40.95690746754489],[140.85499762255407,40.95690786365486],[140.858974,40.956037],[140.85897400017663,40.95603700014486],[140.85897400043632,40.95603699988517],[140.8590860002053,40.95606300018484],[140.85912540040346,40.95607527862873],[140.85930100022753,40.95612999967727],[140.85946399965042,40.956191999838445],[140.85959800043392,40.956225999607724],[140.8596410509803,40.956242483281514],[140.85981999987965,40.95631099993024],[140.85995399976383,40.956383999699355],[140.8600430002708,40.956445999860534],[140.85999799999428,40.95649100013708],[140.85997699992518,40.95655300029825],[140.86000300022485,40.95659100025198],[140.85994800038648,40.95658099979083],[140.85992200008678,40.95661499956011],[140.859914999764,40.956662999974995],[140.85992200008678,40.95670500011319],[140.8599519996716,40.95671899985949],[140.85992999955639,40.95675000038973],[140.85991899994846,40.95679599981307],[140.85992973673243,40.95682080525676],[140.86001183062785,40.95688813093818],[140.8600800001784,40.95689299978964],[140.8600803212364,40.95690166565687],[140.86008194976964,40.95694563605448],[140.8601079972067,40.9569669977092],[140.86010799967102,40.95696699960487],[140.86010800237304,40.95696700047091],[140.8602279408553,40.95699080149269],[140.86025600020082,40.95698999976621],[140.86030099957802,40.956952999858586],[140.8603489999929,40.95696699960487],[140.86035600031573,40.95696599955876],[140.86044900010782,40.956945000388984],[140.86045729455506,40.956932360417625],[140.86049100024601,40.95688100013558],[140.86050099980787,40.956919000089314],[140.86054731129593,40.95694184646657],[140.8605759996692,40.956955999996936],[140.8606093231483,40.95695091702872],[140.86063499969205,40.95694699958189],[140.8606599999456,40.9569390001123],[140.86065308056178,40.9569573166044],[140.86064300006097,40.956984000388836],[140.86065000038377,40.95701800015811],[140.86067599978412,40.95704000027332],[140.86080500033705,40.95707800022706],[140.86086300031377,40.95705400001961],[140.86088000019842,40.957074000042596],[140.86092400042884,40.957094000065574],[140.86096899980606,40.957094000065574],[140.86099900029018,40.95708599969665],[140.86103800029005,40.95705099988127]]]}},{"type":"Feature","properties":{"layer_id":"scenic_nature_areas","name":"平内町","category":"nature","source":"国土交通省 国土数値情報","municipality_code":"02301","municipality_pref":"青森県","municipality_name":"平内町","municipality_code_method":"nearest_centroid"},"geometry":{"type":"Polygon","coordinates":[[[140.85272100001183,40.909113000104085],[140.85272687332318,40.90911010867023],[140.85271,40.908462],[140.85121400014728,40.90771100007394],[140.8512140000215,40.90771100011585],[140.85129986244033,40.90817326644812],[140.8513299997174,40.90818400043049],[140.85138699964799,40.9081859996234],[140.85137800013229,40.90822699971548],[140.85138400040898,40.90828299959996],[140.85142899978618,40.908335000199315],[140.85148299957845,40.90837100006082],[140.85143500006288,40.908418999576384],[140.8514239995556,40.90845899962235],[140.85145199994753,40.9085759996219],[140.85150000036242,40.90862900026736],[140.85148100038555,40.90865299957548],[140.85143500006288,40.908687000244086],[140.85142899978618,40.90876700033601],[140.85144599967083,40.908835999920676],[140.85150000036242,40.90888300028945],[140.85144100033958,40.908931999851134],[140.8514408611454,40.90893237567359],[140.85147467476023,40.90911442150836],[140.8515140001087,40.90913900040377],[140.85149500013182,40.90916399975799],[140.85149800027017,40.909239999665466],[140.85149800101289,40.90924000058296],[140.85274899958,40.90995999975827],[140.85274899999155,40.909959999675955],[140.85272703213468,40.90911620866043],[140.85272100001183,40.909113000104085]]]}},{"type":"Feature","properties":{"layer_id":"scenic_nature_areas","name":"青森市平内町","category":"nature","source":"国土交通省 国土数値情報","municipality_code":"02301","municipality_pref":"青森県","municipality_name":"平内町","municipality_code_method":"nearest_centroid"},"geometry":{"type":"MultiPolygon","coordinates":[[[[140.8911879788097,40.91106602378284],[140.891067083192,40.91076602212456],[140.8909550181988,40.910389013899746],[140.89095496560444,40.91038897687061],[140.89030707396802,40.9098590258217],[140.89005071038778,40.90974499756224],[140.8896639876355,40.909573018838984],[140.8894578852065,40.90949061428176],[140.8889510048724,40.90928802653332],[140.88834500799496,40.90893204972289],[140.8878950331993,40.908538953657676],[140.88783292968,40.90801704844645],[140.88785222491333,40.90782858200026],[140.88787792969987,40.90757697584543],[140.8879519993907,40.907455853703595],[140.8881169284111,40.907186014001454],[140.88813071664708,40.90703352969396],[140.88813895893128,40.9069419618531],[140.88797006395407,40.90642000904963],[140.88753795687205,40.90586498976745],[140.88753792343175,40.905864946815235],[140.88692201940222,40.90536402240981],[140.8865676858985,40.90517318224712],[140.8864429776952,40.90510603276701],[140.88594501735378,40.90501001546481],[140.88553609957725,40.90508897364241],[140.88553605805748,40.90508898165946],[140.88477801886225,40.90547399568625],[140.88447503194564,40.905660962459166],[140.88406506012328,40.90584901381312],[140.88354806429092,40.90600799442633],[140.88354800729323,40.906008008975135],[140.88292495572207,40.90616704492115],[140.88260398494492,40.906220015165076],[140.88253789706334,40.90621051860198],[140.8824090363134,40.906192027481964],[140.88240903641605,40.9061920018447],[140.88240897241587,40.90619199264815],[140.88240998494203,40.90593601639044],[140.88276801417496,40.90542504221733],[140.8828833976611,40.90498138435923],[140.88295004004007,40.904725036108076],[140.88293527830123,40.9046723512873],[140.8828970100015,40.90453600865181],[140.88265964685866,40.90412966135102],[140.8824390065444,40.90375204384638],[140.88183795971784,40.902832030382754],[140.88164798583563,40.902723298515056],[140.8814709682266,40.902622021831576],[140.88154103503345,40.901784001825476],[140.8814389724015,40.90081299715698],[140.88145902354688,40.900327031746585],[140.88147546719892,40.900280536610225],[140.88162102459626,40.89986896678151],[140.88184099267548,40.89965382932788],[140.88203194511777,40.899467031295906],[140.88207771046532,40.89939829433901],[140.881421,40.899884],[140.881426,40.902344],[140.877821,40.901969],[140.87636,40.900786],[140.872468,40.900845],[140.87073510919885,40.9016348774869],[140.87146133759737,40.90142313330384],[140.87224402028127,40.90119503979984],[140.8725289451289,40.90133298605497],[140.8729469159076,40.90166401513849],[140.87342796706295,40.90216604446833],[140.87403305266696,40.90274096029474],[140.87456402135962,40.90303795704478],[140.87531501197626,40.903341941953585],[140.87597801407384,40.90354606607279],[140.87716003705592,40.90377995974868],[140.87843804751338,40.90396898944485],[140.87941898280982,40.90424900496886],[140.87989102248278,40.90444893619279],[140.8800780360555,40.904661026813145],[140.880237002655,40.904903026753146],[140.88060900474815,40.90570400951752],[140.88087600788367,40.906481022897125],[140.88108894212485,40.90690799940123],[140.88123110079084,40.9070989857819],[140.8817869776259,40.90740094412467],[140.88212100998987,40.90752603216761],[140.88238406427357,40.90759304861068],[140.88256702774186,40.90769304916349],[140.8827419922539,40.90786300118609],[140.8828970100015,40.90813001873468],[140.8830889849521,40.908539944131334],[140.88340600687752,40.908953014199355],[140.88392401523603,40.909442954014466],[140.88442106430398,40.909922062183426],[140.88488804134636,40.91003002923722],[140.88514198289505,40.91019501966707],[140.88534296932812,40.91035602684639],[140.88572398290367,40.910779020099966],[140.88594501735378,40.91096197009797],[140.88622498082344,40.9110869882593],[140.88657906120454,40.911073990283896],[140.88720996622433,40.91109299807586],[140.88783408731922,40.91116805090168],[140.88825003304572,40.91127105636272],[140.8887679401516,40.91147601906101],[140.88953097982883,40.91187105967927],[140.89015307587152,40.91215100532176],[140.89051606648235,40.91225904225716],[140.8909000163837,40.912280006733624],[140.89137195480407,40.91231795243603],[140.89149710303138,40.91221096372445],[140.8914969005262,40.91204597329468],[140.89123799759955,40.91189300249803],[140.8907160403893,40.91165400746627],[140.89067503308178,40.91152801096264],[140.89069103099436,40.91139104304971],[140.8908620466545,40.91124897378083],[140.8911879788097,40.91106602378284]]],[[[140.88289594993108,40.897461022921476],[140.8828949207699,40.897446593808446],[140.8828856826713,40.89748025502839],[140.88289594993108,40.897461022921476]]],[[[140.88400906742933,40.896862031921295],[140.88453102463959,40.896690961793276],[140.88482765791264,40.89644723845781],[140.88495198989548,40.89634501608502],[140.8854617442155,40.89618576794368],[140.8856531060759,40.89612596915242],[140.88623905493642,40.89612799571845],[140.8869711113147,40.8963409947994],[140.8873372191432,40.89646181743645],[140.88765294828187,40.89656600780461],[140.88765300554255,40.896566020370116],[140.88809291204888,40.89661701800769],[140.88809299024598,40.89661702707298],[140.88917258706263,40.896464704122096],[140.88962392972587,40.8964010230837],[140.8896239587248,40.89640102132742],[140.89076394452923,40.89633197888233],[140.89135001720513,40.89627202852902],[140.8910736588385,40.89615427156388],[140.885474,40.896019],[140.882998,40.897071],[140.8829594279794,40.89721154637489],[140.88400906742933,40.896862031921295]]],[[[140.88988794326667,40.895649035304984],[140.88935444370173,40.895168950322834],[140.889844,40.89576],[140.89078017905152,40.89602921912031],[140.88988794326667,40.895649035304984]]],[[[140.88859901385715,40.894176535252875],[140.8884420079963,40.89365900932454],[140.88860508317117,40.89279695100763],[140.88865895851555,40.89251201413131],[140.88839199545242,40.8920532827801],[140.8881910027734,40.891707985262585],[140.88811813939228,40.891529083800094],[140.88845,40.894077],[140.88863746084527,40.89430332467906],[140.88859901385715,40.894176535252875]]],[[[140.88825145631316,40.89001139864607],[140.88833001262032,40.88985702489556],[140.88808177596712,40.88968953078867],[140.887935,40.890123],[140.88798790883558,40.890529216574635],[140.88825145631316,40.89001139864607]]],[[[140.86314404311028,40.90265598428345],[140.86338704937694,40.90291601367329],[140.86266299195483,40.902900010789565],[140.86304906816105,40.90320203901395],[140.86374700240938,40.90320497404066],[140.86444503791043,40.90318400956419],[140.8650900170432,40.90321105373883],[140.8655859523324,40.90330099134286],[140.86598903897726,40.903416016437106],[140.86641399618605,40.90347904962972],[140.866926941914,40.90355501091614],[140.8673180807507,40.90358897336802],[140.86779396802294,40.9035989664351],[140.86826995654772,40.9034889728152],[140.86854597116564,40.903378000853095],[140.86883190853942,40.903170941707174],[140.86916290332513,40.902667025574445],[140.86941805990517,40.90238798839263],[140.86962536102288,40.90214071726615],[140.86767,40.903032],[140.86517,40.902277],[140.8630343181824,40.90250168213777],[140.86314404311028,40.90265598428345]]]]}},{"type":"Feature","properties":{"layer_id":"scenic_nature_areas","name":"平内町","category":"nature","source":"国土交通省 国土数値情報","municipality_code":"02301","municipality_pref":"青森県","municipality_name":"平内町","municipality_code_method":"nearest_centroid"},"geometry":{"type":"Polygon","coordinates":[[[140.84735600006246,40.954466000314525],[140.84736809055963,40.95447345609393],[140.84781370099068,40.95428058653205],[140.84782400006065,40.95426900022305],[140.8478349996686,40.95422199985427],[140.84790600024482,40.95423000022319],[140.84797799996784,40.9541670000159],[140.84798200015229,40.95414199976234],[140.84808599955232,40.95404099960131],[140.84821199996694,40.953883000409],[140.84836099964352,40.95374799957938],[140.84850900017332,40.953657999925625],[140.84861299957336,40.95364100004099],[140.8487994074498,40.95364100004099],[140.8489180001487,40.95364100004099],[140.8491663479317,40.95367635239061],[140.8488940547999,40.95353599969549],[140.84861095181708,40.95327401369364],[140.84803593879064,40.952693018376955],[140.84776903619516,40.95238595835416],[140.84769603372808,40.952185957225005],[140.84770899385808,40.951973028341456],[140.8478759592912,40.95185304169338],[140.84832795135696,40.95173298489819],[140.84963097097562,40.9515380154759],[140.85039401065816,40.95135101224828],[140.85109002117065,40.95093298038161],[140.8522220248097,40.95047805113002],[140.85281506204856,40.94997602258424],[140.85330502349115,40.9494930704577],[140.85439601984353,40.948120036819105],[140.85579310315228,40.946805983418265],[140.8561770534114,40.946619050337766],[140.85842000126516,40.9458779559118],[140.85868396667482,40.94600996289833],[140.85896301911114,40.946129949546396],[140.859448018994,40.94630598104506],[140.85999701103634,40.946398993427664],[140.86035908978326,40.94638299089118],[140.86091504707485,40.9464884939577],[140.8608710000797,40.94643899976889],[140.8605287738588,40.946052218339304],[140.85991350610243,40.94565998732272],[140.8593979996011,40.945370999980526],[140.8591980002706,40.94526899977338],[140.85893799997183,40.94509499984323],[140.8589969354224,40.94507567675893],[140.85827408727835,40.94461486362604],[140.85826400036643,40.94461600023708],[140.85826027132615,40.94460605600541],[140.85788070685786,40.94436408500058],[140.85785600043718,40.94437700000741],[140.85783400032196,40.94441099977668],[140.85773000002257,40.94436600039946],[140.85766699981528,40.94436600039946],[140.85762200043806,40.944370999730715],[140.85761500011526,40.94431799998458],[140.85755900023076,40.94427199966192],[140.85748500041555,40.94423599980041],[140.85739599990856,40.944244000169334],[140.85734900043911,40.94416600016963],[140.857298999932,40.94413999986996],[140.85732500023167,40.944122999985325],[140.8573400000241,40.944092000354395],[140.8573292046677,40.944012504306706],[140.856999,40.943802],[140.85699899856198,40.94380200114363],[140.85698399979486,40.94382499973281],[140.85694699988724,40.9439150002859],[140.85696900000244,40.94397700044708],[140.85689500018722,40.94400199980131],[140.8568580002796,40.944041999847286],[140.85683500011825,40.944120999893094],[140.8568800003948,40.944151000377225],[140.8568580002796,40.944182000008155],[140.85686199956473,40.94423399970818],[140.85691400016407,40.944276999892494],[140.85691200007184,40.944333999823094],[140.85680799977249,40.94445800014546],[140.856548000373,40.94466699989099],[140.85651599979664,40.944655000236935],[140.85644900030422,40.94467200012157],[140.85642300000455,40.944623999706685],[140.85636800016619,40.9445960002141],[140.8563049999589,40.94460199959147],[140.85625999968235,40.944623999706685],[140.85622299977473,40.94457900032946],[140.85621557227395,40.94457528612942],[140.85618900000546,40.944562000444826],[140.85613400016706,40.944559000306484],[140.85610399968294,40.94457099996054],[140.856061631722,40.944612405646865],[140.85606000035185,40.94461400014485],[140.85597900021378,40.94463700030619],[140.85594100026006,40.94467600030603],[140.85591900014484,40.94473400028275],[140.85584100014515,40.94473400028275],[140.85581499984548,40.9447449998907],[140.85576300014543,40.944801999821294],[140.8557549997765,40.94486099984413],[140.8557260002378,40.94486399998247],[140.85563599968475,40.94491699972862],[140.8556040000077,40.94495100039721],[140.85558800016918,40.945002000051126],[140.85554399993876,40.94499899991278],[140.85548800005427,40.945027000304684],[140.85541800042347,40.94508600032752],[140.85536899996248,40.94516799961235],[140.85530299961684,40.94517299984294],[140.85520599964028,40.94526100030378],[140.85517600005545,40.94536199956549],[140.85511700003264,40.94535900032646],[140.85503499984847,40.94542699986501],[140.85499099961802,40.945502999772486],[140.85488700021799,40.94550599991083],[140.85481477495054,40.945539060866096],[140.8547130002891,40.94561999977008],[140.85471300028783,40.945619999772035],[140.85471300028726,40.945619999771544],[140.854713,40.94562],[140.85287998088057,40.945876520747944],[140.85285099985686,40.945928999632486],[140.85272100015712,40.94593499990918],[140.85255499969657,40.945922000209],[140.85234699999714,40.94586000004782],[140.85222799990538,40.9457870002787],[140.85221100002073,40.94570500009454],[140.85218499972106,40.945686000117675],[140.8522038828904,40.94567520982184],[140.8517540001861,40.94535900013082],[140.85175399997433,40.94535900020539],[140.8517399478219,40.9454714174248],[140.85175100039146,40.94550499986472],[140.8517354509759,40.94550739219282],[140.85167304482465,40.946006641402796],[140.85169499960764,40.9460350000241],[140.85176500013776,40.94605099986262],[140.85176800027608,40.94613099995455],[140.85171999986122,40.94628499986172],[140.85167000025342,40.946364999953644],[140.8516220000872,40.94641499930242],[140.851622,40.946415],[140.85038612984332,40.94720354341648],[140.85038100016612,40.947214000434634],[140.85037800002777,40.94723899978887],[140.8502959998436,40.947278999834836],[140.85026300012046,40.94731299960411],[140.85021000037432,40.94739199964992],[140.85021799984392,40.94741399976514],[140.8501660001439,40.94742800041075],[140.85016292176454,40.947428477051446],[140.8500949995677,40.9474390000187],[140.850066000029,40.94745599990333],[140.85003711290554,40.94749933013884],[140.85003600044416,40.947501000179884],[140.85000599996002,40.947583000364034],[140.8499469999372,40.94759700011033],[140.84988799991436,40.94763600011018],[140.84986099956856,40.9476790002945],[140.84982100042194,40.947712000017646],[140.849783999615,40.947755000201965],[140.84968000021493,40.94774599978693],[140.84964999973081,40.947755000201965],[140.84960200021524,40.94779700034015],[140.84958700042284,40.947836000340004],[140.8495010000542,40.94781899955605],[140.8494240001006,40.94781899955605],[140.84941696318302,40.94782191743037],[140.8493764105632,40.94784779191339],[140.84936400003167,40.947870000109276],[140.8493469488096,40.94786658990095],[140.84912347902562,40.94800917415705],[140.84912099961753,40.948030000293144],[140.8490962927578,40.94802652027744],[140.84897022839138,40.948106955285645],[140.84898599968724,40.94813999996988],[140.848911999872,40.94819699990049],[140.8488709997799,40.948247000407605],[140.84884500037955,40.948284000315226],[140.84879299978022,40.94826400029224],[140.8487559998726,40.94827199976184],[140.84867399968843,40.94832300031507],[140.84865100042643,40.94835499999212],[140.8486149996656,40.94835099980766],[140.8485707608686,40.94836183439529],[140.84849971686478,40.948407163818615],[140.84846299985065,40.94844999987646],[140.84843300026586,40.94849200001465],[140.84839473910586,40.948474144577254],[140.84822938832045,40.94857964617264],[140.84820999987468,40.94860499982974],[140.8481932351011,40.9486027136308],[140.84805800003298,40.94868899997896],[140.84805800005975,40.94868900010613],[140.84805799917163,40.948689000080506],[140.8479307405912,40.94870136762647],[140.8478979998759,40.94872299987541],[140.8478690003372,40.94872299987541],[140.84783899985305,40.94873999976004],[140.84779799976099,40.94879599964453],[140.8477789997841,40.94880199992123],[140.84770499996887,40.948778999759895],[140.8476350003381,40.948778999759895],[140.8475720001308,40.94879599964453],[140.8475310000387,40.94882400003644],[140.8475009995546,40.948847000197766],[140.84740799976248,40.948805000059565],[140.8473380001317,40.94882400003644],[140.84726400031647,40.948785000036594],[140.84718022637742,40.9487743058834],[140.84716172300097,40.94877610412252],[140.8471300004323,40.94878800017493],[140.84712508820715,40.94877966445217],[140.84506198839009,40.948980165524304],[140.84503700014054,40.949021000127914],[140.84494709311696,40.9489928198716],[140.84494346846685,40.948991683809304],[140.84482678452645,40.94900302366546],[140.84479599981864,40.94901799998958],[140.8447550011152,40.94900999989162],[140.844755,40.94901],[140.8450058715519,40.950399224796804],[140.845021000302,40.950409000284],[140.845021000302,40.95048200005312],[140.84502087376057,40.95048230093737],[140.845021,40.950483],[140.8450203956925,40.95048343766512],[140.84497600002547,40.95058899959152],[140.84492400032545,40.950650999752696],[140.84479099958807,40.95075800019042],[140.84436100052204,40.95096099962191],[140.844361,40.950961],[140.84436099976776,40.95096099986422],[140.8442489997746,40.950995000327865],[140.8441749999594,40.951005999935816],[140.84419399993624,40.95094399977463],[140.84417900014384,40.95091000000536],[140.84410899961375,40.95086199959047],[140.8440349997985,40.95084299961361],[140.84404600030578,40.9508200003516],[140.84401304734735,40.95076407960745],[140.8440129996833,40.95076399956779],[140.8440112298175,40.95076301660879],[140.84396800030606,40.95073900021356],[140.84387200037563,40.9507289997524],[140.8438140003989,40.95074699968315],[140.84381100026056,40.95072200032892],[140.84377699959197,40.95069900016759],[140.843714000284,40.950647999614354],[140.8436659998691,40.95063399986806],[140.84360799989238,40.95064000014475],[140.84357800030756,40.950584000260264],[140.84352299956987,40.95055599986837],[140.84347800019265,40.95054999959167],[140.84338500040056,40.95056100009894],[140.84335900010086,40.95054200012207],[140.84332999966284,40.95048600023758],[140.8432549998015,40.950459999937905],[140.84319999996313,40.95039799977674],[140.84311000030937,40.95037999984598],[140.8430359995948,40.9503880002149],[140.84303999977928,40.95035000026117],[140.8430140003789,40.95031599959257],[140.84295799959511,40.950301999846275],[140.8428799995954,40.95031100026132],[140.8428010004489,40.95032900019207],[140.84277200001088,40.95028499996164],[140.84271400003416,40.95019899959303],[140.84266400042637,40.950180999662265],[140.84268499959614,40.95014099961631],[140.84268400044937,40.95009400014685],[140.8426807871717,40.950087821804395],[140.84264500044952,40.950019000285494],[140.8425949999424,40.95000399959377],[140.84262400038043,40.94997600010119],[140.84262400038043,40.94994543792211],[140.84248300048932,40.9498630002861],[140.84248300017342,40.9498630002861],[140.8424240001506,40.94988600044742],[140.8424172363495,40.949890682318],[140.84237199955123,40.94992200030893],[140.84235511935546,40.949909236764476],[140.8421173205478,40.94999521574513],[140.84211800042848,40.95000699973211],[140.84209522640847,40.950003204143385],[140.8419270973419,40.95006399320244],[140.8418990002218,40.9501049997548],[140.8418640004064,40.950086999824045],[140.84186350237425,40.95008698671762],[140.84111069561453,40.950359172934505],[140.84110999980973,40.9503670001458],[140.841121000317,40.95039799977674],[140.8410620002942,40.9504169997536],[140.84100300027134,40.9504739996842],[140.8409990000869,40.950497999891645],[140.84099499990242,40.95052999956869],[140.84096200017927,40.95052999956869],[140.84090600029478,40.95054700035264],[140.84089253024916,40.95055621570565],[140.8408300003873,40.95059900005268],[140.8408014451137,40.9506414462546],[140.84079299958037,40.950653999891045],[140.84075599967275,40.95065700002939],[140.84073030873986,40.95066311721795],[140.84071400043388,40.95066699959122],[140.84071253903554,40.95066853023735],[140.84067200029568,40.950710999821645],[140.84062199978857,40.95071700009834],[140.84052399976588,40.950782000397865],[140.84052799995033,40.95080899984433],[140.84047900038865,40.950788999821356],[140.8404200003658,40.95079800023639],[140.84028999976678,40.95087900037443],[140.84024600043568,40.95090499977478],[140.840170999675,40.95089900039741],[140.8401420001363,40.95090699986701],[140.84005299962934,40.95095200014355],[140.8400149996756,40.9509970004201],[140.83993400043687,40.95096900002819],[140.83988900016033,40.95098099968225],[140.8398229998147,40.9510259999588],[140.83977800043746,40.951031000189374],[140.83974099963052,40.95105100021235],[140.83969300011498,40.95109899972792],[140.8396180002536,40.951054000350695],[140.83956300041524,40.951054000350695],[140.8394549999314,40.95110199986626],[140.83942500034658,40.95115000028116],[140.8393400000241,40.95109899972792],[140.83926200002438,40.95110199986626],[140.83916700014004,40.95113899977388],[140.8391510003015,40.951183000004306],[140.83912500000184,40.9511609998891],[140.83894299970277,40.95117300044248],[140.83891400016407,40.9511969997506],[140.83891100002572,40.951225000142514],[140.8388160001414,40.95122099995805],[140.83874200032616,40.951240999981025],[140.83870500041854,40.95126900037293],[140.8386660004187,40.951258999911786],[140.83861684290116,40.951260854975395],[140.8385390225892,40.95128899183261],[140.8385390002749,40.951289000276],[140.83953699965267,40.95229099965127],[140.83953700011557,40.95229099983863],[140.8395369999462,40.95229099994598],[140.839537,40.952291],[140.83946589450474,40.952336575157936],[140.83945900011585,40.95237400006891],[140.83941123142742,40.95237161152709],[140.83928726434135,40.9524510683891],[140.83927699981678,40.952459000391414],[140.83927404745776,40.9524595397675],[140.83907091138232,40.95258974009428],[140.83904700000215,40.95264399992951],[140.83898399979486,40.952650000206205],[140.83896082414554,40.952660300649185],[140.83893256835472,40.95267841123436],[140.83891300011797,40.95270399999846],[140.83889100000275,40.95276300002129],[140.83882399961098,40.95277699976759],[140.83877199991096,40.95281299962909],[140.83874499956517,40.95288400020531],[140.83869399991127,40.952897999951595],[140.83863499988843,40.95295399983608],[140.83863499988843,40.95297699999742],[140.83862700041882,40.953049999766534],[140.83859399979636,40.953049999766534],[140.83856400021153,40.95305800013546],[140.83850900037316,40.953111999927714],[140.83849199958922,40.95316899985832],[140.83834500000484,40.953160000342606],[140.83831599956682,40.95317400008889],[140.83828599998202,40.95317099995056],[140.83818295451243,40.95315887718317],[140.83791043035404,40.953333551890246],[140.8379149999604,40.95335100015739],[140.83793700007558,40.95337400031873],[140.8379810193545,40.95339065600184],[140.8392013688957,40.95335184174902],[140.83921000032436,40.95334299978847],[140.83921799979396,40.953305999880854],[140.83923999990918,40.953280999627296],[140.839298999932,40.953302999742505],[140.83934300016242,40.95329500027291],[140.839440000139,40.953243999719675],[140.83949900016182,40.953300999650274],[140.83952899974665,40.95329500027291],[140.8396029995619,40.953246999858024],[140.83964799983843,40.95326099960431],[140.83973300016092,40.95321600022709],[140.8397890000454,40.95315700020426],[140.83984800006826,40.95319400011188],[140.8399219998835,40.953187999835194],[140.83997799976797,40.95315099992757],[140.83997799976797,40.953120000296636],[140.83999307150614,40.9531001693462],[140.83999699974484,40.95309500004308],[140.8400128296115,40.95309875651127],[140.84005599976769,40.95310899978937],[140.8400933342231,40.95309299995085],[140.84012600029777,40.95307900020456],[140.84017599990557,40.95303600002025],[140.84021231183183,40.953081702667305],[140.8402339998823,40.95310899978937],[140.8402709997899,40.9531319999507],[140.84033800018167,40.95315099992757],[140.8404419995817,40.95314000031962],[140.84046399969694,40.953196000204116],[140.84050899997348,40.953210999996514],[140.84055800043447,40.953210999996514],[140.8405679999963,40.953210999996514],[140.84061999969632,40.95317900031948],[140.84061999969632,40.95315700020426],[140.84065000018046,40.95311500006606],[140.8407090002033,40.95309500004308],[140.84075000029537,40.953061000273806],[140.84079399962647,40.952990999743704],[140.84086900038716,40.9530250004123],[140.84089899997198,40.9530250004123],[140.84098799957962,40.95301299985893],[140.84105099978692,40.95297699999742],[140.84109500001733,40.95301900013561],[140.84112499960216,40.95301900013561],[140.84126599980914,40.952990999743704],[140.84130299971676,40.95295399983608],[140.8413550003161,40.952990999743704],[140.84139899964723,40.952990999743704],[140.84151599964676,40.95296000011278],[140.8415609999233,40.95291599988235],[140.8415880002691,40.952946000366495],[140.84164800033804,40.952975999951306],[140.84170891231955,40.9529798670361],[140.841710999646,40.95298000013577],[140.84174100013016,40.95298200022799],[140.8417433392668,40.953006725289],[140.84174799955363,40.953056000043226],[140.84178200022222,40.953111999927714],[140.84184081318608,40.95313991128674],[140.84184100024507,40.95314000031962],[140.84184098045998,40.953140234143355],[140.84183399992227,40.953221999604466],[140.8418530079663,40.953267504118045],[140.8423478857392,40.95325176411049],[140.84235699975883,40.953246999858024],[140.84241599978168,40.95315099992757],[140.84240500017373,40.95309700013531],[140.84242800033505,40.953091999904736],[140.8425159998966,40.95306200031992],[140.8425166006437,40.95306019717922],[140.8425369999657,40.95299900011263],[140.84255099971196,40.95304200029694],[140.84257700001163,40.95307700011233],[140.8426160000115,40.953091999904736],[140.84261742183963,40.953140350155905],[140.84261900014982,40.95319400011188],[140.84266400042637,40.95322999997339],[140.84268996025656,40.95322882006286],[140.8427299998727,40.95322699983504],[140.84272873472216,40.95323965088538],[140.8444469994993,40.95318500001592],[140.8444469999122,40.953184999696845],[140.8444470001367,40.95318500006842],[140.8464360821514,40.95418063197999],[140.84649801715287,40.95417696180621],[140.84654799967353,40.9541740003387],[140.84661600011142,40.95413899962399],[140.84664499965012,40.95416900010813],[140.84667400008814,40.954189000131116],[140.84673700029543,40.9541959995546],[140.84670799985741,40.9542660000847],[140.84670799985741,40.954280186889974],[140.84670799985741,40.954313999600274],[140.84670405181956,40.95431476378097],[140.84704377794475,40.95448481316504],[140.84705200043257,40.954480000060826],[140.84706082620193,40.95449334664367],[140.84718199961233,40.954553999805945],[140.8471820001323,40.954553999876055],[140.8471820003148,40.95455399986375],[140.84733214322858,40.95448901485447],[140.84735600006246,40.954466000314525]]]}},{"type":"Feature","properties":{"layer_id":"scenic_nature_areas","name":"平内町","category":"nature","source":"国土交通省 国土数値情報","municipality_code":"02301","municipality_pref":"青森県","municipality_name":"平内町","municipality_code_method":"nearest_centroid"},"geometry":{"type":"Polygon","coordinates":[[[140.96866900039146,40.9688599998466],[140.9688859996066,40.96886299998495],[140.96913800043578,40.968846000100314],[140.96933399958183,40.968811000284916],[140.96938500013505,40.96881599961617],[140.9694500004346,40.968805000008224],[140.96950700036518,40.96877000019283],[140.96961900013414,40.96876700005449],[140.9696840004337,40.96874199980093],[140.96972399958034,40.96870399984719],[140.96976610668366,40.96870399984719],[140.96990073440807,40.96863558654073],[140.96990799997164,40.96862699989361],[140.9699172365642,40.96862720069695],[140.97006900020162,40.968550079492665],[140.97006900020162,40.968526999778696],[140.9701169451426,40.968525715477334],[140.97029713830162,40.96843414734109],[140.9703020001546,40.96841199987138],[140.9703309996933,40.96841500000973],[140.9703468762747,40.968408872166826],[140.97039373339874,40.968385060943675],[140.97041399992358,40.968357000033],[140.97045324388742,40.96835481970386],[140.97050324392518,40.96832941135709],[140.97051099990014,40.96832400030985],[140.9705509999461,40.96827799998719],[140.97060399969223,40.968271999710495],[140.97069100010697,40.96823399975676],[140.97075200022203,40.96816900035657],[140.9707560004065,40.968118999849445],[140.9708419998758,40.96807799975736],[140.97089999985252,40.9680019998499],[140.97090600012922,40.96794399987318],[140.97095599973701,40.96793300026523],[140.97099599978299,40.96789200017315],[140.97098500017503,40.967835000242545],[140.9710820001516,40.9678320001042],[140.9711759999898,40.967761000427316],[140.97118300031264,40.96770399959738],[140.9712879997588,40.96770399959738],[140.9714029996661,40.967624000404776],[140.9714029996661,40.96756699957485],[140.97147970785477,40.96756699957485],[140.97157233288416,40.96748866773927],[140.97158299987296,40.967466000313145],[140.97155100019592,40.96741099957545],[140.97161899973446,40.96738700026733],[140.97167300042605,40.96731299955277],[140.9716710003338,40.96723899973753],[140.97173599973402,40.96722499999124],[140.9717979998952,40.96719500040643],[140.97181899996428,40.96713200019913],[140.9718909996873,40.96712399983021],[140.97197099977922,40.967089000014816],[140.97203500003263,40.96707999959978],[140.97207293324934,40.96706531623545],[140.97210907186175,40.9670347542603],[140.97212200044737,40.96701200006123],[140.97213528495485,40.967012586173446],[140.97260610421446,40.966614420180235],[140.9726060002841,40.966612999647694],[140.97260787503114,40.966612922622595],[140.97425841750675,40.96521707937557],[140.97428999970114,40.96516400027588],[140.97434000020826,40.96509899997635],[140.97446999990797,40.96499200043795],[140.9745780003918,40.964869000161706],[140.97468800006857,40.964697000323795],[140.97522299955918,40.964287000302306],[140.97612799992467,40.96362799958999],[140.97618596791844,40.9635869739616],[140.97644706738075,40.9633661653931],[140.97594410925066,40.962954990138165],[140.97512902580132,40.96294101377425],[140.97472705312842,40.9630470240584],[140.97438897099164,40.96316798916885],[140.9742729350653,40.96332899569408],[140.97417998563523,40.9634999963852],[140.97418109899593,40.963755972217825],[140.97429207173911,40.96397498141774],[140.9742470148053,40.96404297645967],[140.97406708834285,40.96424800929567],[140.9738840241458,40.964419987549874],[140.97354492847307,40.96438099384527],[140.9727419957639,40.964807970369016],[140.97183396198517,40.96535500278863],[140.97152200335518,40.96552292869768],[140.97138693237844,40.9657970042858],[140.97160310601595,40.96606898355424],[140.9709430405063,40.965660036638866],[140.96869006880902,40.96442998081644],[140.96708298750727,40.96375310787711],[140.9657709557824,40.96334898222723],[140.96379197333832,40.9646669485783],[140.96364303121834,40.96482704768758],[140.9637529913249,40.96517498819263],[140.96378792369114,40.9655470377231],[140.96379308759833,40.96592202264071],[140.9636340191121,40.96635703550626],[140.96330302453237,40.96693006462826],[140.96290702605583,40.96757304481765],[140.962462020823,40.96821700346941],[140.9645870091006,40.970119949133824],[140.96418908607487,40.97026306634492],[140.96359999865842,40.97050401810343],[140.96347596416183,40.970615968409696],[140.96346492768168,40.97074504000908],[140.96409094845592,40.97148994845983],[140.96410195076183,40.97150913819365],[140.96422899978592,40.97145699999804],[140.96436999999293,40.9713690004365],[140.96437441116754,40.971366317758836],[140.96451799962338,40.971278999883424],[140.96465799978427,40.97121899981447],[140.96498999980605,40.971126000022366],[140.96501623446096,40.97111772603537],[140.96522368315416,40.97101230754829],[140.96527999968964,40.97094000043815],[140.9653559995971,40.970839000277124],[140.9654460001502,40.970784000438755],[140.96561199971143,40.97072699960883],[140.9658930000793,40.97060700037025],[140.96627799984722,40.97038199988687],[140.96661300000736,40.97014499974942],[140.96676099963784,40.97001900023415],[140.96686900012168,40.96990200023461],[140.96701699975213,40.969756999843156],[140.96710700030522,40.969676999751215],[140.96732699965872,40.96958399995911],[140.9677140004182,40.969399000421014],[140.96793799995615,40.969305999729585],[140.96807499997868,40.969212999937476],[140.9683380004158,40.96900700033028],[140.96842099974674,40.96893399966184],[140.96857599970002,40.968875999685125],[140.96866900039146,40.9688599998466]]]}},{"type":"Feature","properties":{"layer_id":"scenic_nature_areas","name":"平内町","category":"nature","source":"国土交通省 国土数値情報","municipality_code":"02301","municipality_pref":"青森県","municipality_name":"平内町","municipality_code_method":"nearest_centroid"},"geometry":{"type":"Polygon","coordinates":[[[141.00422899365554,40.8842130122172],[141.00259797672888,40.88418504335699],[141.00091194595336,40.884310022596225],[140.99963000010885,40.88444895104017],[140.99829396415552,40.88468496031371],[140.99685990912445,40.885037987916604],[140.99645182132,40.88510456366684],[140.99492477646226,40.88549373239138],[140.99349657178442,40.88619027677568],[140.99236488764666,40.88686632005589],[140.99321503636003,40.88762500180708],[140.99395207824222,40.88846702653463],[140.99450899082441,40.88914701504457],[140.9945820689222,40.8897790267439],[140.99446906472892,40.89009901304847],[140.99617890746885,40.89174198984486],[140.99642605923776,40.89176502716802],[140.99645141076886,40.89179250287444],[140.99702300055333,40.892409015457375],[140.99743806772668,40.89307406845503],[140.9981590981156,40.89409799644951],[140.99829704328891,40.89448603796549],[140.99918403896442,40.89526099378901],[141.00032003388893,40.89636805340818],[141.0008499527356,40.89704001055775],[141.00126604628667,40.89745496417598],[141.00176394214668,40.89770407724792],[141.0022350495467,40.89800905758979],[141.00265093782218,40.89842401120802],[141.00281690310885,40.89867298337899],[141.0025950002333,40.89883896482624],[141.00281700574666,40.89908906420567],[141.0029590564311,40.89950697674615],[141.00316997706443,40.899900936106576],[141.0031349775822,40.900235012517015],[141.00288105171998,40.90088801847415],[141.00297496528668,40.90143098070435],[141.00317798281108,40.90195900742234],[141.00400904089778,40.90334695330226],[141.00520795277998,40.90490602351812],[141.00600298500663,40.90573198552491],[141.00758894394892,40.90536599502461],[141.00897003788663,40.90503198906474],[141.01036293516887,40.904614992381156],[141.01055702320667,40.90402496919733],[141.01072001199776,40.90357803103867],[141.0110050371067,40.90292805445438],[141.01147306537334,40.902376004105925],[141.0113250616978,40.90216697738511],[141.0109559762489,40.90158301294679],[141.0107741021067,40.90112797297735],[141.01069794487557,40.90073901560446],[141.01069702113557,40.90033596812569],[141.0109150237756,40.899779056690676],[141.01140799302226,40.89919502180187],[141.01182798680887,40.898861015841916],[141.0123230088111,40.89859703770826],[141.01298296972226,40.89831896946862],[141.01323894834002,40.89819399022949],[141.01320199874002,40.89811099950586],[141.01263205116004,40.89797200061133],[141.0115660552,40.89758205693096],[141.0106839861378,40.89715005428468],[141.01018691137998,40.89682999752954],[141.00933707058002,40.896166987597255],[141.00882008409334,40.89554096419285],[141.0083219829578,40.89476206313968],[141.00810008008227,40.89414998894018],[141.00802402548888,40.893453937709566],[141.0081680262911,40.892829041513714],[141.00827702761114,40.89248094544787],[141.00796408502669,40.892049999559475],[141.00777892647554,40.89176002518039],[141.0075939732,40.89138403070493],[141.00759304945996,40.89098098322616],[141.00804906910665,40.89035503027233],[141.00824900749774,40.890048993172584],[141.0080650806,40.88971498721263],[141.00727210112885,40.88846399716188],[141.00664406056663,40.8870180000457],[141.0064400166644,40.88640599629669],[141.00643796390887,40.88587698327139],[141.00652807987777,40.88529301883307],[141.00666807780667,40.88465797776099],[141.00652099787112,40.88453299852176],[141.00565904581333,40.88436596031654],[141.00422899365554,40.8842130122172]]]}},{"type":"Feature","properties":{"layer_id":"scenic_nature_areas","name":"平内町","category":"nature","source":"国土交通省 国土数値情報","municipality_code":"02301","municipality_pref":"青森県","municipality_name":"平内町","municipality_code_method":"nearest_centroid"},"geometry":{"type":"Polygon","coordinates":[[[140.8804730226114,41.0080249804411],[140.88011003195192,41.00848200601237],[140.879674490285,41.008783095436115],[140.87957500008568,41.0089339998768],[140.87951600006284,41.0090689998071],[140.8794709997863,41.00913099996828],[140.87933799994823,41.009238000406],[140.87919699974123,41.009294000290495],[140.87913460692315,41.00933449566677],[140.878833,41.009857],[140.87989764779286,41.009475180153125],[140.8799460001073,41.0093449999444],[140.8800650001991,41.00919800036004],[140.88028799969092,41.009028999761135],[140.88062900012775,41.0088270003384],[140.88072994632947,41.0087939988166],[140.880923090128,41.008567052200306],[140.88074691114053,41.0084400067735],[140.8804730226114,41.0080249804411]]]}},{"type":"Feature","properties":{"layer_id":"scenic_nature_areas","name":"平内町","category":"nature","source":"国土交通省 国土数値情報","municipality_code":"02301","municipality_pref":"青森県","municipality_name":"平内町","municipality_code_method":"nearest_centroid"},"geometry":{"type":"Polygon","coordinates":[[[140.87882098503025,40.991440053205096],[140.87917901413002,40.991592045825456],[140.8795979974794,40.991466957323425],[140.8802050065856,40.99117401395878],[140.88069395539154,40.99106898213702],[140.88128901700435,40.99113201471991],[140.8821119982999,40.99143802613321],[140.8817349341497,40.99116604686478],[140.88139998974754,40.991027053045265],[140.88103698739687,40.99089399565058],[140.88032600407163,40.99074801589742],[140.88031800460206,40.99053899996408],[140.8803350134799,40.99041024492607],[140.88035001956757,40.99029601034181],[140.88037422032383,40.9900340872925],[140.8803999184513,40.98975499798398],[140.88033814851656,40.98958632833559],[140.88029295308712,40.98946307355121],[140.88012051887665,40.98905752787182],[140.87995400130592,40.988666033200076],[140.8798630034047,40.98818912991362],[140.87982995421882,40.988016020312294],[140.87982996680933,40.98801599513127],[140.87986495403422,40.9876110699841],[140.87986500079896,40.98761103131325],[140.8782630834044,40.987281958584724],[140.876771024493,40.987038002191255],[140.8764890357702,40.987089015334995],[140.8762400557638,40.9872449910527],[140.87587605246767,40.98740599847725],[140.87530103944124,40.98739698367306],[140.8750480088883,40.98743395120509],[140.87494705998864,40.98777504337276],[140.87477705664566,40.98816700928925],[140.87459308053604,40.988386017589846],[140.8742440635425,40.98865897532066],[140.87403204027626,40.988759953897954],[140.87373607878683,40.98919210242279],[140.87366199983126,40.9892570001996],[140.87370900020002,40.9893219995998],[140.8737680883564,40.989368274215686],[140.87379200043029,40.98938699989934],[140.87384099999198,40.98955999978337],[140.87390300015315,40.98982400026661],[140.8739317200027,40.989931045670424],[140.87396242178505,40.9900454803663],[140.87541223852466,40.99169666054197],[140.8755580000315,40.99183300028194],[140.87580599977687,40.99210200009643],[140.8760189997069,40.99234399956513],[140.87615799953437,40.992545999469684],[140.876158,40.992546],[140.87615800027066,40.99254600069773],[140.8763119997288,40.99282400011671],[140.87645900021252,40.993116000092535],[140.87653900030443,40.99330399976898],[140.87656899988926,40.993430000183565],[140.87658100044263,40.99361799986001],[140.87658073880934,40.99363579009991],[140.877493628142,40.9959891528266],[140.87763300039248,40.996241000311116],[140.87786899958448,40.99670300003263],[140.87803099986058,40.99707099991592],[140.8781819996294,40.99746099991442],[140.87828900006713,40.99775199984412],[140.87836299988234,40.9980059998662],[140.87839100027426,40.99819400044197],[140.87844199368328,40.998433970655476],[140.8787637589778,40.99926345833137],[140.87888299958058,40.99943800025271],[140.87921100031724,40.99998500029673],[140.87948300027006,41.000470000179575],[140.8797629996925,41.00100799980855],[140.87993500042975,41.00133499959976],[140.88003499964535,41.00162200024432],[140.88014200008305,41.001958999597356],[140.88020500029035,41.00227699987285],[140.8802640003132,41.002656000263414],[140.88026954643223,41.00268402763497],[140.88037600008215,41.00322200028429],[140.88051300010468,41.00374199998252],[140.88064299980442,41.00409600011951],[140.88066776173764,41.00416256164211],[140.88075200033435,41.004389000141444],[140.88077171167498,41.00465643783354],[140.88131493816368,41.00455794498238],[140.8822700541495,41.00432307354021],[140.8828440545393,41.00418400867427],[140.88318395960187,41.00401803968998],[140.88370196820108,41.003683027838676],[140.88366096091443,41.00335304679488],[140.8836610625378,41.002903987418286],[140.8835858315507,41.00265576823832],[140.88351606844162,41.002271978957864],[140.88307298685868,41.00093102053937],[140.88266392662874,41.000193979357874],[140.88230397387912,40.999710049668266],[140.882300024956,40.99928600853167],[140.8819420965803,40.99884302857211],[140.88073192566765,40.997339037455816],[140.8806799826249,40.99712303379018],[140.88092602634487,40.996539032939225],[140.88090699129444,40.996300946420746],[140.8808550482517,40.99608396429272],[140.88065507500153,40.995938959404654],[140.88012602992217,40.995848952556315],[140.87940197225302,40.99581205517141],[140.8790879883498,40.995476972273664],[140.87894501952684,40.99496201507414],[140.8789750910574,40.9946990506099],[140.87961602079255,40.99412301685295],[140.87964801597298,40.99397095408547],[140.8794139197464,40.99348304129852],[140.879225995613,40.99291895683359],[140.87903807058032,40.99245102968048],[140.8788490321869,40.99187995748326],[140.87882098503025,40.991440053205096]]]}},{"type":"Feature","properties":{"layer_id":"scenic_nature_areas","name":"平内町","category":"nature","source":"国土交通省 国土数値情報","municipality_code":"02301","municipality_pref":"青森県","municipality_name":"平内町","municipality_code_method":"nearest_centroid"},"geometry":{"type":"Polygon","coordinates":[[[140.9919820487356,40.896849019172464],[140.99153403483558,40.89642800680874],[140.99151904972,40.896103018516555],[140.9918150570711,40.895722937910364],[140.9919820487356,40.895456987161836],[140.99185395678893,40.89458001897167],[140.99169096799776,40.89437803730384],[140.99106600656893,40.8942899741421],[140.98961101343113,40.89413603973537],[140.98910100631335,40.893781039517606],[140.98889408855337,40.893686001753466],[140.98873695011554,40.89354305762928],[140.98854994408444,40.89337601942405],[140.98837299655554,40.89311492976208],[140.9881509910422,40.89278500993285],[140.9879980607533,40.89263797967794],[140.98798297299996,40.89232701104115],[140.98777297610667,40.89204203864968],[140.98702905749337,40.891855978801445],[140.98618691452663,40.89178595097523],[140.98539403769337,40.89151697085395],[140.98497804678001,40.89153303357462],[140.98397199128226,40.891685981674044],[140.98334702985335,40.8917380446152],[140.98294007106446,40.89176101148779],[140.98283404624,40.89166400110885],[140.98274608566444,40.89156804748781],[140.9821280009666,40.89141298587252],[140.98138305597558,40.89126701237559],[140.9802220174333,40.89117704704955],[140.97942606146665,40.89119402562712],[140.97877903291558,40.891123011493434],[140.97834405401335,40.891179019664335],[140.97828195815777,40.89103699139706],[140.9778990166089,40.89114999404626],[140.9771280016222,40.89131999117374],[140.97630402554222,40.89180898829831],[140.9749319637289,40.89207296643207],[140.97417008350448,40.89204894280151],[140.9738179332889,40.891974053888745],[140.9734170301289,40.89172205234503],[140.9729300138733,40.89129096555556],[140.97239598951552,40.89100697947149],[140.97183794791778,40.89087298256459],[140.97152705808887,40.89082507620455],[140.9697189909956,40.89093194965767],[140.9687250467556,40.89096604771396],[140.96804199234444,40.89088798852737],[140.96730905597337,40.89074398764522],[140.96647697150885,40.890467962471035],[140.96524911577336,40.89002095386189],[140.96429304487333,40.889839050594944],[140.96323700477777,40.889740983458054],[140.96317203506442,40.890344039989785],[140.96285909247996,40.89108694082246],[140.96245901042226,40.89168901104679],[140.96117008520895,40.8931619907157],[140.96045901068442,40.89383796354541],[140.96014606809996,40.89424298363896],[140.96005800488672,40.89452499710825],[140.96010706574447,40.89472303354644],[140.96040399683557,40.89514799113982],[140.96079997338222,40.895507993345106],[140.96132003900223,40.896017984727564],[140.96184102836224,40.896501064007694],[140.96224901352886,40.89685099178734],[140.9627680527711,40.89722198427518],[140.9629710702956,40.89765595953633],[140.96330300086885,40.89907300148491],[140.9636589486822,40.899443007665454],[140.96403101062666,40.89976398027741],[140.96432896809557,40.8998690220168],[140.96498800526663,40.899899033942276],[140.96554902336004,40.89989001627451],[140.96595608478665,40.89987895554138],[140.96653403811337,40.89978497453521],[140.96678498747997,40.89963399905065],[140.96732599120668,40.899464001923164],[140.96784102757553,40.89943701937044],[140.96820600751334,40.89941003681762],[140.96846999187778,40.89924003969014],[140.96887294779333,40.898860029534525],[140.96945900950442,40.89830100458366],[140.96963400691556,40.89803103815498],[140.97014493777334,40.89759896505804],[140.97098903085777,40.897109967933375],[140.9719220082578,40.896849019172464],[140.97290404651554,40.89679596992383],[140.97357498966892,40.89677906179675],[140.97414699000447,40.896846976107106],[140.97486709665336,40.89704698516016],[140.97547399383333,40.89746405229423],[140.97596993957558,40.89779502888143],[140.97646598795555,40.898212025565016],[140.97733091650886,40.89892900060285],[140.9781959477,40.899833021796226],[140.97836098924665,40.90038401538679],[140.9783720741267,40.90074204497722],[140.97834508039108,40.90128796612967],[140.97836796861554,40.90182501051535],[140.97857796550886,40.90215598710255],[140.97943694107107,40.90353301315041],[140.98065094070665,40.90466804162979],[140.98248302504004,40.905872957034305],[140.98356400611556,40.90631299104096],[140.98510593345114,40.906682010914025],[140.9857849849889,40.90670800715945],[140.98710203295337,40.90680994907551],[140.9889890284978,40.90696000870308],[140.99082993967997,40.90711401356039],[140.99253906395558,40.907463025483125],[140.9938650414067,40.90778195502981],[140.99494099323107,40.907930957899495],[140.99563297712888,40.907995983738076],[140.99645048702882,40.90800119707727],[140.99650211383113,40.908000069868805],[140.9966419064844,40.90774299588696],[140.99645048702882,40.907094216961625],[140.99625301194448,40.90676197226499],[140.99483804754,40.904881999887564],[140.99458093990665,40.90396600210417],[140.99400001008445,40.90352202286786],[140.99371395859777,40.90311805953219],[140.99354594055555,40.90270500807826],[140.9933379964178,40.902324011615164],[140.9924260597622,40.901538065509015],[140.9922300216067,40.90123195795877],[140.99207195942887,40.90023895774668],[140.99176907534672,40.89987402400433],[140.99152705546666,40.89967302864398],[140.99112102041778,40.89953600236424],[140.99098995197556,40.89928801650075],[140.99096901386892,40.898888984702126],[140.99095608150887,40.89849002335407],[140.99117603426663,40.89802899508962],[140.99156903431773,40.897833001716805],[140.99205102132225,40.897447989573564],[140.99208499442668,40.897241005918104],[140.9919820487356,40.896849019172464]]]}},{"type":"Feature","properties":{"layer_id":"scenic_nature_areas","name":"青森市平内町","category":"nature","source":"国土交通省 国土数値情報","municipality_code":"02301","municipality_pref":"青森県","municipality_name":"平内町","municipality_code_method":"nearest_centroid"},"geometry":{"type":"MultiPolygon","coordinates":[[[[140.892661000225,41.00971700038795],[140.89279800024752,41.00960599976578],[140.8931229999465,41.00949700013515],[140.8933349998304,41.00943800011231],[140.8939089973122,41.00930500094804],[140.893909,41.009305],[140.89390900246613,41.00930499986673],[140.89439400010303,41.00921699981339],[140.8949850003775,41.00912199992905],[140.89542199984544,41.00905999976787],[140.89563108862384,41.00903597977534],[140.89580500042044,41.009016000436766],[140.89609899958916,41.00899100018321],[140.89629699972676,41.00899100018321],[140.89651499988733,41.00900199979115],[140.89666582069108,41.00902045118158],[140.8967029995638,41.00902499995249],[140.8970280001621,41.00907699965251],[140.8972909996999,41.009099999813834],[140.89768699997506,41.00909100029812],[140.89802600031967,41.00907100027514],[140.89835700029533,41.00902900013694],[140.89870500015564,41.008979999675944],[140.89901600010833,41.00891400022962],[140.89913200006177,41.00893700039095],[140.89926078207944,41.00894471747343],[140.899398999784,41.00895300022948],[140.8997810003129,41.00898599995264],[140.89981195528358,41.00898599995264],[140.899997,41.008976],[140.903058,41.007973],[140.90305805874755,41.00797296532701],[140.9031540002769,41.00791600007204],[140.90328399997662,41.007796999980265],[140.90339999993006,41.007667000280534],[140.90346100004513,41.00756099988894],[140.9035159998835,41.007486000027576],[140.90366999979068,41.00735400023562],[140.90393999965127,41.007142000351735],[140.90410700015795,41.00701499989103],[140.90433599992647,41.00685100042203],[140.90456100040984,41.006696999615535],[140.90517599999242,41.00634100028563],[140.90552800003718,41.00613199964077],[140.90578800033595,41.0059569996645],[140.9060950001042,41.00575800038011],[140.90632099973436,41.00562100035758],[140.90638082353618,41.00558904294867],[140.90678899973256,41.00537099962063],[140.9069970003313,41.00526900031281],[140.90713400035384,41.005169000197895],[140.9072739996154,41.005041999737195],[140.90734200005326,41.004981999668246],[140.90738193624736,41.00480903036116],[140.9074283853317,41.004252590133625],[140.90741699991463,41.00424499985556],[140.90744312661997,41.00416662130591],[140.907434,41.004164],[140.90754400337335,41.004006169073044],[140.90763400002908,41.00382000004167],[140.9077400004207,41.00365399958112],[140.90782636591408,41.00354604316406],[140.90785999965925,41.0035039998584],[140.9079629999125,41.00340499978961],[140.90808900032712,41.00332499969768],[140.90826303533083,41.00325480941062],[140.9091597259606,41.002656767444556],[140.90922711036285,41.002616425656214],[140.90926399965386,41.002541999562325],[140.90936599986102,41.00238599956293],[140.90940691271885,41.00234548870204],[140.90956999962043,41.002184000788645],[140.90957,41.002184],[140.90957000036823,41.002184000064815],[140.90974999958283,41.00203799970262],[140.90992300036618,41.001923999841416],[140.9100039996049,41.001898999587866],[140.9108819996246,41.00171400004976],[140.91088200140192,41.00171399825494],[140.9118858356675,41.000464470287994],[140.91187999978217,41.0004619998701],[140.91197899985096,41.00031600033185],[140.91204082014775,41.00024407795053],[140.91213199971202,41.000138000217234],[140.91231199991887,40.99996400028708],[140.91244799989528,40.99984800033364],[140.91250247363027,40.9998081927426],[140.91263000019435,40.99971499959625],[140.9128810000781,40.99954900003502],[140.9128959998705,40.99953899957387],[140.91310300042315,40.99943099998936],[140.91349599966065,40.999231999805644],[140.91372000009792,40.99909599982922],[140.91398299963572,40.998919999806844],[140.91440900039507,40.99853600008503],[140.91446469361074,40.99848950423593],[140.9146610075195,40.99831405549796],[140.91474907093288,40.998045005321444],[140.91471499562056,40.99770599688295],[140.9144950421325,40.99738805416406],[140.91439702322404,40.9970949794984],[140.91456801761993,40.99678703993864],[140.9153550449194,40.995806017182645],[140.915980692475,40.99550645570707],[140.9163489999264,40.99521499982108],[140.91639788881028,40.99525048895177],[140.916566,40.995116],[140.91685027248457,40.994968483753425],[140.9168729998091,40.99495200028329],[140.9177011423139,40.99435981470239],[140.91777500003624,40.994307000216594],[140.91784699975923,40.99434800030866],[140.9186520000098,40.99388100035658],[140.91872799991728,40.99394599975679],[140.9190549262186,40.99382443267045],[140.919842,40.993416],[140.91987599559542,40.99341149813097],[140.9198076783017,40.993285775067164],[140.919778999821,40.993233000151534],[140.9201319999119,40.99313400008273],[140.92043400034885,40.99306100031361],[140.92066900039407,40.99303299992171],[140.920678380323,40.99309449376457],[140.92068700032482,40.99315099996737],[140.92109800039242,40.99313400008273],[140.92110387053845,40.99324889670799],[140.92151151300507,40.99319491462658],[140.9215099996068,40.99316199957532],[140.92167600006735,40.993169999944236],[140.92168424174454,40.99317160601271],[140.92326872179382,40.99286660422307],[140.9232689997845,40.99286600031436],[140.92341999955335,40.99282800036063],[140.92354055693616,40.99281427778012],[140.923542,40.992814],[140.92354285667867,40.992814016009326],[140.92354299982958,40.99281399971501],[140.9235437176333,40.99281403209856],[140.92472899674158,40.99283618219633],[140.9248689998245,40.992826000268394],[140.92526900028415,40.99281699985336],[140.92563299998298,40.99283099959965],[140.92601699970479,40.992855999853205],[140.9260579776509,40.99286101774508],[140.9315308898689,40.99296329368994],[140.93154500012167,40.992962000244816],[140.93177599998242,40.99295700001424],[140.93240300011837,40.992962000244816],[140.93306700016194,40.99299199982963],[140.93387799978987,40.993074000013785],[140.93432899990344,40.993166999805894],[140.93488899964763,40.99329300022049],[140.9354830000604,40.99345999982783],[140.93602599991996,40.9936210000578],[140.93654100028695,40.993799000172416],[140.93691100026246,40.993933000056614],[140.9369579997319,40.99399900040224],[140.93714507940192,40.994103457557216],[140.9372749999613,40.994175999571425],[140.9376860000289,40.99437899993959],[140.93781200044347,40.994476999962274],[140.93805299986607,40.99462699968498],[140.93805537180305,40.994628377323075],[140.93958587852578,40.99513044224381],[140.9396099997217,40.99513299963692],[140.9397859997441,40.99513299963692],[140.9398910000896,40.99511999993675],[140.93990107849416,40.9951177276106],[140.942464,40.994111],[140.94268502493054,40.99388866550766],[140.94271099973287,40.99384300040284],[140.94278300035518,40.99368999964247],[140.94289800026252,40.99344900021988],[140.94304399980075,40.99320599980575],[140.94317000021536,40.99300400038301],[140.9433230000764,40.99283699987634],[140.94341699991463,40.99282900040674],[140.94351800007564,40.99279599978426],[140.94365099991373,40.99271899983067],[140.94380299972866,40.992642999923206],[140.9439829999355,40.992582999854264],[140.94415599981954,40.992546999992754],[140.9443509998188,40.99253100015423],[140.94465700044023,40.99249600033884],[140.94482300000146,40.992457000339],[140.9450460003926,40.992397000270046],[140.94520499963104,40.99236699978591],[140.94541000009144,40.992353000039614],[140.9457139997213,40.992353000039614],[140.94590599958224,40.992363999647566],[140.94599199995085,40.99238100043152],[140.9460750001811,40.99241400015468],[140.94616499983488,40.992452000108415],[140.94628064754332,40.99247402836128],[140.948706,40.992359],[140.94949038379912,40.98907182850949],[140.9495528377133,40.98853597060725],[140.94955399963737,40.98852599982373],[140.94964300014436,40.98774699987284],[140.9497192635532,40.98740294084175],[140.94973808366564,40.98731803584738],[140.9497739998902,40.9871559995984],[140.94987299995898,40.986642000176865],[140.94992000032775,40.98648900031581],[140.94999100000464,40.9863829999242],[140.95001870092233,40.986285723855765],[140.95003400018896,40.98623200015538],[140.95011700041925,40.9859780001333],[140.9502120003036,40.98574300008808],[140.95033099969558,40.98554900127573],[140.950331,40.985549],[140.9503310005085,40.98554900003857],[140.95060100025597,40.9853190003203],[140.95108600013882,40.984773000322406],[140.95160732337845,40.984172930289844],[140.95159095231693,40.984161834348136],[140.951052015658,40.9838881177911],[140.95103799972392,40.9838809996571],[140.95109499965452,40.98375300004962],[140.95124300018432,40.98360200028078],[140.95141299993,40.983416999843364],[140.95155700027536,40.98325799970563],[140.951759591452,40.98305724224663],[140.95177799967496,40.98303900039825],[140.95186793547686,40.98296218030907],[140.95206600036565,40.98279299984577],[140.9523190003416,40.982586000192455],[140.95266800024802,40.98225500021678],[140.95297500001624,40.9820089996643],[140.9531366108859,40.981895962977006],[140.95333100024547,40.98175999987279],[140.9535934422036,40.98156648825153],[140.9537459995982,40.981454000150684],[140.95429399968833,40.981111999667746],[140.9544529998261,40.98100300003712],[140.9546360001713,40.980824999922504],[140.95477300019382,40.98072099962313],[140.95497560199433,40.98060131615947],[140.9568844172305,40.97898960470685],[140.95725799967695,40.97856700011566],[140.95746300013735,40.97832399970152],[140.95758899965261,40.97819199990956],[140.9577639996289,40.97804500032521],[140.9580419998584,40.977836999726456],[140.95830500029552,40.977668000026874],[140.95850499962603,40.97753900037326],[140.95858399967184,40.97751500016582],[140.95867388641193,40.97747866330238],[140.958786,40.977384],[140.95891937195694,40.97718745185293],[140.95900200006227,40.97703399956812],[140.95908100010809,40.9767190003303],[140.95917900013077,40.97629299957097],[140.95923500001524,40.97613699957157],[140.95931800024553,40.97596699982588],[140.9594079998993,40.97584699968799],[140.9595589996681,40.9756990000575],[140.95975199957513,40.975530000357935],[140.95987099966692,40.975398999712766],[140.95997499996628,40.97525700035898],[140.9602580004264,40.97482700031451],[140.96041999980315,40.9745710002002],[140.96059899996388,40.97425600006305],[140.9607359999864,40.97419299985576],[140.9607733659181,40.97415233700944],[140.96080400042428,40.97411900004052],[140.9608307039938,40.97406255679026],[140.9608479997554,40.97402600024841],[140.9608839996169,40.9739120003872],[140.96092899989344,40.97378900011097],[140.96102199968556,40.97363600024991],[140.96118099982328,40.97342000018156],[140.96141699991463,40.97320400011321],[140.961662000421,40.97303400036752],[140.96180299972866,40.97290899999905],[140.96189300028175,40.97277700020709],[140.9619969996818,40.97265199983862],[140.96218400021144,40.97250400020815],[140.962392999957,40.97235399958611],[140.96264199974848,40.972214000324556],[140.9628040000246,40.972096000278896],[140.96294100004712,40.97201200000249],[140.9630632026247,40.97194668494026],[140.963206543767,40.97187007169515],[140.96328899990743,40.97182600041829],[140.96348700004503,40.971722000118916],[140.9636559997446,40.971648000303674],[140.9638109996979,40.97159599970432],[140.96385673112326,40.97158445600654],[140.9640170002044,40.9715440000043],[140.9642290000883,40.971456999589556],[140.96437000029528,40.971369000028034],[140.96437442765773,40.97136630745782],[140.96451799992576,40.97127900037427],[140.96465800008664,40.97121900030532],[140.96499000010843,40.97112599961389],[140.9650162354406,40.97111772553754],[140.96522368393406,40.97101230715197],[140.96527999999202,40.97094000002968],[140.9653559998995,40.97083899986865],[140.96544599955325,40.97078400003027],[140.9656120000138,40.97072700009967],[140.96589300038167,40.970606999961774],[140.9662780001496,40.97038200037771],[140.96661300030974,40.970145000240265],[140.9667609999402,40.970018999825676],[140.96686900042403,40.969901999826135],[140.9670170000545,40.96975700033399],[140.96710699970828,40.96967700024207],[140.9673269999611,40.969583999550636],[140.96771399982126,40.96939900001254],[140.96793800025853,40.96930600022043],[140.96807500028106,40.969213000428326],[140.96833799981886,40.9690069999218],[140.96842100004912,40.96893400015268],[140.9685760000024,40.96887600017597],[140.96866899979452,40.96886000033744],[140.968885999909,40.968862999576466],[140.96913799983884,40.96884599969184],[140.96933399988419,40.96881099987644],[140.96938500043743,40.96881600010702],[140.96944999983762,40.96880499959975],[140.96950699976824,40.96876999978436],[140.96961900043652,40.96876699964602],[140.96968399983672,40.96874200029178],[140.9697239998827,40.96870400033804],[140.96976610571775,40.96870400033804],[140.9699007353198,40.96863558607741],[140.969908000274,40.96862700038446],[140.96991723564292,40.96862720116512],[140.97006899960465,40.968550079796024],[140.97006899960465,40.968527000269546],[140.97011694413473,40.9685257159895],[140.97029713817776,40.968434147404025],[140.97030199955765,40.96841200036222],[140.97033099999567,40.96841499960125],[140.97034687661247,40.96840887199519],[140.97039373421018,40.96838506053133],[140.97041400022593,40.96835699962453],[140.97045324330878,40.968354819997906],[140.97050324373885,40.968329411451776],[140.9705110002025,40.96832399990137],[140.97055100024846,40.96827799957872],[140.9706039999946,40.968272000201345],[140.97069099402682,40.96823400303536],[140.970691,40.968234],[140.9706910031096,40.96823399737024],[140.9707519996251,40.96816899994809],[140.97075599980954,40.968119000340295],[140.97084200017818,40.96807800024821],[140.9709000001549,40.96800200034074],[140.9709060004316,40.96794400036403],[140.97095600003937,40.96793299985676],[140.97099600008534,40.967891999764674],[140.97098499957806,40.96783499983408],[140.97108199955466,40.96783199969573],[140.9711760002922,40.96776100001884],[140.97118299971567,40.96770400008823],[140.97128800006115,40.96770400008823],[140.9714029999685,40.9676239999963],[140.9714029999685,40.9675670000657],[140.97147970727434,40.9675670000657],[140.9715723328035,40.9674886678075],[140.97158300017531,40.967465999904675],[140.97155099959897,40.9674110000663],[140.97161900003684,40.96738699985886],[140.97167299982908,40.96731300004362],[140.97167099973686,40.967239000228375],[140.97173600003637,40.96722499958276],[140.97179800019757,40.96719499999796],[140.97181900026666,40.96713199979065],[140.97189099998965,40.96712400032106],[140.9719710000816,40.96708899960635],[140.972035000335,40.967080000090625],[140.97207293358804,40.967065315949],[140.9721090702659,40.9670347556099],[140.97212199985043,40.96701199965277],[140.972135285393,40.9670125858029],[140.97260610363315,40.96661442067184],[140.97260599968715,40.96661300013855],[140.9726078744791,40.96661292308946],[140.97425841791198,40.96521707903287],[140.9742900000035,40.9651639998674],[140.9743399996113,40.96509899956787],[140.97447000021035,40.964992000029476],[140.97457799979486,40.964868999753236],[140.97468800037092,40.96469699991532],[140.97522299986156,40.96428699989383],[140.97612800022705,40.96362800008084],[140.97618596289405,40.963586978210664],[140.976465,40.963351],[140.97696226923975,40.96318629631224],[140.97707900001583,40.96309799992146],[140.97721600003837,40.96303199957582],[140.9775090000603,40.96279400029158],[140.97788799955154,40.96256999985431],[140.97808599968914,40.96248500043112],[140.97841899975705,40.962305000224276],[140.97869299980212,40.962156999694486],[140.9787840004013,40.96212199987909],[140.9789390003546,40.962080999787005],[140.97915799966196,40.962017999579714],[140.97956899972957,40.961930000018185],[140.97985200018965,40.96186699981089],[140.9800320003965,40.96184299960345],[140.9802450003265,40.961802000410685],[140.98068800007115,40.961684000365025],[140.9811170000695,40.96154500025026],[140.9812380002535,40.961523000135045],[140.98127730152626,40.961572553679105],[140.98128399967686,40.961581000111764],[140.9813570003453,40.961610999696575],[140.98137366927944,40.96160854095011],[140.98141799956105,40.96160200018086],[140.98143799958402,40.96161299978881],[140.98145878111785,40.96162457766083],[140.98150800011413,40.96165199978866],[140.9815840000216,40.96165399988089],[140.9816630000674,40.96162700043442],[140.98168800032096,40.96157499983507],[140.98175464524638,40.96155954600227],[140.98183445917743,40.961499497994126],[140.9818469995594,40.961456999789405],[140.98189094645963,40.961456999789405],[140.98222164691592,40.96120819731308],[140.98219999965028,40.96113200009043],[140.9821429556529,40.96097676541409],[140.98213900043453,40.96096599962988],[140.98226799559154,40.9609329990074],[140.98275202278612,40.960809169046314],[140.98340533583507,40.960317648997545],[140.9834139998762,40.96019500004791],[140.9832573874385,40.960206033830104],[140.98206879395968,40.9602897733031],[140.98202299958177,40.96029300007059],[140.98202299671618,40.96029297870885],[140.98195976412046,40.95988300004911],[140.9818949999743,40.95988300004911],[140.98187126866412,40.95933054112027],[140.98186999972071,40.95930100018971],[140.9818700000238,40.95930100015438],[140.98187,40.959301],[140.9825964439519,40.959216328387065],[140.98262499997153,40.959212999774536],[140.98245,40.957827],[140.98196873225848,40.95776323968775],[140.98166500015964,40.95772300026495],[140.98166500020193,40.95772300002675],[140.981665,40.957723],[140.98166500061907,40.95772299767778],[140.98186300029724,40.95660800010782],[140.98197199992785,40.956279000224384],[140.98202000034274,40.95613199974069],[140.98211400018099,40.955927000179614],[140.98216900001935,40.955711000111265],[140.98217999962728,40.955498000181265],[140.98215500027305,40.95532000006665],[140.9820039996049,40.95507699965251],[140.98173699988266,40.95463399990787],[140.98143100016054,40.954146999932796],[140.98121299999997,40.95378700041843],[140.98098400023144,40.95342299982029],[140.98089399967836,40.95334099963612],[140.980779773188,40.953243785620906],[140.98075300037067,40.95322100039755],[140.98060900002534,40.953050999752534],[140.9804990003486,40.95288700028353],[140.9804688541743,40.95282194872266],[140.98044200041798,40.95276400000729],[140.98041299997996,40.95266299984626],[140.98034799968045,40.95244699977791],[140.9802309996809,40.95217900000954],[140.9800040000046,40.95187600042578],[140.97978599984404,40.95159700015014],[140.97962699970628,40.951429999643466],[140.97958400042128,40.951364000197145],[140.97933000039922,40.950741000245664],[140.97917500044593,40.95075499999196],[140.97890799982434,40.95024399980944],[140.97862444176087,40.94969186015421],[140.97836409417548,40.94974897933828],[140.97836399991866,40.949749000364775],[140.97828939665834,40.94969422805488],[140.97788999964376,40.949400999605146],[140.97791811335026,40.949395377043714],[140.9780726712593,40.94936446558179],[140.977767,40.948961],[140.97776700020682,40.94896099961866],[140.9777640001285,40.94894200002199],[140.97775899989793,40.94882500002243],[140.9777824829952,40.94882260782579],[140.97784554219194,40.94881618522529],[140.97803452094152,40.94846774937989],[140.97809199996584,40.94814400009423],[140.978436089768,40.94772734352024],[140.978708,40.947226],[140.97870009595704,40.9471959541678],[140.97859281352754,40.94711537532301],[140.9785789999409,40.94710499984457],[140.97865198981228,40.94701308710092],[140.9785496601466,40.94662409883543],[140.97845085014663,40.94663572370838],[140.97832099973436,40.946650999592656],[140.97833166623934,40.94579543325422],[140.978255,40.945504],[140.978935,40.945503],[140.97894564431246,40.94553093588946],[140.97895900037759,40.94553100010427],[140.9789591639416,40.9455664180181],[140.97932223562722,40.94651929595226],[140.97948583388478,40.94651849199231],[140.9795872688423,40.94606744454787],[140.9795909998448,40.944742999738345],[140.97983092907413,40.944378384003926],[140.97997200032756,40.94416400001728],[140.98001239736266,40.94417703972749],[140.980025,40.944121],[140.98009445104375,40.94403599436239],[140.9800670002119,40.94402699999476],[140.98012800032697,40.943931000064296],[140.98016662951312,40.94394765045165],[140.98024695709503,40.94384933231345],[140.98016800037294,40.943806999741945],[140.97985300023578,40.94363900008848],[140.98011899991192,40.94314099960614],[140.9804370001874,40.94253999976988],[140.98073400039382,40.9419880003946],[140.98090543615058,40.941878606152514],[140.980806,40.941838],[140.979813,40.94353],[140.97979653741922,40.94351765581001],[140.9797900000285,40.94352999955853],[140.9796597656057,40.943491145248856],[140.97931927148719,40.94338955872985],[140.97876100023998,40.94322299979031],[140.97835899968808,40.942745000230275],[140.97845300042565,40.94266800027669],[140.97781899996687,40.94210000016358],[140.9773394096102,40.941675219747765],[140.976815,40.941282],[140.978145,40.940226],[140.97643083822734,40.94108577893739],[140.9762379999038,40.941206000305364],[140.97566200032108,40.94157200009642],[140.9753830000454,40.94175000021104],[140.9749190002317,40.94163999963497],[140.9745229999565,40.941534000142696],[140.9742059997271,40.94143800021224],[140.97393199968204,40.94134500042013],[140.9736710002365,40.94123900002853],[140.97337900026065,40.94109899986765],[140.97319499986935,40.94099799970662],[140.97300400005457,40.940869000053006],[140.97276399977878,40.94067800023822],[140.97275936118126,40.940673552931955],[140.972635,40.940625],[140.97260190452408,40.94048662627049],[140.9725440004253,40.94035299963992],[140.97250999975668,40.94016199982513],[140.9723880004259,40.939772999872744],[140.97227399966536,40.93948099989693],[140.9721629999425,40.93925899955188],[140.9720649999198,40.93911199996752],[140.9719712779721,40.939025852110085],[140.97196599985102,40.939021000267644],[140.97192999998953,40.93876700024556],[140.97190499973595,40.938583999900374],[140.97190899992043,40.93842799990098],[140.97192999998953,40.9381959999941],[140.97194799992027,40.93795200043317],[140.97192999998953,40.937737000410934],[140.97189600022026,40.93763300011156],[140.97185408657796,40.93756866748317],[140.97185274370085,40.93756684461749],[140.97177700012847,40.93752100034259],[140.9717690015582,40.93751892650595],[140.9717230003362,40.93750699969698],[140.9716529593366,40.93740290317015],[140.97156606054526,40.93746896287104],[140.96993904666968,40.938879029692174],[140.96832896792753,40.94019807522969],[140.9675211060342,40.94064994498767],[140.96704794572614,40.94077703807855],[140.96664006270873,40.94073800840106],[140.96624090491383,40.9406020390016],[140.96586997144203,40.94035905477526],[140.965253015834,40.93985801098712],[140.96484297804102,40.939556060012855],[140.96417603811366,40.939230930811505],[140.9630900276027,40.93886099468786],[140.96238398245484,40.938757996233235],[140.96059408157163,40.938510009977676],[140.960413029158,40.93860800730239],[140.9609669647736,40.939292997522514],[140.96119502654923,40.939776992862626],[140.96118599375862,40.9401770104094],[140.96104897305167,40.940465998555695],[140.96050406842804,40.94100099984497],[140.95996891515333,40.941258990158964],[140.95986699588516,40.94141898314825],[140.9611469919601,40.942570003851294],[140.96132701824732,40.942871038416385],[140.961249013751,40.94315298217309],[140.96094397450483,40.943749980026254],[140.96016402936647,40.94484203308206],[140.95973202743113,40.945492996553256],[140.95927703432767,40.9459630425091],[140.95910809218472,40.946140013799294],[140.95888711346953,40.94646901817934],[140.95858094467488,40.94684698524887],[140.9583309187569,40.94740100809875],[140.95800196473888,40.9481389773806],[140.95785498763757,40.94830002707329],[140.95722797311248,40.94873202990795],[140.95695403332198,40.9490220037112],[140.9566449911934,40.9495620070297],[140.95643304347018,40.950256015651306],[140.95600699414746,40.950884011336754],[140.95559510914697,40.95118103132823],[140.9552229445033,40.95156498608394],[140.95456401034082,40.95242800519698],[140.95505605551256,40.95344700182637],[140.95560301238913,40.9540240626091],[140.9563079279885,40.95449601063108],[140.957423909306,40.95491399303505],[140.95844792595102,40.95544300663815],[140.95925794351928,40.95601900981814],[140.9593929119733,40.95626305074789],[140.95927703432767,40.95841700528926],[140.95894099814856,40.95854599954694],[140.95817798904298,40.95868598531867],[140.95718702068447,40.95893199846166],[140.95587602857586,40.959079028622966],[140.95521391261198,40.959312008790874],[140.95446804368527,40.959783956812856],[140.95363903783135,40.96039194438143],[140.95293401970926,40.96084099656344],[140.95195208414137,40.96129596538519],[140.95021401568428,40.96192501867337],[140.94906200932428,40.96250503822563],[140.94802998601506,40.96322095613092],[140.94753496408734,40.96360202316354],[140.94719502844782,40.96408503194736],[140.94697394631058,40.96467604121503],[140.9469810284717,40.96507704531808],[140.94674701408343,40.9653580025185],[140.94566705960713,40.96720098858346],[140.94493402040874,40.96895400916888],[140.94470698565888,40.9694140510663],[140.94440297253917,40.96977701204817],[140.94387100106584,40.97046996306704],[140.94346599228172,40.971042021820544],[140.94292899179953,40.971842973323255],[140.9426190251679,40.97270099040708],[140.94217696431545,40.97379403091849],[140.94146701880788,40.97485600165185],[140.941079972183,40.97536204836853],[140.9408050053667,40.97581095845767],[140.94058997926413,40.97632898144603],[140.9404109791034,40.97698100162062],[140.94016095318545,40.97802395079339],[140.9400290640101,40.978473002975406],[140.9397309009803,40.97886604627971],[140.93924193418792,40.97926296476271],[140.93878098847185,40.979644030896004],[140.9380080229719,40.98002601433779],[140.9372909953032,40.98025596468972],[140.93644905809757,40.98057503515845],[140.9360840781377,40.98084197192816],[140.9354550113597,40.98131800646952],[140.9348070588187,40.98158902975862],[140.9341930799667,40.98173098684426],[140.93347697590173,40.981745992931934],[140.9325629868124,40.98167899523814],[140.93169703141288,40.9817000591591],[140.93089296735656,40.98190295700456],[140.9302100150002,40.98210606619071],[140.92959891038143,40.982447962352275],[140.92820406278727,40.98143798322505],[140.9252949996845,40.98017304449911],[140.92342504205206,40.98086198004505],[140.92205000382464,40.98140001025098],[140.92052798849588,40.98218905652844],[140.91937105564972,40.98310202488724],[140.91874701788058,40.984001960270945],[140.91844803376975,40.984373023245126],[140.9177420911446,40.984839053728045],[140.9169849321289,40.985091970966394],[140.9162740630176,40.98536299425548],[140.91568800181983,40.985595973524056],[140.91542206689488,40.98583501242459],[140.91526400475001,40.986199946519015],[140.91590990413877,40.988628023413256],[140.9159420297209,40.9888439542338],[140.91520406403635,40.98969901254809],[140.91340595324215,40.9914269528403],[140.91268492269103,40.992130049111175],[140.91065402868048,40.99411900863404],[140.90907504939403,40.995523016722544],[140.90689707575945,40.997700079343886],[140.90569703481032,40.9989229594757],[140.9055290171704,40.999050052566574],[140.9050859292922,40.999083023511425],[140.90478099256876,40.99897699524084],[140.90440000107918,40.99875599134462],[140.904003922563,40.99845404037036],[140.90360897179661,40.99810495862564],[140.90313704355972,40.99771001235588],[140.90277196107715,40.99748900935899],[140.9024210420175,40.997371991373],[140.90178807487976,40.9973120380688],[140.901283097457,40.99745998373996],[140.9007469171565,40.99768901858204],[140.90033400602957,40.997942005967495],[140.8996140016049,40.99843600536606],[140.89884904276911,40.99875704894735],[140.8981459734779,40.9988809710287],[140.8963899437609,40.99882799196696],[140.89568697789173,40.99875599134462],[140.89555098241192,40.99861600647222],[140.8955520094377,40.99829306172412],[140.8956000431275,40.99794595129332],[140.89540893179677,40.99755903686875],[140.89495301508958,40.99718705838474],[140.89393300042764,40.99660400991582],[140.89320098825502,40.9962320314318],[140.89245399067914,40.996020045037746],[140.89166101076705,40.99578600906576],[140.8912040679334,40.99559903281781],[140.8908989252652,40.995436010911874],[140.89033605938164,40.9950170410523],[140.88994008338815,40.994831052259954],[140.88910101951646,40.99471199011495],[140.8884450612106,40.99453600538105],[140.88815603349417,40.99433796837124],[140.88733801016105,40.993511020166146],[140.88716999252114,40.9934480379453],[140.88675810662133,40.993203997015556],[140.88577401627785,40.99288506774039],[140.88431317193533,40.99234605007885],[140.88211200298656,40.99143801360214],[140.8817349109574,40.991166003756774],[140.88140000432674,40.99102700544064],[140.8810369740971,40.99089399481071],[140.88032600246305,40.9907480213528],[140.88031809922091,40.9905389946276],[140.88035001975763,40.99029601040126],[140.88040000407693,40.989755020526474],[140.88029295327718,40.98946307361066],[140.8799540428648,40.98866599638732],[140.87982995440888,40.988016019472425],[140.87986495332495,40.98761107004354],[140.88037691128542,40.987204007207865],[140.8807809955665,40.98693897250428],[140.8814360302686,40.986618985626386],[140.88175697852176,40.986271030732176],[140.8819450105738,40.985921948088134],[140.88198996588423,40.98544612578678],[140.88178109833902,40.98453202967812],[140.88148303873126,40.98386000228597],[140.88108901156863,40.98328406925309],[140.88074999953287,40.98295295146623],[140.88041098659775,40.98268298488055],[140.87956391696122,40.9822270295025],[140.87925497735532,40.982070981839044],[140.87913499340522,40.98177600510725],[140.87905698890893,40.980557985811096],[140.8792439948345,40.97969200792852],[140.87946199769306,40.97875600253619],[140.87966398902188,40.97813202232367],[140.87991103818388,40.97767099386997],[140.8806780501719,40.97720101806123],[140.88074907592912,40.97672195460322],[140.880741993768,40.97573797217837],[140.88088199123092,40.975159995885804],[140.88108203282957,40.974836980091254],[140.88135802577227,40.974629996625744],[140.88186300319504,40.9744010328301],[140.88224604783684,40.97412500751179],[140.8825690483429,40.97371005402448],[140.88276200778046,40.97310305211286],[140.88293300217632,40.97239903943283],[140.88317902521186,40.97195999220857],[140.88363904732418,40.971661986560136],[140.88400700404,40.97131600387918],[140.8843900477825,40.97098298402619],[140.88476005765054,40.97035999036996],[140.88508398176035,40.96956298329374],[140.88525395002978,40.9691359824883],[140.88512206085443,40.96823696351375],[140.88464007370044,40.96699802059087],[140.88415603429357,40.96604799476785],[140.88406704727643,40.96558506424802],[140.88405401160335,40.96512199343395],[140.8841779984359,40.96463701153755],[140.8845970681202,40.963355938974104],[140.88479608269307,40.962617969692246],[140.88468800576686,40.962240989179],[140.88448693804176,40.962008009011114],[140.88417604870568,40.961789049273904],[140.88385109667078,40.9614890705129],[140.88364397381036,40.960994014410936],[140.88361698065913,40.96024301215399],[140.88360107165215,40.95940401663076],[140.88343295059022,40.95903203814674],[140.88296697496594,40.95858397252101],[140.88225805648412,40.958093989494714],[140.88145306792475,40.95741294370109],[140.8812170012836,40.95714495022797],[140.88100392491123,40.95657106045477],[140.88088804726559,40.95603401590581],[140.88063504459166,40.955769051349336],[140.8804930964992,40.95520396773762],[140.88017101959687,40.9551080136726],[140.87965403352683,40.95489201270492],[140.87901603648092,40.95464698611822],[140.87827601854343,40.954207022484795],[140.87785807750828,40.95400701326176],[140.8770409777789,40.95398707529199],[140.87579002890672,40.95401095858757],[140.87481702270745,40.954038997650315],[140.8754400334508,40.95274404674906],[140.87617902616114,40.951311928551355],[140.8765279945913,40.95051499162226],[140.87661698160844,40.94992799782754],[140.87629900921192,40.948835028362566],[140.87540400840828,40.94720001231941],[140.87480306343065,40.946167982714925],[140.87545399272759,40.94602503817367],[140.87582400169634,40.946065970816605],[140.87609691536036,40.94626506363048],[140.87641899316202,40.94582002782073],[140.87652501783532,40.945528009858464],[140.8763730108258,40.94537097563871],[140.87368995724574,40.94446399586541],[140.87358896158133,40.94399402005668],[140.87378304966802,40.94362401378591],[140.87404405720747,40.94346697956615],[140.8742789951995,40.94323195703788],[140.8742390688979,40.942697025895725],[140.87441304004977,40.94243600666507],[140.87490200684215,40.9422750271195],[140.87592099447832,40.94196800396891],[140.87631594434535,40.941427014094124],[140.87692099472812,40.940923997193416],[140.877805937514,40.94027599339108],[140.87823804197208,40.940016947272994],[140.87920796889267,40.939612983501085],[140.88022695742816,40.939246007046286],[140.88092202005518,40.93881097529497],[140.88166901763105,40.93791103991126],[140.88217009559344,40.93738900144996],[140.88254503104835,40.93701399314996],[140.88326000646413,40.93643496015399],[140.88414197249404,40.9354310406587],[140.8847630335072,40.93467898079902],[140.88594100779127,40.933547968212864],[140.88627591442193,40.933220020536226],[140.88701100677255,40.9316200186976],[140.88761195085087,40.93058200050761],[140.88782902920633,40.9300930040376],[140.88799899747576,40.9297310287127],[140.8884430089577,40.92895205754012],[140.88911518383867,40.92785302934253],[140.88956504451122,40.927083991181945],[140.88989995204116,40.92682395850758],[140.89021299705217,40.92658097428124],[140.89060497106257,40.926004971101236],[140.8907149986183,40.92554901482387],[140.89085704923343,40.924960118963014],[140.89105904056228,40.92472995727041],[140.89141098484907,40.92439602190758],[140.89167497004385,40.924230040332795],[140.89194398334817,40.92394598316928],[140.89210101936655,40.92363501469287],[140.89213293900394,40.923392946875694],[140.8920580137863,40.923069015571315],[140.8917250568859,40.92265103226802],[140.89149093997491,40.92239994694869],[140.89122500594928,40.921885023923416],[140.89110101911675,40.92156799671437],[140.89102003786448,40.92125498497827],[140.89134108864033,40.920649955279906],[140.89170801922972,40.920487990077376],[140.89330208644213,40.920022029741574],[140.8946589574649,40.919586997990265],[140.895387480268,40.91933161481087],[140.89608100415504,40.91907094811446],[140.89648991329886,40.918925960313516],[140.89741703968465,40.91866895745512],[140.89892407050945,40.91829993684131],[140.9004090337699,40.918060968987234],[140.90172197650801,40.91795205299355],[140.9017769898362,40.91732602952134],[140.90231799410014,40.916610040569616],[140.90117994611762,40.916149012115916],[140.90068697734213,40.91593505350862],[140.90047307988874,40.91565705597705],[140.899871930765,40.91531297536223],[140.89922900723292,40.91490196720072],[140.89896502293746,40.91485096125156],[140.89917409642743,40.914736972182226],[140.89923506326755,40.91453203197639],[140.89907094508806,40.91431194448934],[140.89878294349805,40.91407199007898],[140.89847903290107,40.91372403428545],[140.89804795456945,40.91327300989019],[140.89780603693907,40.912990996885696],[140.8973600757269,40.91271898704032],[140.89667301886473,40.91250397262894],[140.8952979806373,40.912238021516174],[140.89353599740835,40.911758041649],[140.8925699708475,40.91144404425594],[140.89206796928136,40.911093059545756],[140.89163997022845,40.91085902267445],[140.8913740353035,40.91068402359751],[140.8909549656192,40.91038897671861],[140.8903070130782,40.90985897745854],[140.88966398792272,40.909573019128224],[140.88895106565917,40.90928797630776],[140.88834498914994,40.90893198956836],[140.8878950259547,40.90853894626406],[140.88783292956606,40.908017048096994],[140.8878779873992,40.907576944169335],[140.88811692827363,40.90718601427184],[140.888138995838,40.9069419733421],[140.88797005369503,40.906420005027904],[140.88753794833767,40.90586499652107],[140.88692201975542,40.90536402198072],[140.8864430084581,40.90510603256605],[140.8859450106737,40.9050100083539],[140.88553610152988,40.905088983218704],[140.88477801891045,40.90547399557713],[140.8844750319172,40.905660971825085],[140.8840649941242,40.90584900387712],[140.88354800805413,40.906008010310124],[140.88292499641148,40.906167017642446],[140.8826039456356,40.90621999670418],[140.88240903646786,40.90619202778855],[140.88241006259432,40.905936010587126],[140.88276806291577,40.905425032887656],[140.88295003983248,40.904725035680556],[140.8828970787572,40.904536017072225],[140.88243900637505,40.903752043870426],[140.88183795977403,40.90283203022271],[140.881471030084,40.90262201694122],[140.88154102881543,40.901784007974285],[140.88143900702457,40.90081298837741],[140.8814590214367,40.90032702082405],[140.88162108646398,40.89986895113988],[140.882031945338,40.89946703152698],[140.8820777131684,40.8993982923398],[140.881421,40.899884],[140.881426,40.902344],[140.877821,40.901969],[140.87636,40.900786],[140.872468,40.900845],[140.86767,40.903032],[140.86517,40.902277],[140.861615,40.902651],[140.85898862848578,40.90391950636005],[140.8589939998932,40.90392699977991],[140.8590370000775,40.90401999957202],[140.85903988102407,40.90402964203175],[140.85990042803567,40.90451467762011],[140.85996399965887,40.90451099973155],[140.8601080000042,40.9044850003312],[140.86032300002643,40.90441199966275],[140.86049900004883,40.90430700021659],[140.86060100025597,40.90421100028614],[140.86074199956363,40.904070000079145],[140.86083800039341,40.90400199964127],[140.86114800029998,40.90382899975723],[140.86134300029923,40.903712999803794],[140.86144300041414,40.903629000426726],[140.86147900027566,40.903570999550695],[140.86147909560378,40.90357057686933],[140.86150000034476,40.90347799975858],[140.86163802901575,40.903569829367925],[140.8617,40.903529],[140.8627878195491,40.90371902147177],[140.86281737404258,40.90369271829301],[140.86275491342852,40.90365105360194],[140.86246399983372,40.90345699968948],[140.86264900027115,40.903459999827824],[140.8627519996251,40.903461999920054],[140.86291700003952,40.90348299998916],[140.86311500017712,40.903530000357925],[140.86333300033772,40.9036060002654],[140.86357099962194,40.90370200019585],[140.86367299982908,40.9037339998729],[140.86377600008234,40.903750999757534],[140.86395300015084,40.90376699959605],[140.864461000195,40.903787999665155],[140.86485000014738,40.9038610003336],[140.86487568568435,40.903867792013685],[140.8650579998468,40.90391600017197],[140.86520899961565,40.903962999641415],[140.8652326454902,40.90397181209815],[140.86536999984563,40.904022999710364],[140.8655730002138,40.90412700000974],[140.86577599968265,40.90424099987095],[140.8657759998421,40.904240999972416],[140.865776,40.904241],[140.86577600007564,40.904241000121026],[140.8659850003275,40.90437399970902],[140.8660279996125,40.90446600035433],[140.8660980001426,40.90454699959305],[140.866274000165,40.904701000399555],[140.86641680171402,40.90480198707074],[140.86640599905763,40.904817110969596],[140.86695301888673,40.905250103957826],[140.8671149813913,40.90516704257365],[140.8674530698233,40.9055250015263],[140.86788999914415,40.9061499682951],[140.86813992164008,40.90674196411904],[140.8678400139255,40.906808962712155],[140.8678400139255,40.906916963196],[140.86816506848314,40.907708968242986],[140.8682779693728,40.90789199916512],[140.8684649752984,40.90789199916512],[140.86932795394193,40.90953398945075],[140.86932795394193,40.90962501163368],[140.8691280157653,40.909733998673794],[140.86938994780786,40.91151703053524],[140.86957797985988,40.91151703053524],[140.86971500146615,40.91236701667319],[140.8696399728265,40.913342051742994],[140.86971500146615,40.91425903557473],[140.8697780205592,40.914508994043544],[140.86976964356305,40.914856449563],[140.869851,40.915302],[140.86971069984554,40.91593638680322],[140.86973100040535,40.9160830000791],[140.8697244101734,40.91616020058149],[140.86971699975973,40.91624700044741],[140.8696340004288,40.916465999754784],[140.86957400035985,40.916656000422776],[140.86953200022165,40.9168989999376],[140.86941200008374,40.91728699984387],[140.86926100031494,40.91765100044202],[140.8691479996005,40.91785199981863],[140.86904000001599,40.91804399967954],[140.8689559997396,40.91827999977087],[140.86889599967066,40.918397999816534],[140.86880800010914,40.918533999792956],[140.86872299978663,40.918625000392154],[140.86861900038656,40.91869399997682],[140.86850620741555,40.918739117165224],[140.86846899976453,40.918754000045766],[140.86838699958037,40.918805999745786],[140.86836014042814,40.918836303301454],[140.86830919634664,40.918893778216045],[140.868261,40.918964],[140.8677880062998,40.91916607151132],[140.86779200002078,40.9192100003899],[140.86772055648555,40.91919488729872],[140.86748295447563,40.91929639519876],[140.86747299969917,40.91933099967459],[140.86738171029586,40.91933964855374],[140.86737633149684,40.9193419464745],[140.8673599998841,40.91936100015873],[140.8673379997689,40.91939099974354],[140.86731399956145,40.91942999974339],[140.86729899976902,40.91947800015828],[140.8672249999538,40.91949199990457],[140.8671619997465,40.91952300043482],[140.8671180004154,40.919575000134856],[140.8671340002539,40.91961900036527],[140.8671170003693,40.91961300008858],[140.86699500013916,40.919658000365125],[140.86690899977054,40.91967500024976],[140.86687199986292,40.91969800041109],[140.8668499997477,40.91973999964996],[140.86677599993246,40.9197279999959],[140.86654700016393,40.91979300029542],[140.86652700014096,40.91983500043362],[140.86647100025647,40.91981599955743],[140.8663039997498,40.91983500043362],[140.8662390003496,40.91985999978786],[140.86623099998067,40.91989799974159],[140.86615900025765,40.91988099985696],[140.86610732460682,40.919884089298066],[140.865094,40.920317],[140.8650940002552,40.92031700030088],[140.86514300016933,40.92032799978606],[140.86516899956968,40.92034799980904],[140.86515310979854,40.92038668910907],[140.8651911559477,40.92043154465426],[140.8652460004226,40.9204649998086],[140.86531099982278,40.92049000006216],[140.86532200033005,40.92051600036182],[140.86541900030662,40.9205710002002],[140.86548399970684,40.92058399990037],[140.86548399970684,40.920617999669645],[140.86552899998338,40.92067399955413],[140.86559899961415,40.920738999853654],[140.8656439998907,40.92075899987664],[140.86561799959102,40.92082700031451],[140.86563300028274,40.920883000199],[140.8656880001211,40.9209190000605],[140.8656510002135,40.920969999714416],[140.8656508897995,40.92097356041701],[140.86620138655587,40.921622583581495],[140.8662180002805,40.921613999734994],[140.86629400018796,40.92164600031136],[140.866395000349,40.92175499994199],[140.86646299988755,40.921870999895425],[140.86650299993352,40.92197700028703],[140.86650177684206,40.92197791759188],[140.866480424407,40.922065715588865],[140.8664940004178,40.92207600035583],[140.8664766299769,40.922081317714124],[140.8663822302192,40.92246947530022],[140.86642299984157,40.922495999939144],[140.8663890000723,40.92250700044641],[140.866368298454,40.92252676062048],[140.8663522993795,40.92259254640513],[140.86637200018768,40.92264799975408],[140.86640099972635,40.922693000030634],[140.8663740002799,40.92271800028419],[140.86635999963428,40.92276099956917],[140.8663740002799,40.92282799996093],[140.86634900002633,40.922873000237466],[140.86634900002633,40.922960999798995],[140.8663890000723,40.92299100028313],[140.86635600034916,40.92299699966051],[140.86631500025706,40.92302199991407],[140.8663039997498,40.923053999591104],[140.866325999865,40.923124000121206],[140.86631500025706,40.92320600030537],[140.86636299977263,40.92323399979795],[140.86635427095285,40.923236182452555],[140.86631900044154,40.923245000305215],[140.86629300014187,40.9232650003282],[140.86633600032616,40.92336200030477],[140.86637799956503,40.923386999659],[140.86645300032572,40.92338899975123],[140.86648199986442,40.92345900028133],[140.86653399956444,40.9234990003273],[140.86663399967935,40.92354199961229],[140.8667169999096,40.923534000142695],[140.86673299974814,40.923563999727506],[140.8667879995865,40.92358699988883],[140.86692399956294,40.92360699991181],[140.8669859997241,40.923578000373126],[140.8670200003927,40.92361100009627],[140.86706699986217,40.923633000211495],[140.86718499990783,40.923655000326704],[140.86729999981515,40.92364900005001],[140.86732600011482,40.92362099965811],[140.8673599998841,40.92364900005001],[140.86743299965323,40.923657000418935],[140.86754000009094,40.9236419997272],[140.86765499999825,40.92376500000344],[140.86780100043583,40.923689000095976],[140.86768100029792,40.92356299968139],[140.8676790002057,40.92351300007359],[140.86770200036705,40.923438000212236],[140.86775335525314,40.923400303330034],[140.86779600020526,40.923368999728254],[140.867905999882,40.923334999958975],[140.86809899978903,40.92331700002823],[140.86825599983453,40.923339000143436],[140.86838899967262,40.923401000304615],[140.8685150000872,40.92350100041953],[140.86860399969484,40.92363899958886],[140.86864799992526,40.92377999979585],[140.86870299976363,40.92413299988673],[140.86871100013255,40.92454600004656],[140.8686920001557,40.9248539998609],[140.86865000001748,40.92522299979031],[140.86891699973975,40.92524699999775],[140.86887499960156,40.92548600022742],[140.86880199983244,40.92582000034144],[140.8687569995559,40.92597200015638],[140.86867600031718,40.92624700024757],[140.86849600011033,40.926780999692085],[140.86836000013392,40.92713199969073],[140.8682461801371,40.927135826306035],[140.86824100004213,40.92713599987519],[140.8681890003421,40.92720600040529],[140.86820453972774,40.927251801977775],[140.86820800031896,40.92726200028978],[140.86823799990378,40.92728799969014],[140.86817772374297,40.92731588946543],[140.86817100041134,40.92731900022038],[140.86814099992722,40.92738599971281],[140.86813278462031,40.927423286504165],[140.86812800022705,40.92744499973565],[140.86817399965037,40.92748699987384],[140.86814800025002,40.92750699989683],[140.868118999812,40.9275330001965],[140.8681260001348,40.92758599994264],[140.8681040000196,40.927656999619536],[140.86815599971962,40.927747000172616],[140.8681110003424,40.92775799978056],[140.86808500004273,40.92778099994189],[140.86804399995066,40.92783699982638],[140.8680340003888,40.927894999803094],[140.86807100029642,40.927929999618485],[140.86802600001988,40.92794700040244],[140.86795899962814,40.92799700001024],[140.86793799955905,40.92806500044811],[140.86793799955905,40.9281289998022],[140.8679120001587,40.92813900026335],[140.86787800038942,40.928193000055614],[140.86785700032033,40.928288999986066],[140.86790699992812,40.92833200017037],[140.8678289999284,40.92834599991666],[140.8677560001593,40.928463999962325],[140.8677699999056,40.92851000028498],[140.86769600009035,40.92851499961623],[140.86765499999825,40.92855200042318],[140.8676099997217,40.92862800033065],[140.86763299988306,40.92870700037646],[140.8675879996065,40.928714999846065],[140.8675440002754,40.92875800003038],[140.86752100011407,40.92882200028378],[140.86751399979127,40.92885600005306],[140.86742099999915,40.92888999982233],[140.86739100041436,40.928931999960525],[140.8673470001839,40.92894899984516],[140.8673090002302,40.92898799984501],[140.86729799972292,40.92903300012156],[140.86729100029945,40.92906699989083],[140.86722099976933,40.92909500028274],[140.86720199979246,40.92912900005201],[140.86720199979246,40.92918800007484],[140.86715799956204,40.92921100023617],[140.8671199996083,40.92925599961339],[140.86710900000037,40.929304000028274],[140.86713500030004,40.92935999991276],[140.8670760002772,40.929398999912614],[140.86707900041554,40.92945599984321],[140.86704599979308,40.92952000009662],[140.86703900036957,40.92957900011946],[140.86704999997752,40.92963700009618],[140.86710900000037,40.92965199988859],[140.86706499976992,40.929664000441974],[140.86704599979308,40.92969500007289],[140.86703700027735,40.92978199958831],[140.86708299970067,40.92980699984187],[140.86700499970098,40.929816000256906],[140.8669639996089,40.92983300014154],[140.8669489998165,40.9298580003951],[140.86696100036988,40.9299229997953],[140.86690499958607,40.92995400032555],[140.8668980001626,40.93001500044062],[140.86695300000096,40.93005699967949],[140.86689399997812,40.93006299995618],[140.86684300032422,40.930120999932896],[140.8667499996328,40.930185000186306],[140.86676000009393,40.93023799993246],[140.86671900000186,40.930244000209136],[140.86668999956385,40.930268999563374],[140.86663000039422,40.93037700004721],[140.86666800034794,40.93043800016228],[140.86660500014065,40.93044799972411],[140.86660900032513,40.930493000000645],[140.86658800025603,40.93053099995438],[140.86658800025603,40.93058199960829],[140.86659299958728,40.930626999884836],[140.86657100037138,40.93066900002303],[140.8665749996565,40.9307029997923],[140.86660400009453,40.93078199983812],[140.86663000039422,40.930798999722754],[140.86658900030213,40.930807000091676],[140.8665670001869,40.930830000253],[140.86655300044063,40.93086299997617],[140.86655599967966,40.930931000414034],[140.86658199997933,40.93097599979126],[140.86646299988755,40.930998999952585],[140.86643699958788,40.93101599983722],[140.86643000016437,40.93103799995243],[140.8663409996574,40.93104600032136],[140.86626699984217,40.93107199972171],[140.86622971485474,40.93109928179883],[140.86618100086346,40.931203998143936],[140.86618100037288,40.93120400041299],[140.8662180002805,40.93123199990558],[140.86622238537478,40.931233531451014],[140.86628099958847,40.931254000020786],[140.86636699995708,40.93124899979021],[140.86641899965713,40.93127400004377],[140.866467000072,40.93127700018211],[140.86649699965682,40.93129400006676],[140.86648199986442,40.931316000181965],[140.86648900018722,40.93136099955919],[140.8664449999568,40.931439999605004],[140.86649699965682,40.93149100015823],[140.8664449999568,40.93150199976618],[140.86639400030288,40.93156499997347],[140.86638499988786,40.93162900022688],[140.86635200016468,40.931642999973164],[140.86627591201517,40.93169274957968],[140.86644948540203,40.93258656602363],[140.86648600004887,40.932589000430724],[140.8664930003717,40.93260300017701],[140.8664599997492,40.9326369999463],[140.86657799979486,40.93274699962303],[140.8666379998638,40.93274100024566],[140.86665399970232,40.93281400001479],[140.86670900044004,40.932848999830185],[140.86673900002484,40.93296699987584],[140.86676899960966,40.93333899994359],[140.866821000209,40.93354200031176],[140.86693900025466,40.93386800005686],[140.86701400011603,40.934154999802104],[140.86702899990843,40.934279000124455],[140.86708099960845,40.93447600021594],[140.86717700043823,40.93497199970672],[140.8671839998617,40.935180000305465],[140.86721400034585,40.93545600044276],[140.86732500006872,40.93660400032305],[140.86733300043764,40.93713399958311],[140.86738500013766,40.93740400034304],[140.86738500013766,40.93884600029138],[140.86736199997634,40.93913800026719],[140.86733999986112,40.939239999575015],[140.8672749995616,40.93926399978247],[140.86719100018453,40.93929300022049],[140.86719100018453,40.93933400031256],[140.86709800039242,40.93938600001259],[140.86708632907826,40.9394112096985],[140.86700692676146,40.939944830780306],[140.86702299963173,40.939961999595305],[140.867003355322,40.939968832540615],[140.86687746641772,40.9408148654525],[140.8668780001396,40.94081700035298],[140.86696000032376,40.940843999799455],[140.86693934382214,40.94087451506676],[140.86715506929195,40.94107007156154],[140.86715645902336,40.941070009322175],[140.86717899963114,40.94106900028284],[140.86718183969015,40.941086555049175],[140.8671833153076,40.94109567675234],[140.86730685431309,40.94120766563756],[140.8673240000226,40.941212999728855],[140.8673529995613,40.94120999959051],[140.8673753063453,40.94121924911775],[140.86739399965336,40.94122700037447],[140.86739674438425,40.941237110552905],[140.86741299963023,40.94129700000524],[140.86744200006825,40.94132799963617],[140.8675569999756,40.94137800014329],[140.86756419455196,40.94137662418056],[140.86762500041345,40.94136500044311],[140.86766100027495,40.94141800018925],[140.86774699974424,40.94145800023522],[140.86781500018213,40.94147400007374],[140.86817399965037,40.94184199995703],[140.8683729998341,40.94204200018686],[140.86857099997167,40.94217399997882],[140.8687490000863,40.94225400007075],[140.86894300003942,40.94231400013969],[140.86924699966931,40.94234299967839],[140.86971200042848,40.94234799990897],[140.87018099957348,40.94231300009358],[140.87113100021548,40.94218499958676],[140.87116284238112,40.9422870830127],[140.87137199752092,40.94227100019062],[140.8713719996381,40.94227099995538],[140.87137199965676,40.942271000026395],[140.871372,40.942271],[140.8713720000236,40.94227100142212],[140.87141281446983,40.942426281396465],[140.87145900005282,40.94260199993106],[140.87177300014386,40.943717000088185],[140.87182189448484,40.94372416049032],[140.87225099970388,40.94378699971897],[140.8722800001419,40.94381099992641],[140.87223699995758,40.94388799987999],[140.87207799981985,40.944209000293824],[140.87185600037412,40.94460599971581],[140.87145900005282,40.94451099983148],[140.87140898657427,40.944499678194056],[140.871411,40.944621],[140.87119300844498,40.9451919778804],[140.87119300037668,40.94519199975968],[140.8711929982568,40.94519200131533],[140.87014600249307,40.945981998118896],[140.87014599975808,40.94598200021784],[140.8700610003349,40.945961000148735],[140.87005934009832,40.945958717332765],[140.868713,40.945597],[140.8686908485815,40.94559513555195],[140.86863200008673,40.94572900024186],[140.8683688962276,40.94566698569153],[140.86791500029705,40.94555999964297],[140.8675936831898,40.945502788965875],[140.865719,40.945345],[140.86571898679742,40.945345007008115],[140.86559799956802,40.94541400010472],[140.86542599973012,40.94553899957387],[140.8651699996158,40.94576500010338],[140.86460499964102,40.9462069998019],[140.8642110003574,40.94649599963937],[140.86386699978223,40.94672700039945],[140.8636390000598,40.94685399996083],[140.86332299987654,40.947021999614286],[140.8630709999467,40.94713000009813],[140.86294269636835,40.94717601570925],[140.86283399980925,40.94721500042063],[140.862655598597,40.94726576445216],[140.86258800015608,40.94728500005141],[140.86227099992672,40.947345000120364],[140.86196400015848,40.94739100044301],[140.86185700057206,40.947394999696336],[140.861857,40.947395],[140.8618569997308,40.94739499972778],[140.86185699972077,40.947394999728154],[140.86178027585905,40.947373186671925],[140.86175500041296,40.947366000189454],[140.86133099974586,40.94694699975294],[140.86115399967736,40.94675699998426],[140.86087100011656,40.94643899970877],[140.86052877406536,40.946052218470996],[140.859913505052,40.94565998665307],[140.859397999638,40.94537099992041],[140.8591980003075,40.945268999713264],[140.8589380000087,40.94509499978311],[140.85899693537266,40.945075676727214],[140.85827408720374,40.94461486357849],[140.8582640004033,40.944616000176964],[140.85826027115937,40.944606055899094],[140.857880706645,40.94436408486488],[140.85785599957472,40.94437699994729],[140.85783400035885,40.94441099971656],[140.85773000005946,40.94436600033934],[140.85766699985217,40.94436600033934],[140.85762199957563,40.944370999670596],[140.85761500015215,40.94431799992445],[140.85755900026766,40.944271999601796],[140.8574849995531,40.94423599974029],[140.85739599994545,40.94424400010922],[140.8573489995767,40.94416600010951],[140.8572989999689,40.94413999980985],[140.85732500026856,40.94412299992521],[140.85734000006096,40.944092000294276],[140.8573292037507,40.944012503722135],[140.85699900036752,40.943802000234285],[140.85699899962415,40.943802000410685],[140.85698399983173,40.94382499967269],[140.8569469999241,40.943915000225786],[140.85696900003933,40.943977000386965],[140.85689500022409,40.94400199974119],[140.85685800031646,40.94404199978716],[140.85683500015514,40.944120999832975],[140.8568800004317,40.944151000317106],[140.85685800031646,40.94418199994804],[140.85686199960162,40.94423399964806],[140.85691400020096,40.944276999832375],[140.85691200010874,40.944333999762975],[140.85680799980935,40.94445800008533],[140.8565480004099,40.94466699983087],[140.85651599983353,40.94465500017682],[140.85644900034112,40.94467200006146],[140.85642300004142,40.944623999646566],[140.85636800020305,40.94459600015398],[140.85630499999576,40.94460200043068],[140.8562599997192,40.944623999646566],[140.8562229998116,40.94457900026934],[140.85621555612303,40.9445752779754],[140.85618900004232,40.94456200038471],[140.85613400020395,40.944559000246365],[140.8561039997198,40.94457099990042],[140.85606164255077,40.94461239479488],[140.8560600003887,40.944614000084734],[140.85597900025067,40.94463700024606],[140.85594100029692,40.94467600024591],[140.85591900018173,40.94473400022264],[140.855841000182,40.94473400022264],[140.85581499988234,40.944744999830576],[140.85576300018232,40.944801999761175],[140.8557549998134,40.94486099978401],[140.8557260002747,40.944863999922354],[140.8556359997216,40.94491699966851],[140.85560400004456,40.9449510003371],[140.85558800020604,40.94500199999101],[140.85554399997562,40.94499899985266],[140.85548800009113,40.945027000244565],[140.85541799956104,40.945086000267395],[140.85536899999937,40.94516799955223],[140.85530299965373,40.94517299978281],[140.85520599967714,40.94526100024366],[140.85517600009234,40.9453620004047],[140.8551170000695,40.94535900026635],[140.85503499988533,40.945426999804894],[140.85499099965492,40.945502999712375],[140.85488700025488,40.94550599985071],[140.85481477507864,40.94553906076423],[140.854713,40.94562],[140.85287998088458,40.94587652074738],[140.85285099989375,40.94592899957237],[140.852721000194,40.94593499984906],[140.85255499973346,40.94592200014888],[140.85234700003403,40.945859999987704],[140.85222799994224,40.94578700021859],[140.85221100005762,40.94570500003442],[140.85218499975795,40.94568600005756],[140.85220388285975,40.94567520980031],[140.85175400014143,40.945359000099415],[140.8517539999805,40.94535900015609],[140.8517399478375,40.94547141730005],[140.85175100042832,40.9455049998046],[140.85173545098283,40.94550739213731],[140.85167304483625,40.946006641310014],[140.85169499964454,40.94603499996398],[140.85176500017462,40.946050999802495],[140.85176800031297,40.946130999894436],[140.85171999989808,40.9462849998016],[140.85167000029028,40.946364999893525],[140.8516219998754,40.94641500040065],[140.85162199952472,40.94641500030324],[140.8503861298541,40.94720354340961],[140.85038100020301,40.947214000374515],[140.85037800006467,40.947238999728754],[140.8502959998805,40.94727899977472],[140.85026300015733,40.947313000443316],[140.8502100004112,40.94739199958981],[140.8502179998808,40.94741399970502],[140.85016600018076,40.947428000350634],[140.85016286064752,40.94742848688386],[140.85009499960455,40.94743899995858],[140.85006600006585,40.947455999843214],[140.85003714621735,40.94749928061601],[140.85003599958173,40.94750100011976],[140.8500059999969,40.947583000303915],[140.84994699997407,40.94759700005021],[140.84988799995125,40.94763600005006],[140.84986099960545,40.94767900023437],[140.84982099955948,40.94771199995753],[140.84978399965186,40.94775500014184],[140.84968000025182,40.947745999726806],[140.84964999976768,40.94775500014184],[140.8496020002521,40.94779700028003],[140.8495869995604,40.947836000279885],[140.8495010000911,40.94781900039525],[140.8494240001375,40.94781900039525],[140.8494169600492,40.947821919429884],[140.8493764105683,40.94784779191012],[140.84936400006856,40.94787000004916],[140.84934694889014,40.94786658984955],[140.8491234790578,40.94800917413653],[140.84912099965442,40.94803000023302],[140.84909629284166,40.94802652022393],[140.84897022844163,40.94810695525358],[140.8489859997241,40.94813999990976],[140.84891199990886,40.94819699984037],[140.8488709998168,40.948247000347486],[140.84884500041645,40.94828400025511],[140.8487929998171,40.94826400023212],[140.84875599990949,40.94827199970173],[140.84867399972532,40.94832300025495],[140.848650999564,40.948354999932],[140.84861499970248,40.94835099974755],[140.84857076099854,40.94836183431238],[140.84849971683244,40.94840716383924],[140.84846299988754,40.94844999981633],[140.84843300030272,40.94849199995454],[140.84839473917583,40.9484741445326],[140.84822938830268,40.94857964618399],[140.84820999991157,40.94860499976962],[140.84819323474272,40.948602713859444],[140.84805800007666,40.948688999951095],[140.84805800009664,40.94868900004601],[140.84805799965707,40.948689000033326],[140.84793074052774,40.94870136763264],[140.8478979999128,40.94872299981529],[140.8478690003741,40.94872299981529],[140.84783899988994,40.948739999699924],[140.84779799979785,40.94879599958441],[140.847778999821,40.948801999861104],[140.84770500000576,40.94877899969978],[140.84763500037496,40.94877899969978],[140.84757200016767,40.94879599958441],[140.8475310000756,40.94882399997631],[140.84750099959146,40.94884700013764],[140.84740799979937,40.948804999999446],[140.84733800016858,40.94882399997631],[140.84726400035333,40.94878499997647],[140.84718022666578,40.94877430585537],[140.84716172258314,40.94877610416313],[140.84712999956983,40.94878800011481],[140.84712508755155,40.94877966451588],[140.84506198839017,40.9489801655243],[140.84503700017743,40.9490210000678],[140.84494709315385,40.948992820710814],[140.84494346663135,40.94899168398769],[140.84482678441807,40.94900302367599],[140.8447959998555,40.94901799992945],[140.8447550013455,40.94900999986924],[140.844755,40.94901],[140.84500587153474,40.95039922470177],[140.8450210003389,40.950409000223885],[140.8450210003389,40.950481999993],[140.84502087376438,40.95048230095844],[140.845021,40.950483],[140.84502039571652,40.95048343764774],[140.84497600006236,40.950589000430725],[140.84492400036234,40.950650999692584],[140.84479099962493,40.9507580001303],[140.84436100237514,40.95096099827981],[140.844361,40.950961],[140.84436099940532,40.950960999652324],[140.8442489998115,40.95099500026775],[140.84417499999626,40.95100599987569],[140.84419399997313,40.95094399971451],[140.84417900018073,40.95090999994524],[140.84410899965062,40.95086200042967],[140.84403499983537,40.95084299955349],[140.84404600034264,40.95082000029148],[140.84401304738424,40.95076407954734],[140.84401299972018,40.95076400040699],[140.84401122985437,40.95076301654867],[140.84396800034295,40.95073900015343],[140.8438720004125,40.95072899969228],[140.84381400043577,40.95074699962303],[140.84381100029742,40.9507220002688],[140.84377699962883,40.95069900010746],[140.84371400032086,40.950647999554235],[140.84366599990597,40.95063399980795],[140.84360799992928,40.95064000008463],[140.84357800034445,40.95058400020015],[140.84352299960676,40.950555999808245],[140.84347800022954,40.95055000043088],[140.84338500043742,40.95056100003882],[140.84335900013775,40.95054200006196],[140.84332999969973,40.95048600017746],[140.8432549998384,40.950459999877786],[140.8432,40.950397999716614],[140.84311000034626,40.95037999978586],[140.8430359996317,40.95038800015478],[140.84303999981614,40.950350000201055],[140.8430140004158,40.95031600043177],[140.84295799963198,40.95030199978616],[140.8428799996323,40.9503110002012],[140.84280099958647,40.950329000131944],[140.84277200004777,40.95028499990153],[140.84271400007106,40.95019900043222],[140.84266399956394,40.95018099960215],[140.84268499963304,40.95014099955618],[140.8426839995869,40.95009400008673],[140.84268078720856,40.950087821744276],[140.84264499958707,40.950019000225375],[140.84259499997927,40.95000400043297],[140.8426240004173,40.949976000041076],[140.8426240004173,40.94994543794366],[140.8424830003865,40.949863000225974],[140.8424830002103,40.949863000225974],[140.84242400018746,40.9498860003873],[140.84241723638635,40.94989068225788],[140.84237199958812,40.94992200024882],[140.84235511943422,40.949909236736005],[140.842117319906,40.94999521597719],[140.84211799956603,40.95000699967199],[140.8420952263271,40.95000320417281],[140.84192709733614,40.95006399320452],[140.84189900025865,40.95010499969469],[140.84186400044328,40.950086999763926],[140.84186350253174,40.95008698666068],[140.84111069556369,40.950359172952886],[140.84110999984662,40.95036700008569],[140.8411210003539,40.950397999716614],[140.84106200033105,40.95041699969348],[140.84100300030823,40.95047399962408],[140.84099900012376,40.950497999831526],[140.8409949999393,40.950530000407895],[140.84096200021614,40.950530000407895],[140.84090600033167,40.95054700029253],[140.84089253028606,40.950556215645534],[140.84083000042418,40.95059899999255],[140.8408014451506,40.95064144619448],[140.84079299961724,40.950653999830934],[140.84075599970961,40.95065699996927],[140.84073032136723,40.95066311356054],[140.84071399957142,40.95066700043042],[140.8407125381731,40.950668531975865],[140.84067200033255,40.950710999761526],[140.84062199982543,40.95071700003822],[140.84052399980277,40.95078200033774],[140.84052799998722,40.950808999784215],[140.84047900042555,40.95078899976123],[140.8404200004027,40.95079800017626],[140.84028999980364,40.950879000314316],[140.84024599957323,40.95090499971466],[140.8401709997119,40.950899000337294],[140.8401420001732,40.95090699980689],[140.8400529996662,40.95095200008343],[140.84001499971248,40.950997000359976],[140.83993399957444,40.95096899996807],[140.83988900019722,40.95098099962213],[140.83982299985158,40.951025999898675],[140.83977799957503,40.95103100012925],[140.8397409996674,40.95105100015223],[140.83969300015184,40.951098999667806],[140.8396180002905,40.95105400029058],[140.83956299955278,40.95105400029058],[140.8394549999683,40.95110199980614],[140.83942500038347,40.951150000221034],[140.83934000006096,40.951098999667806],[140.83926200006127,40.95110199980614],[140.83916700017693,40.95113899971376],[140.8391510003384,40.951182999944194],[140.83912500003873,40.951160999828986],[140.83894299973966,40.95117300038237],[140.83891400020096,40.95119699969048],[140.8389110000626,40.95122500008239],[140.83881600017827,40.95122099989793],[140.83874200036303,40.951240999920905],[140.8387049995561,40.95126900031282],[140.83866599955624,40.95125899985166],[140.8386168430901,40.951260854907076],[140.83853901984466,40.951288992824935],[140.8385390002415,40.95128900024247],[140.83953699952744,40.952290999525545],[140.83953700015243,40.95229099977851],[140.83953699992375,40.95229099992345],[140.839537,40.952291],[140.8394658935297,40.95233657578289],[140.83945900015274,40.95237400000879],[140.83941123151712,40.95237161146961],[140.83928726728584,40.95245106650184],[140.83927699985367,40.9524590003313],[140.83927404758037,40.952459539688924],[140.83907091139682,40.952589740084996],[140.83904700003902,40.952643999869395],[140.83898399983173,40.952650000146086],[140.83896082541563,40.95266029983511],[140.83893256700938,40.95267841209666],[140.83891300015483,40.95270399993835],[140.83889100003964,40.95276299996118],[140.83882399964787,40.95277699970747],[140.83877199994785,40.95281299956897],[140.83874499960206,40.95288400014519],[140.83869399994813,40.952897999891476],[140.83863499992532,40.952953999775964],[140.83863499992532,40.95297699993729],[140.8386269995564,40.95304999970642],[140.83859399983322,40.95304999970642],[140.83856400024843,40.95305800007534],[140.83850900041006,40.9531119998676],[140.8384919996261,40.95316899979821],[140.83834500004173,40.95316000028249],[140.8383159996037,40.953174000028774],[140.83828600001888,40.95317099989043],[140.83818295459739,40.95315887712871],[140.8379104303991,40.95333355186137],[140.83791499999725,40.95335100009727],[140.83793700011248,40.953374000258606],[140.83798101953508,40.953390655996095],[140.8392013688732,40.953351841749736],[140.83921000036125,40.95334299972835],[140.83921799983082,40.953305999820735],[140.83923999994605,40.95328099956717],[140.8392989999689,40.953302999682386],[140.8393430001993,40.95329500021278],[140.83944000017587,40.953243999659556],[140.8394990001987,40.953300999590155],[140.8395289997835,40.95329500021278],[140.83960299959875,40.9532469997979],[140.8396479998753,40.95326100044351],[140.8397330001978,40.95321600016697],[140.8397890000823,40.95315700014414],[140.83984800010512,40.95319400005176],[140.83992199992036,40.95318799977507],[140.83997799980486,40.95315099986745],[140.83997799980486,40.95312000023652],[140.83999307154303,40.95310016928609],[140.83999699978173,40.95309499998296],[140.84001282964837,40.953098756451155],[140.84005599980455,40.95310899972925],[140.84009333426,40.95309299989073],[140.84012600033466,40.95307900014444],[140.84017599994246,40.95303599996013],[140.8402123118687,40.95308170350651],[140.84023399991918,40.95310899972925],[140.8402709998268,40.95313199989058],[140.84033800021854,40.95315099986745],[140.8404419996186,40.9531400002595],[140.8404639997338,40.95319600014399],[140.84050900001034,40.9532109999364],[140.84055799957204,40.9532109999364],[140.8405680000332,40.9532109999364],[140.8406199997332,40.953179000259354],[140.8406199997332,40.95315700014414],[140.84065000021735,40.953115000005944],[140.84070900024017,40.95309499998296],[140.84075000033226,40.95306100021369],[140.84079399966336,40.952990999683585],[140.84086900042405,40.953025000352184],[140.84089900000885,40.953025000352184],[140.8409879996165,40.9530129997988],[140.84105099982378,40.95297699993729],[140.84109500005422,40.95301900007549],[140.84112499963902,40.95301900007549],[140.84126599984603,40.952990999683585],[140.84130299975365,40.952953999775964],[140.841355000353,40.952990999683585],[140.8413989996841,40.952990999683585],[140.84151599968365,40.952960000052656],[140.8415609999602,40.95291599982224],[140.841588000306,40.95294600030637],[140.84164800037493,40.95297599989118],[140.84170891235644,40.95297986697598],[140.8417109996829,40.95298000007564],[140.84174100016702,40.95298200016787],[140.84174333930366,40.95300672522889],[140.84174799959052,40.95305599998311],[140.84178200025912,40.9531119998676],[140.84184079253856,40.95313990133408],[140.84184100028196,40.9531400002595],[140.84184097779888,40.95314025926425],[140.84183399995914,40.95322200044366],[140.8418530078703,40.953267504121094],[140.84234788545766,40.95325176411945],[140.84235699979573,40.9532469997979],[140.84241599981854,40.95315099986745],[140.8424050002106,40.95309700007519],[140.84242800037194,40.95309199984462],[140.84251599993345,40.953062000259806],[140.84251658988873,40.953060230394016],[140.84253700000255,40.95299900005251],[140.84255099974885,40.95304200023682],[140.84257700004852,40.95307700005222],[140.84261600004837,40.95309199984462],[140.84261742457448,40.953140421142216],[140.84261900018672,40.95319400005176],[140.84266399956394,40.95322999991326],[140.84268991173005,40.95322882180138],[140.84272999990958,40.95322699977492],[140.84272873475314,40.95323965088439],[140.8444469994566,40.95318500001728],[140.8444469999491,40.95318499963672],[140.84444700024167,40.95318500012096],[140.84643608229362,40.95418063205118],[140.84649796502907,40.95417696534338],[140.84654799971042,40.954174000278584],[140.8466160001483,40.954138999563874],[140.846644999687,40.95416900004801],[140.846674000125,40.954189000071],[140.8467370003323,40.9541960003938],[140.84670799989428,40.95426600002458],[140.84670799989428,40.95428020751426],[140.84670799989428,40.95431400043947],[140.8467040528739,40.95431476430872],[140.84704377755614,40.95448481297052],[140.84705199957014,40.9544800000007],[140.8470608252616,40.95449334617299],[140.84718199943435,40.954553999716865],[140.84718200016917,40.954553999815936],[140.84718200047251,40.954553999795486],[140.84733214365696,40.95448901466905],[140.84735600009932,40.954466000254406],[140.84736809063858,40.95447345605976],[140.84781370096377,40.954280586543696],[140.84782400009755,40.954269000162924],[140.84783499970547,40.95422199979416],[140.8479060002817,40.95423000016307],[140.8479780000047,40.95416699995578],[140.84798200018918,40.95414199970222],[140.84808599958922,40.95404100044051],[140.8482120000038,40.95388300034888],[140.8483609996804,40.95374800041858],[140.8485090002102,40.9536579998655],[140.84861299961025,40.95364099998086],[140.84879940748667,40.95364099998086],[140.84891800018556,40.95364099998086],[140.8491989996541,40.953681000026826],[140.849198999811,40.953681000081815],[140.849199,40.953681],[140.84919900038022,40.95368100028134],[140.8492959996307,40.953714999796105],[140.8496519998599,40.953900000233524],[140.84985300013585,40.953996000163976],[140.8500039999047,40.954093000140546],[140.85011999985812,40.95419899963282],[140.85033499988035,40.95442400011621],[140.8504459996032,40.95457599993115],[140.8504641239283,40.95461708133627],[140.8510329994457,40.95503799958986],[140.8510329996932,40.95503799965266],[140.8510330016451,40.95503799948654],[140.85124338428255,40.95497233567061],[140.85126999983063,40.95485700029903],[140.85132200042997,40.95473400002278],[140.85148499985286,40.954520000046664],[140.85157400035985,40.95446900039275],[140.8516361183322,40.954450457271484],[140.85170800024403,40.954429000346785],[140.85189399982823,40.95440099995488],[140.85199147914346,40.95439927955181],[140.85230064627783,40.95439382426427],[140.85240399996462,40.95439200043917],[140.85259899996387,40.95441299960894],[140.85271599996344,40.95443499972416],[140.85276799966346,40.95447099958566],[140.85282400044727,40.95447899995459],[140.85282400044727,40.954479000499965],[140.85288417523356,40.95454626444652],[140.85291600019326,40.954548000438564],[140.85296399970883,40.954556999954285],[140.85295300010088,40.95460200023082],[140.85297100003163,40.9546360000001],[140.85300099961646,40.95465199983862],[140.85304900003135,40.95465199983862],[140.85314800010013,40.95468799970012],[140.85318299991553,40.95468899974624],[140.85318700009998,40.95472599965386],[140.85328300003044,40.95478799981504],[140.8533389999149,40.954803999653556],[140.85336800035293,40.9548130000686],[140.85349599996044,40.954896000298874],[140.85355399993716,40.95490299972236],[140.8535580001216,40.95495100013724],[140.85358799970643,40.95498199976817],[140.85366000032877,40.95500399988339],[140.8537210004438,40.95500199979116],[140.85374299965972,40.955086000067546],[140.8537970003513,40.9551250000674],[140.85385000009742,40.955142999998145],[140.8538330002128,40.95520400011321],[140.85387100016652,40.95527899997457],[140.85392900014324,40.95529399976697],[140.85389100018952,40.95534200018186],[140.85388800005117,40.95538699955908],[140.85390299984357,40.95542400036602],[140.8538839998667,40.9554659996049],[140.8538839998667,40.955522000388704],[140.853917999636,40.9555420004117],[140.853917999636,40.955559000296326],[140.85388800005117,40.955618000319156],[140.8538904504046,40.955671088372206],[140.85393485103296,40.95572071981549],[140.85395500044294,40.95573100013424],[140.8539492746537,40.955736842675506],[140.85499652347275,40.95690746733331],[140.85499762280858,40.95690786359912],[140.85897399964992,40.95603700007667],[140.85897399987022,40.956036999856366],[140.85908599963918,40.95606300015603],[140.85912540073667,40.956075278599926],[140.8593009996614,40.95612999964846],[140.85946399998363,40.95619199980964],[140.85959799986782,40.95622599957891],[140.85964105131347,40.956242483252694],[140.85982000021284,40.95631099990142],[140.85995400009705,40.95638399967054],[140.8600429997047,40.95644599983172],[140.85999800032747,40.956491000108265],[140.85997700025837,40.956553000269444],[140.86000299965872,40.956591000223185],[140.85994799982035,40.956580999762025],[140.85992200042,40.956615000430624],[140.85991500009717,40.95666299994619],[140.85992200042,40.95670500008438],[140.8599520000048,40.95671899983068],[140.8599299998896,40.95675000036093],[140.85991900028165,40.95679599978426],[140.85992973675212,40.95682080527291],[140.86001183064337,40.95688813095091],[140.8600799996123,40.956892999760825],[140.86008032067028,40.95690166562807],[140.86008194918688,40.956945635576545],[140.86010799160493,40.95696699311515],[140.8601080000042,40.95696699957607],[140.86010800348382,40.95696700069134],[140.86022794070254,40.95699080146237],[140.8602559996347,40.956989999737395],[140.86030099991123,40.956952999829774],[140.86034900032612,40.95696699957607],[140.8603559997496,40.956966000429276],[140.86044900044104,40.95694500036018],[140.86045729488825,40.95693236038882],[140.8604909996799,40.95688100010677],[140.86050100014106,40.9569190000605],[140.86054731162915,40.95694184643776],[140.8605760000024,40.95695599996812],[140.8606093234815,40.956950916999915],[140.86063500002524,40.95694699955308],[140.8606600002788,40.95693900008349],[140.86065307999564,40.9569573165756],[140.86064300039416,40.95698400036002],[140.86064999981764,40.9570180001293],[140.8606760001173,40.95704000024451],[140.86080499977092,40.95707800019825],[140.86086299974764,40.957053999990805],[140.8608799996323,40.95707400001378],[140.8609239998627,40.95709400003677],[140.86096900013925,40.95709400003677],[140.86099899972407,40.95708599966785],[140.86103799972392,40.957050999852456],[140.86108199995434,40.957050999852456],[140.86113299960826,40.957030999829485],[140.8611396303097,40.95701479314688],[140.86115100043833,40.956986999599046],[140.8611929996772,40.95701299989872],[140.86120465668955,40.957016399336055],[140.8612410000921,40.95702699964502],[140.86127107611927,40.95701804149812],[140.86128799956154,40.95701299989872],[140.86132200023013,40.95698100022168],[140.86136800954603,40.957020436392725],[140.86138500043742,40.95703500001394],[140.86145900025267,40.95704300038287],[140.86150683249434,40.957023867306326],[140.86152899988343,40.95701499999095],[140.8615331997174,40.957024518415494],[140.86154399967586,40.957048999760225],[140.8615889999524,40.95706300040584],[140.86174700004403,40.95706899978321],[140.86177593393222,40.95704532692899],[140.86181300038967,40.95701499999095],[140.8618290002282,40.95705500003692],[140.86199199965108,40.95707099987544],[140.86201899999685,40.95706499959875],[140.86204100011207,40.95709400003677],[140.8621489996966,40.957114000059754],[140.86220899976553,40.95710599969083],[140.8622560001343,40.957096000129],[140.8624829998106,40.95731200019735],[140.86267799980985,40.95747699971246],[140.86271499971747,40.957525000127355],[140.8627430001094,40.95818900017092],[140.8626949996945,40.95819500044761],[140.86262800020205,40.95823400044746],[140.8626240000176,40.9582589998017],[140.86250199978747,40.958268000216734],[140.8624330002028,40.958297999801545],[140.86243899958018,40.95833000037791],[140.86239400020295,40.95831899987064],[140.8623489999264,40.95831899987064],[140.86224200038802,40.95835499973215],[140.8622139999961,40.95839899996258],[140.86215299988106,40.95838900040074],[140.86206000008895,40.95843099963962],[140.86203399978928,40.95847099968558],[140.86201932716057,40.95847203302165],[140.861834,40.958752],[140.86385099928154,40.9597749996356],[140.8638509999437,40.959774999565276],[140.8638509999706,40.95977499998507],[140.863851,40.959775],[140.86385099998066,40.95977500014259],[140.86390899992043,40.96068099997687],[140.86395100005862,40.961246999997755],[140.86397300017381,40.96144099995088],[140.8640199996433,40.962049000109964],[140.8640439998507,40.962608999854154],[140.86397300017381,40.96274699992281],[140.86386999992058,40.96289200031427],[140.86374799969045,40.96304600022143],[140.86364000010593,40.96316000008264],[140.86346900031413,40.96328999978236],[140.86329200024562,40.96325600001309],[140.86318606100792,40.96323994891321],[140.86309400010802,40.96322600042827],[140.86283499985538,40.96320100017472],[140.86266099992523,40.963159000036526],[140.86237500022608,40.963151999713716],[140.86233099999566,40.963150999667604],[140.86206200018117,40.96317900005951],[140.861858999813,40.96314200015188],[140.86168499988284,40.96312400022113],[140.86128899960767,40.963111999667746],[140.8612790000458,40.96305799987549],[140.86042900041804,40.96307099957567],[140.86042400018746,40.963118999990556],[140.86014179113076,40.96310995101213],[140.85992499965903,40.96310300015203],[140.8599253503946,40.96308523944094],[140.85992799979735,40.9629510003371],[140.85952900028315,40.962925000037416],[140.85946099984528,40.96279700042992],[140.85943999977619,40.96272599985372],[140.85948575592036,40.96253549912568],[140.859299,40.962527],[140.85950880551067,40.96386628945463],[140.8595320004215,40.96394200017187],[140.85959299963724,40.96419700024006],[140.85962900039806,40.96446600005456],[140.85963799990364,40.96469099938496],[140.859638,40.964691],[140.859222683947,40.9653332801545],[140.85922799989228,40.96535100039705],[140.85920553210735,40.965359805221716],[140.85875600000094,40.96605499999854],[140.85879000037824,40.96610300000214],[140.858860000009,40.966145000140344],[140.8588377516575,40.96618350669541],[140.85894112681044,40.966346003697915],[140.85895099341363,40.96634977307227],[140.85898300028524,40.966362000254804],[140.85898467392357,40.96637013012611],[140.85898999970874,40.966396000024076],[140.85904899973156,40.966429999793355],[140.85913099991572,40.96643700011616],[140.85913393800084,40.96643600996259],[140.85922599980006,40.96640500043912],[140.85943100026046,40.966654000230626],[140.8596189999369,40.96687799976857],[140.85978500039747,40.96713900011346],[140.85991700018943,40.967399000412236],[140.86004099961244,40.96769200043417],[140.86013300025778,40.96797099981049],[140.8602229999115,40.96836099980899],[140.860222999923,40.96836099987897],[140.860223,40.968361],[140.86022299998405,40.96836100025102],[140.86028600011883,40.96874500043013],[140.8602756911902,40.968744119993836],[140.86020399993467,40.968738000107315],[140.86019891315382,40.96873992177443],[140.86014624162942,40.969568522885126],[140.8601700001654,40.96957199989657],[140.86019599956575,40.969590999873446],[140.86021100025746,40.96965099994239],[140.86025999981914,40.96970000040339],[140.86029699972676,40.969707999872995],[140.86038900037207,40.96969800031116],[140.86039999998002,40.96995200033325],[140.86038900037207,40.9702960000091],[140.86035799984182,40.970856999799395],[140.86032400007255,40.97104500037517],[140.86026600009583,40.971268999913114],[140.86020789489845,40.971253907490535],[140.86018900014224,40.97124899989013],[140.86008900002733,40.971302999682386],[140.86006299972766,40.97135100009727],[140.8600315426504,40.97137290774976],[140.86002609926072,40.97145854033336],[140.8600510000736,40.97147200028129],[140.8600237461273,40.97149555860825],[140.860007,40.971759],[140.86000700022248,40.9717590003024],[140.8600402747589,40.971783199883475],[140.86006199968156,40.971799000072494],[140.86006199968156,40.971826999565074],[140.8600626348195,40.97183462093504],[140.8601632713256,40.971971409851676],[140.86017699958887,40.97198200041768],[140.86017424612592,40.97198632721222],[140.8606116939034,40.97258092265167],[140.86061199986392,40.972581000161725],[140.86061218225743,40.97258158644082],[140.86068899946352,40.97268599927079],[140.86068899981748,40.97268599960789],[140.86074399965588,40.97268899974624],[140.86081900041654,40.97269399997681],[140.86082244066375,40.972715505583174],[140.86108950924248,40.97277455815337],[140.8611009999312,40.97277300002263],[140.86110208456802,40.97277733873241],[140.863095,40.973218],[140.86309500017703,40.97321800017996],[140.86309500015415,40.9732179998595],[140.86329500038397,40.97330800041259],[140.8634749996915,40.973394999928004],[140.86361199971404,40.97347700011216],[140.86384399962088,40.97363700029602],[140.86395500024307,40.97375200020335],[140.86390470116103,40.97377577737892],[140.8639000004047,40.9737779996037],[140.86387400010503,40.973822999880234],[140.86388899989743,40.97385699964951],[140.86386299959776,40.97388199990307],[140.86380875906627,40.97394347375202],[140.863948,40.974085],[140.86394800562525,40.97408499985379],[140.86403000010444,40.97407899999456],[140.86409599955076,40.97404600027139],[140.86415380933784,40.974079650547594],[140.8642915855155,40.97407606943163],[140.86432700031082,40.97405699987934],[140.86434743649426,40.97407461773777],[140.86455880211616,40.974069123864915],[140.86456100030992,40.97406800038661],[140.8645629285242,40.97406901661019],[140.86551751481952,40.97404420474301],[140.86552099961446,40.974043000133044],[140.86557700039825,40.97399199957982],[140.8655730002138,40.97397499969519],[140.8656029997986,40.97395799981054],[140.8656439998907,40.97398099997187],[140.86572199989038,40.97397499969519],[140.86577799977488,40.97393899983367],[140.86579599970563,40.9739050000644],[140.86584400012052,40.97391000029497],[140.865900000005,40.973893999557134],[140.86594000005098,40.9738480001338],[140.8659480004199,40.973770000134095],[140.86604300030422,40.973768000041865],[140.8662120000038,40.97377899964981],[140.86637300023378,40.97381899969578],[140.86654900025616,40.97387400043347],[140.86668400018647,40.97393200041019],[140.86679499990933,40.97401099955668],[140.86687600004737,40.97409900001753],[140.86692399956294,40.97418500038616],[140.8669269997013,40.97428499960175],[140.86688999979367,40.97440299964741],[140.8668850571197,40.97441393810146],[140.8668289996786,40.97453799957771],[140.86681800007065,40.974646000061554],[140.86683199981695,40.97475199955383],[140.86686125206515,40.974807391496626],[140.86687900018572,40.9748410000608],[140.86690799972442,40.974928999622335],[140.8669190002317,40.975106999736944],[140.8669059996322,40.9754159995974],[140.86690596186065,40.975427038775514],[140.86690499958607,40.97570400028809],[140.8668360000014,40.97571199975768],[140.86679499990933,40.9757410001957],[140.86673900002484,40.97580799968813],[140.8667309996559,40.975842000356735],[140.86673900002484,40.975889999872294],[140.8666939997483,40.97590899984917],[140.8666939997483,40.97590999989528],[140.86666106532223,40.97595984661582],[140.866657,40.976019],[140.86763832142813,40.976481368910115],[140.86764599958323,40.97645799998541],[140.8677990003436,40.976531999800656],[140.8678710000666,40.976590999823486],[140.86797600041209,40.9767059997308],[140.86807999981215,40.976819999592],[140.86798199978946,40.97682699991481],[140.8679629836248,40.97683905892413],[140.8679409996974,40.97685300021449],[140.86792299976665,40.976924999937495],[140.86794499988184,40.976954000375514],[140.86787900043552,40.97695100023717],[140.8678560002742,40.97695999975289],[140.8678395888418,40.97697690851497],[140.86782208200208,40.977191992545656],[140.8678229996517,40.97719299970587],[140.86782342635797,40.97719311608506],[140.86794521960226,40.977203028306526],[140.86798599997394,40.97720200012091],[140.86798981040582,40.97720665735773],[140.86816998078254,40.97722132063965],[140.86818300006541,40.977209999590514],[140.8681961521658,40.977223450614495],[140.86844157511294,40.97724342451879],[140.86847199990288,40.97721299972885],[140.8685172983989,40.977249587307085],[140.8687133620626,40.97726554407438],[140.86874599994795,40.977247000397455],[140.86877058603673,40.97727020128429],[140.87008503069836,40.977377178207924],[140.87011400008106,40.977332999866746],[140.87015030217057,40.97738249036864],[140.870218,40.977388],[140.87095193998795,40.977212914380694],[140.87098199963958,40.97720200012091],[140.87139445301162,40.977106484925045],[140.8714569999606,40.97709200044416],[140.8717689999594,40.977017999729604],[140.8717690002518,40.97701800032832],[140.87183094175563,40.97709877146775],[140.87213899993492,40.977017999729604],[140.87235399995714,40.97753600023492],[140.87261503285748,40.97812121890217],[140.872621,40.978129],[140.873157,40.97912],[140.87315699985632,40.97912000040062],[140.87315700011547,40.97912000043637],[140.87312899972358,40.9792920002743],[140.87312367933436,40.97930392078801],[140.87295754132975,40.97967612614461],[140.872954,40.979686],[140.8729531936205,40.97968586648471],[140.87289599977058,40.97981400006475],[140.8728918844729,40.97982535760288],[140.87276700011697,40.980170000293974],[140.87270800009415,40.980390999693576],[140.87269000016337,40.980604999669694],[140.87269699958688,40.98085500040664],[140.87273999977117,40.98104200003697],[140.87278700013997,40.98117900005951],[140.8727989997152,40.98128699893475],[140.872799,40.981287],[140.8727989997392,40.9812870003324],[140.8727900002783,40.98140000035843],[140.87274399995565,40.98152699991981],[140.87267300027875,40.98167899973475],[140.8725700000255,40.98185799989548],[140.87245600016428,40.98201900012546],[140.87228699956538,40.982237000286034],[140.87208458825316,40.982456718151724],[140.8720179997509,40.98252900026185],[140.8719310002355,40.982482999939194],[140.87187071508146,40.98254872059567],[140.87180900000536,40.982615999777266],[140.87188499991282,40.982654999777125],[140.87180811956907,40.98273767265417],[140.8717390003746,40.98281199982263],[140.8716489998215,40.982767999592205],[140.87161244867556,40.982814730164364],[140.87149099972987,40.98296999991426],[140.87155199984494,40.9830019995913],[140.87145599991447,40.98310599989068],[140.87142500028355,40.98313000009812],[140.8713740069249,40.98310330552184],[140.87137396816797,40.98310328523313],[140.8712763820409,40.983227664378646],[140.8713070002379,40.98324800014379],[140.871160001146,40.98337599853938],[140.87116,40.983376],[140.8711599983989,40.98337600037452],[140.87115464519073,40.98337846209505],[140.87064899957167,40.983610999796504],[140.8704290002182,40.98369900025735],[140.8702100000115,40.983767999842016],[140.8699200001279,40.98383200009543],[140.86968500008268,40.98387000004916],[140.86954299982958,40.98386399977247],[140.86932600034186,40.98380499992003],[140.869326,40.983805],[140.86932599949452,40.98380499966114],[140.8691539998772,40.983736000164974],[140.86917212684222,40.983701847994226],[140.868786,40.983443],[140.865830161887,40.98338322046463],[140.86581799982085,40.98338400012021],[140.86577300044362,40.9834119996128],[140.86573300039765,40.983463000166026],[140.86568399993666,40.98344100005082],[140.86563999970622,40.98344100005082],[140.86562499991382,40.983451999658755],[140.8655580004214,40.98342100002783],[140.8654689999144,40.98343499977412],[140.86541900030662,40.98346100007379],[140.86538699973028,40.98344900041973],[140.8653610003299,40.9834549997971],[140.86522799959252,40.983552999819786],[140.86523499991532,40.983581000211686],[140.86520200019217,40.98356699956608],[140.86517199970802,40.98356699956608],[140.86512800037693,40.983581000211686],[140.8650490003311,40.983645999611895],[140.86502300003144,40.9837020003957],[140.86496900023917,40.98369700016512],[140.86489000019336,40.98371700018811],[140.86487467304772,40.983737712474145],[140.86485300028573,40.983766999795904],[140.86478199970952,40.983736000164974],[140.86470099957148,40.983734000072744],[140.86466399966386,40.98374699977292],[140.8646010003559,40.98366599963488],[140.86457099987175,40.98365199988858],[140.86453399996412,40.98363199986561],[140.86456300040214,40.98359800009632],[140.86456958793613,40.983559670091395],[140.8645740000101,40.98353399984291],[140.86456300040214,40.98350800044257],[140.8645230003562,40.98348000005066],[140.86447399989518,40.98346900044271],[140.86446300028723,40.98342400016618],[140.86441499987237,40.98337899988964],[140.86435640133152,40.9833534147994],[140.86423700808612,40.98335100016354],[140.8642370000718,40.98335100038825],[140.8644179999367,40.984329999657675],[140.8644180000107,40.98432999967844],[140.86441799994506,40.984329999702815],[140.864418,40.98433],[140.86433915872246,40.98437545056439],[140.8643329996882,40.984388999701274],[140.86432552902207,40.98438330783909],[140.86403632357127,40.98455002952823],[140.8640500001274,40.98455400011571],[140.864127000081,40.984556000207945],[140.864057999597,40.984612000092426],[140.86405100017353,40.98465100009228],[140.86398799996624,40.98465400023062],[140.86390299964373,40.98468199972321],[140.8638930621351,40.984691938131135],[140.86385900031263,40.98472599995363],[140.8638869998052,40.984764999953484],[140.86384699975923,40.98474399988439],[140.8637580001516,40.98471899963083],[140.86374176625915,40.9847198364682],[140.86337200046083,40.98493299973433],[140.8633720006776,40.98493299995833],[140.86435599984952,40.98487249515488],[140.86435599984952,40.98487100034509],[140.8643810001031,40.984853999561125],[140.86442777290864,40.98486808192471],[140.86457668517508,40.984858925507034],[140.86458899980252,40.984853999561125],[140.86460799977937,40.984856999699474],[140.8646079999065,40.984857000005746],[140.864608,40.984857],[140.8646080012771,40.98485700330767],[140.8646299998946,40.98491000034494],[140.86474299970968,40.9849500003909],[140.86482699998606,40.9849640001372],[140.8648160003781,40.98503099962963],[140.8648569995709,40.98507599990617],[140.86490499998578,40.98509599992915],[140.86487500040096,40.98516400036702],[140.86487500040096,40.98519700009018],[140.86490499998578,40.98525600011301],[140.86492700010098,40.985270999905424],[140.8649159995937,40.98528999988228],[140.86491586109813,40.98529000347958],[140.86477899957117,40.98529300002063],[140.86477658943346,40.985293646632634],[140.86485857287283,40.985505983740666],[140.86488800010113,40.98551899965081],[140.86495999982415,40.98551300027344],[140.8649340004238,40.985549000134945],[140.86494199989338,40.98559699965051],[140.86495999982415,40.985616999673496],[140.86491572440178,40.98565400620066],[140.86500799981033,40.98589299950876],[140.86500800023902,40.98589299981079],[140.86505699980071,40.98588700043342],[140.86510100003113,40.985865000318206],[140.865120000008,40.98577699985736],[140.8651129996852,40.985740999995855],[140.86517199970802,40.985737999857506],[140.86521599993844,40.98572099997287],[140.8652460004226,40.98569899985766],[140.86524999970774,40.98566199995004],[140.86530899973056,40.985675999696326],[140.86538699973028,40.985675999696326],[140.8654689999144,40.985648000203746],[140.86551400019096,40.985707000226576],[140.8655599996143,40.985709000318806],[140.86553400021396,40.985737999857506],[140.86552899998338,40.985769000387755],[140.86554199968356,40.985798999972566],[140.8654950002141,40.98581699990332],[140.86549409999273,40.98581847209351],[140.8654730000989,40.98585299976482],[140.86546499972997,40.98590999969543],[140.86548399970684,40.98592400034104],[140.8654689999144,40.98593499994899],[140.86544299961474,40.9859570000642],[140.86543507046886,40.9859807875018],[140.8659829406804,40.9860934062865],[140.86604799963547,40.98606499964872],[140.86607800011961,40.98600599962589],[140.8661069996583,40.986010999856454],[140.866184999658,40.98599399997182],[140.86625600023424,40.98596599957992],[140.86628499977294,40.98592400034104],[140.8663819997495,40.98594100022568],[140.86646299988755,40.985926999580066],[140.86648600004887,40.98591199978766],[140.8665229999565,40.98591800006435],[140.86653799974889,40.985980000225524],[140.86659299958728,40.98602599964886],[140.86663599977157,40.98603900024836],[140.86661799984083,40.98612000038641],[140.8666379998638,40.98615700029403],[140.86658199997933,40.98616899994809],[140.86657253821207,40.98617437609528],[140.86653799974889,40.98619400020164],[140.86652995874246,40.986205849905545],[140.86698739870351,40.986299880081674],[140.86704599979308,40.98624499985556],[140.86707200009275,40.98617999955603],[140.86716800002318,40.986233000201494],[140.86723300032273,40.9862259998787],[140.86722800009213,40.98627600038581],[140.8672880001611,40.98632399990137],[140.8673470001839,40.986329000131946],[140.86737299958426,40.98631500038566],[140.86746300013735,40.98634399992436],[140.8675230002063,40.986329000131946],[140.86750600032167,40.98635200029327],[140.8674949998144,40.98637699964751],[140.86749662074942,40.98640455444933],[140.867824641998,40.98647198164941],[140.86783600025123,40.98646400006225],[140.8678729787612,40.986481917629526],[140.867995,40.986507],[140.86799500011773,40.98650700026406],[140.86799500038896,40.98650700024656],[140.86799500043136,40.986507000967464],[140.86814107533547,40.98683462066101],[140.8681840001115,40.98685099992241],[140.86824800036493,40.98684000031446],[140.86823699985766,40.98686399962258],[140.86824383200724,40.986931468561124],[140.86824500022658,40.9869429996684],[140.86831199971903,40.98697999957602],[140.86830400024942,40.98703000008314],[140.8683230002263,40.987046999967774],[140.86830800043387,40.98706699999075],[140.86825217915322,40.98708380650812],[140.868378,40.987366],[140.86846154730662,40.98735318041679],[140.86847500004123,40.98734300012805],[140.86853400006407,40.987326000243414],[140.86855300004092,40.987291999574815],[140.86855600017927,40.98718500003642],[140.8685229995568,40.987136999621534],[140.86855600017927,40.98713200029028],[140.86859400013302,40.98710399989837],[140.86862299967171,40.98705899962184],[140.86862599981006,40.986983999760476],[140.86869800043237,40.98697999957602],[140.8687419997635,40.98694999999121],[140.868755000363,40.98691500017581],[140.86900800033897,40.98691300008359],[140.8691479996005,40.98691700026804],[140.8693039995999,40.9869350001988],[140.8694380003834,40.98696899996807],[140.86951700042923,40.98700599987569],[140.86949600036013,40.987057000428926],[140.8695300001294,40.987110000175065],[140.86958399992167,40.98712600001359],[140.86965499959857,40.987136999621534],[140.86966594542722,40.987168376351235],[140.87007900206723,40.987104996522696],[140.8700970001964,40.9870779995987],[140.87015600021925,40.98707200022133],[140.87021200010372,40.987050000106116],[140.87024099964242,40.98702499985256],[140.87027800044936,40.98694899994509],[140.870275000311,40.98692599978376],[140.8703009997114,40.98690599976078],[140.87036399991868,40.986892000014485],[140.87040299991853,40.9868649996687],[140.8704080001491,40.98682000029148],[140.87051299959526,40.98680499959975],[140.87059499977943,40.98681099987644],[140.87095900037758,40.98684499964571],[140.87122600009982,40.98692899992211],[140.87145599991447,40.98707100017522],[140.87165700019042,40.98720099987494],[140.87172811498053,40.98725033398442],[140.87192800009714,40.987388999551385],[140.8723000001649,40.987679000334296],[140.8724702661099,40.98783024202075],[140.87247900032563,40.98783799957272],[140.87250672552497,40.987869521709754],[140.87264699997908,40.98802900028683],[140.87272299988655,40.98812700030952],[140.87277899977104,40.98822600037832],[140.87280700016294,40.98830699961704],[140.8728329995633,40.98837600010102],[140.87286600018578,40.98841900028533],[140.8729250002086,40.98846999993924],[140.87305199976998,40.98856399977746],[140.87326299960776,40.98871699963852],[140.87338642706197,40.98881683068089],[140.87339899958417,40.988827000214584],[140.87346700002203,40.98890300012206],[140.8734675737895,40.98890390394071],[140.87358500006772,40.98908899970627],[140.87364400009054,40.989185999682846],[140.87366200002128,40.98925700025906],[140.87370900039008,40.98932199965925],[140.87376808854646,40.98936827427514],[140.87379199972102,40.989386999958775],[140.873841000182,40.98955999984282],[140.8739030003432,40.98982400032605],[140.87393174447445,40.98993113836004],[140.87396242173668,40.990045480311224],[140.87541223794332,40.991696659879906],[140.87555800022153,40.99183300034139],[140.87580599996693,40.99210200015588],[140.87601899989693,40.99234399962458],[140.8761580000117,40.99254599994664],[140.87631199991887,40.992824000176164],[140.87645900040255,40.993116000151986],[140.87653899959517,40.99330399982843],[140.8765690000793,40.993430000243016],[140.87658099973336,40.99361799991946],[140.8765807381646,40.99363578843783],[140.87749362859304,40.99598915398945],[140.8776329996832,40.99624100037057],[140.87786899977453,40.99670300009208],[140.8780310000506,40.997070999975364],[140.87818199981945,40.99746099997387],[140.87828900025715,40.99775199990357],[140.8783630000724,40.99800599992565],[140.878390999565,40.998193999602094],[140.87844199368396,40.99843397065721],[140.8787637598024,40.99926346045707],[140.87888299977064,40.99943800031217],[140.87921099960795,40.999985000356176],[140.8794829995608,41.00047000023902],[140.87976299988256,41.001007999867994],[140.87993499972046,41.00133499965921],[140.88003499983537,41.00162200030377],[140.8801420002731,41.00195899965681],[140.88020499958108,41.002276999932306],[140.8802639996039,41.00265600032285],[140.88026954932025,41.00268404298289],[140.8803760002722,41.00322200034374],[140.88051300029474,41.00374200004197],[140.88064299999445,41.00409600017896],[140.8806676728948,41.00416232158257],[140.88075198902897,41.00438897171745],[140.880752,41.004389],[140.88075200003536,41.004389005766974],[140.88078900043203,41.00489099996838],[140.88078502722723,41.00496102567949],[140.88076500022459,41.00531399969003],[140.88075794417645,41.005358815251356],[140.88076499999963,41.00650999993897],[140.88076500022459,41.00650999998521],[140.88074010249375,41.00657566488373],[140.88049200022564,41.007229999913264],[140.8803350001801,41.00758700018861],[140.88010999969674,41.00811700034799],[140.8800499996278,41.008111000071295],[140.87999099960496,41.00799300002563],[140.87995399969734,41.00795900025636],[140.87993092324274,41.00795495595574],[140.87966699565337,41.008412184548725],[140.8797090000903,41.00856200018486],[140.87972399988269,41.00870799972311],[140.87967452547898,41.008783040953276],[140.8795750002061,41.00893400025261],[140.87951600018326,41.00906900018291],[140.87947099990672,41.00913100034409],[140.87933800006866,41.00923799988249],[140.87919699986168,41.009293999766975],[140.8791346073342,41.00933449495462],[140.8788330001934,41.009856999664954],[140.8788330005008,41.00985699982039],[140.87989764676973,41.009475180520056],[140.87994600022773,41.0093450003202],[140.88006500031952,41.00919799983653],[140.88028799981134,41.00902900013694],[140.88062900024818,41.008826999814886],[140.88073299964822,41.008793000045614],[140.88102999985463,41.00877600016098],[140.88120799996923,41.008730999884435],[140.8814460001528,41.00867399995384],[140.8816240002674,41.00867399995384],[140.88169800008265,41.00869700011516],[140.88186899987446,41.008703000391854],[140.88206199978148,41.008663000345884],[140.88227199957313,41.00863099976952],[140.88260699973327,41.0086929999307],[140.8830989999389,41.008785999722804],[140.88359799956802,41.00890399976848],[140.88400400030437,41.009010000160075],[140.88437000009543,41.00912099988294],[140.8847289995637,41.00923699983637],[140.88497400007006,41.0093379999974],[140.88521400034585,41.009421000227675],[140.8859690000893,41.0096859998577],[140.88659400013302,41.00987200034124],[140.8873459997381,41.010076999902324],[140.8876629999675,41.01016100017871],[140.88778505964268,41.01025608534677],[140.889662,41.010803],[140.89255839829278,41.00978138364903],[140.892661000225,41.00971700038795]]],[[[140.882895950108,40.89746102265677],[140.8828949209171,40.89744659327208],[140.88288568263442,40.8974802551627],[140.882895950108,40.89746102265677]]],[[[140.88400915971496,40.89686205259035],[140.8845311747939,40.89669099883922],[140.8849519900623,40.896345016158264],[140.885653108724,40.896125985374624],[140.88623896487633,40.89612802863431],[140.886971080471,40.89634100068533],[140.88765300580158,40.89656601915516],[140.88809291097905,40.896617026003646],[140.88962395909843,40.89640102413665],[140.89076395681116,40.896331983183174],[140.89135001800892,40.89627202897965],[140.89107365863717,40.89615427155901],[140.885474,40.896019],[140.882998,40.897071],[140.88295942818917,40.897211545610496],[140.88400915971496,40.89686205259035]]],[[[140.8898879433939,40.895649035323416],[140.88935444351316,40.895168950095155],[140.889844,40.89576],[140.8907801786758,40.89602921901226],[140.8898879433939,40.895649035323416]]],[[[140.88844208445465,40.89365901909716],[140.88865895866402,40.89251201386705],[140.88819103330954,40.89170796240124],[140.88811813814596,40.89152907423118],[140.88845,40.894077],[140.88863746021613,40.89430332391949],[140.88844208445465,40.89365901909716]]],[[[140.888330004646,40.889857015537544],[140.88885191720223,40.8896989947615],[140.88979700574723,40.88948003502429],[140.89029695506045,40.88921697253396],[140.89118005063884,40.88841806339161],[140.8922079676436,40.88791603304718],[140.89413098887405,40.887528977429064],[140.89435894722763,40.887430981003675],[140.893833031789,40.88705301393414],[140.89355585420122,40.88673020193492],[140.893812,40.887088],[140.888149,40.889491],[140.887935,40.890123],[140.88798792694038,40.890529355577144],[140.888330004646,40.889857015537544]]],[[[140.89236305303248,40.88487397909955],[140.89239805284788,40.88420793939358],[140.8926440758834,40.88382602789757],[140.8930679695312,40.883629964000335],[140.89355693632356,40.88347201337142],[140.89395794132594,40.883107995686146],[140.8942859717402,40.88253001939358],[140.89474394159964,40.88202495923318],[140.89534806747935,40.881645019950405],[140.89605103424785,40.881067960067],[140.89655796230014,40.88043996348223],[140.89698996423547,40.87980696576755],[140.8974139613053,40.87957405664609],[140.89801706015922,40.879452952140724],[140.8987179737755,40.87920905240454],[140.89915900850144,40.87896402491851],[140.899583929175,40.87857098161421],[140.89994398174937,40.878128059211264],[140.9003029065739,40.87789500889624],[140.9007920784117,40.87772402529223],[140.90143602717092,40.87752500262547],[140.90120077517736,40.87711193034874],[140.896651,40.879257],[140.89357,40.882988],[140.892369,40.883508],[140.892096,40.884691],[140.89279322169637,40.885664916320614],[140.89236305303248,40.88487397909955]]]]}},{"type":"Feature","properties":{"layer_id":"scenic_nature_areas","name":"平内町","category":"nature","source":"国土交通省 国土数値情報","municipality_code":"02301","municipality_pref":"青森県","municipality_name":"平内町","municipality_code_method":"nearest_centroid"},"geometry":{"type":"Polygon","coordinates":[[[140.85272100001185,40.90911300010409],[140.85272687332318,40.90911010867025],[140.85271,40.908462],[140.8512140001473,40.907711000073945],[140.8512140000215,40.907711000115874],[140.85129986244033,40.90817326644811],[140.85132999971742,40.908184000430495],[140.851386999648,40.90818599962341],[140.8513780001323,40.90822699971549],[140.851384000409,40.908282999599976],[140.8514289997862,40.90833500019933],[140.85148299957848,40.908371000060825],[140.8514350000629,40.9084189995764],[140.85142399955564,40.908458999622354],[140.85145199994756,40.9085759996219],[140.85150000036245,40.90862900026737],[140.85148100038558,40.90865299957549],[140.8514350000629,40.908687000244086],[140.8514289997862,40.90876700033602],[140.85144599967086,40.90883599992068],[140.85150000036245,40.90888300028945],[140.8514410003396,40.908931999851134],[140.8514408611454,40.908932375673636],[140.8514746747602,40.90911442150835],[140.85151400010872,40.90913900040377],[140.85149500013185,40.909163999758],[140.8514980002702,40.90923999966547],[140.85149800101294,40.90924000058299],[140.85274899958,40.90995999975828],[140.85274899999155,40.90995999967597],[140.85272703213468,40.90911620866042],[140.85272100001185,40.90911300010409]]]}},{"type":"Feature","properties":{"layer_id":"scenic_nature_areas","name":"平内町","category":"nature","source":"国土交通省 国土数値情報","municipality_code":"02301","municipality_pref":"青森県","municipality_name":"平内町","municipality_code_method":"nearest_centroid"},"geometry":{"type":"Polygon","coordinates":[[[140.85527300185993,40.93514499876233],[140.85533158313797,40.935106016288664],[140.85533999987067,40.93508000018235],[140.8553649581074,40.93508380716467],[140.85550019491754,40.93499381484004],[140.85550300019287,40.934989999629266],[140.85551396890034,40.934984649046115],[140.85554782889224,40.93496211716756],[140.8555780000542,40.93489999997551],[140.85556515323879,40.934879714867435],[140.8555400001005,40.93483999990656],[140.85556000012346,40.93481799979135],[140.85557599996199,40.9347860001143],[140.855717000169,40.93457100009207],[140.855768999869,40.934548999976855],[140.85593999966082,40.93450399970031],[140.85611100035194,40.93443700020788],[140.85637800007422,40.934301000231464],[140.85668900002688,40.93408200002477],[140.8570379999333,40.93376099961094],[140.85710500032508,40.933716000233716],[140.85724599963274,40.933642999565265],[140.85761730196657,40.9335850017762],[140.857996,40.933333],[140.85785013603308,40.933229266469176],[140.8577098825346,40.93315129703522],[140.8576320003461,40.93310800007464],[140.85747000007,40.93297800037491],[140.85733300004748,40.93288799982183],[140.85697100044086,40.93271399989167],[140.8568752118511,40.93263195384208],[140.85673400030342,40.93251100042282],[140.8566037011284,40.93234284402826],[140.855981000815,40.931900000579596],[140.8559809997529,40.931900000125395],[140.85598099850446,40.93189999970776],[140.853325,40.931381],[140.853165667525,40.931688239946965],[140.8531650002941,40.93169299957276],[140.8531800000865,40.9317300003797],[140.85313865012813,40.93174033744672],[140.85311233062362,40.931791089204474],[140.8531109996025,40.93184100010256],[140.85316100010962,40.931876999964075],[140.85309499976398,40.931899000079284],[140.85305799985636,40.931954999963764],[140.85305699981026,40.93199099982527],[140.8530880003405,40.93202599964066],[140.85302099994874,40.9320709999172],[140.85298299999502,40.93218299968618],[140.8530240000871,40.93222199968603],[140.85297999985667,40.93222199968603],[140.85292099983383,40.93224199970901],[140.8528520002492,40.932335000400435],[140.85286499994936,40.93237699963931],[140.85283500036454,40.9323890001927],[140.8527633100185,40.932464103743385],[140.85275282874764,40.93248431472113],[140.85276099964997,40.9325169998002],[140.8527419996731,40.93251499970796],[140.8527363046426,40.93251617806322],[140.852293,40.933371],[140.85273896668403,40.933337355092355],[140.85274399976532,40.933333999704814],[140.8527479999498,40.93328700023536],[140.85281400029544,40.93329599975108],[140.85288099978786,40.93325699975124],[140.85298500008724,40.93322299998195],[140.8530260001793,40.933183999982106],[140.85311399974086,40.933180999843756],[140.8531860003632,40.933155000443406],[140.85321800004024,40.93312399991316],[140.8532430002938,40.93315699963631],[140.85336300043167,40.93320099986674],[140.85341800027007,40.93318800016656],[140.85343600020082,40.93323100035087],[140.85354799996978,40.93326700021238],[140.85359200020022,40.93327299958975],[140.85359200038909,40.93327300043329],[140.85369401817803,40.93338660977351],[140.85375399957698,40.9333749997969],[140.8537330004072,40.933399000004336],[140.85375200038408,40.93344200018865],[140.85382600019932,40.93349399988868],[140.8538769998532,40.93351900014224],[140.85387899994547,40.93354300034967],[140.85393499982993,40.93360200037251],[140.8539889996222,40.93362699972675],[140.85404799964502,40.93362499963452],[140.85402600042914,40.933649999888075],[140.85403490281806,40.933685222735335],[140.85404899969114,40.933740999587954],[140.85407800012916,40.933766999887624],[140.85411199989844,40.933771000072085],[140.85406757446063,40.93380261058318],[140.85492659264472,40.93475923285598],[140.85496200042553,40.934738999745534],[140.8549950001487,40.93468900013774],[140.85509200012527,40.93471899972255],[140.85515400028643,40.93471999976866],[140.85516199975604,40.93475599963017],[140.85521799964053,40.934831000390844],[140.85525400040135,40.93483999990656],[140.8552379996635,40.93487599976807],[140.85522099977888,40.93493399974478],[140.855133230962,40.93498935000646],[140.85527299962516,40.935144999582555],[140.85527300037822,40.935144999582555],[140.85527300185993,40.93514499876233]]]}},{"type":"Feature","properties":{"layer_id":"scenic_nature_areas","name":"平内町","category":"nature","source":"国土交通省 国土数値情報","municipality_code":"02301","municipality_pref":"青森県","municipality_name":"平内町","municipality_code_method":"nearest_centroid"},"geometry":{"type":"Polygon","coordinates":[[[140.86947091358402,40.97663200448673],[140.8695079719476,40.976087976702075],[140.86904504502505,40.975751985489055],[140.86874098334195,40.97556400469837],[140.86862899796213,40.975415016712965],[140.8685811054659,40.975190976705534],[140.86861806310537,40.97491997589948],[140.8687300484852,40.97471103011327],[140.86899705180474,40.9742370226438],[140.86907106690845,40.974050019416175],[140.86905000658479,40.97356497186927],[140.8689700172847,40.97301004160345],[140.8689060251252,40.972802982594885],[140.86877794098143,40.9726539955088],[140.86858596630154,40.97253100332646],[140.8683999649187,40.97243498630888],[140.86784601221592,40.9722859992228],[140.86728497105682,40.972320031367666],[140.8669170188376,40.9723400170015],[140.86596494076164,40.972218982643255],[140.86482007771664,40.97210905850956],[140.86387802348423,40.97175301151558],[140.8634449657448,40.971542039556795],[140.86333895456136,40.97135503632918],[140.86335697697515,40.97090800402448],[140.86325602807548,40.97018396074451],[140.86299196194173,40.9698400033368],[140.86272607198288,40.96926396957985],[140.86238495193624,40.9688049870838],[140.86216695537294,40.968701003871544],[140.86179302985667,40.968435033873035],[140.86157503239406,40.968279058155325],[140.8612820071911,40.96803803714901],[140.86106806117434,40.967520982730484],[140.86106806117434,40.96719002412364],[140.86116192161762,40.96669302548605],[140.86121001736066,40.96625396027536],[140.8612290524111,40.96553795333719],[140.86117508499441,40.96518197649034],[140.86103393909724,40.96487302968988],[140.8607039562548,40.96471705397218],[140.86062305594152,40.964420965678336],[140.86068299755453,40.964239972619964],[140.85960462768367,40.964283882018854],[140.85962900021045,40.96446600012912],[140.85963799964765,40.96469099775091],[140.859638,40.964691],[140.85922268392255,40.96533328019233],[140.85922799970467,40.96535099957229],[140.85920553264887,40.965359804384256],[140.8587560004024,40.96605499937772],[140.85875600042132,40.96605499966182],[140.8587900001906,40.96610300007671],[140.85885999982136,40.9661450002149],[140.858837751752,40.96618350684398],[140.85894112629438,40.96634600288675],[140.85895101211176,40.96634977944208],[140.85898300009762,40.96636200032937],[140.85898467373593,40.96637012930134],[140.85899000042042,40.96639600009864],[140.85904900044326,40.96642999986791],[140.8591309997281,40.96643700019072],[140.85913393781323,40.96643601003715],[140.85922599961242,40.966404999614355],[140.85943100007285,40.966654000305184],[140.85961899974927,40.966877999843135],[140.85978500020983,40.96713900018803],[140.8599170000018,40.96739899958747],[140.86004100032414,40.96769199960941],[140.86013300007014,40.967970999885054],[140.8602229996089,40.96836099938526],[140.860223,40.968361],[140.86022299992823,40.968361001128955],[140.8602859999312,40.96874499960536],[140.86027575215647,40.96874412546434],[140.86020399974703,40.96873800018188],[140.8601989131536,40.9687399217782],[140.860146241623,40.96956852298621],[140.86016999997776,40.96957199997114],[140.86019600027743,40.969590999948004],[140.86021100006985,40.96965100001695],[140.86025999963152,40.96969999957863],[140.86029700043846,40.96970799994756],[140.86038900018445,40.96969800038573],[140.8603999997924,40.96995200040781],[140.86038900018445,40.97029600008365],[140.8603579996542,40.97085699987396],[140.86032399988494,40.97104500044973],[140.86026599990822,40.97126899998767],[140.86020790460336,40.97125391026307],[140.86018899995463,40.9712489999647],[140.86008899983972,40.97130299975695],[140.86006300043937,40.971351000171836],[140.86003154263588,40.97137290797827],[140.86002609924992,40.97145854050351],[140.86005099988597,40.971472000355845],[140.8600237461332,40.97149555851553],[140.860007,40.971759],[140.86000700055632,40.971759000756165],[140.86004027547057,40.971783199958026],[140.86006200039324,40.97179900014705],[140.86006200039324,40.97182699963964],[140.86006263545406,40.971834621797534],[140.86016326952006,40.971971407397504],[140.86017700030055,40.97198199959292],[140.8601742461916,40.9719863273015],[140.8606116940138,40.97258092280175],[140.86061199967628,40.97258100023629],[140.8606121819187,40.972581585980414],[140.8606889997721,40.97268599969021],[140.86074400036756,40.972688999820804],[140.86081900022893,40.972694000051376],[140.86082244125885,40.97271550571476],[140.86108950888917,40.972774558075244],[140.8611009997436,40.97277300009719],[140.86110208445726,40.97277733870792],[140.86309499997074,40.97321799999354],[140.8630949999665,40.973217999934064],[140.86329500019633,40.973307999587824],[140.86347500040318,40.97339500000257],[140.86361200042572,40.973477000186726],[140.8638440003326,40.97363700037059],[140.86395500005546,40.973752000277905],[140.86390469287952,40.97377578105077],[140.8639000002171,40.973777999678255],[140.86387399991742,40.973822999954805],[140.86388899970981,40.97385699972408],[140.86386300030946,40.973881999977635],[140.86380875904757,40.973943473732994],[140.863948,40.974085],[140.8639480069146,40.97408499982028],[140.8640299999168,40.97407900006911],[140.86409600026244,40.974046000345965],[140.86415380915372,40.97407965055238],[140.86429158610738,40.97407606941625],[140.8643270001232,40.9740569999539],[140.86434743622817,40.974074617744684],[140.86455880030894,40.97406912391189],[140.8645610001223,40.97406799956185],[140.86456292983678,40.974069016576074],[140.86551751578048,40.974044204718034],[140.86552100032614,40.974043000207615],[140.86557700021064,40.97399199965437],[140.86557300002616,40.97397499976974],[140.86560299961099,40.9739579998851],[140.86564399970305,40.97398100004643],[140.86572199970277,40.97397499976974],[140.86577799958727,40.973938999908235],[140.86579600041733,40.97390500013896],[140.8658439999329,40.973910000369536],[140.86589999981737,40.9738939996317],[140.86593999986334,40.97384800020836],[140.86594800023227,40.97377000020866],[140.8660430001166,40.97376800011643],[140.8662119998162,40.973778999724374],[140.86637300004617,40.97381899977034],[140.86654900006855,40.97387399960871],[140.86668399999886,40.97393199958543],[140.8667949997217,40.97401099963124],[140.86687599985976,40.974099000092096],[140.86692400027462,40.974184999561395],[140.86692700041297,40.974284999676314],[140.86688999960603,40.974402999721974],[140.86688505783138,40.97441393817602],[140.8668290003903,40.974537999652284],[140.86681799988304,40.97464600013611],[140.8668319996293,40.974751999628396],[140.86686126896464,40.97480742394677],[140.8668789999981,40.97484100013536],[140.86690800043613,40.9749289996969],[140.86691900004405,40.97510699981151],[140.86690600034387,40.97541599967197],[140.86690596167304,40.975427038850086],[140.86690500029778,40.97570400036264],[140.8668359998138,40.97571199983224],[140.8667949997217,40.97574100027026],[140.86673899983722,40.975807999762694],[140.86673100036762,40.97584200043129],[140.86673899983722,40.97588999994686],[140.86669399956068,40.975908999923725],[140.86669399956068,40.975909999969836],[140.8666610653383,40.975959846382125],[140.8666570000131,40.976018999809526],[140.8666570018093,40.97601900085248],[140.86763832180563,40.97648136908799],[140.8676460002949,40.97645800005998],[140.86779900015597,40.976531999875206],[140.867870999879,40.97659099989804],[140.86787099995098,40.97659099997691],[140.867871,40.976591],[140.86787099999773,40.97659100002809],[140.86797600022447,40.97670599980536],[140.8680799996245,40.97681999966657],[140.86798199960185,40.97682699998937],[140.86796298163853,40.97683905989801],[140.86794100040908,40.976853000289054],[140.867922999579,40.97692500001206],[140.86794499969423,40.97695399955076],[140.8678790002479,40.97695100031173],[140.8678560000866,40.97695999982744],[140.86783958885115,40.976976908400154],[140.8678220820549,40.97719199189703],[140.86782300036342,40.97719299978043],[140.86782342697032,40.9771931161349],[140.8679452197971,40.977203028322386],[140.8679859997863,40.97720200019547],[140.86798981013945,40.977206657336055],[140.86816998068937,40.97722132063207],[140.86818299987777,40.97720999966507],[140.86819615188276,40.97722345059146],[140.8684415750084,40.977243424510284],[140.86847199971527,40.97721299980341],[140.8685172989588,40.97724958735266],[140.86871336223925,40.97726554408875],[140.86874599976034,40.977246999572685],[140.86877058676757,40.97727020134377],[140.86916145493538,40.977302012400834],[140.86947091358402,40.97663200448673]]]}},{"type":"Feature","properties":{"layer_id":"scenic_nature_areas","name":"平内町","category":"nature","source":"国土交通省 国土数値情報","municipality_code":"02301","municipality_pref":"青森県","municipality_name":"平内町","municipality_code_method":"nearest_centroid"},"geometry":{"type":"Polygon","coordinates":[[[140.85527300186013,40.9351449987622],[140.85533158313794,40.935106016288685],[140.85533999987064,40.935080000182346],[140.8553649581074,40.93508380716467],[140.85550019491748,40.93499381484009],[140.85550300019284,40.93498999962926],[140.85551396890048,40.93498464904604],[140.85554782889218,40.93496211716759],[140.85557800005418,40.9348999999755],[140.85556514514485,40.93487970227693],[140.85554000010046,40.93483999990656],[140.85556000012343,40.93481799979135],[140.85557599996196,40.9347860001143],[140.85571700016897,40.93457100009206],[140.85576899986899,40.934548999976855],[140.8559399996608,40.934503999700304],[140.85611100035192,40.93443700020787],[140.8563780000742,40.93430100023146],[140.85668900002685,40.934082000024766],[140.85703799993328,40.933760999610925],[140.85710500032505,40.933716000233716],[140.8572459996327,40.93364299956526],[140.85761730247626,40.93358500143703],[140.857996,40.933333],[140.85785013603316,40.93322926646923],[140.85770988253458,40.93315129703521],[140.85763200034606,40.933108000074625],[140.85747000006998,40.9329780003749],[140.85733300004745,40.932887999821816],[140.85697100044084,40.93271399989166],[140.85687521814634,40.93263195923801],[140.8567340003034,40.932511000422814],[140.85660370112834,40.93234284402823],[140.85598100081504,40.9319000005796],[140.85598099975286,40.93190000012539],[140.85598099850446,40.93189999970776],[140.853325,40.931381],[140.85316566752496,40.93168823994704],[140.85316500029407,40.93169299957275],[140.85318000008647,40.9317300003797],[140.85313865012816,40.9317403374467],[140.8531123306236,40.93179108920453],[140.85311099960248,40.93184100010255],[140.8531610001096,40.93187699996406],[140.85309499976395,40.93189900007927],[140.85305799985633,40.931954999963764],[140.85305699981024,40.93199099982526],[140.85308800034048,40.93202599964066],[140.8530209999487,40.932070999917194],[140.852982999995,40.93218299968618],[140.85302400008706,40.93222199968602],[140.85297999985664,40.93222199968602],[140.8529209998338,40.93224199970901],[140.85285200024916,40.93233500040043],[140.85286499994933,40.9323769996393],[140.8528350003645,40.932389000192686],[140.85276331001856,40.9324641037433],[140.8527528287476,40.932484314721165],[140.85276099964995,40.932516999800185],[140.85274199967307,40.932514999707955],[140.8527363046426,40.9325161780632],[140.852293,40.933371],[140.85273896678373,40.93333735508483],[140.8527439997653,40.933333999704814],[140.85274799994977,40.93328700023535],[140.8528140002954,40.93329599975107],[140.85288099978783,40.93325699975122],[140.85298500008722,40.93322299998194],[140.85302600017928,40.9331839999821],[140.85311399974083,40.93318099984375],[140.85318600036317,40.9331550004434],[140.85321800004021,40.93312399991315],[140.85324300029376,40.9331569996363],[140.85336300043164,40.933200999866735],[140.85341800027004,40.93318800016655],[140.8534360002008,40.93323100035087],[140.85354799996975,40.93326700021238],[140.8535920002002,40.93327299958974],[140.85359200038903,40.933273000433246],[140.853694018178,40.93338660977349],[140.85375399957695,40.93337499979688],[140.85373300040717,40.93339900000433],[140.85375200038405,40.93344200018865],[140.8538260001993,40.93349399988867],[140.85387699985318,40.933519000142226],[140.85387899994544,40.933543000349665],[140.8539349998299,40.9336020003725],[140.85398899962217,40.93362699972674],[140.854047999645,40.93362499963451],[140.85402600042912,40.93364999988807],[140.85403490281803,40.93368522273532],[140.85404899969112,40.93374099958794],[140.85407800012914,40.93376699988762],[140.8541119998984,40.93377100007208],[140.85406757446063,40.933802610583164],[140.85492659264472,40.93475923285596],[140.8549620004255,40.93473899974553],[140.85499500014868,40.93468900013773],[140.85509200012524,40.93471899972254],[140.8551540002864,40.93471999976865],[140.855161999756,40.93475599963016],[140.8552179996405,40.93483100039084],[140.85525400040132,40.93483999990656],[140.85523799966347,40.93487599976805],[140.85522099977885,40.93493399974477],[140.855133230962,40.93498935000645],[140.85527299962516,40.93514499958255],[140.8552730003782,40.93514499958255],[140.85527300186013,40.9351449987622]]]}},{"type":"Feature","properties":{"layer_id":"scenic_nature_areas","name":"青森市平内町","category":"nature","source":"国土交通省 国土数値情報","municipality_code":"02301","municipality_pref":"青森県","municipality_name":"平内町","municipality_code_method":"nearest_centroid"},"geometry":{"type":"Polygon","coordinates":[[[140.8720110003274,41.01724799964416],[140.87202846482677,41.01725088228536],[140.8722316746285,41.01696040942764],[140.87221799998073,41.016944000014284],[140.8721589999579,41.016921999899076],[140.87223299977313,41.016884999991454],[140.87224100014205,41.01683999971491],[140.87219299972716,41.01674199969223],[140.87227099972685,41.016726999899824],[140.87230799963447,41.01669900040724],[140.87232599956525,41.01664299962343],[140.8723739999801,41.01661500013085],[140.8723739999801,41.0165839996006],[140.87240399956494,41.01656100033859],[140.87249700025637,41.01657800022323],[140.87250001689773,41.01657683469289],[140.87260710620149,41.01642375872987],[140.8725930001868,41.01639800001639],[140.87263214910112,41.01638796182166],[140.87273789355328,41.01623680822105],[140.87272900016325,41.01621200043217],[140.87275344845955,41.016214573673125],[140.873005,41.015855],[140.87320630244037,41.015763238485235],[140.8732089998155,41.01570300034189],[140.87332799990727,41.01568599955793],[140.87335800039142,41.015668999673295],[140.873405999907,41.01562400029607],[140.8734360003911,41.01555299971986],[140.87351400039083,41.01555899999655],[140.8735840000216,41.015516999858356],[140.87363299958326,41.01550600025041],[140.87368800032095,41.0154630000661],[140.87372200009025,41.01540700018161],[140.8738549999283,41.01543599972031],[140.87392300036618,41.01541000031996],[140.87391109057629,41.015441968525344],[140.8743598973059,41.01523738488853],[140.87431300036468,41.015192000159374],[140.8742360004111,41.01521500032071],[140.87423100018052,41.01518900002103],[140.87429000020336,41.015133000136544],[140.87434600008785,41.0151089999291],[140.87446099999516,41.01499199992955],[140.87451599983353,41.01503900029833],[140.87457499985638,41.01503700020609],[140.87463199978697,41.014989999837326],[140.87466799964847,41.01504399962958],[140.8747398570691,41.01506418438804],[140.87504299896813,41.014926000470375],[140.87504299985457,41.01492599958391],[140.87505000017737,41.01489199981464],[140.87502099973935,41.01484100016073],[140.87508399994664,41.014790999653606],[140.87509100026946,41.01474300013804],[140.87507599957772,41.014700999999846],[140.87501300026975,41.01467199956183],[140.8750239998777,41.01463899983867],[140.87499100015455,41.01455100027714],[140.87496299976263,41.01452700006969],[140.87489300013186,41.01453100025415],[140.87487700029334,41.014478999654806],[140.87488399971681,41.01440099965511],[140.87495100010858,41.014287999840015],[140.87503300029275,41.01422000030147],[140.87511300038466,41.01416400041698],[140.87516099990023,41.01416000023252],[140.87518099992323,41.014131999840615],[140.87519100038438,41.01404200018686],[140.87523899989992,41.014013999794955],[140.87528200008424,41.013951999633775],[140.87527699985367,41.01390700025655],[140.87530300015334,41.013917999864496],[140.8753509996689,41.013917999864496],[140.87539694542383,41.013897652855086],[140.87552257314096,41.013532656176096],[140.87549299992202,41.01353100000435],[140.87547299989905,41.01349500014284],[140.87543299985307,41.0134780002582],[140.8754630003372,41.01340899977422],[140.87565599965893,41.0131450009909],[140.875656,41.013145],[140.87565600173832,41.01314499891443],[140.87601199957413,41.01284099966111],[140.87607199964307,41.01277900039925],[140.87619800005766,41.01268299956948],[140.87633900026466,41.012635000053905],[140.87640499971099,41.01265700016912],[140.87644117841572,41.01265466596885],[140.87653899959517,41.01259357787437],[140.87653899959517,41.0125859995929],[140.87655700042524,41.01255499996198],[140.87660489879113,41.012552424656505],[140.87677825523156,41.01244416574292],[140.87676900030914,41.01239199963977],[140.8768570373072,41.012394967328966],[140.87693776390452,41.01234455458569],[140.8769800001469,41.01230500012435],[140.87698400033136,41.01223999982483],[140.87703199984693,41.012206000055556],[140.87704000021586,41.01215400035553],[140.87697800005466,41.01209600037882],[140.87705099982378,41.012116000401804],[140.87714000033077,41.01213300028643],[140.87719900035358,41.01212199977916],[140.87726952918902,41.01213737134417],[140.87736299897526,41.01207900063993],[140.8773629997436,41.01207899969227],[140.877297124281,41.011999931546896],[140.87727000003048,41.01199500021778],[140.8772089999154,41.011917000218084],[140.8771509999387,41.01188200040269],[140.8771853057533,41.01186571945555],[140.8769914066158,41.01163298871509],[140.87695399984722,41.01163399975799],[140.87695717704088,41.01159190408511],[140.87682800012826,41.01143685729682],[140.87680600021673,41.01143999980484],[140.87680200003228,41.01140600003557],[140.8768005895153,41.01140395724203],[140.87676047799357,41.011355812705254],[140.87672099989425,41.0113300001281],[140.8766619998714,41.01132800003587],[140.87661400035583,41.01124699989782],[140.87661400035583,41.0111800004271],[140.876614,41.01118],[140.87661400134914,41.01117999885501],[140.87676199998631,41.01094899964532],[140.8769020001472,41.01078700026854],[140.87696999968574,41.01075199955383],[140.8770380001236,41.01074500013035],[140.8770940000081,41.010759999922755],[140.87712216327543,41.010748734514515],[140.87804799994205,41.009963000049176],[140.87804799993526,41.00996300004112],[140.878047999912,41.00996300003432],[140.87724205820936,41.01027731608804],[140.8772079998693,41.01029600010902],[140.87696955610963,41.010383591497714],[140.87553806221734,41.01094187196599],[140.8753369999226,41.01111800024421],[140.87523299962325,41.01116299962143],[140.8752359997616,41.01113099994439],[140.87520600017677,41.01109900026734],[140.87516206796445,41.01108850915998],[140.87442948997622,41.011374213475264],[140.8744120004335,41.01142299992021],[140.87434099985725,41.01141200031226],[140.87426938634349,41.01143665365159],[140.87421522135395,41.01145777791618],[140.87418199971953,41.01149100035808],[140.87418199971953,41.01151100038106],[140.87410941070405,41.01149904391074],[140.87390699962833,41.0115779839263],[140.87390699962833,41.01164300017302],[140.87384400032036,41.01162600028838],[140.87374400020545,41.01164600031137],[140.87367899990593,41.01169099968858],[140.87366200002128,41.0117699997344],[140.87362500011366,41.01174400033405],[140.8735769996988,41.011732999826776],[140.8735060000219,41.01174400033405],[140.87344699999906,41.01177199982663],[140.8733974107808,41.011776722811575],[140.87334358325177,41.01179771546706],[140.87334299969967,41.011798000126305],[140.87331700029932,41.01183199989558],[140.87329900036858,41.01186200037971],[140.87322399960792,41.011857000149135],[140.8731580001616,41.01187900026436],[140.8731170000695,41.01191099994139],[140.87312000020785,41.01193900033329],[140.87308300030023,41.01195800031017],[140.87302000009294,41.01195800031017],[140.87290500018563,41.01200299968738],[140.87285299958626,41.012047999963926],[140.87285699977073,41.012067999986904],[140.87269400034785,41.01207100012525],[140.8726340002789,41.01210399984842],[140.87261600034816,41.012137999617686],[140.8725560002792,41.01212099973306],[140.87246299958778,41.01214700003272],[140.87244982153462,41.01214628119456],[140.8723255836297,41.01219473379091],[140.87231900014174,41.0122379997326],[140.87225234509145,41.01222329671084],[140.8721607631161,41.0122590135437],[140.87215000044216,41.01231200044717],[140.87212600023474,41.01228700019361],[140.87206291084033,41.0122971757843],[140.87199318006387,41.01232437068241],[140.87194399993567,41.012351999593804],[140.87194700007402,41.0124070003315],[140.87187000012042,41.01238600026241],[140.87180699991313,41.01239699987035],[140.87173600023624,41.01243900000854],[140.87173200005176,41.01247800000839],[140.87167300002895,41.012462000169876],[140.87153800009864,41.01251900010047],[140.8714954431187,41.01251848734355],[140.87138900187162,41.01255999927007],[140.87138900042203,41.01256000019255],[140.87134600023774,41.01266699973095],[140.87135799989179,41.01268999989229],[140.87133199959212,41.012706999776924],[140.87129985421313,41.01273914600616],[140.8712951506162,41.01274859828245],[140.8712799998921,41.012788999961074],[140.8712870002149,41.01283100009928],[140.871328000307,41.01286499986855],[140.8713240001225,41.01289300026045],[140.8712799998921,41.0129100001451],[140.8712389998,41.01294600000659],[140.8712310003304,41.01298900019091],[140.87120600007685,41.01300800016777],[140.87116671985618,41.01300669076821],[140.87107600017248,41.013188999653366],[140.87107600037476,41.01318900041186],[140.87107600038854,41.01318900042702],[140.8711160004231,41.01321099963662],[140.87119100028445,41.013213999774976],[140.8713149997075,41.01324700039745],[140.87136800035293,41.01323199970572],[140.87136800035293,41.01328700044341],[140.87145499986835,41.013359000166425],[140.8715129917512,41.01334812646356],[140.87151900012176,41.01334699961304],[140.87152433490016,41.01336400489362],[140.8715349999603,41.01339800016627],[140.87156280969592,41.01341786439163],[140.8715699997757,41.01342300041983],[140.87164599968315,41.01344300044281],[140.8716909999597,41.01341900023537],[140.87174299965972,41.01340599963587],[140.87178599984404,41.01337600005106],[140.87188599995895,41.01350199956632],[140.87205310029034,41.01374875375069],[140.87207899986595,41.013787000118654],[140.87210800030397,41.01387699977242],[140.8721230000964,41.014011999702724],[140.87210099998117,41.01418100030162],[140.87208600018877,41.014299000347286],[140.872018999797,41.01446199977017],[140.87195980731926,41.01452822224836],[140.87185899961315,41.014640999930904],[140.87184715633185,41.014635600815595],[140.871484716835,41.01514638442222],[140.87150999970672,41.01519300020549],[140.87163199993685,41.01527699958257],[140.87159099984478,41.015331000274145],[140.87160200035206,41.0153999998588],[140.87166899984447,41.01545799983552],[140.87160999982163,41.01546900034279],[140.8715370000525,41.01553099960465],[140.87152400035234,41.015607000411435],[140.87145499986835,41.015588000434576],[140.87140500026055,41.01557799997342],[140.8713389999149,41.01560400027309],[140.87133499973046,41.01563800004237],[140.87126099991522,41.01562700043442],[140.87120099984628,41.01562899962733],[140.8711264676402,41.01565126266366],[140.870515,41.016513],[140.87063904002062,41.01657819623725],[140.87064100010207,41.01657800022323],[140.87067399982524,41.01659500010786],[140.87067658521067,41.016597930232024],[140.87199899978327,41.017292999886095],[140.8720110003274,41.01724799964416]]]}},{"type":"Feature","properties":{"layer_id":"scenic_nature_areas","name":"平内町","category":"nature","source":"国土交通省 国土数値情報","municipality_code":"02301","municipality_pref":"青森県","municipality_name":"平内町","municipality_code_method":"nearest_centroid"},"geometry":{"type":"Polygon","coordinates":[[[140.89266099972983,41.0097169997745],[140.89279799975236,41.00960600005163],[140.89312300035067,41.00949700042101],[140.89333500023454,41.00943800039818],[140.89390899972503,41.009304999660785],[140.89439399960787,41.009217000099255],[140.89498499988233,41.00912200021491],[140.8954220002496,41.009060000053736],[140.89563108812868,41.00903597916188],[140.89580499992528,41.009015999823305],[140.89609899999334,41.00899099956975],[140.89629700013091,41.00899099956975],[140.89651500029152,41.00900200007702],[140.8966660153488,41.009020474849805],[140.89670299996794,41.00902500023835],[140.89702799966693,41.00907699993837],[140.89729100010405,41.0091000000997],[140.89768700037925,41.00909099968466],[140.8980259998245,41.00907099966169],[140.89835699980017,41.00902900042281],[140.89870499966048,41.00897999996181],[140.89901599961317,41.00891399961616],[140.8991319995666,41.00893699977749],[140.89926057114292,41.00894470426947],[140.8993990001882,41.008952999616014],[140.89978099981775,41.008986000238494],[140.89981194999402,41.008986000238494],[140.89999699277357,41.00897600039052],[140.8999969998861,41.00897599977734],[140.89999700523546,41.0089759982845],[140.903058,41.007973],[140.90305805645315,41.00797296668118],[140.90315399978175,41.00791600035791],[140.90328400038078,41.00779700026612],[140.90340000033422,41.00766699966707],[140.90346100044928,41.00756100017479],[140.90351600028765,41.007486000313435],[140.90367000019484,41.007353999622154],[140.90394000005543,41.00714199973827],[140.9041069996628,41.00701500017689],[140.90433600033063,41.00685099980858],[140.90456099991468,41.00669699990139],[140.90517600039658,41.00634099967217],[140.90552800044134,41.00613199992663],[140.90578799984078,41.00595699995036],[140.90609499960902,41.00575799976666],[140.90632100013852,41.00562099974412],[140.90638075828983,41.00558907740877],[140.9067890001367,41.005370999906496],[140.90699699983614,41.00526899969935],[140.90713399985867,41.00516899958444],[140.90727400001956,41.00504200002305],[140.9073419995581,41.004981999954104],[140.90738191686646,41.0048090297477],[140.90741120149022,41.00445845243041],[140.9074283857359,41.00425259041948],[140.9074170003188,41.004245000141424],[140.90744312612276,41.00416662116311],[140.907434,41.004164],[140.90754400514336,41.004006166533436],[140.90763400043326,41.00382000032752],[140.90773999992552,41.00365399986697],[140.9078263699155,41.00354603805398],[140.90786000006344,41.00350400014426],[140.90796299919793,41.00340500115078],[140.907963,41.003405],[140.90796300030385,41.00340500008781],[140.9079630003167,41.00340500007547],[140.90808899983196,41.00332499998353],[140.9082629907689,41.0032548267836],[140.90915971017697,41.00265674704601],[140.90922711526363,41.002616416049534],[140.90926400005804,41.00254199984819],[140.90936600026518,41.002385999848784],[140.90940692301555,41.002345478196034],[140.90938297227083,41.00205898656775],[140.91007199595032,41.001656950942305],[140.91095299520904,41.00121802422721],[140.91037494337343,41.00074401765706],[140.91008698135357,41.00041599353804],[140.9099690217774,41.00015002443885],[140.9099690217774,40.99996896123335],[140.90995494738738,40.99967601786871],[140.90999393030012,40.99925994202748],[140.90907404975206,40.99923101173658],[140.9083430061493,40.99916203823225],[140.9076420340771,40.99904904021581],[140.90719307992117,40.99904303004657],[140.90656703576457,40.99897098176018],[140.90604801452872,40.99893394498035],[140.90569707298602,40.998922973251396],[140.90552909491626,40.99905001777887],[140.90552905804407,40.999050020476844],[140.90552901667525,40.999050051953105],[140.90508592969638,40.99908302289796],[140.90493628790384,40.99903099172166],[140.9047809390136,40.9989769919294],[140.90440002666438,40.998756026704044],[140.90439999428878,40.99875600152303],[140.90400392656443,40.99845406763589],[140.9036090414486,40.99810500927353],[140.90360897579808,40.998104954414885],[140.90355839972483,40.99806263591669],[140.90313700169574,40.99771003872209],[140.90288044939768,40.99755468353659],[140.902771960582,40.99748900964485],[140.90270590178042,40.997466980751334],[140.90242094349622,40.99737202133649],[140.90244008017004,40.99838299871119],[140.902432992613,40.99973604581663],[140.90218299996994,41.001017953850265],[140.90217297612642,41.001477005594104],[140.90235300331292,41.00163102438704],[140.90238996005309,41.00217903616836],[140.90232809479022,41.002656536604654],[140.90221702042362,41.003512027492846],[140.90238499849337,41.00374501305668],[140.90261798135924,41.003858011073135],[140.90297692147223,41.003892043217995],[140.90328503370182,41.00378903846812],[140.90354008862866,41.003516989052585],[140.9039039903014,41.00340804338127],[140.90450897503365,41.003395045479735],[140.9053029981593,41.003093017163785],[140.90554509295615,41.00314801430419],[140.9061930086249,41.00348002152056],[140.90648896921505,41.00351097888334],[140.90679799245785,41.00348002152056],[140.90667598323452,41.003838933754565],[140.90668205815493,41.00414200978071],[140.9056479655057,41.00449903523706],[140.90428601691062,41.00500001607266],[140.90343093791193,41.00523593612432],[140.90276105090626,41.00527199534108],[140.90206301512052,41.00527199534108],[140.90157993888755,41.00514599852379],[140.90119204060466,41.00489400578851],[140.9004569464554,41.00444299038648],[140.90026699704876,41.00468603846468],[140.89945393797333,41.00549198210406],[140.8988399420342,41.00620694133205],[140.89836496599486,41.006529025428954],[140.89776706971898,41.00687305208446],[140.8963434582085,41.00719359923998],[140.89508255923718,41.007143983642706],[140.89360437236837,41.0071109290609],[140.8923217044076,41.0071108598131],[140.8909956999161,41.00707773508418],[140.88980000808837,41.007077665836384],[140.88866962412834,41.007143703953545],[140.88764788366737,41.00716019572123],[140.88682176373788,41.00717668748891],[140.88560440364478,41.007209742070714],[140.88462610043865,41.00734188755284],[140.88377831314313,41.00763937339315],[140.88293042332486,41.00808556752969],[140.8822772169445,41.008631965027945],[140.88260700013743,41.00869300021656],[140.88309900034307,41.00878600000867],[140.8835979999722,41.00890400005433],[140.8840039998092,41.00901000044594],[140.88436999960027,41.0091210001688],[140.88472899996785,41.00923700012224],[140.8849739995749,41.00933800028326],[140.8852139998507,41.009420999614214],[140.88596899959413,41.009686000143574],[140.88659399963785,41.00987199972778],[140.88734600014226,41.01007700018819],[140.88766300037165,41.01016099956526],[140.88778506057753,41.01025608561917],[140.889662,41.010803],[140.8925583958917,41.00978138449593],[140.89266099972983,41.0097169997745]]]}},{"type":"Feature","properties":{"layer_id":"scenic_nature_areas","name":"平内町","category":"nature","source":"国土交通省 国土数値情報","municipality_code":"02301","municipality_pref":"青森県","municipality_name":"平内町","municipality_code_method":"nearest_centroid"},"geometry":{"type":"Polygon","coordinates":[[[140.95917606959256,40.97502402930975],[140.95847904661755,40.97581397078314],[140.95762498084284,40.97682599594397],[140.95734694117272,40.97705394968483],[140.95708702572,40.97728106484662],[140.9568469557791,40.977428025826626],[140.95655605702734,40.97763599343323],[140.9562960403221,40.97782006153666],[140.95614406015275,40.97803403895982],[140.95559405596924,40.97861000301005],[140.9548589620125,40.97941399068276],[140.95402403298127,40.98000295270839],[140.9528869661586,40.98067206891572],[140.95345104445502,40.98124600639993],[140.95380071363547,40.98141985389908],[140.95429400000003,40.98111200000008],[140.95445300000006,40.98100300000003],[140.954636,40.98082500000005],[140.95477300000005,40.98072100000006],[140.95497560184845,40.98060131628264],[140.95688441805325,40.97898960401217],[140.95725800000005,40.978567000000005],[140.95746300000005,40.97832400000006],[140.9575890000001,40.978192000000064],[140.957764,40.978045000000066],[140.9580420000001,40.97783700000009],[140.958305,40.97766800000005],[140.95850500000003,40.977539000000036],[140.9585840000001,40.97751500000001],[140.9586738872355,40.977478662607005],[140.958786,40.977384],[140.9589193725494,40.977187450979855],[140.95900200000003,40.97703400000009],[140.95908100000008,40.976719000000045],[140.959179,40.976293000000055],[140.95923500000004,40.97613700000004],[140.95931800000005,40.97596700000008],[140.95940800000005,40.975847000000016],[140.959559,40.975699000000034],[140.9597520000001,40.97553000000008],[140.959871,40.97539899999998],[140.95997500000007,40.975257000000056],[140.96003206542204,40.975170292821815],[140.95917606959256,40.97502402930975]]]}},{"type":"Feature","properties":{"layer_id":"cultural_facilities","name":"平内町歴史民俗資料館","category":"public","address":"大字小湊字小湊80","source":"国土交通省 国土数値情報","municipality_code":"02301","municipality_pref":"青森県","municipality_name":"平内町","municipality_code_method":"nearest_centroid"},"geometry":{"type":"Point","coordinates":[140.956813,40.92719]}},{"type":"Feature","properties":{"layer_id":"cultural_facilities","name":"平内町武道館","category":"public","address":"大字小湊字下槻12-1","source":"国土交通省 国土数値情報","municipality_code":"02301","municipality_pref":"青森県","municipality_name":"平内町","municipality_code_method":"nearest_centroid"},"geometry":{"type":"Point","coordinates":[140.961995139,40.9260531111]}},{"type":"Feature","properties":{"layer_id":"cultural_facilities","name":"平内町立体育館","category":"public","address":"大字小湊字下槻3-2","source":"国土交通省 国土数値情報","municipality_code":"02301","municipality_pref":"青森県","municipality_name":"平内町","municipality_code_method":"nearest_centroid"},"geometry":{"type":"Point","coordinates":[140.961219284,40.9262558862]}},{"type":"Feature","properties":{"layer_id":"cultural_facilities","name":"平内町営野球場","category":"public","address":"大字小湊字後萢119-2","source":"国土交通省 国土数値情報","municipality_code":"02301","municipality_pref":"青森県","municipality_name":"平内町","municipality_code_method":"nearest_centroid"},"geometry":{"type":"Point","coordinates":[140.953057488,40.9258497862]}},{"type":"Feature","properties":{"layer_id":"cultural_facilities","name":"平内町Ｂ＆Ｇ海洋センター（屋内プール）","category":"public","address":"大字小湊字沼館字家岸25-32","source":"国土交通省 国土数値情報","municipality_code":"02301","municipality_pref":"青森県","municipality_name":"平内町","municipality_code_method":"nearest_centroid"},"geometry":{"type":"Point","coordinates":[140.986393558,40.9242324682]}},{"type":"Feature","properties":{"layer_id":"cultural_facilities","name":"平内町営陸上競技場","category":"public","address":"大字小湊字後萢31","source":"国土交通省 国土数値情報","municipality_code":"02301","municipality_pref":"青森県","municipality_name":"平内町","municipality_code_method":"nearest_centroid"},"geometry":{"type":"Point","coordinates":[140.95111442,40.9251782787]}},{"type":"Feature","properties":{"layer_id":"cultural_facilities","name":"平内町立図書館","category":"public","address":"大字小湊字小湊79-3","source":"国土交通省 国土数値情報","municipality_code":"02301","municipality_pref":"青森県","municipality_name":"平内町","municipality_code_method":"nearest_centroid"},"geometry":{"type":"Point","coordinates":[140.954557,40.928249]}},{"type":"Feature","properties":{"layer_id":"tourism_resources","name":"大島","category":"nature","address":"海岸景観 / 陸けい砂州","source":"国土交通省 国土数値情報","municipality_code":"02301","municipality_pref":"青森県","municipality_name":"平内町","municipality_code_method":"nearest_centroid","resource_code":"810"},"geometry":{"type":"Point","coordinates":[140.87608337402344,41.01130676269531]}},{"type":"Feature","properties":{"layer_id":"tourism_resources","name":"安井崎海岸","category":"nature","address":"海岸景観 / 波食台（ベンチ）","source":"国土交通省 国土数値情報","municipality_code":"02301","municipality_pref":"青森県","municipality_name":"平内町","municipality_code_method":"nearest_centroid","resource_code":"813"},"geometry":{"type":"Point","coordinates":[140.9819793701172,40.96117401123047]}},{"type":"Feature","properties":{"layer_id":"tourism_resources","name":"口広平段丘","category":"nature","address":"海岸景観 / 海成段丘","source":"国土交通省 国土数値情報","municipality_code":"02301","municipality_pref":"青森県","municipality_name":"平内町","municipality_code_method":"nearest_centroid","resource_code":"802"},"geometry":{"type":"Point","coordinates":[141.03131103515625,40.91971969604492]}},{"type":"Feature","properties":{"layer_id":"tourism_resources","name":"大島","category":"nature","address":"水景 特殊地学景観 / 水景 節理","source":"国土交通省 国土数値情報","municipality_code":"02301","municipality_pref":"青森県","municipality_name":"平内町","municipality_code_method":"nearest_centroid","resource_code":"901"},"geometry":{"type":"Point","coordinates":[140.87228393554688,41.01371765136719]}}],"display_comment_original":"平内町周辺には、近世村の記憶として狩場沢村、清水川村、薬師野村などの旧村名が見える。 この地域には寺社や信仰の場、史跡や遺跡、城跡や陣屋跡に関わる場所が見え、福館城跡、小湊代官所跡、槻ノ木遺跡のような地点が探索の入口になる。 現地では史跡説明板、狩場沢村、清水川村ゆかりの旧境石標や村の歴史案内板が手がかりになりそうだ。さらに水辺の暮らしや堤防整備の歴史を示す案内板に加え、治水碑や河川改修の記念碑が狙い目になる。","story_enrichment":{"samurai_priority_people":[],"notable_people":["佐々木多門","畑井新喜司","蝦名賢造"],"honorary_citizens":[],"tourism_landmarks":["浅虫夏泊県立自然公園","夜越山森林公園","椿山海水浴場","椿山海岸（日本の渚百選）、大島","浅所海岸（ハクチョウ飛来地）","椿山（ツバキ自生北限地帯）〔東田沢字小湊越〕国天然記念物","藩境塚（南部・津軽境界塚）、県史跡","平内町歴史民俗資料館〔小湊字小湊〕"],"specialties":[],"food_culture":[],"historical_domains":[],"heian_place_names":[],"japan_search_support":[],"enrichment_sources":["https://ja.wikipedia.org/wiki/%E5%B9%B3%E5%86%85%E7%94%BA","https://www.wikidata.org/wiki/Q11382165","https://www.wikidata.org/wiki/Q11578428","https://www.wikidata.org/wiki/Q11625777"],"enrichment_errors":[],"wikipedia_title":"平内町","wikipedia_revision_id":"110129834","wikidata_qid":"Q1206422","wikipedia_url":"https://ja.wikipedia.org/wiki/%E5%B9%B3%E5%86%85%E7%94%BA","japan_search_query_url":"","status":"wikipedia_ok"}}