{"type":"FeatureCollection","municipality_code":"03205","pref":"岩手県","city":"花巻市","display_comment":"花巻市には、花巻村、里川口村、北万丁目村など、近世の村々の記憶を伝える地名が残っています。 周辺には寺社や信仰の場、史跡や遺跡、城跡や陣屋跡にまつわる場所が点在し、「土沢城跡」、「大迫城跡」、「寺林城跡」などを起点に歩くと、地域の歴史がぐっと見えやすくなります。 現地では史跡説明板に加え、花巻村や里川口村にゆかりのある旧境石標、村の歴史を紹介する案内板にも注目してみてください。 田・新田・用水にちなむ地名が多い場所では、土地改良碑や用水記念碑も注目したい探索対象です。 川沿いや水辺では、暮らしや堤防整備の歴史を伝える案内板、治水碑、河川改修の記念碑にも注目してみてください。 人物に目を向けるなら、武将・武士の新渡戸傳との縁をたどることで、街の歴史をより立体的に楽しめます。 「花巻神社」や「花巻城址」などの名所も、地域の物語を深掘りする絶好の入口です。","layer_counts":{"cafe_restaurant":661,"public_facilities":123,"scenic_nature_areas":3,"cultural_facilities":97,"parks_playgrounds":54,"tourism_resources":2},"total_features":940,"features":[{"type":"Feature","properties":{"layer_id":"cafe_restaurant","name":"スターバックスコーヒー花巻店","category":"food","address":"岩手県花巻市南新田330-1","source":"厚生労働省 食品衛生申請等システム（オープンデータ）","municipality_code":"03205","municipality_pref":"岩手県","municipality_name":"花巻市","municipality_code_method":"food_exact_coord"},"geometry":{"type":"Point","coordinates":[141.09499,39.40336]}},{"type":"Feature","properties":{"layer_id":"cafe_restaurant","name":"かっぱ寿司花巻店","category":"food","address":"岩手県花巻市里川口町1-2","source":"厚生労働省 食品衛生申請等システム（オープンデータ）","municipality_code":"03205","municipality_pref":"岩手県","municipality_name":"花巻市","municipality_code_method":"food_exact_coord"},"geometry":{"type":"Point","coordinates":[141.124453,39.390562]}},{"type":"Feature","properties":{"layer_id":"cafe_restaurant","name":"PRIVATE　DINING魚民","category":"food","address":"岩手県花巻市大通り一丁目5番3号 ホワイトウルフビル　2階","source":"厚生労働省 食品衛生申請等システム（オープンデータ）","municipality_code":"03205","municipality_pref":"岩手県","municipality_name":"花巻市","municipality_code_method":"food_exact_coord"},"geometry":{"type":"Point","coordinates":[141.112406,39.390736]}},{"type":"Feature","properties":{"layer_id":"cafe_restaurant","name":"魚国総本社・花巻21540","category":"food","address":"岩手県花巻市北湯口2-1-3 富士フィルムヘルスケアマニュファクチャリング株式会社","source":"厚生労働省 食品衛生申請等システム（オープンデータ）","municipality_code":"03205","municipality_pref":"岩手県","municipality_name":"花巻市","municipality_code_method":"food_exact_coord"},"geometry":{"type":"Point","coordinates":[141.092327,39.457955]}},{"type":"Feature","properties":{"layer_id":"cafe_restaurant","name":"マイヤアルテ桜台店","category":"food","address":"岩手県花巻市桜台1-12-12","source":"厚生労働省 食品衛生申請等システム（オープンデータ）","municipality_code":"03205","municipality_pref":"岩手県","municipality_name":"花巻市","municipality_code_method":"food_exact_coord"},"geometry":{"type":"Point","coordinates":[141.107709,39.398342]}},{"type":"Feature","properties":{"layer_id":"cafe_restaurant","name":"ガスト 花巻店","category":"food","address":"岩手県花巻市上小舟渡４７－２","source":"厚生労働省 食品衛生申請等システム（オープンデータ）","municipality_code":"03205","municipality_pref":"岩手県","municipality_name":"花巻市","municipality_code_method":"food_exact_coord"},"geometry":{"type":"Point","coordinates":[141.123081,39.397349]}},{"type":"Feature","properties":{"layer_id":"cafe_restaurant","name":"デイサービスセンター花湯内食堂","category":"food","address":"岩手県花巻市円万寺字中野20-3","source":"厚生労働省 食品衛生申請等システム（オープンデータ）","municipality_code":"03205","municipality_pref":"岩手県","municipality_name":"花巻市","municipality_code_method":"food_exact_coord"},"geometry":{"type":"Point","coordinates":[141.048615,39.391458]}},{"type":"Feature","properties":{"layer_id":"cafe_restaurant","name":"いわて生活協同組合コープ花巻あうる","category":"food","address":"岩手県花巻市南新田288-1","source":"厚生労働省 食品衛生申請等システム（オープンデータ）","municipality_code":"03205","municipality_pref":"岩手県","municipality_name":"花巻市","municipality_code_method":"food_exact_coord"},"geometry":{"type":"Point","coordinates":[141.09925,39.403065]}},{"type":"Feature","properties":{"layer_id":"cafe_restaurant","name":"いわて生活協同組合コープ花巻あうる","category":"food","address":"岩手県花巻市南新田288-1","source":"厚生労働省 食品衛生申請等システム（オープンデータ）","municipality_code":"03205","municipality_pref":"岩手県","municipality_name":"花巻市","municipality_code_method":"food_exact_coord"},"geometry":{"type":"Point","coordinates":[141.09925,39.403065]}},{"type":"Feature","properties":{"layer_id":"cafe_restaurant","name":"日比の","category":"food","address":"岩手県花巻市豊沢町4-6","source":"厚生労働省 食品衛生申請等システム（オープンデータ）","municipality_code":"03205","municipality_pref":"岩手県","municipality_name":"花巻市","municipality_code_method":"food_exact_coord"},"geometry":{"type":"Point","coordinates":[141.118586,39.385219]}},{"type":"Feature","properties":{"layer_id":"cafe_restaurant","name":"最上商店","category":"food","address":"岩手県花巻市東和町土沢1-232-4","source":"厚生労働省 食品衛生申請等システム（オープンデータ）","municipality_code":"03205","municipality_pref":"岩手県","municipality_name":"花巻市","municipality_code_method":"food_exact_coord"},"geometry":{"type":"Point","coordinates":[141.22487,39.389414]}},{"type":"Feature","properties":{"layer_id":"cafe_restaurant","name":"女ツ木","category":"food","address":"岩手県花巻市東和町土沢8-398","source":"厚生労働省 食品衛生申請等システム（オープンデータ）","municipality_code":"03205","municipality_pref":"岩手県","municipality_name":"花巻市","municipality_code_method":"food_exact_coord"},"geometry":{"type":"Point","coordinates":[141.22765,39.386635]}},{"type":"Feature","properties":{"layer_id":"cafe_restaurant","name":"スーパーセンタートライアル花巻店","category":"food","address":"岩手県花巻市四日町３丁目２１番地２８","source":"厚生労働省 食品衛生申請等システム（オープンデータ）","municipality_code":"03205","municipality_pref":"岩手県","municipality_name":"花巻市","municipality_code_method":"food_exact_coord"},"geometry":{"type":"Point","coordinates":[141.122198,39.401409]}},{"type":"Feature","properties":{"layer_id":"cafe_restaurant","name":"Fishman Coffee Roastery（フィッシュマンコーヒーロースタリー店）","category":"food","address":"岩手県花巻市上町1-3 盛岡屋105号室","source":"厚生労働省 食品衛生申請等システム（オープンデータ）","municipality_code":"03205","municipality_pref":"岩手県","municipality_name":"花巻市","municipality_code_method":"food_exact_coord"},"geometry":{"type":"Point","coordinates":[141.115581,39.386007]}},{"type":"Feature","properties":{"layer_id":"cafe_restaurant","name":"フィッシュマンコーヒー","category":"food","address":"岩手県花巻市大迫町大迫3-196","source":"厚生労働省 食品衛生申請等システム（オープンデータ）","municipality_code":"03205","municipality_pref":"岩手県","municipality_name":"花巻市","municipality_code_method":"food_exact_coord"},"geometry":{"type":"Point","coordinates":[141.289853,39.479065]}},{"type":"Feature","properties":{"layer_id":"cafe_restaurant","name":"美豚","category":"food","address":"岩手県花巻市二枚橋6-26-1","source":"厚生労働省 食品衛生申請等システム（オープンデータ）","municipality_code":"03205","municipality_pref":"岩手県","municipality_name":"花巻市","municipality_code_method":"food_exact_coord"},"geometry":{"type":"Point","coordinates":[141.120992,39.44324]}},{"type":"Feature","properties":{"layer_id":"cafe_restaurant","name":"スーパーアークス花巻高木店","category":"food","address":"岩手県花巻市高木16-68-6","source":"厚生労働省 食品衛生申請等システム（オープンデータ）","municipality_code":"03205","municipality_pref":"岩手県","municipality_name":"花巻市","municipality_code_method":"food_exact_coord"},"geometry":{"type":"Point","coordinates":[141.136361,39.386074]}},{"type":"Feature","properties":{"layer_id":"cafe_restaurant","name":"スーパーアークス花巻店","category":"food","address":"岩手県花巻市東宮野目12-10-2","source":"厚生労働省 食品衛生申請等システム（オープンデータ）","municipality_code":"03205","municipality_pref":"岩手県","municipality_name":"花巻市","municipality_code_method":"food_exact_coord"},"geometry":{"type":"Point","coordinates":[141.130162,39.417275]}},{"type":"Feature","properties":{"layer_id":"cafe_restaurant","name":"スーパーアークス花巻高木店","category":"food","address":"岩手県花巻市高木16-68-6","source":"厚生労働省 食品衛生申請等システム（オープンデータ）","municipality_code":"03205","municipality_pref":"岩手県","municipality_name":"花巻市","municipality_code_method":"food_exact_coord"},"geometry":{"type":"Point","coordinates":[141.136361,39.386074]}},{"type":"Feature","properties":{"layer_id":"cafe_restaurant","name":"みずかみ大迫店","category":"food","address":"岩手県花巻市大迫町大迫13-115-1","source":"厚生労働省 食品衛生申請等システム（オープンデータ）","municipality_code":"03205","municipality_pref":"岩手県","municipality_name":"花巻市","municipality_code_method":"food_exact_coord"},"geometry":{"type":"Point","coordinates":[141.289853,39.479065]}},{"type":"Feature","properties":{"layer_id":"cafe_restaurant","name":"新ばし","category":"food","address":"岩手県花巻市吹張町5-19","source":"厚生労働省 食品衛生申請等システム（オープンデータ）","municipality_code":"03205","municipality_pref":"岩手県","municipality_name":"花巻市","municipality_code_method":"food_exact_coord"},"geometry":{"type":"Point","coordinates":[141.115824,39.388177]}},{"type":"Feature","properties":{"layer_id":"cafe_restaurant","name":"大衆酒場　三重丸","category":"food","address":"岩手県花巻市双葉町7-34","source":"厚生労働省 食品衛生申請等システム（オープンデータ）","municipality_code":"03205","municipality_pref":"岩手県","municipality_name":"花巻市","municipality_code_method":"food_exact_coord"},"geometry":{"type":"Point","coordinates":[141.117534,39.383996]}},{"type":"Feature","properties":{"layer_id":"cafe_restaurant","name":"はなまるカフェ","category":"food","address":"岩手県花巻市上町3-4","source":"厚生労働省 食品衛生申請等システム（オープンデータ）","municipality_code":"03205","municipality_pref":"岩手県","municipality_name":"花巻市","municipality_code_method":"food_exact_coord"},"geometry":{"type":"Point","coordinates":[141.116306,39.385752]}},{"type":"Feature","properties":{"layer_id":"cafe_restaurant","name":"株式会社オプトル花巻事業所売店","category":"food","address":"岩手県花巻市大畑10-109","source":"厚生労働省 食品衛生申請等システム（オープンデータ）","municipality_code":"03205","municipality_pref":"岩手県","municipality_name":"花巻市","municipality_code_method":"food_exact_coord"},"geometry":{"type":"Point","coordinates":[141.096179,39.448817]}},{"type":"Feature","properties":{"layer_id":"cafe_restaurant","name":"銀河フーズ株式会社　社員食堂","category":"food","address":"岩手県花巻市南川原町191 銀河フーズ３Ｆ","source":"厚生労働省 食品衛生申請等システム（オープンデータ）","municipality_code":"03205","municipality_pref":"岩手県","municipality_name":"花巻市","municipality_code_method":"food_exact_coord"},"geometry":{"type":"Point","coordinates":[141.115097,39.382489]}},{"type":"Feature","properties":{"layer_id":"cafe_restaurant","name":"銀河プラザ　山猫軒","category":"food","address":"岩手県花巻市胡四王1-3-3","source":"厚生労働省 食品衛生申請等システム（オープンデータ）","municipality_code":"03205","municipality_pref":"岩手県","municipality_name":"花巻市","municipality_code_method":"food_exact_coord"},"geometry":{"type":"Point","coordinates":[141.1723625,39.4061175]}},{"type":"Feature","properties":{"layer_id":"cafe_restaurant","name":"宮沢賢治記念館レストハウス","category":"food","address":"岩手県花巻市矢沢3-161-33","source":"厚生労働省 食品衛生申請等システム（オープンデータ）","municipality_code":"03205","municipality_pref":"岩手県","municipality_name":"花巻市","municipality_code_method":"food_exact_coord"},"geometry":{"type":"Point","coordinates":[141.178608,39.416304]}},{"type":"Feature","properties":{"layer_id":"cafe_restaurant","name":"どんぐり軒","category":"food","address":"岩手県花巻市高木19-41-4","source":"厚生労働省 食品衛生申請等システム（オープンデータ）","municipality_code":"03205","municipality_pref":"岩手県","municipality_name":"花巻市","municipality_code_method":"food_exact_coord"},"geometry":{"type":"Point","coordinates":[141.143332,39.383457]}},{"type":"Feature","properties":{"layer_id":"cafe_restaurant","name":"銀河プラザ　山猫軒駅前店","category":"food","address":"岩手県花巻市胡四王1-3-3","source":"厚生労働省 食品衛生申請等システム（オープンデータ）","municipality_code":"03205","municipality_pref":"岩手県","municipality_name":"花巻市","municipality_code_method":"food_exact_coord"},"geometry":{"type":"Point","coordinates":[141.172384,39.406124]}},{"type":"Feature","properties":{"layer_id":"cafe_restaurant","name":"レストラン紫","category":"food","address":"岩手県花巻市中北万丁目261-2","source":"厚生労働省 食品衛生申請等システム（オープンデータ）","municipality_code":"03205","municipality_pref":"岩手県","municipality_name":"花巻市","municipality_code_method":"food_exact_coord"},"geometry":{"type":"Point","coordinates":[141.09287,39.392924]}},{"type":"Feature","properties":{"layer_id":"cafe_restaurant","name":"志多満屋","category":"food","address":"岩手県花巻市野田380-13","source":"厚生労働省 食品衛生申請等システム（オープンデータ）","municipality_code":"03205","municipality_pref":"岩手県","municipality_name":"花巻市","municipality_code_method":"food_exact_coord"},"geometry":{"type":"Point","coordinates":[141.10181,39.398044]}},{"type":"Feature","properties":{"layer_id":"cafe_restaurant","name":"さくらん","category":"food","address":"岩手県花巻市双葉町7-24 ハートヒルズビル２Ｆ","source":"厚生労働省 食品衛生申請等システム（オープンデータ）","municipality_code":"03205","municipality_pref":"岩手県","municipality_name":"花巻市","municipality_code_method":"food_exact_coord"},"geometry":{"type":"Point","coordinates":[141.117786,39.383203]}},{"type":"Feature","properties":{"layer_id":"cafe_restaurant","name":"カフェレストランきゃびん","category":"food","address":"岩手県花巻市矢沢4-62-27","source":"厚生労働省 食品衛生申請等システム（オープンデータ）","municipality_code":"03205","municipality_pref":"岩手県","municipality_name":"花巻市","municipality_code_method":"food_exact_coord"},"geometry":{"type":"Point","coordinates":[141.178608,39.416304]}},{"type":"Feature","properties":{"layer_id":"cafe_restaurant","name":"若","category":"food","address":"岩手県花巻市二枚橋町北1-17-4","source":"厚生労働省 食品衛生申請等システム（オープンデータ）","municipality_code":"03205","municipality_pref":"岩手県","municipality_name":"花巻市","municipality_code_method":"food_exact_coord"},"geometry":{"type":"Point","coordinates":[141.129399,39.443327]}},{"type":"Feature","properties":{"layer_id":"cafe_restaurant","name":"肉バルサンダー","category":"food","address":"岩手県花巻市豊沢町2-14","source":"厚生労働省 食品衛生申請等システム（オープンデータ）","municipality_code":"03205","municipality_pref":"岩手県","municipality_name":"花巻市","municipality_code_method":"food_exact_coord"},"geometry":{"type":"Point","coordinates":[141.11898,39.385468]}},{"type":"Feature","properties":{"layer_id":"cafe_restaurant","name":"ミリオン","category":"food","address":"岩手県花巻市大通り1-2-23","source":"厚生労働省 食品衛生申請等システム（オープンデータ）","municipality_code":"03205","municipality_pref":"岩手県","municipality_name":"花巻市","municipality_code_method":"food_exact_coord"},"geometry":{"type":"Point","coordinates":[141.111748,39.391455]}},{"type":"Feature","properties":{"layer_id":"cafe_restaurant","name":"かぐら","category":"food","address":"岩手県花巻市南川原町283","source":"厚生労働省 食品衛生申請等システム（オープンデータ）","municipality_code":"03205","municipality_pref":"岩手県","municipality_name":"花巻市","municipality_code_method":"food_exact_coord"},"geometry":{"type":"Point","coordinates":[141.11722,39.384014]}},{"type":"Feature","properties":{"layer_id":"cafe_restaurant","name":"早池峰","category":"food","address":"岩手県花巻市南川原町283","source":"厚生労働省 食品衛生申請等システム（オープンデータ）","municipality_code":"03205","municipality_pref":"岩手県","municipality_name":"花巻市","municipality_code_method":"food_exact_coord"},"geometry":{"type":"Point","coordinates":[141.11722,39.384014]}},{"type":"Feature","properties":{"layer_id":"cafe_restaurant","name":"銀河フーズ株式会社","category":"food","address":"岩手県花巻市城内1-43","source":"厚生労働省 食品衛生申請等システム（オープンデータ）","municipality_code":"03205","municipality_pref":"岩手県","municipality_name":"花巻市","municipality_code_method":"food_exact_coord"},"geometry":{"type":"Point","coordinates":[141.118204,39.388119]}},{"type":"Feature","properties":{"layer_id":"cafe_restaurant","name":"銀河フーズ株式会社","category":"food","address":"岩手県花巻市吹張町12-6","source":"厚生労働省 食品衛生申請等システム（オープンデータ）","municipality_code":"03205","municipality_pref":"岩手県","municipality_name":"花巻市","municipality_code_method":"food_exact_coord"},"geometry":{"type":"Point","coordinates":[141.114645,39.386226]}},{"type":"Feature","properties":{"layer_id":"cafe_restaurant","name":"春隣","category":"food","address":"岩手県花巻市大迫町大迫3-161","source":"厚生労働省 食品衛生申請等システム（オープンデータ）","municipality_code":"03205","municipality_pref":"岩手県","municipality_name":"花巻市","municipality_code_method":"food_exact_coord"},"geometry":{"type":"Point","coordinates":[141.289853,39.479065]}},{"type":"Feature","properties":{"layer_id":"cafe_restaurant","name":"ひめかみ","category":"food","address":"岩手県花巻市松園町597-10","source":"厚生労働省 食品衛生申請等システム（オープンデータ）","municipality_code":"03205","municipality_pref":"岩手県","municipality_name":"花巻市","municipality_code_method":"food_exact_coord"},"geometry":{"type":"Point","coordinates":[141.101448,39.406367]}},{"type":"Feature","properties":{"layer_id":"cafe_restaurant","name":"新亀家","category":"food","address":"岩手県花巻市四日町3-16-11","source":"厚生労働省 食品衛生申請等システム（オープンデータ）","municipality_code":"03205","municipality_pref":"岩手県","municipality_name":"花巻市","municipality_code_method":"food_exact_coord"},"geometry":{"type":"Point","coordinates":[141.121202,39.400207]}},{"type":"Feature","properties":{"layer_id":"cafe_restaurant","name":"ホテル千秋閣","category":"food","address":"岩手県花巻市湯本1-125 ホテル千秋閣１Ｆロビー","source":"厚生労働省 食品衛生申請等システム（オープンデータ）","municipality_code":"03205","municipality_pref":"岩手県","municipality_name":"花巻市","municipality_code_method":"food_exact_coord"},"geometry":{"type":"Point","coordinates":[141.068259,39.452404]}},{"type":"Feature","properties":{"layer_id":"cafe_restaurant","name":"バラ園　噴水脇売店","category":"food","address":"岩手県花巻市湯本1-125","source":"厚生労働省 食品衛生申請等システム（オープンデータ）","municipality_code":"03205","municipality_pref":"岩手県","municipality_name":"花巻市","municipality_code_method":"food_exact_coord"},"geometry":{"type":"Point","coordinates":[141.068259,39.452404]}},{"type":"Feature","properties":{"layer_id":"cafe_restaurant","name":"花巻温泉キッチンカー","category":"food","address":"岩手県花巻市湯本1-125","source":"厚生労働省 食品衛生申請等システム（オープンデータ）","municipality_code":"03205","municipality_pref":"岩手県","municipality_name":"花巻市","municipality_code_method":"food_exact_coord"},"geometry":{"type":"Point","coordinates":[141.068259,39.452404]}},{"type":"Feature","properties":{"layer_id":"cafe_restaurant","name":"ホテル千秋閣","category":"food","address":"岩手県花巻市湯本1-125","source":"厚生労働省 食品衛生申請等システム（オープンデータ）","municipality_code":"03205","municipality_pref":"岩手県","municipality_name":"花巻市","municipality_code_method":"food_exact_coord"},"geometry":{"type":"Point","coordinates":[141.09531,39.44255]}},{"type":"Feature","properties":{"layer_id":"cafe_restaurant","name":"ホテル千秋閣","category":"food","address":"岩手県花巻市湯本1-125","source":"厚生労働省 食品衛生申請等システム（オープンデータ）","municipality_code":"03205","municipality_pref":"岩手県","municipality_name":"花巻市","municipality_code_method":"food_exact_coord"},"geometry":{"type":"Point","coordinates":[141.09531,39.44255]}},{"type":"Feature","properties":{"layer_id":"cafe_restaurant","name":"バラ園中央売店","category":"food","address":"岩手県花巻市湯本1-125","source":"厚生労働省 食品衛生申請等システム（オープンデータ）","municipality_code":"03205","municipality_pref":"岩手県","municipality_name":"花巻市","municipality_code_method":"food_exact_coord"},"geometry":{"type":"Point","coordinates":[141.09531,39.44255]}},{"type":"Feature","properties":{"layer_id":"cafe_restaurant","name":"赤藤","category":"food","address":"岩手県花巻市四日町2-6-3","source":"厚生労働省 食品衛生申請等システム（オープンデータ）","municipality_code":"03205","municipality_pref":"岩手県","municipality_name":"花巻市","municipality_code_method":"food_exact_coord"},"geometry":{"type":"Point","coordinates":[141.116478,39.398891]}},{"type":"Feature","properties":{"layer_id":"cafe_restaurant","name":"株式会社赤沼商店","category":"food","address":"岩手県花巻市四日町2-2-30","source":"厚生労働省 食品衛生申請等システム（オープンデータ）","municipality_code":"03205","municipality_pref":"岩手県","municipality_name":"花巻市","municipality_code_method":"food_exact_coord"},"geometry":{"type":"Point","coordinates":[141.117055,39.397831]}},{"type":"Feature","properties":{"layer_id":"cafe_restaurant","name":"リカーアンドフレッシュ　やまそう","category":"food","address":"岩手県花巻市山の神519-2","source":"厚生労働省 食品衛生申請等システム（オープンデータ）","municipality_code":"03205","municipality_pref":"岩手県","municipality_name":"花巻市","municipality_code_method":"food_exact_coord"},"geometry":{"type":"Point","coordinates":[141.113167,39.359694]}},{"type":"Feature","properties":{"layer_id":"cafe_restaurant","name":"さかえや本店","category":"food","address":"岩手県花巻市山の神1000-1","source":"厚生労働省 食品衛生申請等システム（オープンデータ）","municipality_code":"03205","municipality_pref":"岩手県","municipality_name":"花巻市","municipality_code_method":"food_exact_coord"},"geometry":{"type":"Point","coordinates":[141.109055,39.356814]}},{"type":"Feature","properties":{"layer_id":"cafe_restaurant","name":"ローソン花巻桜町１丁目店","category":"food","address":"岩手県花巻市桜町1-566-2","source":"厚生労働省 食品衛生申請等システム（オープンデータ）","municipality_code":"03205","municipality_pref":"岩手県","municipality_name":"花巻市","municipality_code_method":"food_exact_coord"},"geometry":{"type":"Point","coordinates":[141.117975,39.374766]}},{"type":"Feature","properties":{"layer_id":"cafe_restaurant","name":"セブンーイレブンいわて花巻空港前店","category":"food","address":"岩手県花巻市二枚橋町南1-105-2","source":"厚生労働省 食品衛生申請等システム（オープンデータ）","municipality_code":"03205","municipality_pref":"岩手県","municipality_name":"花巻市","municipality_code_method":"food_exact_coord"},"geometry":{"type":"Point","coordinates":[141.133365,39.437993]}},{"type":"Feature","properties":{"layer_id":"cafe_restaurant","name":"花将","category":"food","address":"岩手県花巻市高松26-19","source":"厚生労働省 食品衛生申請等システム（オープンデータ）","municipality_code":"03205","municipality_pref":"岩手県","municipality_name":"花巻市","municipality_code_method":"food_exact_coord"},"geometry":{"type":"Point","coordinates":[141.174387,39.386267]}},{"type":"Feature","properties":{"layer_id":"cafe_restaurant","name":"お津奈","category":"food","address":"岩手県花巻市大通り2-4-3","source":"厚生労働省 食品衛生申請等システム（オープンデータ）","municipality_code":"03205","municipality_pref":"岩手県","municipality_name":"花巻市","municipality_code_method":"food_exact_coord"},"geometry":{"type":"Point","coordinates":[141.114121,39.388944]}},{"type":"Feature","properties":{"layer_id":"cafe_restaurant","name":"湯の杜 ホテル志戸平","category":"food","address":"岩手県花巻市湯口字志戸平27-1　B1主厨房","source":"厚生労働省 食品衛生申請等システム（オープンデータ）","municipality_code":"03205","municipality_pref":"岩手県","municipality_name":"花巻市","municipality_code_method":"food_exact_coord"},"geometry":{"type":"Point","coordinates":[141.013119,39.416929]}},{"type":"Feature","properties":{"layer_id":"cafe_restaurant","name":"湯の杜 ホテル志戸平","category":"food","address":"岩手県花巻市湯口字志戸平27-1","source":"厚生労働省 食品衛生申請等システム（オープンデータ）","municipality_code":"03205","municipality_pref":"岩手県","municipality_name":"花巻市","municipality_code_method":"food_exact_coord"},"geometry":{"type":"Point","coordinates":[141.013119,39.416929]}},{"type":"Feature","properties":{"layer_id":"cafe_restaurant","name":"特別養護老人ホーム　東和荘","category":"food","address":"岩手県花巻市東和町東晴山7-16","source":"厚生労働省 食品衛生申請等システム（オープンデータ）","municipality_code":"03205","municipality_pref":"岩手県","municipality_name":"花巻市","municipality_code_method":"food_exact_coord"},"geometry":{"type":"Point","coordinates":[141.252467,39.372752]}},{"type":"Feature","properties":{"layer_id":"cafe_restaurant","name":"ショートステイ　いいね","category":"food","address":"岩手県花巻市二枚橋町大通り2-18-2 三光ビル２・３階","source":"厚生労働省 食品衛生申請等システム（オープンデータ）","municipality_code":"03205","municipality_pref":"岩手県","municipality_name":"花巻市","municipality_code_method":"food_exact_coord"},"geometry":{"type":"Point","coordinates":[141.131765,39.441737]}},{"type":"Feature","properties":{"layer_id":"cafe_restaurant","name":"老健　ゆうゆうの里","category":"food","address":"岩手県花巻市石鳥谷町松林寺3-82-1","source":"厚生労働省 食品衛生申請等システム（オープンデータ）","municipality_code":"03205","municipality_pref":"岩手県","municipality_name":"花巻市","municipality_code_method":"food_exact_coord"},"geometry":{"type":"Point","coordinates":[141.097297,39.475331]}},{"type":"Feature","properties":{"layer_id":"cafe_restaurant","name":"ショートステイよろこび","category":"food","address":"岩手県花巻市石鳥谷町八幡4地割106-1","source":"厚生労働省 食品衛生申請等システム（オープンデータ）","municipality_code":"03205","municipality_pref":"岩手県","municipality_name":"花巻市","municipality_code_method":"food_exact_coord"},"geometry":{"type":"Point","coordinates":[141.150882,39.474011]}},{"type":"Feature","properties":{"layer_id":"cafe_restaurant","name":"地域密着型　特別養護老人ホーム　結いの郷","category":"food","address":"岩手県花巻市大迫町大迫13-20-1","source":"厚生労働省 食品衛生申請等システム（オープンデータ）","municipality_code":"03205","municipality_pref":"岩手県","municipality_name":"花巻市","municipality_code_method":"food_exact_coord"},"geometry":{"type":"Point","coordinates":[141.289853,39.479065]}},{"type":"Feature","properties":{"layer_id":"cafe_restaurant","name":"ファミリーマート　花巻西宮野目店","category":"food","address":"岩手県花巻市西宮野目12-106-1","source":"厚生労働省 食品衛生申請等システム（オープンデータ）","municipality_code":"03205","municipality_pref":"岩手県","municipality_name":"花巻市","municipality_code_method":"food_exact_coord"},"geometry":{"type":"Point","coordinates":[141.117852,39.420689]}},{"type":"Feature","properties":{"layer_id":"cafe_restaurant","name":"ファミリーマート花巻鍋倉店","category":"food","address":"岩手県花巻市鍋倉字館119-1","source":"厚生労働省 食品衛生申請等システム（オープンデータ）","municipality_code":"03205","municipality_pref":"岩手県","municipality_name":"花巻市","municipality_code_method":"food_exact_coord"},"geometry":{"type":"Point","coordinates":[141.071139,39.407947]}},{"type":"Feature","properties":{"layer_id":"cafe_restaurant","name":"ファミリーマート花巻南温泉峡口店","category":"food","address":"岩手県花巻市湯口蟹沢13-2","source":"厚生労働省 食品衛生申請等システム（オープンデータ）","municipality_code":"03205","municipality_pref":"岩手県","municipality_name":"花巻市","municipality_code_method":"food_exact_coord"},"geometry":{"type":"Point","coordinates":[141.028522,39.402076]}},{"type":"Feature","properties":{"layer_id":"cafe_restaurant","name":"ファミリーマートサテライト石鳥谷前店","category":"food","address":"岩手県花巻市石鳥谷町小森林1-47-3","source":"厚生労働省 食品衛生申請等システム（オープンデータ）","municipality_code":"03205","municipality_pref":"岩手県","municipality_name":"花巻市","municipality_code_method":"food_exact_coord"},"geometry":{"type":"Point","coordinates":[141.135057,39.452355]}},{"type":"Feature","properties":{"layer_id":"cafe_restaurant","name":"ファミリーマート花巻若葉町店","category":"food","address":"岩手県花巻市若葉町1-10-17","source":"厚生労働省 食品衛生申請等システム（オープンデータ）","municipality_code":"03205","municipality_pref":"岩手県","municipality_name":"花巻市","municipality_code_method":"food_exact_coord"},"geometry":{"type":"Point","coordinates":[141.103062,39.389975]}},{"type":"Feature","properties":{"layer_id":"cafe_restaurant","name":"ファミリーマート花巻大通り店","category":"food","address":"岩手県花巻市大通り1-14-25","source":"厚生労働省 食品衛生申請等システム（オープンデータ）","municipality_code":"03205","municipality_pref":"岩手県","municipality_name":"花巻市","municipality_code_method":"food_exact_coord"},"geometry":{"type":"Point","coordinates":[141.11334,39.390275]}},{"type":"Feature","properties":{"layer_id":"cafe_restaurant","name":"ファミリーマート富士大学前店","category":"food","address":"岩手県花巻市山の神397-1","source":"厚生労働省 食品衛生申請等システム（オープンデータ）","municipality_code":"03205","municipality_pref":"岩手県","municipality_name":"花巻市","municipality_code_method":"food_exact_coord"},"geometry":{"type":"Point","coordinates":[141.109876,39.360294]}},{"type":"Feature","properties":{"layer_id":"cafe_restaurant","name":"ファミリーマート花巻四日町店","category":"food","address":"岩手県花巻市四日町3-9-4","source":"厚生労働省 食品衛生申請等システム（オープンデータ）","municipality_code":"03205","municipality_pref":"岩手県","municipality_name":"花巻市","municipality_code_method":"food_exact_coord"},"geometry":{"type":"Point","coordinates":[141.118641,39.401736]}},{"type":"Feature","properties":{"layer_id":"cafe_restaurant","name":"ファミリーマート花巻桜町店","category":"food","address":"岩手県花巻市桜町1-4-1","source":"厚生労働省 食品衛生申請等システム（オープンデータ）","municipality_code":"03205","municipality_pref":"岩手県","municipality_name":"花巻市","municipality_code_method":"food_exact_coord"},"geometry":{"type":"Point","coordinates":[141.120577,39.380833]}},{"type":"Feature","properties":{"layer_id":"cafe_restaurant","name":"ファミリーマート花巻高松店","category":"food","address":"岩手県花巻市高松11-155-5","source":"厚生労働省 食品衛生申請等システム（オープンデータ）","municipality_code":"03205","municipality_pref":"岩手県","municipality_name":"花巻市","municipality_code_method":"food_exact_coord"},"geometry":{"type":"Point","coordinates":[141.174387,39.386267]}},{"type":"Feature","properties":{"layer_id":"cafe_restaurant","name":"石窯PIZZAバル　四季","category":"food","address":"岩手県花巻市松園町1-1-40","source":"厚生労働省 食品衛生申請等システム（オープンデータ）","municipality_code":"03205","municipality_pref":"岩手県","municipality_name":"花巻市","municipality_code_method":"food_exact_coord"},"geometry":{"type":"Point","coordinates":[141.11102,39.406572]}},{"type":"Feature","properties":{"layer_id":"cafe_restaurant","name":"花巻牛乳(株)","category":"food","address":"岩手県花巻市吹張町12-16 花巻中央広場","source":"厚生労働省 食品衛生申請等システム（オープンデータ）","municipality_code":"03205","municipality_pref":"岩手県","municipality_name":"花巻市","municipality_code_method":"food_exact_coord"},"geometry":{"type":"Point","coordinates":[141.114805,39.385788]}},{"type":"Feature","properties":{"layer_id":"cafe_restaurant","name":"花巻牛乳(株)","category":"food","address":"岩手県花巻市上町地内","source":"厚生労働省 食品衛生申請等システム（オープンデータ）","municipality_code":"03205","municipality_pref":"岩手県","municipality_name":"花巻市","municipality_code_method":"food_exact_coord"},"geometry":{"type":"Point","coordinates":[141.118166,39.386216]}},{"type":"Feature","properties":{"layer_id":"cafe_restaurant","name":"きょうらく","category":"food","address":"岩手県花巻市吹張町9-6","source":"厚生労働省 食品衛生申請等システム（オープンデータ）","municipality_code":"03205","municipality_pref":"岩手県","municipality_name":"花巻市","municipality_code_method":"food_exact_coord"},"geometry":{"type":"Point","coordinates":[141.114418,39.387117]}},{"type":"Feature","properties":{"layer_id":"cafe_restaurant","name":"もんのすけ農園","category":"food","address":"岩手県花巻市城内1-43","source":"厚生労働省 食品衛生申請等システム（オープンデータ）","municipality_code":"03205","municipality_pref":"岩手県","municipality_name":"花巻市","municipality_code_method":"food_exact_coord"},"geometry":{"type":"Point","coordinates":[141.118204,39.388119]}},{"type":"Feature","properties":{"layer_id":"cafe_restaurant","name":"NewDays花巻","category":"food","address":"岩手県花巻市大通り1-43-2","source":"厚生労働省 食品衛生申請等システム（オープンデータ）","municipality_code":"03205","municipality_pref":"岩手県","municipality_name":"花巻市","municipality_code_method":"food_exact_coord"},"geometry":{"type":"Point","coordinates":[141.112406,39.390736]}},{"type":"Feature","properties":{"layer_id":"cafe_restaurant","name":"㈲早池峰だんご","category":"food","address":"岩手県花巻市吹張町12丁目 花巻中央広場","source":"厚生労働省 食品衛生申請等システム（オープンデータ）","municipality_code":"03205","municipality_pref":"岩手県","municipality_name":"花巻市","municipality_code_method":"food_exact_coord"},"geometry":{"type":"Point","coordinates":[141.115221,39.388007]}},{"type":"Feature","properties":{"layer_id":"cafe_restaurant","name":"㈱あじまん　サンデー花巻南新田店","category":"food","address":"岩手県花巻市南新田272","source":"厚生労働省 食品衛生申請等システム（オープンデータ）","municipality_code":"03205","municipality_pref":"岩手県","municipality_name":"花巻市","municipality_code_method":"food_exact_coord"},"geometry":{"type":"Point","coordinates":[141.097698,39.402814]}},{"type":"Feature","properties":{"layer_id":"cafe_restaurant","name":"古川漬物店","category":"food","address":"岩手県花巻市高松26-19","source":"厚生労働省 食品衛生申請等システム（オープンデータ）","municipality_code":"03205","municipality_pref":"岩手県","municipality_name":"花巻市","municipality_code_method":"food_exact_coord"},"geometry":{"type":"Point","coordinates":[141.174387,39.386267]}},{"type":"Feature","properties":{"layer_id":"cafe_restaurant","name":"いわちく屋台","category":"food","address":"岩手県花巻市大迫町大迫10-18-3","source":"厚生労働省 食品衛生申請等システム（オープンデータ）","municipality_code":"03205","municipality_pref":"岩手県","municipality_name":"花巻市","municipality_code_method":"food_exact_coord"},"geometry":{"type":"Point","coordinates":[141.289853,39.479065]}},{"type":"Feature","properties":{"layer_id":"cafe_restaurant","name":"いけ田","category":"food","address":"岩手県花巻市東和町土沢8-65","source":"厚生労働省 食品衛生申請等システム（オープンデータ）","municipality_code":"03205","municipality_pref":"岩手県","municipality_name":"花巻市","municipality_code_method":"food_exact_coord"},"geometry":{"type":"Point","coordinates":[141.22824,39.38731]}},{"type":"Feature","properties":{"layer_id":"cafe_restaurant","name":"道とん堀　花巻店","category":"food","address":"岩手県花巻市星が丘1-29-2","source":"厚生労働省 食品衛生申請等システム（オープンデータ）","municipality_code":"03205","municipality_pref":"岩手県","municipality_name":"花巻市","municipality_code_method":"food_exact_coord"},"geometry":{"type":"Point","coordinates":[141.106009,39.402176]}},{"type":"Feature","properties":{"layer_id":"cafe_restaurant","name":"協同農産","category":"food","address":"岩手県花巻市石鳥谷町好地8-24","source":"厚生労働省 食品衛生申請等システム（オープンデータ）","municipality_code":"03205","municipality_pref":"岩手県","municipality_name":"花巻市","municipality_code_method":"food_exact_coord"},"geometry":{"type":"Point","coordinates":[141.148971,39.496963]}},{"type":"Feature","properties":{"layer_id":"cafe_restaurant","name":"協同農産","category":"food","address":"岩手県花巻市城内1-43","source":"厚生労働省 食品衛生申請等システム（オープンデータ）","municipality_code":"03205","municipality_pref":"岩手県","municipality_name":"花巻市","municipality_code_method":"food_exact_coord"},"geometry":{"type":"Point","coordinates":[141.118204,39.388119]}},{"type":"Feature","properties":{"layer_id":"cafe_restaurant","name":"モスバーガー花巻星が丘店","category":"food","address":"岩手県花巻市星が丘一丁目30-7","source":"厚生労働省 食品衛生申請等システム（オープンデータ）","municipality_code":"03205","municipality_pref":"岩手県","municipality_name":"花巻市","municipality_code_method":"food_exact_coord"},"geometry":{"type":"Point","coordinates":[141.105713,39.400957]}},{"type":"Feature","properties":{"layer_id":"cafe_restaurant","name":"星の森珈琲店","category":"food","address":"岩手県花巻市西大通り1-27-17","source":"厚生労働省 食品衛生申請等システム（オープンデータ）","municipality_code":"03205","municipality_pref":"岩手県","municipality_name":"花巻市","municipality_code_method":"food_exact_coord"},"geometry":{"type":"Point","coordinates":[141.108134,39.39361]}},{"type":"Feature","properties":{"layer_id":"cafe_restaurant","name":"スイーツ当ばんPakuPaku","category":"food","address":"岩手県花巻市豊沢町5-15","source":"厚生労働省 食品衛生申請等システム（オープンデータ）","municipality_code":"03205","municipality_pref":"岩手県","municipality_name":"花巻市","municipality_code_method":"food_exact_coord"},"geometry":{"type":"Point","coordinates":[141.118898,39.38368]}},{"type":"Feature","properties":{"layer_id":"cafe_restaurant","name":"フォレスト","category":"food","address":"岩手県花巻市松園町725","source":"厚生労働省 食品衛生申請等システム（オープンデータ）","municipality_code":"03205","municipality_pref":"岩手県","municipality_name":"花巻市","municipality_code_method":"food_exact_coord"},"geometry":{"type":"Point","coordinates":[141.101232,39.408622]}},{"type":"Feature","properties":{"layer_id":"cafe_restaurant","name":"なべ家","category":"food","address":"岩手県花巻市東和町土沢8区60-60","source":"厚生労働省 食品衛生申請等システム（オープンデータ）","municipality_code":"03205","municipality_pref":"岩手県","municipality_name":"花巻市","municipality_code_method":"food_exact_coord"},"geometry":{"type":"Point","coordinates":[141.228169,39.386849]}},{"type":"Feature","properties":{"layer_id":"cafe_restaurant","name":"セブンイレブン花巻若葉町店","category":"food","address":"岩手県花巻市若葉町3-13-12","source":"厚生労働省 食品衛生申請等システム（オープンデータ）","municipality_code":"03205","municipality_pref":"岩手県","municipality_name":"花巻市","municipality_code_method":"food_exact_coord"},"geometry":{"type":"Point","coordinates":[141.10128,39.3868]}},{"type":"Feature","properties":{"layer_id":"cafe_restaurant","name":"セブンイレブン花巻諏訪町２丁目店","category":"food","address":"岩手県花巻市諏訪町2-2-3","source":"厚生労働省 食品衛生申請等システム（オープンデータ）","municipality_code":"03205","municipality_pref":"岩手県","municipality_name":"花巻市","municipality_code_method":"food_exact_coord"},"geometry":{"type":"Point","coordinates":[141.111658,39.375042]}},{"type":"Feature","properties":{"layer_id":"cafe_restaurant","name":"松田屋旅館　湯の沢","category":"food","address":"岩手県花巻市台1-185","source":"厚生労働省 食品衛生申請等システム（オープンデータ）","municipality_code":"03205","municipality_pref":"岩手県","municipality_name":"花巻市","municipality_code_method":"food_exact_coord"},"geometry":{"type":"Point","coordinates":[141.053845,39.475897]}},{"type":"Feature","properties":{"layer_id":"cafe_restaurant","name":"松庵","category":"food","address":"岩手県花巻市台2-20","source":"厚生労働省 食品衛生申請等システム（オープンデータ）","municipality_code":"03205","municipality_pref":"岩手県","municipality_name":"花巻市","municipality_code_method":"food_exact_coord"},"geometry":{"type":"Point","coordinates":[141.053845,39.475897]}},{"type":"Feature","properties":{"layer_id":"cafe_restaurant","name":"観光荘","category":"food","address":"岩手県花巻市台1-166-1","source":"厚生労働省 食品衛生申請等システム（オープンデータ）","municipality_code":"03205","municipality_pref":"岩手県","municipality_name":"花巻市","municipality_code_method":"food_exact_coord"},"geometry":{"type":"Point","coordinates":[141.053845,39.475897]}},{"type":"Feature","properties":{"layer_id":"cafe_restaurant","name":"やぶ屋","category":"food","address":"岩手県花巻市吹張町7-17","source":"厚生労働省 食品衛生申請等システム（オープンデータ）","municipality_code":"03205","municipality_pref":"岩手県","municipality_name":"花巻市","municipality_code_method":"food_exact_coord"},"geometry":{"type":"Point","coordinates":[141.115036,39.387823]}},{"type":"Feature","properties":{"layer_id":"cafe_restaurant","name":"新鉛温泉愛隣館","category":"food","address":"岩手県花巻市鉛字西鉛23","source":"厚生労働省 食品衛生申請等システム（オープンデータ）","municipality_code":"03205","municipality_pref":"岩手県","municipality_name":"花巻市","municipality_code_method":"food_exact_coord"},"geometry":{"type":"Point","coordinates":[140.988518,39.469627]}},{"type":"Feature","properties":{"layer_id":"cafe_restaurant","name":"コンベンションホール「天神」","category":"food","address":"岩手県花巻市鉛字西鉛23 愛隣館2F","source":"厚生労働省 食品衛生申請等システム（オープンデータ）","municipality_code":"03205","municipality_pref":"岩手県","municipality_name":"花巻市","municipality_code_method":"food_exact_coord"},"geometry":{"type":"Point","coordinates":[140.988518,39.469627]}},{"type":"Feature","properties":{"layer_id":"cafe_restaurant","name":"里山ダイニング","category":"food","address":"岩手県花巻市鉛字西鉛23 愛隣館１Ｆ","source":"厚生労働省 食品衛生申請等システム（オープンデータ）","municipality_code":"03205","municipality_pref":"岩手県","municipality_name":"花巻市","municipality_code_method":"food_exact_coord"},"geometry":{"type":"Point","coordinates":[140.988518,39.469627]}},{"type":"Feature","properties":{"layer_id":"cafe_restaurant","name":"結びの宿　愛隣館","category":"food","address":"岩手県花巻市鉛字西鉛23","source":"厚生労働省 食品衛生申請等システム（オープンデータ）","municipality_code":"03205","municipality_pref":"岩手県","municipality_name":"花巻市","municipality_code_method":"food_exact_coord"},"geometry":{"type":"Point","coordinates":[140.988518,39.469627]}},{"type":"Feature","properties":{"layer_id":"cafe_restaurant","name":"東家","category":"food","address":"岩手県花巻市鉛字西鉛23","source":"厚生労働省 食品衛生申請等システム（オープンデータ）","municipality_code":"03205","municipality_pref":"岩手県","municipality_name":"花巻市","municipality_code_method":"food_exact_coord"},"geometry":{"type":"Point","coordinates":[140.988518,39.469627]}},{"type":"Feature","properties":{"layer_id":"cafe_restaurant","name":"新鉛温泉愛隣館","category":"food","address":"岩手県花巻市鉛字西鉛23","source":"厚生労働省 食品衛生申請等システム（オープンデータ）","municipality_code":"03205","municipality_pref":"岩手県","municipality_name":"花巻市","municipality_code_method":"food_exact_coord"},"geometry":{"type":"Point","coordinates":[140.988518,39.469627]}},{"type":"Feature","properties":{"layer_id":"cafe_restaurant","name":"新鉛温泉愛隣館","category":"food","address":"岩手県花巻市鉛字西鉛23","source":"厚生労働省 食品衛生申請等システム（オープンデータ）","municipality_code":"03205","municipality_pref":"岩手県","municipality_name":"花巻市","municipality_code_method":"food_exact_coord"},"geometry":{"type":"Point","coordinates":[140.988518,39.469627]}},{"type":"Feature","properties":{"layer_id":"cafe_restaurant","name":"イル・クオーレ","category":"food","address":"岩手県花巻市松園町1-4-1","source":"厚生労働省 食品衛生申請等システム（オープンデータ）","municipality_code":"03205","municipality_pref":"岩手県","municipality_name":"花巻市","municipality_code_method":"food_exact_coord"},"geometry":{"type":"Point","coordinates":[141.110094,39.406916]}},{"type":"Feature","properties":{"layer_id":"cafe_restaurant","name":"北の家族","category":"food","address":"岩手県花巻市松園町1-4-74","source":"厚生労働省 食品衛生申請等システム（オープンデータ）","municipality_code":"03205","municipality_pref":"岩手県","municipality_name":"花巻市","municipality_code_method":"food_exact_coord"},"geometry":{"type":"Point","coordinates":[141.109704,39.407169]}},{"type":"Feature","properties":{"layer_id":"cafe_restaurant","name":"みな食堂","category":"food","address":"岩手県花巻市大通り2-3-2","source":"厚生労働省 食品衛生申請等システム（オープンデータ）","municipality_code":"03205","municipality_pref":"岩手県","municipality_name":"花巻市","municipality_code_method":"food_exact_coord"},"geometry":{"type":"Point","coordinates":[141.113678,39.389228]}},{"type":"Feature","properties":{"layer_id":"cafe_restaurant","name":"（株）岩手米飯","category":"food","address":"岩手県花巻市上似内6-175-1","source":"厚生労働省 食品衛生申請等システム（オープンデータ）","municipality_code":"03205","municipality_pref":"岩手県","municipality_name":"花巻市","municipality_code_method":"food_exact_coord"},"geometry":{"type":"Point","coordinates":[141.147182,39.410989]}},{"type":"Feature","properties":{"layer_id":"cafe_restaurant","name":"（株）岩手米飯","category":"food","address":"岩手県花巻市上似内6-148-1","source":"厚生労働省 食品衛生申請等システム（オープンデータ）","municipality_code":"03205","municipality_pref":"岩手県","municipality_name":"花巻市","municipality_code_method":"food_exact_coord"},"geometry":{"type":"Point","coordinates":[141.147182,39.410989]}},{"type":"Feature","properties":{"layer_id":"cafe_restaurant","name":"一般財団法人宮沢賢治記念会","category":"food","address":"岩手県花巻市矢沢1-1-36","source":"厚生労働省 食品衛生申請等システム（オープンデータ）","municipality_code":"03205","municipality_pref":"岩手県","municipality_name":"花巻市","municipality_code_method":"food_exact_coord"},"geometry":{"type":"Point","coordinates":[141.178608,39.416304]}},{"type":"Feature","properties":{"layer_id":"cafe_restaurant","name":"通天閣","category":"food","address":"岩手県花巻市吹張町3-9","source":"厚生労働省 食品衛生申請等システム（オープンデータ）","municipality_code":"03205","municipality_pref":"岩手県","municipality_name":"花巻市","municipality_code_method":"food_exact_coord"},"geometry":{"type":"Point","coordinates":[141.114533,39.388363]}},{"type":"Feature","properties":{"layer_id":"cafe_restaurant","name":"楽らく","category":"food","address":"岩手県花巻市大通り1-8-1","source":"厚生労働省 食品衛生申請等システム（オープンデータ）","municipality_code":"03205","municipality_pref":"岩手県","municipality_name":"花巻市","municipality_code_method":"food_exact_coord"},"geometry":{"type":"Point","coordinates":[141.111691,39.393751]}},{"type":"Feature","properties":{"layer_id":"cafe_restaurant","name":"TACOSYA KITCHEN KB×89","category":"food","address":"岩手県花巻市山の神751-2","source":"厚生労働省 食品衛生申請等システム（オープンデータ）","municipality_code":"03205","municipality_pref":"岩手県","municipality_name":"花巻市","municipality_code_method":"food_exact_coord"},"geometry":{"type":"Point","coordinates":[141.110257,39.356333]}},{"type":"Feature","properties":{"layer_id":"cafe_restaurant","name":"HOTONE（ホットワン）若葉町店","category":"food","address":"岩手県花巻市若葉町3-11-22","source":"厚生労働省 食品衛生申請等システム（オープンデータ）","municipality_code":"03205","municipality_pref":"岩手県","municipality_name":"花巻市","municipality_code_method":"food_exact_coord"},"geometry":{"type":"Point","coordinates":[141.102647,39.386247]}},{"type":"Feature","properties":{"layer_id":"cafe_restaurant","name":"花巻らーめんバガボンド東バイパス店","category":"food","address":"岩手県花巻市高木10-354-1","source":"厚生労働省 食品衛生申請等システム（オープンデータ）","municipality_code":"03205","municipality_pref":"岩手県","municipality_name":"花巻市","municipality_code_method":"food_exact_coord"},"geometry":{"type":"Point","coordinates":[141.143332,39.383457]}},{"type":"Feature","properties":{"layer_id":"cafe_restaurant","name":"ホルモン遠野塾","category":"food","address":"岩手県花巻市東宮野目1-81-6","source":"厚生労働省 食品衛生申請等システム（オープンデータ）","municipality_code":"03205","municipality_pref":"岩手県","municipality_name":"花巻市","municipality_code_method":"food_exact_coord"},"geometry":{"type":"Point","coordinates":[141.130162,39.417275]}},{"type":"Feature","properties":{"layer_id":"cafe_restaurant","name":"遠野塾","category":"food","address":"岩手県花巻市吹張町12-16","source":"厚生労働省 食品衛生申請等システム（オープンデータ）","municipality_code":"03205","municipality_pref":"岩手県","municipality_name":"花巻市","municipality_code_method":"food_exact_coord"},"geometry":{"type":"Point","coordinates":[141.114805,39.385788]}},{"type":"Feature","properties":{"layer_id":"cafe_restaurant","name":"菩提樹","category":"food","address":"岩手県花巻市吹張町4-30","source":"厚生労働省 食品衛生申請等システム（オープンデータ）","municipality_code":"03205","municipality_pref":"岩手県","municipality_name":"花巻市","municipality_code_method":"food_exact_coord"},"geometry":{"type":"Point","coordinates":[141.115044,39.388393]}},{"type":"Feature","properties":{"layer_id":"cafe_restaurant","name":"かだん","category":"food","address":"岩手県花巻市花城町11-12","source":"厚生労働省 食品衛生申請等システム（オープンデータ）","municipality_code":"03205","municipality_pref":"岩手県","municipality_name":"花巻市","municipality_code_method":"food_exact_coord"},"geometry":{"type":"Point","coordinates":[141.117468,39.38751]}},{"type":"Feature","properties":{"layer_id":"cafe_restaurant","name":"栄子","category":"food","address":"岩手県花巻市吹張町4-29","source":"厚生労働省 食品衛生申請等システム（オープンデータ）","municipality_code":"03205","municipality_pref":"岩手県","municipality_name":"花巻市","municipality_code_method":"food_exact_coord"},"geometry":{"type":"Point","coordinates":[141.114954,39.388322]}},{"type":"Feature","properties":{"layer_id":"cafe_restaurant","name":"やきとりショップ佐藤","category":"food","address":"岩手県花巻市桜木町2-31-2","source":"厚生労働省 食品衛生申請等システム（オープンデータ）","municipality_code":"03205","municipality_pref":"岩手県","municipality_name":"花巻市","municipality_code_method":"food_exact_coord"},"geometry":{"type":"Point","coordinates":[141.108521,39.382084]}},{"type":"Feature","properties":{"layer_id":"cafe_restaurant","name":"民宿わらべ","category":"food","address":"岩手県花巻市桜町4-74-6","source":"厚生労働省 食品衛生申請等システム（オープンデータ）","municipality_code":"03205","municipality_pref":"岩手県","municipality_name":"花巻市","municipality_code_method":"food_exact_coord"},"geometry":{"type":"Point","coordinates":[141.122338,39.375901]}},{"type":"Feature","properties":{"layer_id":"cafe_restaurant","name":"コプチャン","category":"food","address":"岩手県花巻市東町12-16","source":"厚生労働省 食品衛生申請等システム（オープンデータ）","municipality_code":"03205","municipality_pref":"岩手県","municipality_name":"花巻市","municipality_code_method":"food_exact_coord"},"geometry":{"type":"Point","coordinates":[141.124093,39.384912]}},{"type":"Feature","properties":{"layer_id":"cafe_restaurant","name":"あじよし総本店","category":"food","address":"岩手県花巻市椚ノ目1-69-26","source":"厚生労働省 食品衛生申請等システム（オープンデータ）","municipality_code":"03205","municipality_pref":"岩手県","municipality_name":"花巻市","municipality_code_method":"food_exact_coord"},"geometry":{"type":"Point","coordinates":[141.09253,39.422504]}},{"type":"Feature","properties":{"layer_id":"cafe_restaurant","name":"岩手蓑寿司","category":"food","address":"岩手県花巻市双葉町7-30","source":"厚生労働省 食品衛生申請等システム（オープンデータ）","municipality_code":"03205","municipality_pref":"岩手県","municipality_name":"花巻市","municipality_code_method":"food_exact_coord"},"geometry":{"type":"Point","coordinates":[141.117616,39.383725]}},{"type":"Feature","properties":{"layer_id":"cafe_restaurant","name":"おもと","category":"food","address":"岩手県花巻市双葉町7-5","source":"厚生労働省 食品衛生申請等システム（オープンデータ）","municipality_code":"03205","municipality_pref":"岩手県","municipality_name":"花巻市","municipality_code_method":"food_exact_coord"},"geometry":{"type":"Point","coordinates":[141.117947,39.384169]}},{"type":"Feature","properties":{"layer_id":"cafe_restaurant","name":"ⅡOUT","category":"food","address":"岩手県花巻市双葉町7-3","source":"厚生労働省 食品衛生申請等システム（オープンデータ）","municipality_code":"03205","municipality_pref":"岩手県","municipality_name":"花巻市","municipality_code_method":"food_exact_coord"},"geometry":{"type":"Point","coordinates":[141.117701,39.384053]}},{"type":"Feature","properties":{"layer_id":"cafe_restaurant","name":"ローソン石鳥谷南店","category":"food","address":"岩手県花巻市石鳥谷町中寺林6-91-81","source":"厚生労働省 食品衛生申請等システム（オープンデータ）","municipality_code":"03205","municipality_pref":"岩手県","municipality_name":"花巻市","municipality_code_method":"food_exact_coord"},"geometry":{"type":"Point","coordinates":[141.137857,39.472417]}},{"type":"Feature","properties":{"layer_id":"cafe_restaurant","name":"ほっともっと花巻松園町店","category":"food","address":"岩手県花巻市松園町1-4-47","source":"厚生労働省 食品衛生申請等システム（オープンデータ）","municipality_code":"03205","municipality_pref":"岩手県","municipality_name":"花巻市","municipality_code_method":"food_exact_coord"},"geometry":{"type":"Point","coordinates":[141.107501,39.407251]}},{"type":"Feature","properties":{"layer_id":"cafe_restaurant","name":"にんたまラーメン花巻店","category":"food","address":"岩手県花巻市不動町1-8-6","source":"厚生労働省 食品衛生申請等システム（オープンデータ）","municipality_code":"03205","municipality_pref":"岩手県","municipality_name":"花巻市","municipality_code_method":"food_exact_coord"},"geometry":{"type":"Point","coordinates":[141.112197,39.376852]}},{"type":"Feature","properties":{"layer_id":"cafe_restaurant","name":"菊屋旅館","category":"food","address":"岩手県花巻市大通り1-14-13","source":"厚生労働省 食品衛生申請等システム（オープンデータ）","municipality_code":"03205","municipality_pref":"岩手県","municipality_name":"花巻市","municipality_code_method":"food_exact_coord"},"geometry":{"type":"Point","coordinates":[141.113459,39.390755]}},{"type":"Feature","properties":{"layer_id":"cafe_restaurant","name":"Ricco","category":"food","address":"岩手県花巻市豊沢町1-8","source":"厚生労働省 食品衛生申請等システム（オープンデータ）","municipality_code":"03205","municipality_pref":"岩手県","municipality_name":"花巻市","municipality_code_method":"food_exact_coord"},"geometry":{"type":"Point","coordinates":[141.118339,39.385454]}},{"type":"Feature","properties":{"layer_id":"cafe_restaurant","name":"わいわい屋","category":"food","address":"岩手県花巻市双葉町2-16","source":"厚生労働省 食品衛生申請等システム（オープンデータ）","municipality_code":"03205","municipality_pref":"岩手県","municipality_name":"花巻市","municipality_code_method":"food_exact_coord"},"geometry":{"type":"Point","coordinates":[141.116801,39.385228]}},{"type":"Feature","properties":{"layer_id":"cafe_restaurant","name":"パンだ。","category":"food","address":"岩手県花巻市石鳥谷町好地17-21-1","source":"厚生労働省 食品衛生申請等システム（オープンデータ）","municipality_code":"03205","municipality_pref":"岩手県","municipality_name":"花巻市","municipality_code_method":"food_exact_coord"},"geometry":{"type":"Point","coordinates":[141.148971,39.496963]}},{"type":"Feature","properties":{"layer_id":"cafe_restaurant","name":"カレーだＪ","category":"food","address":"岩手県花巻市東和町安俵2-88-4","source":"厚生労働省 食品衛生申請等システム（オープンデータ）","municipality_code":"03205","municipality_pref":"岩手県","municipality_name":"花巻市","municipality_code_method":"food_exact_coord"},"geometry":{"type":"Point","coordinates":[141.215665,39.387193]}},{"type":"Feature","properties":{"layer_id":"cafe_restaurant","name":"MISSING PIECE","category":"food","address":"岩手県花巻市桜町1-391-6","source":"厚生労働省 食品衛生申請等システム（オープンデータ）","municipality_code":"03205","municipality_pref":"岩手県","municipality_name":"花巻市","municipality_code_method":"food_exact_coord"},"geometry":{"type":"Point","coordinates":[141.11806,39.377065]}},{"type":"Feature","properties":{"layer_id":"cafe_restaurant","name":"マーマフーズ株式会社","category":"food","address":"岩手県花巻市桜町4-241-2","source":"厚生労働省 食品衛生申請等システム（オープンデータ）","municipality_code":"03205","municipality_pref":"岩手県","municipality_name":"花巻市","municipality_code_method":"food_exact_coord"},"geometry":{"type":"Point","coordinates":[141.119415,39.3744]}},{"type":"Feature","properties":{"layer_id":"cafe_restaurant","name":"障害福祉サービス事業所こぶし苑","category":"food","address":"岩手県花巻市湯口字鳥谷17番地1","source":"厚生労働省 食品衛生申請等システム（オープンデータ）","municipality_code":"03205","municipality_pref":"岩手県","municipality_name":"花巻市","municipality_code_method":"food_exact_coord"},"geometry":{"type":"Point","coordinates":[141.026468,39.402001]}},{"type":"Feature","properties":{"layer_id":"cafe_restaurant","name":"木村商店","category":"food","address":"岩手県花巻市上町12-8","source":"厚生労働省 食品衛生申請等システム（オープンデータ）","municipality_code":"03205","municipality_pref":"岩手県","municipality_name":"花巻市","municipality_code_method":"food_exact_coord"},"geometry":{"type":"Point","coordinates":[141.121323,39.386406]}},{"type":"Feature","properties":{"layer_id":"cafe_restaurant","name":"ひまつぶしcafé","category":"food","address":"岩手県花巻市石鳥谷町中寺林7-17-3","source":"厚生労働省 食品衛生申請等システム（オープンデータ）","municipality_code":"03205","municipality_pref":"岩手県","municipality_name":"花巻市","municipality_code_method":"food_exact_coord"},"geometry":{"type":"Point","coordinates":[141.137857,39.472417]}},{"type":"Feature","properties":{"layer_id":"cafe_restaurant","name":"盛田屋","category":"food","address":"岩手県花巻市石鳥谷町好地8-35","source":"厚生労働省 食品衛生申請等システム（オープンデータ）","municipality_code":"03205","municipality_pref":"岩手県","municipality_name":"花巻市","municipality_code_method":"food_exact_coord"},"geometry":{"type":"Point","coordinates":[141.148971,39.496963]}},{"type":"Feature","properties":{"layer_id":"cafe_restaurant","name":"ビオトープ　芽吹き屋","category":"food","address":"岩手県花巻市石鳥谷町好地3-87-6","source":"厚生労働省 食品衛生申請等システム（オープンデータ）","municipality_code":"03205","municipality_pref":"岩手県","municipality_name":"花巻市","municipality_code_method":"food_exact_coord"},"geometry":{"type":"Point","coordinates":[141.148971,39.496963]}},{"type":"Feature","properties":{"layer_id":"cafe_restaurant","name":"農園カフェ そら","category":"food","address":"岩手県花巻市石鳥谷町八重畑9-20-5","source":"厚生労働省 食品衛生申請等システム（オープンデータ）","municipality_code":"03205","municipality_pref":"岩手県","municipality_name":"花巻市","municipality_code_method":"food_exact_coord"},"geometry":{"type":"Point","coordinates":[141.161519,39.440317]}},{"type":"Feature","properties":{"layer_id":"cafe_restaurant","name":"(株)Paltac社員食堂","category":"food","address":"岩手県花巻市空港南2-10","source":"厚生労働省 食品衛生申請等システム（オープンデータ）","municipality_code":"03205","municipality_pref":"岩手県","municipality_name":"花巻市","municipality_code_method":"food_exact_coord"},"geometry":{"type":"Point","coordinates":[141.136773,39.409685]}},{"type":"Feature","properties":{"layer_id":"cafe_restaurant","name":"キクコウストア花巻不動店","category":"food","address":"岩手県花巻市不動73-1","source":"厚生労働省 食品衛生申請等システム（オープンデータ）","municipality_code":"03205","municipality_pref":"岩手県","municipality_name":"花巻市","municipality_code_method":"food_exact_coord"},"geometry":{"type":"Point","coordinates":[141.109264,39.378484]}},{"type":"Feature","properties":{"layer_id":"cafe_restaurant","name":"キクコウストア石鳥谷店","category":"food","address":"岩手県花巻市石鳥谷町上口3-1-1","source":"厚生労働省 食品衛生申請等システム（オープンデータ）","municipality_code":"03205","municipality_pref":"岩手県","municipality_name":"花巻市","municipality_code_method":"food_exact_coord"},"geometry":{"type":"Point","coordinates":[141.154314,39.501965]}},{"type":"Feature","properties":{"layer_id":"cafe_restaurant","name":"焼肉大将","category":"food","address":"岩手県花巻市石鳥谷町南寺林5-139-8","source":"厚生労働省 食品衛生申請等システム（オープンデータ）","municipality_code":"03205","municipality_pref":"岩手県","municipality_name":"花巻市","municipality_code_method":"food_exact_coord"},"geometry":{"type":"Point","coordinates":[141.128504,39.460424]}},{"type":"Feature","properties":{"layer_id":"cafe_restaurant","name":"パレスまほろば（２Ｆ）","category":"food","address":"岩手県花巻市東和町土沢６区108-1","source":"厚生労働省 食品衛生申請等システム（オープンデータ）","municipality_code":"03205","municipality_pref":"岩手県","municipality_name":"花巻市","municipality_code_method":"food_exact_coord"},"geometry":{"type":"Point","coordinates":[141.231363,39.383401]}},{"type":"Feature","properties":{"layer_id":"cafe_restaurant","name":"出逢いの館","category":"food","address":"岩手県花巻市双葉町6-15 大一ビル２Ｆ27.28号店","source":"厚生労働省 食品衛生申請等システム（オープンデータ）","municipality_code":"03205","municipality_pref":"岩手県","municipality_name":"花巻市","municipality_code_method":"food_exact_coord"},"geometry":{"type":"Point","coordinates":[141.117924,39.384476]}},{"type":"Feature","properties":{"layer_id":"cafe_restaurant","name":"サウスポー","category":"food","address":"岩手県花巻市双葉町6-15 大一ビル２Ｆ29号店","source":"厚生労働省 食品衛生申請等システム（オープンデータ）","municipality_code":"03205","municipality_pref":"岩手県","municipality_name":"花巻市","municipality_code_method":"food_exact_coord"},"geometry":{"type":"Point","coordinates":[141.117924,39.384476]}},{"type":"Feature","properties":{"layer_id":"cafe_restaurant","name":"BARたこ焼きスタンド","category":"food","address":"岩手県花巻市双葉町2-11 ダイヤヒルズビル１階","source":"厚生労働省 食品衛生申請等システム（オープンデータ）","municipality_code":"03205","municipality_pref":"岩手県","municipality_name":"花巻市","municipality_code_method":"food_exact_coord"},"geometry":{"type":"Point","coordinates":[141.116814,39.385431]}},{"type":"Feature","properties":{"layer_id":"cafe_restaurant","name":"ワークまほろば","category":"food","address":"岩手県花巻市東和町安俵6区94","source":"厚生労働省 食品衛生申請等システム（オープンデータ）","municipality_code":"03205","municipality_pref":"岩手県","municipality_name":"花巻市","municipality_code_method":"food_exact_coord"},"geometry":{"type":"Point","coordinates":[141.224089,39.385379]}},{"type":"Feature","properties":{"layer_id":"cafe_restaurant","name":"陽の楽屋","category":"food","address":"岩手県花巻市上町3-10 金子ビル２Ｆ","source":"厚生労働省 食品衛生申請等システム（オープンデータ）","municipality_code":"03205","municipality_pref":"岩手県","municipality_name":"花巻市","municipality_code_method":"food_exact_coord"},"geometry":{"type":"Point","coordinates":[141.116806,39.385753]}},{"type":"Feature","properties":{"layer_id":"cafe_restaurant","name":"佐々長醸造(株)","category":"food","address":"岩手県花巻市東和町土沢5-417","source":"厚生労働省 食品衛生申請等システム（オープンデータ）","municipality_code":"03205","municipality_pref":"岩手県","municipality_name":"花巻市","municipality_code_method":"food_exact_coord"},"geometry":{"type":"Point","coordinates":[141.228588,39.387637]}},{"type":"Feature","properties":{"layer_id":"cafe_restaurant","name":"鮎ハウス毘沙門","category":"food","address":"岩手県花巻市東和町北成島5-211-2","source":"厚生労働省 食品衛生申請等システム（オープンデータ）","municipality_code":"03205","municipality_pref":"岩手県","municipality_name":"花巻市","municipality_code_method":"food_exact_coord"},"geometry":{"type":"Point","coordinates":[141.201171,39.36272]}},{"type":"Feature","properties":{"layer_id":"cafe_restaurant","name":"松葉商店","category":"food","address":"岩手県花巻市東和町土沢5-380","source":"厚生労働省 食品衛生申請等システム（オープンデータ）","municipality_code":"03205","municipality_pref":"岩手県","municipality_name":"花巻市","municipality_code_method":"food_exact_coord"},"geometry":{"type":"Point","coordinates":[141.229892,39.386695]}},{"type":"Feature","properties":{"layer_id":"cafe_restaurant","name":"おやつショップまつば","category":"food","address":"岩手県花巻市東和町安俵6-94","source":"厚生労働省 食品衛生申請等システム（オープンデータ）","municipality_code":"03205","municipality_pref":"岩手県","municipality_name":"花巻市","municipality_code_method":"food_exact_coord"},"geometry":{"type":"Point","coordinates":[141.224089,39.385379]}},{"type":"Feature","properties":{"layer_id":"cafe_restaurant","name":"くるポン","category":"food","address":"岩手県花巻市高木16-68-6 銀河モール花巻内","source":"厚生労働省 食品衛生申請等システム（オープンデータ）","municipality_code":"03205","municipality_pref":"岩手県","municipality_name":"花巻市","municipality_code_method":"food_exact_coord"},"geometry":{"type":"Point","coordinates":[141.143332,39.383457]}},{"type":"Feature","properties":{"layer_id":"cafe_restaurant","name":"松葉商店","category":"food","address":"岩手県花巻市上町地内","source":"厚生労働省 食品衛生申請等システム（オープンデータ）","municipality_code":"03205","municipality_pref":"岩手県","municipality_name":"花巻市","municipality_code_method":"food_exact_coord"},"geometry":{"type":"Point","coordinates":[141.118166,39.386216]}},{"type":"Feature","properties":{"layer_id":"cafe_restaurant","name":"(有)照宗ストア","category":"food","address":"岩手県花巻市石鳥谷町好地7-125-2","source":"厚生労働省 食品衛生申請等システム（オープンデータ）","municipality_code":"03205","municipality_pref":"岩手県","municipality_name":"花巻市","municipality_code_method":"food_exact_coord"},"geometry":{"type":"Point","coordinates":[141.148971,39.496963]}},{"type":"Feature","properties":{"layer_id":"cafe_restaurant","name":"Ｅ.Ｅ.Ｈ","category":"food","address":"岩手県花巻市四日町3-22-53","source":"厚生労働省 食品衛生申請等システム（オープンデータ）","municipality_code":"03205","municipality_pref":"岩手県","municipality_name":"花巻市","municipality_code_method":"food_exact_coord"},"geometry":{"type":"Point","coordinates":[141.121399,39.398951]}},{"type":"Feature","properties":{"layer_id":"cafe_restaurant","name":"ミスタードーナツ花巻ショップ","category":"food","address":"岩手県花巻市下小舟渡118-1 イトーヨーカドー花巻店１F","source":"厚生労働省 食品衛生申請等システム（オープンデータ）","municipality_code":"03205","municipality_pref":"岩手県","municipality_name":"花巻市","municipality_code_method":"food_exact_coord"},"geometry":{"type":"Point","coordinates":[141.117825,39.393512]}},{"type":"Feature","properties":{"layer_id":"cafe_restaurant","name":"カラオケ昼いち","category":"food","address":"岩手県花巻市双葉町6-15 大一ビル1-13","source":"厚生労働省 食品衛生申請等システム（オープンデータ）","municipality_code":"03205","municipality_pref":"岩手県","municipality_name":"花巻市","municipality_code_method":"food_exact_coord"},"geometry":{"type":"Point","coordinates":[141.117925,39.384471]}},{"type":"Feature","properties":{"layer_id":"cafe_restaurant","name":"いち膳や","category":"food","address":"岩手県花巻市山の神670","source":"厚生労働省 食品衛生申請等システム（オープンデータ）","municipality_code":"03205","municipality_pref":"岩手県","municipality_name":"花巻市","municipality_code_method":"food_exact_coord"},"geometry":{"type":"Point","coordinates":[141.110635,39.356759]}},{"type":"Feature","properties":{"layer_id":"cafe_restaurant","name":"そめや旅館","category":"food","address":"岩手県花巻市台2-62","source":"厚生労働省 食品衛生申請等システム（オープンデータ）","municipality_code":"03205","municipality_pref":"岩手県","municipality_name":"花巻市","municipality_code_method":"food_exact_coord"},"geometry":{"type":"Point","coordinates":[141.053845,39.475897]}},{"type":"Feature","properties":{"layer_id":"cafe_restaurant","name":"吉野屋旅館","category":"food","address":"岩手県花巻市台2-57-1","source":"厚生労働省 食品衛生申請等システム（オープンデータ）","municipality_code":"03205","municipality_pref":"岩手県","municipality_name":"花巻市","municipality_code_method":"food_exact_coord"},"geometry":{"type":"Point","coordinates":[141.053845,39.475897]}},{"type":"Feature","properties":{"layer_id":"cafe_restaurant","name":"居酒屋しょうちゃん","category":"food","address":"岩手県花巻市轟木9-2-3","source":"厚生労働省 食品衛生申請等システム（オープンデータ）","municipality_code":"03205","municipality_pref":"岩手県","municipality_name":"花巻市","municipality_code_method":"food_exact_coord"},"geometry":{"type":"Point","coordinates":[141.050324,39.359594]}},{"type":"Feature","properties":{"layer_id":"cafe_restaurant","name":"ロベリア","category":"food","address":"岩手県花巻市双葉町5-19","source":"厚生労働省 食品衛生申請等システム（オープンデータ）","municipality_code":"03205","municipality_pref":"岩手県","municipality_name":"花巻市","municipality_code_method":"food_exact_coord"},"geometry":{"type":"Point","coordinates":[141.117433,39.384393]}},{"type":"Feature","properties":{"layer_id":"cafe_restaurant","name":"丸和商店","category":"food","address":"岩手県花巻市石鳥谷町北寺林11-107-1","source":"厚生労働省 食品衛生申請等システム（オープンデータ）","municipality_code":"03205","municipality_pref":"岩手県","municipality_name":"花巻市","municipality_code_method":"food_exact_coord"},"geometry":{"type":"Point","coordinates":[141.132003,39.48551]}},{"type":"Feature","properties":{"layer_id":"cafe_restaurant","name":"飲み処　佐藤","category":"food","address":"岩手県花巻市台5-14-6","source":"厚生労働省 食品衛生申請等システム（オープンデータ）","municipality_code":"03205","municipality_pref":"岩手県","municipality_name":"花巻市","municipality_code_method":"food_exact_coord"},"geometry":{"type":"Point","coordinates":[141.053845,39.475897]}},{"type":"Feature","properties":{"layer_id":"cafe_restaurant","name":"湯本農協湯本支店　夏まつり","category":"food","address":"岩手県花巻市湯本4-31-8","source":"厚生労働省 食品衛生申請等システム（オープンデータ）","municipality_code":"03205","municipality_pref":"岩手県","municipality_name":"花巻市","municipality_code_method":"food_exact_coord"},"geometry":{"type":"Point","coordinates":[141.09531,39.44255]}},{"type":"Feature","properties":{"layer_id":"cafe_restaurant","name":"麺屋わかな","category":"food","address":"岩手県花巻市材木町9-32","source":"厚生労働省 食品衛生申請等システム（オープンデータ）","municipality_code":"03205","municipality_pref":"岩手県","municipality_name":"花巻市","municipality_code_method":"food_exact_coord"},"geometry":{"type":"Point","coordinates":[141.10902,39.385767]}},{"type":"Feature","properties":{"layer_id":"cafe_restaurant","name":"るんカフェ♪ハートピット","category":"food","address":"岩手県花巻市星が丘1-21-29","source":"厚生労働省 食品衛生申請等システム（オープンデータ）","municipality_code":"03205","municipality_pref":"岩手県","municipality_name":"花巻市","municipality_code_method":"food_exact_coord"},"geometry":{"type":"Point","coordinates":[141.101692,39.404148]}},{"type":"Feature","properties":{"layer_id":"cafe_restaurant","name":"セブン-イレブン花巻松園町１丁目店","category":"food","address":"岩手県花巻市松園町1-4-57","source":"厚生労働省 食品衛生申請等システム（オープンデータ）","municipality_code":"03205","municipality_pref":"岩手県","municipality_name":"花巻市","municipality_code_method":"food_exact_coord"},"geometry":{"type":"Point","coordinates":[141.107963,39.407476]}},{"type":"Feature","properties":{"layer_id":"cafe_restaurant","name":"日足","category":"food","address":"岩手県花巻市末広町7-1","source":"厚生労働省 食品衛生申請等システム（オープンデータ）","municipality_code":"03205","municipality_pref":"岩手県","municipality_name":"花巻市","municipality_code_method":"food_exact_coord"},"geometry":{"type":"Point","coordinates":[141.11262,39.385667]}},{"type":"Feature","properties":{"layer_id":"cafe_restaurant","name":"母ちゃんハウスだぁすこ","category":"food","address":"岩手県花巻市野田335-2","source":"厚生労働省 食品衛生申請等システム（オープンデータ）","municipality_code":"03205","municipality_pref":"岩手県","municipality_name":"花巻市","municipality_code_method":"food_exact_coord"},"geometry":{"type":"Point","coordinates":[141.100629,39.400155]}},{"type":"Feature","properties":{"layer_id":"cafe_restaurant","name":"母ちゃんハウスだぁすこ","category":"food","address":"岩手県花巻市野田335-2","source":"厚生労働省 食品衛生申請等システム（オープンデータ）","municipality_code":"03205","municipality_pref":"岩手県","municipality_name":"花巻市","municipality_code_method":"food_exact_coord"},"geometry":{"type":"Point","coordinates":[141.100629,39.400155]}},{"type":"Feature","properties":{"layer_id":"cafe_restaurant","name":"VLG.STRP.","category":"food","address":"岩手県花巻市実相寺215-6","source":"厚生労働省 食品衛生申請等システム（オープンデータ）","municipality_code":"03205","municipality_pref":"岩手県","municipality_name":"花巻市","municipality_code_method":"food_exact_coord"},"geometry":{"type":"Point","coordinates":[141.114145,39.371088]}},{"type":"Feature","properties":{"layer_id":"cafe_restaurant","name":"セブン-イレブン花巻島バイパス店","category":"food","address":"岩手県花巻市高木21-62","source":"厚生労働省 食品衛生申請等システム（オープンデータ）","municipality_code":"03205","municipality_pref":"岩手県","municipality_name":"花巻市","municipality_code_method":"food_exact_coord"},"geometry":{"type":"Point","coordinates":[141.13827,39.38556]}},{"type":"Feature","properties":{"layer_id":"cafe_restaurant","name":"キッチンかわむら","category":"food","address":"岩手県花巻市大迫町大迫3-97","source":"厚生労働省 食品衛生申請等システム（オープンデータ）","municipality_code":"03205","municipality_pref":"岩手県","municipality_name":"花巻市","municipality_code_method":"food_exact_coord"},"geometry":{"type":"Point","coordinates":[141.289853,39.479065]}},{"type":"Feature","properties":{"layer_id":"cafe_restaurant","name":"ミツカフェ","category":"food","address":"岩手県花巻市円万寺字板橋39-9","source":"厚生労働省 食品衛生申請等システム（オープンデータ）","municipality_code":"03205","municipality_pref":"岩手県","municipality_name":"花巻市","municipality_code_method":"food_exact_coord"},"geometry":{"type":"Point","coordinates":[141.044118,39.395924]}},{"type":"Feature","properties":{"layer_id":"cafe_restaurant","name":"バダローネ","category":"food","address":"岩手県花巻市大通り1-5-12","source":"厚生労働省 食品衛生申請等システム（オープンデータ）","municipality_code":"03205","municipality_pref":"岩手県","municipality_name":"花巻市","municipality_code_method":"food_exact_coord"},"geometry":{"type":"Point","coordinates":[141.1124,39.391226]}},{"type":"Feature","properties":{"layer_id":"cafe_restaurant","name":"長助","category":"food","address":"岩手県花巻市双葉町7-32 東棟","source":"厚生労働省 食品衛生申請等システム（オープンデータ）","municipality_code":"03205","municipality_pref":"岩手県","municipality_name":"花巻市","municipality_code_method":"food_exact_coord"},"geometry":{"type":"Point","coordinates":[141.117697,39.383825]}},{"type":"Feature","properties":{"layer_id":"cafe_restaurant","name":"とな里","category":"food","address":"岩手県花巻市南川原町118","source":"厚生労働省 食品衛生申請等システム（オープンデータ）","municipality_code":"03205","municipality_pref":"岩手県","municipality_name":"花巻市","municipality_code_method":"food_exact_coord"},"geometry":{"type":"Point","coordinates":[141.117048,39.384065]}},{"type":"Feature","properties":{"layer_id":"cafe_restaurant","name":"四季の味里香","category":"food","address":"岩手県花巻市一日市3-6","source":"厚生労働省 食品衛生申請等システム（オープンデータ）","municipality_code":"03205","municipality_pref":"岩手県","municipality_name":"花巻市","municipality_code_method":"food_exact_coord"},"geometry":{"type":"Point","coordinates":[141.115672,39.394402]}},{"type":"Feature","properties":{"layer_id":"cafe_restaurant","name":"楽喜","category":"food","address":"岩手県花巻市双葉町7-11","source":"厚生労働省 食品衛生申請等システム（オープンデータ）","municipality_code":"03205","municipality_pref":"岩手県","municipality_name":"花巻市","municipality_code_method":"food_exact_coord"},"geometry":{"type":"Point","coordinates":[141.118091,39.383813]}},{"type":"Feature","properties":{"layer_id":"cafe_restaurant","name":"Greedy pig","category":"food","address":"岩手県花巻市大迫町大迫13-97-1","source":"厚生労働省 食品衛生申請等システム（オープンデータ）","municipality_code":"03205","municipality_pref":"岩手県","municipality_name":"花巻市","municipality_code_method":"food_exact_coord"},"geometry":{"type":"Point","coordinates":[141.289853,39.479065]}},{"type":"Feature","properties":{"layer_id":"cafe_restaurant","name":"Tiyoro","category":"food","address":"岩手県花巻市轟木7-203","source":"厚生労働省 食品衛生申請等システム（オープンデータ）","municipality_code":"03205","municipality_pref":"岩手県","municipality_name":"花巻市","municipality_code_method":"food_exact_coord"},"geometry":{"type":"Point","coordinates":[141.116899,39.388625]}},{"type":"Feature","properties":{"layer_id":"cafe_restaurant","name":"MARUCHO FARM","category":"food","address":"岩手県花巻市葛3-183-1","source":"厚生労働省 食品衛生申請等システム（オープンデータ）","municipality_code":"03205","municipality_pref":"岩手県","municipality_name":"花巻市","municipality_code_method":"food_exact_coord"},"geometry":{"type":"Point","coordinates":[141.149985,39.431027]}},{"type":"Feature","properties":{"layer_id":"cafe_restaurant","name":"結芽工房","category":"food","address":"岩手県花巻市石鳥谷町好地第8地割地内","source":"厚生労働省 食品衛生申請等システム（オープンデータ）","municipality_code":"03205","municipality_pref":"岩手県","municipality_name":"花巻市","municipality_code_method":"food_exact_coord"},"geometry":{"type":"Point","coordinates":[141.150063,39.495616]}},{"type":"Feature","properties":{"layer_id":"cafe_restaurant","name":"まめくら","category":"food","address":"岩手県花巻市成田17-119-7","source":"厚生労働省 食品衛生申請等システム（オープンデータ）","municipality_code":"03205","municipality_pref":"岩手県","municipality_name":"花巻市","municipality_code_method":"food_exact_coord"},"geometry":{"type":"Point","coordinates":[141.125127,39.351951]}},{"type":"Feature","properties":{"layer_id":"cafe_restaurant","name":"やまどり","category":"food","address":"岩手県花巻市大迫町大迫11-13-3","source":"厚生労働省 食品衛生申請等システム（オープンデータ）","municipality_code":"03205","municipality_pref":"岩手県","municipality_name":"花巻市","municipality_code_method":"food_exact_coord"},"geometry":{"type":"Point","coordinates":[141.289853,39.479065]}},{"type":"Feature","properties":{"layer_id":"cafe_restaurant","name":"メフォス51498号店","category":"food","address":"岩手県花巻市不動町1-1-2","source":"厚生労働省 食品衛生申請等システム（オープンデータ）","municipality_code":"03205","municipality_pref":"岩手県","municipality_name":"花巻市","municipality_code_method":"food_exact_coord"},"geometry":{"type":"Point","coordinates":[141.111984,39.379522]}},{"type":"Feature","properties":{"layer_id":"cafe_restaurant","name":"ローソン花巻矢沢店","category":"food","address":"岩手県花巻市矢沢5-316-1","source":"厚生労働省 食品衛生申請等システム（オープンデータ）","municipality_code":"03205","municipality_pref":"岩手県","municipality_name":"花巻市","municipality_code_method":"food_exact_coord"},"geometry":{"type":"Point","coordinates":[141.178608,39.416304]}},{"type":"Feature","properties":{"layer_id":"cafe_restaurant","name":"川村愛美","category":"food","address":"岩手県花巻市鍛治町8-15","source":"厚生労働省 食品衛生申請等システム（オープンデータ）","municipality_code":"03205","municipality_pref":"岩手県","municipality_name":"花巻市","municipality_code_method":"food_exact_coord"},"geometry":{"type":"Point","coordinates":[141.111161,39.384679]}},{"type":"Feature","properties":{"layer_id":"cafe_restaurant","name":"優企画","category":"food","address":"岩手県花巻市桜木町1-98","source":"厚生労働省 食品衛生申請等システム（オープンデータ）","municipality_code":"03205","municipality_pref":"岩手県","municipality_name":"花巻市","municipality_code_method":"food_exact_coord"},"geometry":{"type":"Point","coordinates":[141.111264,39.382846]}},{"type":"Feature","properties":{"layer_id":"cafe_restaurant","name":"Cafe 優しい時間","category":"food","address":"岩手県花巻市城内3-4","source":"厚生労働省 食品衛生申請等システム（オープンデータ）","municipality_code":"03205","municipality_pref":"岩手県","municipality_name":"花巻市","municipality_code_method":"food_exact_coord"},"geometry":{"type":"Point","coordinates":[141.12078,39.388931]}},{"type":"Feature","properties":{"layer_id":"cafe_restaurant","name":"宝寿荘","category":"food","address":"岩手県花巻市石鳥谷町上口1-3-3","source":"厚生労働省 食品衛生申請等システム（オープンデータ）","municipality_code":"03205","municipality_pref":"岩手県","municipality_name":"花巻市","municipality_code_method":"food_exact_coord"},"geometry":{"type":"Point","coordinates":[141.157927,39.501466]}},{"type":"Feature","properties":{"layer_id":"cafe_restaurant","name":"友月庵","category":"food","address":"岩手県花巻市大迫町亀ケ森14-57","source":"厚生労働省 食品衛生申請等システム（オープンデータ）","municipality_code":"03205","municipality_pref":"岩手県","municipality_name":"花巻市","municipality_code_method":"food_exact_coord"},"geometry":{"type":"Point","coordinates":[141.237752,39.47276]}},{"type":"Feature","properties":{"layer_id":"cafe_restaurant","name":"亀ヶ森醸造所","category":"food","address":"岩手県花巻市石鳥谷町好地8-45 宝峰酒造跡地","source":"厚生労働省 食品衛生申請等システム（オープンデータ）","municipality_code":"03205","municipality_pref":"岩手県","municipality_name":"花巻市","municipality_code_method":"food_exact_coord"},"geometry":{"type":"Point","coordinates":[141.148971,39.496963]}},{"type":"Feature","properties":{"layer_id":"cafe_restaurant","name":"ぶらん","category":"food","address":"岩手県花巻市花城町11-43","source":"厚生労働省 食品衛生申請等システム（オープンデータ）","municipality_code":"03205","municipality_pref":"岩手県","municipality_name":"花巻市","municipality_code_method":"food_exact_coord"},"geometry":{"type":"Point","coordinates":[141.116672,39.387962]}},{"type":"Feature","properties":{"layer_id":"cafe_restaurant","name":"食堂いこい","category":"food","address":"岩手県花巻市双葉町5-22","source":"厚生労働省 食品衛生申請等システム（オープンデータ）","municipality_code":"03205","municipality_pref":"岩手県","municipality_name":"花巻市","municipality_code_method":"food_exact_coord"},"geometry":{"type":"Point","coordinates":[141.117629,39.384711]}},{"type":"Feature","properties":{"layer_id":"cafe_restaurant","name":"パーティーパラダイス","category":"food","address":"岩手県花巻市南川原町290-1 大一土地ビル３Ｆ","source":"厚生労働省 食品衛生申請等システム（オープンデータ）","municipality_code":"03205","municipality_pref":"岩手県","municipality_name":"花巻市","municipality_code_method":"food_exact_coord"},"geometry":{"type":"Point","coordinates":[141.117322,39.383855]}},{"type":"Feature","properties":{"layer_id":"cafe_restaurant","name":"花月食堂","category":"food","address":"岩手県花巻市東和町東晴山8-195","source":"厚生労働省 食品衛生申請等システム（オープンデータ）","municipality_code":"03205","municipality_pref":"岩手県","municipality_name":"花巻市","municipality_code_method":"food_exact_coord"},"geometry":{"type":"Point","coordinates":[141.259763,39.364547]}},{"type":"Feature","properties":{"layer_id":"cafe_restaurant","name":"はた織り茶房悠ゆう","category":"food","address":"岩手県花巻市四日町1-9-27","source":"厚生労働省 食品衛生申請等システム（オープンデータ）","municipality_code":"03205","municipality_pref":"岩手県","municipality_name":"花巻市","municipality_code_method":"food_exact_coord"},"geometry":{"type":"Point","coordinates":[141.118686,39.399133]}},{"type":"Feature","properties":{"layer_id":"cafe_restaurant","name":"味楽苑","category":"food","address":"岩手県花巻市北笹間15-26-1","source":"厚生労働省 食品衛生申請等システム（オープンデータ）","municipality_code":"03205","municipality_pref":"岩手県","municipality_name":"花巻市","municipality_code_method":"food_exact_coord"},"geometry":{"type":"Point","coordinates":[141.04681,39.346607]}},{"type":"Feature","properties":{"layer_id":"cafe_restaurant","name":"味楽苑　本店","category":"food","address":"岩手県花巻市北笹間9-32","source":"厚生労働省 食品衛生申請等システム（オープンデータ）","municipality_code":"03205","municipality_pref":"岩手県","municipality_name":"花巻市","municipality_code_method":"food_exact_coord"},"geometry":{"type":"Point","coordinates":[141.059121,39.347184]}},{"type":"Feature","properties":{"layer_id":"cafe_restaurant","name":"焼き肉レストラン大門","category":"food","address":"岩手県花巻市下似内17-110-4","source":"厚生労働省 食品衛生申請等システム（オープンデータ）","municipality_code":"03205","municipality_pref":"岩手県","municipality_name":"花巻市","municipality_code_method":"food_exact_coord"},"geometry":{"type":"Point","coordinates":[141.130772,39.403321]}},{"type":"Feature","properties":{"layer_id":"cafe_restaurant","name":"Cafe Rise","category":"food","address":"岩手県花巻市高木2-11-2","source":"厚生労働省 食品衛生申請等システム（オープンデータ）","municipality_code":"03205","municipality_pref":"岩手県","municipality_name":"花巻市","municipality_code_method":"food_exact_coord"},"geometry":{"type":"Point","coordinates":[141.143332,39.383457]}},{"type":"Feature","properties":{"layer_id":"cafe_restaurant","name":"（株）花巻給食センター","category":"food","address":"岩手県花巻市桜町1-280","source":"厚生労働省 食品衛生申請等システム（オープンデータ）","municipality_code":"03205","municipality_pref":"岩手県","municipality_name":"花巻市","municipality_code_method":"food_exact_coord"},"geometry":{"type":"Point","coordinates":[141.118603,39.377025]}},{"type":"Feature","properties":{"layer_id":"cafe_restaurant","name":"みやかわジンギスカン","category":"food","address":"岩手県花巻市桜木町2-24","source":"厚生労働省 食品衛生申請等システム（オープンデータ）","municipality_code":"03205","municipality_pref":"岩手県","municipality_name":"花巻市","municipality_code_method":"food_exact_coord"},"geometry":{"type":"Point","coordinates":[141.108866,39.381928]}},{"type":"Feature","properties":{"layer_id":"cafe_restaurant","name":"御宿玉川","category":"food","address":"岩手県花巻市大通り1-19-28","source":"厚生労働省 食品衛生申請等システム（オープンデータ）","municipality_code":"03205","municipality_pref":"岩手県","municipality_name":"花巻市","municipality_code_method":"food_exact_coord"},"geometry":{"type":"Point","coordinates":[141.113481,39.38985]}},{"type":"Feature","properties":{"layer_id":"cafe_restaurant","name":"東和おもしろ作戦研究所","category":"food","address":"岩手県花巻市東和町土沢5区372番地","source":"厚生労働省 食品衛生申請等システム（オープンデータ）","municipality_code":"03205","municipality_pref":"岩手県","municipality_name":"花巻市","municipality_code_method":"food_exact_coord"},"geometry":{"type":"Point","coordinates":[141.229991,39.386596]}},{"type":"Feature","properties":{"layer_id":"cafe_restaurant","name":"wacco","category":"food","address":"岩手県花巻市東和町土沢8-231 1F","source":"厚生労働省 食品衛生申請等システム（オープンデータ）","municipality_code":"03205","municipality_pref":"岩手県","municipality_name":"花巻市","municipality_code_method":"food_exact_coord"},"geometry":{"type":"Point","coordinates":[141.232316,39.383984]}},{"type":"Feature","properties":{"layer_id":"cafe_restaurant","name":"花巻温泉郷台温泉歴史の宿　はな台の湯","category":"food","address":"岩手県花巻市台2-64","source":"厚生労働省 食品衛生申請等システム（オープンデータ）","municipality_code":"03205","municipality_pref":"岩手県","municipality_name":"花巻市","municipality_code_method":"food_exact_coord"},"geometry":{"type":"Point","coordinates":[141.053845,39.475897]}},{"type":"Feature","properties":{"layer_id":"cafe_restaurant","name":"ちえの輪　空飛ぶ本屋","category":"food","address":"岩手県花巻市東和町土沢8-130","source":"厚生労働省 食品衛生申請等システム（オープンデータ）","municipality_code":"03205","municipality_pref":"岩手県","municipality_name":"花巻市","municipality_code_method":"food_exact_coord"},"geometry":{"type":"Point","coordinates":[141.231939,39.385017]}},{"type":"Feature","properties":{"layer_id":"cafe_restaurant","name":"民宿　久保屋","category":"food","address":"岩手県花巻市東和町土沢8区127","source":"厚生労働省 食品衛生申請等システム（オープンデータ）","municipality_code":"03205","municipality_pref":"岩手県","municipality_name":"花巻市","municipality_code_method":"food_exact_coord"},"geometry":{"type":"Point","coordinates":[141.231493,39.385111]}},{"type":"Feature","properties":{"layer_id":"cafe_restaurant","name":"Breath　藤","category":"food","address":"岩手県花巻市北湯口5-377","source":"厚生労働省 食品衛生申請等システム（オープンデータ）","municipality_code":"03205","municipality_pref":"岩手県","municipality_name":"花巻市","municipality_code_method":"food_exact_coord"},"geometry":{"type":"Point","coordinates":[141.092327,39.457955]}},{"type":"Feature","properties":{"layer_id":"cafe_restaurant","name":"Baker's 823","category":"food","address":"岩手県花巻市東和町土沢6-108-1","source":"厚生労働省 食品衛生申請等システム（オープンデータ）","municipality_code":"03205","municipality_pref":"岩手県","municipality_name":"花巻市","municipality_code_method":"food_exact_coord"},"geometry":{"type":"Point","coordinates":[141.231363,39.383401]}},{"type":"Feature","properties":{"layer_id":"cafe_restaurant","name":"カフェねまーる","category":"food","address":"岩手県花巻市大迫町大迫3-208","source":"厚生労働省 食品衛生申請等システム（オープンデータ）","municipality_code":"03205","municipality_pref":"岩手県","municipality_name":"花巻市","municipality_code_method":"food_exact_coord"},"geometry":{"type":"Point","coordinates":[141.289853,39.479065]}},{"type":"Feature","properties":{"layer_id":"cafe_restaurant","name":"小さな百貨店 ぷらっと","category":"food","address":"岩手県花巻市石鳥谷町好地8-28","source":"厚生労働省 食品衛生申請等システム（オープンデータ）","municipality_code":"03205","municipality_pref":"岩手県","municipality_name":"花巻市","municipality_code_method":"food_exact_coord"},"geometry":{"type":"Point","coordinates":[141.148971,39.496963]}},{"type":"Feature","properties":{"layer_id":"cafe_restaurant","name":"レストラン マグノリア","category":"food","address":"岩手県花巻市東町9-30","source":"厚生労働省 食品衛生申請等システム（オープンデータ）","municipality_code":"03205","municipality_pref":"岩手県","municipality_name":"花巻市","municipality_code_method":"food_exact_coord"},"geometry":{"type":"Point","coordinates":[141.120343,39.383951]}},{"type":"Feature","properties":{"layer_id":"cafe_restaurant","name":"Legame","category":"food","address":"岩手県花巻市吹張町12-5","source":"厚生労働省 食品衛生申請等システム（オープンデータ）","municipality_code":"03205","municipality_pref":"岩手県","municipality_name":"花巻市","municipality_code_method":"food_exact_coord"},"geometry":{"type":"Point","coordinates":[141.114521,39.386183]}},{"type":"Feature","properties":{"layer_id":"cafe_restaurant","name":"Legame dall' orto","category":"food","address":"岩手県花巻市上町4-16","source":"厚生労働省 食品衛生申請等システム（オープンデータ）","municipality_code":"03205","municipality_pref":"岩手県","municipality_name":"花巻市","municipality_code_method":"food_exact_coord"},"geometry":{"type":"Point","coordinates":[141.116495,39.386257]}},{"type":"Feature","properties":{"layer_id":"cafe_restaurant","name":"新亀家","category":"food","address":"岩手県花巻市石鳥谷町好地16-52-25","source":"厚生労働省 食品衛生申請等システム（オープンデータ）","municipality_code":"03205","municipality_pref":"岩手県","municipality_name":"花巻市","municipality_code_method":"food_exact_coord"},"geometry":{"type":"Point","coordinates":[141.148971,39.496963]}},{"type":"Feature","properties":{"layer_id":"cafe_restaurant","name":"フードコートあじきゅう","category":"food","address":"岩手県花巻市高木16-68-6","source":"厚生労働省 食品衛生申請等システム（オープンデータ）","municipality_code":"03205","municipality_pref":"岩手県","municipality_name":"花巻市","municipality_code_method":"food_exact_coord"},"geometry":{"type":"Point","coordinates":[141.143332,39.383457]}},{"type":"Feature","properties":{"layer_id":"cafe_restaurant","name":"麺屋とん平","category":"food","address":"岩手県花巻市石鳥谷町小森林4-183-1","source":"厚生労働省 食品衛生申請等システム（オープンデータ）","municipality_code":"03205","municipality_pref":"岩手県","municipality_name":"花巻市","municipality_code_method":"food_exact_coord"},"geometry":{"type":"Point","coordinates":[141.137282,39.449335]}},{"type":"Feature","properties":{"layer_id":"cafe_restaurant","name":"小十郎本家","category":"food","address":"岩手県花巻市大迫町大迫2-35-21","source":"厚生労働省 食品衛生申請等システム（オープンデータ）","municipality_code":"03205","municipality_pref":"岩手県","municipality_name":"花巻市","municipality_code_method":"food_exact_coord"},"geometry":{"type":"Point","coordinates":[141.289853,39.479065]}},{"type":"Feature","properties":{"layer_id":"cafe_restaurant","name":"居酒屋かじか","category":"food","address":"岩手県花巻市大迫町大迫3-63-1","source":"厚生労働省 食品衛生申請等システム（オープンデータ）","municipality_code":"03205","municipality_pref":"岩手県","municipality_name":"花巻市","municipality_code_method":"food_exact_coord"},"geometry":{"type":"Point","coordinates":[141.289853,39.479065]}},{"type":"Feature","properties":{"layer_id":"cafe_restaurant","name":"畠辰商店","category":"food","address":"岩手県花巻市大迫町大迫3-80","source":"厚生労働省 食品衛生申請等システム（オープンデータ）","municipality_code":"03205","municipality_pref":"岩手県","municipality_name":"花巻市","municipality_code_method":"food_exact_coord"},"geometry":{"type":"Point","coordinates":[141.289853,39.479065]}},{"type":"Feature","properties":{"layer_id":"cafe_restaurant","name":"お食事　よしの","category":"food","address":"岩手県花巻市大迫町大迫3-103-2","source":"厚生労働省 食品衛生申請等システム（オープンデータ）","municipality_code":"03205","municipality_pref":"岩手県","municipality_name":"花巻市","municipality_code_method":"food_exact_coord"},"geometry":{"type":"Point","coordinates":[141.289853,39.479065]}},{"type":"Feature","properties":{"layer_id":"cafe_restaurant","name":"村喜本店","category":"food","address":"岩手県花巻市大迫町大迫3-201","source":"厚生労働省 食品衛生申請等システム（オープンデータ）","municipality_code":"03205","municipality_pref":"岩手県","municipality_name":"花巻市","municipality_code_method":"food_exact_coord"},"geometry":{"type":"Point","coordinates":[141.289853,39.479065]}},{"type":"Feature","properties":{"layer_id":"cafe_restaurant","name":"ミルク工房　ボンディア","category":"food","address":"岩手県花巻市大迫町大迫11-39-4","source":"厚生労働省 食品衛生申請等システム（オープンデータ）","municipality_code":"03205","municipality_pref":"岩手県","municipality_name":"花巻市","municipality_code_method":"food_exact_coord"},"geometry":{"type":"Point","coordinates":[141.289853,39.479065]}},{"type":"Feature","properties":{"layer_id":"cafe_restaurant","name":"居酒屋 越後","category":"food","address":"岩手県花巻市大迫町大迫 3-161","source":"厚生労働省 食品衛生申請等システム（オープンデータ）","municipality_code":"03205","municipality_pref":"岩手県","municipality_name":"花巻市","municipality_code_method":"food_exact_coord"},"geometry":{"type":"Point","coordinates":[141.289853,39.479065]}},{"type":"Feature","properties":{"layer_id":"cafe_restaurant","name":"越後","category":"food","address":"岩手県花巻市大迫町外川目34-2-7","source":"厚生労働省 食品衛生申請等システム（オープンデータ）","municipality_code":"03205","municipality_pref":"岩手県","municipality_name":"花巻市","municipality_code_method":"food_exact_coord"},"geometry":{"type":"Point","coordinates":[141.357875,39.453737]}},{"type":"Feature","properties":{"layer_id":"cafe_restaurant","name":"居酒屋 越後","category":"food","address":"岩手県花巻市大迫町大迫 3-161","source":"厚生労働省 食品衛生申請等システム（オープンデータ）","municipality_code":"03205","municipality_pref":"岩手県","municipality_name":"花巻市","municipality_code_method":"food_exact_coord"},"geometry":{"type":"Point","coordinates":[141.289853,39.479065]}},{"type":"Feature","properties":{"layer_id":"cafe_restaurant","name":"モヒカン食堂","category":"food","address":"岩手県花巻市上町6","source":"厚生労働省 食品衛生申請等システム（オープンデータ）","municipality_code":"03205","municipality_pref":"岩手県","municipality_name":"花巻市","municipality_code_method":"food_exact_coord"},"geometry":{"type":"Point","coordinates":[141.118166,39.386216]}},{"type":"Feature","properties":{"layer_id":"cafe_restaurant","name":"味噌らーめん　ひぐまや","category":"food","address":"岩手県花巻市西大通り1-14-12","source":"厚生労働省 食品衛生申請等システム（オープンデータ）","municipality_code":"03205","municipality_pref":"岩手県","municipality_name":"花巻市","municipality_code_method":"food_exact_coord"},"geometry":{"type":"Point","coordinates":[141.108073,39.390444]}},{"type":"Feature","properties":{"layer_id":"cafe_restaurant","name":"クレープ　アサイーボウル　スイーツ　こぐま","category":"food","address":"岩手県花巻市西大通り1丁目14-12","source":"厚生労働省 食品衛生申請等システム（オープンデータ）","municipality_code":"03205","municipality_pref":"岩手県","municipality_name":"花巻市","municipality_code_method":"food_exact_coord"},"geometry":{"type":"Point","coordinates":[141.108073,39.390444]}},{"type":"Feature","properties":{"layer_id":"cafe_restaurant","name":"ICHI’ｓBANANA","category":"food","address":"岩手県花巻市松園町50","source":"厚生労働省 食品衛生申請等システム（オープンデータ）","municipality_code":"03205","municipality_pref":"岩手県","municipality_name":"花巻市","municipality_code_method":"food_exact_coord"},"geometry":{"type":"Point","coordinates":[141.09644,39.406469]}},{"type":"Feature","properties":{"layer_id":"cafe_restaurant","name":"大翔","category":"food","address":"岩手県花巻市豊沢町1-8","source":"厚生労働省 食品衛生申請等システム（オープンデータ）","municipality_code":"03205","municipality_pref":"岩手県","municipality_name":"花巻市","municipality_code_method":"food_exact_coord"},"geometry":{"type":"Point","coordinates":[141.118339,39.385454]}},{"type":"Feature","properties":{"layer_id":"cafe_restaurant","name":"ローソン花巻中根子店","category":"food","address":"岩手県花巻市中根子字堂前7-3","source":"厚生労働省 食品衛生申請等システム（オープンデータ）","municipality_code":"03205","municipality_pref":"岩手県","municipality_name":"花巻市","municipality_code_method":"food_exact_coord"},"geometry":{"type":"Point","coordinates":[141.090796,39.380596]}},{"type":"Feature","properties":{"layer_id":"cafe_restaurant","name":"カラオケドリーム","category":"food","address":"岩手県花巻市末広町1-22","source":"厚生労働省 食品衛生申請等システム（オープンデータ）","municipality_code":"03205","municipality_pref":"岩手県","municipality_name":"花巻市","municipality_code_method":"food_exact_coord"},"geometry":{"type":"Point","coordinates":[141.112646,39.387261]}},{"type":"Feature","properties":{"layer_id":"cafe_restaurant","name":"ビジネスホテル空港","category":"food","address":"岩手県花巻市石鳥谷町江曽11-321","source":"厚生労働省 食品衛生申請等システム（オープンデータ）","municipality_code":"03205","municipality_pref":"岩手県","municipality_name":"花巻市","municipality_code_method":"food_exact_coord"},"geometry":{"type":"Point","coordinates":[141.141957,39.446794]}},{"type":"Feature","properties":{"layer_id":"cafe_restaurant","name":"Tillerman's Bread","category":"food","address":"岩手県花巻市東和町土沢1-183-5","source":"厚生労働省 食品衛生申請等システム（オープンデータ）","municipality_code":"03205","municipality_pref":"岩手県","municipality_name":"花巻市","municipality_code_method":"food_exact_coord"},"geometry":{"type":"Point","coordinates":[141.222459,39.390057]}},{"type":"Feature","properties":{"layer_id":"cafe_restaurant","name":"孝和園","category":"food","address":"岩手県花巻市東和町東晴山7-7","source":"厚生労働省 食品衛生申請等システム（オープンデータ）","municipality_code":"03205","municipality_pref":"岩手県","municipality_name":"花巻市","municipality_code_method":"food_exact_coord"},"geometry":{"type":"Point","coordinates":[141.251274,39.373982]}},{"type":"Feature","properties":{"layer_id":"cafe_restaurant","name":"工房　小山田美女会","category":"food","address":"岩手県花巻市東和町前田1-235","source":"厚生労働省 食品衛生申請等システム（オープンデータ）","municipality_code":"03205","municipality_pref":"岩手県","municipality_name":"花巻市","municipality_code_method":"food_exact_coord"},"geometry":{"type":"Point","coordinates":[141.213143,39.419041]}},{"type":"Feature","properties":{"layer_id":"cafe_restaurant","name":"タカハシ","category":"food","address":"岩手県花巻市豊沢町地内","source":"厚生労働省 食品衛生申請等システム（オープンデータ）","municipality_code":"03205","municipality_pref":"岩手県","municipality_name":"花巻市","municipality_code_method":"food_exact_coord"},"geometry":{"type":"Point","coordinates":[141.118952,39.382685]}},{"type":"Feature","properties":{"layer_id":"cafe_restaurant","name":"高源精麦","category":"food","address":"岩手県花巻市大通り1-21-1","source":"厚生労働省 食品衛生申請等システム（オープンデータ）","municipality_code":"03205","municipality_pref":"岩手県","municipality_name":"花巻市","municipality_code_method":"food_exact_coord"},"geometry":{"type":"Point","coordinates":[141.111703,39.389681]}},{"type":"Feature","properties":{"layer_id":"cafe_restaurant","name":"高源精麦株式会社","category":"food","address":"岩手県花巻市城内1-1-43","source":"厚生労働省 食品衛生申請等システム（オープンデータ）","municipality_code":"03205","municipality_pref":"岩手県","municipality_name":"花巻市","municipality_code_method":"food_exact_coord"},"geometry":{"type":"Point","coordinates":[141.121175,39.389475]}},{"type":"Feature","properties":{"layer_id":"cafe_restaurant","name":"ハンバーグレストラン　ポパイ","category":"food","address":"岩手県花巻市若葉町3-11-17","source":"厚生労働省 食品衛生申請等システム（オープンデータ）","municipality_code":"03205","municipality_pref":"岩手県","municipality_name":"花巻市","municipality_code_method":"food_exact_coord"},"geometry":{"type":"Point","coordinates":[141.102436,39.386128]}},{"type":"Feature","properties":{"layer_id":"cafe_restaurant","name":"SHU-8KAI","category":"food","address":"岩手県花巻市吹張町12-16","source":"厚生労働省 食品衛生申請等システム（オープンデータ）","municipality_code":"03205","municipality_pref":"岩手県","municipality_name":"花巻市","municipality_code_method":"food_exact_coord"},"geometry":{"type":"Point","coordinates":[141.114805,39.385788]}},{"type":"Feature","properties":{"layer_id":"cafe_restaurant","name":"セブン－イレブン花巻西宮野目西店","category":"food","address":"岩手県花巻市西宮野目9-35-15","source":"厚生労働省 食品衛生申請等システム（オープンデータ）","municipality_code":"03205","municipality_pref":"岩手県","municipality_name":"花巻市","municipality_code_method":"food_exact_coord"},"geometry":{"type":"Point","coordinates":[141.122548,39.420516]}},{"type":"Feature","properties":{"layer_id":"cafe_restaurant","name":"セブンーイレブン花巻本館３丁目店","category":"food","address":"岩手県花巻市本館3-2-5","source":"厚生労働省 食品衛生申請等システム（オープンデータ）","municipality_code":"03205","municipality_pref":"岩手県","municipality_name":"花巻市","municipality_code_method":"food_exact_coord"},"geometry":{"type":"Point","coordinates":[141.117414,39.405668]}},{"type":"Feature","properties":{"layer_id":"cafe_restaurant","name":"コーヒー＆レストラン プチ・ポア","category":"food","address":"岩手県花巻市高松2-93-1","source":"厚生労働省 食品衛生申請等システム（オープンデータ）","municipality_code":"03205","municipality_pref":"岩手県","municipality_name":"花巻市","municipality_code_method":"food_exact_coord"},"geometry":{"type":"Point","coordinates":[141.174387,39.386267]}},{"type":"Feature","properties":{"layer_id":"cafe_restaurant","name":"喜楽亭","category":"food","address":"岩手県花巻市太田32-49-5","source":"厚生労働省 食品衛生申請等システム（オープンデータ）","municipality_code":"03205","municipality_pref":"岩手県","municipality_name":"花巻市","municipality_code_method":"food_exact_coord"},"geometry":{"type":"Point","coordinates":[141.021186,39.387123]}},{"type":"Feature","properties":{"layer_id":"cafe_restaurant","name":"花巻温泉ゴルフサロン","category":"food","address":"岩手県花巻市大畑1-26-63","source":"厚生労働省 食品衛生申請等システム（オープンデータ）","municipality_code":"03205","municipality_pref":"岩手県","municipality_name":"花巻市","municipality_code_method":"food_exact_coord"},"geometry":{"type":"Point","coordinates":[141.096179,39.448817]}},{"type":"Feature","properties":{"layer_id":"cafe_restaurant","name":"セブンーイレブン花巻桜台２丁目店","category":"food","address":"岩手県花巻市桜台2-12-10","source":"厚生労働省 食品衛生申請等システム（オープンデータ）","municipality_code":"03205","municipality_pref":"岩手県","municipality_name":"花巻市","municipality_code_method":"food_exact_coord"},"geometry":{"type":"Point","coordinates":[141.101562,39.400065]}},{"type":"Feature","properties":{"layer_id":"cafe_restaurant","name":"瀬畑家","category":"food","address":"岩手県花巻市実相寺12-7","source":"厚生労働省 食品衛生申請等システム（オープンデータ）","municipality_code":"03205","municipality_pref":"岩手県","municipality_name":"花巻市","municipality_code_method":"food_exact_coord"},"geometry":{"type":"Point","coordinates":[141.115906,39.371416]}},{"type":"Feature","properties":{"layer_id":"cafe_restaurant","name":"とり一","category":"food","address":"岩手県花巻市鍛治町8-3","source":"厚生労働省 食品衛生申請等システム（オープンデータ）","municipality_code":"03205","municipality_pref":"岩手県","municipality_name":"花巻市","municipality_code_method":"food_exact_coord"},"geometry":{"type":"Point","coordinates":[141.112177,39.38478]}},{"type":"Feature","properties":{"layer_id":"cafe_restaurant","name":"艶花","category":"food","address":"岩手県花巻市吹張町4-31","source":"厚生労働省 食品衛生申請等システム（オープンデータ）","municipality_code":"03205","municipality_pref":"岩手県","municipality_name":"花巻市","municipality_code_method":"food_exact_coord"},"geometry":{"type":"Point","coordinates":[141.115095,39.388539]}},{"type":"Feature","properties":{"layer_id":"cafe_restaurant","name":"食堂「やさいの花」","category":"food","address":"岩手県花巻市南川原町148-1","source":"厚生労働省 食品衛生申請等システム（オープンデータ）","municipality_code":"03205","municipality_pref":"岩手県","municipality_name":"花巻市","municipality_code_method":"food_exact_coord"},"geometry":{"type":"Point","coordinates":[141.116111,39.383284]}},{"type":"Feature","properties":{"layer_id":"cafe_restaurant","name":"PaPas","category":"food","address":"岩手県花巻市東和町北川目6-150","source":"厚生労働省 食品衛生申請等システム（オープンデータ）","municipality_code":"03205","municipality_pref":"岩手県","municipality_name":"花巻市","municipality_code_method":"food_exact_coord"},"geometry":{"type":"Point","coordinates":[141.2482,39.419548]}},{"type":"Feature","properties":{"layer_id":"cafe_restaurant","name":"ジャーマンカフェ・バックシュトゥーベ","category":"food","address":"岩手県花巻市湯口字大沢160-2","source":"厚生労働省 食品衛生申請等システム（オープンデータ）","municipality_code":"03205","municipality_pref":"岩手県","municipality_name":"花巻市","municipality_code_method":"food_exact_coord"},"geometry":{"type":"Point","coordinates":[141.013497,39.438002]}},{"type":"Feature","properties":{"layer_id":"cafe_restaurant","name":"ギャラリーBun","category":"food","address":"岩手県花巻市円万寺字松林112-9","source":"厚生労働省 食品衛生申請等システム（オープンデータ）","municipality_code":"03205","municipality_pref":"岩手県","municipality_name":"花巻市","municipality_code_method":"food_exact_coord"},"geometry":{"type":"Point","coordinates":[141.074812,39.394353]}},{"type":"Feature","properties":{"layer_id":"cafe_restaurant","name":"安寧cafe","category":"food","address":"岩手県花巻市桜台2-10-18","source":"厚生労働省 食品衛生申請等システム（オープンデータ）","municipality_code":"03205","municipality_pref":"岩手県","municipality_name":"花巻市","municipality_code_method":"food_exact_coord"},"geometry":{"type":"Point","coordinates":[141.102292,39.398413]}},{"type":"Feature","properties":{"layer_id":"cafe_restaurant","name":"安寧cafe","category":"food","address":"岩手県花巻市湯本4-31-8","source":"厚生労働省 食品衛生申請等システム（オープンデータ）","municipality_code":"03205","municipality_pref":"岩手県","municipality_name":"花巻市","municipality_code_method":"food_exact_coord"},"geometry":{"type":"Point","coordinates":[141.09531,39.44255]}},{"type":"Feature","properties":{"layer_id":"cafe_restaurant","name":"髙鉱菓子舗","category":"food","address":"岩手県花巻市上町地内","source":"厚生労働省 食品衛生申請等システム（オープンデータ）","municipality_code":"03205","municipality_pref":"岩手県","municipality_name":"花巻市","municipality_code_method":"food_exact_coord"},"geometry":{"type":"Point","coordinates":[141.118166,39.386216]}},{"type":"Feature","properties":{"layer_id":"cafe_restaurant","name":"葦","category":"food","address":"岩手県花巻市双葉町72-1","source":"厚生労働省 食品衛生申請等システム（オープンデータ）","municipality_code":"03205","municipality_pref":"岩手県","municipality_name":"花巻市","municipality_code_method":"food_exact_coord"},"geometry":{"type":"Point","coordinates":[141.117316,39.384698]}},{"type":"Feature","properties":{"layer_id":"cafe_restaurant","name":"夢家","category":"food","address":"岩手県花巻市豊沢町地内","source":"厚生労働省 食品衛生申請等システム（オープンデータ）","municipality_code":"03205","municipality_pref":"岩手県","municipality_name":"花巻市","municipality_code_method":"food_exact_coord"},"geometry":{"type":"Point","coordinates":[141.118952,39.382685]}},{"type":"Feature","properties":{"layer_id":"cafe_restaurant","name":"イーハトーブの里　新花巻店","category":"food","address":"岩手県花巻市矢沢10-87-8","source":"厚生労働省 食品衛生申請等システム（オープンデータ）","municipality_code":"03205","municipality_pref":"岩手県","municipality_name":"花巻市","municipality_code_method":"food_exact_coord"},"geometry":{"type":"Point","coordinates":[141.178608,39.416304]}},{"type":"Feature","properties":{"layer_id":"cafe_restaurant","name":"銀次郎キッチン","category":"food","address":"岩手県花巻市大迫町大迫地内","source":"厚生労働省 食品衛生申請等システム（オープンデータ）","municipality_code":"03205","municipality_pref":"岩手県","municipality_name":"花巻市","municipality_code_method":"food_exact_coord"},"geometry":{"type":"Point","coordinates":[141.289853,39.479065]}},{"type":"Feature","properties":{"layer_id":"cafe_restaurant","name":"ストリート　フード　ラボ","category":"food","address":"岩手県花巻市石鳥谷町好地8-96-51","source":"厚生労働省 食品衛生申請等システム（オープンデータ）","municipality_code":"03205","municipality_pref":"岩手県","municipality_name":"花巻市","municipality_code_method":"food_exact_coord"},"geometry":{"type":"Point","coordinates":[141.148971,39.496963]}},{"type":"Feature","properties":{"layer_id":"cafe_restaurant","name":"大迫佐藤葡萄園","category":"food","address":"岩手県花巻市大迫町大迫10-17-1 カントリープラザ前広場","source":"厚生労働省 食品衛生申請等システム（オープンデータ）","municipality_code":"03205","municipality_pref":"岩手県","municipality_name":"花巻市","municipality_code_method":"food_exact_coord"},"geometry":{"type":"Point","coordinates":[141.289853,39.479065]}},{"type":"Feature","properties":{"layer_id":"cafe_restaurant","name":"岡田笑店","category":"food","address":"岩手県花巻市東和町東晴山8-210","source":"厚生労働省 食品衛生申請等システム（オープンデータ）","municipality_code":"03205","municipality_pref":"岩手県","municipality_name":"花巻市","municipality_code_method":"food_exact_coord"},"geometry":{"type":"Point","coordinates":[141.259301,39.364756]}},{"type":"Feature","properties":{"layer_id":"cafe_restaurant","name":"ワインシャトー大迫","category":"food","address":"岩手県花巻市大迫町大迫10-18-3","source":"厚生労働省 食品衛生申請等システム（オープンデータ）","municipality_code":"03205","municipality_pref":"岩手県","municipality_name":"花巻市","municipality_code_method":"food_exact_coord"},"geometry":{"type":"Point","coordinates":[141.289853,39.479065]}},{"type":"Feature","properties":{"layer_id":"cafe_restaurant","name":"株式会社エーデルワイン","category":"food","address":"岩手県花巻市大迫町大迫10-18-3","source":"厚生労働省 食品衛生申請等システム（オープンデータ）","municipality_code":"03205","municipality_pref":"岩手県","municipality_name":"花巻市","municipality_code_method":"food_exact_coord"},"geometry":{"type":"Point","coordinates":[141.289853,39.479065]}},{"type":"Feature","properties":{"layer_id":"cafe_restaurant","name":"Four","category":"food","address":"岩手県花巻市双葉町5-25 サンモール八木ビル３Ｆ","source":"厚生労働省 食品衛生申請等システム（オープンデータ）","municipality_code":"03205","municipality_pref":"岩手県","municipality_name":"花巻市","municipality_code_method":"food_exact_coord"},"geometry":{"type":"Point","coordinates":[141.117472,39.384963]}},{"type":"Feature","properties":{"layer_id":"cafe_restaurant","name":"ファミリーマート花巻やまの神店","category":"food","address":"岩手県花巻市山の神684-1","source":"厚生労働省 食品衛生申請等システム（オープンデータ）","municipality_code":"03205","municipality_pref":"岩手県","municipality_name":"花巻市","municipality_code_method":"food_exact_coord"},"geometry":{"type":"Point","coordinates":[141.112435,39.356788]}},{"type":"Feature","properties":{"layer_id":"cafe_restaurant","name":"ファミリーマート花巻大迫町店","category":"food","address":"岩手県花巻市大迫町亀ケ森2-18-1","source":"厚生労働省 食品衛生申請等システム（オープンデータ）","municipality_code":"03205","municipality_pref":"岩手県","municipality_name":"花巻市","municipality_code_method":"food_exact_coord"},"geometry":{"type":"Point","coordinates":[141.237752,39.47276]}},{"type":"Feature","properties":{"layer_id":"cafe_restaurant","name":"高橋葡萄園","category":"food","address":"岩手県花巻市大迫町大迫3-79-1","source":"厚生労働省 食品衛生申請等システム（オープンデータ）","municipality_code":"03205","municipality_pref":"岩手県","municipality_name":"花巻市","municipality_code_method":"food_exact_coord"},"geometry":{"type":"Point","coordinates":[141.289853,39.479065]}},{"type":"Feature","properties":{"layer_id":"cafe_restaurant","name":"南部家敷花巻店","category":"food","address":"岩手県花巻市上小舟渡30-1","source":"厚生労働省 食品衛生申請等システム（オープンデータ）","municipality_code":"03205","municipality_pref":"岩手県","municipality_name":"花巻市","municipality_code_method":"food_exact_coord"},"geometry":{"type":"Point","coordinates":[141.123302,39.399225]}},{"type":"Feature","properties":{"layer_id":"cafe_restaurant","name":"ローソン花巻上町店","category":"food","address":"岩手県花巻市上町5-7","source":"厚生労働省 食品衛生申請等システム（オープンデータ）","municipality_code":"03205","municipality_pref":"岩手県","municipality_name":"花巻市","municipality_code_method":"food_exact_coord"},"geometry":{"type":"Point","coordinates":[141.117475,39.386174]}},{"type":"Feature","properties":{"layer_id":"cafe_restaurant","name":"蕎麦ギャラリーSAY","category":"food","address":"岩手県花巻市東和町土沢8-446","source":"厚生労働省 食品衛生申請等システム（オープンデータ）","municipality_code":"03205","municipality_pref":"岩手県","municipality_name":"花巻市","municipality_code_method":"food_exact_coord"},"geometry":{"type":"Point","coordinates":[141.232401,39.383567]}},{"type":"Feature","properties":{"layer_id":"cafe_restaurant","name":"麺担品","category":"food","address":"岩手県花巻市桜台2-12-11","source":"厚生労働省 食品衛生申請等システム（オープンデータ）","municipality_code":"03205","municipality_pref":"岩手県","municipality_name":"花巻市","municipality_code_method":"food_exact_coord"},"geometry":{"type":"Point","coordinates":[141.102154,39.400299]}},{"type":"Feature","properties":{"layer_id":"cafe_restaurant","name":"JA全農Aコープ株式会社　Aコープゆぐち店","category":"food","address":"岩手県花巻市円万寺法船134-3","source":"厚生労働省 食品衛生申請等システム（オープンデータ）","municipality_code":"03205","municipality_pref":"岩手県","municipality_name":"花巻市","municipality_code_method":"food_exact_coord"},"geometry":{"type":"Point","coordinates":[141.057907,39.389098]}},{"type":"Feature","properties":{"layer_id":"cafe_restaurant","name":"JA全農Aコープ株式会社　東北営業所","category":"food","address":"岩手県花巻市野田316-1","source":"厚生労働省 食品衛生申請等システム（オープンデータ）","municipality_code":"03205","municipality_pref":"岩手県","municipality_name":"花巻市","municipality_code_method":"food_exact_coord"},"geometry":{"type":"Point","coordinates":[141.100943,39.400223]}},{"type":"Feature","properties":{"layer_id":"cafe_restaurant","name":"JA全農Aコープ株式会社　東北営業所","category":"food","address":"岩手県花巻市野田316番1号","source":"厚生労働省 食品衛生申請等システム（オープンデータ）","municipality_code":"03205","municipality_pref":"岩手県","municipality_name":"花巻市","municipality_code_method":"food_exact_coord"},"geometry":{"type":"Point","coordinates":[141.100943,39.400223]}},{"type":"Feature","properties":{"layer_id":"cafe_restaurant","name":"life bouse U_UTATANE BASE","category":"food","address":"岩手県花巻市四日町2-5-11","source":"厚生労働省 食品衛生申請等システム（オープンデータ）","municipality_code":"03205","municipality_pref":"岩手県","municipality_name":"花巻市","municipality_code_method":"food_exact_coord"},"geometry":{"type":"Point","coordinates":[141.118352,39.399315]}},{"type":"Feature","properties":{"layer_id":"cafe_restaurant","name":"Sobe's Cafe","category":"food","address":"岩手県花巻市山の神578-4","source":"厚生労働省 食品衛生申請等システム（オープンデータ）","municipality_code":"03205","municipality_pref":"岩手県","municipality_name":"花巻市","municipality_code_method":"food_exact_coord"},"geometry":{"type":"Point","coordinates":[141.111322,39.360123]}},{"type":"Feature","properties":{"layer_id":"cafe_restaurant","name":"居酒屋　あすなろ","category":"food","address":"岩手県花巻市双葉町5-25 サンモールヤギ１F","source":"厚生労働省 食品衛生申請等システム（オープンデータ）","municipality_code":"03205","municipality_pref":"岩手県","municipality_name":"花巻市","municipality_code_method":"food_exact_coord"},"geometry":{"type":"Point","coordinates":[141.117472,39.384963]}},{"type":"Feature","properties":{"layer_id":"cafe_restaurant","name":"食事処 やはぎ","category":"food","address":"岩手県花巻市湯口字大沢181","source":"厚生労働省 食品衛生申請等システム（オープンデータ）","municipality_code":"03205","municipality_pref":"岩手県","municipality_name":"花巻市","municipality_code_method":"food_exact_coord"},"geometry":{"type":"Point","coordinates":[141.01606,39.436224]}},{"type":"Feature","properties":{"layer_id":"cafe_restaurant","name":"大沢温泉　山水閣","category":"food","address":"岩手県花巻市湯口字大沢181","source":"厚生労働省 食品衛生申請等システム（オープンデータ）","municipality_code":"03205","municipality_pref":"岩手県","municipality_name":"花巻市","municipality_code_method":"food_exact_coord"},"geometry":{"type":"Point","coordinates":[141.016103,39.435778]}},{"type":"Feature","properties":{"layer_id":"cafe_restaurant","name":"大沢温泉　山水閣","category":"food","address":"岩手県花巻市湯口字大沢181","source":"厚生労働省 食品衛生申請等システム（オープンデータ）","municipality_code":"03205","municipality_pref":"岩手県","municipality_name":"花巻市","municipality_code_method":"food_exact_coord"},"geometry":{"type":"Point","coordinates":[141.016103,39.435778]}},{"type":"Feature","properties":{"layer_id":"cafe_restaurant","name":"大沢温泉　山水閣","category":"food","address":"岩手県花巻市湯口字大沢181","source":"厚生労働省 食品衛生申請等システム（オープンデータ）","municipality_code":"03205","municipality_pref":"岩手県","municipality_name":"花巻市","municipality_code_method":"food_exact_coord"},"geometry":{"type":"Point","coordinates":[141.016103,39.435778]}},{"type":"Feature","properties":{"layer_id":"cafe_restaurant","name":"大沢温泉　山水閣","category":"food","address":"岩手県花巻市湯口字大沢181","source":"厚生労働省 食品衛生申請等システム（オープンデータ）","municipality_code":"03205","municipality_pref":"岩手県","municipality_name":"花巻市","municipality_code_method":"food_exact_coord"},"geometry":{"type":"Point","coordinates":[141.016103,39.435778]}},{"type":"Feature","properties":{"layer_id":"cafe_restaurant","name":"酒膳まさきく","category":"food","address":"岩手県花巻市一日市4-3","source":"厚生労働省 食品衛生申請等システム（オープンデータ）","municipality_code":"03205","municipality_pref":"岩手県","municipality_name":"花巻市","municipality_code_method":"food_exact_coord"},"geometry":{"type":"Point","coordinates":[141.114645,39.394486]}},{"type":"Feature","properties":{"layer_id":"cafe_restaurant","name":"カフェレストラン　モン・パリ","category":"food","address":"岩手県花巻市星が丘1-24-1","source":"厚生労働省 食品衛生申請等システム（オープンデータ）","municipality_code":"03205","municipality_pref":"岩手県","municipality_name":"花巻市","municipality_code_method":"food_exact_coord"},"geometry":{"type":"Point","coordinates":[141.103699,39.403369]}},{"type":"Feature","properties":{"layer_id":"cafe_restaurant","name":"ふく富食堂","category":"food","address":"岩手県花巻市高木20-200-384","source":"厚生労働省 食品衛生申請等システム（オープンデータ）","municipality_code":"03205","municipality_pref":"岩手県","municipality_name":"花巻市","municipality_code_method":"food_exact_coord"},"geometry":{"type":"Point","coordinates":[141.143332,39.383457]}},{"type":"Feature","properties":{"layer_id":"cafe_restaurant","name":"関精肉店","category":"food","address":"岩手県花巻市花城町9-41","source":"厚生労働省 食品衛生申請等システム（オープンデータ）","municipality_code":"03205","municipality_pref":"岩手県","municipality_name":"花巻市","municipality_code_method":"food_exact_coord"},"geometry":{"type":"Point","coordinates":[141.11652,39.38902]}},{"type":"Feature","properties":{"layer_id":"cafe_restaurant","name":"レストラン日和佐","category":"food","address":"岩手県花巻市花城町11-41","source":"厚生労働省 食品衛生申請等システム（オープンデータ）","municipality_code":"03205","municipality_pref":"岩手県","municipality_name":"花巻市","municipality_code_method":"food_exact_coord"},"geometry":{"type":"Point","coordinates":[141.116678,39.387863]}},{"type":"Feature","properties":{"layer_id":"cafe_restaurant","name":"千代","category":"food","address":"岩手県花巻市双葉町5-25 ヤギビル２F","source":"厚生労働省 食品衛生申請等システム（オープンデータ）","municipality_code":"03205","municipality_pref":"岩手県","municipality_name":"花巻市","municipality_code_method":"food_exact_coord"},"geometry":{"type":"Point","coordinates":[141.117472,39.384963]}},{"type":"Feature","properties":{"layer_id":"cafe_restaurant","name":"ファームプラスカフェ","category":"food","address":"岩手県花巻市上根子字下田60-2","source":"厚生労働省 食品衛生申請等システム（オープンデータ）","municipality_code":"03205","municipality_pref":"岩手県","municipality_name":"花巻市","municipality_code_method":"food_exact_coord"},"geometry":{"type":"Point","coordinates":[141.076387,39.381191]}},{"type":"Feature","properties":{"layer_id":"cafe_restaurant","name":"富士屋食堂","category":"food","address":"岩手県花巻市大通り1-2-25","source":"厚生労働省 食品衛生申請等システム（オープンデータ）","municipality_code":"03205","municipality_pref":"岩手県","municipality_name":"花巻市","municipality_code_method":"food_exact_coord"},"geometry":{"type":"Point","coordinates":[141.111785,39.391294]}},{"type":"Feature","properties":{"layer_id":"cafe_restaurant","name":"ろばた焼き　とっくり","category":"food","address":"岩手県花巻市大通り1-2-25","source":"厚生労働省 食品衛生申請等システム（オープンデータ）","municipality_code":"03205","municipality_pref":"岩手県","municipality_name":"花巻市","municipality_code_method":"food_exact_coord"},"geometry":{"type":"Point","coordinates":[141.111785,39.391294]}},{"type":"Feature","properties":{"layer_id":"cafe_restaurant","name":"ルビーノ","category":"food","address":"岩手県花巻市双葉町72-1","source":"厚生労働省 食品衛生申請等システム（オープンデータ）","municipality_code":"03205","municipality_pref":"岩手県","municipality_name":"花巻市","municipality_code_method":"food_exact_coord"},"geometry":{"type":"Point","coordinates":[141.117316,39.384698]}},{"type":"Feature","properties":{"layer_id":"cafe_restaurant","name":"居酒屋和み","category":"food","address":"岩手県花巻市吹張町9-7","source":"厚生労働省 食品衛生申請等システム（オープンデータ）","municipality_code":"03205","municipality_pref":"岩手県","municipality_name":"花巻市","municipality_code_method":"food_exact_coord"},"geometry":{"type":"Point","coordinates":[141.114487,39.387033]}},{"type":"Feature","properties":{"layer_id":"cafe_restaurant","name":"武蔵屋","category":"food","address":"岩手県花巻市栃内23-51","source":"厚生労働省 食品衛生申請等システム（オープンデータ）","municipality_code":"03205","municipality_pref":"岩手県","municipality_name":"花巻市","municipality_code_method":"food_exact_coord"},"geometry":{"type":"Point","coordinates":[141.030119,39.350551]}},{"type":"Feature","properties":{"layer_id":"cafe_restaurant","name":"快活CLUB　花巻店","category":"food","address":"岩手県花巻市下似内17-91","source":"厚生労働省 食品衛生申請等システム（オープンデータ）","municipality_code":"03205","municipality_pref":"岩手県","municipality_name":"花巻市","municipality_code_method":"food_exact_coord"},"geometry":{"type":"Point","coordinates":[141.130772,39.403321]}},{"type":"Feature","properties":{"layer_id":"cafe_restaurant","name":"ドトールコーヒーショップ アルテマルカン桜台店","category":"food","address":"岩手県花巻市桜台1-12-12","source":"厚生労働省 食品衛生申請等システム（オープンデータ）","municipality_code":"03205","municipality_pref":"岩手県","municipality_name":"花巻市","municipality_code_method":"food_exact_coord"},"geometry":{"type":"Point","coordinates":[141.107709,39.398342]}},{"type":"Feature","properties":{"layer_id":"cafe_restaurant","name":"ドトールコーヒーショップ アルテマルカン桜台店","category":"food","address":"岩手県花巻市上町5-8","source":"厚生労働省 食品衛生申請等システム（オープンデータ）","municipality_code":"03205","municipality_pref":"岩手県","municipality_name":"花巻市","municipality_code_method":"food_exact_coord"},"geometry":{"type":"Point","coordinates":[141.117593,39.386735]}},{"type":"Feature","properties":{"layer_id":"cafe_restaurant","name":"宝介　花巻店","category":"food","address":"岩手県花巻市東宮野目13-32-1","source":"厚生労働省 食品衛生申請等システム（オープンデータ）","municipality_code":"03205","municipality_pref":"岩手県","municipality_name":"花巻市","municipality_code_method":"food_exact_coord"},"geometry":{"type":"Point","coordinates":[141.130162,39.417275]}},{"type":"Feature","properties":{"layer_id":"cafe_restaurant","name":"豪ーめん　花巻店","category":"food","address":"岩手県花巻市星が丘一丁目12-2","source":"厚生労働省 食品衛生申請等システム（オープンデータ）","municipality_code":"03205","municipality_pref":"岩手県","municipality_name":"花巻市","municipality_code_method":"food_exact_coord"},"geometry":{"type":"Point","coordinates":[141.105375,39.401926]}},{"type":"Feature","properties":{"layer_id":"cafe_restaurant","name":"花恋","category":"food","address":"岩手県花巻市北笹間15-26-1","source":"厚生労働省 食品衛生申請等システム（オープンデータ）","municipality_code":"03205","municipality_pref":"岩手県","municipality_name":"花巻市","municipality_code_method":"food_exact_coord"},"geometry":{"type":"Point","coordinates":[141.04681,39.346607]}},{"type":"Feature","properties":{"layer_id":"cafe_restaurant","name":"やきとり菊ちゃん","category":"food","address":"岩手県花巻市若葉町3-12-8","source":"厚生労働省 食品衛生申請等システム（オープンデータ）","municipality_code":"03205","municipality_pref":"岩手県","municipality_name":"花巻市","municipality_code_method":"food_exact_coord"},"geometry":{"type":"Point","coordinates":[141.103164,39.386581]}},{"type":"Feature","properties":{"layer_id":"cafe_restaurant","name":"あべーじゃ","category":"food","address":"岩手県花巻市湯本1-125 （25-3）","source":"厚生労働省 食品衛生申請等システム（オープンデータ）","municipality_code":"03205","municipality_pref":"岩手県","municipality_name":"花巻市","municipality_code_method":"food_exact_coord"},"geometry":{"type":"Point","coordinates":[141.09531,39.44255]}},{"type":"Feature","properties":{"layer_id":"cafe_restaurant","name":"花巻典礼会館","category":"food","address":"岩手県花巻市桜台2-20-1","source":"厚生労働省 食品衛生申請等システム（オープンデータ）","municipality_code":"03205","municipality_pref":"岩手県","municipality_name":"花巻市","municipality_code_method":"food_exact_coord"},"geometry":{"type":"Point","coordinates":[141.103027,39.400256]}},{"type":"Feature","properties":{"layer_id":"cafe_restaurant","name":"山久","category":"food","address":"岩手県花巻市東和町土沢5-399","source":"厚生労働省 食品衛生申請等システム（オープンデータ）","municipality_code":"03205","municipality_pref":"岩手県","municipality_name":"花巻市","municipality_code_method":"food_exact_coord"},"geometry":{"type":"Point","coordinates":[141.229445,39.387317]}},{"type":"Feature","properties":{"layer_id":"cafe_restaurant","name":"中町振興会","category":"food","address":"岩手県花巻市東和町土沢8-83","source":"厚生労働省 食品衛生申請等システム（オープンデータ）","municipality_code":"03205","municipality_pref":"岩手県","municipality_name":"花巻市","municipality_code_method":"food_exact_coord"},"geometry":{"type":"Point","coordinates":[141.229049,39.386886]}},{"type":"Feature","properties":{"layer_id":"cafe_restaurant","name":"中町振興会","category":"food","address":"岩手県花巻市東和町土沢8区83","source":"厚生労働省 食品衛生申請等システム（オープンデータ）","municipality_code":"03205","municipality_pref":"岩手県","municipality_name":"花巻市","municipality_code_method":"food_exact_coord"},"geometry":{"type":"Point","coordinates":[141.229049,39.386886]}},{"type":"Feature","properties":{"layer_id":"cafe_restaurant","name":"ベルテーラ","category":"food","address":"岩手県花巻市幸田20-8-1","source":"厚生労働省 食品衛生申請等システム（オープンデータ）","municipality_code":"03205","municipality_pref":"岩手県","municipality_name":"花巻市","municipality_code_method":"food_exact_coord"},"geometry":{"type":"Point","coordinates":[141.206857,39.399075]}},{"type":"Feature","properties":{"layer_id":"cafe_restaurant","name":"ラーメンショップ石鳥谷店","category":"food","address":"岩手県花巻市石鳥谷町小森林5-195","source":"厚生労働省 食品衛生申請等システム（オープンデータ）","municipality_code":"03205","municipality_pref":"岩手県","municipality_name":"花巻市","municipality_code_method":"food_exact_coord"},"geometry":{"type":"Point","coordinates":[141.135057,39.452355]}},{"type":"Feature","properties":{"layer_id":"cafe_restaurant","name":"いしどりや旅館","category":"food","address":"岩手県花巻市石鳥谷町好地7-124-5","source":"厚生労働省 食品衛生申請等システム（オープンデータ）","municipality_code":"03205","municipality_pref":"岩手県","municipality_name":"花巻市","municipality_code_method":"food_exact_coord"},"geometry":{"type":"Point","coordinates":[141.148971,39.496963]}},{"type":"Feature","properties":{"layer_id":"cafe_restaurant","name":"HOTEL LYISTA","category":"food","address":"岩手県花巻市石鳥谷町小森林4-58-7","source":"厚生労働省 食品衛生申請等システム（オープンデータ）","municipality_code":"03205","municipality_pref":"岩手県","municipality_name":"花巻市","municipality_code_method":"food_exact_coord"},"geometry":{"type":"Point","coordinates":[141.13485,39.450952]}},{"type":"Feature","properties":{"layer_id":"cafe_restaurant","name":"さいとう","category":"food","address":"岩手県花巻市石鳥谷町好地3-300-1","source":"厚生労働省 食品衛生申請等システム（オープンデータ）","municipality_code":"03205","municipality_pref":"岩手県","municipality_name":"花巻市","municipality_code_method":"food_exact_coord"},"geometry":{"type":"Point","coordinates":[141.148971,39.496963]}},{"type":"Feature","properties":{"layer_id":"cafe_restaurant","name":"居酒屋　山路","category":"food","address":"岩手県花巻市石鳥谷町南寺林5-147-8","source":"厚生労働省 食品衛生申請等システム（オープンデータ）","municipality_code":"03205","municipality_pref":"岩手県","municipality_name":"花巻市","municipality_code_method":"food_exact_coord"},"geometry":{"type":"Point","coordinates":[141.128504,39.460424]}},{"type":"Feature","properties":{"layer_id":"cafe_restaurant","name":"農業みらい企画","category":"food","address":"岩手県花巻市金矢5-252-1","source":"厚生労働省 食品衛生申請等システム（オープンデータ）","municipality_code":"03205","municipality_pref":"岩手県","municipality_name":"花巻市","municipality_code_method":"food_exact_coord"},"geometry":{"type":"Point","coordinates":[141.058456,39.435055]}},{"type":"Feature","properties":{"layer_id":"cafe_restaurant","name":"佐々木屋","category":"food","address":"岩手県花巻市石鳥谷町好地16-134","source":"厚生労働省 食品衛生申請等システム（オープンデータ）","municipality_code":"03205","municipality_pref":"岩手県","municipality_name":"花巻市","municipality_code_method":"food_exact_coord"},"geometry":{"type":"Point","coordinates":[141.148971,39.496963]}},{"type":"Feature","properties":{"layer_id":"cafe_restaurant","name":"ひでまつ石鳥谷店","category":"food","address":"岩手県花巻市石鳥谷町好地11-18-2","source":"厚生労働省 食品衛生申請等システム（オープンデータ）","municipality_code":"03205","municipality_pref":"岩手県","municipality_name":"花巻市","municipality_code_method":"food_exact_coord"},"geometry":{"type":"Point","coordinates":[141.148971,39.496963]}},{"type":"Feature","properties":{"layer_id":"cafe_restaurant","name":"仲ぱら家","category":"food","address":"岩手県花巻市大迫町大迫3-174","source":"厚生労働省 食品衛生申請等システム（オープンデータ）","municipality_code":"03205","municipality_pref":"岩手県","municipality_name":"花巻市","municipality_code_method":"food_exact_coord"},"geometry":{"type":"Point","coordinates":[141.289853,39.479065]}},{"type":"Feature","properties":{"layer_id":"cafe_restaurant","name":"大和坊","category":"food","address":"岩手県花巻市大迫町内川目1-11","source":"厚生労働省 食品衛生申請等システム（オープンデータ）","municipality_code":"03205","municipality_pref":"岩手県","municipality_name":"花巻市","municipality_code_method":"food_exact_coord"},"geometry":{"type":"Point","coordinates":[141.369499,39.534034]}},{"type":"Feature","properties":{"layer_id":"cafe_restaurant","name":"さがみ典礼 東和長安殿","category":"food","address":"岩手県花巻市東和町土沢7-4-1","source":"厚生労働省 食品衛生申請等システム（オープンデータ）","municipality_code":"03205","municipality_pref":"岩手県","municipality_name":"花巻市","municipality_code_method":"food_exact_coord"},"geometry":{"type":"Point","coordinates":[141.234899,39.381212]}},{"type":"Feature","properties":{"layer_id":"cafe_restaurant","name":"花巻長安殿","category":"food","address":"岩手県花巻市高田8-56-1","source":"厚生労働省 食品衛生申請等システム（オープンデータ）","municipality_code":"03205","municipality_pref":"岩手県","municipality_name":"花巻市","municipality_code_method":"food_exact_coord"},"geometry":{"type":"Point","coordinates":[141.124901,39.384434]}},{"type":"Feature","properties":{"layer_id":"cafe_restaurant","name":"石鳥谷長安殿","category":"food","address":"岩手県花巻市石鳥谷町八幡5地割48-1","source":"厚生労働省 食品衛生申請等システム（オープンデータ）","municipality_code":"03205","municipality_pref":"岩手県","municipality_name":"花巻市","municipality_code_method":"food_exact_coord"},"geometry":{"type":"Point","coordinates":[141.148403,39.482427]}},{"type":"Feature","properties":{"layer_id":"cafe_restaurant","name":"居酒屋 きのこ","category":"food","address":"岩手県花巻市双葉町6-1","source":"厚生労働省 食品衛生申請等システム（オープンデータ）","municipality_code":"03205","municipality_pref":"岩手県","municipality_name":"花巻市","municipality_code_method":"food_exact_coord"},"geometry":{"type":"Point","coordinates":[141.117669,39.385087]}},{"type":"Feature","properties":{"layer_id":"cafe_restaurant","name":"君再来","category":"food","address":"岩手県花巻市双葉町7-24 ハートヒルズビル２Ｆ","source":"厚生労働省 食品衛生申請等システム（オープンデータ）","municipality_code":"03205","municipality_pref":"岩手県","municipality_name":"花巻市","municipality_code_method":"food_exact_coord"},"geometry":{"type":"Point","coordinates":[141.11779,39.383203]}},{"type":"Feature","properties":{"layer_id":"cafe_restaurant","name":"森のジェラート ポエーマ","category":"food","address":"岩手県花巻市湯口字鳥谷32-5","source":"厚生労働省 食品衛生申請等システム（オープンデータ）","municipality_code":"03205","municipality_pref":"岩手県","municipality_name":"花巻市","municipality_code_method":"food_exact_coord"},"geometry":{"type":"Point","coordinates":[141.028182,39.401183]}},{"type":"Feature","properties":{"layer_id":"cafe_restaurant","name":"高松庵","category":"food","address":"岩手県花巻市高松11-172-1","source":"厚生労働省 食品衛生申請等システム（オープンデータ）","municipality_code":"03205","municipality_pref":"岩手県","municipality_name":"花巻市","municipality_code_method":"food_exact_coord"},"geometry":{"type":"Point","coordinates":[141.174387,39.386267]}},{"type":"Feature","properties":{"layer_id":"cafe_restaurant","name":"茶房　あれい","category":"food","address":"岩手県花巻市上町4-3","source":"厚生労働省 食品衛生申請等システム（オープンデータ）","municipality_code":"03205","municipality_pref":"岩手県","municipality_name":"花巻市","municipality_code_method":"food_exact_coord"},"geometry":{"type":"Point","coordinates":[141.116087,39.386484]}},{"type":"Feature","properties":{"layer_id":"cafe_restaurant","name":"居酒屋　酔助","category":"food","address":"岩手県花巻市桜木町2-129","source":"厚生労働省 食品衛生申請等システム（オープンデータ）","municipality_code":"03205","municipality_pref":"岩手県","municipality_name":"花巻市","municipality_code_method":"food_exact_coord"},"geometry":{"type":"Point","coordinates":[141.110062,39.382286]}},{"type":"Feature","properties":{"layer_id":"cafe_restaurant","name":"山小屋カフェ kurakake","category":"food","address":"岩手県花巻市高松26-28","source":"厚生労働省 食品衛生申請等システム（オープンデータ）","municipality_code":"03205","municipality_pref":"岩手県","municipality_name":"花巻市","municipality_code_method":"food_exact_coord"},"geometry":{"type":"Point","coordinates":[141.174387,39.386267]}},{"type":"Feature","properties":{"layer_id":"cafe_restaurant","name":"まっさん","category":"food","address":"岩手県花巻市東宮野目9-3","source":"厚生労働省 食品衛生申請等システム（オープンデータ）","municipality_code":"03205","municipality_pref":"岩手県","municipality_name":"花巻市","municipality_code_method":"food_exact_coord"},"geometry":{"type":"Point","coordinates":[141.130162,39.417275]}},{"type":"Feature","properties":{"layer_id":"cafe_restaurant","name":"マルカンビル大食堂","category":"food","address":"岩手県花巻市上町6-2 マルカンビル６Ｆ","source":"厚生労働省 食品衛生申請等システム（オープンデータ）","municipality_code":"03205","municipality_pref":"岩手県","municipality_name":"花巻市","municipality_code_method":"food_exact_coord"},"geometry":{"type":"Point","coordinates":[141.117146,39.385776]}},{"type":"Feature","properties":{"layer_id":"cafe_restaurant","name":"いわて花巻大食堂","category":"food","address":"岩手県花巻市東宮野目2-53","source":"厚生労働省 食品衛生申請等システム（オープンデータ）","municipality_code":"03205","municipality_pref":"岩手県","municipality_name":"花巻市","municipality_code_method":"food_exact_coord"},"geometry":{"type":"Point","coordinates":[141.130162,39.417275]}},{"type":"Feature","properties":{"layer_id":"cafe_restaurant","name":"ファーストフロア","category":"food","address":"岩手県花巻市上町6-2 マルカンビル１Ｆ","source":"厚生労働省 食品衛生申請等システム（オープンデータ）","municipality_code":"03205","municipality_pref":"岩手県","municipality_name":"花巻市","municipality_code_method":"food_exact_coord"},"geometry":{"type":"Point","coordinates":[141.117158,39.385749]}},{"type":"Feature","properties":{"layer_id":"cafe_restaurant","name":"マルカンビル大食堂","category":"food","address":"岩手県花巻市上町3","source":"厚生労働省 食品衛生申請等システム（オープンデータ）","municipality_code":"03205","municipality_pref":"岩手県","municipality_name":"花巻市","municipality_code_method":"food_exact_coord"},"geometry":{"type":"Point","coordinates":[141.116498,39.385704]}},{"type":"Feature","properties":{"layer_id":"cafe_restaurant","name":"Quon","category":"food","address":"岩手県花巻市双葉町7-24 ハートヒルズ 1-1","source":"厚生労働省 食品衛生申請等システム（オープンデータ）","municipality_code":"03205","municipality_pref":"岩手県","municipality_name":"花巻市","municipality_code_method":"food_exact_coord"},"geometry":{"type":"Point","coordinates":[141.11779,39.383203]}},{"type":"Feature","properties":{"layer_id":"cafe_restaurant","name":"衣正家","category":"food","address":"岩手県花巻市諏訪町1-8-2","source":"厚生労働省 食品衛生申請等システム（オープンデータ）","municipality_code":"03205","municipality_pref":"岩手県","municipality_name":"花巻市","municipality_code_method":"food_exact_coord"},"geometry":{"type":"Point","coordinates":[141.112296,39.375306]}},{"type":"Feature","properties":{"layer_id":"cafe_restaurant","name":"ベガ","category":"food","address":"岩手県花巻市双葉町6-1","source":"厚生労働省 食品衛生申請等システム（オープンデータ）","municipality_code":"03205","municipality_pref":"岩手県","municipality_name":"花巻市","municipality_code_method":"food_exact_coord"},"geometry":{"type":"Point","coordinates":[141.117669,39.385087]}},{"type":"Feature","properties":{"layer_id":"cafe_restaurant","name":"電源開発花巻寮","category":"food","address":"岩手県花巻市西大通り2-27-8","source":"厚生労働省 食品衛生申請等システム（オープンデータ）","municipality_code":"03205","municipality_pref":"岩手県","municipality_name":"花巻市","municipality_code_method":"food_exact_coord"},"geometry":{"type":"Point","coordinates":[141.102803,39.393452]}},{"type":"Feature","properties":{"layer_id":"cafe_restaurant","name":"Lit Work place","category":"food","address":"岩手県花巻市大通り1-7-40","source":"厚生労働省 食品衛生申請等システム（オープンデータ）","municipality_code":"03205","municipality_pref":"岩手県","municipality_name":"花巻市","municipality_code_method":"food_exact_coord"},"geometry":{"type":"Point","coordinates":[141.111032,39.393586]}},{"type":"Feature","properties":{"layer_id":"cafe_restaurant","name":"Lit Work place","category":"food","address":"岩手県花巻市大通り1-7-40","source":"厚生労働省 食品衛生申請等システム（オープンデータ）","municipality_code":"03205","municipality_pref":"岩手県","municipality_name":"花巻市","municipality_code_method":"food_exact_coord"},"geometry":{"type":"Point","coordinates":[141.111032,39.393586]}},{"type":"Feature","properties":{"layer_id":"cafe_restaurant","name":"Brew Beast Brewery","category":"food","address":"岩手県花巻市豊沢町地内","source":"厚生労働省 食品衛生申請等システム（オープンデータ）","municipality_code":"03205","municipality_pref":"岩手県","municipality_name":"花巻市","municipality_code_method":"food_exact_coord"},"geometry":{"type":"Point","coordinates":[141.118952,39.382685]}},{"type":"Feature","properties":{"layer_id":"cafe_restaurant","name":"ローソン花巻東和町店","category":"food","address":"岩手県花巻市東和町土沢6-125-1","source":"厚生労働省 食品衛生申請等システム（オープンデータ）","municipality_code":"03205","municipality_pref":"岩手県","municipality_name":"花巻市","municipality_code_method":"food_exact_coord"},"geometry":{"type":"Point","coordinates":[141.228002,39.38391]}},{"type":"Feature","properties":{"layer_id":"cafe_restaurant","name":"にじいろこども園食堂","category":"food","address":"岩手県花巻市東宮野目13-95-4","source":"厚生労働省 食品衛生申請等システム（オープンデータ）","municipality_code":"03205","municipality_pref":"岩手県","municipality_name":"花巻市","municipality_code_method":"food_exact_coord"},"geometry":{"type":"Point","coordinates":[141.130162,39.417275]}},{"type":"Feature","properties":{"layer_id":"cafe_restaurant","name":"CAFE LAube　花巻店","category":"food","address":"岩手県花巻市東宮野目12-3-1-1","source":"厚生労働省 食品衛生申請等システム（オープンデータ）","municipality_code":"03205","municipality_pref":"岩手県","municipality_name":"花巻市","municipality_code_method":"food_exact_coord"},"geometry":{"type":"Point","coordinates":[141.130162,39.417275]}},{"type":"Feature","properties":{"layer_id":"cafe_restaurant","name":"小桜家食堂","category":"food","address":"岩手県花巻市東和町土沢5-313","source":"厚生労働省 食品衛生申請等システム（オープンデータ）","municipality_code":"03205","municipality_pref":"岩手県","municipality_name":"花巻市","municipality_code_method":"food_exact_coord"},"geometry":{"type":"Point","coordinates":[141.232255,39.385052]}},{"type":"Feature","properties":{"layer_id":"cafe_restaurant","name":"49729 事業所","category":"food","address":"岩手県花巻市高木20-81-1","source":"厚生労働省 食品衛生申請等システム（オープンデータ）","municipality_code":"03205","municipality_pref":"岩手県","municipality_name":"花巻市","municipality_code_method":"food_exact_coord"},"geometry":{"type":"Point","coordinates":[141.13827,39.38556]}},{"type":"Feature","properties":{"layer_id":"cafe_restaurant","name":"49730 事業所","category":"food","address":"岩手県花巻市西宮野目6-156-2","source":"厚生労働省 食品衛生申請等システム（オープンデータ）","municipality_code":"03205","municipality_pref":"岩手県","municipality_name":"花巻市","municipality_code_method":"food_exact_coord"},"geometry":{"type":"Point","coordinates":[141.122548,39.420516]}},{"type":"Feature","properties":{"layer_id":"cafe_restaurant","name":"49732 事業所","category":"food","address":"岩手県花巻市大畑3-331-1","source":"厚生労働省 食品衛生申請等システム（オープンデータ）","municipality_code":"03205","municipality_pref":"岩手県","municipality_name":"花巻市","municipality_code_method":"food_exact_coord"},"geometry":{"type":"Point","coordinates":[141.096179,39.448817]}},{"type":"Feature","properties":{"layer_id":"cafe_restaurant","name":"49728 事業所","category":"food","address":"岩手県花巻市南城110-1","source":"厚生労働省 食品衛生申請等システム（オープンデータ）","municipality_code":"03205","municipality_pref":"岩手県","municipality_name":"花巻市","municipality_code_method":"food_exact_coord"},"geometry":{"type":"Point","coordinates":[141.121099,39.371161]}},{"type":"Feature","properties":{"layer_id":"cafe_restaurant","name":"49731 事業所","category":"food","address":"岩手県花巻市円万寺字法船96-6","source":"厚生労働省 食品衛生申請等システム（オープンデータ）","municipality_code":"03205","municipality_pref":"岩手県","municipality_name":"花巻市","municipality_code_method":"food_exact_coord"},"geometry":{"type":"Point","coordinates":[141.057062,39.390194]}},{"type":"Feature","properties":{"layer_id":"cafe_restaurant","name":"49733 事業所","category":"food","address":"岩手県花巻市中笹間15-15-1","source":"厚生労働省 食品衛生申請等システム（オープンデータ）","municipality_code":"03205","municipality_pref":"岩手県","municipality_name":"花巻市","municipality_code_method":"food_exact_coord"},"geometry":{"type":"Point","coordinates":[141.047164,39.345759]}},{"type":"Feature","properties":{"layer_id":"cafe_restaurant","name":"ハコショウ食品工業株式会社","category":"food","address":"岩手県花巻市上町地内 花巻中央広場","source":"厚生労働省 食品衛生申請等システム（オープンデータ）","municipality_code":"03205","municipality_pref":"岩手県","municipality_name":"花巻市","municipality_code_method":"food_exact_coord"},"geometry":{"type":"Point","coordinates":[141.118166,39.386216]}},{"type":"Feature","properties":{"layer_id":"cafe_restaurant","name":"ビフレ花巻店","category":"food","address":"岩手県花巻市桜町4-276-1","source":"厚生労働省 食品衛生申請等システム（オープンデータ）","municipality_code":"03205","municipality_pref":"岩手県","municipality_name":"花巻市","municipality_code_method":"food_exact_coord"},"geometry":{"type":"Point","coordinates":[141.119125,39.372329]}},{"type":"Feature","properties":{"layer_id":"cafe_restaurant","name":"SWANKY THE DINER","category":"food","address":"岩手県花巻市石鳥谷町好地7-202-11 １F","source":"厚生労働省 食品衛生申請等システム（オープンデータ）","municipality_code":"03205","municipality_pref":"岩手県","municipality_name":"花巻市","municipality_code_method":"food_exact_coord"},"geometry":{"type":"Point","coordinates":[141.148971,39.496963]}},{"type":"Feature","properties":{"layer_id":"cafe_restaurant","name":"花巻食堂","category":"food","address":"岩手県花巻市大通り1-7-36","source":"厚生労働省 食品衛生申請等システム（オープンデータ）","municipality_code":"03205","municipality_pref":"岩手県","municipality_name":"花巻市","municipality_code_method":"food_exact_coord"},"geometry":{"type":"Point","coordinates":[141.111512,39.393684]}},{"type":"Feature","properties":{"layer_id":"cafe_restaurant","name":"HC石鳥谷","category":"food","address":"岩手県花巻市石鳥谷町中寺林7-46-3","source":"厚生労働省 食品衛生申請等システム（オープンデータ）","municipality_code":"03205","municipality_pref":"岩手県","municipality_name":"花巻市","municipality_code_method":"food_exact_coord"},"geometry":{"type":"Point","coordinates":[141.137857,39.472417]}},{"type":"Feature","properties":{"layer_id":"cafe_restaurant","name":"HC安俵","category":"food","address":"岩手県花巻市東和町安俵6-75-1","source":"厚生労働省 食品衛生申請等システム（オープンデータ）","municipality_code":"03205","municipality_pref":"岩手県","municipality_name":"花巻市","municipality_code_method":"food_exact_coord"},"geometry":{"type":"Point","coordinates":[141.223815,39.383922]}},{"type":"Feature","properties":{"layer_id":"cafe_restaurant","name":"HC高松","category":"food","address":"岩手県花巻市高松7-143","source":"厚生労働省 食品衛生申請等システム（オープンデータ）","municipality_code":"03205","municipality_pref":"岩手県","municipality_name":"花巻市","municipality_code_method":"food_exact_coord"},"geometry":{"type":"Point","coordinates":[141.174387,39.386267]}},{"type":"Feature","properties":{"layer_id":"cafe_restaurant","name":"アニメイトカフェ　キッチンカー","category":"food","address":"岩手県花巻市下小舟渡118-1","source":"厚生労働省 食品衛生申請等システム（オープンデータ）","municipality_code":"03205","municipality_pref":"岩手県","municipality_name":"花巻市","municipality_code_method":"food_exact_coord"},"geometry":{"type":"Point","coordinates":[141.117825,39.393512]}},{"type":"Feature","properties":{"layer_id":"cafe_restaurant","name":"UNKNOWN","category":"food","address":"岩手県花巻市豊沢町1-12 1F","source":"厚生労働省 食品衛生申請等システム（オープンデータ）","municipality_code":"03205","municipality_pref":"岩手県","municipality_name":"花巻市","municipality_code_method":"food_exact_coord"},"geometry":{"type":"Point","coordinates":[141.118384,39.38549]}},{"type":"Feature","properties":{"layer_id":"cafe_restaurant","name":"マクドナルド　298花巻店","category":"food","address":"岩手県花巻市上小舟渡41-1","source":"厚生労働省 食品衛生申請等システム（オープンデータ）","municipality_code":"03205","municipality_pref":"岩手県","municipality_name":"花巻市","municipality_code_method":"food_exact_coord"},"geometry":{"type":"Point","coordinates":[141.122975,39.398035]}},{"type":"Feature","properties":{"layer_id":"cafe_restaurant","name":"やきとり駅前居酒屋","category":"food","address":"岩手県花巻市石鳥谷町好地7-99-3","source":"厚生労働省 食品衛生申請等システム（オープンデータ）","municipality_code":"03205","municipality_pref":"岩手県","municipality_name":"花巻市","municipality_code_method":"food_exact_coord"},"geometry":{"type":"Point","coordinates":[141.148971,39.496963]}},{"type":"Feature","properties":{"layer_id":"cafe_restaurant","name":"やきとり　駅前","category":"food","address":"岩手県花巻市石鳥谷町好地8-78-3 ビバハウス","source":"厚生労働省 食品衛生申請等システム（オープンデータ）","municipality_code":"03205","municipality_pref":"岩手県","municipality_name":"花巻市","municipality_code_method":"food_exact_coord"},"geometry":{"type":"Point","coordinates":[141.148971,39.496963]}},{"type":"Feature","properties":{"layer_id":"cafe_restaurant","name":"Nightjar","category":"food","address":"岩手県花巻市東町6-2　B1","source":"厚生労働省 食品衛生申請等システム（オープンデータ）","municipality_code":"03205","municipality_pref":"岩手県","municipality_name":"花巻市","municipality_code_method":"food_exact_coord"},"geometry":{"type":"Point","coordinates":[141.120137,39.38539]}},{"type":"Feature","properties":{"layer_id":"cafe_restaurant","name":"つばめ食堂","category":"food","address":"岩手県花巻市高松12-158-1","source":"厚生労働省 食品衛生申請等システム（オープンデータ）","municipality_code":"03205","municipality_pref":"岩手県","municipality_name":"花巻市","municipality_code_method":"food_exact_coord"},"geometry":{"type":"Point","coordinates":[141.174387,39.386267]}},{"type":"Feature","properties":{"layer_id":"cafe_restaurant","name":"シャトル","category":"food","address":"岩手県花巻市花城町吹張町4-31","source":"厚生労働省 食品衛生申請等システム（オープンデータ）","municipality_code":"03205","municipality_pref":"岩手県","municipality_name":"花巻市","municipality_code_method":"food_exact_coord"},"geometry":{"type":"Point","coordinates":[141.115113,39.388537]}},{"type":"Feature","properties":{"layer_id":"cafe_restaurant","name":"セブン-イレブン花巻北湯口店","category":"food","address":"岩手県花巻市北湯口11-648-3","source":"厚生労働省 食品衛生申請等システム（オープンデータ）","municipality_code":"03205","municipality_pref":"岩手県","municipality_name":"花巻市","municipality_code_method":"food_exact_coord"},"geometry":{"type":"Point","coordinates":[141.092327,39.457955]}},{"type":"Feature","properties":{"layer_id":"cafe_restaurant","name":"花巻東校男子寮　雄風寮","category":"food","address":"岩手県花巻市南新田339-1","source":"厚生労働省 食品衛生申請等システム（オープンデータ）","municipality_code":"03205","municipality_pref":"岩手県","municipality_name":"花巻市","municipality_code_method":"food_exact_coord"},"geometry":{"type":"Point","coordinates":[141.100747,39.403975]}},{"type":"Feature","properties":{"layer_id":"cafe_restaurant","name":"創作和食・おでん　ゆるり家","category":"food","address":"岩手県花巻市双葉町4-3","source":"厚生労働省 食品衛生申請等システム（オープンデータ）","municipality_code":"03205","municipality_pref":"岩手県","municipality_name":"花巻市","municipality_code_method":"food_exact_coord"},"geometry":{"type":"Point","coordinates":[141.116846,39.385023]}},{"type":"Feature","properties":{"layer_id":"cafe_restaurant","name":"つむじや","category":"food","address":"岩手県花巻市東和町土沢8区115","source":"厚生労働省 食品衛生申請等システム（オープンデータ）","municipality_code":"03205","municipality_pref":"岩手県","municipality_name":"花巻市","municipality_code_method":"food_exact_coord"},"geometry":{"type":"Point","coordinates":[141.230582,39.385877]}},{"type":"Feature","properties":{"layer_id":"cafe_restaurant","name":"いわて花巻夢ジェラート","category":"food","address":"岩手県花巻市太田第３地割46番地","source":"厚生労働省 食品衛生申請等システム（オープンデータ）","municipality_code":"03205","municipality_pref":"岩手県","municipality_name":"花巻市","municipality_code_method":"food_exact_coord"},"geometry":{"type":"Point","coordinates":[141.010377,39.385556]}},{"type":"Feature","properties":{"layer_id":"cafe_restaurant","name":"夢コーポレーション株式会社","category":"food","address":"岩手県花巻市大通り１丁目","source":"厚生労働省 食品衛生申請等システム（オープンデータ）","municipality_code":"03205","municipality_pref":"岩手県","municipality_name":"花巻市","municipality_code_method":"food_exact_coord"},"geometry":{"type":"Point","coordinates":[141.112406,39.390736]}},{"type":"Feature","properties":{"layer_id":"cafe_restaurant","name":"Kapilina mahalo","category":"food","address":"岩手県花巻市桜町１丁目444-３ セゾンハウスA棟","source":"厚生労働省 食品衛生申請等システム（オープンデータ）","municipality_code":"03205","municipality_pref":"岩手県","municipality_name":"花巻市","municipality_code_method":"food_exact_coord"},"geometry":{"type":"Point","coordinates":[141.116357,39.377235]}},{"type":"Feature","properties":{"layer_id":"cafe_restaurant","name":"そば処ふじかめ","category":"food","address":"岩手県花巻市大迫町外川目29-82","source":"厚生労働省 食品衛生申請等システム（オープンデータ）","municipality_code":"03205","municipality_pref":"岩手県","municipality_name":"花巻市","municipality_code_method":"food_exact_coord"},"geometry":{"type":"Point","coordinates":[141.357875,39.453737]}},{"type":"Feature","properties":{"layer_id":"cafe_restaurant","name":"星耕茶寮","category":"food","address":"岩手県花巻市大迫町内川目17-5","source":"厚生労働省 食品衛生申請等システム（オープンデータ）","municipality_code":"03205","municipality_pref":"岩手県","municipality_name":"花巻市","municipality_code_method":"food_exact_coord"},"geometry":{"type":"Point","coordinates":[141.369499,39.534034]}},{"type":"Feature","properties":{"layer_id":"cafe_restaurant","name":"のんちゃんラーメン","category":"food","address":"岩手県花巻市石鳥谷町好地16-135-1","source":"厚生労働省 食品衛生申請等システム（オープンデータ）","municipality_code":"03205","municipality_pref":"岩手県","municipality_name":"花巻市","municipality_code_method":"food_exact_coord"},"geometry":{"type":"Point","coordinates":[141.148971,39.496963]}},{"type":"Feature","properties":{"layer_id":"cafe_restaurant","name":"季節料理たむら","category":"food","address":"岩手県花巻市石鳥谷町好地9-135-5","source":"厚生労働省 食品衛生申請等システム（オープンデータ）","municipality_code":"03205","municipality_pref":"岩手県","municipality_name":"花巻市","municipality_code_method":"food_exact_coord"},"geometry":{"type":"Point","coordinates":[141.148971,39.496963]}},{"type":"Feature","properties":{"layer_id":"cafe_restaurant","name":"酒蔵","category":"food","address":"岩手県花巻市石鳥谷町中寺林7-17-3","source":"厚生労働省 食品衛生申請等システム（オープンデータ）","municipality_code":"03205","municipality_pref":"岩手県","municipality_name":"花巻市","municipality_code_method":"food_exact_coord"},"geometry":{"type":"Point","coordinates":[141.137857,39.472417]}},{"type":"Feature","properties":{"layer_id":"cafe_restaurant","name":"南部杜氏伝承館","category":"food","address":"岩手県花巻市石鳥谷町中寺林7-17-3","source":"厚生労働省 食品衛生申請等システム（オープンデータ）","municipality_code":"03205","municipality_pref":"岩手県","municipality_name":"花巻市","municipality_code_method":"food_exact_coord"},"geometry":{"type":"Point","coordinates":[141.137857,39.472417]}},{"type":"Feature","properties":{"layer_id":"cafe_restaurant","name":"酒匠館","category":"food","address":"岩手県花巻市石鳥谷町中寺林7-17-3","source":"厚生労働省 食品衛生申請等システム（オープンデータ）","municipality_code":"03205","municipality_pref":"岩手県","municipality_name":"花巻市","municipality_code_method":"food_exact_coord"},"geometry":{"type":"Point","coordinates":[141.137857,39.472417]}},{"type":"Feature","properties":{"layer_id":"cafe_restaurant","name":"りんどう亭　新食堂","category":"food","address":"岩手県花巻市石鳥谷町中寺林7-15","source":"厚生労働省 食品衛生申請等システム（オープンデータ）","municipality_code":"03205","municipality_pref":"岩手県","municipality_name":"花巻市","municipality_code_method":"food_exact_coord"},"geometry":{"type":"Point","coordinates":[141.137857,39.472417]}},{"type":"Feature","properties":{"layer_id":"cafe_restaurant","name":"LOG","category":"food","address":"岩手県花巻市双葉町5-24 フジビル2F-2","source":"厚生労働省 食品衛生申請等システム（オープンデータ）","municipality_code":"03205","municipality_pref":"岩手県","municipality_name":"花巻市","municipality_code_method":"food_exact_coord"},"geometry":{"type":"Point","coordinates":[141.117461,39.384885]}},{"type":"Feature","properties":{"layer_id":"cafe_restaurant","name":"大畠家","category":"food","address":"岩手県花巻市豊沢町5-1","source":"厚生労働省 食品衛生申請等システム（オープンデータ）","municipality_code":"03205","municipality_pref":"岩手県","municipality_name":"花巻市","municipality_code_method":"food_exact_coord"},"geometry":{"type":"Point","coordinates":[141.118174,39.3842]}},{"type":"Feature","properties":{"layer_id":"cafe_restaurant","name":"Yuino－夢祈－","category":"food","address":"岩手県花巻市双葉町2-11 ダイヤヒルズ２階　203","source":"厚生労働省 食品衛生申請等システム（オープンデータ）","municipality_code":"03205","municipality_pref":"岩手県","municipality_name":"花巻市","municipality_code_method":"food_exact_coord"},"geometry":{"type":"Point","coordinates":[141.116778,39.385427]}},{"type":"Feature","properties":{"layer_id":"cafe_restaurant","name":"てるてるぼーず","category":"food","address":"岩手県花巻市南城463-4","source":"厚生労働省 食品衛生申請等システム（オープンデータ）","municipality_code":"03205","municipality_pref":"岩手県","municipality_name":"花巻市","municipality_code_method":"food_exact_coord"},"geometry":{"type":"Point","coordinates":[141.120482,39.366154]}},{"type":"Feature","properties":{"layer_id":"cafe_restaurant","name":"餃子食堂","category":"food","address":"岩手県花巻市上根子法領16-3","source":"厚生労働省 食品衛生申請等システム（オープンデータ）","municipality_code":"03205","municipality_pref":"岩手県","municipality_name":"花巻市","municipality_code_method":"food_exact_coord"},"geometry":{"type":"Point","coordinates":[141.05777,39.388636]}},{"type":"Feature","properties":{"layer_id":"cafe_restaurant","name":"君楽中華特色料理","category":"food","address":"岩手県花巻市里川口町８－２","source":"厚生労働省 食品衛生申請等システム（オープンデータ）","municipality_code":"03205","municipality_pref":"岩手県","municipality_name":"花巻市","municipality_code_method":"food_exact_coord"},"geometry":{"type":"Point","coordinates":[141.125322,39.386844]}},{"type":"Feature","properties":{"layer_id":"cafe_restaurant","name":"ё　豆や　よーだcoffee","category":"food","address":"岩手県花巻市東和町土沢8-105地先 （県道222号線歩道）","source":"厚生労働省 食品衛生申請等システム（オープンデータ）","municipality_code":"03205","municipality_pref":"岩手県","municipality_name":"花巻市","municipality_code_method":"food_exact_coord"},"geometry":{"type":"Point","coordinates":[141.229844,39.386165]}},{"type":"Feature","properties":{"layer_id":"cafe_restaurant","name":"ホルモン塾","category":"food","address":"岩手県花巻市大通り１丁目3-4","source":"厚生労働省 食品衛生申請等システム（オープンデータ）","municipality_code":"03205","municipality_pref":"岩手県","municipality_name":"花巻市","municipality_code_method":"food_exact_coord"},"geometry":{"type":"Point","coordinates":[141.111839,39.390796]}},{"type":"Feature","properties":{"layer_id":"cafe_restaurant","name":"ホルモン塾","category":"food","address":"岩手県花巻市大通り１丁目3-4","source":"厚生労働省 食品衛生申請等システム（オープンデータ）","municipality_code":"03205","municipality_pref":"岩手県","municipality_name":"花巻市","municipality_code_method":"food_exact_coord"},"geometry":{"type":"Point","coordinates":[141.111839,39.390796]}},{"type":"Feature","properties":{"layer_id":"cafe_restaurant","name":"リセット","category":"food","address":"岩手県花巻市吹張町9-8 成島ビル１F","source":"厚生労働省 食品衛生申請等システム（オープンデータ）","municipality_code":"03205","municipality_pref":"岩手県","municipality_name":"花巻市","municipality_code_method":"food_exact_coord"},"geometry":{"type":"Point","coordinates":[141.114536,39.386951]}},{"type":"Feature","properties":{"layer_id":"cafe_restaurant","name":"hana","category":"food","address":"岩手県花巻市東宮野目2-53","source":"厚生労働省 食品衛生申請等システム（オープンデータ）","municipality_code":"03205","municipality_pref":"岩手県","municipality_name":"花巻市","municipality_code_method":"food_exact_coord"},"geometry":{"type":"Point","coordinates":[141.130162,39.417275]}},{"type":"Feature","properties":{"layer_id":"cafe_restaurant","name":"いわて花巻空港","category":"food","address":"岩手県花巻市東宮野目2-53","source":"厚生労働省 食品衛生申請等システム（オープンデータ）","municipality_code":"03205","municipality_pref":"岩手県","municipality_name":"花巻市","municipality_code_method":"food_exact_coord"},"geometry":{"type":"Point","coordinates":[141.130162,39.417275]}},{"type":"Feature","properties":{"layer_id":"cafe_restaurant","name":"桂竹","category":"food","address":"岩手県花巻市双葉町4-4 松田ビル1F","source":"厚生労働省 食品衛生申請等システム（オープンデータ）","municipality_code":"03205","municipality_pref":"岩手県","municipality_name":"花巻市","municipality_code_method":"food_exact_coord"},"geometry":{"type":"Point","coordinates":[141.116963,39.385028]}},{"type":"Feature","properties":{"layer_id":"cafe_restaurant","name":"ぱる純","category":"food","address":"岩手県花巻市石鳥谷町南寺林5-138-8","source":"厚生労働省 食品衛生申請等システム（オープンデータ）","municipality_code":"03205","municipality_pref":"岩手県","municipality_name":"花巻市","municipality_code_method":"food_exact_coord"},"geometry":{"type":"Point","coordinates":[141.128504,39.460424]}},{"type":"Feature","properties":{"layer_id":"cafe_restaurant","name":"鳳神會","category":"food","address":"岩手県花巻市大迫町大迫第３地割地内","source":"厚生労働省 食品衛生申請等システム（オープンデータ）","municipality_code":"03205","municipality_pref":"岩手県","municipality_name":"花巻市","municipality_code_method":"food_exact_coord"},"geometry":{"type":"Point","coordinates":[141.285526,39.466712]}},{"type":"Feature","properties":{"layer_id":"cafe_restaurant","name":"鉄板焼からあげ屋　さとう","category":"food","address":"岩手県花巻市湯本4-31-8","source":"厚生労働省 食品衛生申請等システム（オープンデータ）","municipality_code":"03205","municipality_pref":"岩手県","municipality_name":"花巻市","municipality_code_method":"food_exact_coord"},"geometry":{"type":"Point","coordinates":[141.09531,39.44255]}},{"type":"Feature","properties":{"layer_id":"cafe_restaurant","name":"セブンーイレブン花巻城内店","category":"food","address":"岩手県花巻市城内12-23","source":"厚生労働省 食品衛生申請等システム（オープンデータ）","municipality_code":"03205","municipality_pref":"岩手県","municipality_name":"花巻市","municipality_code_method":"food_exact_coord"},"geometry":{"type":"Point","coordinates":[141.123698,39.390676]}},{"type":"Feature","properties":{"layer_id":"cafe_restaurant","name":"六賑会","category":"food","address":"岩手県花巻市東和町土沢5-401","source":"厚生労働省 食品衛生申請等システム（オープンデータ）","municipality_code":"03205","municipality_pref":"岩手県","municipality_name":"花巻市","municipality_code_method":"food_exact_coord"},"geometry":{"type":"Point","coordinates":[141.229087,39.387211]}},{"type":"Feature","properties":{"layer_id":"cafe_restaurant","name":"ビート","category":"food","address":"岩手県花巻市大通り1-17-13","source":"厚生労働省 食品衛生申請等システム（オープンデータ）","municipality_code":"03205","municipality_pref":"岩手県","municipality_name":"花巻市","municipality_code_method":"food_exact_coord"},"geometry":{"type":"Point","coordinates":[141.11451,39.39136]}},{"type":"Feature","properties":{"layer_id":"cafe_restaurant","name":"天下","category":"food","address":"岩手県花巻市大通り1-17-12","source":"厚生労働省 食品衛生申請等システム（オープンデータ）","municipality_code":"03205","municipality_pref":"岩手県","municipality_name":"花巻市","municipality_code_method":"food_exact_coord"},"geometry":{"type":"Point","coordinates":[141.114461,39.391561]}},{"type":"Feature","properties":{"layer_id":"cafe_restaurant","name":"わかば酒店","category":"food","address":"岩手県花巻市若葉町1-1-16　2階","source":"厚生労働省 食品衛生申請等システム（オープンデータ）","municipality_code":"03205","municipality_pref":"岩手県","municipality_name":"花巻市","municipality_code_method":"food_exact_coord"},"geometry":{"type":"Point","coordinates":[141.106349,39.38994]}},{"type":"Feature","properties":{"layer_id":"cafe_restaurant","name":"ローソン花巻東高校前店","category":"food","address":"岩手県花巻市松園町1-22-37","source":"厚生労働省 食品衛生申請等システム（オープンデータ）","municipality_code":"03205","municipality_pref":"岩手県","municipality_name":"花巻市","municipality_code_method":"food_exact_coord"},"geometry":{"type":"Point","coordinates":[141.102407,39.406148]}},{"type":"Feature","properties":{"layer_id":"cafe_restaurant","name":"ローソン花巻大迫町店","category":"food","address":"岩手県花巻市大迫町大迫14-28-1","source":"厚生労働省 食品衛生申請等システム（オープンデータ）","municipality_code":"03205","municipality_pref":"岩手県","municipality_name":"花巻市","municipality_code_method":"food_exact_coord"},"geometry":{"type":"Point","coordinates":[141.289853,39.479065]}},{"type":"Feature","properties":{"layer_id":"cafe_restaurant","name":"ローソン花巻東バイパス店","category":"food","address":"岩手県花巻市南城352-1","source":"厚生労働省 食品衛生申請等システム（オープンデータ）","municipality_code":"03205","municipality_pref":"岩手県","municipality_name":"花巻市","municipality_code_method":"food_exact_coord"},"geometry":{"type":"Point","coordinates":[141.123174,39.365656]}},{"type":"Feature","properties":{"layer_id":"cafe_restaurant","name":"セブン-イレブン 花巻インター店","category":"food","address":"岩手県花巻市二枚橋3-258-3","source":"厚生労働省 食品衛生申請等システム（オープンデータ）","municipality_code":"03205","municipality_pref":"岩手県","municipality_name":"花巻市","municipality_code_method":"food_exact_coord"},"geometry":{"type":"Point","coordinates":[141.120992,39.44324]}},{"type":"Feature","properties":{"layer_id":"cafe_restaurant","name":"道の駅とうわ","category":"food","address":"岩手県花巻市東和町安俵6区147-2","source":"厚生労働省 食品衛生申請等システム（オープンデータ）","municipality_code":"03205","municipality_pref":"岩手県","municipality_name":"花巻市","municipality_code_method":"food_exact_coord"},"geometry":{"type":"Point","coordinates":[141.222171,39.382803]}},{"type":"Feature","properties":{"layer_id":"cafe_restaurant","name":"日高見の霊湯東和温泉","category":"food","address":"岩手県花巻市東和町安俵6区135","source":"厚生労働省 食品衛生申請等システム（オープンデータ）","municipality_code":"03205","municipality_pref":"岩手県","municipality_name":"花巻市","municipality_code_method":"food_exact_coord"},"geometry":{"type":"Point","coordinates":[141.2226135,39.383656]}},{"type":"Feature","properties":{"layer_id":"cafe_restaurant","name":"菊先フーズ","category":"food","address":"岩手県花巻市石鳥谷町猪鼻6-19-1","source":"厚生労働省 食品衛生申請等システム（オープンデータ）","municipality_code":"03205","municipality_pref":"岩手県","municipality_name":"花巻市","municipality_code_method":"food_exact_coord"},"geometry":{"type":"Point","coordinates":[141.187901,39.446]}},{"type":"Feature","properties":{"layer_id":"cafe_restaurant","name":"遠野醸造","category":"food","address":"岩手県花巻市大通り1-2-21","source":"厚生労働省 食品衛生申請等システム（オープンデータ）","municipality_code":"03205","municipality_pref":"岩手県","municipality_name":"花巻市","municipality_code_method":"food_exact_coord"},"geometry":{"type":"Point","coordinates":[141.11154,39.391855]}},{"type":"Feature","properties":{"layer_id":"cafe_restaurant","name":"やえはた産直すまいる","category":"food","address":"岩手県花巻市石鳥谷町好地地内","source":"厚生労働省 食品衛生申請等システム（オープンデータ）","municipality_code":"03205","municipality_pref":"岩手県","municipality_name":"花巻市","municipality_code_method":"food_exact_coord"},"geometry":{"type":"Point","coordinates":[141.148971,39.496963]}},{"type":"Feature","properties":{"layer_id":"cafe_restaurant","name":"豪ーめん　石鳥谷店","category":"food","address":"岩手県花巻市石鳥谷町中寺林7-87-1","source":"厚生労働省 食品衛生申請等システム（オープンデータ）","municipality_code":"03205","municipality_pref":"岩手県","municipality_name":"花巻市","municipality_code_method":"food_exact_coord"},"geometry":{"type":"Point","coordinates":[141.137857,39.472417]}},{"type":"Feature","properties":{"layer_id":"cafe_restaurant","name":"KM KIKAKU","category":"food","address":"岩手県花巻市豊沢町地内","source":"厚生労働省 食品衛生申請等システム（オープンデータ）","municipality_code":"03205","municipality_pref":"岩手県","municipality_name":"花巻市","municipality_code_method":"food_exact_coord"},"geometry":{"type":"Point","coordinates":[141.118952,39.382685]}},{"type":"Feature","properties":{"layer_id":"cafe_restaurant","name":"BOUNCY","category":"food","address":"岩手県花巻市吹張町9-15　1F","source":"厚生労働省 食品衛生申請等システム（オープンデータ）","municipality_code":"03205","municipality_pref":"岩手県","municipality_name":"花巻市","municipality_code_method":"food_exact_coord"},"geometry":{"type":"Point","coordinates":[141.114456,39.386568]}},{"type":"Feature","properties":{"layer_id":"cafe_restaurant","name":"ばんがりキッチンカー","category":"food","address":"岩手県花巻市東宮野目第12地割12-4","source":"厚生労働省 食品衛生申請等システム（オープンデータ）","municipality_code":"03205","municipality_pref":"岩手県","municipality_name":"花巻市","municipality_code_method":"food_exact_coord"},"geometry":{"type":"Point","coordinates":[141.125056,39.407011]}},{"type":"Feature","properties":{"layer_id":"cafe_restaurant","name":"さご笑店","category":"food","address":"岩手県花巻市石鳥谷町八幡4-30-2","source":"厚生労働省 食品衛生申請等システム（オープンデータ）","municipality_code":"03205","municipality_pref":"岩手県","municipality_name":"花巻市","municipality_code_method":"food_exact_coord"},"geometry":{"type":"Point","coordinates":[141.150882,39.474011]}},{"type":"Feature","properties":{"layer_id":"cafe_restaurant","name":"佐五魚店","category":"food","address":"岩手県花巻市石鳥谷町八幡4-30-2","source":"厚生労働省 食品衛生申請等システム（オープンデータ）","municipality_code":"03205","municipality_pref":"岩手県","municipality_name":"花巻市","municipality_code_method":"food_exact_coord"},"geometry":{"type":"Point","coordinates":[141.150882,39.474011]}},{"type":"Feature","properties":{"layer_id":"cafe_restaurant","name":"うすやき本舗","category":"food","address":"岩手県花巻市葛3-183-1 花巻空港事務所前","source":"厚生労働省 食品衛生申請等システム（オープンデータ）","municipality_code":"03205","municipality_pref":"岩手県","municipality_name":"花巻市","municipality_code_method":"food_exact_coord"},"geometry":{"type":"Point","coordinates":[141.149985,39.431027]}},{"type":"Feature","properties":{"layer_id":"cafe_restaurant","name":"菅原商店","category":"food","address":"岩手県花巻市石鳥谷町中寺林2-39","source":"厚生労働省 食品衛生申請等システム（オープンデータ）","municipality_code":"03205","municipality_pref":"岩手県","municipality_name":"花巻市","municipality_code_method":"food_exact_coord"},"geometry":{"type":"Point","coordinates":[141.137857,39.472417]}},{"type":"Feature","properties":{"layer_id":"cafe_restaurant","name":"仕出し治作","category":"food","address":"岩手県花巻市石鳥谷町小森林5-240-2","source":"厚生労働省 食品衛生申請等システム（オープンデータ）","municipality_code":"03205","municipality_pref":"岩手県","municipality_name":"花巻市","municipality_code_method":"food_exact_coord"},"geometry":{"type":"Point","coordinates":[141.135057,39.452355]}},{"type":"Feature","properties":{"layer_id":"cafe_restaurant","name":"有限会社オアシス","category":"food","address":"岩手県花巻市野田316-1 JAいわて花巻敷地内","source":"厚生労働省 食品衛生申請等システム（オープンデータ）","municipality_code":"03205","municipality_pref":"岩手県","municipality_name":"花巻市","municipality_code_method":"food_exact_coord"},"geometry":{"type":"Point","coordinates":[141.100943,39.400223]}},{"type":"Feature","properties":{"layer_id":"cafe_restaurant","name":"特定非営利活動法人　花巻文化村協議会","category":"food","address":"岩手県花巻市葛8-283-1","source":"厚生労働省 食品衛生申請等システム（オープンデータ）","municipality_code":"03205","municipality_pref":"岩手県","municipality_name":"花巻市","municipality_code_method":"food_exact_coord"},"geometry":{"type":"Point","coordinates":[141.149985,39.431027]}},{"type":"Feature","properties":{"layer_id":"cafe_restaurant","name":"セブンーイレブン花巻西大通り1丁目店","category":"food","address":"岩手県花巻市西大通り1-20-24","source":"厚生労働省 食品衛生申請等システム（オープンデータ）","municipality_code":"03205","municipality_pref":"岩手県","municipality_name":"花巻市","municipality_code_method":"food_exact_coord"},"geometry":{"type":"Point","coordinates":[141.107251,39.392629]}},{"type":"Feature","properties":{"layer_id":"cafe_restaurant","name":"彩食健美　仁来坊","category":"food","address":"岩手県花巻市中根子駒込1-7","source":"厚生労働省 食品衛生申請等システム（オープンデータ）","municipality_code":"03205","municipality_pref":"岩手県","municipality_name":"花巻市","municipality_code_method":"food_exact_coord"},"geometry":{"type":"Point","coordinates":[141.096575,39.382959]}},{"type":"Feature","properties":{"layer_id":"cafe_restaurant","name":"ブーリアン","category":"food","address":"岩手県花巻市南川原町292","source":"厚生労働省 食品衛生申請等システム（オープンデータ）","municipality_code":"03205","municipality_pref":"岩手県","municipality_name":"花巻市","municipality_code_method":"food_exact_coord"},"geometry":{"type":"Point","coordinates":[141.117335,39.383689]}},{"type":"Feature","properties":{"layer_id":"cafe_restaurant","name":"養老乃瀧　花巻店","category":"food","address":"岩手県花巻市上町9-13","source":"厚生労働省 食品衛生申請等システム（オープンデータ）","municipality_code":"03205","municipality_pref":"岩手県","municipality_name":"花巻市","municipality_code_method":"food_exact_coord"},"geometry":{"type":"Point","coordinates":[141.120145,39.386666]}},{"type":"Feature","properties":{"layer_id":"cafe_restaurant","name":"ネクスト","category":"food","address":"岩手県花巻市西宮野目5-298-1","source":"厚生労働省 食品衛生申請等システム（オープンデータ）","municipality_code":"03205","municipality_pref":"岩手県","municipality_name":"花巻市","municipality_code_method":"food_exact_coord"},"geometry":{"type":"Point","coordinates":[141.117852,39.420689]}},{"type":"Feature","properties":{"layer_id":"cafe_restaurant","name":"居酒屋りょうちゃん","category":"food","address":"岩手県花巻市南川原町295","source":"厚生労働省 食品衛生申請等システム（オープンデータ）","municipality_code":"03205","municipality_pref":"岩手県","municipality_name":"花巻市","municipality_code_method":"food_exact_coord"},"geometry":{"type":"Point","coordinates":[141.117351,39.383512]}},{"type":"Feature","properties":{"layer_id":"cafe_restaurant","name":"音や","category":"food","address":"岩手県花巻市双葉町5-20","source":"厚生労働省 食品衛生申請等システム（オープンデータ）","municipality_code":"03205","municipality_pref":"岩手県","municipality_name":"花巻市","municipality_code_method":"food_exact_coord"},"geometry":{"type":"Point","coordinates":[141.11739,39.384496]}},{"type":"Feature","properties":{"layer_id":"cafe_restaurant","name":"サテンドール","category":"food","address":"岩手県花巻市本館51-1","source":"厚生労働省 食品衛生申請等システム（オープンデータ）","municipality_code":"03205","municipality_pref":"岩手県","municipality_name":"花巻市","municipality_code_method":"food_exact_coord"},"geometry":{"type":"Point","coordinates":[141.115437,39.412543]}},{"type":"Feature","properties":{"layer_id":"cafe_restaurant","name":"居食屋いーはとーぶ","category":"food","address":"岩手県花巻市双葉町5-25","source":"厚生労働省 食品衛生申請等システム（オープンデータ）","municipality_code":"03205","municipality_pref":"岩手県","municipality_name":"花巻市","municipality_code_method":"food_exact_coord"},"geometry":{"type":"Point","coordinates":[141.117604,39.384989]}},{"type":"Feature","properties":{"layer_id":"cafe_restaurant","name":"おいものせなか＋カフェ","category":"food","address":"岩手県花巻市上小舟渡166-2","source":"厚生労働省 食品衛生申請等システム（オープンデータ）","municipality_code":"03205","municipality_pref":"岩手県","municipality_name":"花巻市","municipality_code_method":"food_exact_coord"},"geometry":{"type":"Point","coordinates":[141.121572,39.394514]}},{"type":"Feature","properties":{"layer_id":"cafe_restaurant","name":"居酒屋　MON","category":"food","address":"岩手県花巻市双葉町5-25","source":"厚生労働省 食品衛生申請等システム（オープンデータ）","municipality_code":"03205","municipality_pref":"岩手県","municipality_name":"花巻市","municipality_code_method":"food_exact_coord"},"geometry":{"type":"Point","coordinates":[141.117604,39.384989]}},{"type":"Feature","properties":{"layer_id":"cafe_restaurant","name":"きのえね寿司","category":"food","address":"岩手県花巻市双葉町2-12","source":"厚生労働省 食品衛生申請等システム（オープンデータ）","municipality_code":"03205","municipality_pref":"岩手県","municipality_name":"花巻市","municipality_code_method":"food_exact_coord"},"geometry":{"type":"Point","coordinates":[141.116904,39.385236]}},{"type":"Feature","properties":{"layer_id":"cafe_restaurant","name":"株式会社翠久の里","category":"food","address":"岩手県花巻市大迫町大迫第３地割161","source":"厚生労働省 食品衛生申請等システム（オープンデータ）","municipality_code":"03205","municipality_pref":"岩手県","municipality_name":"花巻市","municipality_code_method":"food_exact_coord"},"geometry":{"type":"Point","coordinates":[141.285667,39.466378]}},{"type":"Feature","properties":{"layer_id":"cafe_restaurant","name":"喜久寿司","category":"food","address":"岩手県花巻市材木町8-12","source":"厚生労働省 食品衛生申請等システム（オープンデータ）","municipality_code":"03205","municipality_pref":"岩手県","municipality_name":"花巻市","municipality_code_method":"food_exact_coord"},"geometry":{"type":"Point","coordinates":[141.110213,39.386146]}},{"type":"Feature","properties":{"layer_id":"cafe_restaurant","name":"松坂みそ店","category":"food","address":"岩手県花巻市大迫町外川目34-5","source":"厚生労働省 食品衛生申請等システム（オープンデータ）","municipality_code":"03205","municipality_pref":"岩手県","municipality_name":"花巻市","municipality_code_method":"food_exact_coord"},"geometry":{"type":"Point","coordinates":[141.357875,39.453737]}},{"type":"Feature","properties":{"layer_id":"cafe_restaurant","name":"すし処えにし","category":"food","address":"岩手県花巻市大迫町大迫3-103","source":"厚生労働省 食品衛生申請等システム（オープンデータ）","municipality_code":"03205","municipality_pref":"岩手県","municipality_name":"花巻市","municipality_code_method":"food_exact_coord"},"geometry":{"type":"Point","coordinates":[141.289853,39.479065]}},{"type":"Feature","properties":{"layer_id":"cafe_restaurant","name":"メもあーる","category":"food","address":"岩手県花巻市石鳥谷町中寺林7-44-24","source":"厚生労働省 食品衛生申請等システム（オープンデータ）","municipality_code":"03205","municipality_pref":"岩手県","municipality_name":"花巻市","municipality_code_method":"food_exact_coord"},"geometry":{"type":"Point","coordinates":[141.137857,39.472417]}},{"type":"Feature","properties":{"layer_id":"cafe_restaurant","name":"アニモ","category":"food","address":"岩手県花巻市石鳥谷町好地16-140","source":"厚生労働省 食品衛生申請等システム（オープンデータ）","municipality_code":"03205","municipality_pref":"岩手県","municipality_name":"花巻市","municipality_code_method":"food_exact_coord"},"geometry":{"type":"Point","coordinates":[141.148971,39.496963]}},{"type":"Feature","properties":{"layer_id":"cafe_restaurant","name":"串揚居酒屋　ビリケン","category":"food","address":"岩手県花巻市双葉町4-10","source":"厚生労働省 食品衛生申請等システム（オープンデータ）","municipality_code":"03205","municipality_pref":"岩手県","municipality_name":"花巻市","municipality_code_method":"food_exact_coord"},"geometry":{"type":"Point","coordinates":[141.117009,39.384627]}},{"type":"Feature","properties":{"layer_id":"cafe_restaurant","name":"楓の小路","category":"food","address":"岩手県花巻市東和町宮田2区10","source":"厚生労働省 食品衛生申請等システム（オープンデータ）","municipality_code":"03205","municipality_pref":"岩手県","municipality_name":"花巻市","municipality_code_method":"food_exact_coord"},"geometry":{"type":"Point","coordinates":[141.194195,39.326334]}},{"type":"Feature","properties":{"layer_id":"cafe_restaurant","name":"お食事処　大幸","category":"food","address":"岩手県花巻市東和町土沢8-122","source":"厚生労働省 食品衛生申請等システム（オープンデータ）","municipality_code":"03205","municipality_pref":"岩手県","municipality_name":"花巻市","municipality_code_method":"food_exact_coord"},"geometry":{"type":"Point","coordinates":[141.231119,39.385433]}},{"type":"Feature","properties":{"layer_id":"cafe_restaurant","name":"中華酒菜かぶら","category":"food","address":"岩手県花巻市東和町安俵3区31","source":"厚生労働省 食品衛生申請等システム（オープンデータ）","municipality_code":"03205","municipality_pref":"岩手県","municipality_name":"花巻市","municipality_code_method":"food_exact_coord"},"geometry":{"type":"Point","coordinates":[141.223685,39.388646]}},{"type":"Feature","properties":{"layer_id":"cafe_restaurant","name":"仕出しの佐藤","category":"food","address":"岩手県花巻市東和町土沢6区101-1","source":"厚生労働省 食品衛生申請等システム（オープンデータ）","municipality_code":"03205","municipality_pref":"岩手県","municipality_name":"花巻市","municipality_code_method":"food_exact_coord"},"geometry":{"type":"Point","coordinates":[141.230348,39.384505]}},{"type":"Feature","properties":{"layer_id":"cafe_restaurant","name":"ホテルフォルクローロ花巻東和","category":"food","address":"岩手県花巻市東和町安俵6区134","source":"厚生労働省 食品衛生申請等システム（オープンデータ）","municipality_code":"03205","municipality_pref":"岩手県","municipality_name":"花巻市","municipality_code_method":"food_exact_coord"},"geometry":{"type":"Point","coordinates":[141.222064,39.383669]}},{"type":"Feature","properties":{"layer_id":"cafe_restaurant","name":"ホテルフォルクローロ花巻東和","category":"food","address":"岩手県花巻市東和町安俵6区134","source":"厚生労働省 食品衛生申請等システム（オープンデータ）","municipality_code":"03205","municipality_pref":"岩手県","municipality_name":"花巻市","municipality_code_method":"food_exact_coord"},"geometry":{"type":"Point","coordinates":[141.222064,39.383669]}},{"type":"Feature","properties":{"layer_id":"cafe_restaurant","name":"一太郎","category":"food","address":"岩手県花巻市湯口字蟹沢1-16","source":"厚生労働省 食品衛生申請等システム（オープンデータ）","municipality_code":"03205","municipality_pref":"岩手県","municipality_name":"花巻市","municipality_code_method":"food_exact_coord"},"geometry":{"type":"Point","coordinates":[141.03514,39.401099]}},{"type":"Feature","properties":{"layer_id":"cafe_restaurant","name":"ラーメン屋壱番亭花巻店","category":"food","address":"岩手県花巻市山の神445","source":"厚生労働省 食品衛生申請等システム（オープンデータ）","municipality_code":"03205","municipality_pref":"岩手県","municipality_name":"花巻市","municipality_code_method":"food_exact_coord"},"geometry":{"type":"Point","coordinates":[141.114687,39.36378]}},{"type":"Feature","properties":{"layer_id":"cafe_restaurant","name":"モスバーガー花巻星が丘店","category":"food","address":"岩手県花巻市星が丘1丁目30-7","source":"厚生労働省 食品衛生申請等システム（オープンデータ）","municipality_code":"03205","municipality_pref":"岩手県","municipality_name":"花巻市","municipality_code_method":"food_exact_coord"},"geometry":{"type":"Point","coordinates":[141.105713,39.400957]}},{"type":"Feature","properties":{"layer_id":"cafe_restaurant","name":"LABO／Armeria","category":"food","address":"岩手県花巻市南川原町293","source":"厚生労働省 食品衛生申請等システム（オープンデータ）","municipality_code":"03205","municipality_pref":"岩手県","municipality_name":"花巻市","municipality_code_method":"food_exact_coord"},"geometry":{"type":"Point","coordinates":[141.117314,39.383604]}},{"type":"Feature","properties":{"layer_id":"cafe_restaurant","name":"宅配クック123花北店","category":"food","address":"岩手県花巻市星が丘1-20-16","source":"厚生労働省 食品衛生申請等システム（オープンデータ）","municipality_code":"03205","municipality_pref":"岩手県","municipality_name":"花巻市","municipality_code_method":"food_exact_coord"},"geometry":{"type":"Point","coordinates":[141.1015835,39.4035155]}},{"type":"Feature","properties":{"layer_id":"cafe_restaurant","name":"ふれあいポケットわたぼうし","category":"food","address":"岩手県花巻市材木町8-10","source":"厚生労働省 食品衛生申請等システム（オープンデータ）","municipality_code":"03205","municipality_pref":"岩手県","municipality_name":"花巻市","municipality_code_method":"food_exact_coord"},"geometry":{"type":"Point","coordinates":[141.110382,39.386145]}},{"type":"Feature","properties":{"layer_id":"cafe_restaurant","name":"軽食喫茶　まどか","category":"food","address":"岩手県花巻市吹張町3-7","source":"厚生労働省 食品衛生申請等システム（オープンデータ）","municipality_code":"03205","municipality_pref":"岩手県","municipality_name":"花巻市","municipality_code_method":"food_exact_coord"},"geometry":{"type":"Point","coordinates":[141.114451,39.388498]}},{"type":"Feature","properties":{"layer_id":"cafe_restaurant","name":"やまゆりの宿","category":"food","address":"岩手県花巻市台2-57-9","source":"厚生労働省 食品衛生申請等システム（オープンデータ）","municipality_code":"03205","municipality_pref":"岩手県","municipality_name":"花巻市","municipality_code_method":"food_exact_coord"},"geometry":{"type":"Point","coordinates":[141.053845,39.475897]}},{"type":"Feature","properties":{"layer_id":"cafe_restaurant","name":"M@chou","category":"food","address":"岩手県花巻市星が丘2-21-22","source":"厚生労働省 食品衛生申請等システム（オープンデータ）","municipality_code":"03205","municipality_pref":"岩手県","municipality_name":"花巻市","municipality_code_method":"food_exact_coord"},"geometry":{"type":"Point","coordinates":[141.106656,39.404515]}},{"type":"Feature","properties":{"layer_id":"cafe_restaurant","name":"テイルゲートストアー","category":"food","address":"岩手県花巻市北湯口6-234-3","source":"厚生労働省 食品衛生申請等システム（オープンデータ）","municipality_code":"03205","municipality_pref":"岩手県","municipality_name":"花巻市","municipality_code_method":"food_exact_coord"},"geometry":{"type":"Point","coordinates":[141.092327,39.457955]}},{"type":"Feature","properties":{"layer_id":"cafe_restaurant","name":"中嶋旅館","category":"food","address":"岩手県花巻市台1-190","source":"厚生労働省 食品衛生申請等システム（オープンデータ）","municipality_code":"03205","municipality_pref":"岩手県","municipality_name":"花巻市","municipality_code_method":"food_exact_coord"},"geometry":{"type":"Point","coordinates":[141.053845,39.475897]}},{"type":"Feature","properties":{"layer_id":"cafe_restaurant","name":"揚居楽","category":"food","address":"岩手県花巻市双葉町7-24","source":"厚生労働省 食品衛生申請等システム（オープンデータ）","municipality_code":"03205","municipality_pref":"岩手県","municipality_name":"花巻市","municipality_code_method":"food_exact_coord"},"geometry":{"type":"Point","coordinates":[141.11779,39.383203]}},{"type":"Feature","properties":{"layer_id":"cafe_restaurant","name":"カフェスタンダード","category":"food","address":"岩手県花巻市双葉町1-9","source":"厚生労働省 食品衛生申請等システム（オープンデータ）","municipality_code":"03205","municipality_pref":"岩手県","municipality_name":"花巻市","municipality_code_method":"food_exact_coord"},"geometry":{"type":"Point","coordinates":[141.118021,39.385611]}},{"type":"Feature","properties":{"layer_id":"cafe_restaurant","name":"龍の湖カフェ","category":"food","address":"岩手県花巻市大迫町内川目10-23-13","source":"厚生労働省 食品衛生申請等システム（オープンデータ）","municipality_code":"03205","municipality_pref":"岩手県","municipality_name":"花巻市","municipality_code_method":"food_exact_coord"},"geometry":{"type":"Point","coordinates":[141.369499,39.534034]}},{"type":"Feature","properties":{"layer_id":"cafe_restaurant","name":"開運食堂","category":"food","address":"岩手県花巻市南城31-1","source":"厚生労働省 食品衛生申請等システム（オープンデータ）","municipality_code":"03205","municipality_pref":"岩手県","municipality_name":"花巻市","municipality_code_method":"food_exact_coord"},"geometry":{"type":"Point","coordinates":[141.11798,39.371113]}},{"type":"Feature","properties":{"layer_id":"cafe_restaurant","name":"定食と喫茶　ナオミ","category":"food","address":"岩手県花巻市下似内17-81-3","source":"厚生労働省 食品衛生申請等システム（オープンデータ）","municipality_code":"03205","municipality_pref":"岩手県","municipality_name":"花巻市","municipality_code_method":"food_exact_coord"},"geometry":{"type":"Point","coordinates":[141.130772,39.403321]}},{"type":"Feature","properties":{"layer_id":"cafe_restaurant","name":"おばてい食堂","category":"food","address":"岩手県花巻市鍛治町4-4","source":"厚生労働省 食品衛生申請等システム（オープンデータ）","municipality_code":"03205","municipality_pref":"岩手県","municipality_name":"花巻市","municipality_code_method":"food_exact_coord"},"geometry":{"type":"Point","coordinates":[141.114995,39.38521]}},{"type":"Feature","properties":{"layer_id":"cafe_restaurant","name":"陽楽","category":"food","address":"岩手県花巻市二枚橋町大通り2-15-1","source":"厚生労働省 食品衛生申請等システム（オープンデータ）","municipality_code":"03205","municipality_pref":"岩手県","municipality_name":"花巻市","municipality_code_method":"food_exact_coord"},"geometry":{"type":"Point","coordinates":[141.133392,39.442353]}},{"type":"Feature","properties":{"layer_id":"cafe_restaurant","name":"かりんのおにぎり","category":"food","address":"岩手県花巻市大通り1-16-36","source":"厚生労働省 食品衛生申請等システム（オープンデータ）","municipality_code":"03205","municipality_pref":"岩手県","municipality_name":"花巻市","municipality_code_method":"food_exact_coord"},"geometry":{"type":"Point","coordinates":[141.114353,39.390849]}},{"type":"Feature","properties":{"layer_id":"cafe_restaurant","name":"花龍","category":"food","address":"岩手県花巻市石鳥谷町好地第8地割78-3","source":"厚生労働省 食品衛生申請等システム（オープンデータ）","municipality_code":"03205","municipality_pref":"岩手県","municipality_name":"花巻市","municipality_code_method":"food_exact_coord"},"geometry":{"type":"Point","coordinates":[141.15003,39.495381]}},{"type":"Feature","properties":{"layer_id":"cafe_restaurant","name":"旅館かねがや","category":"food","address":"岩手県花巻市台1-186","source":"厚生労働省 食品衛生申請等システム（オープンデータ）","municipality_code":"03205","municipality_pref":"岩手県","municipality_name":"花巻市","municipality_code_method":"food_exact_coord"},"geometry":{"type":"Point","coordinates":[141.053845,39.475897]}},{"type":"Feature","properties":{"layer_id":"cafe_restaurant","name":"K・Sビレッジ","category":"food","address":"岩手県花巻市高木17-23-3","source":"厚生労働省 食品衛生申請等システム（オープンデータ）","municipality_code":"03205","municipality_pref":"岩手県","municipality_name":"花巻市","municipality_code_method":"food_exact_coord"},"geometry":{"type":"Point","coordinates":[141.13827,39.38556]}},{"type":"Feature","properties":{"layer_id":"cafe_restaurant","name":"ジャズと喫茶　Franny","category":"food","address":"岩手県花巻市若葉町3-15-21","source":"厚生労働省 食品衛生申請等システム（オープンデータ）","municipality_code":"03205","municipality_pref":"岩手県","municipality_name":"花巻市","municipality_code_method":"food_exact_coord"},"geometry":{"type":"Point","coordinates":[141.100859,39.386063]}},{"type":"Feature","properties":{"layer_id":"cafe_restaurant","name":"たこQ１","category":"food","address":"岩手県花巻市二枚橋町南1丁目6-2","source":"厚生労働省 食品衛生申請等システム（オープンデータ）","municipality_code":"03205","municipality_pref":"岩手県","municipality_name":"花巻市","municipality_code_method":"food_exact_coord"},"geometry":{"type":"Point","coordinates":[141.128145,39.441117]}},{"type":"Feature","properties":{"layer_id":"cafe_restaurant","name":"たこQ","category":"food","address":"岩手県花巻市二枚橋町南1-6-2","source":"厚生労働省 食品衛生申請等システム（オープンデータ）","municipality_code":"03205","municipality_pref":"岩手県","municipality_name":"花巻市","municipality_code_method":"food_exact_coord"},"geometry":{"type":"Point","coordinates":[141.128145,39.441117]}},{"type":"Feature","properties":{"layer_id":"cafe_restaurant","name":"こうちゃん食堂","category":"food","address":"岩手県花巻市金矢5-252-1","source":"厚生労働省 食品衛生申請等システム（オープンデータ）","municipality_code":"03205","municipality_pref":"岩手県","municipality_name":"花巻市","municipality_code_method":"food_exact_coord"},"geometry":{"type":"Point","coordinates":[141.058456,39.435055]}},{"type":"Feature","properties":{"layer_id":"cafe_restaurant","name":"パーラー たかいち","category":"food","address":"岩手県花巻市石鳥谷町北寺林2-12-20","source":"厚生労働省 食品衛生申請等システム（オープンデータ）","municipality_code":"03205","municipality_pref":"岩手県","municipality_name":"花巻市","municipality_code_method":"food_exact_coord"},"geometry":{"type":"Point","coordinates":[141.132003,39.48551]}},{"type":"Feature","properties":{"layer_id":"cafe_restaurant","name":"乃庵","category":"food","address":"岩手県花巻市豊沢町2-18","source":"厚生労働省 食品衛生申請等システム（オープンデータ）","municipality_code":"03205","municipality_pref":"岩手県","municipality_name":"花巻市","municipality_code_method":"food_exact_coord"},"geometry":{"type":"Point","coordinates":[141.118989,39.385663]}},{"type":"Feature","properties":{"layer_id":"cafe_restaurant","name":"いづみ家","category":"food","address":"岩手県花巻市東和町土沢8区140番地","source":"厚生労働省 食品衛生申請等システム（オープンデータ）","municipality_code":"03205","municipality_pref":"岩手県","municipality_name":"花巻市","municipality_code_method":"food_exact_coord"},"geometry":{"type":"Point","coordinates":[141.232763,39.384402]}},{"type":"Feature","properties":{"layer_id":"cafe_restaurant","name":"フランスレストラン シェ・ラ・ネ－ジュ","category":"food","address":"岩手県花巻市南川原町127-1","source":"厚生労働省 食品衛生申請等システム（オープンデータ）","municipality_code":"03205","municipality_pref":"岩手県","municipality_name":"花巻市","municipality_code_method":"food_exact_coord"},"geometry":{"type":"Point","coordinates":[141.116143,39.383697]}},{"type":"Feature","properties":{"layer_id":"cafe_restaurant","name":"小十郎グリル","category":"food","address":"岩手県花巻市高木16-68-6","source":"厚生労働省 食品衛生申請等システム（オープンデータ）","municipality_code":"03205","municipality_pref":"岩手県","municipality_name":"花巻市","municipality_code_method":"food_exact_coord"},"geometry":{"type":"Point","coordinates":[141.136361,39.386074]}},{"type":"Feature","properties":{"layer_id":"cafe_restaurant","name":"Sea","category":"food","address":"岩手県花巻市双葉町2-11","source":"厚生労働省 食品衛生申請等システム（オープンデータ）","municipality_code":"03205","municipality_pref":"岩手県","municipality_name":"花巻市","municipality_code_method":"food_exact_coord"},"geometry":{"type":"Point","coordinates":[141.116814,39.385431]}},{"type":"Feature","properties":{"layer_id":"cafe_restaurant","name":"ピッツェリア　チンクエ","category":"food","address":"岩手県花巻市台5-9-3","source":"厚生労働省 食品衛生申請等システム（オープンデータ）","municipality_code":"03205","municipality_pref":"岩手県","municipality_name":"花巻市","municipality_code_method":"food_exact_coord"},"geometry":{"type":"Point","coordinates":[141.053845,39.475897]}},{"type":"Feature","properties":{"layer_id":"cafe_restaurant","name":"天華伍麺　どん八","category":"food","address":"岩手県花巻市松園町1-6-19","source":"厚生労働省 食品衛生申請等システム（オープンデータ）","municipality_code":"03205","municipality_pref":"岩手県","municipality_name":"花巻市","municipality_code_method":"food_exact_coord"},"geometry":{"type":"Point","coordinates":[141.107092,39.407031]}},{"type":"Feature","properties":{"layer_id":"cafe_restaurant","name":"二丁目食堂","category":"food","address":"岩手県花巻市桜台2-31-6 C号","source":"厚生労働省 食品衛生申請等システム（オープンデータ）","municipality_code":"03205","municipality_pref":"岩手県","municipality_name":"花巻市","municipality_code_method":"food_exact_coord"},"geometry":{"type":"Point","coordinates":[141.105005,39.400532]}},{"type":"Feature","properties":{"layer_id":"cafe_restaurant","name":"段々尽くし","category":"food","address":"岩手県花巻市桜台2-31-6","source":"厚生労働省 食品衛生申請等システム（オープンデータ）","municipality_code":"03205","municipality_pref":"岩手県","municipality_name":"花巻市","municipality_code_method":"food_exact_coord"},"geometry":{"type":"Point","coordinates":[141.105005,39.400532]}},{"type":"Feature","properties":{"layer_id":"cafe_restaurant","name":"スープカレーハウス　しっぽ","category":"food","address":"岩手県花巻市一日市6-1","source":"厚生労働省 食品衛生申請等システム（オープンデータ）","municipality_code":"03205","municipality_pref":"岩手県","municipality_name":"花巻市","municipality_code_method":"food_exact_coord"},"geometry":{"type":"Point","coordinates":[141.1158,39.394462]}},{"type":"Feature","properties":{"layer_id":"cafe_restaurant","name":"かね山食堂","category":"food","address":"岩手県花巻市西大通り2-12-4","source":"厚生労働省 食品衛生申請等システム（オープンデータ）","municipality_code":"03205","municipality_pref":"岩手県","municipality_name":"花巻市","municipality_code_method":"food_exact_coord"},"geometry":{"type":"Point","coordinates":[141.103566,39.392917]}},{"type":"Feature","properties":{"layer_id":"cafe_restaurant","name":"妙庵","category":"food","address":"岩手県花巻市西大通り1-21-28","source":"厚生労働省 食品衛生申請等システム（オープンデータ）","municipality_code":"03205","municipality_pref":"岩手県","municipality_name":"花巻市","municipality_code_method":"food_exact_coord"},"geometry":{"type":"Point","coordinates":[141.106849,39.393441]}},{"type":"Feature","properties":{"layer_id":"cafe_restaurant","name":"日居城野食堂","category":"food","address":"岩手県花巻市松園町365-7","source":"厚生労働省 食品衛生申請等システム（オープンデータ）","municipality_code":"03205","municipality_pref":"岩手県","municipality_name":"花巻市","municipality_code_method":"food_exact_coord"},"geometry":{"type":"Point","coordinates":[141.101809,39.409334]}},{"type":"Feature","properties":{"layer_id":"cafe_restaurant","name":"ワインレッド","category":"food","address":"岩手県花巻市二枚橋町南１-77","source":"厚生労働省 食品衛生申請等システム（オープンデータ）","municipality_code":"03205","municipality_pref":"岩手県","municipality_name":"花巻市","municipality_code_method":"food_exact_coord"},"geometry":{"type":"Point","coordinates":[141.12775,39.43953]}},{"type":"Feature","properties":{"layer_id":"cafe_restaurant","name":"隠れ里　毘沙門","category":"food","address":"岩手県花巻市東和町北成島5-1","source":"厚生労働省 食品衛生申請等システム（オープンデータ）","municipality_code":"03205","municipality_pref":"岩手県","municipality_name":"花巻市","municipality_code_method":"food_exact_coord"},"geometry":{"type":"Point","coordinates":[141.198046,39.36568]}},{"type":"Feature","properties":{"layer_id":"cafe_restaurant","name":"オンリー１","category":"food","address":"岩手県花巻市豊沢町5-40","source":"厚生労働省 食品衛生申請等システム（オープンデータ）","municipality_code":"03205","municipality_pref":"岩手県","municipality_name":"花巻市","municipality_code_method":"food_exact_coord"},"geometry":{"type":"Point","coordinates":[141.118194,39.384081]}},{"type":"Feature","properties":{"layer_id":"cafe_restaurant","name":"KURA's cafe. GEEK","category":"food","address":"岩手県花巻市石鳥谷町好地4-80-73","source":"厚生労働省 食品衛生申請等システム（オープンデータ）","municipality_code":"03205","municipality_pref":"岩手県","municipality_name":"花巻市","municipality_code_method":"food_exact_coord"},"geometry":{"type":"Point","coordinates":[141.148971,39.496963]}},{"type":"Feature","properties":{"layer_id":"cafe_restaurant","name":"ねねの珈琲","category":"food","address":"岩手県花巻市上町地内","source":"厚生労働省 食品衛生申請等システム（オープンデータ）","municipality_code":"03205","municipality_pref":"岩手県","municipality_name":"花巻市","municipality_code_method":"food_exact_coord"},"geometry":{"type":"Point","coordinates":[141.118166,39.386216]}},{"type":"Feature","properties":{"layer_id":"cafe_restaurant","name":"HANAMAKIモダンチャイニーズ蓮-Ren","category":"food","address":"岩手県花巻市末広町2-13　１階","source":"厚生労働省 食品衛生申請等システム（オープンデータ）","municipality_code":"03205","municipality_pref":"岩手県","municipality_name":"花巻市","municipality_code_method":"food_exact_coord"},"geometry":{"type":"Point","coordinates":[141.113272,39.387199]}},{"type":"Feature","properties":{"layer_id":"cafe_restaurant","name":"讃岐うどん　ムサシ店","category":"food","address":"岩手県花巻市二枚橋３地割117-3","source":"厚生労働省 食品衛生申請等システム（オープンデータ）","municipality_code":"03205","municipality_pref":"岩手県","municipality_name":"花巻市","municipality_code_method":"food_exact_coord"},"geometry":{"type":"Point","coordinates":[141.120992,39.44324]}},{"type":"Feature","properties":{"layer_id":"cafe_restaurant","name":"ホテル　アンジュ","category":"food","address":"岩手県花巻市石鳥谷町小森林4-58-2","source":"厚生労働省 食品衛生申請等システム（オープンデータ）","municipality_code":"03205","municipality_pref":"岩手県","municipality_name":"花巻市","municipality_code_method":"food_exact_coord"},"geometry":{"type":"Point","coordinates":[141.135057,39.452355]}},{"type":"Feature","properties":{"layer_id":"cafe_restaurant","name":"秀華楼","category":"food","address":"岩手県花巻市大迫町大迫3-92-2","source":"厚生労働省 食品衛生申請等システム（オープンデータ）","municipality_code":"03205","municipality_pref":"岩手県","municipality_name":"花巻市","municipality_code_method":"food_exact_coord"},"geometry":{"type":"Point","coordinates":[141.289853,39.479065]}},{"type":"Feature","properties":{"layer_id":"cafe_restaurant","name":"早池峰ロッヂ峰南荘","category":"food","address":"岩手県花巻市大迫町内川目1-72","source":"厚生労働省 食品衛生申請等システム（オープンデータ）","municipality_code":"03205","municipality_pref":"岩手県","municipality_name":"花巻市","municipality_code_method":"food_exact_coord"},"geometry":{"type":"Point","coordinates":[141.369499,39.534034]}},{"type":"Feature","properties":{"layer_id":"cafe_restaurant","name":"心愛","category":"food","address":"岩手県花巻市鍛治町2-1-2階","source":"厚生労働省 食品衛生申請等システム（オープンデータ）","municipality_code":"03205","municipality_pref":"岩手県","municipality_name":"花巻市","municipality_code_method":"food_exact_coord"},"geometry":{"type":"Point","coordinates":[141.114673,39.384927]}},{"type":"Feature","properties":{"layer_id":"cafe_restaurant","name":"産直「あおぞら」","category":"food","address":"岩手県花巻市東和町安俵6区94番地","source":"厚生労働省 食品衛生申請等システム（オープンデータ）","municipality_code":"03205","municipality_pref":"岩手県","municipality_name":"花巻市","municipality_code_method":"food_exact_coord"},"geometry":{"type":"Point","coordinates":[141.224089,39.385379]}},{"type":"Feature","properties":{"layer_id":"cafe_restaurant","name":"nuth","category":"food","address":"岩手県花巻市大迫町大迫3-196","source":"厚生労働省 食品衛生申請等システム（オープンデータ）","municipality_code":"03205","municipality_pref":"岩手県","municipality_name":"花巻市","municipality_code_method":"food_exact_coord"},"geometry":{"type":"Point","coordinates":[141.289853,39.479065]}},{"type":"Feature","properties":{"layer_id":"cafe_restaurant","name":"nuth","category":"food","address":"岩手県花巻市大迫町大迫13-8-7","source":"厚生労働省 食品衛生申請等システム（オープンデータ）","municipality_code":"03205","municipality_pref":"岩手県","municipality_name":"花巻市","municipality_code_method":"food_exact_coord"},"geometry":{"type":"Point","coordinates":[141.289853,39.479065]}},{"type":"Feature","properties":{"layer_id":"cafe_restaurant","name":"八丁土蔵","category":"food","address":"岩手県花巻市東和町土沢5-135","source":"厚生労働省 食品衛生申請等システム（オープンデータ）","municipality_code":"03205","municipality_pref":"岩手県","municipality_name":"花巻市","municipality_code_method":"food_exact_coord"},"geometry":{"type":"Point","coordinates":[141.231524,39.387237]}},{"type":"Feature","properties":{"layer_id":"cafe_restaurant","name":"アレッタ","category":"food","address":"岩手県花巻市石鳥谷町好地16-135-1","source":"厚生労働省 食品衛生申請等システム（オープンデータ）","municipality_code":"03205","municipality_pref":"岩手県","municipality_name":"花巻市","municipality_code_method":"food_exact_coord"},"geometry":{"type":"Point","coordinates":[141.148971,39.496963]}},{"type":"Feature","properties":{"layer_id":"cafe_restaurant","name":"ファーマーファーマー","category":"food","address":"岩手県花巻市東和町落合1-367","source":"厚生労働省 食品衛生申請等システム（オープンデータ）","municipality_code":"03205","municipality_pref":"岩手県","municipality_name":"花巻市","municipality_code_method":"food_exact_coord"},"geometry":{"type":"Point","coordinates":[141.230506,39.37349]}},{"type":"Feature","properties":{"layer_id":"cafe_restaurant","name":"本家ねぎみそ家","category":"food","address":"岩手県花巻市大迫町大迫13-94-1","source":"厚生労働省 食品衛生申請等システム（オープンデータ）","municipality_code":"03205","municipality_pref":"岩手県","municipality_name":"花巻市","municipality_code_method":"food_exact_coord"},"geometry":{"type":"Point","coordinates":[141.289853,39.479065]}},{"type":"Feature","properties":{"layer_id":"cafe_restaurant","name":"田山商店","category":"food","address":"岩手県花巻市上町通り","source":"厚生労働省 食品衛生申請等システム（オープンデータ）","municipality_code":"03205","municipality_pref":"岩手県","municipality_name":"花巻市","municipality_code_method":"food_exact_coord"},"geometry":{"type":"Point","coordinates":[141.118166,39.386216]}},{"type":"Feature","properties":{"layer_id":"cafe_restaurant","name":"たこ福","category":"food","address":"岩手県花巻市石鳥谷町中寺林第7地割89-1","source":"厚生労働省 食品衛生申請等システム（オープンデータ）","municipality_code":"03205","municipality_pref":"岩手県","municipality_name":"花巻市","municipality_code_method":"food_exact_coord"},"geometry":{"type":"Point","coordinates":[141.14232,39.486034]}},{"type":"Feature","properties":{"layer_id":"cafe_restaurant","name":"ロピア花巻店（鮮魚）","category":"food","address":"岩手県花巻市下小舟渡118-1","source":"厚生労働省 食品衛生申請等システム（オープンデータ）","municipality_code":"03205","municipality_pref":"岩手県","municipality_name":"花巻市","municipality_code_method":"food_exact_coord"},"geometry":{"type":"Point","coordinates":[141.117924,39.393658]}},{"type":"Feature","properties":{"layer_id":"cafe_restaurant","name":"ロピア花巻店（惣菜）","category":"food","address":"岩手県花巻市下小舟渡118-1","source":"厚生労働省 食品衛生申請等システム（オープンデータ）","municipality_code":"03205","municipality_pref":"岩手県","municipality_name":"花巻市","municipality_code_method":"food_exact_coord"},"geometry":{"type":"Point","coordinates":[141.117084,39.393501]}},{"type":"Feature","properties":{"layer_id":"cafe_restaurant","name":"PANASH","category":"food","address":"岩手県花巻市若葉町1-6-27","source":"厚生労働省 食品衛生申請等システム（オープンデータ）","municipality_code":"03205","municipality_pref":"岩手県","municipality_name":"花巻市","municipality_code_method":"food_exact_coord"},"geometry":{"type":"Point","coordinates":[141.103732,39.390678]}},{"type":"Feature","properties":{"layer_id":"cafe_restaurant","name":"居酒屋 亀","category":"food","address":"岩手県花巻市吹張町8-13","source":"厚生労働省 食品衛生申請等システム（オープンデータ）","municipality_code":"03205","municipality_pref":"岩手県","municipality_name":"花巻市","municipality_code_method":"food_exact_coord"},"geometry":{"type":"Point","coordinates":[141.114503,39.38731]}},{"type":"Feature","properties":{"layer_id":"cafe_restaurant","name":"高村山荘総合案内所","category":"food","address":"岩手県花巻市太田3-91-3","source":"厚生労働省 食品衛生申請等システム（オープンデータ）","municipality_code":"03205","municipality_pref":"岩手県","municipality_name":"花巻市","municipality_code_method":"food_exact_coord"},"geometry":{"type":"Point","coordinates":[141.021186,39.387123]}},{"type":"Feature","properties":{"layer_id":"cafe_restaurant","name":"ココ・タベルバ・ラパン","category":"food","address":"岩手県花巻市若葉町3-14-30","source":"厚生労働省 食品衛生申請等システム（オープンデータ）","municipality_code":"03205","municipality_pref":"岩手県","municipality_name":"花巻市","municipality_code_method":"food_exact_coord"},"geometry":{"type":"Point","coordinates":[141.102113,39.386362]}},{"type":"Feature","properties":{"layer_id":"cafe_restaurant","name":"竜の巣","category":"food","address":"岩手県花巻市西宮野目6-356-2","source":"厚生労働省 食品衛生申請等システム（オープンデータ）","municipality_code":"03205","municipality_pref":"岩手県","municipality_name":"花巻市","municipality_code_method":"food_exact_coord"},"geometry":{"type":"Point","coordinates":[141.117852,39.420689]}},{"type":"Feature","properties":{"layer_id":"cafe_restaurant","name":"順子","category":"food","address":"岩手県花巻市双葉町3-6","source":"厚生労働省 食品衛生申請等システム（オープンデータ）","municipality_code":"03205","municipality_pref":"岩手県","municipality_name":"花巻市","municipality_code_method":"food_exact_coord"},"geometry":{"type":"Point","coordinates":[141.116542,39.385053]}},{"type":"Feature","properties":{"layer_id":"cafe_restaurant","name":"天ぷら かつら","category":"food","address":"岩手県花巻市末広町6-18","source":"厚生労働省 食品衛生申請等システム（オープンデータ）","municipality_code":"03205","municipality_pref":"岩手県","municipality_name":"花巻市","municipality_code_method":"food_exact_coord"},"geometry":{"type":"Point","coordinates":[141.112434,39.386189]}},{"type":"Feature","properties":{"layer_id":"cafe_restaurant","name":"中国料理 神龍","category":"food","address":"岩手県花巻市吹張町8-10","source":"厚生労働省 食品衛生申請等システム（オープンデータ）","municipality_code":"03205","municipality_pref":"岩手県","municipality_name":"花巻市","municipality_code_method":"food_exact_coord"},"geometry":{"type":"Point","coordinates":[141.114537,39.387528]}},{"type":"Feature","properties":{"layer_id":"cafe_restaurant","name":"まごころ弁当　花巻店","category":"food","address":"岩手県花巻市二枚橋町大通り1-70-2 メゾン川村1階3号室","source":"厚生労働省 食品衛生申請等システム（オープンデータ）","municipality_code":"03205","municipality_pref":"岩手県","municipality_name":"花巻市","municipality_code_method":"food_exact_coord"},"geometry":{"type":"Point","coordinates":[141.128862,39.442119]}},{"type":"Feature","properties":{"layer_id":"cafe_restaurant","name":"なまり場","category":"food","address":"岩手県花巻市鉛字中平36-1","source":"厚生労働省 食品衛生申請等システム（オープンデータ）","municipality_code":"03205","municipality_pref":"岩手県","municipality_name":"花巻市","municipality_code_method":"food_exact_coord"},"geometry":{"type":"Point","coordinates":[140.993352,39.463034]}},{"type":"Feature","properties":{"layer_id":"cafe_restaurant","name":"BOUNCY","category":"food","address":"岩手県花巻市一日市5-19","source":"厚生労働省 食品衛生申請等システム（オープンデータ）","municipality_code":"03205","municipality_pref":"岩手県","municipality_name":"花巻市","municipality_code_method":"food_exact_coord"},"geometry":{"type":"Point","coordinates":[141.11542,39.395388]}},{"type":"Feature","properties":{"layer_id":"cafe_restaurant","name":"ぴんすけ","category":"food","address":"岩手県花巻市大迫町大迫3-196","source":"厚生労働省 食品衛生申請等システム（オープンデータ）","municipality_code":"03205","municipality_pref":"岩手県","municipality_name":"花巻市","municipality_code_method":"food_exact_coord"},"geometry":{"type":"Point","coordinates":[141.289853,39.479065]}},{"type":"Feature","properties":{"layer_id":"cafe_restaurant","name":"grand","category":"food","address":"岩手県花巻市双葉町7-2","source":"厚生労働省 食品衛生申請等システム（オープンデータ）","municipality_code":"03205","municipality_pref":"岩手県","municipality_name":"花巻市","municipality_code_method":"food_exact_coord"},"geometry":{"type":"Point","coordinates":[141.117602,39.38406]}},{"type":"Feature","properties":{"layer_id":"cafe_restaurant","name":"ひめかみ Kitchen","category":"food","address":"岩手県花巻市松園町597-10","source":"厚生労働省 食品衛生申請等システム（オープンデータ）","municipality_code":"03205","municipality_pref":"岩手県","municipality_name":"花巻市","municipality_code_method":"food_exact_coord"},"geometry":{"type":"Point","coordinates":[141.101467,39.40636]}},{"type":"Feature","properties":{"layer_id":"cafe_restaurant","name":"ホテルルートイン花巻","category":"food","address":"岩手県花巻市東宮野目10-1","source":"厚生労働省 食品衛生申請等システム（オープンデータ）","municipality_code":"03205","municipality_pref":"岩手県","municipality_name":"花巻市","municipality_code_method":"food_exact_coord"},"geometry":{"type":"Point","coordinates":[141.130162,39.417275]}},{"type":"Feature","properties":{"layer_id":"cafe_restaurant","name":"ゆきうさぎ","category":"food","address":"岩手県花巻市大迫町外川目第34地割58番地4-5","source":"厚生労働省 食品衛生申請等システム（オープンデータ）","municipality_code":"03205","municipality_pref":"岩手県","municipality_name":"花巻市","municipality_code_method":"food_exact_coord"},"geometry":{"type":"Point","coordinates":[141.288378,39.462323]}},{"type":"Feature","properties":{"layer_id":"cafe_restaurant","name":"パーラーたかいち","category":"food","address":"岩手県花巻市野田地内","source":"厚生労働省 食品衛生申請等システム（オープンデータ）","municipality_code":"03205","municipality_pref":"岩手県","municipality_name":"花巻市","municipality_code_method":"food_exact_coord"},"geometry":{"type":"Point","coordinates":[141.097,39.399424]}},{"type":"Feature","properties":{"layer_id":"cafe_restaurant","name":"ヴォーイピザ 花巻店","category":"food","address":"岩手県花巻市円万寺字法船31-1","source":"厚生労働省 食品衛生申請等システム（オープンデータ）","municipality_code":"03205","municipality_pref":"岩手県","municipality_name":"花巻市","municipality_code_method":"food_exact_coord"},"geometry":{"type":"Point","coordinates":[141.05545,39.392079]}},{"type":"Feature","properties":{"layer_id":"cafe_restaurant","name":"鳥膳","category":"food","address":"岩手県花巻市双葉町3-11","source":"厚生労働省 食品衛生申請等システム（オープンデータ）","municipality_code":"03205","municipality_pref":"岩手県","municipality_name":"花巻市","municipality_code_method":"food_exact_coord"},"geometry":{"type":"Point","coordinates":[141.116625,39.384749]}},{"type":"Feature","properties":{"layer_id":"cafe_restaurant","name":"美鈴","category":"food","address":"岩手県花巻市双葉町4-9","source":"厚生労働省 食品衛生申請等システム（オープンデータ）","municipality_code":"03205","municipality_pref":"岩手県","municipality_name":"花巻市","municipality_code_method":"food_exact_coord"},"geometry":{"type":"Point","coordinates":[141.117026,39.384646]}},{"type":"Feature","properties":{"layer_id":"cafe_restaurant","name":"クレシェンド","category":"food","address":"岩手県花巻市双葉町5-24","source":"厚生労働省 食品衛生申請等システム（オープンデータ）","municipality_code":"03205","municipality_pref":"岩手県","municipality_name":"花巻市","municipality_code_method":"food_exact_coord"},"geometry":{"type":"Point","coordinates":[141.117461,39.384885]}},{"type":"Feature","properties":{"layer_id":"cafe_restaurant","name":"蕎麦房かみや","category":"food","address":"岩手県花巻市台2-56-1","source":"厚生労働省 食品衛生申請等システム（オープンデータ）","municipality_code":"03205","municipality_pref":"岩手県","municipality_name":"花巻市","municipality_code_method":"food_exact_coord"},"geometry":{"type":"Point","coordinates":[141.053845,39.475897]}},{"type":"Feature","properties":{"layer_id":"cafe_restaurant","name":"お食事処 いとうや","category":"food","address":"岩手県花巻市大通り1-5-1","source":"厚生労働省 食品衛生申請等システム（オープンデータ）","municipality_code":"03205","municipality_pref":"岩手県","municipality_name":"花巻市","municipality_code_method":"food_exact_coord"},"geometry":{"type":"Point","coordinates":[141.111973,39.391548]}},{"type":"Feature","properties":{"layer_id":"cafe_restaurant","name":"カフェ羅須","category":"food","address":"岩手県花巻市豊沢町2-18","source":"厚生労働省 食品衛生申請等システム（オープンデータ）","municipality_code":"03205","municipality_pref":"岩手県","municipality_name":"花巻市","municipality_code_method":"food_exact_coord"},"geometry":{"type":"Point","coordinates":[141.118989,39.385663]}},{"type":"Feature","properties":{"layer_id":"cafe_restaurant","name":"Ji・Baコミュニティカフェ","category":"food","address":"岩手県花巻市大畑1-60-2","source":"厚生労働省 食品衛生申請等システム（オープンデータ）","municipality_code":"03205","municipality_pref":"岩手県","municipality_name":"花巻市","municipality_code_method":"food_exact_coord"},"geometry":{"type":"Point","coordinates":[141.096179,39.448817]}},{"type":"Feature","properties":{"layer_id":"cafe_restaurant","name":"叶や食堂","category":"food","address":"岩手県花巻市仲町9-1","source":"厚生労働省 食品衛生申請等システム（オープンデータ）","municipality_code":"03205","municipality_pref":"岩手県","municipality_name":"花巻市","municipality_code_method":"food_exact_coord"},"geometry":{"type":"Point","coordinates":[141.120383,39.387084]}},{"type":"Feature","properties":{"layer_id":"cafe_restaurant","name":"SALON","category":"food","address":"岩手県花巻市二枚橋町大通り2-16","source":"厚生労働省 食品衛生申請等システム（オープンデータ）","municipality_code":"03205","municipality_pref":"岩手県","municipality_name":"花巻市","municipality_code_method":"food_exact_coord"},"geometry":{"type":"Point","coordinates":[141.13337,39.442221]}},{"type":"Feature","properties":{"layer_id":"cafe_restaurant","name":"湯本くみあい共栄株式会社","category":"food","address":"岩手県花巻市椚ノ目4-99-1","source":"厚生労働省 食品衛生申請等システム（オープンデータ）","municipality_code":"03205","municipality_pref":"岩手県","municipality_name":"花巻市","municipality_code_method":"food_exact_coord"},"geometry":{"type":"Point","coordinates":[141.09253,39.422504]}},{"type":"Feature","properties":{"layer_id":"cafe_restaurant","name":"呑","category":"food","address":"岩手県花巻市石鳥谷町好地9-132-1","source":"厚生労働省 食品衛生申請等システム（オープンデータ）","municipality_code":"03205","municipality_pref":"岩手県","municipality_name":"花巻市","municipality_code_method":"food_exact_coord"},"geometry":{"type":"Point","coordinates":[141.148971,39.496963]}},{"type":"Feature","properties":{"layer_id":"cafe_restaurant","name":"ココス花巻星ヶ丘店","category":"food","address":"岩手県花巻市星が丘1丁目12-3","source":"厚生労働省 食品衛生申請等システム（オープンデータ）","municipality_code":"03205","municipality_pref":"岩手県","municipality_name":"花巻市","municipality_code_method":"food_exact_coord"},"geometry":{"type":"Point","coordinates":[141.105575,39.402411]}},{"type":"Feature","properties":{"layer_id":"cafe_restaurant","name":"CAFE&BAR PIVOT","category":"food","address":"岩手県花巻市石鳥谷町南寺林5-147-8　1F","source":"厚生労働省 食品衛生申請等システム（オープンデータ）","municipality_code":"03205","municipality_pref":"岩手県","municipality_name":"花巻市","municipality_code_method":"food_exact_coord"},"geometry":{"type":"Point","coordinates":[141.128504,39.460424]}},{"type":"Feature","properties":{"layer_id":"cafe_restaurant","name":"CAFE＆BAR PIVOT","category":"food","address":"岩手県花巻市大迫町大迫3-161","source":"厚生労働省 食品衛生申請等システム（オープンデータ）","municipality_code":"03205","municipality_pref":"岩手県","municipality_name":"花巻市","municipality_code_method":"food_exact_coord"},"geometry":{"type":"Point","coordinates":[141.289853,39.479065]}},{"type":"Feature","properties":{"layer_id":"cafe_restaurant","name":"YUMEMI ROASTERY","category":"food","address":"岩手県花巻市若葉町3-14-30","source":"厚生労働省 食品衛生申請等システム（オープンデータ）","municipality_code":"03205","municipality_pref":"岩手県","municipality_name":"花巻市","municipality_code_method":"food_exact_coord"},"geometry":{"type":"Point","coordinates":[141.102113,39.386362]}},{"type":"Feature","properties":{"layer_id":"cafe_restaurant","name":"自然のめぐみ 福","category":"food","address":"岩手県花巻市東和町南成島5-93","source":"厚生労働省 食品衛生申請等システム（オープンデータ）","municipality_code":"03205","municipality_pref":"岩手県","municipality_name":"花巻市","municipality_code_method":"food_exact_coord"},"geometry":{"type":"Point","coordinates":[141.200526,39.357035]}},{"type":"Feature","properties":{"layer_id":"cafe_restaurant","name":"dubai","category":"food","address":"岩手県花巻市石鳥谷町好地7-80-20","source":"厚生労働省 食品衛生申請等システム（オープンデータ）","municipality_code":"03205","municipality_pref":"岩手県","municipality_name":"花巻市","municipality_code_method":"food_exact_coord"},"geometry":{"type":"Point","coordinates":[141.148971,39.496963]}},{"type":"Feature","properties":{"layer_id":"cafe_restaurant","name":"盛岡南ゴルフ倶楽部","category":"food","address":"岩手県花巻市石鳥谷町戸塚2-13-1","source":"厚生労働省 食品衛生申請等システム（オープンデータ）","municipality_code":"03205","municipality_pref":"岩手県","municipality_name":"花巻市","municipality_code_method":"food_exact_coord"},"geometry":{"type":"Point","coordinates":[141.186011,39.468933]}},{"type":"Feature","properties":{"layer_id":"cafe_restaurant","name":"Snak Ji-Ji","category":"food","address":"岩手県花巻市石鳥谷町好地16-52-17","source":"厚生労働省 食品衛生申請等システム（オープンデータ）","municipality_code":"03205","municipality_pref":"岩手県","municipality_name":"花巻市","municipality_code_method":"food_exact_coord"},"geometry":{"type":"Point","coordinates":[141.148971,39.496963]}},{"type":"Feature","properties":{"layer_id":"cafe_restaurant","name":"三平食堂","category":"food","address":"岩手県花巻市石鳥谷町好地7-89-3","source":"厚生労働省 食品衛生申請等システム（オープンデータ）","municipality_code":"03205","municipality_pref":"岩手県","municipality_name":"花巻市","municipality_code_method":"food_exact_coord"},"geometry":{"type":"Point","coordinates":[141.148971,39.496963]}},{"type":"Feature","properties":{"layer_id":"cafe_restaurant","name":"シスター","category":"food","address":"岩手県花巻市東町4-3","source":"厚生労働省 食品衛生申請等システム（オープンデータ）","municipality_code":"03205","municipality_pref":"岩手県","municipality_name":"花巻市","municipality_code_method":"food_exact_coord"},"geometry":{"type":"Point","coordinates":[141.121699,39.385468]}},{"type":"Feature","properties":{"layer_id":"cafe_restaurant","name":"まいにち弁当花巻","category":"food","address":"岩手県花巻市桜町4-210","source":"厚生労働省 食品衛生申請等システム（オープンデータ）","municipality_code":"03205","municipality_pref":"岩手県","municipality_name":"花巻市","municipality_code_method":"food_exact_coord"},"geometry":{"type":"Point","coordinates":[141.119072,39.375807]}},{"type":"Feature","properties":{"layer_id":"cafe_restaurant","name":"紅夜","category":"food","address":"岩手県花巻市東和町土沢8-239","source":"厚生労働省 食品衛生申請等システム（オープンデータ）","municipality_code":"03205","municipality_pref":"岩手県","municipality_name":"花巻市","municipality_code_method":"food_exact_coord"},"geometry":{"type":"Point","coordinates":[141.231631,39.384466]}},{"type":"Feature","properties":{"layer_id":"cafe_restaurant","name":"中華ダイニング　チンシュイ","category":"food","address":"岩手県花巻市本館3-7-1","source":"厚生労働省 食品衛生申請等システム（オープンデータ）","municipality_code":"03205","municipality_pref":"岩手県","municipality_name":"花巻市","municipality_code_method":"food_exact_coord"},"geometry":{"type":"Point","coordinates":[141.118198,39.41051]}},{"type":"Feature","properties":{"layer_id":"cafe_restaurant","name":"中華ダイニング　チンシュイ","category":"food","address":"岩手県花巻市本館54","source":"厚生労働省 食品衛生申請等システム（オープンデータ）","municipality_code":"03205","municipality_pref":"岩手県","municipality_name":"花巻市","municipality_code_method":"food_exact_coord"},"geometry":{"type":"Point","coordinates":[141.115644,39.410865]}},{"type":"Feature","properties":{"layer_id":"cafe_restaurant","name":"フロル","category":"food","address":"岩手県花巻市双葉町4-7","source":"厚生労働省 食品衛生申請等システム（オープンデータ）","municipality_code":"03205","municipality_pref":"岩手県","municipality_name":"花巻市","municipality_code_method":"food_exact_coord"},"geometry":{"type":"Point","coordinates":[141.117042,39.384764]}},{"type":"Feature","properties":{"layer_id":"cafe_restaurant","name":"とんこつの王様　花巻店","category":"food","address":"岩手県花巻市城内131","source":"厚生労働省 食品衛生申請等システム（オープンデータ）","municipality_code":"03205","municipality_pref":"岩手県","municipality_name":"花巻市","municipality_code_method":"food_exact_coord"},"geometry":{"type":"Point","coordinates":[141.121175,39.389475]}},{"type":"Feature","properties":{"layer_id":"cafe_restaurant","name":"かほる旅館","category":"food","address":"岩手県花巻市大通り1-10-29","source":"厚生労働省 食品衛生申請等システム（オープンデータ）","municipality_code":"03205","municipality_pref":"岩手県","municipality_name":"花巻市","municipality_code_method":"food_exact_coord"},"geometry":{"type":"Point","coordinates":[141.11239,39.392631]}},{"type":"Feature","properties":{"layer_id":"cafe_restaurant","name":"イタリア料理Lumaca（ルマーカ）","category":"food","address":"岩手県花巻市大通り2-3-15","source":"厚生労働省 食品衛生申請等システム（オープンデータ）","municipality_code":"03205","municipality_pref":"岩手県","municipality_name":"花巻市","municipality_code_method":"food_exact_coord"},"geometry":{"type":"Point","coordinates":[141.113749,39.389135]}},{"type":"Feature","properties":{"layer_id":"cafe_restaurant","name":"ビジネスホテルみちのく食堂","category":"food","address":"岩手県花巻市二枚橋6-245-2","source":"厚生労働省 食品衛生申請等システム（オープンデータ）","municipality_code":"03205","municipality_pref":"岩手県","municipality_name":"花巻市","municipality_code_method":"food_exact_coord"},"geometry":{"type":"Point","coordinates":[141.120992,39.44324]}},{"type":"Feature","properties":{"layer_id":"cafe_restaurant","name":"かえで","category":"food","address":"岩手県花巻市豊沢町1-8","source":"厚生労働省 食品衛生申請等システム（オープンデータ）","municipality_code":"03205","municipality_pref":"岩手県","municipality_name":"花巻市","municipality_code_method":"food_exact_coord"},"geometry":{"type":"Point","coordinates":[141.118374,39.385457]}},{"type":"Feature","properties":{"layer_id":"cafe_restaurant","name":"かつや岩手花巻店","category":"food","address":"岩手県花巻市上小舟渡28","source":"厚生労働省 食品衛生申請等システム（オープンデータ）","municipality_code":"03205","municipality_pref":"岩手県","municipality_name":"花巻市","municipality_code_method":"food_exact_coord"},"geometry":{"type":"Point","coordinates":[141.122195,39.398617]}},{"type":"Feature","properties":{"layer_id":"cafe_restaurant","name":"結パークフォーレスト","category":"food","address":"岩手県花巻市東和町南成島8区210","source":"厚生労働省 食品衛生申請等システム（オープンデータ）","municipality_code":"03205","municipality_pref":"岩手県","municipality_name":"花巻市","municipality_code_method":"food_exact_coord"},"geometry":{"type":"Point","coordinates":[141.216055,39.357463]}},{"type":"Feature","properties":{"layer_id":"cafe_restaurant","name":"Madre","category":"food","address":"岩手県花巻市大通り一丁目9-27","source":"厚生労働省 食品衛生申請等システム（オープンデータ）","municipality_code":"03205","municipality_pref":"岩手県","municipality_name":"花巻市","municipality_code_method":"food_exact_coord"},"geometry":{"type":"Point","coordinates":[141.111766,39.393231]}},{"type":"Feature","properties":{"layer_id":"cafe_restaurant","name":"おうちDELI hachimaru","category":"food","address":"岩手県花巻市松園町661-18","source":"厚生労働省 食品衛生申請等システム（オープンデータ）","municipality_code":"03205","municipality_pref":"岩手県","municipality_name":"花巻市","municipality_code_method":"food_exact_coord"},"geometry":{"type":"Point","coordinates":[141.110212,39.410124]}},{"type":"Feature","properties":{"layer_id":"cafe_restaurant","name":"麺屋 ぶしがみ","category":"food","address":"岩手県花巻市下小舟渡1","source":"厚生労働省 食品衛生申請等システム（オープンデータ）","municipality_code":"03205","municipality_pref":"岩手県","municipality_name":"花巻市","municipality_code_method":"food_exact_coord"},"geometry":{"type":"Point","coordinates":[141.123966,39.393461]}},{"type":"Feature","properties":{"layer_id":"cafe_restaurant","name":"シーフーズ将","category":"food","address":"岩手県花巻市石鳥谷町中寺林7-17-3","source":"厚生労働省 食品衛生申請等システム（オープンデータ）","municipality_code":"03205","municipality_pref":"岩手県","municipality_name":"花巻市","municipality_code_method":"food_exact_coord"},"geometry":{"type":"Point","coordinates":[141.137857,39.472417]}},{"type":"Feature","properties":{"layer_id":"cafe_restaurant","name":"花巻クラフトビアフェス","category":"food","address":"岩手県花巻市大通り1-2-21","source":"厚生労働省 食品衛生申請等システム（オープンデータ）","municipality_code":"03205","municipality_pref":"岩手県","municipality_name":"花巻市","municipality_code_method":"food_exact_coord"},"geometry":{"type":"Point","coordinates":[141.11154,39.391855]}},{"type":"Feature","properties":{"layer_id":"cafe_restaurant","name":"岩手肉フェス","category":"food","address":"岩手県花巻市大通り1-2-21","source":"厚生労働省 食品衛生申請等システム（オープンデータ）","municipality_code":"03205","municipality_pref":"岩手県","municipality_name":"花巻市","municipality_code_method":"food_exact_coord"},"geometry":{"type":"Point","coordinates":[141.11154,39.391855]}},{"type":"Feature","properties":{"layer_id":"cafe_restaurant","name":"なはんプラザ","category":"food","address":"岩手県花巻市大通り1丁目2-21","source":"厚生労働省 食品衛生申請等システム（オープンデータ）","municipality_code":"03205","municipality_pref":"岩手県","municipality_name":"花巻市","municipality_code_method":"food_exact_coord"},"geometry":{"type":"Point","coordinates":[141.11154,39.391855]}},{"type":"Feature","properties":{"layer_id":"cafe_restaurant","name":"めし家　白馬","category":"food","address":"岩手県花巻市石鳥谷町好地11-222","source":"厚生労働省 食品衛生申請等システム（オープンデータ）","municipality_code":"03205","municipality_pref":"岩手県","municipality_name":"花巻市","municipality_code_method":"food_exact_coord"},"geometry":{"type":"Point","coordinates":[141.148971,39.496963]}},{"type":"Feature","properties":{"layer_id":"cafe_restaurant","name":"エレガンスルームベルサイユ","category":"food","address":"岩手県花巻市石鳥谷町南寺林7-29-1","source":"厚生労働省 食品衛生申請等システム（オープンデータ）","municipality_code":"03205","municipality_pref":"岩手県","municipality_name":"花巻市","municipality_code_method":"food_exact_coord"},"geometry":{"type":"Point","coordinates":[141.128504,39.460424]}},{"type":"Feature","properties":{"layer_id":"cafe_restaurant","name":"Number4","category":"food","address":"岩手県花巻市西宮野目6-596-1","source":"厚生労働省 食品衛生申請等システム（オープンデータ）","municipality_code":"03205","municipality_pref":"岩手県","municipality_name":"花巻市","municipality_code_method":"food_exact_coord"},"geometry":{"type":"Point","coordinates":[141.122548,39.420516]}},{"type":"Feature","properties":{"layer_id":"cafe_restaurant","name":"BROTHER","category":"food","address":"岩手県花巻市東町4-3","source":"厚生労働省 食品衛生申請等システム（オープンデータ）","municipality_code":"03205","municipality_pref":"岩手県","municipality_name":"花巻市","municipality_code_method":"food_exact_coord"},"geometry":{"type":"Point","coordinates":[141.121699,39.385468]}},{"type":"Feature","properties":{"layer_id":"cafe_restaurant","name":"齋藤商店","category":"food","address":"岩手県花巻市東和町土沢5-395","source":"厚生労働省 食品衛生申請等システム（オープンデータ）","municipality_code":"03205","municipality_pref":"岩手県","municipality_name":"花巻市","municipality_code_method":"food_exact_coord"},"geometry":{"type":"Point","coordinates":[141.229422,39.387087]}},{"type":"Feature","properties":{"layer_id":"cafe_restaurant","name":"鶏富花巻店","category":"food","address":"岩手県花巻市豊沢町2-18","source":"厚生労働省 食品衛生申請等システム（オープンデータ）","municipality_code":"03205","municipality_pref":"岩手県","municipality_name":"花巻市","municipality_code_method":"food_exact_coord"},"geometry":{"type":"Point","coordinates":[141.118989,39.385663]}},{"type":"Feature","properties":{"layer_id":"cafe_restaurant","name":"ウィザード　オブ　オズ","category":"food","address":"岩手県花巻市東和町土沢5-395","source":"厚生労働省 食品衛生申請等システム（オープンデータ）","municipality_code":"03205","municipality_pref":"岩手県","municipality_name":"花巻市","municipality_code_method":"food_exact_coord"},"geometry":{"type":"Point","coordinates":[141.229422,39.387087]}},{"type":"Feature","properties":{"layer_id":"cafe_restaurant","name":"ENCOUNT","category":"food","address":"岩手県花巻市大迫町大迫3-197 大迫商店街仲町駐車場","source":"厚生労働省 食品衛生申請等システム（オープンデータ）","municipality_code":"03205","municipality_pref":"岩手県","municipality_name":"花巻市","municipality_code_method":"food_exact_coord"},"geometry":{"type":"Point","coordinates":[141.289853,39.479065]}},{"type":"Feature","properties":{"layer_id":"cafe_restaurant","name":"Shining","category":"food","address":"岩手県花巻市双葉町2-23 スタンスビル２階","source":"厚生労働省 食品衛生申請等システム（オープンデータ）","municipality_code":"03205","municipality_pref":"岩手県","municipality_name":"花巻市","municipality_code_method":"food_exact_coord"},"geometry":{"type":"Point","coordinates":[141.115981,39.385353]}},{"type":"Feature","properties":{"layer_id":"cafe_restaurant","name":"よりみちキャロル","category":"food","address":"岩手県花巻市石鳥谷町南寺林7-32","source":"厚生労働省 食品衛生申請等システム（オープンデータ）","municipality_code":"03205","municipality_pref":"岩手県","municipality_name":"花巻市","municipality_code_method":"food_exact_coord"},"geometry":{"type":"Point","coordinates":[141.128504,39.460424]}},{"type":"Feature","properties":{"layer_id":"cafe_restaurant","name":"おんどり亭","category":"food","address":"岩手県花巻市吹張町10-45","source":"厚生労働省 食品衛生申請等システム（オープンデータ）","municipality_code":"03205","municipality_pref":"岩手県","municipality_name":"花巻市","municipality_code_method":"food_exact_coord"},"geometry":{"type":"Point","coordinates":[141.114926,39.387274]}},{"type":"Feature","properties":{"layer_id":"cafe_restaurant","name":"wing","category":"food","address":"岩手県花巻市双葉町4-6 2号室","source":"厚生労働省 食品衛生申請等システム（オープンデータ）","municipality_code":"03205","municipality_pref":"岩手県","municipality_name":"花巻市","municipality_code_method":"food_exact_coord"},"geometry":{"type":"Point","coordinates":[141.116994,39.384902]}},{"type":"Feature","properties":{"layer_id":"cafe_restaurant","name":"SOHO","category":"food","address":"岩手県花巻市双葉町7-1 B1F","source":"厚生労働省 食品衛生申請等システム（オープンデータ）","municipality_code":"03205","municipality_pref":"岩手県","municipality_name":"花巻市","municipality_code_method":"food_exact_coord"},"geometry":{"type":"Point","coordinates":[141.117503,39.384117]}},{"type":"Feature","properties":{"layer_id":"cafe_restaurant","name":"ライクメイド甚吉","category":"food","address":"岩手県花巻市太田36-186","source":"厚生労働省 食品衛生申請等システム（オープンデータ）","municipality_code":"03205","municipality_pref":"岩手県","municipality_name":"花巻市","municipality_code_method":"food_exact_coord"},"geometry":{"type":"Point","coordinates":[141.021186,39.387123]}},{"type":"Feature","properties":{"layer_id":"cafe_restaurant","name":"民泊来てくね家花巻","category":"food","address":"岩手県花巻市南笹間4-132","source":"厚生労働省 食品衛生申請等システム（オープンデータ）","municipality_code":"03205","municipality_pref":"岩手県","municipality_name":"花巻市","municipality_code_method":"food_exact_coord"},"geometry":{"type":"Point","coordinates":[141.057627853,39.333670118]}},{"type":"Feature","properties":{"layer_id":"cafe_restaurant","name":"花巻商工会議所青年部","category":"food","address":"岩手県花巻市高田　河川敷","source":"厚生労働省 食品衛生申請等システム（オープンデータ）","municipality_code":"03205","municipality_pref":"岩手県","municipality_name":"花巻市","municipality_code_method":"food_exact_coord"},"geometry":{"type":"Point","coordinates":[141.125276,39.38223]}},{"type":"Feature","properties":{"layer_id":"cafe_restaurant","name":"arrows","category":"food","address":"岩手県花巻市双葉町7-31 Kビル北側１階","source":"厚生労働省 食品衛生申請等システム（オープンデータ）","municipality_code":"03205","municipality_pref":"岩手県","municipality_name":"花巻市","municipality_code_method":"food_exact_coord"},"geometry":{"type":"Point","coordinates":[141.117573,39.383831]}},{"type":"Feature","properties":{"layer_id":"cafe_restaurant","name":"カルム","category":"food","address":"岩手県花巻市双葉町7-6","source":"厚生労働省 食品衛生申請等システム（オープンデータ）","municipality_code":"03205","municipality_pref":"岩手県","municipality_name":"花巻市","municipality_code_method":"food_exact_coord"},"geometry":{"type":"Point","coordinates":[141.118012,39.384185]}},{"type":"Feature","properties":{"layer_id":"cafe_restaurant","name":"うすやき　きなこ","category":"food","address":"岩手県花巻市上町5-22","source":"厚生労働省 食品衛生申請等システム（オープンデータ）","municipality_code":"03205","municipality_pref":"岩手県","municipality_name":"花巻市","municipality_code_method":"food_exact_coord"},"geometry":{"type":"Point","coordinates":[141.11831,39.386337]}},{"type":"Feature","properties":{"layer_id":"cafe_restaurant","name":"Cane's Cafe","category":"food","address":"岩手県花巻市上町地内","source":"厚生労働省 食品衛生申請等システム（オープンデータ）","municipality_code":"03205","municipality_pref":"岩手県","municipality_name":"花巻市","municipality_code_method":"food_exact_coord"},"geometry":{"type":"Point","coordinates":[141.118166,39.386216]}},{"type":"Feature","properties":{"layer_id":"cafe_restaurant","name":"春美","category":"food","address":"岩手県花巻市仲町8-11-4号室","source":"厚生労働省 食品衛生申請等システム（オープンデータ）","municipality_code":"03205","municipality_pref":"岩手県","municipality_name":"花巻市","municipality_code_method":"food_exact_coord"},"geometry":{"type":"Point","coordinates":[141.119649,39.387689]}},{"type":"Feature","properties":{"layer_id":"cafe_restaurant","name":"大迫アベヤスぶどう園","category":"food","address":"岩手県花巻市大迫町大迫12-46-3","source":"厚生労働省 食品衛生申請等システム（オープンデータ）","municipality_code":"03205","municipality_pref":"岩手県","municipality_name":"花巻市","municipality_code_method":"food_exact_coord"},"geometry":{"type":"Point","coordinates":[141.289853,39.479065]}},{"type":"Feature","properties":{"layer_id":"cafe_restaurant","name":"（有）あじよし総本店","category":"food","address":"岩手県花巻市城内1-43","source":"厚生労働省 食品衛生申請等システム（オープンデータ）","municipality_code":"03205","municipality_pref":"岩手県","municipality_name":"花巻市","municipality_code_method":"food_exact_coord"},"geometry":{"type":"Point","coordinates":[141.118204,39.388119]}},{"type":"Feature","properties":{"layer_id":"cafe_restaurant","name":"Tea&Sweets Stand　離れ家","category":"food","address":"岩手県花巻市大通り1-9-9","source":"厚生労働省 食品衛生申請等システム（オープンデータ）","municipality_code":"03205","municipality_pref":"岩手県","municipality_name":"花巻市","municipality_code_method":"food_exact_coord"},"geometry":{"type":"Point","coordinates":[141.111958,39.393416]}},{"type":"Feature","properties":{"layer_id":"cafe_restaurant","name":"株式会社耕野","category":"food","address":"岩手県花巻市大通り1-2-21","source":"厚生労働省 食品衛生申請等システム（オープンデータ）","municipality_code":"03205","municipality_pref":"岩手県","municipality_name":"花巻市","municipality_code_method":"food_exact_coord"},"geometry":{"type":"Point","coordinates":[141.11154,39.391855]}},{"type":"Feature","properties":{"layer_id":"cafe_restaurant","name":"大江戸温泉物語Premium岩手花巻","category":"food","address":"岩手県花巻市湯口字佐野21-8","source":"厚生労働省 食品衛生申請等システム（オープンデータ）","municipality_code":"03205","municipality_pref":"岩手県","municipality_name":"花巻市","municipality_code_method":"food_exact_coord"},"geometry":{"type":"Point","coordinates":[141.015349,39.425277]}},{"type":"Feature","properties":{"layer_id":"cafe_restaurant","name":"フォークトーク","category":"food","address":"岩手県花巻市一日市1-15","source":"厚生労働省 食品衛生申請等システム（オープンデータ）","municipality_code":"03205","municipality_pref":"岩手県","municipality_name":"花巻市","municipality_code_method":"food_exact_coord"},"geometry":{"type":"Point","coordinates":[141.114867,39.393806]}},{"type":"Feature","properties":{"layer_id":"cafe_restaurant","name":"宮沢賢治学会イーハトーブセンター　喫茶猫のじむしょ","category":"food","address":"岩手県花巻市高松1-1-1","source":"厚生労働省 食品衛生申請等システム（オープンデータ）","municipality_code":"03205","municipality_pref":"岩手県","municipality_name":"花巻市","municipality_code_method":"food_exact_coord"},"geometry":{"type":"Point","coordinates":[141.174387,39.386267]}},{"type":"Feature","properties":{"layer_id":"cafe_restaurant","name":"鮨　京花","category":"food","address":"岩手県花巻市上町5-34 箱崎ビル１F","source":"厚生労働省 食品衛生申請等システム（オープンデータ）","municipality_code":"03205","municipality_pref":"岩手県","municipality_name":"花巻市","municipality_code_method":"food_exact_coord"},"geometry":{"type":"Point","coordinates":[141.116975,39.386176]}},{"type":"Feature","properties":{"layer_id":"cafe_restaurant","name":"手打ラーメンお食事処ふじた","category":"food","address":"岩手県花巻市西宮野目5-267","source":"厚生労働省 食品衛生申請等システム（オープンデータ）","municipality_code":"03205","municipality_pref":"岩手県","municipality_name":"花巻市","municipality_code_method":"food_exact_coord"},"geometry":{"type":"Point","coordinates":[141.122548,39.420516]}},{"type":"Feature","properties":{"layer_id":"cafe_restaurant","name":"カトレヤ","category":"food","address":"岩手県花巻市双葉町2-11 ダイヤヒルズ１F","source":"厚生労働省 食品衛生申請等システム（オープンデータ）","municipality_code":"03205","municipality_pref":"岩手県","municipality_name":"花巻市","municipality_code_method":"food_exact_coord"},"geometry":{"type":"Point","coordinates":[141.116814,39.385431]}},{"type":"Feature","properties":{"layer_id":"cafe_restaurant","name":"ざ","category":"food","address":"岩手県花巻市双葉町6-15 大一ビル１F","source":"厚生労働省 食品衛生申請等システム（オープンデータ）","municipality_code":"03205","municipality_pref":"岩手県","municipality_name":"花巻市","municipality_code_method":"food_exact_coord"},"geometry":{"type":"Point","coordinates":[141.117924,39.384476]}},{"type":"Feature","properties":{"layer_id":"cafe_restaurant","name":"ねむの木","category":"food","address":"岩手県花巻市鍛治町4-15 花住テナントビル２F北","source":"厚生労働省 食品衛生申請等システム（オープンデータ）","municipality_code":"03205","municipality_pref":"岩手県","municipality_name":"花巻市","municipality_code_method":"food_exact_coord"},"geometry":{"type":"Point","coordinates":[141.113698,39.385106]}},{"type":"Feature","properties":{"layer_id":"cafe_restaurant","name":"ホテル狩野","category":"food","address":"岩手県花巻市大通り1-7-41","source":"厚生労働省 食品衛生申請等システム（オープンデータ）","municipality_code":"03205","municipality_pref":"岩手県","municipality_name":"花巻市","municipality_code_method":"food_exact_coord"},"geometry":{"type":"Point","coordinates":[141.110727,39.393644]}},{"type":"Feature","properties":{"layer_id":"cafe_restaurant","name":"割烹旅館　廣美亭","category":"food","address":"岩手県花巻市湯本1-88-1","source":"厚生労働省 食品衛生申請等システム（オープンデータ）","municipality_code":"03205","municipality_pref":"岩手県","municipality_name":"花巻市","municipality_code_method":"food_exact_coord"},"geometry":{"type":"Point","coordinates":[141.09531,39.44255]}},{"type":"Feature","properties":{"layer_id":"cafe_restaurant","name":"Endless","category":"food","address":"岩手県花巻市南川原町290-1","source":"厚生労働省 食品衛生申請等システム（オープンデータ）","municipality_code":"03205","municipality_pref":"岩手県","municipality_name":"花巻市","municipality_code_method":"food_exact_coord"},"geometry":{"type":"Point","coordinates":[141.11732,39.383868]}},{"type":"Feature","properties":{"layer_id":"cafe_restaurant","name":"AtoZ","category":"food","address":"岩手県花巻市松園町50","source":"厚生労働省 食品衛生申請等システム（オープンデータ）","municipality_code":"03205","municipality_pref":"岩手県","municipality_name":"花巻市","municipality_code_method":"food_exact_coord"},"geometry":{"type":"Point","coordinates":[141.09644,39.406469]}},{"type":"Feature","properties":{"layer_id":"cafe_restaurant","name":"カラオケ喫茶花菜","category":"food","address":"岩手県花巻市石鳥谷町好地7-202-8","source":"厚生労働省 食品衛生申請等システム（オープンデータ）","municipality_code":"03205","municipality_pref":"岩手県","municipality_name":"花巻市","municipality_code_method":"food_exact_coord"},"geometry":{"type":"Point","coordinates":[141.148971,39.496963]}},{"type":"Feature","properties":{"layer_id":"cafe_restaurant","name":"れいか","category":"food","address":"岩手県花巻市大迫町外川目34-9-6","source":"厚生労働省 食品衛生申請等システム（オープンデータ）","municipality_code":"03205","municipality_pref":"岩手県","municipality_name":"花巻市","municipality_code_method":"food_exact_coord"},"geometry":{"type":"Point","coordinates":[141.357875,39.453737]}},{"type":"Feature","properties":{"layer_id":"cafe_restaurant","name":"黒墨商店","category":"food","address":"岩手県花巻市上町3-10 金子ビル１階北","source":"厚生労働省 食品衛生申請等システム（オープンデータ）","municipality_code":"03205","municipality_pref":"岩手県","municipality_name":"花巻市","municipality_code_method":"food_exact_coord"},"geometry":{"type":"Point","coordinates":[141.116837,39.385717]}},{"type":"Feature","properties":{"layer_id":"cafe_restaurant","name":"母ちゃんレストランつたの輪","category":"food","address":"岩手県花巻市東和町安俵6-94","source":"厚生労働省 食品衛生申請等システム（オープンデータ）","municipality_code":"03205","municipality_pref":"岩手県","municipality_name":"花巻市","municipality_code_method":"food_exact_coord"},"geometry":{"type":"Point","coordinates":[141.224089,39.385379]}},{"type":"Feature","properties":{"layer_id":"cafe_restaurant","name":"ワンデイシェフの大食堂","category":"food","address":"岩手県花巻市東和町土沢8-115","source":"厚生労働省 食品衛生申請等システム（オープンデータ）","municipality_code":"03205","municipality_pref":"岩手県","municipality_name":"花巻市","municipality_code_method":"food_exact_coord"},"geometry":{"type":"Point","coordinates":[141.230582,39.385877]}},{"type":"Feature","properties":{"layer_id":"cafe_restaurant","name":"フレッシュたもり空港店","category":"food","address":"岩手県花巻市二枚橋6-287-1","source":"厚生労働省 食品衛生申請等システム（オープンデータ）","municipality_code":"03205","municipality_pref":"岩手県","municipality_name":"花巻市","municipality_code_method":"food_exact_coord"},"geometry":{"type":"Point","coordinates":[141.120992,39.44324]}},{"type":"Feature","properties":{"layer_id":"cafe_restaurant","name":"愛恋","category":"food","address":"岩手県花巻市鍛治町2-2 花住第二ビル1階北側","source":"厚生労働省 食品衛生申請等システム（オープンデータ）","municipality_code":"03205","municipality_pref":"岩手県","municipality_name":"花巻市","municipality_code_method":"food_exact_coord"},"geometry":{"type":"Point","coordinates":[141.114776,39.384916]}},{"type":"Feature","properties":{"layer_id":"cafe_restaurant","name":"セレーネ","category":"food","address":"岩手県花巻市双葉町7-31 Kビル2F","source":"厚生労働省 食品衛生申請等システム（オープンデータ）","municipality_code":"03205","municipality_pref":"岩手県","municipality_name":"花巻市","municipality_code_method":"food_exact_coord"},"geometry":{"type":"Point","coordinates":[141.117573,39.383831]}},{"type":"Feature","properties":{"layer_id":"cafe_restaurant","name":"呑","category":"food","address":"岩手県花巻市双葉町5-21 照井ビル2F","source":"厚生労働省 食品衛生申請等システム（オープンデータ）","municipality_code":"03205","municipality_pref":"岩手県","municipality_name":"花巻市","municipality_code_method":"food_exact_coord"},"geometry":{"type":"Point","coordinates":[141.117455,39.38455]}},{"type":"Feature","properties":{"layer_id":"cafe_restaurant","name":"一心寿司","category":"food","address":"岩手県花巻市西大通り1-7-1","source":"厚生労働省 食品衛生申請等システム（オープンデータ）","municipality_code":"03205","municipality_pref":"岩手県","municipality_name":"花巻市","municipality_code_method":"food_exact_coord"},"geometry":{"type":"Point","coordinates":[141.108883,39.392542]}},{"type":"Feature","properties":{"layer_id":"cafe_restaurant","name":"彩月","category":"food","address":"岩手県花巻市若葉町3-11-1","source":"厚生労働省 食品衛生申請等システム（オープンデータ）","municipality_code":"03205","municipality_pref":"岩手県","municipality_name":"花巻市","municipality_code_method":"food_exact_coord"},"geometry":{"type":"Point","coordinates":[141.103536,39.386222]}},{"type":"Feature","properties":{"layer_id":"cafe_restaurant","name":"山の神温泉　優香苑","category":"food","address":"岩手県花巻市下シ沢字中野53-1","source":"厚生労働省 食品衛生申請等システム（オープンデータ）","municipality_code":"03205","municipality_pref":"岩手県","municipality_name":"花巻市","municipality_code_method":"food_exact_coord"},"geometry":{"type":"Point","coordinates":[141.005068,39.452801]}},{"type":"Feature","properties":{"layer_id":"cafe_restaurant","name":"モダン・タイム","category":"food","address":"岩手県花巻市双葉町2-23 スタンスビル2F","source":"厚生労働省 食品衛生申請等システム（オープンデータ）","municipality_code":"03205","municipality_pref":"岩手県","municipality_name":"花巻市","municipality_code_method":"food_exact_coord"},"geometry":{"type":"Point","coordinates":[141.115981,39.385353]}},{"type":"Feature","properties":{"layer_id":"cafe_restaurant","name":"中国料理　華","category":"food","address":"岩手県花巻市桜町1-628","source":"厚生労働省 食品衛生申請等システム（オープンデータ）","municipality_code":"03205","municipality_pref":"岩手県","municipality_name":"花巻市","municipality_code_method":"food_exact_coord"},"geometry":{"type":"Point","coordinates":[141.117634,39.373004]}},{"type":"Feature","properties":{"layer_id":"cafe_restaurant","name":"Route（ルート）","category":"food","address":"岩手県花巻市双葉町6-12 SKビル2F","source":"厚生労働省 食品衛生申請等システム（オープンデータ）","municipality_code":"03205","municipality_pref":"岩手県","municipality_name":"花巻市","municipality_code_method":"food_exact_coord"},"geometry":{"type":"Point","coordinates":[141.118048,39.384426]}},{"type":"Feature","properties":{"layer_id":"cafe_restaurant","name":"支那そば僉","category":"food","address":"岩手県花巻市台5-27","source":"厚生労働省 食品衛生申請等システム（オープンデータ）","municipality_code":"03205","municipality_pref":"岩手県","municipality_name":"花巻市","municipality_code_method":"food_exact_coord"},"geometry":{"type":"Point","coordinates":[141.053845,39.475897]}},{"type":"Feature","properties":{"layer_id":"cafe_restaurant","name":"寿司正","category":"food","address":"岩手県花巻市二枚橋町大通り2-23-7","source":"厚生労働省 食品衛生申請等システム（オープンデータ）","municipality_code":"03205","municipality_pref":"岩手県","municipality_name":"花巻市","municipality_code_method":"food_exact_coord"},"geometry":{"type":"Point","coordinates":[141.134254,39.441498]}},{"type":"Feature","properties":{"layer_id":"cafe_restaurant","name":"ホテルマカロン","category":"food","address":"岩手県花巻市椚ノ目7-55-37","source":"厚生労働省 食品衛生申請等システム（オープンデータ）","municipality_code":"03205","municipality_pref":"岩手県","municipality_name":"花巻市","municipality_code_method":"food_exact_coord"},"geometry":{"type":"Point","coordinates":[141.09253,39.422504]}},{"type":"Feature","properties":{"layer_id":"cafe_restaurant","name":"丸亀製麺花巻","category":"food","address":"岩手県花巻市上小舟渡351-1","source":"厚生労働省 食品衛生申請等システム（オープンデータ）","municipality_code":"03205","municipality_pref":"岩手県","municipality_name":"花巻市","municipality_code_method":"food_exact_coord"},"geometry":{"type":"Point","coordinates":[141.122636,39.397336]}},{"type":"Feature","properties":{"layer_id":"cafe_restaurant","name":"癒しと飲み物のお店　Toro","category":"food","address":"岩手県花巻市大通り1-４-1","source":"厚生労働省 食品衛生申請等システム（オープンデータ）","municipality_code":"03205","municipality_pref":"岩手県","municipality_name":"花巻市","municipality_code_method":"food_exact_coord"},"geometry":{"type":"Point","coordinates":[141.112089,39.390959]}},{"type":"Feature","properties":{"layer_id":"cafe_restaurant","name":"ベーシック","category":"food","address":"岩手県花巻市双葉町5-26","source":"厚生労働省 食品衛生申請等システム（オープンデータ）","municipality_code":"03205","municipality_pref":"岩手県","municipality_name":"花巻市","municipality_code_method":"food_exact_coord"},"geometry":{"type":"Point","coordinates":[141.117448,39.385031]}},{"type":"Feature","properties":{"layer_id":"cafe_restaurant","name":"（株）JAグリーンサービス花巻　ハヤチネフーズ事業本部","category":"food","address":"岩手県花巻市大迫町大迫11-39-4","source":"厚生労働省 食品衛生申請等システム（オープンデータ）","municipality_code":"03205","municipality_pref":"岩手県","municipality_name":"花巻市","municipality_code_method":"food_exact_coord"},"geometry":{"type":"Point","coordinates":[141.289853,39.479065]}},{"type":"Feature","properties":{"layer_id":"cafe_restaurant","name":"藤三旅館","category":"food","address":"岩手県花巻市鉛字中平75-1","source":"厚生労働省 食品衛生申請等システム（オープンデータ）","municipality_code":"03205","municipality_pref":"岩手県","municipality_name":"花巻市","municipality_code_method":"food_exact_coord"},"geometry":{"type":"Point","coordinates":[140.991541,39.465723]}},{"type":"Feature","properties":{"layer_id":"cafe_restaurant","name":"はいからや","category":"food","address":"岩手県花巻市諏訪町２丁目１-14","source":"厚生労働省 食品衛生申請等システム（オープンデータ）","municipality_code":"03205","municipality_pref":"岩手県","municipality_name":"花巻市","municipality_code_method":"food_exact_coord"},"geometry":{"type":"Point","coordinates":[141.111542,39.376289]}},{"type":"Feature","properties":{"layer_id":"cafe_restaurant","name":"海旬野趣料理　風耿　FUKO","category":"food","address":"岩手県花巻市双葉町２-23","source":"厚生労働省 食品衛生申請等システム（オープンデータ）","municipality_code":"03205","municipality_pref":"岩手県","municipality_name":"花巻市","municipality_code_method":"food_exact_coord"},"geometry":{"type":"Point","coordinates":[141.115981,39.385353]}},{"type":"Feature","properties":{"layer_id":"cafe_restaurant","name":"華胥の郷／あめつちcafe","category":"food","address":"岩手県花巻市湯口字佐野33-25","source":"厚生労働省 食品衛生申請等システム（オープンデータ）","municipality_code":"03205","municipality_pref":"岩手県","municipality_name":"花巻市","municipality_code_method":"food_exact_coord"},"geometry":{"type":"Point","coordinates":[141.012442,39.418834]}},{"type":"Feature","properties":{"layer_id":"cafe_restaurant","name":"ｔａｌｋ","category":"food","address":"岩手県花巻市双葉町7-2 Yビル ２F","source":"厚生労働省 食品衛生申請等システム（オープンデータ）","municipality_code":"03205","municipality_pref":"岩手県","municipality_name":"花巻市","municipality_code_method":"food_exact_coord"},"geometry":{"type":"Point","coordinates":[141.1176,39.384061]}},{"type":"Feature","properties":{"layer_id":"cafe_restaurant","name":"パンション　エル・コート","category":"food","address":"岩手県花巻市実相寺214-1","source":"厚生労働省 食品衛生申請等システム（オープンデータ）","municipality_code":"03205","municipality_pref":"岩手県","municipality_name":"花巻市","municipality_code_method":"food_exact_coord"},"geometry":{"type":"Point","coordinates":[141.113561,39.370305]}},{"type":"Feature","properties":{"layer_id":"cafe_restaurant","name":"さぬきうどん浅月","category":"food","address":"岩手県花巻市二枚橋3-117-3","source":"厚生労働省 食品衛生申請等システム（オープンデータ）","municipality_code":"03205","municipality_pref":"岩手県","municipality_name":"花巻市","municipality_code_method":"food_exact_coord"},"geometry":{"type":"Point","coordinates":[141.114895,39.441897]}},{"type":"Feature","properties":{"layer_id":"cafe_restaurant","name":"あずさ","category":"food","address":"岩手県花巻市双葉町5-24 フジビル１Ｆ３号","source":"厚生労働省 食品衛生申請等システム（オープンデータ）","municipality_code":"03205","municipality_pref":"岩手県","municipality_name":"花巻市","municipality_code_method":"food_exact_coord"},"geometry":{"type":"Point","coordinates":[141.117461,39.384885]}},{"type":"Feature","properties":{"layer_id":"cafe_restaurant","name":"𠮷野家　４号線花巻中央店","category":"food","address":"岩手県花巻市里川口町2-2","source":"厚生労働省 食品衛生申請等システム（オープンデータ）","municipality_code":"03205","municipality_pref":"岩手県","municipality_name":"花巻市","municipality_code_method":"food_exact_coord"},"geometry":{"type":"Point","coordinates":[141.124501,39.390004]}},{"type":"Feature","properties":{"layer_id":"cafe_restaurant","name":"ユアテック　キオクシア岩手幹線　作業員宿舎　食堂","category":"food","address":"岩手県花巻市東十二丁目18地割160-1","source":"厚生労働省 食品衛生申請等システム（オープンデータ）","municipality_code":"03205","municipality_pref":"岩手県","municipality_name":"花巻市","municipality_code_method":"food_exact_coord"},"geometry":{"type":"Point","coordinates":[141.15135,39.36772]}},{"type":"Feature","properties":{"layer_id":"cafe_restaurant","name":"愛工大興　キオクシア岩手幹線　作業員宿舎棟　食堂","category":"food","address":"岩手県花巻市東和町毒沢3区210番","source":"厚生労働省 食品衛生申請等システム（オープンデータ）","municipality_code":"03205","municipality_pref":"岩手県","municipality_name":"花巻市","municipality_code_method":"food_exact_coord"},"geometry":{"type":"Point","coordinates":[141.244236,39.350772]}},{"type":"Feature","properties":{"layer_id":"cafe_restaurant","name":"佐藤建設工業　キオクシア幹線　作業員宿舎棟　食堂","category":"food","address":"岩手県花巻市東和町舘迫5区23","source":"厚生労働省 食品衛生申請等システム（オープンデータ）","municipality_code":"03205","municipality_pref":"岩手県","municipality_name":"花巻市","municipality_code_method":"food_exact_coord"},"geometry":{"type":"Point","coordinates":[141.259688,39.360929]}},{"type":"Feature","properties":{"layer_id":"cafe_restaurant","name":"桂の舎","category":"food","address":"岩手県花巻市城内2番2号","source":"厚生労働省 食品衛生申請等システム（オープンデータ）","municipality_code":"03205","municipality_pref":"岩手県","municipality_name":"花巻市","municipality_code_method":"food_exact_coord"},"geometry":{"type":"Point","coordinates":[141.119874,39.388768]}},{"type":"Feature","properties":{"layer_id":"cafe_restaurant","name":"田瀬湖つり公園","category":"food","address":"岩手県花巻市東和町田瀬10-138","source":"厚生労働省 食品衛生申請等システム（オープンデータ）","municipality_code":"03205","municipality_pref":"岩手県","municipality_name":"花巻市","municipality_code_method":"food_exact_coord"},"geometry":{"type":"Point","coordinates":[141.300753,39.327142]}},{"type":"Feature","properties":{"layer_id":"cafe_restaurant","name":"ビアトリエ","category":"food","address":"岩手県花巻市双葉町1番24号 1F","source":"厚生労働省 食品衛生申請等システム（オープンデータ）","municipality_code":"03205","municipality_pref":"岩手県","municipality_name":"花巻市","municipality_code_method":"food_exact_coord"},"geometry":{"type":"Point","coordinates":[141.117254,39.385318]}},{"type":"Feature","properties":{"layer_id":"cafe_restaurant","name":"花巻農協青年部太田支部","category":"food","address":"岩手県花巻市太田","source":"厚生労働省 食品衛生申請等システム（オープンデータ）","municipality_code":"03205","municipality_pref":"岩手県","municipality_name":"花巻市","municipality_code_method":"food_exact_coord"},"geometry":{"type":"Point","coordinates":[141.021186,39.387123]}},{"type":"Feature","properties":{"layer_id":"cafe_restaurant","name":"INAKAFES CAMP 2026","category":"food","address":"岩手県花巻市城内11番","source":"厚生労働省 食品衛生申請等システム（オープンデータ）","municipality_code":"03205","municipality_pref":"岩手県","municipality_name":"花巻市","municipality_code_method":"food_exact_coord"},"geometry":{"type":"Point","coordinates":[141.120171,39.391443]}},{"type":"Feature","properties":{"layer_id":"cafe_restaurant","name":"浮田地区コミュニティ会議（浮田振興センター）","category":"food","address":"岩手県花巻市東和町上浮田二区140番地","source":"厚生労働省 食品衛生申請等システム（オープンデータ）","municipality_code":"03205","municipality_pref":"岩手県","municipality_name":"花巻市","municipality_code_method":"food_exact_coord"},"geometry":{"type":"Point","coordinates":[141.219926,39.324278]}},{"type":"Feature","properties":{"layer_id":"cafe_restaurant","name":"琴線","category":"food","address":"岩手県花巻市吹張町9-8","source":"厚生労働省 食品衛生申請等システム（オープンデータ）","municipality_code":"03205","municipality_pref":"岩手県","municipality_name":"花巻市","municipality_code_method":"food_exact_coord"},"geometry":{"type":"Point","coordinates":[141.114536,39.386951]}},{"type":"Feature","properties":{"layer_id":"cafe_restaurant","name":"居酒屋たいまぐら食堂","category":"food","address":"岩手県花巻市石鳥谷町中寺林7-17-3 道の駅いしどりや","source":"厚生労働省 食品衛生申請等システム（オープンデータ）","municipality_code":"03205","municipality_pref":"岩手県","municipality_name":"花巻市","municipality_code_method":"food_exact_coord"},"geometry":{"type":"Point","coordinates":[141.137857,39.472417]}},{"type":"Feature","properties":{"layer_id":"cafe_restaurant","name":"魚民花巻駅前店","category":"food","address":"岩手県花巻市大通り5-3","source":"厚生労働省 食品衛生申請等システム（オープンデータ）","municipality_code":"03205","municipality_pref":"岩手県","municipality_name":"花巻市","municipality_code_method":"food_exact_coord"},"geometry":{"type":"Point","coordinates":[141.112406,39.390736]}},{"type":"Feature","properties":{"layer_id":"public_facilities","name":"花西振興センター","category":"public","address":"花巻市石神町364","source":"国土交通省 国土数値情報","municipality_code":"03205","municipality_pref":"岩手県","municipality_name":"花巻市","municipality_code_method":"source_exact_coord"},"geometry":{"type":"Point","coordinates":[141.1011924702872,39.384973839044115]}},{"type":"Feature","properties":{"layer_id":"public_facilities","name":"宮野目体育センター","category":"public","address":"花巻市西宮野目6-353-11","source":"国土交通省 国土数値情報","municipality_code":"03205","municipality_pref":"岩手県","municipality_name":"花巻市","municipality_code_method":"source_exact_coord"},"geometry":{"type":"Point","coordinates":[141.1278649960749,39.42198402369295]}},{"type":"Feature","properties":{"layer_id":"public_facilities","name":"はやちね生き活き交流館","category":"public","address":"花巻市大迫町大迫第18地割3","source":"国土交通省 国土数値情報","municipality_code":"03205","municipality_pref":"岩手県","municipality_name":"花巻市","municipality_code_method":"source_exact_coord"},"geometry":{"type":"Point","coordinates":[141.28384514170602,39.464810301516074]}},{"type":"Feature","properties":{"layer_id":"public_facilities","name":"花南振興センター","category":"public","address":"花巻市南城57","source":"国土交通省 国土数値情報","municipality_code":"03205","municipality_pref":"岩手県","municipality_name":"花巻市","municipality_code_method":"source_exact_coord"},"geometry":{"type":"Point","coordinates":[141.1192800181191,39.37045170312887]}},{"type":"Feature","properties":{"layer_id":"public_facilities","name":"田瀬振興センター","category":"public","address":"花巻市東和町田瀬14区137","source":"国土交通省 国土数値情報","municipality_code":"03205","municipality_pref":"岩手県","municipality_name":"花巻市","municipality_code_method":"source_exact_coord"},"geometry":{"type":"Point","coordinates":[141.3131411193226,39.31517147260197]}},{"type":"Feature","properties":{"layer_id":"public_facilities","name":"種森公民館","category":"public","address":"花巻市石鳥谷町新堀第54地割248-3","source":"国土交通省 国土数値情報","municipality_code":"03205","municipality_pref":"岩手県","municipality_name":"花巻市","municipality_code_method":"source_exact_coord"},"geometry":{"type":"Point","coordinates":[141.16923450030936,39.47051284560882]}},{"type":"Feature","properties":{"layer_id":"public_facilities","name":"花北振興センター","category":"public","address":"花巻市四日町1-1-27","source":"国土交通省 国土数値情報","municipality_code":"03205","municipality_pref":"岩手県","municipality_name":"花巻市","municipality_code_method":"source_exact_coord"},"geometry":{"type":"Point","coordinates":[141.11276944179647,39.39686167378829]}},{"type":"Feature","properties":{"layer_id":"public_facilities","name":"山屋農業交流センター","category":"public","address":"花巻市石鳥谷町滝田第1地割133-1","source":"国土交通省 国土数値情報","municipality_code":"03205","municipality_pref":"岩手県","municipality_name":"花巻市","municipality_code_method":"source_exact_coord"},"geometry":{"type":"Point","coordinates":[141.23336464568223,39.43581201445312]}},{"type":"Feature","properties":{"layer_id":"public_facilities","name":"新田公民館","category":"public","address":"花巻市上根子字下田18","source":"国土交通省 国土数値情報","municipality_code":"03205","municipality_pref":"岩手県","municipality_name":"花巻市","municipality_code_method":"source_exact_coord"},"geometry":{"type":"Point","coordinates":[141.0749631098845,39.38192514602664]}},{"type":"Feature","properties":{"layer_id":"public_facilities","name":"倉沢集落センター","category":"public","address":"花巻市東和町倉沢4区117","source":"国土交通省 国土数値情報","municipality_code":"03205","municipality_pref":"岩手県","municipality_name":"花巻市","municipality_code_method":"source_exact_coord"},"geometry":{"type":"Point","coordinates":[141.2514568236554,39.32809588626585]}},{"type":"Feature","properties":{"layer_id":"public_facilities","name":"石鳥谷生涯学習会館","category":"public","address":"花巻市石鳥谷町中寺林第7地割1-1","source":"国土交通省 国土数値情報","municipality_code":"03205","municipality_pref":"岩手県","municipality_name":"花巻市","municipality_code_method":"source_exact_coord"},"geometry":{"type":"Point","coordinates":[141.13994607186223,39.48621872829779]}},{"type":"Feature","properties":{"layer_id":"public_facilities","name":"五大堂公民館","category":"public","address":"花巻市石鳥谷町五大堂第21地割11-3","source":"国土交通省 国土数値情報","municipality_code":"03205","municipality_pref":"岩手県","municipality_name":"花巻市","municipality_code_method":"source_exact_coord"},"geometry":{"type":"Point","coordinates":[141.17945056293976,39.43097546888388]}},{"type":"Feature","properties":{"layer_id":"public_facilities","name":"軽井沢公民館","category":"public","address":"花巻市東和町前田1区257","source":"国土交通省 国土数値情報","municipality_code":"03205","municipality_pref":"岩手県","municipality_name":"花巻市","municipality_code_method":"source_exact_coord"},"geometry":{"type":"Point","coordinates":[141.21358125161024,39.41788936660756]}},{"type":"Feature","properties":{"layer_id":"public_facilities","name":"八幡交流センター","category":"public","address":"花巻市石鳥谷町八幡23-147","source":"国土交通省 国土数値情報","municipality_code":"03205","municipality_pref":"岩手県","municipality_name":"花巻市","municipality_code_method":"source_exact_coord"},"geometry":{"type":"Point","coordinates":[141.14521311338197,39.473150777427946]}},{"type":"Feature","properties":{"layer_id":"public_facilities","name":"大瀬川振興センター","category":"public","address":"花巻市石鳥谷町大瀬川10-45-2","source":"国土交通省 国土数値情報","municipality_code":"03205","municipality_pref":"岩手県","municipality_name":"花巻市","municipality_code_method":"source_exact_coord"},"geometry":{"type":"Point","coordinates":[141.11338330609274,39.49999537466673]}},{"type":"Feature","properties":{"layer_id":"public_facilities","name":"笹間地区社会体育館","category":"public","address":"花巻市北笹間13地割74-1","source":"国土交通省 国土数値情報","municipality_code":"03205","municipality_pref":"岩手県","municipality_name":"花巻市","municipality_code_method":"source_exact_coord"},"geometry":{"type":"Point","coordinates":[141.05194418544815,39.35760239996341]}},{"type":"Feature","properties":{"layer_id":"public_facilities","name":"下中居自治公民館","category":"public","address":"花巻市大迫町外川目第29地割67-1","source":"国土交通省 国土数値情報","municipality_code":"03205","municipality_pref":"岩手県","municipality_name":"花巻市","municipality_code_method":"source_exact_coord"},"geometry":{"type":"Point","coordinates":[141.30100546416193,39.447447220601475]}},{"type":"Feature","properties":{"layer_id":"public_facilities","name":"好地会館","category":"public","address":"花巻市石鳥谷町好地第7地割101-2","source":"国土交通省 国土数値情報","municipality_code":"03205","municipality_pref":"岩手県","municipality_name":"花巻市","municipality_code_method":"source_exact_coord"},"geometry":{"type":"Point","coordinates":[141.1491028375676,39.49182909746152]}},{"type":"Feature","properties":{"layer_id":"public_facilities","name":"大迫ふるさとセンター","category":"public","address":"花巻市大迫町大迫10-16-1","source":"国土交通省 国土数値情報","municipality_code":"03205","municipality_pref":"岩手県","municipality_name":"花巻市","municipality_code_method":"source_exact_coord"},"geometry":{"type":"Point","coordinates":[141.28275969199365,39.4735624718296]}},{"type":"Feature","properties":{"layer_id":"public_facilities","name":"大迫総合支所","category":"public","address":"花巻市大迫町大迫2-51-4","source":"国土交通省 国土数値情報","municipality_code":"03205","municipality_pref":"岩手県","municipality_name":"花巻市","municipality_code_method":"source_exact_coord"},"geometry":{"type":"Point","coordinates":[141.29130888718265,39.469046403915485]}},{"type":"Feature","properties":{"layer_id":"public_facilities","name":"浮田振興センター","category":"public","address":"花巻市東和町上浮田2区140","source":"国土交通省 国土数値情報","municipality_code":"03205","municipality_pref":"岩手県","municipality_name":"花巻市","municipality_code_method":"source_exact_coord"},"geometry":{"type":"Point","coordinates":[141.21996143831274,39.324203080596114]}},{"type":"Feature","properties":{"layer_id":"public_facilities","name":"旭の又地区集会施設","category":"public","address":"花巻市大迫町外川目第11地割103","source":"国土交通省 国土数値情報","municipality_code":"03205","municipality_pref":"岩手県","municipality_name":"花巻市","municipality_code_method":"source_exact_coord"},"geometry":{"type":"Point","coordinates":[141.3434102748811,39.460787034036194]}},{"type":"Feature","properties":{"layer_id":"public_facilities","name":"大迫林業者等地域住民交流施設","category":"public","address":"花巻市大迫町内川目第8地割5-2","source":"国土交通省 国土数値情報","municipality_code":"03205","municipality_pref":"岩手県","municipality_name":"花巻市","municipality_code_method":"source_exact_coord"},"geometry":{"type":"Point","coordinates":[141.3202089460183,39.55080158801735]}},{"type":"Feature","properties":{"layer_id":"public_facilities","name":"市立花巻図書館","category":"public","address":"花巻市若葉町3-16-24","source":"国土交通省 国土数値情報","municipality_code":"03205","municipality_pref":"岩手県","municipality_name":"花巻市","municipality_code_method":"source_exact_coord"},"geometry":{"type":"Point","coordinates":[141.10109447438197,39.384652840828984]}},{"type":"Feature","properties":{"layer_id":"public_facilities","name":"八日市いきいき交流館","category":"public","address":"花巻市石鳥谷町大興寺8-157-4","source":"国土交通省 国土数値情報","municipality_code":"03205","municipality_pref":"岩手県","municipality_name":"花巻市","municipality_code_method":"source_exact_coord"},"geometry":{"type":"Point","coordinates":[141.11853282720494,39.47779713957699]}},{"type":"Feature","properties":{"layer_id":"public_facilities","name":"中乙生活改善センター","category":"public","address":"花巻市大迫町内川目第26地割2-1","source":"国土交通省 国土数値情報","municipality_code":"03205","municipality_pref":"岩手県","municipality_name":"花巻市","municipality_code_method":"source_exact_coord"},"geometry":{"type":"Point","coordinates":[141.3884292454819,39.50894100323596]}},{"type":"Feature","properties":{"layer_id":"public_facilities","name":"浮田集会所","category":"public","address":"花巻市東和町上浮田2区140","source":"国土交通省 国土数値情報","municipality_code":"03205","municipality_pref":"岩手県","municipality_name":"花巻市","municipality_code_method":"source_exact_coord"},"geometry":{"type":"Point","coordinates":[141.2183365231531,39.32375233108118]}},{"type":"Feature","properties":{"layer_id":"public_facilities","name":"小舟渡公民館","category":"public","address":"花巻市上小舟渡396","source":"国土交通省 国土数値情報","municipality_code":"03205","municipality_pref":"岩手県","municipality_name":"花巻市","municipality_code_method":"source_exact_coord"},"geometry":{"type":"Point","coordinates":[141.1265276965021,39.39480952290362]}},{"type":"Feature","properties":{"layer_id":"public_facilities","name":"松園振興センター","category":"public","address":"花巻市松園町4-3","source":"国土交通省 国土数値情報","municipality_code":"03205","municipality_pref":"岩手県","municipality_name":"花巻市","municipality_code_method":"source_exact_coord"},"geometry":{"type":"Point","coordinates":[141.09564992929407,39.40986589670209]}},{"type":"Feature","properties":{"layer_id":"public_facilities","name":"本館公民館","category":"public","address":"花巻市本館1-2-10","source":"国土交通省 国土数値情報","municipality_code":"03205","municipality_pref":"岩手県","municipality_name":"花巻市","municipality_code_method":"source_exact_coord"},"geometry":{"type":"Point","coordinates":[141.1218414405042,39.4048505429814]}},{"type":"Feature","properties":{"layer_id":"public_facilities","name":"東和図書館","category":"public","address":"花巻市東和町安俵6区90","source":"国土交通省 国土数値情報","municipality_code":"03205","municipality_pref":"岩手県","municipality_name":"花巻市","municipality_code_method":"source_exact_coord"},"geometry":{"type":"Point","coordinates":[141.2245631646826,39.38495419627332]}},{"type":"Feature","properties":{"layer_id":"public_facilities","name":"川目第一集落センター","category":"public","address":"花巻市東和町北川目8区91","source":"国土交通省 国土数値情報","municipality_code":"03205","municipality_pref":"岩手県","municipality_name":"花巻市","municipality_code_method":"source_exact_coord"},"geometry":{"type":"Point","coordinates":[141.25128177206767,39.41459525024877]}},{"type":"Feature","properties":{"layer_id":"public_facilities","name":"技術振興会館","category":"public","address":"花巻市松園町4-3","source":"国土交通省 国土数値情報","municipality_code":"03205","municipality_pref":"岩手県","municipality_name":"花巻市","municipality_code_method":"source_exact_coord"},"geometry":{"type":"Point","coordinates":[141.09562992898014,39.40986589696513]}},{"type":"Feature","properties":{"layer_id":"public_facilities","name":"平良木公民館","category":"public","address":"花巻市高松第21地割26-4","source":"国土交通省 国土数値情報","municipality_code":"03205","municipality_pref":"岩手県","municipality_name":"花巻市","municipality_code_method":"source_exact_coord"},"geometry":{"type":"Point","coordinates":[141.1717677814921,39.372062353581704]}},{"type":"Feature","properties":{"layer_id":"public_facilities","name":"二枚橋町会館","category":"public","address":"花巻市二枚橋町南1-58","source":"国土交通省 国土数値情報","municipality_code":"03205","municipality_pref":"岩手県","municipality_name":"花巻市","municipality_code_method":"source_exact_coord"},"geometry":{"type":"Point","coordinates":[141.12919978633096,39.440579669451296]}},{"type":"Feature","properties":{"layer_id":"public_facilities","name":"小山田振興センター","category":"public","address":"花巻市東和町北川目2区289","source":"国土交通省 国土数値情報","municipality_code":"03205","municipality_pref":"岩手県","municipality_name":"花巻市","municipality_code_method":"source_exact_coord"},"geometry":{"type":"Point","coordinates":[141.2296524643606,39.41682032748763]}},{"type":"Feature","properties":{"layer_id":"public_facilities","name":"大迫保健福祉センター","category":"public","address":"花巻市大迫町大迫第13地割23-1","source":"国土交通省 国土数値情報","municipality_code":"03205","municipality_pref":"岩手県","municipality_name":"花巻市","municipality_code_method":"source_exact_coord"},"geometry":{"type":"Point","coordinates":[141.27909271592677,39.47133747809475]}},{"type":"Feature","properties":{"layer_id":"public_facilities","name":"下坂井振興会館","category":"public","address":"花巻市太田第59地割46-5","source":"国土交通省 国土数値情報","municipality_code":"03205","municipality_pref":"岩手県","municipality_name":"花巻市","municipality_code_method":"source_exact_coord"},"geometry":{"type":"Point","coordinates":[141.07918834861024,39.37220111082656]}},{"type":"Feature","properties":{"layer_id":"public_facilities","name":"外川目地区社会体育館","category":"public","address":"花巻市大迫町外川目第27地割107-5","source":"国土交通省 国土数値情報","municipality_code":"03205","municipality_pref":"岩手県","municipality_name":"花巻市","municipality_code_method":"source_exact_coord"},"geometry":{"type":"Point","coordinates":[141.31021661223105,39.44355814368223]}},{"type":"Feature","properties":{"layer_id":"public_facilities","name":"古川地区集落センター","category":"public","address":"花巻市大迫町内川目第33地割9","source":"国土交通省 国土数値情報","municipality_code":"03205","municipality_pref":"岩手県","municipality_name":"花巻市","municipality_code_method":"source_exact_coord"},"geometry":{"type":"Point","coordinates":[141.3551491082,39.50604017716238]}},{"type":"Feature","properties":{"layer_id":"public_facilities","name":"北湯口コミュニティセンター","category":"public","address":"花巻市北湯口第3地割681-12","source":"国土交通省 国土数値情報","municipality_code":"03205","municipality_pref":"岩手県","municipality_name":"花巻市","municipality_code_method":"source_exact_coord"},"geometry":{"type":"Point","coordinates":[141.09635699550142,39.457184154937984]}},{"type":"Feature","properties":{"layer_id":"public_facilities","name":"湯口振興センター","category":"public","address":"花巻市円万寺字堰田53-1","source":"国土交通省 国土数値情報","municipality_code":"03205","municipality_pref":"岩手県","municipality_name":"花巻市","municipality_code_method":"source_exact_coord"},"geometry":{"type":"Point","coordinates":[141.04792452476127,39.393154449535196]}},{"type":"Feature","properties":{"layer_id":"public_facilities","name":"湯本振興センター","category":"public","address":"花巻市湯本4-31-8","source":"国土交通省 国土数値情報","municipality_code":"03205","municipality_pref":"岩手県","municipality_name":"花巻市","municipality_code_method":"source_exact_coord"},"geometry":{"type":"Point","coordinates":[141.08705111764874,39.445036169763725]}},{"type":"Feature","properties":{"layer_id":"public_facilities","name":"田力上公民館","category":"public","address":"花巻市葛第7地割80-3","source":"国土交通省 国土数値情報","municipality_code":"03205","municipality_pref":"岩手県","municipality_name":"花巻市","municipality_code_method":"source_exact_coord"},"geometry":{"type":"Point","coordinates":[141.1477514132265,39.42359338665953]}},{"type":"Feature","properties":{"layer_id":"public_facilities","name":"下駒板公民館","category":"public","address":"花巻市幸田第4地割22-3","source":"国土交通省 国土数値情報","municipality_code":"03205","municipality_pref":"岩手県","municipality_name":"花巻市","municipality_code_method":"source_exact_coord"},"geometry":{"type":"Point","coordinates":[141.19525955204634,39.39623030100958]}},{"type":"Feature","properties":{"layer_id":"public_facilities","name":"上湯本台一公民館","category":"public","address":"花巻市台第5地割27-1","source":"国土交通省 国土数値情報","municipality_code":"03205","municipality_pref":"岩手県","municipality_name":"花巻市","municipality_code_method":"source_exact_coord"},"geometry":{"type":"Point","coordinates":[141.07502992459365,39.44656732103528]}},{"type":"Feature","properties":{"layer_id":"public_facilities","name":"谷内第一行政区集落センター","category":"public","address":"花巻市東和町舘迫1区100","source":"国土交通省 国土数値情報","municipality_code":"03205","municipality_pref":"岩手県","municipality_name":"花巻市","municipality_code_method":"source_exact_coord"},"geometry":{"type":"Point","coordinates":[141.24873188874267,39.366904040064135]}},{"type":"Feature","properties":{"layer_id":"public_facilities","name":"花南地区社会体育館","category":"public","address":"花巻市南城198-1","source":"国土交通省 国土数値情報","municipality_code":"03205","municipality_pref":"岩手県","municipality_name":"花巻市","municipality_code_method":"source_exact_coord"},"geometry":{"type":"Point","coordinates":[141.12072805816737,39.36949969380124]}},{"type":"Feature","properties":{"layer_id":"public_facilities","name":"内川目振興センター","category":"public","address":"花巻市大迫町内川目第36地割85","source":"国土交通省 国土数値情報","municipality_code":"03205","municipality_pref":"岩手県","municipality_name":"花巻市","municipality_code_method":"source_exact_coord"},"geometry":{"type":"Point","coordinates":[141.32445318661973,39.499152336033596]}},{"type":"Feature","properties":{"layer_id":"public_facilities","name":"安俵集落センター","category":"public","address":"花巻市東和町安俵10区173","source":"国土交通省 国土数値情報","municipality_code":"03205","municipality_pref":"岩手県","municipality_name":"花巻市","municipality_code_method":"source_exact_coord"},"geometry":{"type":"Point","coordinates":[141.21895828433355,39.37689919057445]}},{"type":"Feature","properties":{"layer_id":"public_facilities","name":"成島振興センター","category":"public","address":"花巻市東和町北成島5区78-1","source":"国土交通省 国土数値情報","municipality_code":"03205","municipality_pref":"岩手県","municipality_name":"花巻市","municipality_code_method":"source_exact_coord"},"geometry":{"type":"Point","coordinates":[141.20072437088584,39.363073236279384]}},{"type":"Feature","properties":{"layer_id":"public_facilities","name":"南滝田公民館","category":"public","address":"花巻市石鳥谷町滝田第10地割16-5","source":"国土交通省 国土数値情報","municipality_code":"03205","municipality_pref":"岩手県","municipality_name":"花巻市","municipality_code_method":"source_exact_coord"},"geometry":{"type":"Point","coordinates":[141.19082908451398,39.45495367323028]}},{"type":"Feature","properties":{"layer_id":"public_facilities","name":"中央振興センター","category":"public","address":"花巻市花城町1-30","source":"国土交通省 国土数値情報","municipality_code":"03205","municipality_pref":"岩手県","municipality_name":"花巻市","municipality_code_method":"source_exact_coord"},"geometry":{"type":"Point","coordinates":[141.1159036083621,39.39044965566388]}},{"type":"Feature","properties":{"layer_id":"public_facilities","name":"新堀振興センター","category":"public","address":"花巻市石鳥谷町新堀40-27-2","source":"国土交通省 国土数値情報","municipality_code":"03205","municipality_pref":"岩手県","municipality_name":"花巻市","municipality_code_method":"source_exact_coord"},"geometry":{"type":"Point","coordinates":[141.17215815187265,39.486808990241705]}},{"type":"Feature","properties":{"layer_id":"public_facilities","name":"土沢振興センター","category":"public","address":"花巻市東和町安俵6区53","source":"国土交通省 国土数値情報","municipality_code":"03205","municipality_pref":"岩手県","municipality_name":"花巻市","municipality_code_method":"source_exact_coord"},"geometry":{"type":"Point","coordinates":[141.22614916445022,39.38578419424647]}},{"type":"Feature","properties":{"layer_id":"public_facilities","name":"石鳥谷総合支所","category":"public","address":"花巻市石鳥谷町八幡4-161","source":"国土交通省 国土数値情報","municipality_code":"03205","municipality_pref":"岩手県","municipality_name":"花巻市","municipality_code_method":"source_exact_coord"},"geometry":{"type":"Point","coordinates":[141.14701598420837,39.484222038200194]}},{"type":"Feature","properties":{"layer_id":"public_facilities","name":"上似内公民館","category":"public","address":"花巻市上似内第10地割66-3","source":"国土交通省 国土数値情報","municipality_code":"03205","municipality_pref":"岩手県","municipality_name":"花巻市","municipality_code_method":"source_exact_coord"},"geometry":{"type":"Point","coordinates":[141.14293967093175,39.409033340067204]}},{"type":"Feature","properties":{"layer_id":"public_facilities","name":"東和コミュニティセンター","category":"public","address":"花巻市東和町安俵6区53","source":"国土交通省 国土数値情報","municipality_code":"03205","municipality_pref":"岩手県","municipality_name":"花巻市","municipality_code_method":"source_exact_coord"},"geometry":{"type":"Point","coordinates":[141.2262154502316,39.38642617640416]}},{"type":"Feature","properties":{"layer_id":"public_facilities","name":"太田振興センター","category":"public","address":"花巻市太田32-163-3","source":"国土交通省 国土数値情報","municipality_code":"03205","municipality_pref":"岩手県","municipality_name":"花巻市","municipality_code_method":"source_exact_coord"},"geometry":{"type":"Point","coordinates":[141.052426927948,39.37304538901905]}},{"type":"Feature","properties":{"layer_id":"public_facilities","name":"太田目公民館","category":"public","address":"花巻市東和町上浮田4区215","source":"国土交通省 国土数値情報","municipality_code":"03205","municipality_pref":"岩手県","municipality_name":"花巻市","municipality_code_method":"source_exact_coord"},"geometry":{"type":"Point","coordinates":[141.21613347472672,39.319392099403224]}},{"type":"Feature","properties":{"layer_id":"public_facilities","name":"沢崎生活改善センター","category":"public","address":"花巻市大迫町外川目第16地割17","source":"国土交通省 国土数値情報","municipality_code":"03205","municipality_pref":"岩手県","municipality_name":"花巻市","municipality_code_method":"source_exact_coord"},"geometry":{"type":"Point","coordinates":[141.36710472076746,39.44985882533514]}},{"type":"Feature","properties":{"layer_id":"public_facilities","name":"大迫山村文化交流館","category":"public","address":"花巻市大迫町内川目第10地割23-3","source":"国土交通省 国土数値情報","municipality_code":"03205","municipality_pref":"岩手県","municipality_name":"花巻市","municipality_code_method":"source_exact_coord"},"geometry":{"type":"Point","coordinates":[141.3408203771362,39.535639382987945]}},{"type":"Feature","properties":{"layer_id":"public_facilities","name":"東晴山多目的研修集会施設","category":"public","address":"花巻市東和町東晴山10区585","source":"国土交通省 国土数値情報","municipality_code":"03205","municipality_pref":"岩手県","municipality_name":"花巻市","municipality_code_method":"source_exact_coord"},"geometry":{"type":"Point","coordinates":[141.26232009140475,39.36562997186715]}},{"type":"Feature","properties":{"layer_id":"public_facilities","name":"町井集会所","category":"public","address":"花巻市東和町町井2区358-2","source":"国土交通省 国土数値情報","municipality_code":"03205","municipality_pref":"岩手県","municipality_name":"花巻市","municipality_code_method":"source_exact_coord"},"geometry":{"type":"Point","coordinates":[141.24027663921055,39.372975098656944]}},{"type":"Feature","properties":{"layer_id":"public_facilities","name":"亀ケ森第４区自治公民館","category":"public","address":"花巻市大迫町亀ケ森第19地割103-3","source":"国土交通省 国土数値情報","municipality_code":"03205","municipality_pref":"岩手県","municipality_name":"花巻市","municipality_code_method":"source_exact_coord"},"geometry":{"type":"Point","coordinates":[141.21653180574742,39.47736480922172]}},{"type":"Feature","properties":{"layer_id":"public_facilities","name":"新堀ふれあいセンター","category":"public","address":"花巻市石鳥谷町新堀40-27-1","source":"国土交通省 国土数値情報","municipality_code":"03205","municipality_pref":"岩手県","municipality_name":"花巻市","municipality_code_method":"source_exact_coord"},"geometry":{"type":"Point","coordinates":[141.1600385990414,39.49364049664946]}},{"type":"Feature","properties":{"layer_id":"public_facilities","name":"大迫郷土文化保存伝習館","category":"public","address":"花巻市大迫町内川目第1地割2","source":"国土交通省 国土数値情報","municipality_code":"03205","municipality_pref":"岩手県","municipality_name":"花巻市","municipality_code_method":"source_exact_coord"},"geometry":{"type":"Point","coordinates":[141.4172505195839,39.53297541144805]}},{"type":"Feature","properties":{"layer_id":"public_facilities","name":"東和農業者トレーニングセンター","category":"public","address":"花巻市東和町安俵6-116","source":"国土交通省 国土数値情報","municipality_code":"03205","municipality_pref":"岩手県","municipality_name":"花巻市","municipality_code_method":"source_exact_coord"},"geometry":{"type":"Point","coordinates":[141.2226601287565,39.38551520401422]}},{"type":"Feature","properties":{"layer_id":"public_facilities","name":"花巻地区合同庁舎","category":"public","address":"花巻市花城町1-41","source":"国土交通省 国土数値情報","municipality_code":"03205","municipality_pref":"岩手県","municipality_name":"花巻市","municipality_code_method":"source_exact_coord"},"geometry":{"type":"Point","coordinates":[141.1159291164733,39.39002138692725]}},{"type":"Feature","properties":{"layer_id":"public_facilities","name":"市民の家","category":"public","address":"花巻市材木町3-17","source":"国土交通省 国土数値情報","municipality_code":"03205","municipality_pref":"岩手県","municipality_name":"花巻市","municipality_code_method":"source_exact_coord"},"geometry":{"type":"Point","coordinates":[141.10904652521944,39.38900173845982]}},{"type":"Feature","properties":{"layer_id":"public_facilities","name":"胡四王会館","category":"public","address":"花巻市矢沢第5地割208-1","source":"国土交通省 国土数値情報","municipality_code":"03205","municipality_pref":"岩手県","municipality_name":"花巻市","municipality_code_method":"source_exact_coord"},"geometry":{"type":"Point","coordinates":[141.16821293425326,39.40988134783788]}},{"type":"Feature","properties":{"layer_id":"public_facilities","name":"亀ケ森振興センター","category":"public","address":"花巻市大迫町亀ケ森第8地割24-8","source":"国土交通省 国土数値情報","municipality_code":"03205","municipality_pref":"岩手県","municipality_name":"花巻市","municipality_code_method":"source_exact_coord"},"geometry":{"type":"Point","coordinates":[141.2450991210221,39.47915068183182]}},{"type":"Feature","properties":{"layer_id":"public_facilities","name":"宮野目地区社会体育館","category":"public","address":"花巻市西宮野目6-353-6","source":"国土交通省 国土数値情報","municipality_code":"03205","municipality_pref":"岩手県","municipality_name":"花巻市","municipality_code_method":"source_exact_coord"},"geometry":{"type":"Point","coordinates":[141.12910715835977,39.4245184989056]}},{"type":"Feature","properties":{"layer_id":"public_facilities","name":"東和体育館","category":"public","address":"花巻市東和町安俵6区53","source":"国土交通省 国土数値情報","municipality_code":"03205","municipality_pref":"岩手県","municipality_name":"花巻市","municipality_code_method":"source_exact_coord"},"geometry":{"type":"Point","coordinates":[141.2261391643293,39.38578419427915]}},{"type":"Feature","properties":{"layer_id":"public_facilities","name":"笹間振興センター","category":"public","address":"花巻市北笹間13-74-1","source":"国土交通省 国土数値情報","municipality_code":"03205","municipality_pref":"岩手県","municipality_name":"花巻市","municipality_code_method":"source_exact_coord"},"geometry":{"type":"Point","coordinates":[141.05196418576548,39.35760239977712]}},{"type":"Feature","properties":{"layer_id":"public_facilities","name":"大迫体育館","category":"public","address":"花巻市大迫町大迫第3地割39","source":"国土交通省 国土数値情報","municipality_code":"03205","municipality_pref":"岩手県","municipality_name":"花巻市","municipality_code_method":"source_exact_coord"},"geometry":{"type":"Point","coordinates":[141.2898079699064,39.46583239688761]}},{"type":"Feature","properties":{"layer_id":"public_facilities","name":"平山集落センター","category":"public","address":"花巻市東和町東晴山15区220","source":"国土交通省 国土数値情報","municipality_code":"03205","municipality_pref":"岩手県","municipality_name":"花巻市","municipality_code_method":"source_exact_coord"},"geometry":{"type":"Point","coordinates":[141.29734087232393,39.390754922517445]}},{"type":"Feature","properties":{"layer_id":"public_facilities","name":"椚ノ目農業集落センター","category":"public","address":"花巻市椚ノ目第2地割248","source":"国土交通省 国土数値情報","municipality_code":"03205","municipality_pref":"岩手県","municipality_name":"花巻市","municipality_code_method":"source_exact_coord"},"geometry":{"type":"Point","coordinates":[141.08849651964866,39.425583040222904]}},{"type":"Feature","properties":{"layer_id":"public_facilities","name":"谷内振興センター","category":"public","address":"花巻市東和町舘迫5-22","source":"国土交通省 国土数値情報","municipality_code":"03205","municipality_pref":"岩手県","municipality_name":"花巻市","municipality_code_method":"source_exact_coord"},"geometry":{"type":"Point","coordinates":[141.257404149186,39.36055897535145]}},{"type":"Feature","properties":{"layer_id":"public_facilities","name":"鍋倉ふれあい交流センター","category":"public","address":"花巻市鍋倉字地神77-3","source":"国土交通省 国土数値情報","municipality_code":"03205","municipality_pref":"岩手県","municipality_name":"花巻市","municipality_code_method":"source_exact_coord"},"geometry":{"type":"Point","coordinates":[141.06644946390915,39.41131827109342]}},{"type":"Feature","properties":{"layer_id":"public_facilities","name":"花北地区社会体育館","category":"public","address":"花巻市本館64","source":"国土交通省 国土数値情報","municipality_code":"03205","municipality_pref":"岩手県","municipality_name":"花巻市","municipality_code_method":"source_exact_coord"},"geometry":{"type":"Point","coordinates":[141.11247921160063,39.409108665794626]}},{"type":"Feature","properties":{"layer_id":"public_facilities","name":"交流会館","category":"public","address":"花巻市葛3地割183-1","source":"国土交通省 国土数値情報","municipality_code":"03205","municipality_pref":"岩手県","municipality_name":"花巻市","municipality_code_method":"source_exact_coord"},"geometry":{"type":"Point","coordinates":[141.14717965131157,39.430163763136925]}},{"type":"Feature","properties":{"layer_id":"public_facilities","name":"石鳥谷図書館","category":"public","address":"花巻市石鳥谷町中寺林第7地割5-1","source":"国土交通省 国土数値情報","municipality_code":"03205","municipality_pref":"岩手県","municipality_name":"花巻市","municipality_code_method":"source_exact_coord"},"geometry":{"type":"Point","coordinates":[141.14204897691596,39.482348042482116]}},{"type":"Feature","properties":{"layer_id":"public_facilities","name":"谷内第二行政区多目的研修集会施設","category":"public","address":"花巻市東和町鷹巣堂1区411-2","source":"国土交通省 国土数値情報","municipality_code":"03205","municipality_pref":"岩手県","municipality_name":"花巻市","municipality_code_method":"source_exact_coord"},"geometry":{"type":"Point","coordinates":[141.2709335570471,39.35117387037333]}},{"type":"Feature","properties":{"layer_id":"public_facilities","name":"矢沢地区社会体育館","category":"public","address":"花巻市高松5-42-1","source":"国土交通省 国土数値情報","municipality_code":"03205","municipality_pref":"岩手県","municipality_name":"花巻市","municipality_code_method":"source_exact_coord"},"geometry":{"type":"Point","coordinates":[141.15679222582446,39.389348366452865]}},{"type":"Feature","properties":{"layer_id":"public_facilities","name":"横志田公民館","category":"public","address":"花巻市横志田6地割266-3","source":"国土交通省 国土数値情報","municipality_code":"03205","municipality_pref":"岩手県","municipality_name":"花巻市","municipality_code_method":"source_exact_coord"},"geometry":{"type":"Point","coordinates":[140.98974656358982,39.35414894086879]}},{"type":"Feature","properties":{"layer_id":"public_facilities","name":"二枚橋体育館","category":"public","address":"花巻市石鳥谷町南寺林5-143-7","source":"国土交通省 国土数値情報","municipality_code":"03205","municipality_pref":"岩手県","municipality_name":"花巻市","municipality_code_method":"source_exact_coord"},"geometry":{"type":"Point","coordinates":[141.1335827507969,39.444479680020066]}},{"type":"Feature","properties":{"layer_id":"public_facilities","name":"矢沢振興センター","category":"public","address":"花巻市高木19-24-14","source":"国土交通省 国土数値情報","municipality_code":"03205","municipality_pref":"岩手県","municipality_name":"花巻市","municipality_code_method":"source_exact_coord"},"geometry":{"type":"Point","coordinates":[141.14165910457115,39.3847884525835]}},{"type":"Feature","properties":{"layer_id":"public_facilities","name":"外川目振興センター","category":"public","address":"花巻市大迫町外川目第27地割107-5","source":"国土交通省 国土数値情報","municipality_code":"03205","municipality_pref":"岩手県","municipality_name":"花巻市","municipality_code_method":"source_exact_coord"},"geometry":{"type":"Point","coordinates":[141.31022661228852,39.443558143623946]}},{"type":"Feature","properties":{"layer_id":"public_facilities","name":"農村コミュニティセンター","category":"public","address":"花巻市横志田1地割171-1","source":"国土交通省 国土数値情報","municipality_code":"03205","municipality_pref":"岩手県","municipality_name":"花巻市","municipality_code_method":"source_exact_coord"},"geometry":{"type":"Point","coordinates":[141.00478917856222,39.3674112984287]}},{"type":"Feature","properties":{"layer_id":"public_facilities","name":"大迫交流活性化センター","category":"public","address":"花巻市大迫町大迫3地割161","source":"国土交通省 国土数値情報","municipality_code":"03205","municipality_pref":"岩手県","municipality_name":"花巻市","municipality_code_method":"source_exact_coord"},"geometry":{"type":"Point","coordinates":[141.28427550869384,39.46651015020049]}},{"type":"Feature","properties":{"layer_id":"public_facilities","name":"定住交流センター","category":"public","address":"花巻市大通り1-2-21","source":"国土交通省 国土数値情報","municipality_code":"03205","municipality_pref":"岩手県","municipality_name":"花巻市","municipality_code_method":"source_exact_coord"},"geometry":{"type":"Point","coordinates":[141.11151851339463,39.39186570046681]}},{"type":"Feature","properties":{"layer_id":"public_facilities","name":"町民体育館","category":"public","address":"花巻市大迫町大迫第3地割39","source":"国土交通省 国土数値情報","municipality_code":"03205","municipality_pref":"岩手県","municipality_name":"花巻市","municipality_code_method":"source_exact_coord"},"geometry":{"type":"Point","coordinates":[141.2897979698729,39.4658323969514]}},{"type":"Feature","properties":{"layer_id":"public_facilities","name":"湯本地区社会体育館","category":"public","address":"花巻市湯本3-79","source":"国土交通省 国土数値情報","municipality_code":"03205","municipality_pref":"岩手県","municipality_name":"花巻市","municipality_code_method":"source_exact_coord"},"geometry":{"type":"Point","coordinates":[141.08538309860728,39.44485318827989]}},{"type":"Feature","properties":{"layer_id":"public_facilities","name":"中笹間公民館","category":"public","address":"花巻市中笹間6地割103","source":"国土交通省 国土数値情報","municipality_code":"03205","municipality_pref":"岩手県","municipality_name":"花巻市","municipality_code_method":"source_exact_coord"},"geometry":{"type":"Point","coordinates":[141.0467264182423,39.34409447206994]}},{"type":"Feature","properties":{"layer_id":"public_facilities","name":"太田地区社会体育館","category":"public","address":"花巻市太田31-292-2","source":"国土交通省 国土数値情報","municipality_code":"03205","municipality_pref":"岩手県","municipality_name":"花巻市","municipality_code_method":"source_exact_coord"},"geometry":{"type":"Point","coordinates":[141.05150987564355,39.37537839846189]}},{"type":"Feature","properties":{"layer_id":"public_facilities","name":"八幡振興センター","category":"public","address":"花巻市石鳥谷町八幡23-147","source":"国土交通省 国土数値情報","municipality_code":"03205","municipality_pref":"岩手県","municipality_name":"花巻市","municipality_code_method":"source_exact_coord"},"geometry":{"type":"Point","coordinates":[141.14438033186914,39.467598883575626]}},{"type":"Feature","properties":{"layer_id":"public_facilities","name":"白土集落センター","category":"public","address":"花巻市東和町田瀬21区123","source":"国土交通省 国土数値情報","municipality_code":"03205","municipality_pref":"岩手県","municipality_name":"花巻市","municipality_code_method":"source_exact_coord"},"geometry":{"type":"Point","coordinates":[141.32319295751077,39.290532276508316]}},{"type":"Feature","properties":{"layer_id":"public_facilities","name":"上太田・山関振興会館","category":"public","address":"花巻市太田第3地割219","source":"国土交通省 国土数値情報","municipality_code":"03205","municipality_pref":"岩手県","municipality_name":"花巻市","municipality_code_method":"source_exact_coord"},"geometry":{"type":"Point","coordinates":[141.00886618189048,39.385839829436094]}},{"type":"Feature","properties":{"layer_id":"public_facilities","name":"宮野目振興センター","category":"public","address":"花巻市西宮野目6-172","source":"国土交通省 国土数値情報","municipality_code":"03205","municipality_pref":"岩手県","municipality_name":"花巻市","municipality_code_method":"source_exact_coord"},"geometry":{"type":"Point","coordinates":[141.12878411711847,39.426114517907735]}},{"type":"Feature","properties":{"layer_id":"public_facilities","name":"島コミュニティセンター","category":"public","address":"花巻市東十2-第14地割38-2","source":"国土交通省 国土数値情報","municipality_code":"03205","municipality_pref":"岩手県","municipality_name":"花巻市","municipality_code_method":"source_exact_coord"},"geometry":{"type":"Point","coordinates":[141.14410149504843,39.36554652613206]}},{"type":"Feature","properties":{"layer_id":"public_facilities","name":"生涯学園都市会館","category":"public","address":"花巻市花城町1-1-47","source":"国土交通省 国土数値情報","municipality_code":"03205","municipality_pref":"岩手県","municipality_name":"花巻市","municipality_code_method":"source_exact_coord"},"geometry":{"type":"Point","coordinates":[141.11592500552908,39.391181362789915]}},{"type":"Feature","properties":{"layer_id":"public_facilities","name":"石鳥谷体育館","category":"public","address":"花巻市石鳥谷町中寺林第7地割1-1","source":"国土交通省 国土数値情報","municipality_code":"03205","municipality_pref":"岩手県","municipality_name":"花巻市","municipality_code_method":"source_exact_coord"},"geometry":{"type":"Point","coordinates":[141.1429660118821,39.481175026870595]}},{"type":"Feature","properties":{"layer_id":"public_facilities","name":"東和総合支所","category":"public","address":"花巻市東和町土沢8-60","source":"国土交通省 国土数値情報","municipality_code":"03205","municipality_pref":"岩手県","municipality_name":"花巻市","municipality_code_method":"source_exact_coord"},"geometry":{"type":"Point","coordinates":[141.2281101629472,39.386857191861225]}},{"type":"Feature","properties":{"layer_id":"public_facilities","name":"湯口地区社会体育館","category":"public","address":"花巻市円万寺字堰田52","source":"国土交通省 国土数値情報","municipality_code":"03205","municipality_pref":"岩手県","municipality_name":"花巻市","municipality_code_method":"source_exact_coord"},"geometry":{"type":"Point","coordinates":[141.04721551629908,39.39311545709671]}},{"type":"Feature","properties":{"layer_id":"public_facilities","name":"好地振興センター","category":"public","address":"花巻市石鳥谷町好地8-78-3","source":"国土交通省 国土数値情報","municipality_code":"03205","municipality_pref":"岩手県","municipality_name":"花巻市","municipality_code_method":"source_exact_coord"},"geometry":{"type":"Point","coordinates":[141.14994277127462,39.49536812421278]}},{"type":"Feature","properties":{"layer_id":"public_facilities","name":"田瀬湖交流センター","category":"public","address":"花巻市東和町田瀬10区155","source":"国土交通省 国土数値情報","municipality_code":"03205","municipality_pref":"岩手県","municipality_name":"花巻市","municipality_code_method":"source_exact_coord"},"geometry":{"type":"Point","coordinates":[141.30119964352912,39.32590159273486]}},{"type":"Feature","properties":{"layer_id":"public_facilities","name":"八重畑振興センター","category":"public","address":"花巻市石鳥谷町猪鼻第7地割30-1","source":"国土交通省 国土数値情報","municipality_code":"03205","municipality_pref":"岩手県","municipality_name":"花巻市","municipality_code_method":"source_exact_coord"},"geometry":{"type":"Point","coordinates":[141.17318705420922,39.44920062924219]}},{"type":"Feature","properties":{"layer_id":"public_facilities","name":"大迫振興センター","category":"public","address":"花巻市大迫町大迫第3地割161","source":"国土交通省 国土数値情報","municipality_code":"03205","municipality_pref":"岩手県","municipality_name":"花巻市","municipality_code_method":"source_exact_coord"},"geometry":{"type":"Point","coordinates":[141.28539492184262,39.46652142529189]}},{"type":"Feature","properties":{"layer_id":"public_facilities","name":"東和高齢者コミュニティセンター","category":"public","address":"花巻市東和町北川目2-289","source":"国土交通省 国土数値情報","municipality_code":"03205","municipality_pref":"岩手県","municipality_name":"花巻市","municipality_code_method":"source_exact_coord"},"geometry":{"type":"Point","coordinates":[141.2296522643668,39.416819977486185]}},{"type":"Feature","properties":{"layer_id":"public_facilities","name":"亀ケ森第７区自治公民館","category":"public","address":"花巻市大迫町亀ケ森第38地割83","source":"国土交通省 国土数値情報","municipality_code":"03205","municipality_pref":"岩手県","municipality_name":"花巻市","municipality_code_method":"source_exact_coord"},"geometry":{"type":"Point","coordinates":[141.2596474925103,39.471278566830215]}},{"type":"Feature","properties":{"layer_id":"public_facilities","name":"総合体育館","category":"public","address":"花巻市松園町50","source":"国土交通省 国土数値情報","municipality_code":"03205","municipality_pref":"岩手県","municipality_name":"花巻市","municipality_code_method":"source_exact_coord"},"geometry":{"type":"Point","coordinates":[141.09671001157147,39.40635487805031]}},{"type":"Feature","properties":{"layer_id":"public_facilities","name":"武徳殿","category":"public","address":"花巻市城内11-45","source":"国土交通省 国土数値情報","municipality_code":"03205","municipality_pref":"岩手県","municipality_name":"花巻市","municipality_code_method":"source_exact_coord"},"geometry":{"type":"Point","coordinates":[141.1205206785623,39.39059660422468]}},{"type":"Feature","properties":{"layer_id":"public_facilities","name":"新農村地域定住交流会館むらの家","category":"public","address":"花巻市太田第31地割292-2","source":"国土交通省 国土数値情報","municipality_code":"03205","municipality_pref":"岩手県","municipality_name":"花巻市","municipality_code_method":"source_exact_coord"},"geometry":{"type":"Point","coordinates":[141.0519321832182,39.375286124020754]}},{"type":"Feature","properties":{"layer_id":"public_facilities","name":"花巻中央振興センター","category":"public","address":"花巻市花城町1-30","source":"国土交通省 国土数値情報","municipality_code":"03205","municipality_pref":"岩手県","municipality_name":"花巻市","municipality_code_method":"source_exact_coord"},"geometry":{"type":"Point","coordinates":[141.11592360867763,39.39044965544358]}},{"type":"Feature","properties":{"layer_id":"public_facilities","name":"外川目地区基幹集落センター","category":"public","address":"花巻市大迫町外川目第23地割54-1","source":"国土交通省 国土数値情報","municipality_code":"03205","municipality_pref":"岩手県","municipality_name":"花巻市","municipality_code_method":"source_exact_coord"},"geometry":{"type":"Point","coordinates":[141.31029615848664,39.44356598196348]}},{"type":"Feature","properties":{"layer_id":"public_facilities","name":"小倉集落農事集会所","category":"public","address":"花巻市東和町田瀬5区211-1","source":"国土交通省 国土数値情報","municipality_code":"03205","municipality_pref":"岩手県","municipality_name":"花巻市","municipality_code_method":"source_exact_coord"},"geometry":{"type":"Point","coordinates":[141.30172743834345,39.33387762926332]}},{"type":"Feature","properties":{"layer_id":"public_facilities","name":"桜町一丁目公民館","category":"public","address":"花巻市桜町1-436","source":"国土交通省 国土数値情報","municipality_code":"03205","municipality_pref":"岩手県","municipality_name":"花巻市","municipality_code_method":"source_exact_coord"},"geometry":{"type":"Point","coordinates":[141.11674186595818,39.376751699645475]}},{"type":"Feature","properties":{"layer_id":"public_facilities","name":"八日市振興センター","category":"public","address":"花巻市石鳥谷町大興寺8-157-4","source":"国土交通省 国土数値情報","municipality_code":"03205","municipality_pref":"岩手県","municipality_name":"花巻市","municipality_code_method":"source_exact_coord"},"geometry":{"type":"Point","coordinates":[141.1185528274301,39.47779713942737]}},{"type":"Feature","properties":{"layer_id":"public_facilities","name":"市民体育館","category":"public","address":"花巻市城内1-43","source":"国土交通省 国土数値情報","municipality_code":"03205","municipality_pref":"岩手県","municipality_name":"花巻市","municipality_code_method":"source_exact_coord"},"geometry":{"type":"Point","coordinates":[141.11866268699305,39.38849963273185]}},{"type":"Feature","properties":{"layer_id":"public_facilities","name":"文化会館","category":"public","address":"花巻市若葉町3-16-22","source":"国土交通省 国土数値情報","municipality_code":"03205","municipality_pref":"岩手県","municipality_name":"花巻市","municipality_code_method":"source_exact_coord"},"geometry":{"type":"Point","coordinates":[141.1014364691535,39.38526083567271]}},{"type":"Feature","properties":{"layer_id":"public_facilities","name":"内川目第１区自治公民館","category":"public","address":"花巻市大迫町内川目第47地割75","source":"国土交通省 国土数値情報","municipality_code":"03205","municipality_pref":"岩手県","municipality_name":"花巻市","municipality_code_method":"source_exact_coord"},"geometry":{"type":"Point","coordinates":[141.30277676846237,39.4749293625023]}},{"type":"Feature","properties":{"layer_id":"public_facilities","name":"花巻市役所","category":"public","address":"花巻市花城町9-30","source":"国土交通省 国土数値情報","municipality_code":"03205","municipality_pref":"岩手県","municipality_name":"花巻市","municipality_code_method":"source_exact_coord"},"geometry":{"type":"Point","coordinates":[141.11690965743975,39.388604921379425]}},{"type":"Feature","properties":{"layer_id":"scenic_nature_areas","name":"花巻市","category":"nature","source":"国土交通省 国土数値情報","municipality_code":"03205","municipality_pref":"岩手県","municipality_name":"花巻市","municipality_code_method":"nearest_centroid"},"geometry":{"type":"Polygon","coordinates":[[[140.94113000000002,39.49525000000001],[140.94165300000003,39.495202000000035],[140.94246899999996,39.49533199999996],[140.94322599999998,39.495281999999996],[140.943688,39.494917999999984],[140.94397299999997,39.494330000000005],[140.94390500000003,39.49333899999999],[140.94320400000004,39.493162999999996],[140.943487,39.49234999999996],[140.94411799999997,39.49139899999997],[140.94486900000004,39.490854],[140.945856,39.49057699999999],[140.946729,39.49061600000002],[140.94783600000002,39.490698999999964],[140.94894400000004,39.49091699999997],[140.94993599999998,39.49118099999996],[140.95069499999997,39.491447000000036],[140.95134300000004,39.49216400000003],[140.95199000000002,39.492881000000025],[140.95263599999998,39.493417999999956],[140.95328299999997,39.494044999999964],[140.95375200000007,39.494402000000015],[140.95410199999998,39.49449000000001],[140.954567,39.494396999999964],[140.95503000000002,39.494168000000016],[140.95636599999997,39.49393400000002],[140.95712,39.493659],[140.95746600000004,39.49334099999998],[140.95752099999999,39.49302500000003],[140.95699199999999,39.49253300000001],[140.956347,39.49204099999997],[140.955703,39.49164000000002],[140.95546700000003,39.49137099999996],[140.95610700000003,39.49136599999999],[140.95674699999998,39.49131700000002],[140.957328,39.49122299999998],[140.95796600000003,39.49094900000004],[140.95877899999996,39.490853],[140.95959599999998,39.491028],[140.96058799999997,39.491247],[140.961228,39.491288000000026],[140.96169300000003,39.49119499999996],[140.96232899999998,39.490784999999974],[140.96278800000002,39.490196],[140.96330799999998,39.489786],[140.963889,39.48964699999996],[140.96470300000001,39.489552],[140.96522500000003,39.489412999999956],[140.966325,39.488865000000004],[140.967423,39.488091],[140.96817199999998,39.48736499999997],[140.96851400000003,39.486732],[140.96850799999999,39.48610100000002],[140.96826800000002,39.48542600000003],[140.96814499999996,39.484796000000046],[140.96842900000001,39.484072999999995],[140.968829,39.48343900000003],[140.96928800000003,39.48280499999997],[140.970099,39.48243899999998],[140.97166799999997,39.48220299999999],[140.972832,39.48219500000004],[140.97417100000004,39.48227599999999],[140.97521999999998,39.48245],[140.97615299999998,39.48262400000001],[140.976969,39.48266300000004],[140.97772400000002,39.48256799999999],[140.97841799999998,39.482158],[140.97882,39.48161400000002],[140.97910499999998,39.48102600000004],[140.97915500000002,39.48030399999999],[140.97920599999998,39.47958300000002],[140.97931700000004,39.479086000000024],[140.97948799999995,39.47872499999999],[140.98006999999998,39.478811],[140.98059699999996,39.47912299999997],[140.98135200000002,39.47898200000003],[140.98256999999998,39.478522999999974],[140.98343900000003,39.47815699999998],[140.98453899999998,39.477699000000015],[140.98511700000003,39.47728900000001],[140.98546199999998,39.476881000000006],[140.98570899999999,39.47628999999996],[140.98574500000004,39.47620300000004],[140.98595000000003,39.475853000000036],[140.986088,39.47561399999998],[140.98654599999998,39.47484500000003],[140.986891,39.47448200000002],[140.98793099999997,39.473754],[140.98856299999997,39.47307299999997],[140.988963,39.47239400000001],[140.98918799999998,39.47162599999997],[140.98940799999997,39.470408],[140.98951199999996,39.46932500000001],[140.98973700000002,39.468511999999976],[140.99065800000002,39.46760399999999],[140.99129,39.466924000000034],[140.99215599999997,39.466286999999994],[140.99314200000003,39.46601],[140.99401,39.46550800000003],[140.99481800000007,39.464960999999974],[140.99551300000002,39.46459599999997],[140.99597499999996,39.464277000000045],[140.99660400000005,39.46396899999996],[140.99676600000004,39.46387899999998],[140.99813900000004,39.46311799999998],[140.99940599999996,39.46258999999999],[141.00069300000004,39.46219300000001],[141.00192100000004,39.46188600000001],[141.00267999999997,39.461756],[141.00361099999998,39.46185300000003],[141.00529900000004,39.46200100000002],[141.006518,39.462281000000004],[141.00715600000004,39.46255700000002],[141.00761599999998,39.46296700000001],[141.00807599999996,39.463466999999994],[141.00870700000002,39.464240000000004],[141.00928,39.46492200000003],[141.00997700000002,39.46510799999997],[141.01050100000003,39.46511200000003],[141.01114300000006,39.465071000000016],[141.01178499999997,39.46498500000001],[141.01354000000003,39.46441100000003],[141.01459299999996,39.46414700000004],[141.01529400000004,39.46397100000004],[141.01634599999994,39.46370800000004],[141.01704599999997,39.46366800000001],[141.01756899999998,39.463806999999974],[141.01849900000002,39.463949],[141.01908000000003,39.464044000000044],[141.01954799999996,39.463957000000036],[141.02158999999997,39.4637],[141.02235099999996,39.46343500000001],[141.02270400000003,39.46316599999996],[141.02305900000002,39.46276200000001],[141.02358999999998,39.46226899999999],[141.02424000000002,39.461596],[141.025063,39.46101399999998],[141.02588699999995,39.46038699999997],[141.02676900000003,39.45976099999996],[141.0273,39.45922300000003],[141.02806699999996,39.458505000000045],[141.028773,39.45792300000002],[141.02942099999999,39.45743],[141.02977599999997,39.456980999999985],[141.03001300000003,39.45666600000003],[141.03031299999998,39.45603600000004],[141.03078600000003,39.45545200000004],[141.031023,39.45518299999998],[141.031608,39.454961],[141.03225000000003,39.45487499999999],[141.03265600000003,39.45501300000004],[141.03335199999998,39.455243999999965],[141.034106,39.45552099999997],[141.03474299999996,39.45584099999998],[141.035088,39.45620499999998],[141.03548900000004,39.45670499999997],[141.03583100000003,39.45729500000002],[141.03605799999997,39.457748000000024],[141.036404,39.45806700000004],[141.03663500000002,39.45820400000001],[141.03698099999997,39.45847800000003],[141.037152,39.45879499999997],[141.03691400000002,39.459154999999996],[141.03673400000002,39.45960600000001],[141.036493,39.460192000000006],[141.03625099999996,39.46091299999998],[141.03618200000003,39.461726000000006],[141.036115,39.462447999999966],[141.03680800000004,39.462905000000035],[141.037384,39.463406000000006],[141.03813299999996,39.464044000000044],[141.03876600000004,39.464680999999985],[141.03905299999997,39.464999000000006],[141.039396,39.46554399999998],[141.03962299999998,39.46604199999997],[141.03990500000003,39.46676700000002],[141.040073,39.467265999999995],[141.04018199999996,39.467898999999974],[141.040466,39.468443000000036],[141.04069700000002,39.468626],[141.04110500000002,39.46858299999999],[141.04133900000002,39.46849399999999],[141.04157400000003,39.468406],[141.04221900000002,39.46809400000003],[141.042686,39.46800700000003],[141.04332700000003,39.468011000000004],[141.04385199999996,39.46796999999998],[141.04420300000004,39.46783699999999],[141.04455500000003,39.467658000000014],[141.04496600000002,39.46743500000004],[141.04549699999998,39.46689700000002],[141.046374,39.466677000000026],[141.046608,39.46658800000003],[141.046959,39.46645500000004],[141.04725400000007,39.46614099999999],[141.04772199999996,39.466054],[141.048476,39.46628500000001],[141.048707,39.466466999999966],[141.04905299999996,39.466785999999985],[141.04991499999994,39.46769599999996],[141.050431,39.468377],[141.051063,39.46905900000003],[141.05147,39.469151999999994],[141.051936,39.46915599999997],[141.05240300000003,39.469065999999984],[141.052932,39.46871100000001],[141.05340399999997,39.46826199999998],[141.05393199999997,39.46794900000002],[141.05509000000004,39.46854500000004],[141.05561099999997,39.468864999999965],[141.05618800000002,39.469275000000046],[141.05659199999997,39.469639999999956],[141.056996,39.46991299999999],[141.05774599999998,39.470551000000015],[141.05809000000002,39.47096000000002],[141.05837600000004,39.471369000000024],[141.058659,39.47209399999997],[141.05888399999998,39.47268300000003],[141.05911000000003,39.47327100000001],[141.059395,39.473815999999985],[141.05973700000004,39.474404999999955],[141.060022,39.47490400000003],[141.06048000000004,39.47558499999998],[141.06122700000003,39.47644899999997],[141.061688,39.47681399999997],[141.06315199999997,39.476281000000014],[141.06385499999996,39.47597000000003],[141.06455699999998,39.475748999999965],[141.06549199999998,39.475528999999966],[141.06642699999998,39.47530899999997],[141.06666200000006,39.47512999999999],[141.06730900000002,39.47468300000004],[141.068076,39.47391999999997],[141.06890100000004,39.473156999999986],[141.06966200000002,39.472891000000004],[141.07036199999993,39.472850999999984],[141.07111900000007,39.47285600000004],[141.07181899999998,39.47286100000001],[141.07234499999998,39.472729000000015],[141.07275499999997,39.47255100000004],[141.07316700000004,39.472236999999986],[141.073406,39.47169699999998],[141.07352899999998,39.47119999999998],[141.073713,39.47047900000001],[141.074238,39.470392000000004],[141.07523100000003,39.470218],[141.07645600000004,39.47008999999998],[141.07733200000004,39.46991599999997],[141.07832800000003,39.469470000000015],[141.07961500000002,39.46907200000004],[141.08037400000003,39.46898700000002],[141.08107300000003,39.468991999999986],[141.08159599999996,39.46908600000004],[141.082177,39.469224999999994],[141.082352,39.46922599999999],[141.08270599999997,39.468822000000046],[141.08294199999997,39.46859699999999],[141.08352800000006,39.46837500000001],[141.08452099999997,39.46815600000001],[141.08622799999998,39.46798299999999],[141.08617600000002,39.467350000000025],[141.08613300000002,39.46724900000001],[141.08611900000002,39.46723899999999],[141.085158,39.46675699999999],[141.08449400000003,39.46639499999996],[141.084003,39.466127],[141.08361700000003,39.46568200000003],[141.08332500000003,39.464343],[141.08283899999998,39.46266899999996],[141.08272600000004,39.46188200000003],[141.08264200000002,39.46129299999997],[141.08177700000002,39.46099699999999],[141.080817,39.46103600000002],[141.08000099999998,39.461150000000046],[141.079471,39.46063000000001],[141.07961300000002,39.459959999999995],[141.08028300000004,39.459549],[141.080233,39.458805],[141.080071,39.457781999999995],[141.079923,39.45684300000002],[141.07984,39.45631300000004],[141.07978700000004,39.454935999999975],[141.08005300000002,39.454155000000014],[141.08016699999996,39.45381900000001],[141.081794,39.452588000000034],[141.081169,39.45225400000002],[141.079969,39.452257],[141.07891400000003,39.45240799999997],[141.07795499999997,39.45270700000002],[141.07793500000002,39.452708000000015],[141.07699500000004,39.452747000000045],[141.07652799999994,39.452562000000015],[141.076348,39.452577000000005],[141.07605,39.452602000000034],[141.075409,39.45269400000001],[141.075118,39.45278599999998],[141.074768,39.45274099999999],[141.074593,39.452696999999986],[141.074476,39.45242600000004],[141.07424,39.45179399999997],[141.074007,39.45170399999999],[141.073424,39.451750999999966],[141.07319099999998,39.45170699999997],[141.073132,39.451571],[141.073013,39.450757999999965],[141.07289300000002,39.44976399999996],[141.07289300000002,39.44949300000001],[141.07277500000004,39.44931300000004],[141.07233199999996,39.449071999999994],[141.071783,39.44877300000003],[141.07201400000002,39.448139999999974],[141.07253600000007,39.44741600000002],[141.07167199999998,39.44696899999998],[141.07120900000004,39.44669499999996],[141.07068900000002,39.44632999999996],[141.06993600000004,39.44600799999996],[141.06935500000003,39.445914],[141.06871300000003,39.445955000000026],[141.068014,39.44599500000004],[141.06731499999998,39.44598999999998],[141.06673399999997,39.44589600000002],[141.06586200000004,39.44575499999999],[141.065224,39.44552399999998],[141.06488200000004,39.445457000000026],[141.06473399999996,39.445228],[141.063599,39.44492],[141.063306,39.444980999999984],[141.06255800000002,39.44488299999996],[141.06245800000002,39.44506999999998],[141.06220299999998,39.44554700000001],[141.06217699999996,39.44572300000001],[141.06171799999998,39.44635899999996],[141.06176700000003,39.44712799999999],[141.061703,39.447579000000005],[141.06152400000002,39.44789399999996],[141.06111400000003,39.448117000000025],[141.06058800000002,39.44824900000002],[141.060006,39.448199999999964],[141.059482,39.448150999999996],[141.05907499999998,39.44810300000002],[141.05837900000003,39.447872000000004],[141.057858,39.447597999999985],[141.057726,39.44745800000004],[141.057686,39.44741600000002],[141.05739900000003,39.44705200000001],[141.05711399999998,39.44655300000002],[141.05677000000003,39.44614400000003],[141.05642300000002,39.44591599999999],[141.05584299999998,39.44573099999997],[141.05491299999994,39.44554400000003],[141.05421700000002,39.44531400000001],[141.05346399999996,39.44494700000001],[141.05304500000003,39.44589300000004],[141.05286499999997,39.44629799999998],[141.052624,39.44688399999997],[141.05232799999993,39.447333999999984],[141.05167899999998,39.447917],[141.05097100000003,39.44867999999998],[141.05067399999996,39.449085000000004],[141.050437,39.44944400000004],[141.050082,39.44984899999998],[141.04961100000003,39.45025200000002],[141.04902500000003,39.450519],[141.04850000000002,39.45060599999999],[141.04780000000002,39.45064600000002],[141.0471,39.45077700000002],[141.04634000000001,39.45095200000003],[141.045813,39.451175000000006],[141.04505100000003,39.451530999999974],[141.04440800000003,39.45170699999997],[141.043767,39.45174799999998],[141.04349399999998,39.451746],[141.043359,39.451745],[141.042252,39.451736999999966],[141.04178499999998,39.45186899999996],[141.041316,39.452047000000036],[141.04026299999998,39.45244600000001],[141.03943799999996,39.453118],[141.03896700000007,39.453567000000035],[141.038727,39.45406200000004],[141.03872100000004,39.454559000000046],[141.038772,39.455102000000025],[141.03876700000004,39.45550799999996],[141.03864799999997,39.45573300000001],[141.03817900000004,39.455911],[141.037852,39.455981000000016],[141.03776999999997,39.455998],[141.03736400000003,39.45590500000003],[141.03707400000002,39.45581299999997],[141.03678599999998,39.455494000000044],[141.036156,39.45467700000003],[141.03563800000003,39.45422099999996],[141.035231,39.454083000000004],[141.03447599999998,39.45394199999997],[141.03395299999997,39.453802000000024],[141.03349100000003,39.453528000000006],[141.03326399999997,39.45303000000001],[141.03282000000002,39.45241300000003],[141.03280600000002,39.45239399999997],[141.03157500000003,39.453017],[141.03092899999996,39.45342000000004],[141.030048,39.45400099999997],[141.02910700000004,39.454671999999974],[141.02810499999998,39.45552299999996],[141.02704399999996,39.456509999999994],[141.02545600000002,39.457673000000035],[141.02457299999998,39.45834500000004],[141.023924,39.45897300000004],[141.02356800000004,39.45951199999996],[141.02321199999997,39.460006999999976],[141.02291699999998,39.46027600000002],[141.022387,39.46067899999997],[141.02179899999993,39.46108100000002],[141.02138800000006,39.461304],[141.02080299999994,39.46152599999998],[141.02016000000003,39.461701999999974],[141.01945799999996,39.46187799999997],[141.01864000000006,39.46205299999997],[141.01799900000003,39.462092999999996],[141.01741700000002,39.46204400000003],[141.01666,39.46203799999998],[141.015726,39.462166999999994],[141.014616,39.462385],[141.01408899999998,39.46256199999999],[141.013679,39.46273999999997],[141.012919,39.46295999999997],[141.012158,39.46318099999996],[141.011341,39.46326499999998],[141.010934,39.463217],[141.01046999999997,39.46307799999996],[141.01006400000003,39.46289400000001],[141.009661,39.462575],[141.00931600000004,39.46221099999999],[141.008917,39.46157600000003],[141.00834100000003,39.46102899999998],[141.00788099999997,39.460573999999994],[141.007245,39.460207999999994],[141.00649199999998,39.459886],[141.00567799999996,39.45974499999997],[141.00498000000002,39.45964900000001],[141.004106,39.45968799999996],[141.00340599999998,39.45977299999997],[141.00252999999998,39.459901999999985],[141.001712,39.46007699999999],[141.00201200000004,39.459447],[141.002248,39.459176999999954],[141.002604,39.45872800000002],[141.002632,39.45853199999996],[141.00300600000003,39.458212000000046],[141.00329900000003,39.457708999999994],[141.003493,39.457605],[141.004503,39.45612099999997],[141.00509199999996,39.45562800000003],[141.00621499999997,39.45441700000002],[141.00686500000003,39.45369800000003],[141.00728099999998,39.45306900000004],[141.00758000000002,39.45248400000004],[141.00776199999999,39.45194300000004],[141.008124,39.451042000000015],[141.00836299999997,39.450546],[141.00878000000003,39.44991700000001],[141.00913999999997,39.449105999999965],[141.009264,39.448519999999974],[141.00938799999997,39.44793299999999],[141.00963299999998,39.44703099999997],[141.00987600000002,39.446265],[141.01005899999998,39.44567900000001],[141.01019400000004,39.444233999999994],[141.01015400000003,39.44364700000001],[141.01021599999999,39.44318399999999],[141.01015000000004,39.442597],[141.01054800000003,39.44196099999996],[141.011517,39.44112499999997],[141.012103,39.440813000000006],[141.01286299999998,39.44063800000001],[141.013621,39.44055299999999],[141.014147,39.440420999999986],[141.015141,39.440112],[141.015787,39.43975600000003],[141.01655099999996,39.43921900000001],[141.016848,39.43876899999999],[141.01726399999998,39.43814],[141.017742,39.43719399999998],[141.01810400000002,39.436293000000035],[141.01823099999996,39.435435000000005],[141.018472,39.43485000000001],[141.01870999999997,39.43444499999998],[141.01894900000002,39.434040000000046],[141.019071,39.43358900000003],[141.01902000000004,39.43304599999996],[141.018907,39.43277400000001],[141.01868300000007,39.43209499999996],[141.018632,39.43155199999998],[141.01863799999998,39.43105499999998],[141.018761,39.430558999999974],[141.01900199999997,39.42992799999999],[141.01912500000003,39.429431999999984],[141.019308,39.42884599999999],[141.01937300000003,39.428304],[141.019262,39.427852],[141.01915099999997,39.42744399999999],[141.019042,39.426901],[141.01910699999996,39.426359000000005],[141.01928700000002,39.425998999999976],[141.019584,39.42554899999996],[141.01988199999997,39.42496399999996],[141.02006200000002,39.424604000000016],[141.02012799999997,39.424017000000035],[141.02012899999997,39.42384000000004],[141.02006799999998,39.42365899999999],[141.019831,39.423390000000026],[141.019653,39.423165999999966],[141.01920999999996,39.422926000000004],[141.018459,39.42246900000002],[141.01817199999996,39.42215000000001],[141.017656,39.42155899999996],[141.017085,39.42069699999996],[141.016458,39.419698],[141.01583299999996,39.41847299999998],[141.01566899999997,39.417659000000036],[141.015623,39.41675500000002],[141.01569200000003,39.415897],[141.01576500000002,39.414768000000024],[141.01565799999997,39.414043999999976],[141.010669,39.412652],[141.01089299999995,39.41337700000004],[141.011179,39.41373999999996],[141.01169199999998,39.41460299999996],[141.01186000000004,39.415101000000035],[141.01179699999997,39.41546199999998],[141.011617,39.415867000000006],[141.01132200000004,39.41618099999996],[141.01002100000002,39.41766300000001],[141.00972199999998,39.418248000000006],[141.00959700000004,39.41892499999998],[141.009708,39.419287999999995],[141.009762,39.419604000000035],[141.00998999999996,39.41996700000004],[141.010393,39.42037700000004],[141.01091200000002,39.42074200000004],[141.01189000000005,39.42160800000002],[141.01292699999996,39.422473999999994],[141.013616,39.42320200000001],[141.014074,39.42383799999996],[141.014701,39.42488200000001],[141.01521100000002,39.42592499999998],[141.01549,39.42687499999998],[141.015595,39.427735],[141.01552599999997,39.42854800000003],[141.015345,39.428997999999964],[141.01431800000003,39.43183700000002],[141.01425299999997,39.43237900000001],[141.014248,39.432741000000036],[141.01436000000004,39.433057999999974],[141.014413,39.433509999999984],[141.01435,39.43382600000001],[141.01429000000002,39.433961],[141.01405400000004,39.43422999999996],[141.01381499999997,39.434634999999986],[141.01368900000003,39.43540300000002],[141.01345199999997,39.43571699999998],[141.01304,39.43603000000003],[141.012336,39.436386999999996],[141.011223,39.43692100000004],[141.009992,39.43749899999999],[141.00958000000003,39.43755899999998],[141.00753199999997,39.43911700000001],[141.00696900000003,39.43961899999998],[141.00667500000003,39.44019099999997],[141.00637800000004,39.44155300000004],[141.00565300000002,39.443252000000015],[141.00526900000006,39.44384099999999],[141.00517899999997,39.44401499999999],[141.004704,39.44481200000004],[141.004589,39.44490899999998],[141.00447000000003,39.44541200000003],[141.00339700000006,39.44725700000001],[141.00315500000002,39.44793299999999],[141.00291499999997,39.44847299999999],[141.00267200000002,39.44919399999996],[141.00236999999998,39.450051],[141.00201100000004,39.450725999999975],[141.001711,39.45140099999996],[141.00147000000004,39.451987000000045],[141.001227,39.452708000000015],[141.00086999999996,39.453338],[141.00051399999998,39.453787000000034],[141.00016,39.45414599999998],[140.99968599999994,39.454684999999984],[140.99915499999997,39.45517800000002],[140.99856400000002,39.45580600000001],[140.99823900000004,39.45644900000001],[140.99796600000002,39.456977],[140.99772399999998,39.45769799999998],[140.996436,39.457242999999984],[140.99536899999998,39.45666299999996],[140.994083,39.45613099999999],[140.99251000000004,39.45591699999996],[140.99129,39.45605999999998],[140.99071099999998,39.456334999999996],[140.99042500000002,39.456742000000006],[140.99043299999997,39.45750899999997],[140.99056099999999,39.45858999999997],[140.99080300000003,39.45944400000002],[140.99122199999996,39.46056800000002],[140.991522,39.461377999999996],[140.99170299999997,39.46200799999998],[140.99170799999996,39.462458],[140.99119,39.46300299999997],[140.99049700000003,39.463503000000046],[140.98974799999996,39.464139999999986],[140.988133,39.46550299999997],[140.987212,39.466365999999965],[140.98687200000003,39.467224999999985],[140.98652999999996,39.467948000000035],[140.986192,39.46894200000003],[140.98596700000002,39.46970999999998],[140.98533599999996,39.470570999999985],[140.984819,39.47111499999997],[140.98441500000004,39.47143399999998],[140.98360599999998,39.47198000000004],[140.98326000000003,39.47229799999997],[140.98274299999997,39.47288700000003],[140.98239899999993,39.47343100000001],[140.98223099999998,39.47406299999999],[140.98213400000003,39.47453800000004],[140.98212999999998,39.47456099999998],[140.98049499999996,39.474930999999955],[140.979334,39.475163999999964],[140.97840499999998,39.475350999999975],[140.97770900000003,39.475581000000005],[140.977015,39.47599099999999],[140.976381,39.476627000000036],[140.97586600000002,39.47739699999998],[140.97518100000002,39.478708000000005],[140.97413,39.47840000000001],[140.97278999999997,39.47818399999999],[140.97180199999997,39.47828000000003],[140.970929,39.478286],[140.96999300000002,39.477842000000024],[140.96905700000002,39.47735199999998],[140.968184,39.477313000000045],[140.96772199999998,39.477675999999974],[140.967205,39.47831100000002],[140.96645700000002,39.47917200000003],[140.96593799999997,39.479581000000024],[140.96518300000002,39.47976699999997],[140.964367,39.47959199999996],[140.96401199999997,39.479098000000036],[140.963536,39.478065],[140.96294399999996,39.477076999999966],[140.962002,39.47595600000003],[140.961371,39.47686200000003],[140.96103199999996,39.477901000000024],[140.96098399999997,39.47884800000004],[140.961287,39.48006300000003],[140.96147099999996,39.48091799999999],[140.961419,39.481594999999956],[140.96107599999993,39.48218300000002],[140.9605,39.48268300000001],[140.95951299999996,39.48291500000002],[140.958117,39.483059000000026],[140.95730599999996,39.48338000000003],[140.95632099999997,39.48383700000001],[140.954931,39.484432000000034],[140.95435199999997,39.48475200000004],[140.95371400000002,39.48493599999999],[140.952668,39.485078000000016],[140.95173900000003,39.48531000000003],[140.951044,39.485630000000036],[140.95028999999994,39.48590499999996],[140.948896,39.486185000000035],[140.94761700000004,39.48628299999997],[140.94651100000002,39.48633500000001],[140.945695,39.48620500000001],[140.944992,39.48571399999997],[140.94446000000005,39.484905999999995],[140.944043,39.48396199999996],[140.94345000000004,39.48288400000003],[140.942859,39.48198599999998],[140.94215400000002,39.48131499999997],[140.941335,39.48082400000003],[140.94022400000003,39.48028999999998],[140.93982700000004,39.481328999999974],[140.93978000000004,39.482456999999954],[140.939962,39.48322200000001],[140.94043599999998,39.48402999999999],[140.94137700000005,39.48506100000003],[140.94190700000001,39.485689000000036],[140.94226299999997,39.48631700000004],[140.94203800000003,39.487084999999986],[140.94163399999996,39.487449],[140.94093799999996,39.48772300000002],[140.9403,39.48795300000005],[140.93995699999996,39.48854100000002],[140.939789,39.489217999999994],[140.939217,39.49021399999998],[140.93864400000004,39.491074],[140.93812499999999,39.491617999999974],[140.93748800000003,39.49189299999999],[140.93690700000002,39.49203200000003],[140.93568599999998,39.49212999999997],[140.93434700000003,39.49209300000001],[140.933297,39.49191900000001],[140.932481,39.491744000000004],[140.93137399999998,39.49166099999998],[140.93038500000006,39.49171200000002],[140.92934,39.49194400000003],[140.92858699999996,39.49231000000003],[140.927893,39.492810000000006],[140.92714400000003,39.493536000000034],[140.92825099999996,39.49370899999997],[140.929824,39.493835],[140.930758,39.494143999999984],[140.931982,39.494316999999995],[140.93332300000003,39.494534000000016],[140.93431499999997,39.494798],[140.93524899999997,39.495017000000004],[140.934326,39.495835000000014],[140.933463,39.496876999999984],[140.93260099999998,39.498054000000025],[140.93197,39.498960000000025],[140.93145500000003,39.49986500000003],[140.93111299999998,39.50054299999999],[140.93112200000002,39.50149000000002],[140.93141699999998,39.501938000000045],[140.931944,39.502206000000015],[140.932701,39.50220099999996],[140.93339599999996,39.50188100000004],[140.93414500000003,39.50111000000001],[140.934837,39.50047399999997],[140.93535499999996,39.499885],[140.93605,39.49952],[140.93657000000002,39.499111],[140.93726,39.498294999999985],[140.93783599999998,39.497615000000025],[140.93841300000003,39.49711600000005],[140.93916499999997,39.49661499999998],[140.93997400000003,39.496069000000006],[140.94072599999998,39.49561300000003],[140.94113000000002,39.49525000000001]]]}},{"type":"Feature","properties":{"layer_id":"scenic_nature_areas","name":"花巻市","category":"nature","source":"国土交通省 国土数値情報","municipality_code":"03205","municipality_pref":"岩手県","municipality_name":"花巻市","municipality_code_method":"nearest_centroid"},"geometry":{"type":"Polygon","coordinates":[[[141.06945099999996,39.455702000000024],[141.07087600000003,39.45543399999997],[141.070821,39.45609700000003],[141.07122200000003,39.45653900000001],[141.07190900000003,39.45724499999997],[141.07316700000004,39.45812700000003],[141.074079,39.45785899999997],[141.07481700000005,39.456973000000026],[141.07493,39.45657499999996],[141.07521300000005,39.45599999999999],[141.076067,39.45551100000003],[141.076404,39.45391900000003],[141.07634799999997,39.452577000000005],[141.07605,39.45260200000004],[141.075409,39.45269400000001],[141.075118,39.45278599999998],[141.07476799999998,39.45274099999999],[141.074593,39.452696999999986],[141.07447599999998,39.45242600000004],[141.07424,39.45179399999997],[141.074007,39.451703999999985],[141.073424,39.451750999999966],[141.07319100000007,39.45170699999997],[141.073132,39.451570999999994],[141.073013,39.450757999999965],[141.07289300000002,39.44976399999996],[141.07289300000002,39.44949300000002],[141.07277500000004,39.449313000000046],[141.07233200000005,39.449071999999994],[141.071783,39.44877300000003],[141.07201400000002,39.448139999999974],[141.07253600000004,39.44741600000002],[141.07167200000006,39.44696899999998],[141.07120900000004,39.44669499999996],[141.070689,39.44632999999996],[141.06993600000004,39.44600799999996],[141.06935500000003,39.445914],[141.068713,39.44595500000002],[141.068014,39.44599500000004],[141.06731500000006,39.44598999999998],[141.06673400000005,39.44589600000002],[141.06586200000004,39.44575499999999],[141.065224,39.44552399999998],[141.06488200000004,39.445457000000026],[141.06473400000004,39.445228],[141.063599,39.44492],[141.063306,39.444980999999984],[141.06255800000002,39.44488299999996],[141.06245800000002,39.44506999999998],[141.06220300000007,39.44554700000001],[141.06217700000005,39.44572300000001],[141.06171800000007,39.44635899999996],[141.06176700000003,39.44712799999999],[141.061703,39.447579000000005],[141.06152400000002,39.44789399999996],[141.061114,39.448117000000025],[141.06058800000002,39.44824900000002],[141.060006,39.44819999999997],[141.05948199999997,39.448150999999996],[141.05907500000006,39.44810300000002],[141.05837900000003,39.447872000000004],[141.057858,39.447597999999985],[141.057726,39.44745800000003],[141.057389,39.448031000000015],[141.056367,39.44936000000002],[141.05574200000007,39.450156999999976],[141.05471800000007,39.45095500000001],[141.052495,39.45157800000004],[141.05152700000002,39.452111],[141.050388,39.452731999999955],[141.049307,39.45361799999999],[141.04834000000002,39.45459300000002],[141.04737100000006,39.45485999999999],[141.04594400000002,39.45450899999999],[141.04423100000002,39.45380400000001],[141.04360000000005,39.452611999999974],[141.04349400000007,39.451746],[141.043359,39.451745],[141.042252,39.451736999999966],[141.04178500000006,39.45186899999996],[141.041316,39.452047000000036],[141.04026299999998,39.45244600000001],[141.03943800000002,39.453118],[141.03896700000004,39.453567000000035],[141.038727,39.45406200000004],[141.03872100000004,39.454559000000046],[141.038772,39.455102000000025],[141.03876700000004,39.45550799999996],[141.03864800000002,39.45573300000001],[141.03817900000004,39.455911],[141.037852,39.45598100000002],[141.03791100000007,39.457752],[141.037571,39.45876900000003],[141.03934299999997,39.459695],[141.041224,39.459426000000036],[141.04270600000007,39.45893699999999],[141.04413100000002,39.45866900000002],[141.04498599999997,39.45822499999997],[141.04532700000004,39.45787099999998],[141.046067,39.45729500000002],[141.04675,39.45667399999998],[141.04766200000006,39.456452],[141.04817500000004,39.456451],[141.04903099999999,39.45644900000001],[141.050344,39.45675600000001],[141.05137,39.45671000000003],[141.052567,39.45626599999997],[141.05365,39.45591],[141.05467600000006,39.455687000000026],[141.05695600000007,39.45528399999999],[141.05941000000007,39.45536800000001],[141.06123600000006,39.45558600000002],[141.06158000000002,39.45624799999999],[141.06169600000004,39.45686699999996],[141.061641,39.457354000000024],[141.06158499999998,39.457752],[141.06152900000006,39.45819399999998],[141.061758,39.45832599999997],[141.06255600000003,39.458147999999994],[141.06306700000005,39.45735100000004],[141.063237,39.45690799999998],[141.06340600000004,39.456422],[141.06363300000007,39.45611200000002],[141.06437300000002,39.45553499999997],[141.06528599999996,39.45570999999998],[141.06631600000003,39.45663700000003],[141.066378,39.45818500000003],[141.06632500000006,39.45915799999998],[141.06575700000005,39.459866000000034],[141.065133,39.460928999999965],[141.06422300000003,39.46190399999999],[141.063311,39.462214999999965],[141.062798,39.46234900000004],[141.06222999999997,39.462925],[141.061832,39.46332399999997],[141.06109200000006,39.46398800000003],[141.06058100000007,39.46469699999999],[141.06041100000002,39.46513899999996],[141.060868,39.465271000000044],[141.06166700000003,39.46518099999997],[141.063204,39.46429400000004],[141.06457000000006,39.463185000000024],[141.06655900000004,39.461014999999975],[141.066841,39.45990800000004],[141.06723600000004,39.458714000000015],[141.067401,39.45703300000002],[141.06751400000002,39.456546000000046],[141.06768299999996,39.455838],[141.068367,39.455837],[141.06888100000006,39.455836000000005],[141.06945099999996,39.455702000000024]]]}},{"type":"Feature","properties":{"layer_id":"scenic_nature_areas","name":"原生自然環境保全地域","category":"nature","source":"国土交通省 国土数値情報","municipality_code":"03205","municipality_pref":"岩手県","municipality_name":"花巻市","municipality_code_method":"nearest_centroid","resource_class":"原生自然環境保全地域","source_dataset_code":"A11"},"geometry":{"type":"Polygon","coordinates":[[[141.16794364995587,39.395706729804715],[141.16764721003256,39.395723639756795],[141.167477880285,39.395773179810135],[141.16722406013207,39.395888429726824],[141.16699175985593,39.39616800016745],[141.16661119015555,39.396464280011344],[141.16633642029592,39.39671102969447],[141.16618831005155,39.39674404020889],[141.16563760031443,39.39674481992108],[141.1642868501027,39.396605540119765],[141.1639290296523,39.39660605003536],[141.16363732016293,39.3965140098216],[141.16330528957042,39.396216399880416],[141.16287920967864,39.39617320004743],[141.16272635011467,39.396261449618805],[141.16248790027453,39.39635432979935],[141.1622310098362,39.39645442973716],[141.16187287012656,39.39646204969273],[141.16149858039182,39.396467260364545],[141.1601723600878,39.39592763027474],[141.1597936798629,39.39599610015745],[141.15969953973217,39.39611822988769],[141.15967927980557,39.39645183968969],[141.15969056000176,39.39676097983863],[141.15912709967688,39.39693007036658],[141.1588304097421,39.39699624967608],[141.15863966983488,39.397078779559365],[141.1581736996153,39.39737550996364],[141.15802542029837,39.39749086959762],[141.15791973017485,39.39763896994941],[141.15783531980924,39.397803619625165],[141.15777222967085,39.39805041967037],[141.15785781994703,39.398412170158],[141.15796416028036,39.39854367981695],[141.1582831201266,39.39887222014073],[141.15851693036439,39.399085729982346],[141.15875054994592,39.3992169698447],[141.1590477399037,39.39931531970183],[141.15928114005067,39.39934789044776],[141.15951461034467,39.39941335029965],[141.15964204967213,39.39947895044577],[141.15991803001918,39.399593730017045],[141.1601728700034,39.39970854016525],[141.16015241042714,39.40005394997161],[141.1600436895884,39.40035225958536],[141.15971541996066,39.40033054995155],[141.15900058035584,39.3997227602452],[141.1585723196082,39.399701180113766],[141.15847328986354,39.40007769027454],[141.15851699961217,39.40045391984688],[141.15874964972454,39.40117698015433],[141.15868626011195,39.40129223007108],[141.15858056009586,39.40144042035507],[141.15849572974685,39.40147342007759],[141.15794458024118,39.401605730133156],[141.15773250032157,39.4016553897963],[141.15720252984977,39.40175478016903],[141.15690555033325,39.40175518036733],[141.15665089021354,39.40172263030581],[141.15654465959744,39.401640509614026],[141.15654447973304,39.40155832956697],[141.15654418025883,39.40142669040563],[141.15677711006037,39.40124544014452],[141.15692524998235,39.40111367957468],[141.15794217005816,39.40053651987728],[141.15779295994298,39.40024072027137],[141.15757999958714,39.39984615981814],[141.15734552025378,39.39933655988955],[141.15713286027142,39.399073640396296],[141.1568993899774,39.399008179645136],[141.1566023502064,39.39897568983815],[141.1562629100996,39.39899263036722],[141.15580873988426,39.39896278996298],[141.15543588996422,39.39899473028419],[141.155168429794,39.39905167985165],[141.15503892022718,39.399152500146386],[141.15484457044147,39.399284859664704],[141.15469435038767,39.39947176036611],[141.1544188502785,39.399570790110715],[141.15399538021938,39.3999332195865],[141.1538263202683,39.40021304993115],[141.15373905995114,39.40046221968987],[141.1536821697389,39.40062890992732],[141.1535825203615,39.40089557959345],[141.15356191959177,39.40130109019168],[141.1536486502082,39.401656440204476],[141.15408447965012,39.401841220304505],[141.154211990024,39.40193972034842],[141.15461537012834,39.40210371981436],[141.15514598001823,39.40223457027031],[141.15552811004238,39.40239859042066],[141.1559315000393,39.4025624999544],[141.15601687987407,39.402776210344825],[141.15597448043775,39.40282564967407],[141.15578362002134,39.40280949964904],[141.1554229100493,39.402776999949594],[141.1549135601323,39.40264612970856],[141.15429811989338,39.40254827987445],[141.15400102976037,39.402499290206265],[141.15362571030187,39.40268981967205],[141.15336076013955,39.4029941997095],[141.15369670997745,39.40339103994404],[141.153918290335,39.40348391023207],[141.15412729007664,39.4036651101311],[141.15429816036294,39.40372867960809],[141.1544563601011,39.40378245007224],[141.1548816800656,39.40393469989584],[141.15523899959362,39.4040115397687],[141.15548830964667,39.40403697979025],[141.1557706499991,39.40403010986927],[141.1567304298511,39.40420903987956],[141.15736163970178,39.404182499987144],[141.15780181017112,39.40416902004921],[141.15812567042292,39.4041363198009],[141.15836646029902,39.404090940011315],[141.15860725017512,39.40404556022173],[141.15878157026066,39.40398730034201],[141.15991694004094,39.403895359953026],[141.16014948043596,39.40384999005596],[141.16038201993183,39.40385607037217],[141.16058979030015,39.403900919561806],[141.16075602008482,39.40395862995575],[141.1610384998321,39.40401618027033],[141.16152045999752,39.40409283038622],[141.1618694598974,39.40413100031111],[141.16198579979243,39.40416299998759],[141.16285915030085,39.40417971029018],[141.1632452202548,39.40407501032024],[141.1633792695992,39.40398363020881],[141.1635631198003,39.40363178035739],[141.16381508015525,39.40364448957632],[141.16403354975785,39.403696259948276],[141.16428548043518,39.40374798985073],[141.1644868404362,39.40368255967644],[141.1647199096326,39.40356580969063],[141.1648468201588,39.403450649706144],[141.1649947496394,39.40333546004399],[141.16518514960285,39.403253020092905],[141.1653963104153,39.40295707030015],[141.16541677988403,39.402628600123535],[141.1652679996448,39.40243166029029],[141.16503436027813,39.40215274995211],[141.16516092006873,39.40193901977659],[141.1653302102461,39.40187308957928],[141.16558445038243,39.40187272985048],[141.16583873008892,39.40193805030742],[141.16615674025104,39.402036179830645],[141.1665593703209,39.402117779814944],[141.16698306970716,39.402166370184204],[141.1671948699376,39.40214966977413],[141.167639590077,39.402099740314384],[141.16799931978812,39.40196784034964],[141.1682108097524,39.40181966985074],[141.1683794398275,39.40147450016332],[141.16839974022366,39.40112954001802],[141.16814416999,39.400522219757704],[141.168420560428,39.40022302970772],[141.16858989017555,39.40017348965438],[141.16922383036797,39.39956488965885],[141.169456049705,39.399252420219796],[141.16953979996833,39.398874570069154],[141.1694966900675,39.398529699856056],[141.16932589982093,39.397971460095505],[141.16919467974367,39.39629629025353],[141.1689182497356,39.39580388985877],[141.16887586019175,39.39580395011336],[141.16876994973427,39.39580411019267],[141.16840989986463,39.395788229964296],[141.16794364995587,39.395706729804715]]]}},{"type":"Feature","properties":{"layer_id":"cultural_facilities","name":"花巻市武徳殿柔剣道場","category":"public","address":"城内11-45","source":"国土交通省 国土数値情報","municipality_code":"03205","municipality_pref":"岩手県","municipality_name":"花巻市","municipality_code_method":"nearest_centroid"},"geometry":{"type":"Point","coordinates":[141.120518,39.390577]}},{"type":"Feature","properties":{"layer_id":"cultural_facilities","name":"下二枚橋公園","category":"public","address":"二枚橋4地割3","source":"国土交通省 国土数値情報","municipality_code":"03205","municipality_pref":"岩手県","municipality_name":"花巻市","municipality_code_method":"nearest_centroid"},"geometry":{"type":"Point","coordinates":[141.118295,39.443968]}},{"type":"Feature","properties":{"layer_id":"cultural_facilities","name":"宮野目地区社会体育館","category":"public","address":"西宮野目6-353-6","source":"国土交通省 国土数値情報","municipality_code":"03205","municipality_pref":"岩手県","municipality_name":"花巻市","municipality_code_method":"nearest_centroid"},"geometry":{"type":"Point","coordinates":[141.129269,39.424524]}},{"type":"Feature","properties":{"layer_id":"cultural_facilities","name":"花巻広域公園テニスコート","category":"public","address":"金矢5","source":"国土交通省 国土数値情報","municipality_code":"03205","municipality_pref":"岩手県","municipality_name":"花巻市","municipality_code_method":"nearest_centroid"},"geometry":{"type":"Point","coordinates":[141.056054,39.438934]}},{"type":"Feature","properties":{"layer_id":"cultural_facilities","name":"北上・花巻温泉自転車道線","category":"public","address":"展勝地〜花巻温泉","source":"国土交通省 国土数値情報","municipality_code":"03205","municipality_pref":"岩手県","municipality_name":"花巻市","municipality_code_method":"nearest_centroid"},"geometry":{"type":"Point","coordinates":[141.103165,39.385598]}},{"type":"Feature","properties":{"layer_id":"cultural_facilities","name":"石鳥谷野球場","category":"public","address":"石鳥谷町猪鼻2-88-5","source":"国土交通省 国土数値情報","municipality_code":"03205","municipality_pref":"岩手県","municipality_name":"花巻市","municipality_code_method":"nearest_centroid"},"geometry":{"type":"Point","coordinates":[141.180858,39.448868]}},{"type":"Feature","properties":{"layer_id":"cultural_facilities","name":"花巻共同福祉施設内ホール","category":"public","address":"卸町24","source":"国土交通省 国土数値情報","municipality_code":"03205","municipality_pref":"岩手県","municipality_name":"花巻市","municipality_code_method":"nearest_centroid"},"geometry":{"type":"Point","coordinates":[141.11129,39.446038]}},{"type":"Feature","properties":{"layer_id":"cultural_facilities","name":"宮野目中学校","category":"public","address":"西宮野目6-156-2","source":"国土交通省 国土数値情報","municipality_code":"03205","municipality_pref":"岩手県","municipality_name":"花巻市","municipality_code_method":"nearest_centroid"},"geometry":{"type":"Point","coordinates":[141.125204,39.425115]}},{"type":"Feature","properties":{"layer_id":"cultural_facilities","name":"花巻市立花巻図書館","category":"public","address":"若葉町3-16-24","source":"国土交通省 国土数値情報","municipality_code":"03205","municipality_pref":"岩手県","municipality_name":"花巻市","municipality_code_method":"nearest_centroid"},"geometry":{"type":"Point","coordinates":[141.101078,39.384691]}},{"type":"Feature","properties":{"layer_id":"cultural_facilities","name":"花巻市立大迫図書館","category":"public","address":"大迫町大迫第2-51-4","source":"国土交通省 国土数値情報","municipality_code":"03205","municipality_pref":"岩手県","municipality_name":"花巻市","municipality_code_method":"nearest_centroid"},"geometry":{"type":"Point","coordinates":[141.291304,39.469056]}},{"type":"Feature","properties":{"layer_id":"cultural_facilities","name":"花巻球場","category":"public","address":"松園町613","source":"国土交通省 国土数値情報","municipality_code":"03205","municipality_pref":"岩手県","municipality_name":"花巻市","municipality_code_method":"nearest_centroid"},"geometry":{"type":"Point","coordinates":[141.100993,39.407549]}},{"type":"Feature","properties":{"layer_id":"cultural_facilities","name":"南城中学校","category":"public","address":"南城251","source":"国土交通省 国土数値情報","municipality_code":"03205","municipality_pref":"岩手県","municipality_name":"花巻市","municipality_code_method":"nearest_centroid"},"geometry":{"type":"Point","coordinates":[141.119308,39.366048]}},{"type":"Feature","properties":{"layer_id":"cultural_facilities","name":"宮野目地区グラウンド","category":"public","address":"東宮野目1-67-3","source":"国土交通省 国土数値情報","municipality_code":"03205","municipality_pref":"岩手県","municipality_name":"花巻市","municipality_code_method":"nearest_centroid"},"geometry":{"type":"Point","coordinates":[141.130518,39.422434]}},{"type":"Feature","properties":{"layer_id":"cultural_facilities","name":"花巻広域公園運動広場","category":"public","address":"金矢5地割","source":"国土交通省 国土数値情報","municipality_code":"03205","municipality_pref":"岩手県","municipality_name":"花巻市","municipality_code_method":"nearest_centroid"},"geometry":{"type":"Point","coordinates":[141.05518,39.438444]}},{"type":"Feature","properties":{"layer_id":"cultural_facilities","name":"東和町ふれあい広場","category":"public","address":"東和町北成島5区234","source":"国土交通省 国土数値情報","municipality_code":"03205","municipality_pref":"岩手県","municipality_name":"花巻市","municipality_code_method":"nearest_centroid"},"geometry":{"type":"Point","coordinates":[141.202197,39.36456]}},{"type":"Feature","properties":{"layer_id":"cultural_facilities","name":"花南地区社会体育館","category":"public","address":"南城196-1","source":"国土交通省 国土数値情報","municipality_code":"03205","municipality_pref":"岩手県","municipality_name":"花巻市","municipality_code_method":"nearest_centroid"},"geometry":{"type":"Point","coordinates":[141.120809,39.369542]}},{"type":"Feature","properties":{"layer_id":"cultural_facilities","name":"東和ふれあい施設（毘沙門ドーム）","category":"public","address":"東和町北成島5区217-3","source":"国土交通省 国土数値情報","municipality_code":"03205","municipality_pref":"岩手県","municipality_name":"花巻市","municipality_code_method":"nearest_centroid"},"geometry":{"type":"Point","coordinates":[141.201418,39.363406]}},{"type":"Feature","properties":{"layer_id":"cultural_facilities","name":"湯本公民館附設体育館","category":"public","address":"湯本4-31-8","source":"国土交通省 国土数値情報","municipality_code":"03205","municipality_pref":"岩手県","municipality_name":"花巻市","municipality_code_method":"nearest_centroid"},"geometry":{"type":"Point","coordinates":[141.086916,39.444527]}},{"type":"Feature","properties":{"layer_id":"cultural_facilities","name":"平塚・花巻交流の森","category":"public","address":"金矢5-149-3","source":"国土交通省 国土数値情報","municipality_code":"03205","municipality_pref":"岩手県","municipality_name":"花巻市","municipality_code_method":"nearest_centroid"},"geometry":{"type":"Point","coordinates":[141.059761,39.439861]}},{"type":"Feature","properties":{"layer_id":"cultural_facilities","name":"新堀小学校","category":"public","address":"石鳥谷町新堀46-2-1","source":"国土交通省 国土数値情報","municipality_code":"03205","municipality_pref":"岩手県","municipality_name":"花巻市","municipality_code_method":"nearest_centroid"},"geometry":{"type":"Point","coordinates":[141.169866,39.482332]}},{"type":"Feature","properties":{"layer_id":"cultural_facilities","name":"和田多目的広場","category":"public","address":"東和町安俵6区53","source":"国土交通省 国土数値情報","municipality_code":"03205","municipality_pref":"岩手県","municipality_name":"花巻市","municipality_code_method":"nearest_centroid"},"geometry":{"type":"Point","coordinates":[141.224499,39.386329]}},{"type":"Feature","properties":{"layer_id":"cultural_facilities","name":"石鳥谷柔剣道場","category":"public","address":"石鳥谷町中寺林7-1-1","source":"国土交通省 国土数値情報","municipality_code":"03205","municipality_pref":"岩手県","municipality_name":"花巻市","municipality_code_method":"nearest_centroid"},"geometry":{"type":"Point","coordinates":[141.14299,39.481105]}},{"type":"Feature","properties":{"layer_id":"cultural_facilities","name":"日居城野運動公園テニスコート（クレー）","category":"public","address":"松園町613","source":"国土交通省 国土数値情報","municipality_code":"03205","municipality_pref":"岩手県","municipality_name":"花巻市","municipality_code_method":"nearest_centroid"},"geometry":{"type":"Point","coordinates":[141.099775,39.407122]}},{"type":"Feature","properties":{"layer_id":"cultural_facilities","name":"宮野目地区相撲場","category":"public","address":"東宮野目第1地割67-3","source":"国土交通省 国土数値情報","municipality_code":"03205","municipality_pref":"岩手県","municipality_name":"花巻市","municipality_code_method":"nearest_centroid"},"geometry":{"type":"Point","coordinates":[141.129699,39.422494]}},{"type":"Feature","properties":{"layer_id":"cultural_facilities","name":"花巻市総合文化財センター","category":"public","address":"大迫町大迫3-39-1","source":"国土交通省 国土数値情報","municipality_code":"03205","municipality_pref":"岩手県","municipality_name":"花巻市","municipality_code_method":"nearest_centroid"},"geometry":{"type":"Point","coordinates":[141.289468,39.465409]}},{"type":"Feature","properties":{"layer_id":"cultural_facilities","name":"大迫コミュニティ体育館","category":"public","address":"大迫町大迫3-161-1","source":"国土交通省 国土数値情報","municipality_code":"03205","municipality_pref":"岩手県","municipality_name":"花巻市","municipality_code_method":"nearest_centroid"},"geometry":{"type":"Point","coordinates":[141.285321,39.466443]}},{"type":"Feature","properties":{"layer_id":"cultural_facilities","name":"山村広場","category":"public","address":"大迫町外川目11-10","source":"国土交通省 国土数値情報","municipality_code":"03205","municipality_pref":"岩手県","municipality_name":"花巻市","municipality_code_method":"nearest_centroid"},"geometry":{"type":"Point","coordinates":[141.343673,39.460589]}},{"type":"Feature","properties":{"layer_id":"cultural_facilities","name":"豊沢川緑地公園運動広場（南川原町）","category":"public","address":"南川原町169","source":"国土交通省 国土数値情報","municipality_code":"03205","municipality_pref":"岩手県","municipality_name":"花巻市","municipality_code_method":"nearest_centroid"},"geometry":{"type":"Point","coordinates":[141.116334,39.381858]}},{"type":"Feature","properties":{"layer_id":"cultural_facilities","name":"湯本地区社会体育館","category":"public","address":"湯本第3地割79","source":"国土交通省 国土数値情報","municipality_code":"03205","municipality_pref":"岩手県","municipality_name":"花巻市","municipality_code_method":"nearest_centroid"},"geometry":{"type":"Point","coordinates":[141.08543,39.444716]}},{"type":"Feature","properties":{"layer_id":"cultural_facilities","name":"和田プール","category":"public","address":"東和町安俵6区33","source":"国土交通省 国土数値情報","municipality_code":"03205","municipality_pref":"岩手県","municipality_name":"花巻市","municipality_code_method":"nearest_centroid"},"geometry":{"type":"Point","coordinates":[141.225457,39.386539]}},{"type":"Feature","properties":{"layer_id":"cultural_facilities","name":"日居城野運動公園テニスコート（砂入り人工芝）","category":"public","address":"松園町44-2","source":"国土交通省 国土数値情報","municipality_code":"03205","municipality_pref":"岩手県","municipality_name":"花巻市","municipality_code_method":"nearest_centroid"},"geometry":{"type":"Point","coordinates":[141.094104,39.407878]}},{"type":"Feature","properties":{"layer_id":"cultural_facilities","name":"八幡交流センター","category":"public","address":"石鳥谷町八幡23-147","source":"国土交通省 国土数値情報","municipality_code":"03205","municipality_pref":"岩手県","municipality_name":"花巻市","municipality_code_method":"nearest_centroid"},"geometry":{"type":"Point","coordinates":[141.144591,39.46789]}},{"type":"Feature","properties":{"layer_id":"cultural_facilities","name":"北湯口野球場","category":"public","address":"北湯口5-80","source":"国土交通省 国土数値情報","municipality_code":"03205","municipality_pref":"岩手県","municipality_name":"花巻市","municipality_code_method":"nearest_centroid"},"geometry":{"type":"Point","coordinates":[141.103936,39.463587]}},{"type":"Feature","properties":{"layer_id":"cultural_facilities","name":"宮野目地区体育センター","category":"public","address":"西宮野目6-353-11","source":"国土交通省 国土数値情報","municipality_code":"03205","municipality_pref":"岩手県","municipality_name":"花巻市","municipality_code_method":"nearest_centroid"},"geometry":{"type":"Point","coordinates":[141.129069,39.42426]}},{"type":"Feature","properties":{"layer_id":"cultural_facilities","name":"江曽運動広場","category":"public","address":"石鳥谷町江曽7-66-1","source":"国土交通省 国土数値情報","municipality_code":"03205","municipality_pref":"岩手県","municipality_name":"花巻市","municipality_code_method":"nearest_centroid"},"geometry":{"type":"Point","coordinates":[141.139591,39.447677]}},{"type":"Feature","properties":{"layer_id":"cultural_facilities","name":"東和ふるさと歴史資料館","category":"public","address":"東和町土沢9区198","source":"国土交通省 国土数値情報","municipality_code":"03205","municipality_pref":"岩手県","municipality_name":"花巻市","municipality_code_method":"nearest_centroid"},"geometry":{"type":"Point","coordinates":[141.237214,39.382245]}},{"type":"Feature","properties":{"layer_id":"cultural_facilities","name":"花巻市民プール","category":"public","address":"高田25-2","source":"国土交通省 国土数値情報","municipality_code":"03205","municipality_pref":"岩手県","municipality_name":"花巻市","municipality_code_method":"nearest_centroid"},"geometry":{"type":"Point","coordinates":[141.126276,39.381569]}},{"type":"Feature","properties":{"layer_id":"cultural_facilities","name":"花巻中学校","category":"public","address":"若葉町2-16-22","source":"国土交通省 国土数値情報","municipality_code":"03205","municipality_pref":"岩手県","municipality_name":"花巻市","municipality_code_method":"nearest_centroid"},"geometry":{"type":"Point","coordinates":[141.102439,39.388534]}},{"type":"Feature","properties":{"layer_id":"cultural_facilities","name":"江曽運動広場","category":"public","address":"石鳥谷町江曽7-66-1","source":"国土交通省 国土数値情報","municipality_code":"03205","municipality_pref":"岩手県","municipality_name":"花巻市","municipality_code_method":"nearest_centroid"},"geometry":{"type":"Point","coordinates":[141.139573,39.448585]}},{"type":"Feature","properties":{"layer_id":"cultural_facilities","name":"八重畑地区相撲場","category":"public","address":"石鳥谷町猪鼻7-30-1","source":"国土交通省 国土数値情報","municipality_code":"03205","municipality_pref":"岩手県","municipality_name":"花巻市","municipality_code_method":"nearest_centroid"},"geometry":{"type":"Point","coordinates":[141.173468,39.448656]}},{"type":"Feature","properties":{"layer_id":"cultural_facilities","name":"大迫野球場","category":"public","address":"大迫町大迫第16地割地内","source":"国土交通省 国土数値情報","municipality_code":"03205","municipality_pref":"岩手県","municipality_name":"花巻市","municipality_code_method":"nearest_centroid"},"geometry":{"type":"Point","coordinates":[141.273443,39.46656]}},{"type":"Feature","properties":{"layer_id":"cultural_facilities","name":"桜地人館","category":"public","address":"桜町4-14","source":"国土交通省 国土数値情報","municipality_code":"03205","municipality_pref":"岩手県","municipality_name":"花巻市","municipality_code_method":"nearest_centroid"},"geometry":{"type":"Point","coordinates":[141.126162,39.375645]}},{"type":"Feature","properties":{"layer_id":"cultural_facilities","name":"花南公民館附設体育館","category":"public","address":"南城57","source":"国土交通省 国土数値情報","municipality_code":"03205","municipality_pref":"岩手県","municipality_name":"花巻市","municipality_code_method":"nearest_centroid"},"geometry":{"type":"Point","coordinates":[141.119275,39.370461]}},{"type":"Feature","properties":{"layer_id":"cultural_facilities","name":"東和テニスコート","category":"public","address":"東和町安俵6区53","source":"国土交通省 国土数値情報","municipality_code":"03205","municipality_pref":"岩手県","municipality_name":"花巻市","municipality_code_method":"nearest_centroid"},"geometry":{"type":"Point","coordinates":[141.226142,39.386044]}},{"type":"Feature","properties":{"layer_id":"cultural_facilities","name":"方八丁グラウンド","category":"public","address":"葛1-41-1","source":"国土交通省 国土数値情報","municipality_code":"03205","municipality_pref":"岩手県","municipality_name":"花巻市","municipality_code_method":"nearest_centroid"},"geometry":{"type":"Point","coordinates":[141.135603,39.440399]}},{"type":"Feature","properties":{"layer_id":"cultural_facilities","name":"東和ふれあい施設（毘沙門ドーム）","category":"public","address":"東和町北成島5区217-3","source":"国土交通省 国土数値情報","municipality_code":"03205","municipality_pref":"岩手県","municipality_name":"花巻市","municipality_code_method":"nearest_centroid"},"geometry":{"type":"Point","coordinates":[141.201418,39.363502]}},{"type":"Feature","properties":{"layer_id":"cultural_facilities","name":"矢沢野球場","category":"public","address":"高松第5地割33","source":"国土交通省 国土数値情報","municipality_code":"03205","municipality_pref":"岩手県","municipality_name":"花巻市","municipality_code_method":"nearest_centroid"},"geometry":{"type":"Point","coordinates":[141.158283,39.387999]}},{"type":"Feature","properties":{"layer_id":"cultural_facilities","name":"花巻新渡戸記念館","category":"public","address":"高松9-21","source":"国土交通省 国土数値情報","municipality_code":"03205","municipality_pref":"岩手県","municipality_name":"花巻市","municipality_code_method":"nearest_centroid"},"geometry":{"type":"Point","coordinates":[141.1608,39.389843]}},{"type":"Feature","properties":{"layer_id":"cultural_facilities","name":"花巻市武徳殿弓道場","category":"public","address":"城内11-45","source":"国土交通省 国土数値情報","municipality_code":"03205","municipality_pref":"岩手県","municipality_name":"花巻市","municipality_code_method":"nearest_centroid"},"geometry":{"type":"Point","coordinates":[141.120488,39.390954]}},{"type":"Feature","properties":{"layer_id":"cultural_facilities","name":"花巻市総合体育館","category":"public","address":"松園町50","source":"国土交通省 国土数値情報","municipality_code":"03205","municipality_pref":"岩手県","municipality_name":"花巻市","municipality_code_method":"nearest_centroid"},"geometry":{"type":"Point","coordinates":[141.096612,39.406311]}},{"type":"Feature","properties":{"layer_id":"cultural_facilities","name":"東和体育館","category":"public","address":"東和町安俵6区53","source":"国土交通省 国土数値情報","municipality_code":"03205","municipality_pref":"岩手県","municipality_name":"花巻市","municipality_code_method":"nearest_centroid"},"geometry":{"type":"Point","coordinates":[141.226098,39.385759]}},{"type":"Feature","properties":{"layer_id":"cultural_facilities","name":"亀ヶ森地区農業者トレーニングセンター","category":"public","address":"大迫町亀ヶ森8地割90","source":"国土交通省 国土数値情報","municipality_code":"03205","municipality_pref":"岩手県","municipality_name":"花巻市","municipality_code_method":"nearest_centroid"},"geometry":{"type":"Point","coordinates":[141.245005,39.479489]}},{"type":"Feature","properties":{"layer_id":"cultural_facilities","name":"石鳥谷体育館","category":"public","address":"石鳥谷町中寺林7-1-1","source":"国土交通省 国土数値情報","municipality_code":"03205","municipality_pref":"岩手県","municipality_name":"花巻市","municipality_code_method":"nearest_centroid"},"geometry":{"type":"Point","coordinates":[141.142998,39.481172]}},{"type":"Feature","properties":{"layer_id":"cultural_facilities","name":"花巻北高等学校","category":"public","address":"本館54","source":"国土交通省 国土数値情報","municipality_code":"03205","municipality_pref":"岩手県","municipality_name":"花巻市","municipality_code_method":"nearest_centroid"},"geometry":{"type":"Point","coordinates":[141.114643,39.410669]}},{"type":"Feature","properties":{"layer_id":"cultural_facilities","name":"八日構造改善センター","category":"public","address":"石鳥谷町大興寺8-120-3","source":"国土交通省 国土数値情報","municipality_code":"03205","municipality_pref":"岩手県","municipality_name":"花巻市","municipality_code_method":"nearest_centroid"},"geometry":{"type":"Point","coordinates":[141.119032,39.477656]}},{"type":"Feature","properties":{"layer_id":"cultural_facilities","name":"矢沢中学校","category":"public","address":"高松5-42","source":"国土交通省 国土数値情報","municipality_code":"03205","municipality_pref":"岩手県","municipality_name":"花巻市","municipality_code_method":"nearest_centroid"},"geometry":{"type":"Point","coordinates":[141.156547,39.388903]}},{"type":"Feature","properties":{"layer_id":"cultural_facilities","name":"矢沢農村運動広場","category":"public","address":"矢沢13地割94-2","source":"国土交通省 国土数値情報","municipality_code":"03205","municipality_pref":"岩手県","municipality_name":"花巻市","municipality_code_method":"nearest_centroid"},"geometry":{"type":"Point","coordinates":[141.186216,39.403589]}},{"type":"Feature","properties":{"layer_id":"cultural_facilities","name":"矢沢地区社会体育館","category":"public","address":"高松5-42","source":"国土交通省 国土数値情報","municipality_code":"03205","municipality_pref":"岩手県","municipality_name":"花巻市","municipality_code_method":"nearest_centroid"},"geometry":{"type":"Point","coordinates":[141.156871,39.389399]}},{"type":"Feature","properties":{"layer_id":"cultural_facilities","name":"石鳥谷アイスアリーナ","category":"public","address":"石鳥谷町中寺林6-92-1","source":"国土交通省 国土数値情報","municipality_code":"03205","municipality_pref":"岩手県","municipality_name":"花巻市","municipality_code_method":"nearest_centroid"},"geometry":{"type":"Point","coordinates":[141.141366,39.481493]}},{"type":"Feature","properties":{"layer_id":"cultural_facilities","name":"日居城野運動公園多目的広場","category":"public","address":"松園町613","source":"国土交通省 国土数値情報","municipality_code":"03205","municipality_pref":"岩手県","municipality_name":"花巻市","municipality_code_method":"nearest_centroid"},"geometry":{"type":"Point","coordinates":[141.097065,39.408455]}},{"type":"Feature","properties":{"layer_id":"cultural_facilities","name":"勤労青少年ホームテニスコート","category":"public","address":"南川原町182-5","source":"国土交通省 国土数値情報","municipality_code":"03205","municipality_pref":"岩手県","municipality_name":"花巻市","municipality_code_method":"nearest_centroid"},"geometry":{"type":"Point","coordinates":[141.117178,39.382597]}},{"type":"Feature","properties":{"layer_id":"cultural_facilities","name":"東和いこいの森ハイキングコース","category":"public","address":"東和町田瀬13区48","source":"国土交通省 国土数値情報","municipality_code":"03205","municipality_pref":"岩手県","municipality_name":"花巻市","municipality_code_method":"nearest_centroid"},"geometry":{"type":"Point","coordinates":[141.299868,39.316977]}},{"type":"Feature","properties":{"layer_id":"cultural_facilities","name":"いで湯と滝のみち","category":"public","address":"詳細住所不明","source":"国土交通省 国土数値情報","municipality_code":"03205","municipality_pref":"岩手県","municipality_name":"花巻市","municipality_code_method":"nearest_centroid"},"geometry":{"type":"Point","coordinates":[141.066984,39.454034]}},{"type":"Feature","properties":{"layer_id":"cultural_facilities","name":"矢沢公民館附設体育館","category":"public","address":"高木19-24-14","source":"国土交通省 国土数値情報","municipality_code":"03205","municipality_pref":"岩手県","municipality_name":"花巻市","municipality_code_method":"nearest_centroid"},"geometry":{"type":"Point","coordinates":[141.141656,39.38484]}},{"type":"Feature","properties":{"layer_id":"cultural_facilities","name":"花巻市民体育館","category":"public","address":"城内1-43","source":"国土交通省 国土数値情報","municipality_code":"03205","municipality_pref":"岩手県","municipality_name":"花巻市","municipality_code_method":"nearest_centroid"},"geometry":{"type":"Point","coordinates":[141.117901,39.388084]}},{"type":"Feature","properties":{"layer_id":"cultural_facilities","name":"大迫テニスコート","category":"public","address":"大迫町大迫第16地割地内","source":"国土交通省 国土数値情報","municipality_code":"03205","municipality_pref":"岩手県","municipality_name":"花巻市","municipality_code_method":"nearest_centroid"},"geometry":{"type":"Point","coordinates":[141.27437,39.465422]}},{"type":"Feature","properties":{"layer_id":"cultural_facilities","name":"花巻市勤労青少年ホーム体育室","category":"public","address":"南川原町182-5","source":"国土交通省 国土数値情報","municipality_code":"03205","municipality_pref":"岩手県","municipality_name":"花巻市","municipality_code_method":"nearest_centroid"},"geometry":{"type":"Point","coordinates":[141.116364,39.382652]}},{"type":"Feature","properties":{"layer_id":"cultural_facilities","name":"花巻北中学校","category":"public","address":"天下田182","source":"国土交通省 国土数値情報","municipality_code":"03205","municipality_pref":"岩手県","municipality_name":"花巻市","municipality_code_method":"nearest_centroid"},"geometry":{"type":"Point","coordinates":[141.110812,39.410605]}},{"type":"Feature","properties":{"layer_id":"cultural_facilities","name":"花北地区コミュニティセンター体育館","category":"public","address":"四日町1-1-29","source":"国土交通省 国土数値情報","municipality_code":"03205","municipality_pref":"岩手県","municipality_name":"花巻市","municipality_code_method":"nearest_centroid"},"geometry":{"type":"Point","coordinates":[141.112979,39.396745]}},{"type":"Feature","properties":{"layer_id":"cultural_facilities","name":"八重畑定住促進センター","category":"public","address":"石鳥谷町猪鼻7-30-1","source":"国土交通省 国土数値情報","municipality_code":"03205","municipality_pref":"岩手県","municipality_name":"花巻市","municipality_code_method":"nearest_centroid"},"geometry":{"type":"Point","coordinates":[141.17329,39.449131]}},{"type":"Feature","properties":{"layer_id":"cultural_facilities","name":"戸塚森森林公園キャンプ場","category":"public","address":"石鳥谷町新堀57-44-7","source":"国土交通省 国土数値情報","municipality_code":"03205","municipality_pref":"岩手県","municipality_name":"花巻市","municipality_code_method":"nearest_centroid"},"geometry":{"type":"Point","coordinates":[141.182716,39.472074]}},{"type":"Feature","properties":{"layer_id":"cultural_facilities","name":"愛宕山公園サイクリングコース","category":"public","address":"大迫町大迫3-39","source":"国土交通省 国土数値情報","municipality_code":"03205","municipality_pref":"岩手県","municipality_name":"花巻市","municipality_code_method":"nearest_centroid"},"geometry":{"type":"Point","coordinates":[141.289721,39.466117]}},{"type":"Feature","properties":{"layer_id":"cultural_facilities","name":"宮沢賢治記念館","category":"public","address":"矢沢1-1-36","source":"国土交通省 国土数値情報","municipality_code":"03205","municipality_pref":"岩手県","municipality_name":"花巻市","municipality_code_method":"nearest_centroid"},"geometry":{"type":"Point","coordinates":[141.162324,39.398962]}},{"type":"Feature","properties":{"layer_id":"cultural_facilities","name":"日居城野陸上競技場","category":"public","address":"松園町613","source":"国土交通省 国土数値情報","municipality_code":"03205","municipality_pref":"岩手県","municipality_name":"花巻市","municipality_code_method":"nearest_centroid"},"geometry":{"type":"Point","coordinates":[141.098866,39.40877]}},{"type":"Feature","properties":{"layer_id":"cultural_facilities","name":"戸塚森森林公園運動広場","category":"public","address":"石鳥谷町新掘57-44-7","source":"国土交通省 国土数値情報","municipality_code":"03205","municipality_pref":"岩手県","municipality_name":"花巻市","municipality_code_method":"nearest_centroid"},"geometry":{"type":"Point","coordinates":[141.1834,39.471406]}},{"type":"Feature","properties":{"layer_id":"cultural_facilities","name":"賢治文学散歩のみち","category":"public","address":"詳細住所不明","source":"国土交通省 国土数値情報","municipality_code":"03205","municipality_pref":"岩手県","municipality_name":"花巻市","municipality_code_method":"nearest_centroid"},"geometry":{"type":"Point","coordinates":[141.162802,39.399509]}},{"type":"Feature","properties":{"layer_id":"cultural_facilities","name":"大迫体育館","category":"public","address":"大迫町大迫3-39","source":"国土交通省 国土数値情報","municipality_code":"03205","municipality_pref":"岩手県","municipality_name":"花巻市","municipality_code_method":"nearest_centroid"},"geometry":{"type":"Point","coordinates":[141.289736,39.46586]}},{"type":"Feature","properties":{"layer_id":"cultural_facilities","name":"湯本中学校","category":"public","address":"湯本第4地割1","source":"国土交通省 国土数値情報","municipality_code":"03205","municipality_pref":"岩手県","municipality_name":"花巻市","municipality_code_method":"nearest_centroid"},"geometry":{"type":"Point","coordinates":[141.087617,39.445767]}},{"type":"Feature","properties":{"layer_id":"cultural_facilities","name":"東和いこいの森キャンプ場","category":"public","address":"東和町田瀬13区48","source":"国土交通省 国土数値情報","municipality_code":"03205","municipality_pref":"岩手県","municipality_name":"花巻市","municipality_code_method":"nearest_centroid"},"geometry":{"type":"Point","coordinates":[141.299348,39.316887]}},{"type":"Feature","properties":{"layer_id":"cultural_facilities","name":"花巻市鉛温泉スキー場","category":"public","address":"鉛字中平36-1","source":"国土交通省 国土数値情報","municipality_code":"03205","municipality_pref":"岩手県","municipality_name":"花巻市","municipality_code_method":"nearest_centroid"},"geometry":{"type":"Point","coordinates":[140.992587,39.462741]}},{"type":"Feature","properties":{"layer_id":"cultural_facilities","name":"毘沙門天のみち","category":"public","address":"東和町","source":"国土交通省 国土数値情報","municipality_code":"03205","municipality_pref":"岩手県","municipality_name":"花巻市","municipality_code_method":"nearest_centroid"},"geometry":{"type":"Point","coordinates":[141.232776,39.383621]}},{"type":"Feature","properties":{"layer_id":"cultural_facilities","name":"花巻中学校テニスコート","category":"public","address":"若葉町2-16-22","source":"国土交通省 国土数値情報","municipality_code":"03205","municipality_pref":"岩手県","municipality_name":"花巻市","municipality_code_method":"nearest_centroid"},"geometry":{"type":"Point","coordinates":[141.101387,39.388378]}},{"type":"Feature","properties":{"layer_id":"cultural_facilities","name":"矢沢農村運動広場屋外プール","category":"public","address":"矢沢13地割94-2","source":"国土交通省 国土数値情報","municipality_code":"03205","municipality_pref":"岩手県","municipality_name":"花巻市","municipality_code_method":"nearest_centroid"},"geometry":{"type":"Point","coordinates":[141.186539,39.403228]}},{"type":"Feature","properties":{"layer_id":"cultural_facilities","name":"外川目地区林業者等トレーニングセンター","category":"public","address":"大迫町外川目23-55","source":"国土交通省 国土数値情報","municipality_code":"03205","municipality_pref":"岩手県","municipality_name":"花巻市","municipality_code_method":"nearest_centroid"},"geometry":{"type":"Point","coordinates":[141.309988,39.443507]}},{"type":"Feature","properties":{"layer_id":"cultural_facilities","name":"八日市運動公園プール","category":"public","address":"石鳥谷町大興寺8-120-3","source":"国土交通省 国土数値情報","municipality_code":"03205","municipality_pref":"岩手県","municipality_name":"花巻市","municipality_code_method":"nearest_centroid"},"geometry":{"type":"Point","coordinates":[141.118952,39.477062]}},{"type":"Feature","properties":{"layer_id":"cultural_facilities","name":"生涯学園都市会館体育室","category":"public","address":"花城1-47","source":"国土交通省 国土数値情報","municipality_code":"03205","municipality_pref":"岩手県","municipality_name":"花巻市","municipality_code_method":"nearest_centroid"},"geometry":{"type":"Point","coordinates":[141.115112,39.390789]}},{"type":"Feature","properties":{"layer_id":"cultural_facilities","name":"湯治場のみち","category":"public","address":"詳細住所不明","source":"国土交通省 国土数値情報","municipality_code":"03205","municipality_pref":"岩手県","municipality_name":"花巻市","municipality_code_method":"nearest_centroid"},"geometry":{"type":"Point","coordinates":[141.021962,39.44151]}},{"type":"Feature","properties":{"layer_id":"cultural_facilities","name":"愛宕山公園グラウンド","category":"public","address":"大迫町大迫3-39","source":"国土交通省 国土数値情報","municipality_code":"03205","municipality_pref":"岩手県","municipality_name":"花巻市","municipality_code_method":"nearest_centroid"},"geometry":{"type":"Point","coordinates":[141.288699,39.465848]}},{"type":"Feature","properties":{"layer_id":"cultural_facilities","name":"二枚橋体育館","category":"public","address":"石鳥谷町南寺林5-143-7","source":"国土交通省 国土数値情報","municipality_code":"03205","municipality_pref":"岩手県","municipality_name":"花巻市","municipality_code_method":"nearest_centroid"},"geometry":{"type":"Point","coordinates":[141.133601,39.444427]}},{"type":"Feature","properties":{"layer_id":"cultural_facilities","name":"石鳥谷ＯＬパーマネントコース","category":"public","address":"石鳥谷町猪鼻7-30-1","source":"国土交通省 国土数値情報","municipality_code":"03205","municipality_pref":"岩手県","municipality_name":"花巻市","municipality_code_method":"nearest_centroid"},"geometry":{"type":"Point","coordinates":[141.176481,39.450143]}},{"type":"Feature","properties":{"layer_id":"cultural_facilities","name":"東和町農業者トレーニングセンター","category":"public","address":"東和町安俵6区114","source":"国土交通省 国土数値情報","municipality_code":"03205","municipality_pref":"岩手県","municipality_name":"花巻市","municipality_code_method":"nearest_centroid"},"geometry":{"type":"Point","coordinates":[141.222695,39.385539]}},{"type":"Feature","properties":{"layer_id":"cultural_facilities","name":"萬鉄五郎記念美術館","category":"public","address":"東和町土沢5区135","source":"国土交通省 国土数値情報","municipality_code":"03205","municipality_pref":"岩手県","municipality_name":"花巻市","municipality_code_method":"nearest_centroid"},"geometry":{"type":"Point","coordinates":[141.231485,39.387297]}},{"type":"Feature","properties":{"layer_id":"cultural_facilities","name":"東和相撲場","category":"public","address":"東和町安俵6区116","source":"国土交通省 国土数値情報","municipality_code":"03205","municipality_pref":"岩手県","municipality_name":"花巻市","municipality_code_method":"nearest_centroid"},"geometry":{"type":"Point","coordinates":[141.222909,39.3857]}},{"type":"Feature","properties":{"layer_id":"cultural_facilities","name":"花巻市総合体育館","category":"public","address":"松園町50","source":"国土交通省 国土数値情報","municipality_code":"03205","municipality_pref":"岩手県","municipality_name":"花巻市","municipality_code_method":"nearest_centroid"},"geometry":{"type":"Point","coordinates":[141.096612,39.406417]}},{"type":"Feature","properties":{"layer_id":"cultural_facilities","name":"石鳥谷中学校","category":"public","address":"石鳥谷町八幡6-37-1","source":"国土交通省 国土数値情報","municipality_code":"03205","municipality_pref":"岩手県","municipality_name":"花巻市","municipality_code_method":"nearest_centroid"},"geometry":{"type":"Point","coordinates":[141.149916,39.479197]}},{"type":"Feature","properties":{"layer_id":"cultural_facilities","name":"花巻市立東和図書館","category":"public","address":"東和町安俵6-90","source":"国土交通省 国土数値情報","municipality_code":"03205","municipality_pref":"岩手県","municipality_name":"花巻市","municipality_code_method":"nearest_centroid"},"geometry":{"type":"Point","coordinates":[141.224557,39.384964]}},{"type":"Feature","properties":{"layer_id":"cultural_facilities","name":"花巻市博物館","category":"public","address":"高松26-8-1","source":"国土交通省 国土数値情報","municipality_code":"03205","municipality_pref":"岩手県","municipality_name":"花巻市","municipality_code_method":"nearest_centroid"},"geometry":{"type":"Point","coordinates":[141.168422,39.399467]}},{"type":"Feature","properties":{"layer_id":"parks_playgrounds","name":"下二枚橋公園","category":"nature","address":"花巻市","source":"国土交通省 国土数値情報","municipality_code":"03205","municipality_pref":"岩手県","municipality_name":"花巻市","municipality_code_method":"nearest_centroid"},"geometry":{"type":"Point","coordinates":[141.11863822,39.44361009]}},{"type":"Feature","properties":{"layer_id":"parks_playgrounds","name":"一本樋公園","category":"nature","address":"花巻市","source":"国土交通省 国土数値情報","municipality_code":"03205","municipality_pref":"岩手県","municipality_name":"花巻市","municipality_code_method":"nearest_centroid"},"geometry":{"type":"Point","coordinates":[141.1025179,39.39145059]}},{"type":"Feature","properties":{"layer_id":"parks_playgrounds","name":"和田公園","category":"nature","address":"花巻市","source":"国土交通省 国土数値情報","municipality_code":"03205","municipality_pref":"岩手県","municipality_name":"花巻市","municipality_code_method":"nearest_centroid"},"geometry":{"type":"Point","coordinates":[141.22494852,39.38632501]}},{"type":"Feature","properties":{"layer_id":"parks_playgrounds","name":"本館１号児童公園","category":"nature","address":"花巻市","source":"国土交通省 国土数値情報","municipality_code":"03205","municipality_pref":"岩手県","municipality_name":"花巻市","municipality_code_method":"nearest_centroid"},"geometry":{"type":"Point","coordinates":[141.11550572,39.4081608]}},{"type":"Feature","properties":{"layer_id":"parks_playgrounds","name":"日居城野運動公園","category":"nature","address":"花巻市","source":"国土交通省 国土数値情報","municipality_code":"03205","municipality_pref":"岩手県","municipality_name":"花巻市","municipality_code_method":"nearest_centroid"},"geometry":{"type":"Point","coordinates":[141.09855619,39.40711185]}},{"type":"Feature","properties":{"layer_id":"parks_playgrounds","name":"下幅公園","category":"nature","address":"花巻市","source":"国土交通省 国土数値情報","municipality_code":"03205","municipality_pref":"岩手県","municipality_name":"花巻市","municipality_code_method":"nearest_centroid"},"geometry":{"type":"Point","coordinates":[141.11288553,39.39930564]}},{"type":"Feature","properties":{"layer_id":"parks_playgrounds","name":"本館近隣公園","category":"nature","address":"花巻市","source":"国土交通省 国土数値情報","municipality_code":"03205","municipality_pref":"岩手県","municipality_name":"花巻市","municipality_code_method":"nearest_centroid"},"geometry":{"type":"Point","coordinates":[141.11946965,39.40797327]}},{"type":"Feature","properties":{"layer_id":"parks_playgrounds","name":"桜町一丁目公園","category":"nature","address":"花巻市","source":"国土交通省 国土数値情報","municipality_code":"03205","municipality_pref":"岩手県","municipality_name":"花巻市","municipality_code_method":"nearest_centroid"},"geometry":{"type":"Point","coordinates":[141.11488518,39.37839576]}},{"type":"Feature","properties":{"layer_id":"parks_playgrounds","name":"四日町西公園","category":"nature","address":"花巻市","source":"国土交通省 国土数値情報","municipality_code":"03205","municipality_pref":"岩手県","municipality_name":"花巻市","municipality_code_method":"nearest_centroid"},"geometry":{"type":"Point","coordinates":[141.11692487,39.40060787]}},{"type":"Feature","properties":{"layer_id":"parks_playgrounds","name":"星が丘２号公園","category":"nature","address":"花巻市","source":"国土交通省 国土数値情報","municipality_code":"03205","municipality_pref":"岩手県","municipality_name":"花巻市","municipality_code_method":"nearest_centroid"},"geometry":{"type":"Point","coordinates":[141.10201,39.40536]}},{"type":"Feature","properties":{"layer_id":"parks_playgrounds","name":"鳥谷ヶ崎公園","category":"nature","address":"花巻市","source":"国土交通省 国土数値情報","municipality_code":"03205","municipality_pref":"岩手県","municipality_name":"花巻市","municipality_code_method":"nearest_centroid"},"geometry":{"type":"Point","coordinates":[141.12026405,39.3919819]}},{"type":"Feature","properties":{"layer_id":"parks_playgrounds","name":"せせらぎ緑道","category":"nature","address":"花巻市","source":"国土交通省 国土数値情報","municipality_code":"03205","municipality_pref":"岩手県","municipality_name":"花巻市","municipality_code_method":"nearest_centroid"},"geometry":{"type":"Point","coordinates":[141.11008591,39.40379612]}},{"type":"Feature","properties":{"layer_id":"parks_playgrounds","name":"若葉東公園","category":"nature","address":"花巻市","source":"国土交通省 国土数値情報","municipality_code":"03205","municipality_pref":"岩手県","municipality_name":"花巻市","municipality_code_method":"nearest_centroid"},"geometry":{"type":"Point","coordinates":[141.10513001,39.38808563]}},{"type":"Feature","properties":{"layer_id":"parks_playgrounds","name":"愛宕沢西公園","category":"nature","address":"花巻市","source":"国土交通省 国土数値情報","municipality_code":"03205","municipality_pref":"岩手県","municipality_name":"花巻市","municipality_code_method":"nearest_centroid"},"geometry":{"type":"Point","coordinates":[141.10327191,39.39952441]}},{"type":"Feature","properties":{"layer_id":"parks_playgrounds","name":"高田北公園","category":"nature","address":"花巻市","source":"国土交通省 国土数値情報","municipality_code":"03205","municipality_pref":"岩手県","municipality_name":"花巻市","municipality_code_method":"nearest_centroid"},"geometry":{"type":"Point","coordinates":[141.1264604,39.3847165]}},{"type":"Feature","properties":{"layer_id":"parks_playgrounds","name":"藤沢町公園","category":"nature","address":"花巻市","source":"国土交通省 国土数値情報","municipality_code":"03205","municipality_pref":"岩手県","municipality_name":"花巻市","municipality_code_method":"nearest_centroid"},"geometry":{"type":"Point","coordinates":[141.10499536,39.38539783]}},{"type":"Feature","properties":{"layer_id":"parks_playgrounds","name":"四日町北公園","category":"nature","address":"花巻市","source":"国土交通省 国土数値情報","municipality_code":"03205","municipality_pref":"岩手県","municipality_name":"花巻市","municipality_code_method":"nearest_centroid"},"geometry":{"type":"Point","coordinates":[141.11986012,39.40124335]}},{"type":"Feature","properties":{"layer_id":"parks_playgrounds","name":"本館３号児童公園","category":"nature","address":"花巻市","source":"国土交通省 国土数値情報","municipality_code":"03205","municipality_pref":"岩手県","municipality_name":"花巻市","municipality_code_method":"nearest_centroid"},"geometry":{"type":"Point","coordinates":[141.12278696,39.40593984]}},{"type":"Feature","properties":{"layer_id":"parks_playgrounds","name":"星が丘３号公園","category":"nature","address":"花巻市","source":"国土交通省 国土数値情報","municipality_code":"03205","municipality_pref":"岩手県","municipality_name":"花巻市","municipality_code_method":"nearest_centroid"},"geometry":{"type":"Point","coordinates":[141.11004262,39.40326981]}},{"type":"Feature","properties":{"layer_id":"parks_playgrounds","name":"矢沢２号児童公園","category":"nature","address":"花巻市","source":"国土交通省 国土数値情報","municipality_code":"03205","municipality_pref":"岩手県","municipality_name":"花巻市","municipality_code_method":"nearest_centroid"},"geometry":{"type":"Point","coordinates":[141.17060766,39.40944219]}},{"type":"Feature","properties":{"layer_id":"parks_playgrounds","name":"八反清水公園","category":"nature","address":"花巻市","source":"国土交通省 国土数値情報","municipality_code":"03205","municipality_pref":"岩手県","municipality_name":"花巻市","municipality_code_method":"nearest_centroid"},"geometry":{"type":"Point","coordinates":[141.11353183,39.37792824]}},{"type":"Feature","properties":{"layer_id":"parks_playgrounds","name":"ぎんどろ公園","category":"nature","address":"花巻市","source":"国土交通省 国土数値情報","municipality_code":"03205","municipality_pref":"岩手県","municipality_name":"花巻市","municipality_code_method":"nearest_centroid"},"geometry":{"type":"Point","coordinates":[141.10261215,39.38506445]}},{"type":"Feature","properties":{"layer_id":"parks_playgrounds","name":"石神町公園","category":"nature","address":"花巻市","source":"国土交通省 国土数値情報","municipality_code":"03205","municipality_pref":"岩手県","municipality_name":"花巻市","municipality_code_method":"nearest_centroid"},"geometry":{"type":"Point","coordinates":[141.09932935,39.3841275]}},{"type":"Feature","properties":{"layer_id":"parks_playgrounds","name":"高田南公園","category":"nature","address":"花巻市","source":"国土交通省 国土数値情報","municipality_code":"03205","municipality_pref":"岩手県","municipality_name":"花巻市","municipality_code_method":"nearest_centroid"},"geometry":{"type":"Point","coordinates":[141.12609947,39.38228336]}},{"type":"Feature","properties":{"layer_id":"parks_playgrounds","name":"愛宕公園","category":"nature","address":"花巻市","source":"国土交通省 国土数値情報","municipality_code":"03205","municipality_pref":"岩手県","municipality_name":"花巻市","municipality_code_method":"nearest_centroid"},"geometry":{"type":"Point","coordinates":[141.11351836,39.39656574]}},{"type":"Feature","properties":{"layer_id":"parks_playgrounds","name":"テクノパーク公園","category":"nature","address":"花巻市","source":"国土交通省 国土数値情報","municipality_code":"03205","municipality_pref":"岩手県","municipality_name":"花巻市","municipality_code_method":"nearest_centroid"},"geometry":{"type":"Point","coordinates":[141.12354072,39.44670556]}},{"type":"Feature","properties":{"layer_id":"parks_playgrounds","name":"松雲台東公園","category":"nature","address":"花巻市","source":"国土交通省 国土数値情報","municipality_code":"03205","municipality_pref":"岩手県","municipality_name":"花巻市","municipality_code_method":"nearest_centroid"},"geometry":{"type":"Point","coordinates":[141.09771109,39.39836803]}},{"type":"Feature","properties":{"layer_id":"parks_playgrounds","name":"上諏訪公園","category":"nature","address":"花巻市","source":"国土交通省 国土数値情報","municipality_code":"03205","municipality_pref":"岩手県","municipality_name":"花巻市","municipality_code_method":"nearest_centroid"},"geometry":{"type":"Point","coordinates":[141.11077161,39.3753342]}},{"type":"Feature","properties":{"layer_id":"parks_playgrounds","name":"三の丸公園","category":"nature","address":"花巻市","source":"国土交通省 国土数値情報","municipality_code":"03205","municipality_pref":"岩手県","municipality_name":"花巻市","municipality_code_method":"nearest_centroid"},"geometry":{"type":"Point","coordinates":[141.13924029,39.41175775]}},{"type":"Feature","properties":{"layer_id":"parks_playgrounds","name":"松雲台公園","category":"nature","address":"花巻市","source":"国土交通省 国土数値情報","municipality_code":"03205","municipality_pref":"岩手県","municipality_name":"花巻市","municipality_code_method":"nearest_centroid"},"geometry":{"type":"Point","coordinates":[141.09394104,39.39739292]}},{"type":"Feature","properties":{"layer_id":"parks_playgrounds","name":"矢沢５号児童公園","category":"nature","address":"花巻市","source":"国土交通省 国土数値情報","municipality_code":"03205","municipality_pref":"岩手県","municipality_name":"花巻市","municipality_code_method":"nearest_centroid"},"geometry":{"type":"Point","coordinates":[141.17503496,39.40708967]}},{"type":"Feature","properties":{"layer_id":"parks_playgrounds","name":"豊沢川緑地","category":"nature","address":"花巻市","source":"国土交通省 国土数値情報","municipality_code":"03205","municipality_pref":"岩手県","municipality_name":"花巻市","municipality_code_method":"nearest_centroid"},"geometry":{"type":"Point","coordinates":[141.11588811,39.38195994]}},{"type":"Feature","properties":{"layer_id":"parks_playgrounds","name":"吹張ポケットパーク","category":"nature","address":"花巻市","source":"国土交通省 国土数値情報","municipality_code":"03205","municipality_pref":"岩手県","municipality_name":"花巻市","municipality_code_method":"nearest_centroid"},"geometry":{"type":"Point","coordinates":[141.11496828,39.38666688]}},{"type":"Feature","properties":{"layer_id":"parks_playgrounds","name":"藤木橋公園","category":"nature","address":"花巻市","source":"国土交通省 国土数値情報","municipality_code":"03205","municipality_pref":"岩手県","municipality_name":"花巻市","municipality_code_method":"nearest_centroid"},"geometry":{"type":"Point","coordinates":[141.11044374,39.39537371]}},{"type":"Feature","properties":{"layer_id":"parks_playgrounds","name":"越場公園","category":"nature","address":"花巻市","source":"国土交通省 国土数値情報","municipality_code":"03205","municipality_pref":"岩手県","municipality_name":"花巻市","municipality_code_method":"nearest_centroid"},"geometry":{"type":"Point","coordinates":[141.10442985,39.39144017]}},{"type":"Feature","properties":{"layer_id":"parks_playgrounds","name":"花巻広域公園","category":"nature","address":"花巻市","source":"国土交通省 国土数値情報","municipality_code":"03205","municipality_pref":"岩手県","municipality_name":"花巻市","municipality_code_method":"nearest_centroid"},"geometry":{"type":"Point","coordinates":[141.05605478,39.43495695]}},{"type":"Feature","properties":{"layer_id":"parks_playgrounds","name":"矢沢３号児童公園","category":"nature","address":"花巻市","source":"国土交通省 国土数値情報","municipality_code":"03205","municipality_pref":"岩手県","municipality_name":"花巻市","municipality_code_method":"nearest_centroid"},"geometry":{"type":"Point","coordinates":[141.17429692,39.40919216]}},{"type":"Feature","properties":{"layer_id":"parks_playgrounds","name":"矢沢１号児童公園","category":"nature","address":"花巻市","source":"国土交通省 国土数値情報","municipality_code":"03205","municipality_pref":"岩手県","municipality_name":"花巻市","municipality_code_method":"nearest_centroid"},"geometry":{"type":"Point","coordinates":[141.16992097,39.40601472]}},{"type":"Feature","properties":{"layer_id":"parks_playgrounds","name":"愛宕沢東公園","category":"nature","address":"花巻市","source":"国土交通省 国土数値情報","municipality_code":"03205","municipality_pref":"岩手県","municipality_name":"花巻市","municipality_code_method":"nearest_centroid"},"geometry":{"type":"Point","coordinates":[141.10694771,39.3987014]}},{"type":"Feature","properties":{"layer_id":"parks_playgrounds","name":"二枚橋南公園","category":"nature","address":"花巻市","source":"国土交通省 国土数値情報","municipality_code":"03205","municipality_pref":"岩手県","municipality_name":"花巻市","municipality_code_method":"nearest_centroid"},"geometry":{"type":"Point","coordinates":[141.12924406,39.44028041]}},{"type":"Feature","properties":{"layer_id":"parks_playgrounds","name":"星が丘１号公園","category":"nature","address":"花巻市","source":"国土交通省 国土数値情報","municipality_code":"03205","municipality_pref":"岩手県","municipality_name":"花巻市","municipality_code_method":"nearest_centroid"},"geometry":{"type":"Point","coordinates":[141.10366205,39.40384]}},{"type":"Feature","properties":{"layer_id":"parks_playgrounds","name":"戸塚森森林公園","category":"nature","address":"花巻市","source":"国土交通省 国土数値情報","municipality_code":"03205","municipality_pref":"岩手県","municipality_name":"花巻市","municipality_code_method":"nearest_centroid"},"geometry":{"type":"Point","coordinates":[141.18169658,39.47194355]}},{"type":"Feature","properties":{"layer_id":"parks_playgrounds","name":"桜町公園","category":"nature","address":"花巻市","source":"国土交通省 国土数値情報","municipality_code":"03205","municipality_pref":"岩手県","municipality_name":"花巻市","municipality_code_method":"nearest_centroid"},"geometry":{"type":"Point","coordinates":[141.12307813,39.37478205]}},{"type":"Feature","properties":{"layer_id":"parks_playgrounds","name":"本館２号児童公園","category":"nature","address":"花巻市","source":"国土交通省 国土数値情報","municipality_code":"03205","municipality_pref":"岩手県","municipality_name":"花巻市","municipality_code_method":"nearest_centroid"},"geometry":{"type":"Point","coordinates":[141.11888799,39.40601055]}},{"type":"Feature","properties":{"layer_id":"parks_playgrounds","name":"高木ヶ岡公園","category":"nature","address":"花巻市","source":"国土交通省 国土数値情報","municipality_code":"03205","municipality_pref":"岩手県","municipality_name":"花巻市","municipality_code_method":"nearest_centroid"},"geometry":{"type":"Point","coordinates":[141.14536449,39.3814578]}},{"type":"Feature","properties":{"layer_id":"parks_playgrounds","name":"若葉公園","category":"nature","address":"花巻市","source":"国土交通省 国土数値情報","municipality_code":"03205","municipality_pref":"岩手県","municipality_name":"花巻市","municipality_code_method":"nearest_centroid"},"geometry":{"type":"Point","coordinates":[141.10273333,39.38698134]}},{"type":"Feature","properties":{"layer_id":"parks_playgrounds","name":"どめき公園","category":"nature","address":"花巻市","source":"国土交通省 国土数値情報","municipality_code":"03205","municipality_pref":"岩手県","municipality_name":"花巻市","municipality_code_method":"nearest_centroid"},"geometry":{"type":"Point","coordinates":[141.10553394,39.39430507]}},{"type":"Feature","properties":{"layer_id":"parks_playgrounds","name":"流通業務団地北公園","category":"nature","address":"花巻市","source":"国土交通省 国土数値情報","municipality_code":"03205","municipality_pref":"岩手県","municipality_name":"花巻市","municipality_code_method":"nearest_centroid"},"geometry":{"type":"Point","coordinates":[141.13575267,39.41538416]}},{"type":"Feature","properties":{"layer_id":"parks_playgrounds","name":"大迫総合運動公園","category":"nature","address":"花巻市","source":"国土交通省 国土数値情報","municipality_code":"03205","municipality_pref":"岩手県","municipality_name":"花巻市","municipality_code_method":"nearest_centroid"},"geometry":{"type":"Point","coordinates":[141.27356478,39.46672299]}},{"type":"Feature","properties":{"layer_id":"parks_playgrounds","name":"銭根公園","category":"nature","address":"花巻市","source":"国土交通省 国土数値情報","municipality_code":"03205","municipality_pref":"岩手県","municipality_name":"花巻市","municipality_code_method":"nearest_centroid"},"geometry":{"type":"Point","coordinates":[141.08556615,39.46093755]}},{"type":"Feature","properties":{"layer_id":"parks_playgrounds","name":"矢沢４号児童公園","category":"nature","address":"花巻市","source":"国土交通省 国土数値情報","municipality_code":"03205","municipality_pref":"岩手県","municipality_name":"花巻市","municipality_code_method":"nearest_centroid"},"geometry":{"type":"Point","coordinates":[141.1772591,39.40887963]}},{"type":"Feature","properties":{"layer_id":"parks_playgrounds","name":"材木町公園","category":"nature","address":"花巻市","source":"国土交通省 国土数値情報","municipality_code":"03205","municipality_pref":"岩手県","municipality_name":"花巻市","municipality_code_method":"nearest_centroid"},"geometry":{"type":"Point","coordinates":[141.1090347,39.3891795]}},{"type":"Feature","properties":{"layer_id":"parks_playgrounds","name":"鹿頭公園","category":"nature","address":"花巻市","source":"国土交通省 国土数値情報","municipality_code":"03205","municipality_pref":"岩手県","municipality_name":"花巻市","municipality_code_method":"nearest_centroid"},"geometry":{"type":"Point","coordinates":[141.11379336,39.39066348]}},{"type":"Feature","properties":{"layer_id":"parks_playgrounds","name":"下北万丁目公園","category":"nature","address":"花巻市","source":"国土交通省 国土数値情報","municipality_code":"03205","municipality_pref":"岩手県","municipality_name":"花巻市","municipality_code_method":"nearest_centroid"},"geometry":{"type":"Point","coordinates":[141.10799793,39.39454468]}},{"type":"Feature","properties":{"layer_id":"tourism_resources","name":"釜淵ノ滝","category":"nature","address":"河川景観 / 滝","source":"国土交通省 国土数値情報","municipality_code":"03205","municipality_pref":"岩手県","municipality_name":"花巻市","municipality_code_method":"nearest_centroid","resource_code":"610"},"geometry":{"type":"Point","coordinates":[141.06613159179688,39.455535888671875]}},{"type":"Feature","properties":{"layer_id":"tourism_resources","name":"緒ヶ瀬滝","category":"nature","address":"河川景観 / 滝","source":"国土交通省 国土数値情報","municipality_code":"03205","municipality_pref":"岩手県","municipality_name":"花巻市","municipality_code_method":"nearest_centroid","resource_code":"610"},"geometry":{"type":"Point","coordinates":[141.06637573242188,39.4537467956543]}}],"display_comment_original":"花巻市周辺には、近世村の記憶として花巻村、里川口村、北万丁目村などの旧村名が見える。 この地域には寺社や信仰の場、史跡や遺跡、城跡や陣屋跡に関わる場所が見え、土沢城跡、大迫城跡、寺林城跡のような地点が探索の入口になる。 現地では史跡説明板、花巻村、里川口村ゆかりの旧境石標や村の歴史案内板が手がかりになりそうだ。さらに田・新田・用水の地名が多く、土地改良碑や用水記念碑が見つかる可能性がある。水辺の暮らしや堤防整備の歴史を示す案内板に加え、治水碑や河川改修の記念碑が狙い目になる。","story_enrichment":{"samurai_priority_people":["新渡戸傳"],"notable_people":["新渡戸傳","宮沢賢治","松本竣介","阿部千一","大石スク"],"honorary_citizens":[],"tourism_landmarks":["花巻神社","花巻城址","鳥谷ヶ崎神社","同心家屋","花巻温泉郷","花巻南温泉峡","東和温泉","桜地人館"],"specialties":[],"food_culture":[],"historical_domains":[],"heian_place_names":[],"japan_search_support":["花巻市史 人物誌 https://jpsearch.go.jp/item/dignl-2994251","16_青森県史資料編近世6 https://jpsearch.go.jp/item/aokenshida_txt-kins6_000_32","30_青森県史文化財編美術工芸 https://jpsearch.go.jp/item/aokenshida_txt-Bijyutu_323_01"],"enrichment_sources":["https://ja.wikipedia.org/wiki/%E8%8A%B1%E5%B7%BB%E5%B8%82","https://www.wikidata.org/wiki/Q11502743","https://www.wikidata.org/wiki/Q55993","https://www.wikidata.org/wiki/Q2811944","https://www.wikidata.org/wiki/Q11657776","https://www.wikidata.org/wiki/Q99767393","https://www.wikidata.org/wiki/Q6455360","https://www.wikidata.org/wiki/Q11632986","https://www.wikidata.org/wiki/Q5886138","https://www.wikidata.org/wiki/Q27920657","https://www.wikidata.org/wiki/Q11472066","https://www.wikidata.org/wiki/Q11463030","https://www.wikidata.org/wiki/Q7505100","https://www.wikidata.org/wiki/Q11384086","https://www.wikidata.org/wiki/Q11476265","https://jpsearch.go.jp/csearch/jps-cross?csid=jps-cross&keyword=%E6%96%B0%E6%B8%A1%E6%88%B8%E5%82%B3&keyword=%E8%8A%B1%E5%B7%BB%E5%B8%82"],"enrichment_errors":[],"wikipedia_title":"花巻市","wikipedia_revision_id":"110872251","wikidata_qid":"Q317827","wikipedia_url":"https://ja.wikipedia.org/wiki/%E8%8A%B1%E5%B7%BB%E5%B8%82","japan_search_query_url":"https://jpsearch.go.jp/csearch/jps-cross?csid=jps-cross&keyword=%E6%96%B0%E6%B8%A1%E6%88%B8%E5%82%B3&keyword=%E8%8A%B1%E5%B7%BB%E5%B8%82","status":"wikipedia_ok"}}