{"type":"FeatureCollection","municipality_code":"11202","pref":"埼玉県","city":"熊谷市","display_comment":"熊谷市には、石原村、肥塚村、広瀬村など、近世の村々の記憶を伝える地名が残っています。 周辺には寺社や信仰の場、史跡や遺跡、古墳や貝塚にまつわる場所が点在し、「黒沢館跡」、「西別府祭祀遺跡」、「成田氏館跡」などを起点に歩くと、地域の歴史がぐっと見えやすくなります。 現地では史跡説明板に加え、石原村や肥塚村にゆかりのある旧境石標、村の歴史を紹介する案内板にも注目してみてください。 田・新田・用水にちなむ地名が多い場所では、土地改良碑や用水記念碑も注目したい探索対象です。 川沿いや水辺では、暮らしや堤防整備の歴史を伝える案内板、治水碑、河川改修の記念碑にも注目してみてください。 ゆかりの人物では弘中又一や杉森久英に注目すると、地域に残る文化や時代背景をさらに深く知るきっかけになります。 「日本さくら名所100選」や「五家宝」などの名所も、地域の物語を深掘りする絶好の入口です。 さらに、「五家宝」や「ミニくま」といった名物や食文化に触れると、その土地らしい暮らしまで感じられるでしょう。 さらに平安期の地名として伝わる親王任国や武蔵国村を知っておくと、古い土地の呼び名にも気づきやすくなります。","layer_counts":{"cafe_restaurant":106,"public_facilities":109,"scenic_nature_areas":1,"cultural_facilities":39,"parks_playgrounds":73,"tourism_resources":1},"total_features":329,"features":[{"type":"Feature","properties":{"layer_id":"cafe_restaurant","name":"ヤオコー　熊谷箱田店　(精肉)","category":"food","address":"埼玉県熊谷市箱田1丁目14番1号","source":"厚生労働省 食品衛生申請等システム（オープンデータ）","municipality_code":"11202","municipality_pref":"埼玉県","municipality_name":"熊谷市","municipality_code_method":"food_exact_coord"},"geometry":{"type":"Point","coordinates":[139.384544,36.151662]}},{"type":"Feature","properties":{"layer_id":"cafe_restaurant","name":"ヤオコー　熊谷箱田店　(惣菜・寿司)","category":"food","address":"埼玉県熊谷市箱田1丁目14番1号","source":"厚生労働省 食品衛生申請等システム（オープンデータ）","municipality_code":"11202","municipality_pref":"埼玉県","municipality_name":"熊谷市","municipality_code_method":"food_exact_coord"},"geometry":{"type":"Point","coordinates":[139.384544,36.151662]}},{"type":"Feature","properties":{"layer_id":"cafe_restaurant","name":"ヤオコー　熊谷ニットーモール店　(惣菜厨房)","category":"food","address":"埼玉県熊谷市銀座2丁目245番地","source":"厚生労働省 食品衛生申請等システム（オープンデータ）","municipality_code":"11202","municipality_pref":"埼玉県","municipality_name":"熊谷市","municipality_code_method":"food_exact_coord"},"geometry":{"type":"Point","coordinates":[139.39364,36.138752]}},{"type":"Feature","properties":{"layer_id":"cafe_restaurant","name":"ヤオコー　熊谷ニットーモール店　(惣菜・寿司)","category":"food","address":"埼玉県熊谷市銀座2丁目245番地","source":"厚生労働省 食品衛生申請等システム（オープンデータ）","municipality_code":"11202","municipality_pref":"埼玉県","municipality_name":"熊谷市","municipality_code_method":"food_exact_coord"},"geometry":{"type":"Point","coordinates":[139.39364,36.138752]}},{"type":"Feature","properties":{"layer_id":"cafe_restaurant","name":"ヤオコー　熊谷箱田店　(惣菜厨房)","category":"food","address":"埼玉県熊谷市箱田1丁目14番1号","source":"厚生労働省 食品衛生申請等システム（オープンデータ）","municipality_code":"11202","municipality_pref":"埼玉県","municipality_name":"熊谷市","municipality_code_method":"food_exact_coord"},"geometry":{"type":"Point","coordinates":[139.384544,36.151662]}},{"type":"Feature","properties":{"layer_id":"cafe_restaurant","name":"ヤオコー　籠原店　(惣菜厨房)","category":"food","address":"埼玉県熊谷市拾六間710番4","source":"厚生労働省 食品衛生申請等システム（オープンデータ）","municipality_code":"11202","municipality_pref":"埼玉県","municipality_name":"熊谷市","municipality_code_method":"food_exact_coord"},"geometry":{"type":"Point","coordinates":[139.320513,36.172245]}},{"type":"Feature","properties":{"layer_id":"cafe_restaurant","name":"ヤオコー　熊谷ニットーモール店　(精肉)","category":"food","address":"埼玉県熊谷市銀座2丁目245番地","source":"厚生労働省 食品衛生申請等システム（オープンデータ）","municipality_code":"11202","municipality_pref":"埼玉県","municipality_name":"熊谷市","municipality_code_method":"food_exact_coord"},"geometry":{"type":"Point","coordinates":[139.39364,36.138752]}},{"type":"Feature","properties":{"layer_id":"cafe_restaurant","name":"ヤオコー　籠原店　(精肉)","category":"food","address":"埼玉県熊谷市拾六間710番4","source":"厚生労働省 食品衛生申請等システム（オープンデータ）","municipality_code":"11202","municipality_pref":"埼玉県","municipality_name":"熊谷市","municipality_code_method":"food_exact_coord"},"geometry":{"type":"Point","coordinates":[139.320513,36.172245]}},{"type":"Feature","properties":{"layer_id":"cafe_restaurant","name":"ヤオコー　籠原店　(寿司)","category":"food","address":"埼玉県熊谷市拾六間710番4","source":"厚生労働省 食品衛生申請等システム（オープンデータ）","municipality_code":"11202","municipality_pref":"埼玉県","municipality_name":"熊谷市","municipality_code_method":"food_exact_coord"},"geometry":{"type":"Point","coordinates":[139.320513,36.172245]}},{"type":"Feature","properties":{"layer_id":"cafe_restaurant","name":"ヤオコー　籠原店　(惣菜)","category":"food","address":"埼玉県熊谷市拾六間710番4","source":"厚生労働省 食品衛生申請等システム（オープンデータ）","municipality_code":"11202","municipality_pref":"埼玉県","municipality_name":"熊谷市","municipality_code_method":"food_exact_coord"},"geometry":{"type":"Point","coordinates":[139.320513,36.172245]}},{"type":"Feature","properties":{"layer_id":"cafe_restaurant","name":"あやめの郷　船木台","category":"food","address":"埼玉県熊谷市船木台３丁目１番20","source":"厚生労働省 食品衛生申請等システム（オープンデータ）","municipality_code":"11202","municipality_pref":"埼玉県","municipality_name":"熊谷市","municipality_code_method":"food_exact_coord"},"geometry":{"type":"Point","coordinates":[139.415434,36.077796]}},{"type":"Feature","properties":{"layer_id":"cafe_restaurant","name":"しゃぶ葉　熊谷銀座店","category":"food","address":"埼玉県熊谷市銀座３丁目３１－１","source":"厚生労働省 食品衛生申請等システム（オープンデータ）","municipality_code":"11202","municipality_pref":"埼玉県","municipality_name":"熊谷市","municipality_code_method":"food_exact_coord"},"geometry":{"type":"Point","coordinates":[139.396537,36.141819]}},{"type":"Feature","properties":{"layer_id":"cafe_restaurant","name":"ガスト 熊谷ニットーモール店","category":"food","address":"埼玉県熊谷市銀座２丁目２４５番地２４６番地 熊谷ニットーモール１階","source":"厚生労働省 食品衛生申請等システム（オープンデータ）","municipality_code":"11202","municipality_pref":"埼玉県","municipality_name":"熊谷市","municipality_code_method":"food_exact_coord"},"geometry":{"type":"Point","coordinates":[139.39364,36.138752]}},{"type":"Feature","properties":{"layer_id":"cafe_restaurant","name":"障害者支援施設熊谷事業所","category":"food","address":"埼玉県熊谷市野原1064-1 障害者支援施設熊谷","source":"厚生労働省 食品衛生申請等システム（オープンデータ）","municipality_code":"11202","municipality_pref":"埼玉県","municipality_name":"熊谷市","municipality_code_method":"food_exact_coord"},"geometry":{"type":"Point","coordinates":[139.372435,36.10071]}},{"type":"Feature","properties":{"layer_id":"cafe_restaurant","name":"くら寿司　熊谷駅前店","category":"food","address":"埼玉県熊谷市銀座2-97 CARPA 1階","source":"厚生労働省 食品衛生申請等システム（オープンデータ）","municipality_code":"11202","municipality_pref":"埼玉県","municipality_name":"熊谷市","municipality_code_method":"food_exact_coord"},"geometry":{"type":"Point","coordinates":[139.395004,36.139103]}},{"type":"Feature","properties":{"layer_id":"cafe_restaurant","name":"いなげや大里江南店　デリカ","category":"food","address":"埼玉県熊谷市江南中央２－１９－１","source":"厚生労働省 食品衛生申請等システム（オープンデータ）","municipality_code":"11202","municipality_pref":"埼玉県","municipality_name":"熊谷市","municipality_code_method":"food_exact_coord"},"geometry":{"type":"Point","coordinates":[139.340174,36.113491]}},{"type":"Feature","properties":{"layer_id":"cafe_restaurant","name":"いなげや大里江南店　寿司","category":"food","address":"埼玉県熊谷市江南中央２－１９－１","source":"厚生労働省 食品衛生申請等システム（オープンデータ）","municipality_code":"11202","municipality_pref":"埼玉県","municipality_name":"熊谷市","municipality_code_method":"food_exact_coord"},"geometry":{"type":"Point","coordinates":[139.340174,36.113491]}},{"type":"Feature","properties":{"layer_id":"cafe_restaurant","name":"いなげや大里江南店（鮮魚鮨）","category":"food","address":"埼玉県熊谷市江南中央2-19-1","source":"厚生労働省 食品衛生申請等システム（オープンデータ）","municipality_code":"11202","municipality_pref":"埼玉県","municipality_name":"熊谷市","municipality_code_method":"food_exact_coord"},"geometry":{"type":"Point","coordinates":[139.340174,36.113491]}},{"type":"Feature","properties":{"layer_id":"cafe_restaurant","name":"いろり庵きらく熊谷店","category":"food","address":"埼玉県熊谷市筑波2-112","source":"厚生労働省 食品衛生申請等システム（オープンデータ）","municipality_code":"11202","municipality_pref":"埼玉県","municipality_name":"熊谷市","municipality_code_method":"food_exact_coord"},"geometry":{"type":"Point","coordinates":[139.390051,36.139687]}},{"type":"Feature","properties":{"layer_id":"cafe_restaurant","name":"いろり庵きらく　熊谷改札内店","category":"food","address":"埼玉県熊谷市筑波2丁目115 JR熊谷駅改札内","source":"厚生労働省 食品衛生申請等システム（オープンデータ）","municipality_code":"11202","municipality_pref":"埼玉県","municipality_name":"熊谷市","municipality_code_method":"food_exact_coord"},"geometry":{"type":"Point","coordinates":[139.38991,36.139575]}},{"type":"Feature","properties":{"layer_id":"cafe_restaurant","name":"アトラス号","category":"food","address":"埼玉県熊谷市上川上８１０","source":"厚生労働省 食品衛生申請等システム（オープンデータ）","municipality_code":"11202","municipality_pref":"埼玉県","municipality_name":"熊谷市","municipality_code_method":"food_exact_coord"},"geometry":{"type":"Point","coordinates":[139.401657,36.167977]}},{"type":"Feature","properties":{"layer_id":"cafe_restaurant","name":"タイタン号","category":"food","address":"埼玉県熊谷市上川上８１０","source":"厚生労働省 食品衛生申請等システム（オープンデータ）","municipality_code":"11202","municipality_pref":"埼玉県","municipality_name":"熊谷市","municipality_code_method":"food_exact_coord"},"geometry":{"type":"Point","coordinates":[139.401657,36.167977]}},{"type":"Feature","properties":{"layer_id":"cafe_restaurant","name":"ベンツ10号","category":"food","address":"埼玉県熊谷市上川上８１０","source":"厚生労働省 食品衛生申請等システム（オープンデータ）","municipality_code":"11202","municipality_pref":"埼玉県","municipality_name":"熊谷市","municipality_code_method":"food_exact_coord"},"geometry":{"type":"Point","coordinates":[139.401607,36.1683]}},{"type":"Feature","properties":{"layer_id":"cafe_restaurant","name":"ワーゲンクセニッツ号","category":"food","address":"埼玉県熊谷市上川上300","source":"厚生労働省 食品衛生申請等システム（オープンデータ）","municipality_code":"11202","municipality_pref":"埼玉県","municipality_name":"熊谷市","municipality_code_method":"food_exact_coord"},"geometry":{"type":"Point","coordinates":[139.412413,36.167782]}},{"type":"Feature","properties":{"layer_id":"cafe_restaurant","name":"ベンツ６号","category":"food","address":"埼玉県熊谷市熊谷ドーム（主たる営業地）","source":"厚生労働省 食品衛生申請等システム（オープンデータ）","municipality_code":"11202","municipality_pref":"埼玉県","municipality_name":"熊谷市","municipality_code_method":"food_exact_coord"},"geometry":{"type":"Point","coordinates":[139.409543,36.166366]}},{"type":"Feature","properties":{"layer_id":"cafe_restaurant","name":"ベンツ4号","category":"food","address":"埼玉県熊谷市熊谷ドーム（主たる営業地）","source":"厚生労働省 食品衛生申請等システム（オープンデータ）","municipality_code":"11202","municipality_pref":"埼玉県","municipality_name":"熊谷市","municipality_code_method":"food_exact_coord"},"geometry":{"type":"Point","coordinates":[139.409543,36.166366]}},{"type":"Feature","properties":{"layer_id":"cafe_restaurant","name":"ベンツ7号","category":"food","address":"埼玉県熊谷市熊谷ドーム（主たる営業地）","source":"厚生労働省 食品衛生申請等システム（オープンデータ）","municipality_code":"11202","municipality_pref":"埼玉県","municipality_name":"熊谷市","municipality_code_method":"food_exact_coord"},"geometry":{"type":"Point","coordinates":[139.409543,36.166366]}},{"type":"Feature","properties":{"layer_id":"cafe_restaurant","name":"がってん寿司　熊谷石原店","category":"food","address":"埼玉県熊谷市石原2-1","source":"厚生労働省 食品衛生申請等システム（オープンデータ）","municipality_code":"11202","municipality_pref":"埼玉県","municipality_name":"熊谷市","municipality_code_method":"food_exact_coord"},"geometry":{"type":"Point","coordinates":[139.374106,36.14987]}},{"type":"Feature","properties":{"layer_id":"cafe_restaurant","name":"鳥貴族　熊谷駅前店","category":"food","address":"埼玉県熊谷市筑波2-49-1 五大ﾋﾞﾙ6階","source":"厚生労働省 食品衛生申請等システム（オープンデータ）","municipality_code":"11202","municipality_pref":"埼玉県","municipality_name":"熊谷市","municipality_code_method":"food_exact_coord"},"geometry":{"type":"Point","coordinates":[139.389556,36.140748]}},{"type":"Feature","properties":{"layer_id":"cafe_restaurant","name":"ミスタードーナツ　アズ熊谷ショップ","category":"food","address":"埼玉県熊谷市筑波2丁目115番地 アズ熊谷905区画","source":"厚生労働省 食品衛生申請等システム（オープンデータ）","municipality_code":"11202","municipality_pref":"埼玉県","municipality_name":"熊谷市","municipality_code_method":"food_exact_coord"},"geometry":{"type":"Point","coordinates":[139.38991,36.139575]}},{"type":"Feature","properties":{"layer_id":"cafe_restaurant","name":"ミスタードーナツ　熊谷ニットーモールショップ","category":"food","address":"埼玉県熊谷市銀座2-245 SCニットーモール1F","source":"厚生労働省 食品衛生申請等システム（オープンデータ）","municipality_code":"11202","municipality_pref":"埼玉県","municipality_name":"熊谷市","municipality_code_method":"food_exact_coord"},"geometry":{"type":"Point","coordinates":[139.39364,36.138752]}},{"type":"Feature","properties":{"layer_id":"cafe_restaurant","name":"木曽路熊谷店","category":"food","address":"埼玉県熊谷市本町1番地17号","source":"厚生労働省 食品衛生申請等システム（オープンデータ）","municipality_code":"11202","municipality_pref":"埼玉県","municipality_name":"熊谷市","municipality_code_method":"food_exact_coord"},"geometry":{"type":"Point","coordinates":[139.383017,36.144024]}},{"type":"Feature","properties":{"layer_id":"cafe_restaurant","name":"介護老人保健施設トワーム熊谷","category":"food","address":"埼玉県熊谷市小曽根337-1","source":"厚生労働省 食品衛生申請等システム（オープンデータ）","municipality_code":"11202","municipality_pref":"埼玉県","municipality_name":"熊谷市","municipality_code_method":"food_exact_coord"},"geometry":{"type":"Point","coordinates":[139.390236,36.173734]}},{"type":"Feature","properties":{"layer_id":"cafe_restaurant","name":"はま寿司　熊谷店","category":"food","address":"埼玉県熊谷市月見町2-1-65","source":"厚生労働省 食品衛生申請等システム（オープンデータ）","municipality_code":"11202","municipality_pref":"埼玉県","municipality_name":"熊谷市","municipality_code_method":"food_exact_coord"},"geometry":{"type":"Point","coordinates":[139.369565,36.146164]}},{"type":"Feature","properties":{"layer_id":"cafe_restaurant","name":"生活協同組合コープみらい　コープ熊谷店","category":"food","address":"埼玉県熊谷市肥塚1-１-４０","source":"厚生労働省 食品衛生申請等システム（オープンデータ）","municipality_code":"11202","municipality_pref":"埼玉県","municipality_name":"熊谷市","municipality_code_method":"food_exact_coord"},"geometry":{"type":"Point","coordinates":[139.38838,36.15679]}},{"type":"Feature","properties":{"layer_id":"cafe_restaurant","name":"サイゼリヤ熊谷駅ビル・アズ店","category":"food","address":"埼玉県熊谷市筑波2-115 熊谷駅ﾋﾞﾙ･ｱｽﾞ5F","source":"厚生労働省 食品衛生申請等システム（オープンデータ）","municipality_code":"11202","municipality_pref":"埼玉県","municipality_name":"熊谷市","municipality_code_method":"food_exact_coord"},"geometry":{"type":"Point","coordinates":[139.38991,36.139575]}},{"type":"Feature","properties":{"layer_id":"cafe_restaurant","name":"松屋・松のや　熊谷バイパス店","category":"food","address":"埼玉県熊谷市肥塚1408-3","source":"厚生労働省 食品衛生申請等システム（オープンデータ）","municipality_code":"11202","municipality_pref":"埼玉県","municipality_name":"熊谷市","municipality_code_method":"food_exact_coord"},"geometry":{"type":"Point","coordinates":[139.391279,36.164752]}},{"type":"Feature","properties":{"layer_id":"cafe_restaurant","name":"すき家　熊谷BP店","category":"food","address":"埼玉県熊谷市上之4004-1","source":"厚生労働省 食品衛生申請等システム（オープンデータ）","municipality_code":"11202","municipality_pref":"埼玉県","municipality_name":"熊谷市","municipality_code_method":"food_exact_coord"},"geometry":{"type":"Point","coordinates":[139.41539,36.15433]}},{"type":"Feature","properties":{"layer_id":"cafe_restaurant","name":"すき家　407号熊谷弥藤吾店","category":"food","address":"埼玉県熊谷市弥藤吾1519-2","source":"厚生労働省 食品衛生申請等システム（オープンデータ）","municipality_code":"11202","municipality_pref":"埼玉県","municipality_name":"熊谷市","municipality_code_method":"food_exact_coord"},"geometry":{"type":"Point","coordinates":[139.380306,36.114112]}},{"type":"Feature","properties":{"layer_id":"cafe_restaurant","name":"すき家　17号熊谷新島店","category":"food","address":"埼玉県熊谷市新島20-4","source":"厚生労働省 食品衛生申請等システム（オープンデータ）","municipality_code":"11202","municipality_pref":"埼玉県","municipality_name":"熊谷市","municipality_code_method":"food_exact_coord"},"geometry":{"type":"Point","coordinates":[139.363411,36.162159]}},{"type":"Feature","properties":{"layer_id":"cafe_restaurant","name":"PARO-PARO","category":"food","address":"埼玉県熊谷市美土里町二丁目76番地１","source":"厚生労働省 食品衛生申請等システム（オープンデータ）","municipality_code":"11202","municipality_pref":"埼玉県","municipality_name":"熊谷市","municipality_code_method":"food_exact_coord"},"geometry":{"type":"Point","coordinates":[139.315455,36.16806]}},{"type":"Feature","properties":{"layer_id":"cafe_restaurant","name":"アジ庵","category":"food","address":"埼玉県熊谷市末広３丁目９−１","source":"厚生労働省 食品衛生申請等システム（オープンデータ）","municipality_code":"11202","municipality_pref":"埼玉県","municipality_name":"熊谷市","municipality_code_method":"food_exact_coord"},"geometry":{"type":"Point","coordinates":[139.396433,36.143401]}},{"type":"Feature","properties":{"layer_id":"cafe_restaurant","name":"マリエールウィル スタジオ","category":"food","address":"埼玉県熊谷市末広町3−9−1","source":"厚生労働省 食品衛生申請等システム（オープンデータ）","municipality_code":"11202","municipality_pref":"埼玉県","municipality_name":"熊谷市","municipality_code_method":"food_exact_coord"},"geometry":{"type":"Point","coordinates":[139.395882,36.144058]}},{"type":"Feature","properties":{"layer_id":"cafe_restaurant","name":"アシカのこむらがえり","category":"food","address":"埼玉県熊谷市上中条","source":"厚生労働省 食品衛生申請等システム（オープンデータ）","municipality_code":"11202","municipality_pref":"埼玉県","municipality_name":"熊谷市","municipality_code_method":"food_exact_coord"},"geometry":{"type":"Point","coordinates":[139.413564,36.180942]}},{"type":"Feature","properties":{"layer_id":"cafe_restaurant","name":"かつはな亭　熊谷店","category":"food","address":"埼玉県熊谷市肥塚4-105","source":"厚生労働省 食品衛生申請等システム（オープンデータ）","municipality_code":"11202","municipality_pref":"埼玉県","municipality_name":"熊谷市","municipality_code_method":"food_exact_coord"},"geometry":{"type":"Point","coordinates":[139.385093,36.162324]}},{"type":"Feature","properties":{"layer_id":"cafe_restaurant","name":"かつ敏　かごはら店","category":"food","address":"埼玉県熊谷市拾六間763-1","source":"厚生労働省 食品衛生申請等システム（オープンデータ）","municipality_code":"11202","municipality_pref":"埼玉県","municipality_name":"熊谷市","municipality_code_method":"food_exact_coord"},"geometry":{"type":"Point","coordinates":[139.318373,36.165899]}},{"type":"Feature","properties":{"layer_id":"cafe_restaurant","name":"優勝軒　熊谷総本店","category":"food","address":"埼玉県熊谷市石原2-2-4","source":"厚生労働省 食品衛生申請等システム（オープンデータ）","municipality_code":"11202","municipality_pref":"埼玉県","municipality_name":"熊谷市","municipality_code_method":"food_exact_coord"},"geometry":{"type":"Point","coordinates":[139.374644,36.14957]}},{"type":"Feature","properties":{"layer_id":"cafe_restaurant","name":"Ringo  Suki","category":"food","address":"埼玉県熊谷市末広３－９－１","source":"厚生労働省 食品衛生申請等システム（オープンデータ）","municipality_code":"11202","municipality_pref":"埼玉県","municipality_name":"熊谷市","municipality_code_method":"food_exact_coord"},"geometry":{"type":"Point","coordinates":[139.395882,36.144058]}},{"type":"Feature","properties":{"layer_id":"cafe_restaurant","name":"ホリーズ","category":"food","address":"埼玉県熊谷市本石2丁目135","source":"厚生労働省 食品衛生申請等システム（オープンデータ）","municipality_code":"11202","municipality_pref":"埼玉県","municipality_name":"熊谷市","municipality_code_method":"food_exact_coord"},"geometry":{"type":"Point","coordinates":[139.378538,36.1464]}},{"type":"Feature","properties":{"layer_id":"cafe_restaurant","name":"ケバブエレン","category":"food","address":"埼玉県熊谷市本石主たる営業地","source":"厚生労働省 食品衛生申請等システム（オープンデータ）","municipality_code":"11202","municipality_pref":"埼玉県","municipality_name":"熊谷市","municipality_code_method":"food_exact_coord"},"geometry":{"type":"Point","coordinates":[139.378643,36.146775]}},{"type":"Feature","properties":{"layer_id":"cafe_restaurant","name":"フロプレステージュ 熊谷アズ店","category":"food","address":"埼玉県熊谷市筑波２丁目１１５ アズ熊谷 １Ｆ","source":"厚生労働省 食品衛生申請等システム（オープンデータ）","municipality_code":"11202","municipality_pref":"埼玉県","municipality_name":"熊谷市","municipality_code_method":"food_exact_coord"},"geometry":{"type":"Point","coordinates":[139.38991,36.139575]}},{"type":"Feature","properties":{"layer_id":"cafe_restaurant","name":"mine","category":"food","address":"埼玉県熊谷市上之337ー26","source":"厚生労働省 食品衛生申請等システム（オープンデータ）","municipality_code":"11202","municipality_pref":"埼玉県","municipality_name":"熊谷市","municipality_code_method":"food_exact_coord"},"geometry":{"type":"Point","coordinates":[139.409734,36.160663]}},{"type":"Feature","properties":{"layer_id":"cafe_restaurant","name":"かりゅうど","category":"food","address":"埼玉県熊谷市末広3-9-1","source":"厚生労働省 食品衛生申請等システム（オープンデータ）","municipality_code":"11202","municipality_pref":"埼玉県","municipality_name":"熊谷市","municipality_code_method":"food_exact_coord"},"geometry":{"type":"Point","coordinates":[139.395864,36.144057]}},{"type":"Feature","properties":{"layer_id":"cafe_restaurant","name":"MTO","category":"food","address":"埼玉県熊谷市末広３丁目9-1 熊谷地方庁舎２階","source":"厚生労働省 食品衛生申請等システム（オープンデータ）","municipality_code":"11202","municipality_pref":"埼玉県","municipality_name":"熊谷市","municipality_code_method":"food_exact_coord"},"geometry":{"type":"Point","coordinates":[139.395864,36.144057]}},{"type":"Feature","properties":{"layer_id":"cafe_restaurant","name":"ワッフルスタンドアロア","category":"food","address":"埼玉県熊谷市末広","source":"厚生労働省 食品衛生申請等システム（オープンデータ）","municipality_code":"11202","municipality_pref":"埼玉県","municipality_name":"熊谷市","municipality_code_method":"food_exact_coord"},"geometry":{"type":"Point","coordinates":[139.397688,36.144315]}},{"type":"Feature","properties":{"layer_id":"cafe_restaurant","name":"Délicieux Bonbon","category":"food","address":"埼玉県熊谷市妻沼1435-6","source":"厚生労働省 食品衛生申請等システム（オープンデータ）","municipality_code":"11202","municipality_pref":"埼玉県","municipality_name":"熊谷市","municipality_code_method":"food_exact_coord"},"geometry":{"type":"Point","coordinates":[139.377297,36.225269]}},{"type":"Feature","properties":{"layer_id":"cafe_restaurant","name":"Ａｍｅｒｉｃａｎ　Ｄｉｓｈ　ＲＯＹ","category":"food","address":"埼玉県熊谷市石原１－３５－３","source":"厚生労働省 食品衛生申請等システム（オープンデータ）","municipality_code":"11202","municipality_pref":"埼玉県","municipality_name":"熊谷市","municipality_code_method":"food_exact_coord"},"geometry":{"type":"Point","coordinates":[139.375077,36.152213]}},{"type":"Feature","properties":{"layer_id":"cafe_restaurant","name":"カレーハウスCoCo壱番屋","category":"food","address":"埼玉県熊谷市埼玉全域","source":"厚生労働省 食品衛生申請等システム（オープンデータ）","municipality_code":"11202","municipality_pref":"埼玉県","municipality_name":"熊谷市","municipality_code_method":"food_exact_coord"},"geometry":{"type":"Point","coordinates":[139.388979,36.147196]}},{"type":"Feature","properties":{"layer_id":"cafe_restaurant","name":"UNICORN","category":"food","address":"埼玉県熊谷市末広3丁目9-1","source":"厚生労働省 食品衛生申請等システム（オープンデータ）","municipality_code":"11202","municipality_pref":"埼玉県","municipality_name":"熊谷市","municipality_code_method":"food_exact_coord"},"geometry":{"type":"Point","coordinates":[139.395882,36.144058]}},{"type":"Feature","properties":{"layer_id":"cafe_restaurant","name":"キッチンカーすずめ","category":"food","address":"埼玉県熊谷市末広3-9-1","source":"厚生労働省 食品衛生申請等システム（オープンデータ）","municipality_code":"11202","municipality_pref":"埼玉県","municipality_name":"熊谷市","municipality_code_method":"food_exact_coord"},"geometry":{"type":"Point","coordinates":[139.395882,36.144058]}},{"type":"Feature","properties":{"layer_id":"cafe_restaurant","name":"coco~cafe","category":"food","address":"埼玉県熊谷市広瀬390-8","source":"厚生労働省 食品衛生申請等システム（オープンデータ）","municipality_code":"11202","municipality_pref":"埼玉県","municipality_name":"熊谷市","municipality_code_method":"food_exact_coord"},"geometry":{"type":"Point","coordinates":[139.357848,36.151021]}},{"type":"Feature","properties":{"layer_id":"cafe_restaurant","name":"うえぽん号","category":"food","address":"埼玉県熊谷市末広3−9−1","source":"厚生労働省 食品衛生申請等システム（オープンデータ）","municipality_code":"11202","municipality_pref":"埼玉県","municipality_name":"熊谷市","municipality_code_method":"food_exact_coord"},"geometry":{"type":"Point","coordinates":[139.395882,36.144058]}},{"type":"Feature","properties":{"layer_id":"cafe_restaurant","name":"てんろく","category":"food","address":"埼玉県熊谷市上之1308-7","source":"厚生労働省 食品衛生申請等システム（オープンデータ）","municipality_code":"11202","municipality_pref":"埼玉県","municipality_name":"熊谷市","municipality_code_method":"food_exact_coord"},"geometry":{"type":"Point","coordinates":[139.397827,36.159406]}},{"type":"Feature","properties":{"layer_id":"cafe_restaurant","name":"キッチンバス","category":"food","address":"埼玉県熊谷市筑波3-80 弁天堂ビル2階","source":"厚生労働省 食品衛生申請等システム（オープンデータ）","municipality_code":"11202","municipality_pref":"埼玉県","municipality_name":"熊谷市","municipality_code_method":"food_exact_coord"},"geometry":{"type":"Point","coordinates":[139.390632,36.141058]}},{"type":"Feature","properties":{"layer_id":"cafe_restaurant","name":"hakoda茶屋","category":"food","address":"埼玉県熊谷市箱田3−1−19","source":"厚生労働省 食品衛生申請等システム（オープンデータ）","municipality_code":"11202","municipality_pref":"埼玉県","municipality_name":"熊谷市","municipality_code_method":"food_exact_coord"},"geometry":{"type":"Point","coordinates":[139.387478,36.149265]}},{"type":"Feature","properties":{"layer_id":"cafe_restaurant","name":"ダイニング酒場優","category":"food","address":"埼玉県熊谷市筑波","source":"厚生労働省 食品衛生申請等システム（オープンデータ）","municipality_code":"11202","municipality_pref":"埼玉県","municipality_name":"熊谷市","municipality_code_method":"food_exact_coord"},"geometry":{"type":"Point","coordinates":[139.390069,36.141205]}},{"type":"Feature","properties":{"layer_id":"cafe_restaurant","name":"合同会社ビルミルク","category":"food","address":"埼玉県熊谷市銀座2丁目２２６","source":"厚生労働省 食品衛生申請等システム（オープンデータ）","municipality_code":"11202","municipality_pref":"埼玉県","municipality_name":"熊谷市","municipality_code_method":"food_exact_coord"},"geometry":{"type":"Point","coordinates":[139.396259,36.137901]}},{"type":"Feature","properties":{"layer_id":"cafe_restaurant","name":"幸せの黄金鯛焼き","category":"food","address":"埼玉県熊谷市末広3ー9ー1","source":"厚生労働省 食品衛生申請等システム（オープンデータ）","municipality_code":"11202","municipality_pref":"埼玉県","municipality_name":"熊谷市","municipality_code_method":"food_exact_coord"},"geometry":{"type":"Point","coordinates":[139.395882,36.144058]}},{"type":"Feature","properties":{"layer_id":"cafe_restaurant","name":"EFF’S FOOD AND DELIGHT","category":"food","address":"埼玉県熊谷市末広","source":"厚生労働省 食品衛生申請等システム（オープンデータ）","municipality_code":"11202","municipality_pref":"埼玉県","municipality_name":"熊谷市","municipality_code_method":"food_exact_coord"},"geometry":{"type":"Point","coordinates":[139.397688,36.144315]}},{"type":"Feature","properties":{"layer_id":"cafe_restaurant","name":"ココス熊谷店","category":"food","address":"埼玉県熊谷市石原391-1","source":"厚生労働省 食品衛生申請等システム（オープンデータ）","municipality_code":"11202","municipality_pref":"埼玉県","municipality_name":"熊谷市","municipality_code_method":"food_exact_coord"},"geometry":{"type":"Point","coordinates":[139.367974,36.15625]}},{"type":"Feature","properties":{"layer_id":"cafe_restaurant","name":"ベビーカステラピコ","category":"food","address":"埼玉県熊谷市末広3-9-1","source":"厚生労働省 食品衛生申請等システム（オープンデータ）","municipality_code":"11202","municipality_pref":"埼玉県","municipality_name":"熊谷市","municipality_code_method":"food_exact_coord"},"geometry":{"type":"Point","coordinates":[139.395882,36.144058]}},{"type":"Feature","properties":{"layer_id":"cafe_restaurant","name":"ピコ屋","category":"food","address":"埼玉県熊谷市末広3-9-1","source":"厚生労働省 食品衛生申請等システム（オープンデータ）","municipality_code":"11202","municipality_pref":"埼玉県","municipality_name":"熊谷市","municipality_code_method":"food_exact_coord"},"geometry":{"type":"Point","coordinates":[139.395882,36.144058]}},{"type":"Feature","properties":{"layer_id":"cafe_restaurant","name":"Almonde","category":"food","address":"埼玉県熊谷市上新田256","source":"厚生労働省 食品衛生申請等システム（オープンデータ）","municipality_code":"11202","municipality_pref":"埼玉県","municipality_name":"熊谷市","municipality_code_method":"food_exact_coord"},"geometry":{"type":"Point","coordinates":[139.315432,36.131643]}},{"type":"Feature","properties":{"layer_id":"cafe_restaurant","name":"永井農園","category":"food","address":"埼玉県熊谷市末広","source":"厚生労働省 食品衛生申請等システム（オープンデータ）","municipality_code":"11202","municipality_pref":"埼玉県","municipality_name":"熊谷市","municipality_code_method":"food_exact_coord"},"geometry":{"type":"Point","coordinates":[139.397688,36.144315]}},{"type":"Feature","properties":{"layer_id":"cafe_restaurant","name":"Beycekebab","category":"food","address":"埼玉県熊谷市末広3-9-1","source":"厚生労働省 食品衛生申請等システム（オープンデータ）","municipality_code":"11202","municipality_pref":"埼玉県","municipality_name":"熊谷市","municipality_code_method":"food_exact_coord"},"geometry":{"type":"Point","coordinates":[139.395882,36.144058]}},{"type":"Feature","properties":{"layer_id":"cafe_restaurant","name":"ヤマトフードトラック","category":"food","address":"埼玉県熊谷市拾六間839","source":"厚生労働省 食品衛生申請等システム（オープンデータ）","municipality_code":"11202","municipality_pref":"埼玉県","municipality_name":"熊谷市","municipality_code_method":"food_exact_coord"},"geometry":{"type":"Point","coordinates":[139.308611,36.167895]}},{"type":"Feature","properties":{"layer_id":"cafe_restaurant","name":"miracolo","category":"food","address":"埼玉県熊谷市末広3-9-1","source":"厚生労働省 食品衛生申請等システム（オープンデータ）","municipality_code":"11202","municipality_pref":"埼玉県","municipality_name":"熊谷市","municipality_code_method":"food_exact_coord"},"geometry":{"type":"Point","coordinates":[139.395882,36.144058]}},{"type":"Feature","properties":{"layer_id":"cafe_restaurant","name":"とっくん焼きそば","category":"food","address":"埼玉県熊谷市末広3−9−1","source":"厚生労働省 食品衛生申請等システム（オープンデータ）","municipality_code":"11202","municipality_pref":"埼玉県","municipality_name":"熊谷市","municipality_code_method":"food_exact_coord"},"geometry":{"type":"Point","coordinates":[139.395882,36.144058]}},{"type":"Feature","properties":{"layer_id":"cafe_restaurant","name":"うまいもの屋　天神　外商部","category":"food","address":"埼玉県熊谷市末広3−9−1","source":"厚生労働省 食品衛生申請等システム（オープンデータ）","municipality_code":"11202","municipality_pref":"埼玉県","municipality_name":"熊谷市","municipality_code_method":"food_exact_coord"},"geometry":{"type":"Point","coordinates":[139.395864,36.144057]}},{"type":"Feature","properties":{"layer_id":"cafe_restaurant","name":"cafe　Fermata","category":"food","address":"埼玉県熊谷市末広3-9-1","source":"厚生労働省 食品衛生申請等システム（オープンデータ）","municipality_code":"11202","municipality_pref":"埼玉県","municipality_name":"熊谷市","municipality_code_method":"food_exact_coord"},"geometry":{"type":"Point","coordinates":[139.395864,36.144057]}},{"type":"Feature","properties":{"layer_id":"cafe_restaurant","name":"プロテア","category":"food","address":"埼玉県熊谷市妻沼東１丁目６１番地１","source":"厚生労働省 食品衛生申請等システム（オープンデータ）","municipality_code":"11202","municipality_pref":"埼玉県","municipality_name":"熊谷市","municipality_code_method":"food_exact_coord"},"geometry":{"type":"Point","coordinates":[139.384118,36.221409]}},{"type":"Feature","properties":{"layer_id":"cafe_restaurant","name":"NYダイナー","category":"food","address":"埼玉県熊谷市玉井1973-153","source":"厚生労働省 食品衛生申請等システム（オープンデータ）","municipality_code":"11202","municipality_pref":"埼玉県","municipality_name":"熊谷市","municipality_code_method":"food_exact_coord"},"geometry":{"type":"Point","coordinates":[139.343474,36.180179]}},{"type":"Feature","properties":{"layer_id":"cafe_restaurant","name":"Vegas Burger","category":"food","address":"埼玉県熊谷市石原1-35-3","source":"厚生労働省 食品衛生申請等システム（オープンデータ）","municipality_code":"11202","municipality_pref":"埼玉県","municipality_name":"熊谷市","municipality_code_method":"food_exact_coord"},"geometry":{"type":"Point","coordinates":[139.375077,36.152213]}},{"type":"Feature","properties":{"layer_id":"cafe_restaurant","name":"knock","category":"food","address":"埼玉県熊谷市末広３丁目9-1","source":"厚生労働省 食品衛生申請等システム（オープンデータ）","municipality_code":"11202","municipality_pref":"埼玉県","municipality_name":"熊谷市","municipality_code_method":"food_exact_coord"},"geometry":{"type":"Point","coordinates":[139.395864,36.144057]}},{"type":"Feature","properties":{"layer_id":"cafe_restaurant","name":"cache cache cafeton","category":"food","address":"埼玉県熊谷市万吉2502ー54","source":"厚生労働省 食品衛生申請等システム（オープンデータ）","municipality_code":"11202","municipality_pref":"埼玉県","municipality_name":"熊谷市","municipality_code_method":"food_exact_coord"},"geometry":{"type":"Point","coordinates":[139.372136,36.126464]}},{"type":"Feature","properties":{"layer_id":"cafe_restaurant","name":"日本の心　さくら号店","category":"food","address":"埼玉県熊谷市末広3-9-1","source":"厚生労働省 食品衛生申請等システム（オープンデータ）","municipality_code":"11202","municipality_pref":"埼玉県","municipality_name":"熊谷市","municipality_code_method":"food_exact_coord"},"geometry":{"type":"Point","coordinates":[139.396517,36.143369]}},{"type":"Feature","properties":{"layer_id":"cafe_restaurant","name":"J & C BBQ","category":"food","address":"埼玉県熊谷市妻沼1924-6","source":"厚生労働省 食品衛生申請等システム（オープンデータ）","municipality_code":"11202","municipality_pref":"埼玉県","municipality_name":"熊谷市","municipality_code_method":"food_exact_coord"},"geometry":{"type":"Point","coordinates":[139.372038,36.226803]}},{"type":"Feature","properties":{"layer_id":"cafe_restaurant","name":"猪爪商店","category":"food","address":"埼玉県熊谷市妻沼台662−1","source":"厚生労働省 食品衛生申請等システム（オープンデータ）","municipality_code":"11202","municipality_pref":"埼玉県","municipality_name":"熊谷市","municipality_code_method":"food_exact_coord"},"geometry":{"type":"Point","coordinates":[139.368201,36.238022]}},{"type":"Feature","properties":{"layer_id":"cafe_restaurant","name":"麦カフェ","category":"food","address":"埼玉県熊谷市末広3-9-1","source":"厚生労働省 食品衛生申請等システム（オープンデータ）","municipality_code":"11202","municipality_pref":"埼玉県","municipality_name":"熊谷市","municipality_code_method":"food_exact_coord"},"geometry":{"type":"Point","coordinates":[139.395864,36.144057]}},{"type":"Feature","properties":{"layer_id":"cafe_restaurant","name":"台灣蔬食樂膳","category":"food","address":"埼玉県熊谷市石原2-14-1 ビレッタ熊谷 102","source":"厚生労働省 食品衛生申請等システム（オープンデータ）","municipality_code":"11202","municipality_pref":"埼玉県","municipality_name":"熊谷市","municipality_code_method":"food_exact_coord"},"geometry":{"type":"Point","coordinates":[139.376302,36.148698]}},{"type":"Feature","properties":{"layer_id":"cafe_restaurant","name":"ふじわらさんち。","category":"food","address":"埼玉県熊谷市三本728-2　1号","source":"厚生労働省 食品衛生申請等システム（オープンデータ）","municipality_code":"11202","municipality_pref":"埼玉県","municipality_name":"熊谷市","municipality_code_method":"food_exact_coord"},"geometry":{"type":"Point","coordinates":[139.328431,36.132567]}},{"type":"Feature","properties":{"layer_id":"cafe_restaurant","name":"LB企画","category":"food","address":"埼玉県熊谷市葛和田1975","source":"厚生労働省 食品衛生申請等システム（オープンデータ）","municipality_code":"11202","municipality_pref":"埼玉県","municipality_name":"熊谷市","municipality_code_method":"food_exact_coord"},"geometry":{"type":"Point","coordinates":[139.417593,36.210431]}},{"type":"Feature","properties":{"layer_id":"cafe_restaurant","name":"cafe de petit elpis","category":"food","address":"埼玉県熊谷市末広三丁目９番１号埼玉県熊谷地方庁舎２階","source":"厚生労働省 食品衛生申請等システム（オープンデータ）","municipality_code":"11202","municipality_pref":"埼玉県","municipality_name":"熊谷市","municipality_code_method":"food_exact_coord"},"geometry":{"type":"Point","coordinates":[139.39647,36.143447]}},{"type":"Feature","properties":{"layer_id":"cafe_restaurant","name":"crepe mele","category":"food","address":"埼玉県熊谷市末広3-9-1","source":"厚生労働省 食品衛生申請等システム（オープンデータ）","municipality_code":"11202","municipality_pref":"埼玉県","municipality_name":"熊谷市","municipality_code_method":"food_exact_coord"},"geometry":{"type":"Point","coordinates":[139.395864,36.144057]}},{"type":"Feature","properties":{"layer_id":"cafe_restaurant","name":"puelto pua","category":"food","address":"埼玉県熊谷市上川上810","source":"厚生労働省 食品衛生申請等システム（オープンデータ）","municipality_code":"11202","municipality_pref":"埼玉県","municipality_name":"熊谷市","municipality_code_method":"food_exact_coord"},"geometry":{"type":"Point","coordinates":[139.401607,36.1683]}},{"type":"Feature","properties":{"layer_id":"cafe_restaurant","name":"CHARCOAL FIRE CHICKEN CLUB","category":"food","address":"埼玉県熊谷市上川上810","source":"厚生労働省 食品衛生申請等システム（オープンデータ）","municipality_code":"11202","municipality_pref":"埼玉県","municipality_name":"熊谷市","municipality_code_method":"food_exact_coord"},"geometry":{"type":"Point","coordinates":[139.401607,36.1683]}},{"type":"Feature","properties":{"layer_id":"cafe_restaurant","name":"株式会社　沢田本店","category":"food","address":"埼玉県熊谷市妻沼1598−1","source":"厚生労働省 食品衛生申請等システム（オープンデータ）","municipality_code":"11202","municipality_pref":"埼玉県","municipality_name":"熊谷市","municipality_code_method":"food_exact_coord"},"geometry":{"type":"Point","coordinates":[139.369447,36.229075]}},{"type":"Feature","properties":{"layer_id":"cafe_restaurant","name":"大丈夫や　dayjobya","category":"food","address":"埼玉県熊谷市末広三丁目9番1号 埼玉県熊谷地方庁舎2階","source":"厚生労働省 食品衛生申請等システム（オープンデータ）","municipality_code":"11202","municipality_pref":"埼玉県","municipality_name":"熊谷市","municipality_code_method":"food_exact_coord"},"geometry":{"type":"Point","coordinates":[139.39647,36.143447]}},{"type":"Feature","properties":{"layer_id":"cafe_restaurant","name":"あんこうの宿まるみつ旅館","category":"food","address":"埼玉県熊谷市上川上300","source":"厚生労働省 食品衛生申請等システム（オープンデータ）","municipality_code":"11202","municipality_pref":"埼玉県","municipality_name":"熊谷市","municipality_code_method":"food_exact_coord"},"geometry":{"type":"Point","coordinates":[139.412413,36.167782]}},{"type":"Feature","properties":{"layer_id":"cafe_restaurant","name":"丸亀製麺熊谷店","category":"food","address":"埼玉県熊谷市銀座4-11-21","source":"厚生労働省 食品衛生申請等システム（オープンデータ）","municipality_code":"11202","municipality_pref":"埼玉県","municipality_name":"熊谷市","municipality_code_method":"food_exact_coord"},"geometry":{"type":"Point","coordinates":[139.398318,36.138542]}},{"type":"Feature","properties":{"layer_id":"cafe_restaurant","name":"沖縄めし　まぶやー","category":"food","address":"埼玉県熊谷市上川上810 熊谷スポーツ文化公園","source":"厚生労働省 食品衛生申請等システム（オープンデータ）","municipality_code":"11202","municipality_pref":"埼玉県","municipality_name":"熊谷市","municipality_code_method":"food_exact_coord"},"geometry":{"type":"Point","coordinates":[139.401607,36.1683]}},{"type":"Feature","properties":{"layer_id":"cafe_restaurant","name":"台湾食堂","category":"food","address":"埼玉県熊谷市上川上町","source":"厚生労働省 食品衛生申請等システム（オープンデータ）","municipality_code":"11202","municipality_pref":"埼玉県","municipality_name":"熊谷市","municipality_code_method":"food_exact_coord"},"geometry":{"type":"Point","coordinates":[139.404673,36.1648]}},{"type":"Feature","properties":{"layer_id":"cafe_restaurant","name":"𠮷野家　１７号線熊谷佐谷田店","category":"food","address":"埼玉県熊谷市佐谷田８８－１","source":"厚生労働省 食品衛生申請等システム（オープンデータ）","municipality_code":"11202","municipality_pref":"埼玉県","municipality_name":"熊谷市","municipality_code_method":"food_exact_coord"},"geometry":{"type":"Point","coordinates":[139.406439,36.13386]}},{"type":"Feature","properties":{"layer_id":"cafe_restaurant","name":"𠮷野家　熊谷駅北口店","category":"food","address":"埼玉県熊谷市筑波２－１１２","source":"厚生労働省 食品衛生申請等システム（オープンデータ）","municipality_code":"11202","municipality_pref":"埼玉県","municipality_name":"熊谷市","municipality_code_method":"food_exact_coord"},"geometry":{"type":"Point","coordinates":[139.389117,36.140531]}},{"type":"Feature","properties":{"layer_id":"cafe_restaurant","name":"𠮷野家　４０７号線妻沼店","category":"food","address":"埼玉県熊谷市妻沼１７８０－１","source":"厚生労働省 食品衛生申請等システム（オープンデータ）","municipality_code":"11202","municipality_pref":"埼玉県","municipality_name":"熊谷市","municipality_code_method":"food_exact_coord"},"geometry":{"type":"Point","coordinates":[139.371046,36.228955]}},{"type":"Feature","properties":{"layer_id":"cafe_restaurant","name":"蔵っCars'","category":"food","address":"埼玉県熊谷市末広三丁目９番１号 埼玉県熊谷庁舎２階","source":"厚生労働省 食品衛生申請等システム（オープンデータ）","municipality_code":"11202","municipality_pref":"埼玉県","municipality_name":"熊谷市","municipality_code_method":"food_exact_coord"},"geometry":{"type":"Point","coordinates":[139.395864,36.144057]}},{"type":"Feature","properties":{"layer_id":"public_facilities","name":"奈良公民館","category":"public","address":"熊谷市下奈良609-6","source":"国土交通省 国土数値情報","municipality_code":"11202","municipality_pref":"埼玉県","municipality_name":"熊谷市","municipality_code_method":"source_exact_coord"},"geometry":{"type":"Point","coordinates":[139.37909020141691,36.18755246250144]}},{"type":"Feature","properties":{"layer_id":"public_facilities","name":"小曽根集会所","category":"public","address":"熊谷市小曽根1220-1","source":"国土交通省 国土数値情報","municipality_code":"11202","municipality_pref":"埼玉県","municipality_name":"熊谷市","municipality_code_method":"source_exact_coord"},"geometry":{"type":"Point","coordinates":[139.3893621357831,36.1698094735521]}},{"type":"Feature","properties":{"layer_id":"public_facilities","name":"西野集会所","category":"public","address":"熊谷市西野240-1","source":"国土交通省 国土数値情報","municipality_code":"11202","municipality_pref":"埼玉県","municipality_name":"熊谷市","municipality_code_method":"source_exact_coord"},"geometry":{"type":"Point","coordinates":[139.37293406644508,36.20278604766535]}},{"type":"Feature","properties":{"layer_id":"public_facilities","name":"江南総合文化会館ピピア","category":"public","address":"熊谷市千代325-1","source":"国土交通省 国土数値情報","municipality_code":"11202","municipality_pref":"埼玉県","municipality_name":"熊谷市","municipality_code_method":"source_exact_coord"},"geometry":{"type":"Point","coordinates":[139.33371189626948,36.11778185784862]}},{"type":"Feature","properties":{"layer_id":"public_facilities","name":"障害福祉会館","category":"public","address":"熊谷市宮町2-65","source":"国土交通省 国土数値情報","municipality_code":"11202","municipality_pref":"埼玉県","municipality_name":"熊谷市","municipality_code_method":"source_exact_coord"},"geometry":{"type":"Point","coordinates":[139.3868636068706,36.14807569629711]}},{"type":"Feature","properties":{"layer_id":"public_facilities","name":"斎場メモリアル彩雲","category":"public","address":"熊谷市円光2-9-40","source":"国土交通省 国土数値情報","municipality_code":"11202","municipality_pref":"埼玉県","municipality_name":"熊谷市","municipality_code_method":"source_exact_coord"},"geometry":{"type":"Point","coordinates":[139.38155804683237,36.15857149115866]}},{"type":"Feature","properties":{"layer_id":"public_facilities","name":"筑波公民館","category":"public","address":"熊谷市仲町19","source":"国土交通省 国土数値情報","municipality_code":"11202","municipality_pref":"埼玉県","municipality_name":"熊谷市","municipality_code_method":"source_exact_coord"},"geometry":{"type":"Point","coordinates":[139.38294718972003,36.14752120014802]}},{"type":"Feature","properties":{"layer_id":"public_facilities","name":"江南コミュニティセンター","category":"public","address":"熊谷市成沢1138-1","source":"国土交通省 国土数値情報","municipality_code":"11202","municipality_pref":"埼玉県","municipality_name":"熊谷市","municipality_code_method":"source_exact_coord"},"geometry":{"type":"Point","coordinates":[139.3522556212055,36.11525965313899]}},{"type":"Feature","properties":{"layer_id":"public_facilities","name":"江南体育館","category":"public","address":"熊谷市江南中央2-3-1","source":"国土交通省 国土数値情報","municipality_code":"11202","municipality_pref":"埼玉県","municipality_name":"熊谷市","municipality_code_method":"source_exact_coord"},"geometry":{"type":"Point","coordinates":[139.33648688998701,36.11526275883925]}},{"type":"Feature","properties":{"layer_id":"public_facilities","name":"老人福祉センター江南荘","category":"public","address":"熊谷市千代118","source":"国土交通省 国土数値情報","municipality_code":"11202","municipality_pref":"埼玉県","municipality_name":"熊谷市","municipality_code_method":"source_exact_coord"},"geometry":{"type":"Point","coordinates":[139.3315255250388,36.124927854262175]}},{"type":"Feature","properties":{"layer_id":"public_facilities","name":"市民ホ−ル","category":"public","address":"熊谷市仲町19","source":"国土交通省 国土数値情報","municipality_code":"11202","municipality_pref":"埼玉県","municipality_name":"熊谷市","municipality_code_method":"source_exact_coord"},"geometry":{"type":"Point","coordinates":[139.38293718973836,36.14753120015024]}},{"type":"Feature","properties":{"layer_id":"public_facilities","name":"樋春南集会所","category":"public","address":"熊谷市樋春555","source":"国土交通省 国土数値情報","municipality_code":"11202","municipality_pref":"埼玉県","municipality_name":"熊谷市","municipality_code_method":"source_exact_coord"},"geometry":{"type":"Point","coordinates":[139.35172747772444,36.128618748765554]}},{"type":"Feature","properties":{"layer_id":"public_facilities","name":"荒川公民館","category":"public","address":"熊谷市宮前町1-24-1","source":"国土交通省 国土数値情報","municipality_code":"11202","municipality_pref":"埼玉県","municipality_name":"熊谷市","municipality_code_method":"source_exact_coord"},"geometry":{"type":"Point","coordinates":[139.38231425544558,36.141676204607265]}},{"type":"Feature","properties":{"layer_id":"public_facilities","name":"奈良集会所","category":"public","address":"熊谷市下奈良1308-3","source":"国土交通省 国土数値情報","municipality_code":"11202","municipality_pref":"埼玉県","municipality_name":"熊谷市","municipality_code_method":"source_exact_coord"},"geometry":{"type":"Point","coordinates":[139.3817002464856,36.193970453575325]}},{"type":"Feature","properties":{"layer_id":"public_facilities","name":"星宮公民館","category":"public","address":"熊谷市下川上5","source":"国土交通省 国土数値情報","municipality_code":"11202","municipality_pref":"埼玉県","municipality_name":"熊谷市","municipality_code_method":"source_exact_coord"},"geometry":{"type":"Point","coordinates":[139.42306920414404,36.15943946197576]}},{"type":"Feature","properties":{"layer_id":"public_facilities","name":"老人憩の家めぬま荘・秦公民館","category":"public","address":"熊谷市葛和田922-1","source":"国土交通省 国土数値情報","municipality_code":"11202","municipality_pref":"埼玉県","municipality_name":"熊谷市","municipality_code_method":"source_exact_coord"},"geometry":{"type":"Point","coordinates":[139.4187264206857,36.2020124264891]}},{"type":"Feature","properties":{"layer_id":"public_facilities","name":"コミュニティセンター","category":"public","address":"熊谷市本町1-9-1","source":"国土交通省 国土数値情報","municipality_code":"11202","municipality_pref":"埼玉県","municipality_name":"熊谷市","municipality_code_method":"source_exact_coord"},"geometry":{"type":"Point","coordinates":[139.38401563532216,36.145997640214006]}},{"type":"Feature","properties":{"layer_id":"public_facilities","name":"勤労会館","category":"public","address":"熊谷市石原1410-1","source":"国土交通省 国土数値情報","municipality_code":"11202","municipality_pref":"埼玉県","municipality_name":"熊谷市","municipality_code_method":"source_exact_coord"},"geometry":{"type":"Point","coordinates":[139.3620788256065,36.14885551809474]}},{"type":"Feature","properties":{"layer_id":"public_facilities","name":"小江川集落センター","category":"public","address":"熊谷市小江川1403","source":"国土交通省 国土数値情報","municipality_code":"11202","municipality_pref":"埼玉県","municipality_name":"熊谷市","municipality_code_method":"source_exact_coord"},"geometry":{"type":"Point","coordinates":[139.33442102654712,36.100367964451344]}},{"type":"Feature","properties":{"layer_id":"public_facilities","name":"三尻公民館","category":"public","address":"熊谷市三ケ尻2868-1","source":"国土交通省 国土数値情報","municipality_code":"11202","municipality_pref":"埼玉県","municipality_name":"熊谷市","municipality_code_method":"source_exact_coord"},"geometry":{"type":"Point","coordinates":[139.32118888856292,36.15999251863278]}},{"type":"Feature","properties":{"layer_id":"public_facilities","name":"長井公民館","category":"public","address":"熊谷市江波363","source":"国土交通省 国土数値情報","municipality_code":"11202","municipality_pref":"埼玉県","municipality_name":"熊谷市","municipality_code_method":"source_exact_coord"},"geometry":{"type":"Point","coordinates":[139.3883693538691,36.209458431256465]}},{"type":"Feature","properties":{"layer_id":"public_facilities","name":"入川集会所","category":"public","address":"熊谷市東別府2165-1","source":"国土交通省 国土数値情報","municipality_code":"11202","municipality_pref":"埼玉県","municipality_name":"熊谷市","municipality_code_method":"source_exact_coord"},"geometry":{"type":"Point","coordinates":[139.3550131893793,36.1990034628581]}},{"type":"Feature","properties":{"layer_id":"public_facilities","name":"箱田公民館","category":"public","address":"熊谷市仲町19","source":"国土交通省 国土数値情報","municipality_code":"11202","municipality_pref":"埼玉県","municipality_name":"熊谷市","municipality_code_method":"source_exact_coord"},"geometry":{"type":"Point","coordinates":[139.38294718977457,36.14753120014135]}},{"type":"Feature","properties":{"layer_id":"public_facilities","name":"玉井公民館","category":"public","address":"熊谷市高柳44-1","source":"国土交通省 国土数値情報","municipality_code":"11202","municipality_pref":"埼玉県","municipality_name":"熊谷市","municipality_code_method":"source_exact_coord"},"geometry":{"type":"Point","coordinates":[139.3435590114902,36.173141499167336]}},{"type":"Feature","properties":{"layer_id":"public_facilities","name":"熊谷駅連絡所","category":"public","address":"熊谷市筑波2-112","source":"国土交通省 国土数値情報","municipality_code":"11202","municipality_pref":"埼玉県","municipality_name":"熊谷市","municipality_code_method":"source_exact_coord"},"geometry":{"type":"Point","coordinates":[139.3897909744111,36.139936498142006]}},{"type":"Feature","properties":{"layer_id":"public_facilities","name":"野原集会所","category":"public","address":"熊谷市野原622-1","source":"国土交通省 国土数値情報","municipality_code":"11202","municipality_pref":"埼玉県","municipality_name":"熊谷市","municipality_code_method":"source_exact_coord"},"geometry":{"type":"Point","coordinates":[139.36410271296842,36.104039042496744]}},{"type":"Feature","properties":{"layer_id":"public_facilities","name":"肥塚集会所","category":"public","address":"熊谷市肥塚1139","source":"国土交通省 国土数値情報","municipality_code":"11202","municipality_pref":"埼玉県","municipality_name":"熊谷市","municipality_code_method":"source_exact_coord"},"geometry":{"type":"Point","coordinates":[139.3885241151939,36.16670747705824]}},{"type":"Feature","properties":{"layer_id":"public_facilities","name":"老人憩の家吉岡荘","category":"public","address":"熊谷市村岡1891-4","source":"国土交通省 国土数値情報","municipality_code":"11202","municipality_pref":"埼玉県","municipality_name":"熊谷市","municipality_code_method":"source_exact_coord"},"geometry":{"type":"Point","coordinates":[139.38092906356837,36.12490031569025]}},{"type":"Feature","properties":{"layer_id":"public_facilities","name":"上中条第三集会所","category":"public","address":"熊谷市上中条1620","source":"国土交通省 国土数値情報","municipality_code":"11202","municipality_pref":"埼玉県","municipality_name":"熊谷市","municipality_code_method":"source_exact_coord"},"geometry":{"type":"Point","coordinates":[139.41326631291295,36.18609444603561]}},{"type":"Feature","properties":{"layer_id":"public_facilities","name":"勤労青少年ホ−ム","category":"public","address":"熊谷市石原1407-1","source":"国土交通省 国土数値情報","municipality_code":"11202","municipality_pref":"埼玉県","municipality_name":"熊谷市","municipality_code_method":"source_exact_coord"},"geometry":{"type":"Point","coordinates":[139.36246772814292,36.14910271758827]}},{"type":"Feature","properties":{"layer_id":"public_facilities","name":"箱田高齢者・児童ふれあいセンター","category":"public","address":"熊谷市中央1-149","source":"国土交通省 国土数値情報","municipality_code":"11202","municipality_pref":"埼玉県","municipality_name":"熊谷市","municipality_code_method":"source_exact_coord"},"geometry":{"type":"Point","coordinates":[139.39121005717064,36.15426138731029]}},{"type":"Feature","properties":{"layer_id":"public_facilities","name":"石原公民館","category":"public","address":"熊谷市本石1-10","source":"国土交通省 国土数値情報","municipality_code":"11202","municipality_pref":"埼玉県","municipality_name":"熊谷市","municipality_code_method":"source_exact_coord"},"geometry":{"type":"Point","coordinates":[139.37971698417363,36.1486315022791]}},{"type":"Feature","properties":{"layer_id":"public_facilities","name":"熊谷市役所","category":"public","address":"熊谷市宮町2-47-1","source":"国土交通省 国土数値情報","municipality_code":"11202","municipality_pref":"埼玉県","municipality_name":"熊谷市","municipality_code_method":"source_exact_coord"},"geometry":{"type":"Point","coordinates":[139.38866900977231,36.147361495086564]}},{"type":"Feature","properties":{"layer_id":"public_facilities","name":"妻沼公民館","category":"public","address":"熊谷市妻沼1520-3","source":"国土交通省 国土数値情報","municipality_code":"11202","municipality_pref":"埼玉県","municipality_name":"熊谷市","municipality_code_method":"source_exact_coord"},"geometry":{"type":"Point","coordinates":[139.37571342091556,36.22899941363911]}},{"type":"Feature","properties":{"layer_id":"public_facilities","name":"西児童館","category":"public","address":"熊谷市新堀新田576-1","source":"国土交通省 国土数値情報","municipality_code":"11202","municipality_pref":"埼玉県","municipality_name":"熊谷市","municipality_code_method":"source_exact_coord"},"geometry":{"type":"Point","coordinates":[139.3151044428343,36.17244640753098]}},{"type":"Feature","properties":{"layer_id":"public_facilities","name":"男沼公民館","category":"public","address":"熊谷市男沼118","source":"国土交通省 国土数値情報","municipality_code":"11202","municipality_pref":"埼玉県","municipality_name":"熊谷市","municipality_code_method":"source_exact_coord"},"geometry":{"type":"Point","coordinates":[139.35641737842332,36.232838422657075]}},{"type":"Feature","properties":{"layer_id":"public_facilities","name":"老人福祉センター上之荘","category":"public","address":"熊谷市上之3022-1","source":"国土交通省 国土数値情報","municipality_code":"11202","municipality_pref":"埼玉県","municipality_name":"熊谷市","municipality_code_method":"source_exact_coord"},"geometry":{"type":"Point","coordinates":[139.41318549553753,36.14607667307622]}},{"type":"Feature","properties":{"layer_id":"public_facilities","name":"文化センター","category":"public","address":"熊谷市桜木町2-33-2","source":"国土交通省 国土数値情報","municipality_code":"11202","municipality_pref":"埼玉県","municipality_name":"熊谷市","municipality_code_method":"source_exact_coord"},"geometry":{"type":"Point","coordinates":[139.38670584777077,36.137126702416936]}},{"type":"Feature","properties":{"layer_id":"public_facilities","name":"小島公民館","category":"public","address":"熊谷市妻沼小島2357-1","source":"国土交通省 国土数値情報","municipality_code":"11202","municipality_pref":"埼玉県","municipality_name":"熊谷市","municipality_code_method":"source_exact_coord"},"geometry":{"type":"Point","coordinates":[139.35831747835198,36.25012040079708]}},{"type":"Feature","properties":{"layer_id":"public_facilities","name":"久保島集会所","category":"public","address":"熊谷市久保島491-10","source":"国土交通省 国土数値情報","municipality_code":"11202","municipality_pref":"埼玉県","municipality_name":"熊谷市","municipality_code_method":"source_exact_coord"},"geometry":{"type":"Point","coordinates":[139.34268994770923,36.16206451216444]}},{"type":"Feature","properties":{"layer_id":"public_facilities","name":"大里生涯学習センター","category":"public","address":"熊谷市津田1-1","source":"国土交通省 国土数値情報","municipality_code":"11202","municipality_pref":"埼玉県","municipality_name":"熊谷市","municipality_code_method":"source_exact_coord"},"geometry":{"type":"Point","coordinates":[139.41108276912482,36.10319327986882]}},{"type":"Feature","properties":{"layer_id":"public_facilities","name":"中央公民館","category":"public","address":"熊谷市仲町19","source":"国土交通省 国土数値情報","municipality_code":"11202","municipality_pref":"埼玉県","municipality_name":"熊谷市","municipality_code_method":"source_exact_coord"},"geometry":{"type":"Point","coordinates":[139.38295718981078,36.14753120013246]}},{"type":"Feature","properties":{"layer_id":"public_facilities","name":"別府公民館","category":"public","address":"熊谷市西別府2252-1","source":"国土交通省 国土数値情報","municipality_code":"11202","municipality_pref":"埼玉県","municipality_name":"熊谷市","municipality_code_method":"source_exact_coord"},"geometry":{"type":"Point","coordinates":[139.33533940283016,36.193609839574385]}},{"type":"Feature","properties":{"layer_id":"public_facilities","name":"上中条集会所","category":"public","address":"熊谷市上中条1414-1","source":"国土交通省 国土数値情報","municipality_code":"11202","municipality_pref":"埼玉県","municipality_name":"熊谷市","municipality_code_method":"source_exact_coord"},"geometry":{"type":"Point","coordinates":[139.4193463289791,36.18491744513575]}},{"type":"Feature","properties":{"layer_id":"public_facilities","name":"籠原公民館","category":"public","address":"熊谷市新堀新田576-1","source":"国土交通省 国土数値情報","municipality_code":"11202","municipality_pref":"埼玉県","municipality_name":"熊谷市","municipality_code_method":"source_exact_coord"},"geometry":{"type":"Point","coordinates":[139.31509444281275,36.172446407533194]}},{"type":"Feature","properties":{"layer_id":"public_facilities","name":"老人福祉センター別府荘","category":"public","address":"熊谷市西別府583-1","source":"国土交通省 国土数値情報","municipality_code":"11202","municipality_pref":"埼玉県","municipality_name":"熊谷市","municipality_code_method":"source_exact_coord"},"geometry":{"type":"Point","coordinates":[139.33910312449012,36.19566347567766]}},{"type":"Feature","properties":{"layer_id":"public_facilities","name":"妻沼行政センター","category":"public","address":"熊谷市弥藤吾2450","source":"国土交通省 国土数値情報","municipality_code":"11202","municipality_pref":"埼玉県","municipality_name":"熊谷市","municipality_code_method":"source_exact_coord"},"geometry":{"type":"Point","coordinates":[139.36833936683655,36.223558425809756]}},{"type":"Feature","properties":{"layer_id":"public_facilities","name":"大麻生公民館","category":"public","address":"熊谷市大麻生1010","source":"国土交通省 国土数値情報","municipality_code":"11202","municipality_pref":"埼玉県","municipality_name":"熊谷市","municipality_code_method":"source_exact_coord"},"geometry":{"type":"Point","coordinates":[139.33722185584853,36.14818553024565]}},{"type":"Feature","properties":{"layer_id":"public_facilities","name":"下押切集会所","category":"public","address":"熊谷市押切313-3","source":"国土交通省 国土数値情報","municipality_code":"11202","municipality_pref":"埼玉県","municipality_name":"熊谷市","municipality_code_method":"source_exact_coord"},"geometry":{"type":"Point","coordinates":[139.34021098148844,36.13353194640742]}},{"type":"Feature","properties":{"layer_id":"public_facilities","name":"桜木公民館","category":"public","address":"熊谷市曙町2-61","source":"国土交通省 国土数値情報","municipality_code":"11202","municipality_pref":"埼玉県","municipality_name":"熊谷市","municipality_code_method":"source_exact_coord"},"geometry":{"type":"Point","coordinates":[139.39347496205656,36.13501049664481]}},{"type":"Feature","properties":{"layer_id":"public_facilities","name":"健康スポ−ツセンター","category":"public","address":"熊谷市津田1788-1","source":"国土交通省 国土数値情報","municipality_code":"11202","municipality_pref":"埼玉県","municipality_name":"熊谷市","municipality_code_method":"source_exact_coord"},"geometry":{"type":"Point","coordinates":[139.4269866981618,36.097666957567945]}},{"type":"Feature","properties":{"layer_id":"public_facilities","name":"市民体育館","category":"public","address":"熊谷市桜木町2-33-5","source":"国土交通省 国土数値情報","municipality_code":"11202","municipality_pref":"埼玉県","municipality_name":"熊谷市","municipality_code_method":"source_exact_coord"},"geometry":{"type":"Point","coordinates":[139.38662534358562,36.136399002784685]}},{"type":"Feature","properties":{"layer_id":"public_facilities","name":"代集会所","category":"public","address":"熊谷市代279-3","source":"国土交通省 国土数値情報","municipality_code":"11202","municipality_pref":"埼玉県","municipality_name":"熊谷市","municipality_code_method":"source_exact_coord"},"geometry":{"type":"Point","coordinates":[139.38044014929565,36.177560471593445]}},{"type":"Feature","properties":{"layer_id":"public_facilities","name":"江南農業総合センター","category":"public","address":"熊谷市成沢465-1","source":"国土交通省 国土数値情報","municipality_code":"11202","municipality_pref":"埼玉県","municipality_name":"熊谷市","municipality_code_method":"source_exact_coord"},"geometry":{"type":"Point","coordinates":[139.3457610560245,36.12706345303726]}},{"type":"Feature","properties":{"layer_id":"public_facilities","name":"商工会館","category":"public","address":"熊谷市宮町2-39","source":"国土交通省 国土数値情報","municipality_code":"11202","municipality_pref":"埼玉県","municipality_name":"熊谷市","municipality_code_method":"source_exact_coord"},"geometry":{"type":"Point","coordinates":[139.38817470544842,36.14690089585955]}},{"type":"Feature","properties":{"layer_id":"public_facilities","name":"三本集会所","category":"public","address":"熊谷市三本717","source":"国土交通省 国土数値情報","municipality_code":"11202","municipality_pref":"埼玉県","municipality_name":"熊谷市","municipality_code_method":"source_exact_coord"},"geometry":{"type":"Point","coordinates":[139.33061674676674,36.12969555019146]}},{"type":"Feature","properties":{"layer_id":"public_facilities","name":"大里公民館","category":"public","address":"熊谷市中曽根640-1","source":"国土交通省 国土数値情報","municipality_code":"11202","municipality_pref":"埼玉県","municipality_name":"熊谷市","municipality_code_method":"source_exact_coord"},"geometry":{"type":"Point","coordinates":[139.40922186144692,36.10300948262115]}},{"type":"Feature","properties":{"layer_id":"public_facilities","name":"大里行政センター","category":"public","address":"熊谷市中曽根654-1","source":"国土交通省 国土数値情報","municipality_code":"11202","municipality_pref":"埼玉県","municipality_name":"熊谷市","municipality_code_method":"source_exact_coord"},"geometry":{"type":"Point","coordinates":[139.40902185791285,36.102437482969336]}},{"type":"Feature","properties":{"layer_id":"public_facilities","name":"本町公民館","category":"public","address":"熊谷市仲町19","source":"国土交通省 国土数値情報","municipality_code":"11202","municipality_pref":"埼玉県","municipality_name":"熊谷市","municipality_code_method":"source_exact_coord"},"geometry":{"type":"Point","coordinates":[139.3829471898291,36.14754120013468]}},{"type":"Feature","properties":{"layer_id":"public_facilities","name":"上中条第二集会所","category":"public","address":"熊谷市上中条3028-2","source":"国土交通省 国土数値情報","municipality_code":"11202","municipality_pref":"埼玉県","municipality_name":"熊谷市","municipality_code_method":"source_exact_coord"},"geometry":{"type":"Point","coordinates":[139.4044483005774,36.18947044671602]}},{"type":"Feature","properties":{"layer_id":"public_facilities","name":"大原公民館","category":"public","address":"熊谷市大原3-2-1","source":"国土交通省 国土数値情報","municipality_code":"11202","municipality_pref":"埼玉県","municipality_name":"熊谷市","municipality_code_method":"source_exact_coord"},"geometry":{"type":"Point","coordinates":[139.37840000667205,36.153458499078766]}},{"type":"Feature","properties":{"layer_id":"public_facilities","name":"妻沼中央公民館","category":"public","address":"熊谷市妻沼東1-1","source":"国土交通省 国土数値情報","municipality_code":"11202","municipality_pref":"埼玉県","municipality_name":"熊谷市","municipality_code_method":"source_exact_coord"},"geometry":{"type":"Point","coordinates":[139.38195440916886,36.223020017450956]}},{"type":"Feature","properties":{"layer_id":"public_facilities","name":"春日文化センター","category":"public","address":"熊谷市小八林103-7","source":"国土交通省 国土数値情報","municipality_code":"11202","municipality_pref":"埼玉県","municipality_name":"熊谷市","municipality_code_method":"source_exact_coord"},"geometry":{"type":"Point","coordinates":[139.426615096705,36.07677495058307]}},{"type":"Feature","properties":{"layer_id":"public_facilities","name":"大里ふれあいセンター","category":"public","address":"熊谷市船木台3-4-4","source":"国土交通省 国土数値情報","municipality_code":"11202","municipality_pref":"埼玉県","municipality_name":"熊谷市","municipality_code_method":"source_exact_coord"},"geometry":{"type":"Point","coordinates":[139.4176020712532,36.077449666271185]}},{"type":"Feature","properties":{"layer_id":"public_facilities","name":"肥塚公民館","category":"public","address":"熊谷市肥塚2-8-14","source":"国土交通省 国土数値情報","municipality_code":"11202","municipality_pref":"埼玉県","municipality_name":"熊谷市","municipality_code_method":"source_exact_coord"},"geometry":{"type":"Point","coordinates":[139.38756807000433,36.15891648548545]}},{"type":"Feature","properties":{"layer_id":"public_facilities","name":"箕輪集会所","category":"public","address":"熊谷市箕輪305-1","source":"国土交通省 国土数値情報","municipality_code":"11202","municipality_pref":"埼玉県","municipality_name":"熊谷市","municipality_code_method":"source_exact_coord"},"geometry":{"type":"Point","coordinates":[139.41215527429682,36.08215737562134]}},{"type":"Feature","properties":{"layer_id":"public_facilities","name":"江南第二コミュニティセンター","category":"public","address":"熊谷市千代293-10","source":"国土交通省 国土数値情報","municipality_code":"11202","municipality_pref":"埼玉県","municipality_name":"熊谷市","municipality_code_method":"source_exact_coord"},"geometry":{"type":"Point","coordinates":[139.33190070234463,36.11975355684285]}},{"type":"Feature","properties":{"layer_id":"public_facilities","name":"農業活性化センター","category":"public","address":"熊谷市中奈良897","source":"国土交通省 国土数値情報","municipality_code":"11202","municipality_pref":"埼玉県","municipality_name":"熊谷市","municipality_code_method":"source_exact_coord"},"geometry":{"type":"Point","coordinates":[139.37718151445722,36.19097646034991]}},{"type":"Feature","properties":{"layer_id":"public_facilities","name":"中条公民館","category":"public","address":"熊谷市上中条812","source":"国土交通省 国土数値情報","municipality_code":"11202","municipality_pref":"埼玉県","municipality_name":"熊谷市","municipality_code_method":"source_exact_coord"},"geometry":{"type":"Point","coordinates":[139.40524324356275,36.17879845712853]}},{"type":"Feature","properties":{"layer_id":"public_facilities","name":"上江袋地域コミュニティセンター","category":"public","address":"熊谷市上江袋519-1","source":"国土交通省 国土数値情報","municipality_code":"11202","municipality_pref":"埼玉県","municipality_name":"熊谷市","municipality_code_method":"source_exact_coord"},"geometry":{"type":"Point","coordinates":[139.35506820639776,36.202050459310755]}},{"type":"Feature","properties":{"layer_id":"public_facilities","name":"大幡公民館","category":"public","address":"熊谷市代585-1","source":"国土交通省 国土数値情報","municipality_code":"11202","municipality_pref":"埼玉県","municipality_name":"熊谷市","municipality_code_method":"source_exact_coord"},"geometry":{"type":"Point","coordinates":[139.37481809362023,36.17104248317844]}},{"type":"Feature","properties":{"layer_id":"public_facilities","name":"上石公民館","category":"public","address":"熊谷市石原1107-5","source":"国土交通省 国土数値情報","municipality_code":"11202","municipality_pref":"埼玉県","municipality_name":"熊谷市","municipality_code_method":"source_exact_coord"},"geometry":{"type":"Point","coordinates":[139.36571495053852,36.15114751238093]}},{"type":"Feature","properties":{"layer_id":"public_facilities","name":"大坂集会所","category":"public","address":"熊谷市御正新田1321-1","source":"国土交通省 国土数値情報","municipality_code":"11202","municipality_pref":"埼玉県","municipality_name":"熊谷市","municipality_code_method":"source_exact_coord"},"geometry":{"type":"Point","coordinates":[139.3609246533469,36.11664834342754]}},{"type":"Feature","properties":{"layer_id":"public_facilities","name":"久下公民館","category":"public","address":"熊谷市久下1434-2","source":"国土交通省 国土数値情報","municipality_code":"11202","municipality_pref":"埼玉県","municipality_name":"熊谷市","municipality_code_method":"source_exact_coord"},"geometry":{"type":"Point","coordinates":[139.41839797951306,36.12033847336077]}},{"type":"Feature","properties":{"layer_id":"public_facilities","name":"江南公民館","category":"public","address":"熊谷市千代325-1","source":"国土交通省 国土数値情報","municipality_code":"11202","municipality_pref":"埼玉県","municipality_name":"熊谷市","municipality_code_method":"source_exact_coord"},"geometry":{"type":"Point","coordinates":[139.33371169626784,36.117781557848744]}},{"type":"Feature","properties":{"layer_id":"public_facilities","name":"老人福祉センターひかわ荘","category":"public","address":"熊谷市弥藤吾1755","source":"国土交通省 国土数値情報","municipality_code":"11202","municipality_pref":"埼玉県","municipality_name":"熊谷市","municipality_code_method":"source_exact_coord"},"geometry":{"type":"Point","coordinates":[139.372313939158,36.21633173268418]}},{"type":"Feature","properties":{"layer_id":"public_facilities","name":"御正新田生活改善センター","category":"public","address":"熊谷市御正新田453-1","source":"国土交通省 国土数値情報","municipality_code":"11202","municipality_pref":"埼玉県","municipality_name":"熊谷市","municipality_code_method":"source_exact_coord"},"geometry":{"type":"Point","coordinates":[139.35287205465465,36.12341395185374]}},{"type":"Feature","properties":{"layer_id":"public_facilities","name":"籠原駅連絡所","category":"public","address":"熊谷市新堀709-1","source":"国土交通省 国土数値情報","municipality_code":"11202","municipality_pref":"埼玉県","municipality_name":"熊谷市","municipality_code_method":"source_exact_coord"},"geometry":{"type":"Point","coordinates":[139.33052498823656,36.174660501890116]}},{"type":"Feature","properties":{"layer_id":"public_facilities","name":"佐谷田公民館","category":"public","address":"熊谷市佐谷田347-1","source":"国土交通省 国土数値情報","municipality_code":"11202","municipality_pref":"埼玉県","municipality_name":"熊谷市","municipality_code_method":"source_exact_coord"},"geometry":{"type":"Point","coordinates":[139.4079560116692,36.13405548250368]}},{"type":"Feature","properties":{"layer_id":"public_facilities","name":"文化創造館さくらめいと","category":"public","address":"熊谷市拾六間111-1","source":"国土交通省 国土数値情報","municipality_code":"11202","municipality_pref":"埼玉県","municipality_name":"熊谷市","municipality_code_method":"source_exact_coord"},"geometry":{"type":"Point","coordinates":[139.32792693628667,36.16604151113511]}},{"type":"Feature","properties":{"layer_id":"public_facilities","name":"林集会所","category":"public","address":"熊谷市別府3-44","source":"国土交通省 国土数値情報","municipality_code":"11202","municipality_pref":"埼玉県","municipality_name":"熊谷市","municipality_code_method":"source_exact_coord"},"geometry":{"type":"Point","coordinates":[139.33670405262072,36.18367048890721]}},{"type":"Feature","properties":{"layer_id":"public_facilities","name":"江南農業研修センター","category":"public","address":"熊谷市板井671","source":"国土交通省 国土数値情報","municipality_code":"11202","municipality_pref":"埼玉県","municipality_name":"熊谷市","municipality_code_method":"source_exact_coord"},"geometry":{"type":"Point","coordinates":[139.31879113211835,36.10801696266578]}},{"type":"Feature","properties":{"layer_id":"public_facilities","name":"上江袋集会所","category":"public","address":"熊谷市上江袋519-1","source":"国土交通省 国土数値情報","municipality_code":"11202","municipality_pref":"埼玉県","municipality_name":"熊谷市","municipality_code_method":"source_exact_coord"},"geometry":{"type":"Point","coordinates":[139.35499220617405,36.20205045934868]}},{"type":"Feature","properties":{"layer_id":"public_facilities","name":"塩集会所","category":"public","address":"熊谷市塩142-1","source":"国土交通省 国土数値情報","municipality_code":"11202","municipality_pref":"埼玉県","municipality_name":"熊谷市","municipality_code_method":"source_exact_coord"},"geometry":{"type":"Point","coordinates":[139.31800761079194,36.10294656513446]}},{"type":"Feature","properties":{"layer_id":"public_facilities","name":"文化会館","category":"public","address":"熊谷市桜木町2-33-2","source":"国土交通省 国土数値情報","municipality_code":"11202","municipality_pref":"埼玉県","municipality_name":"熊谷市","municipality_code_method":"source_exact_coord"},"geometry":{"type":"Point","coordinates":[139.38678294684496,36.13689850241458]}},{"type":"Feature","properties":{"layer_id":"public_facilities","name":"今井集会所","category":"public","address":"熊谷市今井1395","source":"国土交通省 国土数値情報","municipality_code":"11202","municipality_pref":"埼玉県","municipality_name":"熊谷市","municipality_code_method":"source_exact_coord"},"geometry":{"type":"Point","coordinates":[139.38762320849494,36.183777460613996]}},{"type":"Feature","properties":{"layer_id":"public_facilities","name":"日向集会所","category":"public","address":"熊谷市日向481","source":"国土交通省 国土数値情報","municipality_code":"11202","municipality_pref":"埼玉県","municipality_name":"熊谷市","municipality_code_method":"source_exact_coord"},"geometry":{"type":"Point","coordinates":[139.41424404137223,36.19051373998556]}},{"type":"Feature","properties":{"layer_id":"public_facilities","name":"善ヶ島集会所","category":"public","address":"熊谷市善ケ島195-5","source":"国土交通省 国土数値情報","municipality_code":"11202","municipality_pref":"埼玉県","municipality_name":"熊谷市","municipality_code_method":"source_exact_coord"},"geometry":{"type":"Point","coordinates":[139.39984462532325,36.21526581586311]}},{"type":"Feature","properties":{"layer_id":"public_facilities","name":"めぬま農業研修センター","category":"public","address":"熊谷市弥藤吾2440","source":"国土交通省 国土数値情報","municipality_code":"11202","municipality_pref":"埼玉県","municipality_name":"熊谷市","municipality_code_method":"source_exact_coord"},"geometry":{"type":"Point","coordinates":[139.36822237080986,36.224328424861085]}},{"type":"Feature","properties":{"layer_id":"public_facilities","name":"大里体育館","category":"public","address":"熊谷市津田21","source":"国土交通省 国土数値情報","municipality_code":"11202","municipality_pref":"埼玉県","municipality_name":"熊谷市","municipality_code_method":"source_exact_coord"},"geometry":{"type":"Point","coordinates":[139.4109898640958,36.10224748004363]}},{"type":"Feature","properties":{"layer_id":"public_facilities","name":"成沢会議所","category":"public","address":"熊谷市成沢348-1","source":"国土交通省 国土数値情報","municipality_code":"11202","municipality_pref":"埼玉県","municipality_name":"熊谷市","municipality_code_method":"source_exact_coord"},"geometry":{"type":"Point","coordinates":[139.34491954046524,36.124300055650416]}},{"type":"Feature","properties":{"layer_id":"public_facilities","name":"楊井集会所","category":"public","address":"熊谷市楊井763-1","source":"国土交通省 国土数値情報","municipality_code":"11202","municipality_pref":"埼玉県","municipality_name":"熊谷市","municipality_code_method":"source_exact_coord"},"geometry":{"type":"Point","coordinates":[139.38073475454792,36.10112852253922]}},{"type":"Feature","properties":{"layer_id":"public_facilities","name":"新島集会所","category":"public","address":"熊谷市石原134","source":"国土交通省 国土数値情報","municipality_code":"11202","municipality_pref":"埼玉県","municipality_name":"熊谷市","municipality_code_method":"source_exact_coord"},"geometry":{"type":"Point","coordinates":[139.36174999354216,36.161009503328316]}},{"type":"Feature","properties":{"layer_id":"public_facilities","name":"吉岡公民館","category":"public","address":"熊谷市村岡409-1","source":"国土交通省 国土数値情報","municipality_code":"11202","municipality_pref":"埼玉県","municipality_name":"熊谷市","municipality_code_method":"source_exact_coord"},"geometry":{"type":"Point","coordinates":[139.37345682709068,36.12305552550198]}},{"type":"Feature","properties":{"layer_id":"public_facilities","name":"妻沼勤労福祉会館","category":"public","address":"熊谷市妻沼1706-1","source":"国土交通省 国土数値情報","municipality_code":"11202","municipality_pref":"埼玉県","municipality_name":"熊谷市","municipality_code_method":"source_exact_coord"},"geometry":{"type":"Point","coordinates":[139.37666048906732,36.22258672155796]}},{"type":"Feature","properties":{"layer_id":"public_facilities","name":"江南行政センター","category":"public","address":"熊谷市江南中央1-1","source":"国土交通省 国土数値情報","municipality_code":"11202","municipality_pref":"埼玉県","municipality_name":"熊谷市","municipality_code_method":"source_exact_coord"},"geometry":{"type":"Point","coordinates":[139.33496568728225,36.115193558923934]}},{"type":"Feature","properties":{"layer_id":"public_facilities","name":"太井公民館","category":"public","address":"熊谷市太井1949-1","source":"国土交通省 国土数値情報","municipality_code":"11202","municipality_pref":"埼玉県","municipality_name":"熊谷市","municipality_code_method":"source_exact_coord"},"geometry":{"type":"Point","coordinates":[139.4249860134012,36.12213846668501]}},{"type":"Feature","properties":{"layer_id":"public_facilities","name":"成田公民館","category":"public","address":"熊谷市上之531-2","source":"国土交通省 国土数値情報","municipality_code":"11202","municipality_pref":"埼玉県","municipality_name":"熊谷市","municipality_code_method":"source_exact_coord"},"geometry":{"type":"Point","coordinates":[139.40944612469525,36.154192473201626]}},{"type":"Feature","properties":{"layer_id":"public_facilities","name":"江南農村センター","category":"public","address":"熊谷市小江川1936-1","source":"国土交通省 国土数値情報","municipality_code":"11202","municipality_pref":"埼玉県","municipality_name":"熊谷市","municipality_code_method":"source_exact_coord"},"geometry":{"type":"Point","coordinates":[139.33255704130866,36.10488676335929]}},{"type":"Feature","properties":{"layer_id":"public_facilities","name":"樋春集会所","category":"public","address":"熊谷市樋春1023-1","source":"国土交通省 国土数値情報","municipality_code":"11202","municipality_pref":"埼玉県","municipality_name":"熊谷市","municipality_code_method":"source_exact_coord"},"geometry":{"type":"Point","coordinates":[139.3495517949053,36.13263054547307]}},{"type":"Feature","properties":{"layer_id":"public_facilities","name":"江南勤労福祉センター","category":"public","address":"熊谷市江南中央1-1","source":"国土交通省 国土数値情報","municipality_code":"11202","municipality_pref":"埼玉県","municipality_name":"熊谷市","municipality_code_method":"source_exact_coord"},"geometry":{"type":"Point","coordinates":[139.33494568725035,36.115193558924716]}},{"type":"Feature","properties":{"layer_id":"public_facilities","name":"太田公民館","category":"public","address":"熊谷市飯塚1410-1","source":"国土交通省 国土数値情報","municipality_code":"11202","municipality_pref":"埼玉県","municipality_name":"熊谷市","municipality_code_method":"source_exact_coord"},"geometry":{"type":"Point","coordinates":[139.3513406766291,36.217200843297135]}},{"type":"Feature","properties":{"layer_id":"public_facilities","name":"新堀公民館","category":"public","address":"熊谷市新堀202-1","source":"国土交通省 国土数値情報","municipality_code":"11202","municipality_pref":"埼玉県","municipality_name":"熊谷市","municipality_code_method":"source_exact_coord"},"geometry":{"type":"Point","coordinates":[139.33724299413015,36.172966402091326]}},{"type":"Feature","properties":{"layer_id":"public_facilities","name":"野原西部集会所","category":"public","address":"熊谷市野原66-3","source":"国土交通省 国土数値情報","municipality_code":"11202","municipality_pref":"埼玉県","municipality_name":"熊谷市","municipality_code_method":"source_exact_coord"},"geometry":{"type":"Point","coordinates":[139.35244207857042,36.10368085463729]}},{"type":"Feature","properties":{"layer_id":"public_facilities","name":"熊谷勤労者体育センター","category":"public","address":"熊谷市石原1409-1","source":"国土交通省 国土数値情報","municipality_code":"11202","municipality_pref":"埼玉県","municipality_name":"熊谷市","municipality_code_method":"source_exact_coord"},"geometry":{"type":"Point","coordinates":[139.3624229252392,36.14861351810734]}},{"type":"Feature","properties":{"layer_id":"public_facilities","name":"パ−クシティ集会所","category":"public","address":"熊谷市押切2653-95","source":"国土交通省 国土数値情報","municipality_code":"11202","municipality_pref":"埼玉県","municipality_name":"熊谷市","municipality_code_method":"source_exact_coord"},"geometry":{"type":"Point","coordinates":[139.3366306733698,36.11107556032718]}},{"type":"Feature","properties":{"layer_id":"public_facilities","name":"上押切集会所","category":"public","address":"熊谷市押切1056-1","source":"国土交通省 国土数値情報","municipality_code":"11202","municipality_pref":"埼玉県","municipality_name":"熊谷市","municipality_code_method":"source_exact_coord"},"geometry":{"type":"Point","coordinates":[139.32378475817305,36.13413354615046]}},{"type":"Feature","properties":{"layer_id":"public_facilities","name":"上新田集会所","category":"public","address":"熊谷市上新田227","source":"国土交通省 国土数値情報","municipality_code":"11202","municipality_pref":"埼玉県","municipality_name":"熊谷市","municipality_code_method":"source_exact_coord"},"geometry":{"type":"Point","coordinates":[139.31823573790473,36.13148454695022]}},{"type":"Feature","properties":{"layer_id":"public_facilities","name":"須賀広集落センター","category":"public","address":"熊谷市須賀広243-1","source":"国土交通省 国土数値情報","municipality_code":"11202","municipality_pref":"埼玉県","municipality_name":"熊谷市","municipality_code_method":"source_exact_coord"},"geometry":{"type":"Point","coordinates":[139.34197306339598,36.105903059935095]}},{"type":"Feature","properties":{"layer_id":"scenic_nature_areas","name":"江南町","category":"nature","source":"国土交通省 国土数値情報","municipality_code":"11202","municipality_pref":"埼玉県","municipality_name":"熊谷市","municipality_code_method":"nearest_centroid"},"geometry":{"type":"Polygon","coordinates":[[[139.33406204000005,36.11110200999999],[139.33557797,36.110726980000045],[139.33635700999997,36.11082497999998],[139.33645304,36.11015399999998],[139.33537303,36.10961497999996],[139.33465497,36.11001795],[139.33409197000006,36.10968001000002],[139.33314296000003,36.11022896000005],[139.33235804000003,36.11074602000002],[139.33162304000007,36.11083503000002],[139.33087698000006,36.11145196999999],[139.33086497000005,36.11201404000005],[139.33146999000002,36.11231895999996],[139.33194904000004,36.11275499999998],[139.33217997000003,36.11341898000003],[139.33262397000001,36.11359003999997],[139.33331704999998,36.113566960000014],[139.33384996,36.11344203999998],[139.33401804,36.11317997999997],[139.33371204000005,36.11225101000002],[139.33360297000002,36.11162397000001],[139.33406204000005,36.11110200999999]]]}},{"type":"Feature","properties":{"layer_id":"cultural_facilities","name":"熊谷さくら運動公園","category":"public","address":"小島157-1","source":"国土交通省 国土数値情報","municipality_code":"11202","municipality_pref":"埼玉県","municipality_name":"熊谷市","municipality_code_method":"nearest_centroid"},"geometry":{"type":"Point","coordinates":[139.344013,36.155472]}},{"type":"Feature","properties":{"layer_id":"cultural_facilities","name":"江南総合グラウンド","category":"public","address":"押切2436","source":"国土交通省 国土数値情報","municipality_code":"11202","municipality_pref":"埼玉県","municipality_name":"熊谷市","municipality_code_method":"nearest_centroid"},"geometry":{"type":"Point","coordinates":[139.33772,36.119432]}},{"type":"Feature","properties":{"layer_id":"cultural_facilities","name":"熊谷さくら運動公園","category":"public","address":"小島157-1","source":"国土交通省 国土数値情報","municipality_code":"11202","municipality_pref":"埼玉県","municipality_name":"熊谷市","municipality_code_method":"nearest_centroid"},"geometry":{"type":"Point","coordinates":[139.345196,36.153534]}},{"type":"Feature","properties":{"layer_id":"cultural_facilities","name":"埼玉県立熊谷図書館","category":"public","address":"箱田5-6-1","source":"国土交通省 国土数値情報","municipality_code":"11202","municipality_pref":"埼玉県","municipality_name":"熊谷市","municipality_code_method":"nearest_centroid"},"geometry":{"type":"Point","coordinates":[139.39109,36.150501]}},{"type":"Feature","properties":{"layer_id":"cultural_facilities","name":"市民体育館","category":"public","address":"桜木町2-33-5","source":"国土交通省 国土数値情報","municipality_code":"11202","municipality_pref":"埼玉県","municipality_name":"熊谷市","municipality_code_method":"nearest_centroid"},"geometry":{"type":"Point","coordinates":[139.386561,36.136274]}},{"type":"Feature","properties":{"layer_id":"cultural_facilities","name":"熊谷スポーツ文化公園","category":"public","address":"上川上300","source":"国土交通省 国土数値情報","municipality_code":"11202","municipality_pref":"埼玉県","municipality_name":"熊谷市","municipality_code_method":"nearest_centroid"},"geometry":{"type":"Point","coordinates":[139.411005,36.163853]}},{"type":"Feature","properties":{"layer_id":"cultural_facilities","name":"籠原体育館","category":"public","address":"籠原南3-15-4","source":"国土交通省 国土数値情報","municipality_code":"11202","municipality_pref":"埼玉県","municipality_name":"熊谷市","municipality_code_method":"nearest_centroid"},"geometry":{"type":"Point","coordinates":[139.32741,36.171005]}},{"type":"Feature","properties":{"layer_id":"cultural_facilities","name":"熊谷市立熊谷図書館美術・郷土資料展示室","category":"public","address":"桜木町2-33-2","source":"国土交通省 国土数値情報","municipality_code":"11202","municipality_pref":"埼玉県","municipality_name":"熊谷市","municipality_code_method":"nearest_centroid"},"geometry":{"type":"Point","coordinates":[139.386922,36.137062]}},{"type":"Feature","properties":{"layer_id":"cultural_facilities","name":"荒川大麻生公園","category":"public","address":"大字大麻生","source":"国土交通省 国土数値情報","municipality_code":"11202","municipality_pref":"埼玉県","municipality_name":"熊谷市","municipality_code_method":"nearest_centroid"},"geometry":{"type":"Point","coordinates":[139.330572,36.141658]}},{"type":"Feature","properties":{"layer_id":"cultural_facilities","name":"東部体育館","category":"public","address":"佐谷田371-3","source":"国土交通省 国土数値情報","municipality_code":"11202","municipality_pref":"埼玉県","municipality_name":"熊谷市","municipality_code_method":"nearest_centroid"},"geometry":{"type":"Point","coordinates":[139.409153,36.133048]}},{"type":"Feature","properties":{"layer_id":"cultural_facilities","name":"埼玉県立熊谷点字図書館","category":"public","address":"上之2026-2","source":"国土交通省 国土数値情報","municipality_code":"11202","municipality_pref":"埼玉県","municipality_name":"熊谷市","municipality_code_method":"nearest_centroid"},"geometry":{"type":"Point","coordinates":[139.400454,36.151482]}},{"type":"Feature","properties":{"layer_id":"cultural_facilities","name":"江南総合グラウンド","category":"public","address":"押切2436","source":"国土交通省 国土数値情報","municipality_code":"11202","municipality_pref":"埼玉県","municipality_name":"熊谷市","municipality_code_method":"nearest_centroid"},"geometry":{"type":"Point","coordinates":[139.337209,36.118572]}},{"type":"Feature","properties":{"layer_id":"cultural_facilities","name":"江南体育館","category":"public","address":"江南中央2-3-1","source":"国土交通省 国土数値情報","municipality_code":"11202","municipality_pref":"埼玉県","municipality_name":"熊谷市","municipality_code_method":"nearest_centroid"},"geometry":{"type":"Point","coordinates":[139.33647,36.115354]}},{"type":"Feature","properties":{"layer_id":"cultural_facilities","name":"東部体育館","category":"public","address":"佐谷田371-3","source":"国土交通省 国土数値情報","municipality_code":"11202","municipality_pref":"埼玉県","municipality_name":"熊谷市","municipality_code_method":"nearest_centroid"},"geometry":{"type":"Point","coordinates":[139.409156,36.133]}},{"type":"Feature","properties":{"layer_id":"cultural_facilities","name":"熊谷スポーツ文化公園","category":"public","address":"上川上300","source":"国土交通省 国土数値情報","municipality_code":"11202","municipality_pref":"埼玉県","municipality_name":"熊谷市","municipality_code_method":"nearest_centroid"},"geometry":{"type":"Point","coordinates":[139.411011,36.163743]}},{"type":"Feature","properties":{"layer_id":"cultural_facilities","name":"熊谷さくら運動公園","category":"public","address":"小島157-1","source":"国土交通省 国土数値情報","municipality_code":"11202","municipality_pref":"埼玉県","municipality_name":"熊谷市","municipality_code_method":"nearest_centroid"},"geometry":{"type":"Point","coordinates":[139.343663,36.153467]}},{"type":"Feature","properties":{"layer_id":"cultural_facilities","name":"熊谷さくら運動公園","category":"public","address":"小島157-1","source":"国土交通省 国土数値情報","municipality_code":"11202","municipality_pref":"埼玉県","municipality_name":"熊谷市","municipality_code_method":"nearest_centroid"},"geometry":{"type":"Point","coordinates":[139.346854,36.157228]}},{"type":"Feature","properties":{"layer_id":"cultural_facilities","name":"大麻生ゴルフ場","category":"public","address":"大麻生753","source":"国土交通省 国土数値情報","municipality_code":"11202","municipality_pref":"埼玉県","municipality_name":"熊谷市","municipality_code_method":"nearest_centroid"},"geometry":{"type":"Point","coordinates":[139.324757,36.144308]}},{"type":"Feature","properties":{"layer_id":"cultural_facilities","name":"熊谷さくら運動公園","category":"public","address":"小島157-1","source":"国土交通省 国土数値情報","municipality_code":"11202","municipality_pref":"埼玉県","municipality_name":"熊谷市","municipality_code_method":"nearest_centroid"},"geometry":{"type":"Point","coordinates":[139.347882,36.156609]}},{"type":"Feature","properties":{"layer_id":"cultural_facilities","name":"江南総合グラウンド","category":"public","address":"押切2436","source":"国土交通省 国土数値情報","municipality_code":"11202","municipality_pref":"埼玉県","municipality_name":"熊谷市","municipality_code_method":"nearest_centroid"},"geometry":{"type":"Point","coordinates":[139.338005,36.119014]}},{"type":"Feature","properties":{"layer_id":"cultural_facilities","name":"熊谷さくら運動公園","category":"public","address":"小島157-1","source":"国土交通省 国土数値情報","municipality_code":"11202","municipality_pref":"埼玉県","municipality_name":"熊谷市","municipality_code_method":"nearest_centroid"},"geometry":{"type":"Point","coordinates":[139.345196,36.153438]}},{"type":"Feature","properties":{"layer_id":"cultural_facilities","name":"荒川緑地","category":"public","address":"熊谷","source":"国土交通省 国土数値情報","municipality_code":"11202","municipality_pref":"埼玉県","municipality_name":"熊谷市","municipality_code_method":"nearest_centroid"},"geometry":{"type":"Point","coordinates":[139.376908,36.137812]}},{"type":"Feature","properties":{"layer_id":"cultural_facilities","name":"荒川緑地","category":"public","address":"熊谷","source":"国土交通省 国土数値情報","municipality_code":"11202","municipality_pref":"埼玉県","municipality_name":"熊谷市","municipality_code_method":"nearest_centroid"},"geometry":{"type":"Point","coordinates":[139.373045,36.139506]}},{"type":"Feature","properties":{"layer_id":"cultural_facilities","name":"熊谷市立江南図書館","category":"public","address":"千代325-1","source":"国土交通省 国土数値情報","municipality_code":"11202","municipality_pref":"埼玉県","municipality_name":"熊谷市","municipality_code_method":"nearest_centroid"},"geometry":{"type":"Point","coordinates":[139.333436,36.117644]}},{"type":"Feature","properties":{"layer_id":"cultural_facilities","name":"立正大学博物館","category":"public","address":"万吉1700","source":"国土交通省 国土数値情報","municipality_code":"11202","municipality_pref":"埼玉県","municipality_name":"熊谷市","municipality_code_method":"nearest_centroid"},"geometry":{"type":"Point","coordinates":[139.365173,36.109719]}},{"type":"Feature","properties":{"layer_id":"cultural_facilities","name":"江南体育館","category":"public","address":"江南中央2-3-1","source":"国土交通省 国土数値情報","municipality_code":"11202","municipality_pref":"埼玉県","municipality_name":"熊谷市","municipality_code_method":"nearest_centroid"},"geometry":{"type":"Point","coordinates":[139.33647,36.115268]}},{"type":"Feature","properties":{"layer_id":"cultural_facilities","name":"市民体育館","category":"public","address":"桜木町2-33-5","source":"国土交通省 国土数値情報","municipality_code":"11202","municipality_pref":"埼玉県","municipality_name":"熊谷市","municipality_code_method":"nearest_centroid"},"geometry":{"type":"Point","coordinates":[139.386567,36.136356]}},{"type":"Feature","properties":{"layer_id":"cultural_facilities","name":"伊勢町ふれあい公園","category":"public","address":"伊勢町133","source":"国土交通省 国土数値情報","municipality_code":"11202","municipality_pref":"埼玉県","municipality_name":"熊谷市","municipality_code_method":"nearest_centroid"},"geometry":{"type":"Point","coordinates":[139.373317,36.144153]}},{"type":"Feature","properties":{"layer_id":"cultural_facilities","name":"市民体育館","category":"public","address":"桜木町2-33-5","source":"国土交通省 国土数値情報","municipality_code":"11202","municipality_pref":"埼玉県","municipality_name":"熊谷市","municipality_code_method":"nearest_centroid"},"geometry":{"type":"Point","coordinates":[139.386561,36.136519]}},{"type":"Feature","properties":{"layer_id":"cultural_facilities","name":"荒川緑地","category":"public","address":"熊谷","source":"国土交通省 国土数値情報","municipality_code":"11202","municipality_pref":"埼玉県","municipality_name":"熊谷市","municipality_code_method":"nearest_centroid"},"geometry":{"type":"Point","coordinates":[139.382208,36.136099]}},{"type":"Feature","properties":{"layer_id":"cultural_facilities","name":"熊谷スポーツ文化公園","category":"public","address":"上川上300","source":"国土交通省 国土数値情報","municipality_code":"11202","municipality_pref":"埼玉県","municipality_name":"熊谷市","municipality_code_method":"nearest_centroid"},"geometry":{"type":"Point","coordinates":[139.409543,36.166285]}},{"type":"Feature","properties":{"layer_id":"cultural_facilities","name":"籠原体育館","category":"public","address":"籠原南3-15-4","source":"国土交通省 国土数値情報","municipality_code":"11202","municipality_pref":"埼玉県","municipality_name":"熊谷市","municipality_code_method":"nearest_centroid"},"geometry":{"type":"Point","coordinates":[139.327416,36.171087]}},{"type":"Feature","properties":{"layer_id":"cultural_facilities","name":"熊谷さくら運動公園","category":"public","address":"小島157-1","source":"国土交通省 国土数値情報","municipality_code":"11202","municipality_pref":"埼玉県","municipality_name":"熊谷市","municipality_code_method":"nearest_centroid"},"geometry":{"type":"Point","coordinates":[139.344721,36.153035]}},{"type":"Feature","properties":{"layer_id":"cultural_facilities","name":"熊谷スポーツ文化公園","category":"public","address":"上川上300","source":"国土交通省 国土数値情報","municipality_code":"11202","municipality_pref":"埼玉県","municipality_name":"熊谷市","municipality_code_method":"nearest_centroid"},"geometry":{"type":"Point","coordinates":[139.40517,36.167422]}},{"type":"Feature","properties":{"layer_id":"cultural_facilities","name":"熊谷さくら運動公園","category":"public","address":"小島157-1","source":"国土交通省 国土数値情報","municipality_code":"11202","municipality_pref":"埼玉県","municipality_name":"熊谷市","municipality_code_method":"nearest_centroid"},"geometry":{"type":"Point","coordinates":[139.34658,36.155323]}},{"type":"Feature","properties":{"layer_id":"cultural_facilities","name":"熊谷市立熊谷図書館","category":"public","address":"桜木町2-33-2","source":"国土交通省 国土数値情報","municipality_code":"11202","municipality_pref":"埼玉県","municipality_name":"熊谷市","municipality_code_method":"nearest_centroid"},"geometry":{"type":"Point","coordinates":[139.386922,36.137062]}},{"type":"Feature","properties":{"layer_id":"cultural_facilities","name":"熊谷さくら運動公園","category":"public","address":"小島157-1","source":"国土交通省 国土数値情報","municipality_code":"11202","municipality_pref":"埼玉県","municipality_name":"熊谷市","municipality_code_method":"nearest_centroid"},"geometry":{"type":"Point","coordinates":[139.342813,36.156686]}},{"type":"Feature","properties":{"layer_id":"cultural_facilities","name":"市民体育館","category":"public","address":"桜木町2-33-5","source":"国土交通省 国土数値情報","municipality_code":"11202","municipality_pref":"埼玉県","municipality_name":"熊谷市","municipality_code_method":"nearest_centroid"},"geometry":{"type":"Point","coordinates":[139.386561,36.136437]}},{"type":"Feature","properties":{"layer_id":"cultural_facilities","name":"熊谷スポーツ文化公園","category":"public","address":"上川上300","source":"国土交通省 国土数値情報","municipality_code":"11202","municipality_pref":"埼玉県","municipality_name":"熊谷市","municipality_code_method":"nearest_centroid"},"geometry":{"type":"Point","coordinates":[139.407024,36.164587]}},{"type":"Feature","properties":{"layer_id":"parks_playgrounds","name":"肥塚出口公園","category":"nature","address":"熊谷市","source":"国土交通省 国土数値情報","municipality_code":"11202","municipality_pref":"埼玉県","municipality_name":"熊谷市","municipality_code_method":"nearest_centroid"},"geometry":{"type":"Point","coordinates":[139.3888737,36.16181295]}},{"type":"Feature","properties":{"layer_id":"parks_playgrounds","name":"玉井在家第1公園","category":"nature","address":"熊谷市","source":"国土交通省 国土数値情報","municipality_code":"11202","municipality_pref":"埼玉県","municipality_name":"熊谷市","municipality_code_method":"nearest_centroid"},"geometry":{"type":"Point","coordinates":[139.34036039,36.18014315]}},{"type":"Feature","properties":{"layer_id":"parks_playgrounds","name":"四方寺農村広場","category":"nature","address":"熊谷市","source":"国土交通省 国土数値情報","municipality_code":"11202","municipality_pref":"埼玉県","municipality_name":"熊谷市","municipality_code_method":"nearest_centroid"},"geometry":{"type":"Point","coordinates":[139.39368022,36.18687829]}},{"type":"Feature","properties":{"layer_id":"parks_playgrounds","name":"荒宿農村広場","category":"nature","address":"熊谷市","source":"国土交通省 国土数値情報","municipality_code":"11202","municipality_pref":"埼玉県","municipality_name":"熊谷市","municipality_code_method":"nearest_centroid"},"geometry":{"type":"Point","coordinates":[139.40092053,36.18974344]}},{"type":"Feature","properties":{"layer_id":"parks_playgrounds","name":"雀宮第4公園","category":"nature","address":"熊谷市","source":"国土交通省 国土数値情報","municipality_code":"11202","municipality_pref":"埼玉県","municipality_name":"熊谷市","municipality_code_method":"nearest_centroid"},"geometry":{"type":"Point","coordinates":[139.39090321,36.16125551]}},{"type":"Feature","properties":{"layer_id":"parks_playgrounds","name":"中奈良公園","category":"nature","address":"熊谷市","source":"国土交通省 国土数値情報","municipality_code":"11202","municipality_pref":"埼玉県","municipality_name":"熊谷市","municipality_code_method":"nearest_centroid"},"geometry":{"type":"Point","coordinates":[139.35664653,36.18477758]}},{"type":"Feature","properties":{"layer_id":"parks_playgrounds","name":"別府農村広場","category":"nature","address":"熊谷市","source":"国土交通省 国土数値情報","municipality_code":"11202","municipality_pref":"埼玉県","municipality_name":"熊谷市","municipality_code_method":"nearest_centroid"},"geometry":{"type":"Point","coordinates":[139.33723488,36.19572752]}},{"type":"Feature","properties":{"layer_id":"parks_playgrounds","name":"雀宮緑地","category":"nature","address":"熊谷市","source":"国土交通省 国土数値情報","municipality_code":"11202","municipality_pref":"埼玉県","municipality_name":"熊谷市","municipality_code_method":"nearest_centroid"},"geometry":{"type":"Point","coordinates":[139.39318024,36.16088667]}},{"type":"Feature","properties":{"layer_id":"parks_playgrounds","name":"駅東第3公園","category":"nature","address":"熊谷市","source":"国土交通省 国土数値情報","municipality_code":"11202","municipality_pref":"埼玉県","municipality_name":"熊谷市","municipality_code_method":"nearest_centroid"},"geometry":{"type":"Point","coordinates":[139.39951629,36.13608251]}},{"type":"Feature","properties":{"layer_id":"parks_playgrounds","name":"雀宮第3公園","category":"nature","address":"熊谷市","source":"国土交通省 国土数値情報","municipality_code":"11202","municipality_pref":"埼玉県","municipality_name":"熊谷市","municipality_code_method":"nearest_centroid"},"geometry":{"type":"Point","coordinates":[139.39448925,36.16278953]}},{"type":"Feature","properties":{"layer_id":"parks_playgrounds","name":"松風公園","category":"nature","address":"熊谷市","source":"国土交通省 国土数値情報","municipality_code":"11202","municipality_pref":"埼玉県","municipality_name":"熊谷市","municipality_code_method":"nearest_centroid"},"geometry":{"type":"Point","coordinates":[139.36417847,36.14680807]}},{"type":"Feature","properties":{"layer_id":"parks_playgrounds","name":"堤公園","category":"nature","address":"熊谷市","source":"国土交通省 国土数値情報","municipality_code":"11202","municipality_pref":"埼玉県","municipality_name":"熊谷市","municipality_code_method":"nearest_centroid"},"geometry":{"type":"Point","coordinates":[139.36723099,36.14594885]}},{"type":"Feature","properties":{"layer_id":"parks_playgrounds","name":"荒川公園","category":"nature","address":"熊谷市","source":"国土交通省 国土数値情報","municipality_code":"11202","municipality_pref":"埼玉県","municipality_name":"熊谷市","municipality_code_method":"nearest_centroid"},"geometry":{"type":"Point","coordinates":[139.38484216,36.13665252]}},{"type":"Feature","properties":{"layer_id":"parks_playgrounds","name":"水越農村広場","category":"nature","address":"熊谷市","source":"国土交通省 国土数値情報","municipality_code":"11202","municipality_pref":"埼玉県","municipality_name":"熊谷市","municipality_code_method":"nearest_centroid"},"geometry":{"type":"Point","coordinates":[139.40200232,36.18414844]}},{"type":"Feature","properties":{"layer_id":"parks_playgrounds","name":"雀宮第5公園","category":"nature","address":"熊谷市","source":"国土交通省 国土数値情報","municipality_code":"11202","municipality_pref":"埼玉県","municipality_name":"熊谷市","municipality_code_method":"nearest_centroid"},"geometry":{"type":"Point","coordinates":[139.39686527,36.16233687]}},{"type":"Feature","properties":{"layer_id":"parks_playgrounds","name":"赤城公園","category":"nature","address":"熊谷市","source":"国土交通省 国土数値情報","municipality_code":"11202","municipality_pref":"埼玉県","municipality_name":"熊谷市","municipality_code_method":"nearest_centroid"},"geometry":{"type":"Point","coordinates":[139.35948967,36.14649372]}},{"type":"Feature","properties":{"layer_id":"parks_playgrounds","name":"東公園","category":"nature","address":"熊谷市","source":"国土交通省 国土数値情報","municipality_code":"11202","municipality_pref":"埼玉県","municipality_name":"熊谷市","municipality_code_method":"nearest_centroid"},"geometry":{"type":"Point","coordinates":[139.39565681,36.14210005]}},{"type":"Feature","properties":{"layer_id":"parks_playgrounds","name":"雀宮第2公園","category":"nature","address":"熊谷市","source":"国土交通省 国土数値情報","municipality_code":"11202","municipality_pref":"埼玉県","municipality_name":"熊谷市","municipality_code_method":"nearest_centroid"},"geometry":{"type":"Point","coordinates":[139.39407124,36.1603921]}},{"type":"Feature","properties":{"layer_id":"parks_playgrounds","name":"本石公園","category":"nature","address":"熊谷市","source":"国土交通省 国土数値情報","municipality_code":"11202","municipality_pref":"埼玉県","municipality_name":"熊谷市","municipality_code_method":"nearest_centroid"},"geometry":{"type":"Point","coordinates":[139.379451,36.14862051]}},{"type":"Feature","properties":{"layer_id":"parks_playgrounds","name":"南運動場","category":"nature","address":"熊谷市","source":"国土交通省 国土数値情報","municipality_code":"11202","municipality_pref":"埼玉県","municipality_name":"熊谷市","municipality_code_method":"nearest_centroid"},"geometry":{"type":"Point","coordinates":[139.37270409,36.14445059]}},{"type":"Feature","properties":{"layer_id":"parks_playgrounds","name":"星渓園","category":"nature","address":"熊谷市","source":"国土交通省 国土数値情報","municipality_code":"11202","municipality_pref":"埼玉県","municipality_name":"熊谷市","municipality_code_method":"nearest_centroid"},"geometry":{"type":"Point","coordinates":[139.381318,36.14432996]}},{"type":"Feature","properties":{"layer_id":"parks_playgrounds","name":"玉井緑地","category":"nature","address":"熊谷市","source":"国土交通省 国土数値情報","municipality_code":"11202","municipality_pref":"埼玉県","municipality_name":"熊谷市","municipality_code_method":"nearest_centroid"},"geometry":{"type":"Point","coordinates":[139.34332777,36.17756808]}},{"type":"Feature","properties":{"layer_id":"parks_playgrounds","name":"中島農村広場","category":"nature","address":"熊谷市","source":"国土交通省 国土数値情報","municipality_code":"11202","municipality_pref":"埼玉県","municipality_name":"熊谷市","municipality_code_method":"nearest_centroid"},"geometry":{"type":"Point","coordinates":[139.41619025,36.17155775]}},{"type":"Feature","properties":{"layer_id":"parks_playgrounds","name":"石原公園","category":"nature","address":"熊谷市","source":"国土交通省 国土数値情報","municipality_code":"11202","municipality_pref":"埼玉県","municipality_name":"熊谷市","municipality_code_method":"nearest_centroid"},"geometry":{"type":"Point","coordinates":[139.37165854,36.14814929]}},{"type":"Feature","properties":{"layer_id":"parks_playgrounds","name":"玉井稲荷木第1公園","category":"nature","address":"熊谷市","source":"国土交通省 国土数値情報","municipality_code":"11202","municipality_pref":"埼玉県","municipality_name":"熊谷市","municipality_code_method":"nearest_centroid"},"geometry":{"type":"Point","coordinates":[139.34585359,36.17411259]}},{"type":"Feature","properties":{"layer_id":"parks_playgrounds","name":"肥塚中島公園","category":"nature","address":"熊谷市","source":"国土交通省 国土数値情報","municipality_code":"11202","municipality_pref":"埼玉県","municipality_name":"熊谷市","municipality_code_method":"nearest_centroid"},"geometry":{"type":"Point","coordinates":[139.38566992,36.16310178]}},{"type":"Feature","properties":{"layer_id":"parks_playgrounds","name":"広瀬川原公園","category":"nature","address":"熊谷市","source":"国土交通省 国土数値情報","municipality_code":"11202","municipality_pref":"埼玉県","municipality_name":"熊谷市","municipality_code_method":"nearest_centroid"},"geometry":{"type":"Point","coordinates":[139.35497688,36.14542074]}},{"type":"Feature","properties":{"layer_id":"parks_playgrounds","name":"宮町公園","category":"nature","address":"熊谷市","source":"国土交通省 国土数値情報","municipality_code":"11202","municipality_pref":"埼玉県","municipality_name":"熊谷市","municipality_code_method":"nearest_centroid"},"geometry":{"type":"Point","coordinates":[139.38685243,36.14771968]}},{"type":"Feature","properties":{"layer_id":"parks_playgrounds","name":"平戸公園","category":"nature","address":"熊谷市","source":"国土交通省 国土数値情報","municipality_code":"11202","municipality_pref":"埼玉県","municipality_name":"熊谷市","municipality_code_method":"nearest_centroid"},"geometry":{"type":"Point","coordinates":[139.40908638,36.14131326]}},{"type":"Feature","properties":{"layer_id":"parks_playgrounds","name":"今井農村広場","category":"nature","address":"熊谷市","source":"国土交通省 国土数値情報","municipality_code":"11202","municipality_pref":"埼玉県","municipality_name":"熊谷市","municipality_code_method":"nearest_centroid"},"geometry":{"type":"Point","coordinates":[139.39084426,36.17962536]}},{"type":"Feature","properties":{"layer_id":"parks_playgrounds","name":"見晴公園","category":"nature","address":"熊谷市","source":"国土交通省 国土数値情報","municipality_code":"11202","municipality_pref":"埼玉県","municipality_name":"熊谷市","municipality_code_method":"nearest_centroid"},"geometry":{"type":"Point","coordinates":[139.3730473,36.1408145]}},{"type":"Feature","properties":{"layer_id":"parks_playgrounds","name":"新堤緑地","category":"nature","address":"熊谷市","source":"国土交通省 国土数値情報","municipality_code":"11202","municipality_pref":"埼玉県","municipality_name":"熊谷市","municipality_code_method":"nearest_centroid"},"geometry":{"type":"Point","coordinates":[139.37967211,36.13762491]}},{"type":"Feature","properties":{"layer_id":"parks_playgrounds","name":"熊谷スポーツ文化公園","category":"nature","address":"熊谷市","source":"国土交通省 国土数値情報","municipality_code":"11202","municipality_pref":"埼玉県","municipality_name":"熊谷市","municipality_code_method":"nearest_centroid"},"geometry":{"type":"Point","coordinates":[139.40414126,36.16690287]}},{"type":"Feature","properties":{"layer_id":"parks_playgrounds","name":"宮前公園","category":"nature","address":"熊谷市","source":"国土交通省 国土数値情報","municipality_code":"11202","municipality_pref":"埼玉県","municipality_name":"熊谷市","municipality_code_method":"nearest_centroid"},"geometry":{"type":"Point","coordinates":[139.38293794,36.14144516]}},{"type":"Feature","properties":{"layer_id":"parks_playgrounds","name":"曙公園","category":"nature","address":"熊谷市","source":"国土交通省 国土数値情報","municipality_code":"11202","municipality_pref":"埼玉県","municipality_name":"熊谷市","municipality_code_method":"nearest_centroid"},"geometry":{"type":"Point","coordinates":[139.39462099,36.13550113]}},{"type":"Feature","properties":{"layer_id":"parks_playgrounds","name":"村岡荒川緑地","category":"nature","address":"熊谷市","source":"国土交通省 国土数値情報","municipality_code":"11202","municipality_pref":"埼玉県","municipality_name":"熊谷市","municipality_code_method":"nearest_centroid"},"geometry":{"type":"Point","coordinates":[139.38075426,36.13142507]}},{"type":"Feature","properties":{"layer_id":"parks_playgrounds","name":"山神公園","category":"nature","address":"熊谷市","source":"国土交通省 国土数値情報","municipality_code":"11202","municipality_pref":"埼玉県","municipality_name":"熊谷市","municipality_code_method":"nearest_centroid"},"geometry":{"type":"Point","coordinates":[139.34069325,36.11537325]}},{"type":"Feature","properties":{"layer_id":"parks_playgrounds","name":"籠原南第2公園","category":"nature","address":"熊谷市","source":"国土交通省 国土数値情報","municipality_code":"11202","municipality_pref":"埼玉県","municipality_name":"熊谷市","municipality_code_method":"nearest_centroid"},"geometry":{"type":"Point","coordinates":[139.33078766,36.17184276]}},{"type":"Feature","properties":{"layer_id":"parks_playgrounds","name":"中条農村広場","category":"nature","address":"熊谷市","source":"国土交通省 国土数値情報","municipality_code":"11202","municipality_pref":"埼玉県","municipality_name":"熊谷市","municipality_code_method":"nearest_centroid"},"geometry":{"type":"Point","coordinates":[139.40577535,36.1781884]}},{"type":"Feature","properties":{"layer_id":"parks_playgrounds","name":"大幡公園","category":"nature","address":"熊谷市","source":"国土交通省 国土数値情報","municipality_code":"11202","municipality_pref":"埼玉県","municipality_name":"熊谷市","municipality_code_method":"nearest_centroid"},"geometry":{"type":"Point","coordinates":[139.37818985,36.16690539]}},{"type":"Feature","properties":{"layer_id":"parks_playgrounds","name":"別府第1公園","category":"nature","address":"熊谷市","source":"国土交通省 国土数値情報","municipality_code":"11202","municipality_pref":"埼玉県","municipality_name":"熊谷市","municipality_code_method":"nearest_centroid"},"geometry":{"type":"Point","coordinates":[139.33269958,36.18564931]}},{"type":"Feature","properties":{"layer_id":"parks_playgrounds","name":"熊久公園","category":"nature","address":"熊谷市","source":"国土交通省 国土数値情報","municipality_code":"11202","municipality_pref":"埼玉県","municipality_name":"熊谷市","municipality_code_method":"nearest_centroid"},"geometry":{"type":"Point","coordinates":[139.39991505,36.12859683]}},{"type":"Feature","properties":{"layer_id":"parks_playgrounds","name":"玉井在家第2公園","category":"nature","address":"熊谷市","source":"国土交通省 国土数値情報","municipality_code":"11202","municipality_pref":"埼玉県","municipality_name":"熊谷市","municipality_code_method":"nearest_centroid"},"geometry":{"type":"Point","coordinates":[139.33697743,36.17862306]}},{"type":"Feature","properties":{"layer_id":"parks_playgrounds","name":"雀宮第1公園","category":"nature","address":"熊谷市","source":"国土交通省 国土数値情報","municipality_code":"11202","municipality_pref":"埼玉県","municipality_name":"熊谷市","municipality_code_method":"nearest_centroid"},"geometry":{"type":"Point","coordinates":[139.39747028,36.16029151]}},{"type":"Feature","properties":{"layer_id":"parks_playgrounds","name":"別府第3公園","category":"nature","address":"熊谷市","source":"国土交通省 国土数値情報","municipality_code":"11202","municipality_pref":"埼玉県","municipality_name":"熊谷市","municipality_code_method":"nearest_centroid"},"geometry":{"type":"Point","coordinates":[139.33531695,36.18032806]}},{"type":"Feature","properties":{"layer_id":"parks_playgrounds","name":"曙第2公園","category":"nature","address":"熊谷市","source":"国土交通省 国土数値情報","municipality_code":"11202","municipality_pref":"埼玉県","municipality_name":"熊谷市","municipality_code_method":"nearest_centroid"},"geometry":{"type":"Point","coordinates":[139.39507225,36.13697106]}},{"type":"Feature","properties":{"layer_id":"parks_playgrounds","name":"新島公園","category":"nature","address":"熊谷市","source":"国土交通省 国土数値情報","municipality_code":"11202","municipality_pref":"埼玉県","municipality_name":"熊谷市","municipality_code_method":"nearest_centroid"},"geometry":{"type":"Point","coordinates":[139.36070369,36.16104989]}},{"type":"Feature","properties":{"layer_id":"parks_playgrounds","name":"駅東第1公園","category":"nature","address":"熊谷市","source":"国土交通省 国土数値情報","municipality_code":"11202","municipality_pref":"埼玉県","municipality_name":"熊谷市","municipality_code_method":"nearest_centroid"},"geometry":{"type":"Point","coordinates":[139.39648027,36.13850508]}},{"type":"Feature","properties":{"layer_id":"parks_playgrounds","name":"佐谷田公園","category":"nature","address":"熊谷市","source":"国土交通省 国土数値情報","municipality_code":"11202","municipality_pref":"埼玉県","municipality_name":"熊谷市","municipality_code_method":"nearest_centroid"},"geometry":{"type":"Point","coordinates":[139.40916888,36.13359496]}},{"type":"Feature","properties":{"layer_id":"parks_playgrounds","name":"箱田第3公園","category":"nature","address":"熊谷市","source":"国土交通省 国土数値情報","municipality_code":"11202","municipality_pref":"埼玉県","municipality_name":"熊谷市","municipality_code_method":"nearest_centroid"},"geometry":{"type":"Point","coordinates":[139.39309223,36.15695523]}},{"type":"Feature","properties":{"layer_id":"parks_playgrounds","name":"原谷公園","category":"nature","address":"熊谷市","source":"国土交通省 国土数値情報","municipality_code":"11202","municipality_pref":"埼玉県","municipality_name":"熊谷市","municipality_code_method":"nearest_centroid"},"geometry":{"type":"Point","coordinates":[139.33446,36.11445]}},{"type":"Feature","properties":{"layer_id":"parks_playgrounds","name":"熊谷荒川緑地","category":"nature","address":"熊谷市","source":"国土交通省 国土数値情報","municipality_code":"11202","municipality_pref":"埼玉県","municipality_name":"熊谷市","municipality_code_method":"nearest_centroid"},"geometry":{"type":"Point","coordinates":[139.38144313,36.13628369]}},{"type":"Feature","properties":{"layer_id":"parks_playgrounds","name":"かめの道","category":"nature","address":"熊谷市","source":"国土交通省 国土数値情報","municipality_code":"11202","municipality_pref":"埼玉県","municipality_name":"熊谷市","municipality_code_method":"nearest_centroid"},"geometry":{"type":"Point","coordinates":[139.37235023,36.14674646]}},{"type":"Feature","properties":{"layer_id":"parks_playgrounds","name":"箱田第4公園","category":"nature","address":"熊谷市","source":"国土交通省 国土数値情報","municipality_code":"11202","municipality_pref":"埼玉県","municipality_name":"熊谷市","municipality_code_method":"nearest_centroid"},"geometry":{"type":"Point","coordinates":[139.39134322,36.15452427]}},{"type":"Feature","properties":{"layer_id":"parks_playgrounds","name":"荒川大麻生公園","category":"nature","address":"熊谷市","source":"国土交通省 国土数値情報","municipality_code":"11202","municipality_pref":"埼玉県","municipality_name":"熊谷市","municipality_code_method":"nearest_centroid"},"geometry":{"type":"Point","coordinates":[139.33857163,36.14119107]}},{"type":"Feature","properties":{"layer_id":"parks_playgrounds","name":"玉井稲荷木第2公園","category":"nature","address":"熊谷市","source":"国土交通省 国土数値情報","municipality_code":"11202","municipality_pref":"埼玉県","municipality_name":"熊谷市","municipality_code_method":"nearest_centroid"},"geometry":{"type":"Point","coordinates":[139.34671817,36.17637692]}},{"type":"Feature","properties":{"layer_id":"parks_playgrounds","name":"別府第2公園","category":"nature","address":"熊谷市","source":"国土交通省 国土数値情報","municipality_code":"11202","municipality_pref":"埼玉県","municipality_name":"熊谷市","municipality_code_method":"nearest_centroid"},"geometry":{"type":"Point","coordinates":[139.33941174,36.18282399]}},{"type":"Feature","properties":{"layer_id":"parks_playgrounds","name":"万平公園","category":"nature","address":"熊谷市","source":"国土交通省 国土数値情報","municipality_code":"11202","municipality_pref":"埼玉県","municipality_name":"熊谷市","municipality_code_method":"nearest_centroid"},"geometry":{"type":"Point","coordinates":[139.39065021,36.1357472]}},{"type":"Feature","properties":{"layer_id":"parks_playgrounds","name":"上之公園","category":"nature","address":"熊谷市","source":"国土交通省 国土数値情報","municipality_code":"11202","municipality_pref":"埼玉県","municipality_name":"熊谷市","municipality_code_method":"nearest_centroid"},"geometry":{"type":"Point","coordinates":[139.39814128,36.15397101]}},{"type":"Feature","properties":{"layer_id":"parks_playgrounds","name":"箱田第2公園","category":"nature","address":"熊谷市","source":"国土交通省 国土数値情報","municipality_code":"11202","municipality_pref":"埼玉県","municipality_name":"熊谷市","municipality_code_method":"nearest_centroid"},"geometry":{"type":"Point","coordinates":[139.39662327,36.15584872]}},{"type":"Feature","properties":{"layer_id":"parks_playgrounds","name":"肥塚公園","category":"nature","address":"熊谷市","source":"国土交通省 国土数値情報","municipality_code":"11202","municipality_pref":"埼玉県","municipality_name":"熊谷市","municipality_code_method":"nearest_centroid"},"geometry":{"type":"Point","coordinates":[139.39294291,36.16786567]}},{"type":"Feature","properties":{"layer_id":"parks_playgrounds","name":"小曽根公園","category":"nature","address":"熊谷市","source":"国土交通省 国土数値情報","municipality_code":"11202","municipality_pref":"埼玉県","municipality_name":"熊谷市","municipality_code_method":"nearest_centroid"},"geometry":{"type":"Point","coordinates":[139.38672868,36.17443927]}},{"type":"Feature","properties":{"layer_id":"parks_playgrounds","name":"玉井在家第3公園","category":"nature","address":"熊谷市","source":"国土交通省 国土数値情報","municipality_code":"11202","municipality_pref":"埼玉県","municipality_name":"熊谷市","municipality_code_method":"nearest_centroid"},"geometry":{"type":"Point","coordinates":[139.33907104,36.17754614]}},{"type":"Feature","properties":{"layer_id":"parks_playgrounds","name":"箱田第1公園","category":"nature","address":"熊谷市","source":"国土交通省 国土数値情報","municipality_code":"11202","municipality_pref":"埼玉県","municipality_name":"熊谷市","municipality_code_method":"nearest_centroid"},"geometry":{"type":"Point","coordinates":[139.39434625,36.15355188]}},{"type":"Feature","properties":{"layer_id":"parks_playgrounds","name":"熊谷運動公園","category":"nature","address":"熊谷市","source":"国土交通省 国土数値情報","municipality_code":"11202","municipality_pref":"埼玉県","municipality_name":"熊谷市","municipality_code_method":"nearest_centroid"},"geometry":{"type":"Point","coordinates":[139.34410994,36.15363024]}},{"type":"Feature","properties":{"layer_id":"parks_playgrounds","name":"奈良中央公園","category":"nature","address":"熊谷市","source":"国土交通省 国土数値情報","municipality_code":"11202","municipality_pref":"埼玉県","municipality_name":"熊谷市","municipality_code_method":"nearest_centroid"},"geometry":{"type":"Point","coordinates":[139.37745937,36.19054569]}},{"type":"Feature","properties":{"layer_id":"parks_playgrounds","name":"玉井公園","category":"nature","address":"熊谷市","source":"国土交通省 国土数値情報","municipality_code":"11202","municipality_pref":"埼玉県","municipality_name":"熊谷市","municipality_code_method":"nearest_centroid"},"geometry":{"type":"Point","coordinates":[139.34381453,36.17827432]}},{"type":"Feature","properties":{"layer_id":"parks_playgrounds","name":"玉井運動広場","category":"nature","address":"熊谷市","source":"国土交通省 国土数値情報","municipality_code":"11202","municipality_pref":"埼玉県","municipality_name":"熊谷市","municipality_code_method":"nearest_centroid"},"geometry":{"type":"Point","coordinates":[139.34873707,36.18225606]}},{"type":"Feature","properties":{"layer_id":"parks_playgrounds","name":"別府沼公園","category":"nature","address":"熊谷市","source":"国土交通省 国土数値情報","municipality_code":"11202","municipality_pref":"埼玉県","municipality_name":"熊谷市","municipality_code_method":"nearest_centroid"},"geometry":{"type":"Point","coordinates":[139.33779197,36.19462042]}},{"type":"Feature","properties":{"layer_id":"parks_playgrounds","name":"万吉弥太郎公園","category":"nature","address":"熊谷市","source":"国土交通省 国土数値情報","municipality_code":"11202","municipality_pref":"埼玉県","municipality_name":"熊谷市","municipality_code_method":"nearest_centroid"},"geometry":{"type":"Point","coordinates":[139.3718073,36.12766932]}},{"type":"Feature","properties":{"layer_id":"parks_playgrounds","name":"万吉石田公園","category":"nature","address":"熊谷市","source":"国土交通省 国土数値情報","municipality_code":"11202","municipality_pref":"埼玉県","municipality_name":"熊谷市","municipality_code_method":"nearest_centroid"},"geometry":{"type":"Point","coordinates":[139.36914882,36.12659125]}},{"type":"Feature","properties":{"layer_id":"parks_playgrounds","name":"山神緑道","category":"nature","address":"熊谷市","source":"国土交通省 国土数値情報","municipality_code":"11202","municipality_pref":"埼玉県","municipality_name":"熊谷市","municipality_code_method":"nearest_centroid"},"geometry":{"type":"Point","coordinates":[139.34091298,36.1144087]}},{"type":"Feature","properties":{"layer_id":"parks_playgrounds","name":"中央公園","category":"nature","address":"熊谷市","source":"国土交通省 国土数値情報","municipality_code":"11202","municipality_pref":"埼玉県","municipality_name":"熊谷市","municipality_code_method":"nearest_centroid"},"geometry":{"type":"Point","coordinates":[139.39015521,36.14754993]}},{"type":"Feature","properties":{"layer_id":"tourism_resources","name":"小泉の切所","category":"nature","address":"湖沼景観 / 湖沼","source":"国土交通省 国土数値情報","municipality_code":"11202","municipality_pref":"埼玉県","municipality_name":"熊谷市","municipality_code_method":"nearest_centroid","resource_code":"701"},"geometry":{"type":"Point","coordinates":[139.39956665039062,36.11594009399414]}}],"display_comment_original":"熊谷市周辺には、近世村の記憶として石原村、肥塚村、広瀬村などの旧村名が見える。 この地域には寺社や信仰の場、史跡や遺跡、古墳や貝塚に関わる場所が見え、黒沢館跡、西別府祭祀遺跡、成田氏館跡のような地点が探索の入口になる。 現地では史跡説明板、石原村、肥塚村ゆかりの旧境石標や村の歴史案内板が手がかりになりそうだ。さらに田・新田・用水の地名が多く、土地改良碑や用水記念碑が見つかる可能性がある。水辺の暮らしや堤防整備の歴史を示す案内板に加え、治水碑や河川改修の記念碑が狙い目になる。","story_enrichment":{"samurai_priority_people":[],"notable_people":["弘中又一","杉森久英","宇野信夫","石坂泰三","山本栄一郎"],"honorary_citizens":[],"tourism_landmarks":["日本さくら名所100選","五家宝","ミニくま","雪くま","妻沼のいなり寿司","フライ","地酒（直実など）","炭酸まんじゅう（大里地区）"],"specialties":["五家宝","ミニくま","雪くま","妻沼のいなり寿司","フライ","地酒（直実など）"],"food_culture":[],"historical_domains":[],"heian_place_names":["親王任国","武蔵国村"],"japan_search_support":["坊っちゃん先生ゆかりの地map : 夏目漱石『坊っちゃん』坊っちゃん先生「弘中又一」のアナザースカイを探求する https://jpsearch.go.jp/item/bibnl-23969379"],"enrichment_sources":["https://ja.wikipedia.org/wiki/%E7%86%8A%E8%B0%B7%E5%B8%82","https://www.wikidata.org/wiki/Q84580975","https://www.wikidata.org/wiki/Q11522171","https://www.wikidata.org/wiki/Q11449862","https://www.wikidata.org/wiki/Q5885256","https://www.wikidata.org/wiki/Q11469137","https://jpsearch.go.jp/csearch/jps-cross?csid=jps-cross&keyword=%E5%BC%98%E4%B8%AD%E5%8F%88%E4%B8%80&keyword=%E7%86%8A%E8%B0%B7%E5%B8%82"],"enrichment_errors":[],"wikipedia_title":"熊谷市","wikipedia_revision_id":"110865895","wikidata_qid":"Q41106","wikipedia_url":"https://ja.wikipedia.org/wiki/%E7%86%8A%E8%B0%B7%E5%B8%82","japan_search_query_url":"https://jpsearch.go.jp/csearch/jps-cross?csid=jps-cross&keyword=%E5%BC%98%E4%B8%AD%E5%8F%88%E4%B8%80&keyword=%E7%86%8A%E8%B0%B7%E5%B8%82","status":"wikipedia_ok"}}