{"type":"FeatureCollection","municipality_code":"12204","pref":"千葉県","city":"船橋市","display_comment":"船橋市には、船橋村、西海神村、山野村など、近世の村々の記憶を伝える地名が残っています。 周辺には史跡や遺跡、寺社や信仰の場、古墳や貝塚にまつわる場所が点在し、「船橋御殿跡」、「印内台遺跡」、「本郷台遺跡」などを起点に歩くと、地域の歴史がぐっと見えやすくなります。 現地では史跡説明板に加え、船橋村や西海神村にゆかりのある旧境石標、村の歴史を紹介する案内板にも注目してみてください。 川沿いや水辺では、暮らしや堤防整備の歴史を伝える案内板、治水碑、河川改修の記念碑にも注目してみてください。 船橋村、西海神村にちなむ旧境石標や村境のしるべにも目を向けると、かつての地域のつながりが見えてきます。 人物に目を向けるなら、武将・武士の成瀬之成や成瀬之虎との縁をたどることで、街の歴史をより立体的に楽しめます。 「仲三好屋跡（商家）」や「海軍無線電信所船橋送信所（船橋無線塔記念碑）」などの名所も、地域の物語を深掘りする絶好の入口です。 さらに、「船橋三番瀬のり」や「船橋ソースラーメン（ご当地ラーメン）」といった名物や食文化に触れると、その土地らしい暮らしまで感じられるでしょう。 さらに平安期の地名として伝わる下総の国意富比神を知っておくと、古い土地の呼び名にも気づきやすくなります。","layer_counts":{"cafe_restaurant":1458,"public_facilities":62,"cultural_facilities":46,"parks_playgrounds":194},"total_features":1760,"features":[{"type":"Feature","properties":{"layer_id":"cafe_restaurant","name":"居酒屋　桜","address":"千葉県鎌ケ谷市東道野辺７－２０－６５ ヨシダテンポ１号","source":"厚生労働省 食品衛生申請等システム（オープンデータ）"},"geometry":{"type":"Point","coordinates":[139.99581,35.742897]}},{"type":"Feature","properties":{"layer_id":"cafe_restaurant","name":"ファミリ－マ－ト　馬込沢駅前店","address":"千葉県鎌ケ谷市東道野辺７－２２－４５","source":"厚生労働省 食品衛生申請等システム（オープンデータ）"},"geometry":{"type":"Point","coordinates":[139.992723,35.741921]}},{"type":"Feature","properties":{"layer_id":"cafe_restaurant","name":"ｍａｙ’ｓ　ｂａｇｅｌ","address":"千葉県鎌ケ谷市東道野辺７－２０－６５ニコニコ横丁飲食店街５号室","source":"厚生労働省 食品衛生申請等システム（オープンデータ）"},"geometry":{"type":"Point","coordinates":[139.995799,35.742885]}},{"type":"Feature","properties":{"layer_id":"cafe_restaurant","name":"ヨリドコロ　ｍａｎｉ ｍａｎｉ","address":"千葉県鎌ケ谷市東道野辺７－１７－１","source":"厚生労働省 食品衛生申請等システム（オープンデータ）"},"geometry":{"type":"Point","coordinates":[139.998023,35.744077]}},{"type":"Feature","properties":{"layer_id":"cafe_restaurant","name":"株式会社九州屋　グリーン・デリ・新鮮館　西船橋店","address":"千葉県船橋市印内町５９４－９","source":"厚生労働省 食品衛生申請等システム（オープンデータ）"},"geometry":{"type":"Point","coordinates":[139.958978,35.706434]}},{"type":"Feature","properties":{"layer_id":"cafe_restaurant","name":"PS　マリノ","address":"千葉県船橋市山手1丁目1番8号 イオンモール船橋1F","source":"厚生労働省 食品衛生申請等システム（オープンデータ）"},"geometry":{"type":"Point","coordinates":[139.978861,35.711907]}},{"type":"Feature","properties":{"layer_id":"cafe_restaurant","name":"パルメナーラ","address":"千葉県船橋市山手1-1-8 イオンモール船橋3F","source":"厚生労働省 食品衛生申請等システム（オープンデータ）"},"geometry":{"type":"Point","coordinates":[139.978861,35.711907]}},{"type":"Feature","properties":{"layer_id":"cafe_restaurant","name":"ふなばし工房","address":"千葉県船橋市金堀町432-2","source":"厚生労働省 食品衛生申請等システム（オープンデータ）"},"geometry":{"type":"Point","coordinates":[140.061913,35.753995]}},{"type":"Feature","properties":{"layer_id":"cafe_restaurant","name":"Hatch Coffee Roastery","address":"千葉県船橋市三山8-24-12","source":"厚生労働省 食品衛生申請等システム（オープンデータ）"},"geometry":{"type":"Point","coordinates":[140.05717,35.698107]}},{"type":"Feature","properties":{"layer_id":"cafe_restaurant","name":"キッチンオリジン　東船橋店","address":"千葉県船橋市東船橋4丁目31番3号","source":"厚生労働省 食品衛生申請等システム（オープンデータ）"},"geometry":{"type":"Point","coordinates":[140.004926,35.699237]}},{"type":"Feature","properties":{"layer_id":"cafe_restaurant","name":"キッチンオリジン　津田沼店","address":"千葉県船橋市前原西２丁目33番8号　東京パイプ津田沼ビル１Ｆ","source":"厚生労働省 食品衛生申請等システム（オープンデータ）"},"geometry":{"type":"Point","coordinates":[140.022867,35.69353]}},{"type":"Feature","properties":{"layer_id":"cafe_restaurant","name":"キッチンオリジン　薬園台店","address":"千葉県船橋市滝台町107番地11","source":"厚生労働省 食品衛生申請等システム（オープンデータ）"},"geometry":{"type":"Point","coordinates":[140.037026,35.710278]}},{"type":"Feature","properties":{"layer_id":"cafe_restaurant","name":"キッチンオリジン　原木中山店","address":"千葉県船橋市本中山7丁目5番6号　山野貸店舗","source":"厚生労働省 食品衛生申請等システム（オープンデータ）"},"geometry":{"type":"Point","coordinates":[139.942052,35.702202]}},{"type":"Feature","properties":{"layer_id":"cafe_restaurant","name":"オリジンデリカ　フードスクエアカスミ高根台店","address":"千葉県船橋市高根台1丁目2番5号","source":"厚生労働省 食品衛生申請等システム（オープンデータ）"},"geometry":{"type":"Point","coordinates":[140.03147,35.730453]}},{"type":"Feature","properties":{"layer_id":"cafe_restaurant","name":"キッチンオリジン　船橋店","address":"千葉県船橋市本町3丁目36番29号","source":"厚生労働省 食品衛生申請等システム（オープンデータ）"},"geometry":{"type":"Point","coordinates":[139.985629,35.696738]}},{"type":"Feature","properties":{"layer_id":"cafe_restaurant","name":"オリジンデリカ　フードスクエアカスミ咲が丘店","address":"千葉県船橋市咲が丘３丁目29番1号","source":"厚生労働省 食品衛生申請等システム（オープンデータ）"},"geometry":{"type":"Point","coordinates":[140.024988,35.756174]}},{"type":"Feature","properties":{"layer_id":"cafe_restaurant","name":"キッチンオリジン　馬込沢駅前店","address":"千葉県船橋市藤原7-2-1","source":"厚生労働省 食品衛生申請等システム（オープンデータ）"},"geometry":{"type":"Point","coordinates":[139.987469,35.742211]}},{"type":"Feature","properties":{"layer_id":"cafe_restaurant","name":"スターバックスコーヒー　シャポー船橋本館店","address":"千葉県船橋市本町７－１－１ シャポー船橋１Ｆ","source":"厚生労働省 食品衛生申請等システム（オープンデータ）"},"geometry":{"type":"Point","coordinates":[139.986561,35.701433]}},{"type":"Feature","properties":{"layer_id":"cafe_restaurant","name":"スターバックスコーヒー船橋東武店","address":"千葉県船橋市本町7ｰ1-1 東武百貨店船橋店2F","source":"厚生労働省 食品衛生申請等システム（オープンデータ）"},"geometry":{"type":"Point","coordinates":[139.986561,35.701433]}},{"type":"Feature","properties":{"layer_id":"cafe_restaurant","name":"スターバックスコーヒー　津田沼ビート店","address":"千葉県船橋市前原西２－１９－１ Ｖｉｉｔ","source":"厚生労働省 食品衛生申請等システム（オープンデータ）"},"geometry":{"type":"Point","coordinates":[140.022134,35.692362]}},{"type":"Feature","properties":{"layer_id":"cafe_restaurant","name":"スターバックスコーヒー　イオンモール船橋店","address":"千葉県船橋市山手１－１－８ イオンモール船橋１F","source":"厚生労働省 食品衛生申請等システム（オープンデータ）"},"geometry":{"type":"Point","coordinates":[139.978715,35.711455]}},{"type":"Feature","properties":{"layer_id":"cafe_restaurant","name":"スターバックスコーヒー　ららぽーとTOKYO-BAY　北館店","address":"千葉県船橋市浜町2-1-1 ららぽーとTOKYO－BAY  北館１階","source":"厚生労働省 食品衛生申請等システム（オープンデータ）"},"geometry":{"type":"Point","coordinates":[139.987769,35.687317]}},{"type":"Feature","properties":{"layer_id":"cafe_restaurant","name":"スターバックスコーヒー ららぽーとTOKYO-BAY 南館店","address":"千葉県船橋市浜町2丁目1番1号 ららぽーとTOKYO-BAY 南館2F","source":"厚生労働省 食品衛生申請等システム（オープンデータ）"},"geometry":{"type":"Point","coordinates":[139.987769,35.687317]}},{"type":"Feature","properties":{"layer_id":"cafe_restaurant","name":"Philocoffea201","address":"千葉県船橋市本町2丁目２－１３ 滝口ビル２０１","source":"厚生労働省 食品衛生申請等システム（オープンデータ）"},"geometry":{"type":"Point","coordinates":[139.985108,35.696854]}},{"type":"Feature","properties":{"layer_id":"cafe_restaurant","name":"Philocoffea シャポー船橋店","address":"千葉県船橋市本町７－１－１ シャポー船橋南館１F","source":"厚生労働省 食品衛生申請等システム（オープンデータ）"},"geometry":{"type":"Point","coordinates":[139.986561,35.701433]}},{"type":"Feature","properties":{"layer_id":"cafe_restaurant","name":"にじいろ","address":"千葉県船橋市新高根5-25-12","source":"厚生労働省 食品衛生申請等システム（オープンデータ）"},"geometry":{"type":"Point","coordinates":[140.027416,35.730524]}},{"type":"Feature","properties":{"layer_id":"cafe_restaurant","name":"そらいろ","address":"千葉県船橋市新高根4-18-1","source":"厚生労働省 食品衛生申請等システム（オープンデータ）"},"geometry":{"type":"Point","coordinates":[140.025063,35.729676]}},{"type":"Feature","properties":{"layer_id":"cafe_restaurant","name":"元氣七輪焼肉  牛繁　津田沼店","address":"千葉県船橋市前原西２丁目１５番 あずまビル１F","source":"厚生労働省 食品衛生申請等システム（オープンデータ）"},"geometry":{"type":"Point","coordinates":[140.020449,35.692484]}},{"type":"Feature","properties":{"layer_id":"cafe_restaurant","name":"元氣七輪焼肉　牛繁船橋店","address":"千葉県船橋市本町４－４３－９","source":"厚生労働省 食品衛生申請等システム（オープンデータ）"},"geometry":{"type":"Point","coordinates":[139.987419,35.699022]}},{"type":"Feature","properties":{"layer_id":"cafe_restaurant","name":"シンシア船橋","address":"千葉県船橋市小室町３０６０番地１","source":"厚生労働省 食品衛生申請等システム（オープンデータ）"},"geometry":{"type":"Point","coordinates":[140.071751,35.793051]}},{"type":"Feature","properties":{"layer_id":"cafe_restaurant","name":"銀座ライオンＬＥＯネクスト船橋店","address":"千葉県船橋市本町一丁目5番1号 ネクスト船橋1階","source":"厚生労働省 食品衛生申請等システム（オープンデータ）"},"geometry":{"type":"Point","coordinates":[139.985532,35.700103]}},{"type":"Feature","properties":{"layer_id":"cafe_restaurant","name":"サッポロビール千葉ビール園","address":"千葉県船橋市高瀬町2番地 サッポロビール千葉工場内","source":"厚生労働省 食品衛生申請等システム（オープンデータ）"},"geometry":{"type":"Point","coordinates":[139.992525,35.666251]}},{"type":"Feature","properties":{"layer_id":"cafe_restaurant","name":"RF1","address":"千葉県船橋市本町7丁目1番1号 東武百貨店B１","source":"厚生労働省 食品衛生申請等システム（オープンデータ）"},"geometry":{"type":"Point","coordinates":[139.986561,35.701433]}},{"type":"Feature","properties":{"layer_id":"cafe_restaurant","name":"東武船橋　神戸コロッケ","address":"千葉県船橋市本町７－１－１ 東武百貨店　船橋店Ｂ１","source":"厚生労働省 食品衛生申請等システム（オープンデータ）"},"geometry":{"type":"Point","coordinates":[139.98338,35.70595]}},{"type":"Feature","properties":{"layer_id":"cafe_restaurant","name":"粉もんや　うどん粉","address":"千葉県船橋市本中山2-22-13-203 プラザレジデンス中山","source":"厚生労働省 食品衛生申請等システム（オープンデータ）"},"geometry":{"type":"Point","coordinates":[139.942236,35.715458]}},{"type":"Feature","properties":{"layer_id":"cafe_restaurant","name":"ヤオコー　船橋三咲店　(惣菜厨房)","address":"千葉県船橋市三咲5-33-1","source":"厚生労働省 食品衛生申請等システム（オープンデータ）"},"geometry":{"type":"Point","coordinates":[140.029112,35.748111]}},{"type":"Feature","properties":{"layer_id":"cafe_restaurant","name":"ヤオコー　船橋三山店　(精肉)","address":"千葉県船橋市三山8丁目22番1号","source":"厚生労働省 食品衛生申請等システム（オープンデータ）"},"geometry":{"type":"Point","coordinates":[140.058108,35.69698]}},{"type":"Feature","properties":{"layer_id":"cafe_restaurant","name":"ヤオコー　船橋三山店　(寿司)","address":"千葉県船橋市三山8丁目22番1号","source":"厚生労働省 食品衛生申請等システム（オープンデータ）"},"geometry":{"type":"Point","coordinates":[140.058108,35.69698]}},{"type":"Feature","properties":{"layer_id":"cafe_restaurant","name":"ヤオコー　船橋三山店　(惣菜)","address":"千葉県船橋市三山8丁目22番1号","source":"厚生労働省 食品衛生申請等システム（オープンデータ）"},"geometry":{"type":"Point","coordinates":[140.058108,35.69698]}},{"type":"Feature","properties":{"layer_id":"cafe_restaurant","name":"ヤオコー　船橋三山店　(惣菜厨房)","address":"千葉県船橋市三山8丁目22番1号","source":"厚生労働省 食品衛生申請等システム（オープンデータ）"},"geometry":{"type":"Point","coordinates":[140.05668,35.697387]}},{"type":"Feature","properties":{"layer_id":"cafe_restaurant","name":"ベイシア津田沼店","address":"千葉県船橋市前原西２－１９－１ 津田沼ビート地下一階","source":"厚生労働省 食品衛生申請等システム（オープンデータ）"},"geometry":{"type":"Point","coordinates":[140.022134,35.692362]}},{"type":"Feature","properties":{"layer_id":"cafe_restaurant","name":"ベイシア津田沼店","address":"千葉県船橋市前原西２－１９－１ 津田沼ビート地下地下一階","source":"厚生労働省 食品衛生申請等システム（オープンデータ）"},"geometry":{"type":"Point","coordinates":[140.022134,35.692362]}},{"type":"Feature","properties":{"layer_id":"cafe_restaurant","name":"果汁工房果琳　ららぽーとTOKYO-BAY店","address":"千葉県船橋市浜町2丁目1番1号 ららぽーとTOKYO-BAY　西館　1階","source":"厚生労働省 食品衛生申請等システム（オープンデータ）"},"geometry":{"type":"Point","coordinates":[139.987769,35.687317]}},{"type":"Feature","properties":{"layer_id":"cafe_restaurant","name":"ワインショップ・エノテカ　船橋東武店","address":"千葉県船橋市本町7丁目1番1号 東武百貨店船橋店　地下1階","source":"厚生労働省 食品衛生申請等システム（オープンデータ）"},"geometry":{"type":"Point","coordinates":[139.986591,35.701433]}},{"type":"Feature","properties":{"layer_id":"cafe_restaurant","name":"リブレ京成　高根グリーンハイツ店","address":"千葉県船橋市緑台2-6-13","source":"厚生労働省 食品衛生申請等システム（オープンデータ）"},"geometry":{"type":"Point","coordinates":[140.016841,35.728521]}},{"type":"Feature","properties":{"layer_id":"cafe_restaurant","name":"株式会社マルエツ　下総中山店","address":"千葉県船橋市本中山２－１０－１","source":"厚生労働省 食品衛生申請等システム（オープンデータ）"},"geometry":{"type":"Point","coordinates":[139.944087,35.714338]}},{"type":"Feature","properties":{"layer_id":"cafe_restaurant","name":"株式会社　マルエツ　東習志野店","address":"千葉県船橋市習志野5丁目2番1号","source":"厚生労働省 食品衛生申請等システム（オープンデータ）"},"geometry":{"type":"Point","coordinates":[140.060152,35.699973]}},{"type":"Feature","properties":{"layer_id":"cafe_restaurant","name":"株式会社　マルエツ　東習志野店","address":"千葉県船橋市習志野5丁目2番1号","source":"厚生労働省 食品衛生申請等システム（オープンデータ）"},"geometry":{"type":"Point","coordinates":[140.060152,35.699973]}},{"type":"Feature","properties":{"layer_id":"cafe_restaurant","name":"株式会社　マルエツ習志野店","address":"千葉県船橋市習志野台４－２－１３","source":"厚生労働省 食品衛生申請等システム（オープンデータ）"},"geometry":{"type":"Point","coordinates":[140.04372,35.715342]}},{"type":"Feature","properties":{"layer_id":"cafe_restaurant","name":"株式会社　マルエツ　東習志野店","address":"千葉県船橋市習志野５－２－１","source":"厚生労働省 食品衛生申請等システム（オープンデータ）"},"geometry":{"type":"Point","coordinates":[140.060152,35.699973]}},{"type":"Feature","properties":{"layer_id":"cafe_restaurant","name":"株式会社マルエツ二和向台店","address":"千葉県船橋市咲が丘３－１－２２","source":"厚生労働省 食品衛生申請等システム（オープンデータ）"},"geometry":{"type":"Point","coordinates":[140.022543,35.756743]}},{"type":"Feature","properties":{"layer_id":"cafe_restaurant","name":"株式会社　マルエツ　東習志野店","address":"千葉県船橋市習志野５－２－１","source":"厚生労働省 食品衛生申請等システム（オープンデータ）"},"geometry":{"type":"Point","coordinates":[140.060152,35.699973]}},{"type":"Feature","properties":{"layer_id":"cafe_restaurant","name":"株式会社　マルエツ　東習志野店　ドムドム","address":"千葉県船橋市習志野5-2-1","source":"厚生労働省 食品衛生申請等システム（オープンデータ）"},"geometry":{"type":"Point","coordinates":[140.060152,35.699973]}},{"type":"Feature","properties":{"layer_id":"cafe_restaurant","name":"株式会社マルエツ　金杉店","address":"千葉県船橋市金杉７丁目５番１号","source":"厚生労働省 食品衛生申請等システム（オープンデータ）"},"geometry":{"type":"Point","coordinates":[140.01801,35.735408]}},{"type":"Feature","properties":{"layer_id":"cafe_restaurant","name":"株式会社マルエツ　金杉店","address":"千葉県船橋市金杉７丁目５番１号","source":"厚生労働省 食品衛生申請等システム（オープンデータ）"},"geometry":{"type":"Point","coordinates":[140.01801,35.735408]}},{"type":"Feature","properties":{"layer_id":"cafe_restaurant","name":"オーケー海神南店（惣菜・寿司作業室）","address":"千葉県船橋市海神町南１－１５６１－１","source":"厚生労働省 食品衛生申請等システム（オープンデータ）"},"geometry":{"type":"Point","coordinates":[139.970986,35.699866]}},{"type":"Feature","properties":{"layer_id":"cafe_restaurant","name":"オーケー海神南店（サンドイッチ兼ローストビーフカット作業室）","address":"千葉県船橋市海神町南１－１５６１－１","source":"厚生労働省 食品衛生申請等システム（オープンデータ）"},"geometry":{"type":"Point","coordinates":[139.970986,35.699866]}},{"type":"Feature","properties":{"layer_id":"cafe_restaurant","name":"新宿高野","address":"千葉県船橋市本町7丁目1番1号 東武百貨店Ｂ１","source":"厚生労働省 食品衛生申請等システム（オープンデータ）"},"geometry":{"type":"Point","coordinates":[139.986561,35.701433]}},{"type":"Feature","properties":{"layer_id":"cafe_restaurant","name":"生鮮＆業務スーパー船橋南店","address":"千葉県船橋市南本町１３－６","source":"厚生労働省 食品衛生申請等システム（オープンデータ）"},"geometry":{"type":"Point","coordinates":[139.976832,35.697568]}},{"type":"Feature","properties":{"layer_id":"cafe_restaurant","name":"eashion　船橋東武店","address":"千葉県船橋市本町7丁目1番1号 東武百貨店　地下1階","source":"厚生労働省 食品衛生申請等システム（オープンデータ）"},"geometry":{"type":"Point","coordinates":[139.986561,35.701433]}},{"type":"Feature","properties":{"layer_id":"cafe_restaurant","name":"おそうざい村","address":"千葉県船橋市本町7-1-1 シャポー船橋店1階","source":"厚生労働省 食品衛生申請等システム（オープンデータ）"},"geometry":{"type":"Point","coordinates":[139.98447,35.702449]}},{"type":"Feature","properties":{"layer_id":"cafe_restaurant","name":"セブンイレブン船橋習志野4丁目店","address":"千葉県船橋市習志野4丁目9番4号-1","source":"厚生労働省 食品衛生申請等システム（オープンデータ）"},"geometry":{"type":"Point","coordinates":[140.058989,35.704321]}},{"type":"Feature","properties":{"layer_id":"cafe_restaurant","name":"株式会社東武百貨店　船橋店　B2食品厨房　NO.4（催事厨房）","address":"千葉県船橋市本町7丁目1-1","source":"厚生労働省 食品衛生申請等システム（オープンデータ）"},"geometry":{"type":"Point","coordinates":[139.98447,35.702449]}},{"type":"Feature","properties":{"layer_id":"cafe_restaurant","name":"（株）東武百貨店　船橋店　Ｂ２食品厨房Ｎｏ．１０（催事厨房）","address":"千葉県船橋市本町７－１－１","source":"厚生労働省 食品衛生申請等システム（オープンデータ）"},"geometry":{"type":"Point","coordinates":[139.98447,35.702449]}},{"type":"Feature","properties":{"layer_id":"cafe_restaurant","name":"東武百貨店　船橋店　Ｂ２　第二共同厨房","address":"千葉県船橋市本町７－１－１","source":"厚生労働省 食品衛生申請等システム（オープンデータ）"},"geometry":{"type":"Point","coordinates":[139.986591,35.701433]}},{"type":"Feature","properties":{"layer_id":"cafe_restaurant","name":"オリーブの丘　船橋夏見台店","address":"千葉県船橋市夏見台3-8-5","source":"厚生労働省 食品衛生申請等システム（オープンデータ）"},"geometry":{"type":"Point","coordinates":[139.990109,35.720352]}},{"type":"Feature","properties":{"layer_id":"cafe_restaurant","name":"いわし・江戸前水産　ふなっ子","address":"千葉県船橋市東船橋１－３７ー１２","source":"厚生労働省 食品衛生申請等システム（オープンデータ）"},"geometry":{"type":"Point","coordinates":[140.003829,35.699171]}},{"type":"Feature","properties":{"layer_id":"cafe_restaurant","name":"壱角家 西船橋店","address":"千葉県船橋市西船4丁目26番8号","source":"厚生労働省 食品衛生申請等システム（オープンデータ）"},"geometry":{"type":"Point","coordinates":[139.959691,35.70839]}},{"type":"Feature","properties":{"layer_id":"cafe_restaurant","name":"壱角家 東船橋店","address":"千葉県船橋市東船橋3-4-2 ビルド34東船橋 1F","source":"厚生労働省 食品衛生申請等システム（オープンデータ）"},"geometry":{"type":"Point","coordinates":[140.005126,35.700184]}},{"type":"Feature","properties":{"layer_id":"cafe_restaurant","name":"ニュー・クイック　シャポー船橋店","address":"千葉県船橋市本町７丁目１番１号 シャポー船橋本館1階","source":"厚生労働省 食品衛生申請等システム（オープンデータ）"},"geometry":{"type":"Point","coordinates":[139.986561,35.701433]}},{"type":"Feature","properties":{"layer_id":"cafe_restaurant","name":"海炎亭","address":"千葉県船橋市習志野台2丁目2-１5","source":"厚生労働省 食品衛生申請等システム（オープンデータ）"},"geometry":{"type":"Point","coordinates":[140.041257,35.722381]}},{"type":"Feature","properties":{"layer_id":"cafe_restaurant","name":"カラオケスタジオ　Ｎｅｗ　Ｒｏａｄ","address":"千葉県船橋市馬込西１－３－１ エレガンス２Ｆ","source":"厚生労働省 食品衛生申請等システム（オープンデータ）"},"geometry":{"type":"Point","coordinates":[139.993726,35.74135]}},{"type":"Feature","properties":{"layer_id":"cafe_restaurant","name":"板倉病院","address":"千葉県船橋市本町２－１０－１","source":"厚生労働省 食品衛生申請等システム（オープンデータ）"},"geometry":{"type":"Point","coordinates":[139.982475,35.697555]}},{"type":"Feature","properties":{"layer_id":"cafe_restaurant","name":"癒しのデイサービス船橋東","address":"千葉県船橋市坪井東1-2-1-1階","source":"厚生労働省 食品衛生申請等システム（オープンデータ）"},"geometry":{"type":"Point","coordinates":[140.059699,35.727159]}},{"type":"Feature","properties":{"layer_id":"cafe_restaurant","name":"大穴五十番","address":"千葉県船橋市大穴南１－４０－２","source":"厚生労働省 食品衛生申請等システム（オープンデータ）"},"geometry":{"type":"Point","coordinates":[140.032392,35.739362]}},{"type":"Feature","properties":{"layer_id":"cafe_restaurant","name":"ラーメン　嘉祥","address":"千葉県船橋市西船4-29-9","source":"厚生労働省 食品衛生申請等システム（オープンデータ）"},"geometry":{"type":"Point","coordinates":[139.96037,35.707496]}},{"type":"Feature","properties":{"layer_id":"cafe_restaurant","name":"湯葉豆富料理　魚民","address":"千葉県船橋市本中山七丁目6番1号 小川ビル　2階","source":"厚生労働省 食品衛生申請等システム（オープンデータ）"},"geometry":{"type":"Point","coordinates":[139.941556,35.702726]}},{"type":"Feature","properties":{"layer_id":"cafe_restaurant","name":"お好み焼き　みつえちゃん/目利きの銀次","address":"千葉県船橋市西船四丁目17番10号 西船NEビル　3階","source":"厚生労働省 食品衛生申請等システム（オープンデータ）"},"geometry":{"type":"Point","coordinates":[139.95852,35.709858]}},{"type":"Feature","properties":{"layer_id":"cafe_restaurant","name":"鎌倉パスタ　シャポー船橋店","address":"千葉県船橋市本町7-1-1 シャポー船橋4F","source":"厚生労働省 食品衛生申請等システム（オープンデータ）"},"geometry":{"type":"Point","coordinates":[139.986591,35.701433]}},{"type":"Feature","properties":{"layer_id":"cafe_restaurant","name":"居酒屋　田なべ","address":"千葉県船橋市三咲３－１－１４","source":"厚生労働省 食品衛生申請等システム（オープンデータ）"},"geometry":{"type":"Point","coordinates":[140.031619,35.750527]}},{"type":"Feature","properties":{"layer_id":"cafe_restaurant","name":"ファミリーマート　MFLP船橋/S店","address":"千葉県船橋市浜町２丁目５番地７号 三井不動産ロジスティクスパーク船橋Ⅰ8階","source":"厚生労働省 食品衛生申請等システム（オープンデータ）"},"geometry":{"type":"Point","coordinates":[139.988514,35.682694]}},{"type":"Feature","properties":{"layer_id":"cafe_restaurant","name":"フードスクエアカスミ　咲が丘店","address":"千葉県船橋市咲が丘３丁目２９番１号","source":"厚生労働省 食品衛生申請等システム（オープンデータ）"},"geometry":{"type":"Point","coordinates":[140.025022,35.756136]}},{"type":"Feature","properties":{"layer_id":"cafe_restaurant","name":"フードスクエアカスミ　咲が丘店","address":"千葉県船橋市咲が丘３丁目２９番１号","source":"厚生労働省 食品衛生申請等システム（オープンデータ）"},"geometry":{"type":"Point","coordinates":[140.025022,35.756136]}},{"type":"Feature","properties":{"layer_id":"cafe_restaurant","name":"フードスクエアカスミ高根台店","address":"千葉県船橋市高根台１－２－８","source":"厚生労働省 食品衛生申請等システム（オープンデータ）"},"geometry":{"type":"Point","coordinates":[140.031907,35.73131]}},{"type":"Feature","properties":{"layer_id":"cafe_restaurant","name":"ぐらんあるぶる","address":"千葉県船橋市本町７－４－２３ 矢作ビル２階","source":"厚生労働省 食品衛生申請等システム（オープンデータ）"},"geometry":{"type":"Point","coordinates":[139.983765,35.702375]}},{"type":"Feature","properties":{"layer_id":"cafe_restaurant","name":"chawan シャポー船橋","address":"千葉県船橋市本町７丁目１－１　シャポー船橋南館２階","source":"厚生労働省 食品衛生申請等システム（オープンデータ）"},"geometry":{"type":"Point","coordinates":[139.986591,35.701433]}},{"type":"Feature","properties":{"layer_id":"cafe_restaurant","name":"ステーキガスト ゆめまち習志野台モール店","address":"千葉県船橋市習志野台８丁目５８－１ ゆめまち習志野台モール２階","source":"厚生労働省 食品衛生申請等システム（オープンデータ）"},"geometry":{"type":"Point","coordinates":[140.065222,35.718027]}},{"type":"Feature","properties":{"layer_id":"cafe_restaurant","name":"ガスト京成船橋駅前","address":"千葉県船橋市本町４丁目４５番３０号 京成船橋駅東側施設２階","source":"厚生労働省 食品衛生申請等システム（オープンデータ）"},"geometry":{"type":"Point","coordinates":[139.98629,35.700325]}},{"type":"Feature","properties":{"layer_id":"cafe_restaurant","name":"夢庵　西船橋店","address":"千葉県船橋市山野町１１３－１","source":"厚生労働省 食品衛生申請等システム（オープンデータ）"},"geometry":{"type":"Point","coordinates":[139.962847,35.704325]}},{"type":"Feature","properties":{"layer_id":"cafe_restaurant","name":"ジョナサン 習志野台店","address":"千葉県船橋市習志野台１丁目２２－１０","source":"厚生労働省 食品衛生申請等システム（オープンデータ）"},"geometry":{"type":"Point","coordinates":[140.04049,35.726101]}},{"type":"Feature","properties":{"layer_id":"cafe_restaurant","name":"ガスト　船橋二和店","address":"千葉県船橋市咲が丘２丁目１９－１３","source":"厚生労働省 食品衛生申請等システム（オープンデータ）"},"geometry":{"type":"Point","coordinates":[140.020028,35.757188]}},{"type":"Feature","properties":{"layer_id":"cafe_restaurant","name":"ガスト　船橋宮本店","address":"千葉県船橋市宮本７丁目１番５号","source":"厚生労働省 食品衛生申請等システム（オープンデータ）"},"geometry":{"type":"Point","coordinates":[139.996986,35.696739]}},{"type":"Feature","properties":{"layer_id":"cafe_restaurant","name":"夢庵　高根台プラザ店","address":"千葉県船橋市高根台１丁目２－２ 高根台プラザ２階","source":"厚生労働省 食品衛生申請等システム（オープンデータ）"},"geometry":{"type":"Point","coordinates":[140.031278,35.730646]}},{"type":"Feature","properties":{"layer_id":"cafe_restaurant","name":"ラ　オハナ　船橋市場店","address":"千葉県船橋市市場２丁目１－３０","source":"厚生労働省 食品衛生申請等システム（オープンデータ）"},"geometry":{"type":"Point","coordinates":[139.992663,35.706202]}},{"type":"Feature","properties":{"layer_id":"cafe_restaurant","name":"夢庵 船橋前原店","address":"千葉県船橋市前原東４丁目１７－４","source":"厚生労働省 食品衛生申請等システム（オープンデータ）"},"geometry":{"type":"Point","coordinates":[140.029074,35.70059]}},{"type":"Feature","properties":{"layer_id":"cafe_restaurant","name":"しゃぶ葉 船橋夏見台店","address":"千葉県船橋市夏見台３丁目１８－１","source":"厚生労働省 食品衛生申請等システム（オープンデータ）"},"geometry":{"type":"Point","coordinates":[139.990131,35.721322]}},{"type":"Feature","properties":{"layer_id":"cafe_restaurant","name":"ｃｈａｗａｎ　ららぽーとＴＯＫＹＯ－ＢＡＹ","address":"千葉県船橋市浜町２－１－１ ららぽーとＴＯＫＹＯ－ＢＡＹ　南館３Ｆ","source":"厚生労働省 食品衛生申請等システム（オープンデータ）"},"geometry":{"type":"Point","coordinates":[139.987769,35.687317]}},{"type":"Feature","properties":{"layer_id":"cafe_restaurant","name":"しゃぶ葉　西船橋店","address":"千葉県船橋市山野町１６０－１","source":"厚生労働省 食品衛生申請等システム（オープンデータ）"},"geometry":{"type":"Point","coordinates":[139.964633,35.703534]}},{"type":"Feature","properties":{"layer_id":"cafe_restaurant","name":"ガスト　ららテラスＴＯＫＹＯ−ＢＡＹ店","address":"千葉県船橋市若松２丁目２番１号 ２階　Ｅ２０３","source":"厚生労働省 食品衛生申請等システム（オープンデータ）"},"geometry":{"type":"Point","coordinates":[139.994718,35.681523]}},{"type":"Feature","properties":{"layer_id":"cafe_restaurant","name":"しゃぶ葉 　京成船橋駅前店","address":"千葉県船橋市本町4丁目44番35号 ＪＭＦビル船橋01　5階","source":"厚生労働省 食品衛生申請等システム（オープンデータ）"},"geometry":{"type":"Point","coordinates":[139.986344,35.699968]}},{"type":"Feature","properties":{"layer_id":"cafe_restaurant","name":"すし銚子丸　雅　習志野店","address":"千葉県船橋市習志野5丁目1番1号","source":"厚生労働省 食品衛生申請等システム（オープンデータ）"},"geometry":{"type":"Point","coordinates":[140.058791,35.700907]}},{"type":"Feature","properties":{"layer_id":"cafe_restaurant","name":"すし銚子丸　西船橋店","address":"千葉県船橋市西船4丁目31番22号","source":"厚生労働省 食品衛生申請等システム（オープンデータ）"},"geometry":{"type":"Point","coordinates":[139.961909,35.70779]}},{"type":"Feature","properties":{"layer_id":"cafe_restaurant","name":"すし銚子丸　北習志野店","address":"千葉県船橋市習志野台2丁目12番17号","source":"厚生労働省 食品衛生申請等システム（オープンデータ）"},"geometry":{"type":"Point","coordinates":[140.042162,35.723559]}},{"type":"Feature","properties":{"layer_id":"cafe_restaurant","name":"すし銚子丸　南船橋店","address":"千葉県船橋市若松1丁目2番7号","source":"厚生労働省 食品衛生申請等システム（オープンデータ）"},"geometry":{"type":"Point","coordinates":[139.997747,35.68632]}},{"type":"Feature","properties":{"layer_id":"cafe_restaurant","name":"すし銚子丸　薬円台店","address":"千葉県船橋市薬円台1丁目19番3号","source":"厚生労働省 食品衛生申請等システム（オープンデータ）"},"geometry":{"type":"Point","coordinates":[140.041849,35.709306]}},{"type":"Feature","properties":{"layer_id":"cafe_restaurant","name":"カラオケまねきねこ　津田沼北口２号店","address":"千葉県船橋市前原西２－１５－１６ ＳＡＫＡＩビル３階","source":"厚生労働省 食品衛生申請等システム（オープンデータ）"},"geometry":{"type":"Point","coordinates":[140.02069,35.692746]}},{"type":"Feature","properties":{"layer_id":"cafe_restaurant","name":"てんぐ大ホール　船橋店","address":"千葉県船橋市本町４丁目２番１２号 ほり江ビル　１Ｆ","source":"厚生労働省 食品衛生申請等システム（オープンデータ）"},"geometry":{"type":"Point","coordinates":[139.986701,35.700965]}},{"type":"Feature","properties":{"layer_id":"cafe_restaurant","name":"特別養護老人ホーム　南生苑","address":"千葉県船橋市古和釜町430-1","source":"厚生労働省 食品衛生申請等システム（オープンデータ）"},"geometry":{"type":"Point","coordinates":[140.061691,35.743659]}},{"type":"Feature","properties":{"layer_id":"cafe_restaurant","name":"特別養護老人ホーム　みやぎ台南生苑","address":"千葉県船橋市みやぎ台4-18-1","source":"厚生労働省 食品衛生申請等システム（オープンデータ）"},"geometry":{"type":"Point","coordinates":[140.041948,35.762259]}},{"type":"Feature","properties":{"layer_id":"cafe_restaurant","name":"船橋市立芝山中学校","address":"千葉県船橋市芝山１丁目４０番１１号","source":"厚生労働省 食品衛生申請等システム（オープンデータ）"},"geometry":{"type":"Point","coordinates":[140.019838,35.716135]}},{"type":"Feature","properties":{"layer_id":"cafe_restaurant","name":"介護老人保健施設リハビリケア船橋","address":"千葉県船橋市本町4丁目8番30号","source":"厚生労働省 食品衛生申請等システム（オープンデータ）"},"geometry":{"type":"Point","coordinates":[139.99101,35.70072]}},{"type":"Feature","properties":{"layer_id":"cafe_restaurant","name":"東船橋病院事業所","address":"千葉県船橋市高根台4丁目29番1号","source":"厚生労働省 食品衛生申請等システム（オープンデータ）"},"geometry":{"type":"Point","coordinates":[140.041231,35.73064]}},{"type":"Feature","properties":{"layer_id":"cafe_restaurant","name":"宮本中学校　事業所","address":"千葉県船橋市東船橋７－８－１","source":"厚生労働省 食品衛生申請等システム（オープンデータ）"},"geometry":{"type":"Point","coordinates":[140.001428,35.69467]}},{"type":"Feature","properties":{"layer_id":"cafe_restaurant","name":"共立習志野台病院","address":"千葉県船橋市習志野台4丁目13番16号","source":"厚生労働省 食品衛生申請等システム（オープンデータ）"},"geometry":{"type":"Point","coordinates":[140.045325,35.718469]}},{"type":"Feature","properties":{"layer_id":"cafe_restaurant","name":"ゆる燗酒場　煮りん","address":"千葉県船橋市本町２－２８－２５ ふぐ廣ビル","source":"厚生労働省 食品衛生申請等システム（オープンデータ）"},"geometry":{"type":"Point","coordinates":[139.984216,35.697784]}},{"type":"Feature","properties":{"layer_id":"cafe_restaurant","name":"船橋ケアセンターそよ風","address":"千葉県船橋市夏見4丁目35-9 船橋ケアセンターそよ風","source":"厚生労働省 食品衛生申請等システム（オープンデータ）"},"geometry":{"type":"Point","coordinates":[139.991917,35.716414]}},{"type":"Feature","properties":{"layer_id":"cafe_restaurant","name":"(株)まつおか　船橋店　厨房","address":"千葉県船橋市本町7丁目１番１号 東武百貨店　地下１階","source":"厚生労働省 食品衛生申請等システム（オープンデータ）"},"geometry":{"type":"Point","coordinates":[139.986591,35.701433]}},{"type":"Feature","properties":{"layer_id":"cafe_restaurant","name":"やきとり　からあげ　鶏星　下総中山店","address":"千葉県船橋市本中山３－２１－１６ 第１８東ビル１階","source":"厚生労働省 食品衛生申請等システム（オープンデータ）"},"geometry":{"type":"Point","coordinates":[139.942026,35.714539]}},{"type":"Feature","properties":{"layer_id":"cafe_restaurant","name":"焼肉DINING大和　ららテラスTOKYO-BAY店","address":"千葉県船橋市若松2-2-1 三井ショッピングパーク　ららテラスTOKYO-BAY","source":"厚生労働省 食品衛生申請等システム（オープンデータ）"},"geometry":{"type":"Point","coordinates":[139.995541,35.681079]}},{"type":"Feature","properties":{"layer_id":"cafe_restaurant","name":"らぁ麺はやし田　南船橋店","address":"千葉県船橋市宮本３－１０－１","source":"厚生労働省 食品衛生申請等システム（オープンデータ）"},"geometry":{"type":"Point","coordinates":[139.995823,35.690102]}},{"type":"Feature","properties":{"layer_id":"cafe_restaurant","name":"CONA　津田沼店","address":"千葉県船橋市前原西２－１４－１　１F","source":"厚生労働省 食品衛生申請等システム（オープンデータ）"},"geometry":{"type":"Point","coordinates":[140.020689,35.692283]}},{"type":"Feature","properties":{"layer_id":"cafe_restaurant","name":"CONA船橋店","address":"千葉県船橋市本町１－４－２３ 大黒屋本社ビル　１F","source":"厚生労働省 食品衛生申請等システム（オープンデータ）"},"geometry":{"type":"Point","coordinates":[139.984947,35.70024]}},{"type":"Feature","properties":{"layer_id":"cafe_restaurant","name":"THUY'S KITCHEN","address":"千葉県船橋市坪井東2-15-3","source":"厚生労働省 食品衛生申請等システム（オープンデータ）"},"geometry":{"type":"Point","coordinates":[140.061129,35.728985]}},{"type":"Feature","properties":{"layer_id":"cafe_restaurant","name":"ローソン千葉徳洲会病院店","address":"千葉県船橋市高根台2-11-1 千葉徳洲会病院１階","source":"厚生労働省 食品衛生申請等システム（オープンデータ）"},"geometry":{"type":"Point","coordinates":[140.032963,35.731675]}},{"type":"Feature","properties":{"layer_id":"cafe_restaurant","name":"ヒューリックガーデン津田沼食堂","address":"千葉県船橋市前原西４－１３－２５","source":"厚生労働省 食品衛生申請等システム（オープンデータ）"},"geometry":{"type":"Point","coordinates":[140.015105,35.699051]}},{"type":"Feature","properties":{"layer_id":"cafe_restaurant","name":"西船橋第二","address":"千葉県船橋市本郷町739番地 日産化学株式会社社員寮","source":"厚生労働省 食品衛生申請等システム（オープンデータ）"},"geometry":{"type":"Point","coordinates":[139.949499,35.707566]}},{"type":"Feature","properties":{"layer_id":"cafe_restaurant","name":"くら寿司　ららぽーとTOKYO-BAY店","address":"千葉県船橋市浜町2丁目1番1号 ららぽーとTOKYO-BAY南館3階","source":"厚生労働省 食品衛生申請等システム（オープンデータ）"},"geometry":{"type":"Point","coordinates":[139.987769,35.687317]}},{"type":"Feature","properties":{"layer_id":"cafe_restaurant","name":"くら寿司　船橋フェイス店","address":"千葉県船橋市本町一丁目3番1号 船橋フェイスB1F","source":"厚生労働省 食品衛生申請等システム（オープンデータ）"},"geometry":{"type":"Point","coordinates":[139.985488,35.700725]}},{"type":"Feature","properties":{"layer_id":"cafe_restaurant","name":"Ｐｒａｉａ","address":"千葉県船橋市潮見町４０","source":"厚生労働省 食品衛生申請等システム（オープンデータ）"},"geometry":{"type":"Point","coordinates":[139.968496,35.672832]}},{"type":"Feature","properties":{"layer_id":"cafe_restaurant","name":"カラオケ喫茶　ベコチャ","address":"千葉県船橋市大穴南５－２４－１７","source":"厚生労働省 食品衛生申請等システム（オープンデータ）"},"geometry":{"type":"Point","coordinates":[140.037075,35.734907]}},{"type":"Feature","properties":{"layer_id":"cafe_restaurant","name":"ビーンズハウス","address":"千葉県船橋市市場１－８－１ 関連棟","source":"厚生労働省 食品衛生申請等システム（オープンデータ）"},"geometry":{"type":"Point","coordinates":[139.994733,35.703948]}},{"type":"Feature","properties":{"layer_id":"cafe_restaurant","name":"ビーンズハウス","address":"千葉県船橋市本町２－３－４","source":"厚生労働省 食品衛生申請等システム（オープンデータ）"},"geometry":{"type":"Point","coordinates":[139.985062,35.69638]}},{"type":"Feature","properties":{"layer_id":"cafe_restaurant","name":"LILY'S PIE CO.","address":"千葉県船橋市山手1-1-8 イオンモール船橋２F","source":"厚生労働省 食品衛生申請等システム（オープンデータ）"},"geometry":{"type":"Point","coordinates":[139.978715,35.711455]}},{"type":"Feature","properties":{"layer_id":"cafe_restaurant","name":"ドトールコーヒー　東武船橋駅店","address":"千葉県船橋市本町７－１－１ 東武アーバンパークライン改札内","source":"厚生労働省 食品衛生申請等システム（オープンデータ）"},"geometry":{"type":"Point","coordinates":[139.98447,35.702449]}},{"type":"Feature","properties":{"layer_id":"cafe_restaurant","name":"トトノウ","address":"千葉県船橋市前原西7-1-18","source":"厚生労働省 食品衛生申請等システム（オープンデータ）"},"geometry":{"type":"Point","coordinates":[140.02507,35.697934]}},{"type":"Feature","properties":{"layer_id":"cafe_restaurant","name":"杉本商店　パクパク","address":"千葉県船橋市金堀町５２５","source":"厚生労働省 食品衛生申請等システム（オープンデータ）"},"geometry":{"type":"Point","coordinates":[140.058194,35.758899]}},{"type":"Feature","properties":{"layer_id":"cafe_restaurant","name":"院内保育所　アイコーメディカル","address":"千葉県船橋市夏見台４－２６－５","source":"厚生労働省 食品衛生申請等システム（オープンデータ）"},"geometry":{"type":"Point","coordinates":[139.989707,35.715941]}},{"type":"Feature","properties":{"layer_id":"cafe_restaurant","name":"バーガーズカフェ習志野店","address":"千葉県船橋市習志野台4-8-7 荒木店舗1階","source":"厚生労働省 食品衛生申請等システム（オープンデータ）"},"geometry":{"type":"Point","coordinates":[140.045149,35.71618]}},{"type":"Feature","properties":{"layer_id":"cafe_restaurant","name":"ゴディバクレープ  ららぽーとTOKYO-BAY店","address":"千葉県船橋市浜町2丁目1番1号 ららぽーとTOKYO-BAY 北館3階N30280","source":"厚生労働省 食品衛生申請等システム（オープンデータ）"},"geometry":{"type":"Point","coordinates":[139.99124,35.686139]}},{"type":"Feature","properties":{"layer_id":"cafe_restaurant","name":"大久保　高根台店","address":"千葉県船橋市高根台１－２－８ フードスクエアカスミ高根台店内","source":"厚生労働省 食品衛生申請等システム（オープンデータ）"},"geometry":{"type":"Point","coordinates":[140.031907,35.73131]}},{"type":"Feature","properties":{"layer_id":"cafe_restaurant","name":"モンスーンカフェ　ららぽーとTOKYO-BAY","address":"千葉県船橋市浜町2－1－1南館3F4920 ららぽーとTOKYO-BAY","source":"厚生労働省 食品衛生申請等システム（オープンデータ）"},"geometry":{"type":"Point","coordinates":[139.989817,35.679301]}},{"type":"Feature","properties":{"layer_id":"cafe_restaurant","name":"麺場　田所商店　イトーヨーカドー船橋店","address":"千葉県船橋市本町7-6-1","source":"厚生労働省 食品衛生申請等システム（オープンデータ）"},"geometry":{"type":"Point","coordinates":[139.984366,35.703297]}},{"type":"Feature","properties":{"layer_id":"cafe_restaurant","name":"広東料理　勝記","address":"千葉県船橋市夏見台３－４－５","source":"厚生労働省 食品衛生申請等システム（オープンデータ）"},"geometry":{"type":"Point","coordinates":[139.989366,35.718464]}},{"type":"Feature","properties":{"layer_id":"cafe_restaurant","name":"壱鵠堂　船橋夏見台店","address":"千葉県船橋市夏見台1-18-1","source":"厚生労働省 食品衛生申請等システム（オープンデータ）"},"geometry":{"type":"Point","coordinates":[139.989581,35.718077]}},{"type":"Feature","properties":{"layer_id":"cafe_restaurant","name":"壱鵠堂　西船店","address":"千葉県船橋市西船2-23-20 サニーベール西船","source":"厚生労働省 食品衛生申請等システム（オープンデータ）"},"geometry":{"type":"Point","coordinates":[139.970212,35.713171]}},{"type":"Feature","properties":{"layer_id":"cafe_restaurant","name":"伝丸　船橋薬円台店","address":"千葉県船橋市薬円台2-4-3","source":"厚生労働省 食品衛生申請等システム（オープンデータ）"},"geometry":{"type":"Point","coordinates":[140.047048,35.710636]}},{"type":"Feature","properties":{"layer_id":"cafe_restaurant","name":"ねぎしシャポー船橋店","address":"千葉県船橋市本町　７－１－１ 船橋ショッピングセンター３Ｆ","source":"厚生労働省 食品衛生申請等システム（オープンデータ）"},"geometry":{"type":"Point","coordinates":[139.986561,35.701433]}},{"type":"Feature","properties":{"layer_id":"cafe_restaurant","name":"デニーズ　船橋二和店","address":"千葉県船橋市二和東6丁目12番1号","source":"厚生労働省 食品衛生申請等システム（オープンデータ）"},"geometry":{"type":"Point","coordinates":[140.021895,35.756442]}},{"type":"Feature","properties":{"layer_id":"cafe_restaurant","name":"デニーズ西船橋店","address":"千葉県船橋市本郷町642番地１","source":"厚生労働省 食品衛生申請等システム（オープンデータ）"},"geometry":{"type":"Point","coordinates":[139.953477,35.707778]}},{"type":"Feature","properties":{"layer_id":"cafe_restaurant","name":"ニチレイフーズ船橋第三工場","address":"千葉県船橋市日の出２－１９－７","source":"厚生労働省 食品衛生申請等システム（オープンデータ）"},"geometry":{"type":"Point","coordinates":[139.98243,35.682421]}},{"type":"Feature","properties":{"layer_id":"cafe_restaurant","name":"７ＦＳ　社員食堂ロジネット船橋店","address":"千葉県船橋市日の出２－１９－３","source":"厚生労働省 食品衛生申請等システム（オープンデータ）"},"geometry":{"type":"Point","coordinates":[139.979525,35.684044]}},{"type":"Feature","properties":{"layer_id":"cafe_restaurant","name":"一般財団法人　競馬共助会　第３０３号売店","address":"千葉県船橋市古作１丁目１番１号　中山競馬場内","source":"厚生労働省 食品衛生申請等システム（オープンデータ）"},"geometry":{"type":"Point","coordinates":[139.963078,35.725287]}},{"type":"Feature","properties":{"layer_id":"cafe_restaurant","name":"一般財団法人　競馬共助会　馬場内A２０号売店","address":"千葉県船橋市古作１丁目１番１号　中山競馬場内","source":"厚生労働省 食品衛生申請等システム（オープンデータ）"},"geometry":{"type":"Point","coordinates":[139.963078,35.725287]}},{"type":"Feature","properties":{"layer_id":"cafe_restaurant","name":"一般財団法人　競馬共助会　BR-4R号","address":"千葉県船橋市古作１丁目１番１号　中山競馬場内","source":"厚生労働省 食品衛生申請等システム（オープンデータ）"},"geometry":{"type":"Point","coordinates":[139.963078,35.725287]}},{"type":"Feature","properties":{"layer_id":"cafe_restaurant","name":"一般財団法人　競馬共助会　ＢＲ－６Ｒ号（セブン－イレブン）","address":"千葉県船橋市古作１丁目１番１号　中山競馬場内","source":"厚生労働省 食品衛生申請等システム（オープンデータ）"},"geometry":{"type":"Point","coordinates":[139.962093,35.724561]}},{"type":"Feature","properties":{"layer_id":"cafe_restaurant","name":"一般財団法人　競馬共助会　京樽ワゴン","address":"千葉県船橋市古作１丁目１番１号　中山競馬場内","source":"厚生労働省 食品衛生申請等システム（オープンデータ）"},"geometry":{"type":"Point","coordinates":[139.963078,35.725287]}},{"type":"Feature","properties":{"layer_id":"cafe_restaurant","name":"一般財団法人　競馬共助会　BR-5号","address":"千葉県船橋市古作１丁目１番１号　中山競馬場内","source":"厚生労働省 食品衛生申請等システム（オープンデータ）"},"geometry":{"type":"Point","coordinates":[139.963123,35.725198]}},{"type":"Feature","properties":{"layer_id":"cafe_restaurant","name":"一般財団法人　競馬共助会　第D43号売店(サントリー)","address":"千葉県船橋市古作１丁目１番１号　中山競馬場　D棟4F","source":"厚生労働省 食品衛生申請等システム（オープンデータ）"},"geometry":{"type":"Point","coordinates":[139.963123,35.725198]}},{"type":"Feature","properties":{"layer_id":"cafe_restaurant","name":"一般財団法人　競馬共助会　京樽南門売店","address":"千葉県船橋市古作１丁目１番１号","source":"厚生労働省 食品衛生申請等システム（オープンデータ）"},"geometry":{"type":"Point","coordinates":[139.982727,35.694548]}},{"type":"Feature","properties":{"layer_id":"cafe_restaurant","name":"一般財団法人　競馬共助会　特設売店１号","address":"千葉県船橋市古作１丁目１番１号　中山競馬場内","source":"厚生労働省 食品衛生申請等システム（オープンデータ）"},"geometry":{"type":"Point","coordinates":[139.963078,35.725287]}},{"type":"Feature","properties":{"layer_id":"cafe_restaurant","name":"一般財団法人　競馬共助会　第ＦＦ１２号売店","address":"千葉県船橋市古作１丁目１番１号　中山競馬場内","source":"厚生労働省 食品衛生申請等システム（オープンデータ）"},"geometry":{"type":"Point","coordinates":[139.959918,35.725168]}},{"type":"Feature","properties":{"layer_id":"cafe_restaurant","name":"一般財団法人　競馬共助会　ＦＦ２　𠮷野家","address":"千葉県船橋市古作１丁目１番１号　中山競馬場内","source":"厚生労働省 食品衛生申請等システム（オープンデータ）"},"geometry":{"type":"Point","coordinates":[139.959918,35.725168]}},{"type":"Feature","properties":{"layer_id":"cafe_restaurant","name":"一般財団法人　競馬共助会　第302号売店","address":"千葉県船橋市古作１丁目１番１号　中山競馬　C棟3Ｆ","source":"厚生労働省 食品衛生申請等システム（オープンデータ）"},"geometry":{"type":"Point","coordinates":[139.959918,35.725168]}},{"type":"Feature","properties":{"layer_id":"cafe_restaurant","name":"一般財団法人　競馬共助会　第303号売店","address":"千葉県船橋市古作１丁目１番１号　中山競馬　D棟3Ｆ","source":"厚生労働省 食品衛生申請等システム（オープンデータ）"},"geometry":{"type":"Point","coordinates":[139.959918,35.725168]}},{"type":"Feature","properties":{"layer_id":"cafe_restaurant","name":"一般財団法人　競馬共助会　第FF13号売店（ライオン）","address":"千葉県船橋市古作１丁目１番１号　中山競馬場　Ｂ棟地下1Ｆ","source":"厚生労働省 食品衛生申請等システム（オープンデータ）"},"geometry":{"type":"Point","coordinates":[139.959918,35.725168]}},{"type":"Feature","properties":{"layer_id":"cafe_restaurant","name":"一般財団法人　競馬共助会　第FF14号売店（三幸）","address":"千葉県船橋市古作１丁目１番１号　中山競馬場　B棟地下1F","source":"厚生労働省 食品衛生申請等システム（オープンデータ）"},"geometry":{"type":"Point","coordinates":[139.959918,35.725168]}},{"type":"Feature","properties":{"layer_id":"cafe_restaurant","name":"一般財団法人　競馬共助会　ラーメンフェス①売店","address":"千葉県船橋市古作１丁目１番１号　中山競馬　馬場内","source":"厚生労働省 食品衛生申請等システム（オープンデータ）"},"geometry":{"type":"Point","coordinates":[139.964586,35.724885]}},{"type":"Feature","properties":{"layer_id":"cafe_restaurant","name":"一般財団法人　競馬共助会　ラーメンフェス②売店","address":"千葉県船橋市古作１丁目１番１号　中山競馬　馬場内","source":"厚生労働省 食品衛生申請等システム（オープンデータ）"},"geometry":{"type":"Point","coordinates":[139.964586,35.724885]}},{"type":"Feature","properties":{"layer_id":"cafe_restaurant","name":"一般財団法人　競馬共助会　ラーメンフェス③売店","address":"千葉県船橋市古作１丁目１番１号　中山競馬　馬場内","source":"厚生労働省 食品衛生申請等システム（オープンデータ）"},"geometry":{"type":"Point","coordinates":[139.964586,35.724885]}},{"type":"Feature","properties":{"layer_id":"cafe_restaurant","name":"一般財団法人　競馬共助会　ラーメンフェス④売店","address":"千葉県船橋市古作１丁目１番１号　中山競馬　馬場内","source":"厚生労働省 食品衛生申請等システム（オープンデータ）"},"geometry":{"type":"Point","coordinates":[139.964586,35.724885]}},{"type":"Feature","properties":{"layer_id":"cafe_restaurant","name":"一般財団法人　競馬共助会　ラーメンフェス⑤売店","address":"千葉県船橋市古作１丁目１番１号　中山競馬　馬場内","source":"厚生労働省 食品衛生申請等システム（オープンデータ）"},"geometry":{"type":"Point","coordinates":[139.964586,35.724885]}},{"type":"Feature","properties":{"layer_id":"cafe_restaurant","name":"一般財団法人　競馬共助会　ラーメンフェス⑥売店","address":"千葉県船橋市古作１丁目１番１号　中山競馬　馬場内","source":"厚生労働省 食品衛生申請等システム（オープンデータ）"},"geometry":{"type":"Point","coordinates":[139.964586,35.724885]}},{"type":"Feature","properties":{"layer_id":"cafe_restaurant","name":"一般財団法人　競馬共助会　特設売店2号","address":"千葉県船橋市古作1丁目1番1号 中山競馬場内","source":"厚生労働省 食品衛生申請等システム（オープンデータ）"},"geometry":{"type":"Point","coordinates":[139.95954,35.727062]}},{"type":"Feature","properties":{"layer_id":"cafe_restaurant","name":"一般財団法人　競馬共助会　第103号売店","address":"千葉県船橋市古作1丁目1番1号 中山競馬場　D棟1F","source":"厚生労働省 食品衛生申請等システム（オープンデータ）"},"geometry":{"type":"Point","coordinates":[139.964586,35.724885]}},{"type":"Feature","properties":{"layer_id":"cafe_restaurant","name":"一般財団法人　競馬共助会　第203号売店","address":"千葉県船橋市古作1丁目1番1号 中山競馬場　D棟2F","source":"厚生労働省 食品衛生申請等システム（オープンデータ）"},"geometry":{"type":"Point","coordinates":[139.964586,35.724885]}},{"type":"Feature","properties":{"layer_id":"cafe_restaurant","name":"一般財団法人　競馬共助会　第4A号売店","address":"千葉県船橋市古作1丁目1番1号 中山競馬場　D棟4F","source":"厚生労働省 食品衛生申請等システム（オープンデータ）"},"geometry":{"type":"Point","coordinates":[139.964586,35.724885]}},{"type":"Feature","properties":{"layer_id":"cafe_restaurant","name":"一般財団法人　競馬共助会　築地銀だこハイボール酒場","address":"千葉県船橋市古作1丁目1番1号 中山競馬場内　地下1階","source":"厚生労働省 食品衛生申請等システム（オープンデータ）"},"geometry":{"type":"Point","coordinates":[139.964586,35.724885]}},{"type":"Feature","properties":{"layer_id":"cafe_restaurant","name":"一般財団法人　競馬共助会　第104号売店","address":"千葉県船橋市古作1丁目1番1号 中山競馬場　D棟1F","source":"厚生労働省 食品衛生申請等システム（オープンデータ）"},"geometry":{"type":"Point","coordinates":[139.964586,35.724885]}},{"type":"Feature","properties":{"layer_id":"cafe_restaurant","name":"サミットストア　馬込沢駅前店","address":"千葉県船橋市藤原７－２－２","source":"厚生労働省 食品衛生申請等システム（オープンデータ）"},"geometry":{"type":"Point","coordinates":[139.991661,35.742342]}},{"type":"Feature","properties":{"layer_id":"cafe_restaurant","name":"サミットストア　馬込沢駅前店","address":"千葉県船橋市藤原７－２－２","source":"厚生労働省 食品衛生申請等システム（オープンデータ）"},"geometry":{"type":"Point","coordinates":[139.991661,35.742342]}},{"type":"Feature","properties":{"layer_id":"cafe_restaurant","name":"サミットストア　馬込沢駅前店","address":"千葉県船橋市藤原７－２－２","source":"厚生労働省 食品衛生申請等システム（オープンデータ）"},"geometry":{"type":"Point","coordinates":[139.991661,35.742342]}},{"type":"Feature","properties":{"layer_id":"cafe_restaurant","name":"サミットストア　馬込沢駅前店","address":"千葉県船橋市藤原７－２－２","source":"厚生労働省 食品衛生申請等システム（オープンデータ）"},"geometry":{"type":"Point","coordinates":[139.991661,35.742342]}},{"type":"Feature","properties":{"layer_id":"cafe_restaurant","name":"サミットストア　馬込沢駅前店","address":"千葉県船橋市藤原７－２－２","source":"厚生労働省 食品衛生申請等システム（オープンデータ）"},"geometry":{"type":"Point","coordinates":[139.991661,35.742342]}},{"type":"Feature","properties":{"layer_id":"cafe_restaurant","name":"イオン高根木戸店","address":"千葉県船橋市習志野台１－１－３","source":"厚生労働省 食品衛生申請等システム（オープンデータ）"},"geometry":{"type":"Point","coordinates":[140.035245,35.727194]}},{"type":"Feature","properties":{"layer_id":"cafe_restaurant","name":"イオン高根木戸店サラダ作業室","address":"千葉県船橋市習志野台1丁目1番3号","source":"厚生労働省 食品衛生申請等システム（オープンデータ）"},"geometry":{"type":"Point","coordinates":[140.03529,35.727208]}},{"type":"Feature","properties":{"layer_id":"cafe_restaurant","name":"イオン高根木戸店　ホットデリカ部門","address":"千葉県船橋市習志野台1丁目1番3号","source":"厚生労働省 食品衛生申請等システム（オープンデータ）"},"geometry":{"type":"Point","coordinates":[140.035199,35.727181]}},{"type":"Feature","properties":{"layer_id":"cafe_restaurant","name":"イオン船橋店寿司作業場","address":"千葉県船橋市山手1-1-8 イオンモール船橋1F","source":"厚生労働省 食品衛生申請等システム（オープンデータ）"},"geometry":{"type":"Point","coordinates":[139.978861,35.711907]}},{"type":"Feature","properties":{"layer_id":"cafe_restaurant","name":"イオン船橋店ホットデリカ作業場","address":"千葉県船橋市山手1-1-8 イオンモール船橋1F","source":"厚生労働省 食品衛生申請等システム（オープンデータ）"},"geometry":{"type":"Point","coordinates":[139.978861,35.711907]}},{"type":"Feature","properties":{"layer_id":"cafe_restaurant","name":"イオン船橋店インストアベーカリー","address":"千葉県船橋市山手1-1-8 イオンモール船橋1Ｆ","source":"厚生労働省 食品衛生申請等システム（オープンデータ）"},"geometry":{"type":"Point","coordinates":[139.978861,35.711907]}},{"type":"Feature","properties":{"layer_id":"cafe_restaurant","name":"ローソン船橋湊町一丁目店","address":"千葉県船橋市湊町１－１０－２","source":"厚生労働省 食品衛生申請等システム（オープンデータ）"},"geometry":{"type":"Point","coordinates":[139.987593,35.694213]}},{"type":"Feature","properties":{"layer_id":"cafe_restaurant","name":"ローソン船橋薬円台一丁目店","address":"千葉県船橋市薬円台１－６－５","source":"厚生労働省 食品衛生申請等システム（オープンデータ）"},"geometry":{"type":"Point","coordinates":[140.03965,35.708562]}},{"type":"Feature","properties":{"layer_id":"cafe_restaurant","name":"ローソン津田沼東店","address":"千葉県船橋市前原西２－２２－１５","source":"厚生労働省 食品衛生申請等システム（オープンデータ）"},"geometry":{"type":"Point","coordinates":[140.023255,35.693453]}},{"type":"Feature","properties":{"layer_id":"cafe_restaurant","name":"ローソン船橋薬円台六丁目店","address":"千葉県船橋市薬円台６－６－３０","source":"厚生労働省 食品衛生申請等システム（オープンデータ）"},"geometry":{"type":"Point","coordinates":[140.038187,35.71354]}},{"type":"Feature","properties":{"layer_id":"cafe_restaurant","name":"ローソン船橋夏見台二丁目店","address":"千葉県船橋市夏見台二丁目4番25号","source":"厚生労働省 食品衛生申請等システム（オープンデータ）"},"geometry":{"type":"Point","coordinates":[139.995028,35.720546]}},{"type":"Feature","properties":{"layer_id":"cafe_restaurant","name":"ローソン船橋インター店","address":"千葉県船橋市海神町南１‐１５５９","source":"厚生労働省 食品衛生申請等システム（オープンデータ）"},"geometry":{"type":"Point","coordinates":[139.971625,35.699935]}},{"type":"Feature","properties":{"layer_id":"cafe_restaurant","name":"ローソン船橋栄町一丁目店","address":"千葉県船橋市栄町1丁目11番17号","source":"厚生労働省 食品衛生申請等システム（オープンデータ）"},"geometry":{"type":"Point","coordinates":[139.974227,35.691536]}},{"type":"Feature","properties":{"layer_id":"cafe_restaurant","name":"ワイズマートシャポー船橋店","address":"千葉県船橋市本町7丁目1番1号 シャポー船橋ショッピングセンター内地下B-22区画","source":"厚生労働省 食品衛生申請等システム（オープンデータ）"},"geometry":{"type":"Point","coordinates":[139.986591,35.701433]}},{"type":"Feature","properties":{"layer_id":"cafe_restaurant","name":"ワイズマートシャポー船橋店","address":"千葉県船橋市本町7丁目1番1号 シャポー船橋ショッピングセンター内地下B-22区画","source":"厚生労働省 食品衛生申請等システム（オープンデータ）"},"geometry":{"type":"Point","coordinates":[139.986591,35.701433]}},{"type":"Feature","properties":{"layer_id":"cafe_restaurant","name":"ワイズマートららテラスTOKYO-BAY店","address":"千葉県船橋市若松2丁目2番1号 1階N101区画","source":"厚生労働省 食品衛生申請等システム（オープンデータ）"},"geometry":{"type":"Point","coordinates":[139.996792,35.680852]}},{"type":"Feature","properties":{"layer_id":"cafe_restaurant","name":"ワイズマートららテラスTOKYO-BAY店","address":"千葉県船橋市若松2丁目2番1号 1階N101区画","source":"厚生労働省 食品衛生申請等システム（オープンデータ）"},"geometry":{"type":"Point","coordinates":[139.995541,35.681079]}},{"type":"Feature","properties":{"layer_id":"cafe_restaurant","name":"ワイズマート船橋法典店","address":"千葉県船橋市藤原2－2－46","source":"厚生労働省 食品衛生申請等システム（オープンデータ）"},"geometry":{"type":"Point","coordinates":[139.968104,35.731151]}},{"type":"Feature","properties":{"layer_id":"cafe_restaurant","name":"ワイズディスカ飯山満店","address":"千葉県船橋市飯山満町2丁目410-1","source":"厚生労働省 食品衛生申請等システム（オープンデータ）"},"geometry":{"type":"Point","coordinates":[140.017074,35.70553]}},{"type":"Feature","properties":{"layer_id":"cafe_restaurant","name":"ワイズマートペリエ西船橋店","address":"千葉県船橋市西船4丁目27-7 ペリエ西船橋　1階","source":"厚生労働省 食品衛生申請等システム（オープンデータ）"},"geometry":{"type":"Point","coordinates":[139.957699,35.707969]}},{"type":"Feature","properties":{"layer_id":"cafe_restaurant","name":"ワイズマートペリエ西船橋店","address":"千葉県船橋市西船4丁目27-7 ペリエ西船橋　1階","source":"厚生労働省 食品衛生申請等システム（オープンデータ）"},"geometry":{"type":"Point","coordinates":[139.957699,35.707969]}},{"type":"Feature","properties":{"layer_id":"cafe_restaurant","name":"おむすびと　原木中山店","address":"千葉県船橋市本中山７－７－１ メトロセンター内","source":"厚生労働省 食品衛生申請等システム（オープンデータ）"},"geometry":{"type":"Point","coordinates":[139.941349,35.702855]}},{"type":"Feature","properties":{"layer_id":"cafe_restaurant","name":"アンデルセン公園　直営売店","address":"千葉県船橋市金堀町５２５","source":"厚生労働省 食品衛生申請等システム（オープンデータ）"},"geometry":{"type":"Point","coordinates":[140.058152,35.758917]}},{"type":"Feature","properties":{"layer_id":"cafe_restaurant","name":"ＪＣＦ","address":"千葉県船橋市金堀町５２５番地","source":"厚生労働省 食品衛生申請等システム（オープンデータ）"},"geometry":{"type":"Point","coordinates":[140.058194,35.758899]}},{"type":"Feature","properties":{"layer_id":"cafe_restaurant","name":"ファミリーマートJR船橋駅前店","address":"千葉県船橋市本町5-1-15","source":"厚生労働省 食品衛生申請等システム（オープンデータ）"},"geometry":{"type":"Point","coordinates":[139.987873,35.701691]}},{"type":"Feature","properties":{"layer_id":"cafe_restaurant","name":"ファミリーマート下総中山駅北口店","address":"千葉県船橋市本中山２－１９－１","source":"厚生労働省 食品衛生申請等システム（オープンデータ）"},"geometry":{"type":"Point","coordinates":[139.944319,35.716]}},{"type":"Feature","properties":{"layer_id":"cafe_restaurant","name":"習志野台みゆき苑","address":"千葉県船橋市習志野台４－４６－７","source":"厚生労働省 食品衛生申請等システム（オープンデータ）"},"geometry":{"type":"Point","coordinates":[140.046076,35.716589]}},{"type":"Feature","properties":{"layer_id":"cafe_restaurant","name":"H3285-01","address":"千葉県船橋市夏見１－１１－２０","source":"厚生労働省 食品衛生申請等システム（オープンデータ）"},"geometry":{"type":"Point","coordinates":[139.989402,35.707656]}},{"type":"Feature","properties":{"layer_id":"cafe_restaurant","name":"H7820-01","address":"千葉県船橋市高瀬町５","source":"厚生労働省 食品衛生申請等システム（オープンデータ）"},"geometry":{"type":"Point","coordinates":[139.988377,35.665927]}},{"type":"Feature","properties":{"layer_id":"cafe_restaurant","name":"H5230-01","address":"千葉県船橋市南海神1-4-11","source":"厚生労働省 食品衛生申請等システム（オープンデータ）"},"geometry":{"type":"Point","coordinates":[139.968598,35.698103]}},{"type":"Feature","properties":{"layer_id":"cafe_restaurant","name":"H7960-03","address":"千葉県船橋市薬円台6-16-8","source":"厚生労働省 食品衛生申請等システム（オープンデータ）"},"geometry":{"type":"Point","coordinates":[140.040549,35.713058]}},{"type":"Feature","properties":{"layer_id":"cafe_restaurant","name":"Ｇｉｒｌｓ　Ｂａｒ　Ｃｅｎｔｕｒｉｏｎ","address":"千葉県船橋市前原西２－２１－９ 津田沼第一ビル５階","source":"厚生労働省 食品衛生申請等システム（オープンデータ）"},"geometry":{"type":"Point","coordinates":[140.023006,35.693131]}},{"type":"Feature","properties":{"layer_id":"cafe_restaurant","name":"割烹　いしい","address":"千葉県船橋市神保町131番地２ ケアハウス船橋みどりの里","source":"厚生労働省 食品衛生申請等システム（オープンデータ）"},"geometry":{"type":"Point","coordinates":[140.043514,35.759763]}},{"type":"Feature","properties":{"layer_id":"cafe_restaurant","name":"お茶漬け みえ","address":"千葉県船橋市西船5丁目17-26","source":"厚生労働省 食品衛生申請等システム（オープンデータ）"},"geometry":{"type":"Point","coordinates":[139.953092,35.711917]}},{"type":"Feature","properties":{"layer_id":"cafe_restaurant","name":"いろり庵きらく下総中山店","address":"千葉県船橋市本中山２丁目17番37号 JR下総中山駅構内","source":"厚生労働省 食品衛生申請等システム（オープンデータ）"},"geometry":{"type":"Point","coordinates":[139.942749,35.71465]}},{"type":"Feature","properties":{"layer_id":"cafe_restaurant","name":"いろり庵きらく南船橋店","address":"千葉県船橋市若松2-1-1 JR南船橋駅構内","source":"厚生労働省 食品衛生申請等システム（オープンデータ）"},"geometry":{"type":"Point","coordinates":[139.995735,35.681805]}},{"type":"Feature","properties":{"layer_id":"cafe_restaurant","name":"菜の花そば　ペリエ　西船橋店","address":"千葉県船橋市西船４－２７－７ ＪＲ西船橋駅構内","source":"厚生労働省 食品衛生申請等システム（オープンデータ）"},"geometry":{"type":"Point","coordinates":[139.957699,35.707969]}},{"type":"Feature","properties":{"layer_id":"cafe_restaurant","name":"ベックスコーヒーショップ　シャポー船橋店","address":"千葉県船橋市本町７－１－１ ＪＲ船橋駅構内","source":"厚生労働省 食品衛生申請等システム（オープンデータ）"},"geometry":{"type":"Point","coordinates":[139.986561,35.701433]}},{"type":"Feature","properties":{"layer_id":"cafe_restaurant","name":"セブンーイレブン　船橋二和向台駅前店","address":"千葉県船橋市二和東６－１６－２３","source":"厚生労働省 食品衛生申請等システム（オープンデータ）"},"geometry":{"type":"Point","coordinates":[140.022747,35.754491]}},{"type":"Feature","properties":{"layer_id":"cafe_restaurant","name":"セブンーイレブン　船橋薬円台公園前店","address":"千葉県船橋市習志野台４丁目７２－２０","source":"厚生労働省 食品衛生申請等システム（オープンデータ）"},"geometry":{"type":"Point","coordinates":[140.04978,35.712995]}},{"type":"Feature","properties":{"layer_id":"cafe_restaurant","name":"セブンーイレブン　習志野台店","address":"千葉県船橋市習志野台2-73-16","source":"厚生労働省 食品衛生申請等システム（オープンデータ）"},"geometry":{"type":"Point","coordinates":[140.050174,35.724385]}},{"type":"Feature","properties":{"layer_id":"cafe_restaurant","name":"セブンーイレブン　船橋前原西6丁目店","address":"千葉県船橋市前原西６丁目１－２２ アルビス前原ショッピングセンター　B棟ー１","source":"厚生労働省 食品衛生申請等システム（オープンデータ）"},"geometry":{"type":"Point","coordinates":[140.020896,35.701562]}},{"type":"Feature","properties":{"layer_id":"cafe_restaurant","name":"ランドロームフードマーケット船橋夏見店","address":"千葉県船橋市夏見1-15-5","source":"厚生労働省 食品衛生申請等システム（オープンデータ）"},"geometry":{"type":"Point","coordinates":[139.9904,35.708704]}},{"type":"Feature","properties":{"layer_id":"cafe_restaurant","name":"ランドロームフードマーケット船橋夏見店","address":"千葉県船橋市夏見1-15-5","source":"厚生労働省 食品衛生申請等システム（オープンデータ）"},"geometry":{"type":"Point","coordinates":[139.9904,35.708704]}},{"type":"Feature","properties":{"layer_id":"cafe_restaurant","name":"ランドロームフードマーケット三咲本店","address":"千葉県船橋市三咲５－９－７","source":"厚生労働省 食品衛生申請等システム（オープンデータ）"},"geometry":{"type":"Point","coordinates":[140.030444,35.743946]}},{"type":"Feature","properties":{"layer_id":"cafe_restaurant","name":"ランドロームフードマーケット三咲本店","address":"千葉県船橋市三咲５－９－７","source":"厚生労働省 食品衛生申請等システム（オープンデータ）"},"geometry":{"type":"Point","coordinates":[140.030444,35.743946]}},{"type":"Feature","properties":{"layer_id":"cafe_restaurant","name":"ランドロームフードマーケット北習志野店","address":"千葉県船橋市習志野台3-2-101","source":"厚生労働省 食品衛生申請等システム（オープンデータ）"},"geometry":{"type":"Point","coordinates":[140.048288,35.721587]}},{"type":"Feature","properties":{"layer_id":"cafe_restaurant","name":"カラオケルーム歌広場　京成船橋駅前店","address":"千葉県船橋市本町1丁目5番4号","source":"厚生労働省 食品衛生申請等システム（オープンデータ）"},"geometry":{"type":"Point","coordinates":[139.986045,35.699996]}},{"type":"Feature","properties":{"layer_id":"cafe_restaurant","name":"ＢＥＥ－ＯＮＥ","address":"千葉県船橋市薬円台６－１２－１－１０１","source":"厚生労働省 食品衛生申請等システム（オープンデータ）"},"geometry":{"type":"Point","coordinates":[140.03853,35.713069]}},{"type":"Feature","properties":{"layer_id":"cafe_restaurant","name":"ローソン北習志野駅前店","address":"千葉県船橋市習志野台３－１８－１ 大槻ビル1階","source":"厚生労働省 食品衛生申請等システム（オープンデータ）"},"geometry":{"type":"Point","coordinates":[140.043373,35.720804]}},{"type":"Feature","properties":{"layer_id":"cafe_restaurant","name":"ローソン船橋習志野台五丁目店","address":"千葉県船橋市習志野台５‐１５‐７","source":"厚生労働省 食品衛生申請等システム（オープンデータ）"},"geometry":{"type":"Point","coordinates":[140.054218,35.715746]}},{"type":"Feature","properties":{"layer_id":"cafe_restaurant","name":"Uchigohan+","address":"千葉県船橋市西習志野2-17-7","source":"厚生労働省 食品衛生申請等システム（オープンデータ）"},"geometry":{"type":"Point","coordinates":[140.037141,35.724605]}},{"type":"Feature","properties":{"layer_id":"cafe_restaurant","name":"Ｕｃｈｉｇｏｈａｎ＋","address":"千葉県船橋市芝山６－６２－９ カーサプロバンス１０１号","source":"厚生労働省 食品衛生申請等システム（オープンデータ）"},"geometry":{"type":"Point","coordinates":[140.029697,35.726047]}},{"type":"Feature","properties":{"layer_id":"cafe_restaurant","name":"果実問屋　にしかわ","address":"千葉県船橋市藤原２－１７－１８","source":"厚生労働省 食品衛生申請等システム（オープンデータ）"},"geometry":{"type":"Point","coordinates":[139.968416,35.73126]}},{"type":"Feature","properties":{"layer_id":"cafe_restaurant","name":"電光石火　ららぽーとＴＯＫＹＯ－ＢＡＹ店","address":"千葉県船橋市浜町２－１－１ ららぽーとＴＯＫＹＯ－ＢＡＹ　北館　Ｎ－３０３００","source":"厚生労働省 食品衛生申請等システム（オープンデータ）"},"geometry":{"type":"Point","coordinates":[139.988524,35.683594]}},{"type":"Feature","properties":{"layer_id":"cafe_restaurant","name":"ファミリーマート西船橋駅北口店","address":"千葉県船橋市西船4丁目２９－８","source":"厚生労働省 食品衛生申請等システム（オープンデータ）"},"geometry":{"type":"Point","coordinates":[139.960409,35.707481]}},{"type":"Feature","properties":{"layer_id":"cafe_restaurant","name":"本田商店　津田沼店","address":"千葉県船橋市前原西２－１３－２５ 第一暁ビル１Ｆ","source":"厚生労働省 食品衛生申請等システム（オープンデータ）"},"geometry":{"type":"Point","coordinates":[140.021111,35.692908]}},{"type":"Feature","properties":{"layer_id":"cafe_restaurant","name":"焼鳥酒場　本田商店　船橋本店","address":"千葉県船橋市本町４－１６－２９ 三幸本町ビル１階","source":"厚生労働省 食品衛生申請等システム（オープンデータ）"},"geometry":{"type":"Point","coordinates":[139.987392,35.700063]}},{"type":"Feature","properties":{"layer_id":"cafe_restaurant","name":"イザカヤ　ツキヤ　津田沼店","address":"千葉県船橋市前原西２－２１－６ 東関東ビル１階","source":"厚生労働省 食品衛生申請等システム（オープンデータ）"},"geometry":{"type":"Point","coordinates":[140.021023,35.693731]}},{"type":"Feature","properties":{"layer_id":"cafe_restaurant","name":"紅虎餃子房　三井ショッピングパーク　ららぽーとTOKYO-BAY店","address":"千葉県船橋市浜町2－1－1 ららぽーとTOKYO-BAY 北館３階 N30340","source":"厚生労働省 食品衛生申請等システム（オープンデータ）"},"geometry":{"type":"Point","coordinates":[139.987769,35.687317]}},{"type":"Feature","properties":{"layer_id":"cafe_restaurant","name":"居酒屋いくなら俺んち来い。西船橋店","address":"千葉県船橋市印内町５６４－８ サウスサイドビル地下1F","source":"厚生労働省 食品衛生申請等システム（オープンデータ）"},"geometry":{"type":"Point","coordinates":[139.960369,35.706334]}},{"type":"Feature","properties":{"layer_id":"cafe_restaurant","name":"居酒屋いくなら俺んち来る？ 〜宴会部〜 津田沼店","address":"千葉県船橋市前原西2丁目13番13号 アロー津田沼駅前ビル4階","source":"厚生労働省 食品衛生申請等システム（オープンデータ）"},"geometry":{"type":"Point","coordinates":[140.021665,35.692596]}},{"type":"Feature","properties":{"layer_id":"cafe_restaurant","name":"八剣伝　原木中山店","address":"千葉県船橋市本中山7丁目６－１ 小川ビル１０１","source":"厚生労働省 食品衛生申請等システム（オープンデータ）"},"geometry":{"type":"Point","coordinates":[139.941556,35.702735]}},{"type":"Feature","properties":{"layer_id":"cafe_restaurant","name":"ファミリーマート船橋本中山店","address":"千葉県船橋市本中山5-2-40","source":"厚生労働省 食品衛生申請等システム（オープンデータ）"},"geometry":{"type":"Point","coordinates":[139.943899,35.706943]}},{"type":"Feature","properties":{"layer_id":"cafe_restaurant","name":"鳥貴族　船橋本町店","address":"千葉県船橋市本町4丁目44番11号 京成船橋高橋ビル 4階","source":"厚生労働省 食品衛生申請等システム（オープンデータ）"},"geometry":{"type":"Point","coordinates":[139.98705,35.70035]}},{"type":"Feature","properties":{"layer_id":"cafe_restaurant","name":"鳥貴族　津田沼店","address":"千葉県船橋市前原西２丁目１３番１３号 アロー津田沼駅前ビル　５階","source":"厚生労働省 食品衛生申請等システム（オープンデータ）"},"geometry":{"type":"Point","coordinates":[140.021665,35.692596]}},{"type":"Feature","properties":{"layer_id":"cafe_restaurant","name":"ふな茶屋","address":"千葉県船橋市宮本2-12-10","source":"厚生労働省 食品衛生申請等システム（オープンデータ）"},"geometry":{"type":"Point","coordinates":[139.99021,35.693447]}},{"type":"Feature","properties":{"layer_id":"cafe_restaurant","name":"㈱ＡＫＵＡ　ヤマザキショップ　ＭＦＬＰ船橋＆ＧＡＴＥ店","address":"千葉県船橋市浜町２－４－１","source":"厚生労働省 食品衛生申請等システム（オープンデータ）"},"geometry":{"type":"Point","coordinates":[139.989831,35.680729]}},{"type":"Feature","properties":{"layer_id":"cafe_restaurant","name":"サブウェイ船橋東武店","address":"千葉県船橋市本町７－１－１ 船橋駅ビル２階","source":"厚生労働省 食品衛生申請等システム（オープンデータ）"},"geometry":{"type":"Point","coordinates":[139.98447,35.702449]}},{"type":"Feature","properties":{"layer_id":"cafe_restaurant","name":"ドトールコーヒーショップ　ららぽーとTOKYO-BAY店","address":"千葉県船橋市浜町２丁目２番７号 ららぽーとTOKYO-BAY North Gate 1F","source":"厚生労働省 食品衛生申請等システム（オープンデータ）"},"geometry":{"type":"Point","coordinates":[139.993265,35.687501]}},{"type":"Feature","properties":{"layer_id":"cafe_restaurant","name":"ＭＯＺＺ","address":"千葉県船橋市本町４－４２－１４","source":"厚生労働省 食品衛生申請等システム（オープンデータ）"},"geometry":{"type":"Point","coordinates":[139.986589,35.699252]}},{"type":"Feature","properties":{"layer_id":"cafe_restaurant","name":"マックスバリュ習志野台店　オリジン弁当","address":"千葉県船橋市習志野台５－３９－１","source":"厚生労働省 食品衛生申請等システム（オープンデータ）"},"geometry":{"type":"Point","coordinates":[140.054307,35.717002]}},{"type":"Feature","properties":{"layer_id":"cafe_restaurant","name":"マックスバリュ新船橋店(生鮮総菜)","address":"千葉県船橋市北本町1丁目19番50号","source":"厚生労働省 食品衛生申請等システム（オープンデータ）"},"geometry":{"type":"Point","coordinates":[139.982069,35.711054]}},{"type":"Feature","properties":{"layer_id":"cafe_restaurant","name":"マックスバリュ新船橋店(ソフトクリーム)","address":"千葉県船橋市北本町1丁目19番50号","source":"厚生労働省 食品衛生申請等システム（オープンデータ）"},"geometry":{"type":"Point","coordinates":[139.982069,35.711054]}},{"type":"Feature","properties":{"layer_id":"cafe_restaurant","name":"マックスバリュ習志野台店　デリカテッセン","address":"千葉県船橋市習志野台５－３９－１","source":"厚生労働省 食品衛生申請等システム（オープンデータ）"},"geometry":{"type":"Point","coordinates":[140.054307,35.717002]}},{"type":"Feature","properties":{"layer_id":"cafe_restaurant","name":"マックスバリュ習志野台店　ベーカリー","address":"千葉県船橋市習志野台５－３９－１","source":"厚生労働省 食品衛生申請等システム（オープンデータ）"},"geometry":{"type":"Point","coordinates":[140.054307,35.717002]}},{"type":"Feature","properties":{"layer_id":"cafe_restaurant","name":"福徳食堂","address":"千葉県船橋市本中山7-7-1 原木中山駅メトロセンター","source":"厚生労働省 食品衛生申請等システム（オープンデータ）"},"geometry":{"type":"Point","coordinates":[139.941349,35.702855]}},{"type":"Feature","properties":{"layer_id":"cafe_restaurant","name":"かつ波奈　北習志野店","address":"千葉県船橋市習志野台１－18－8","source":"厚生労働省 食品衛生申請等システム（オープンデータ）"},"geometry":{"type":"Point","coordinates":[140.039502,35.72827]}},{"type":"Feature","properties":{"layer_id":"cafe_restaurant","name":"愛知屋","address":"千葉県船橋市本中山４－２２－８","source":"厚生労働省 食品衛生申請等システム（オープンデータ）"},"geometry":{"type":"Point","coordinates":[139.939453,35.711098]}},{"type":"Feature","properties":{"layer_id":"cafe_restaurant","name":"アルトポンテ","address":"千葉県船橋市金堀町525 ふなばしアンデルセン公園","source":"厚生労働省 食品衛生申請等システム（オープンデータ）"},"geometry":{"type":"Point","coordinates":[140.058194,35.758899]}},{"type":"Feature","properties":{"layer_id":"cafe_restaurant","name":"焼肉酒場ともさんかく　船橋2nd","address":"千葉県船橋市本町1-8-2 Shoto壱番館1F","source":"厚生労働省 食品衛生申請等システム（オープンデータ）"},"geometry":{"type":"Point","coordinates":[139.985113,35.699762]}},{"type":"Feature","properties":{"layer_id":"cafe_restaurant","name":"株式会社スーパーバリュー南船橋店","address":"千葉県船橋市浜町2丁目2番7号 ららぽーとＴＯＫＹＯ‐ＢＡＹ　ＮｏｒｔｈＧａｔｅ内　１Ｆ","source":"厚生労働省 食品衛生申請等システム（オープンデータ）"},"geometry":{"type":"Point","coordinates":[139.993265,35.687501]}},{"type":"Feature","properties":{"layer_id":"cafe_restaurant","name":"葉月舎","address":"千葉県船橋市本町4-16-32","source":"厚生労働省 食品衛生申請等システム（オープンデータ）"},"geometry":{"type":"Point","coordinates":[139.987286,35.700353]}},{"type":"Feature","properties":{"layer_id":"cafe_restaurant","name":"ファミリーマート京成船橋店","address":"千葉県船橋市本町1-24-1","source":"厚生労働省 食品衛生申請等システム（オープンデータ）"},"geometry":{"type":"Point","coordinates":[139.983154,35.700052]}},{"type":"Feature","properties":{"layer_id":"cafe_restaurant","name":"ファミリーマート船橋印内三丁目店","address":"千葉県船橋市印内3-3-25","source":"厚生労働省 食品衛生申請等システム（オープンデータ）"},"geometry":{"type":"Point","coordinates":[139.966033,35.717726]}},{"type":"Feature","properties":{"layer_id":"cafe_restaurant","name":"鳥ます","address":"千葉県船橋市本中山１－１５－２２","source":"厚生労働省 食品衛生申請等システム（オープンデータ）"},"geometry":{"type":"Point","coordinates":[139.945321,35.716902]}},{"type":"Feature","properties":{"layer_id":"cafe_restaurant","name":"Champagne＆Glasswine 　Garden","address":"千葉県船橋市本町4-41-10 SADOYA Up court 101","source":"厚生労働省 食品衛生申請等システム（オープンデータ）"},"geometry":{"type":"Point","coordinates":[139.98621,35.698784]}},{"type":"Feature","properties":{"layer_id":"cafe_restaurant","name":"メフォス東日本１０３０１号店","address":"千葉県船橋市豊富町６９６－１","source":"厚生労働省 食品衛生申請等システム（オープンデータ）"},"geometry":{"type":"Point","coordinates":[140.071403,35.762968]}},{"type":"Feature","properties":{"layer_id":"cafe_restaurant","name":"ローソン船橋金杉八丁目店","address":"千葉県船橋市金杉８－７－２６","source":"厚生労働省 食品衛生申請等システム（オープンデータ）"},"geometry":{"type":"Point","coordinates":[140.014727,35.732978]}},{"type":"Feature","properties":{"layer_id":"cafe_restaurant","name":"ふなばし翔裕館","address":"千葉県船橋市松が丘5-32-1","source":"厚生労働省 食品衛生申請等システム（オープンデータ）"},"geometry":{"type":"Point","coordinates":[140.051465,35.736584]}},{"type":"Feature","properties":{"layer_id":"cafe_restaurant","name":"有限会社アーノルドフジタカムラ","address":"千葉県船橋市芝山3－10-2-107","source":"厚生労働省 食品衛生申請等システム（オープンデータ）"},"geometry":{"type":"Point","coordinates":[140.020015,35.717142]}},{"type":"Feature","properties":{"layer_id":"cafe_restaurant","name":"リンガーハットららぽーとTOKYO-BAY店","address":"千葉県船橋市浜町2-1-1 西館1F","source":"厚生労働省 食品衛生申請等システム（オープンデータ）"},"geometry":{"type":"Point","coordinates":[139.987769,35.687317]}},{"type":"Feature","properties":{"layer_id":"cafe_restaurant","name":"リンガーハット　イトーヨーカドー船橋店","address":"千葉県船橋市本町7-6-1","source":"厚生労働省 食品衛生申請等システム（オープンデータ）"},"geometry":{"type":"Point","coordinates":[139.984843,35.703288]}},{"type":"Feature","properties":{"layer_id":"cafe_restaurant","name":"カフェ　シャローム　米ケ崎店","address":"千葉県船橋市米ケ崎町５６３－５","source":"厚生労働省 食品衛生申請等システム（オープンデータ）"},"geometry":{"type":"Point","coordinates":[140.00526,35.712613]}},{"type":"Feature","properties":{"layer_id":"cafe_restaurant","name":"シャローム　船橋店","address":"千葉県船橋市海神町３－２３７７－１","source":"厚生労働省 食品衛生申請等システム（オープンデータ）"},"geometry":{"type":"Point","coordinates":[139.975713,35.70027]}},{"type":"Feature","properties":{"layer_id":"cafe_restaurant","name":"株式会社サンウェルズ　PDハウス船橋","address":"千葉県船橋市二子町561","source":"厚生労働省 食品衛生申請等システム（オープンデータ）"},"geometry":{"type":"Point","coordinates":[139.945802,35.709804]}},{"type":"Feature","properties":{"layer_id":"cafe_restaurant","name":"社会福祉法人ノテ福祉会　ノテ船橋","address":"千葉県船橋市高根町１６６５－２","source":"厚生労働省 食品衛生申請等システム（オープンデータ）"},"geometry":{"type":"Point","coordinates":[140.004933,35.721298]}},{"type":"Feature","properties":{"layer_id":"cafe_restaurant","name":"薬園台・学びの保育園","address":"千葉県船橋市薬円台5-6-7","source":"厚生労働省 食品衛生申請等システム（オープンデータ）"},"geometry":{"type":"Point","coordinates":[140.039122,35.710238]}},{"type":"Feature","properties":{"layer_id":"cafe_restaurant","name":"特別養護老人ホーム　ノテ南船橋","address":"千葉県船橋市若松２－３－５１","source":"厚生労働省 食品衛生申請等システム（オープンデータ）"},"geometry":{"type":"Point","coordinates":[139.997379,35.679923]}},{"type":"Feature","properties":{"layer_id":"cafe_restaurant","name":"船橋ケアセンター","address":"千葉県船橋市高野台5-741-6","source":"厚生労働省 食品衛生申請等システム（オープンデータ）"},"geometry":{"type":"Point","coordinates":[140.033525,35.768044]}},{"type":"Feature","properties":{"layer_id":"cafe_restaurant","name":"カラオケ館船橋咲が丘店","address":"千葉県船橋市咲が丘3丁目1番30号","source":"厚生労働省 食品衛生申請等システム（オープンデータ）"},"geometry":{"type":"Point","coordinates":[140.021679,35.75679]}},{"type":"Feature","properties":{"layer_id":"cafe_restaurant","name":"なか卯　船橋咲が丘店","address":"千葉県船橋市咲が丘1-24-5","source":"厚生労働省 食品衛生申請等システム（オープンデータ）"},"geometry":{"type":"Point","coordinates":[140.01683,35.758361]}},{"type":"Feature","properties":{"layer_id":"cafe_restaurant","name":"なか卯　西船橋駅前店","address":"千葉県船橋市西船4-22-3 栄華光ﾋﾞﾙ1、2F","source":"厚生労働省 食品衛生申請等システム（オープンデータ）"},"geometry":{"type":"Point","coordinates":[139.958765,35.708426]}},{"type":"Feature","properties":{"layer_id":"cafe_restaurant","name":"なか卯　船橋前原東店","address":"千葉県船橋市前原東1-6-3","source":"厚生労働省 食品衛生申請等システム（オープンデータ）"},"geometry":{"type":"Point","coordinates":[140.025192,35.692906]}},{"type":"Feature","properties":{"layer_id":"cafe_restaurant","name":"なか卯　北習志野駅前店","address":"千葉県船橋市習志野台2-1-6 北習志野駅前ビル","source":"厚生労働省 食品衛生申請等システム（オープンデータ）"},"geometry":{"type":"Point","coordinates":[140.04227,35.721857]}},{"type":"Feature","properties":{"layer_id":"cafe_restaurant","name":"なか卯　船橋湊町店","address":"千葉県船橋市湊町2丁目5番18号 船橋第一ﾎﾃﾙ1F","source":"厚生労働省 食品衛生申請等システム（オープンデータ）"},"geometry":{"type":"Point","coordinates":[139.982382,35.696416]}},{"type":"Feature","properties":{"layer_id":"cafe_restaurant","name":"なか卯　東船橋店","address":"千葉県船橋市東船橋1-37-9 大澤ﾋﾞﾙ1階","source":"厚生労働省 食品衛生申請等システム（オープンデータ）"},"geometry":{"type":"Point","coordinates":[140.003886,35.699463]}},{"type":"Feature","properties":{"layer_id":"cafe_restaurant","name":"カラオケ館　西船橋店","address":"千葉県船橋市西船4丁目17番9号","source":"厚生労働省 食品衛生申請等システム（オープンデータ）"},"geometry":{"type":"Point","coordinates":[139.958598,35.709677]}},{"type":"Feature","properties":{"layer_id":"cafe_restaurant","name":"カラオケ館　西船橋駅前店","address":"千葉県船橋市西船4丁目25番5号","source":"厚生労働省 食品衛生申請等システム（オープンデータ）"},"geometry":{"type":"Point","coordinates":[139.959458,35.708384]}},{"type":"Feature","properties":{"layer_id":"cafe_restaurant","name":"カラオケ館　船橋店","address":"千葉県船橋市本町4丁目41番25号 共栄ビル3F","source":"厚生労働省 食品衛生申請等システム（オープンデータ）"},"geometry":{"type":"Point","coordinates":[139.986022,35.698772]}},{"type":"Feature","properties":{"layer_id":"cafe_restaurant","name":"カラオケ館　船橋北習志野店","address":"千葉県船橋市習志野台１丁目１９番１５号","source":"厚生労働省 食品衛生申請等システム（オープンデータ）"},"geometry":{"type":"Point","coordinates":[140.039983,35.727239]}},{"type":"Feature","properties":{"layer_id":"cafe_restaurant","name":"ニューデイズ船橋改札外南店","address":"千葉県船橋市本町7丁目1番1号","source":"厚生労働省 食品衛生申請等システム（オープンデータ）"},"geometry":{"type":"Point","coordinates":[139.986561,35.701433]}},{"type":"Feature","properties":{"layer_id":"cafe_restaurant","name":"ニューデイズ下総中山店　下総中山駅構内","address":"千葉県船橋市本中山2丁目17番37号","source":"厚生労働省 食品衛生申請等システム（オープンデータ）"},"geometry":{"type":"Point","coordinates":[139.942746,35.714657]}},{"type":"Feature","properties":{"layer_id":"cafe_restaurant","name":"NewDays　東船橋","address":"千葉県船橋市東船橋2丁目10番1号","source":"厚生労働省 食品衛生申請等システム（オープンデータ）"},"geometry":{"type":"Point","coordinates":[140.004249,35.699848]}},{"type":"Feature","properties":{"layer_id":"cafe_restaurant","name":"NewDays西船橋店","address":"千葉県船橋市西船四丁目27-7 JR西船橋駅構内","source":"厚生労働省 食品衛生申請等システム（オープンデータ）"},"geometry":{"type":"Point","coordinates":[139.957699,35.707969]}},{"type":"Feature","properties":{"layer_id":"cafe_restaurant","name":"インド料理　ビニタ","address":"千葉県船橋市山野町４０－３ シャトルＯＭＩ１Ｆ","source":"厚生労働省 食品衛生申請等システム（オープンデータ）"},"geometry":{"type":"Point","coordinates":[139.961941,35.70432]}},{"type":"Feature","properties":{"layer_id":"cafe_restaurant","name":"味の豊","address":"千葉県船橋市海神町３丁目１２４番地３ フードコート２F","source":"厚生労働省 食品衛生申請等システム（オープンデータ）"},"geometry":{"type":"Point","coordinates":[139.975315,35.697694]}},{"type":"Feature","properties":{"layer_id":"cafe_restaurant","name":"Gakkenほいくえん　西船橋","address":"千葉県船橋市二子町６１０","source":"厚生労働省 食品衛生申請等システム（オープンデータ）"},"geometry":{"type":"Point","coordinates":[139.948986,35.708719]}},{"type":"Feature","properties":{"layer_id":"cafe_restaurant","name":"日本料理　魚夢","address":"千葉県船橋市夏見６－２４－３","source":"厚生労働省 食品衛生申請等システム（オープンデータ）"},"geometry":{"type":"Point","coordinates":[139.997775,35.711739]}},{"type":"Feature","properties":{"layer_id":"cafe_restaurant","name":"PRONTO　ららテラスＴＯＫＹＯ－ＢＡＹ店","address":"千葉県船橋市若松２－２－１ ららテラスＴＯＫＹＯ－ＢＡＹ　２Ｆ　Ｄ２０３区画","source":"厚生労働省 食品衛生申請等システム（オープンデータ）"},"geometry":{"type":"Point","coordinates":[139.995541,35.681079]}},{"type":"Feature","properties":{"layer_id":"cafe_restaurant","name":"村さ来　船橋競馬場前店","address":"千葉県船橋市浜町１－４３－１１","source":"厚生労働省 食品衛生申請等システム（オープンデータ）"},"geometry":{"type":"Point","coordinates":[139.995129,35.688872]}},{"type":"Feature","properties":{"layer_id":"cafe_restaurant","name":"タンタワン","address":"千葉県船橋市咲が丘１－２－３","source":"厚生労働省 食品衛生申請等システム（オープンデータ）"},"geometry":{"type":"Point","coordinates":[140.01699,35.758013]}},{"type":"Feature","properties":{"layer_id":"cafe_restaurant","name":"ロイヤルホスト津田沼店","address":"千葉県船橋市前原西1-1-20","source":"厚生労働省 食品衛生申請等システム（オープンデータ）"},"geometry":{"type":"Point","coordinates":[140.00974,35.695673]}},{"type":"Feature","properties":{"layer_id":"cafe_restaurant","name":"天丼てんや　ペリエ西船橋店","address":"千葉県船橋市西船4丁目27番8号","source":"厚生労働省 食品衛生申請等システム（オープンデータ）"},"geometry":{"type":"Point","coordinates":[139.9589,35.70798]}},{"type":"Feature","properties":{"layer_id":"cafe_restaurant","name":"シェーキーズ　ららぽーとTOKYO-BAY店","address":"千葉県船橋市浜町２－１－１ ららぽーとTOKYO-BAY　南館３F","source":"厚生労働省 食品衛生申請等システム（オープンデータ）"},"geometry":{"type":"Point","coordinates":[139.989897,35.686306]}},{"type":"Feature","properties":{"layer_id":"cafe_restaurant","name":"てんや　下総中山店","address":"千葉県船橋市本中山2-16-1 プラザなかやま１Ｆ","source":"厚生労働省 食品衛生申請等システム（オープンデータ）"},"geometry":{"type":"Point","coordinates":[139.943658,35.714821]}},{"type":"Feature","properties":{"layer_id":"cafe_restaurant","name":"ファミリーマート日本大学理工学部／Ｓ店","address":"千葉県船橋市習志野台７－２４－１","source":"厚生労働省 食品衛生申請等システム（オープンデータ）"},"geometry":{"type":"Point","coordinates":[140.057595,35.723958]}},{"type":"Feature","properties":{"layer_id":"cafe_restaurant","name":"ちよだ鮨　ペリエ西船橋店","address":"千葉県船橋市西船４－２７－７ ＪＲ西船橋駅構内２Ｆ","source":"厚生労働省 食品衛生申請等システム（オープンデータ）"},"geometry":{"type":"Point","coordinates":[139.957699,35.707969]}},{"type":"Feature","properties":{"layer_id":"cafe_restaurant","name":"山田うどん　船橋米ケ崎店","address":"千葉県船橋市米ケ崎町５９７","source":"厚生労働省 食品衛生申請等システム（オープンデータ）"},"geometry":{"type":"Point","coordinates":[140.006232,35.712872]}},{"type":"Feature","properties":{"layer_id":"cafe_restaurant","name":"タコとハイボール船橋競馬場店","address":"千葉県船橋市宮本８－４２－４","source":"厚生労働省 食品衛生申請等システム（オープンデータ）"},"geometry":{"type":"Point","coordinates":[139.997292,35.68991]}},{"type":"Feature","properties":{"layer_id":"cafe_restaurant","name":"モスバーガー東船橋駅前店","address":"千葉県船橋市東船橋4-31-7","source":"厚生労働省 食品衛生申請等システム（オープンデータ）"},"geometry":{"type":"Point","coordinates":[140.00495,35.699429]}},{"type":"Feature","properties":{"layer_id":"cafe_restaurant","name":"モスバーガー船橋本町店","address":"千葉県船橋市本町3-33-6","source":"厚生労働省 食品衛生申請等システム（オープンデータ）"},"geometry":{"type":"Point","coordinates":[139.985659,35.696453]}},{"type":"Feature","properties":{"layer_id":"cafe_restaurant","name":"オ肉ヤ　ＹＯＳＨＩＭＩ　ららぽーとＴＯＫＹＯ－ＢＡＹ店","address":"千葉県船橋市浜町2丁目1番1号 ららぽーとＴＯＫＹＯ－ＢＡＹ　北館３階","source":"厚生労働省 食品衛生申請等システム（オープンデータ）"},"geometry":{"type":"Point","coordinates":[139.99124,35.686139]}},{"type":"Feature","properties":{"layer_id":"cafe_restaurant","name":"みずほ銀行津田沼支店　食堂","address":"千葉県船橋市前原西２－１４－８","source":"厚生労働省 食品衛生申請等システム（オープンデータ）"},"geometry":{"type":"Point","coordinates":[140.020578,35.69185]}},{"type":"Feature","properties":{"layer_id":"cafe_restaurant","name":"みずほ銀行　西船橋支店　食堂　２F","address":"千葉県船橋市西船４丁目１７番１２号","source":"厚生労働省 食品衛生申請等システム（オープンデータ）"},"geometry":{"type":"Point","coordinates":[139.958119,35.709843]}},{"type":"Feature","properties":{"layer_id":"cafe_restaurant","name":"蔵 6330","address":"千葉県船橋市高根町1781-2","source":"厚生労働省 食品衛生申請等システム（オープンデータ）"},"geometry":{"type":"Point","coordinates":[140.036734,35.731951]}},{"type":"Feature","properties":{"layer_id":"cafe_restaurant","name":"新鮮市場船橋馬込店","address":"千葉県船橋市馬込西1-5-25","source":"厚生労働省 食品衛生申請等システム（オープンデータ）"},"geometry":{"type":"Point","coordinates":[139.994798,35.742065]}},{"type":"Feature","properties":{"layer_id":"cafe_restaurant","name":"みさきの郷　食堂","address":"千葉県船橋市三咲４丁目２３番１５号","source":"厚生労働省 食品衛生申請等システム（オープンデータ）"},"geometry":{"type":"Point","coordinates":[140.039517,35.753925]}},{"type":"Feature","properties":{"layer_id":"cafe_restaurant","name":"日本大学理工学部船橋校舎ダビンチホール","address":"千葉県船橋市習志野台７丁目２４番１号","source":"厚生労働省 食品衛生申請等システム（オープンデータ）"},"geometry":{"type":"Point","coordinates":[140.056713,35.723813]}},{"type":"Feature","properties":{"layer_id":"cafe_restaurant","name":"株式会社北陸銀行　中山寮内食堂","address":"千葉県船橋市本中山２－５－５","source":"厚生労働省 食品衛生申請等システム（オープンデータ）"},"geometry":{"type":"Point","coordinates":[139.945389,35.713887]}},{"type":"Feature","properties":{"layer_id":"cafe_restaurant","name":"大絶賛美食居酒屋","address":"千葉県船橋市習志野台１－１－７－２０１","source":"厚生労働省 食品衛生申請等システム（オープンデータ）"},"geometry":{"type":"Point","coordinates":[140.034979,35.727561]}},{"type":"Feature","properties":{"layer_id":"cafe_restaurant","name":"特別養護老人ホーム　タムスさくらの杜　船橋","address":"千葉県船橋市上山町３－６７２－１","source":"厚生労働省 食品衛生申請等システム（オープンデータ）"},"geometry":{"type":"Point","coordinates":[139.991336,35.737524]}},{"type":"Feature","properties":{"layer_id":"cafe_restaurant","name":"大衆酒場　一平","address":"千葉県船橋市本町４－４２－４","source":"厚生労働省 食品衛生申請等システム（オープンデータ）"},"geometry":{"type":"Point","coordinates":[139.986507,35.699406]}},{"type":"Feature","properties":{"layer_id":"cafe_restaurant","name":"ローソン津田沼前原西三丁目店","address":"千葉県船橋市前原西３－９－２","source":"厚生労働省 食品衛生申請等システム（オープンデータ）"},"geometry":{"type":"Point","coordinates":[140.018331,35.696408]}},{"type":"Feature","properties":{"layer_id":"cafe_restaurant","name":"ローソン船橋芝山団地入口店","address":"千葉県船橋市飯山満町１－１８０－１","source":"厚生労働省 食品衛生申請等システム（オープンデータ）"},"geometry":{"type":"Point","coordinates":[140.008102,35.713235]}},{"type":"Feature","properties":{"layer_id":"cafe_restaurant","name":"ローソン　船橋芝山店","address":"千葉県船橋市芝山２－１－５","source":"厚生労働省 食品衛生申請等システム（オープンデータ）"},"geometry":{"type":"Point","coordinates":[140.016506,35.717862]}},{"type":"Feature","properties":{"layer_id":"cafe_restaurant","name":"ジョイフーズ　西船橋店","address":"千葉県船橋市西船2-28-15","source":"厚生労働省 食品衛生申請等システム（オープンデータ）"},"geometry":{"type":"Point","coordinates":[139.970804,35.715771]}},{"type":"Feature","properties":{"layer_id":"cafe_restaurant","name":"ジョイフーズ　西船橋店","address":"千葉県船橋市西船2-28-15","source":"厚生労働省 食品衛生申請等システム（オープンデータ）"},"geometry":{"type":"Point","coordinates":[139.970804,35.715771]}},{"type":"Feature","properties":{"layer_id":"cafe_restaurant","name":"ワイズ","address":"千葉県船橋市高根台１－７－８","source":"厚生労働省 食品衛生申請等システム（オープンデータ）"},"geometry":{"type":"Point","coordinates":[140.029493,35.730709]}},{"type":"Feature","properties":{"layer_id":"cafe_restaurant","name":"ふくろう珈琲","address":"千葉県船橋市行田１丁目４５番１７号 １A","source":"厚生労働省 食品衛生申請等システム（オープンデータ）"},"geometry":{"type":"Point","coordinates":[139.97942,35.721208]}},{"type":"Feature","properties":{"layer_id":"cafe_restaurant","name":"ふくろう珈琲Cafe 船橋市役所店","address":"千葉県船橋市湊町2丁目10番25号 地下１階　喫茶コーナー","source":"厚生労働省 食品衛生申請等システム（オープンデータ）"},"geometry":{"type":"Point","coordinates":[139.981813,35.694456]}},{"type":"Feature","properties":{"layer_id":"cafe_restaurant","name":"居酒屋　敏","address":"千葉県船橋市二和西６－１７－５","source":"厚生労働省 食品衛生申請等システム（オープンデータ）"},"geometry":{"type":"Point","coordinates":[140.018775,35.752849]}},{"type":"Feature","properties":{"layer_id":"cafe_restaurant","name":"東魁楼　本館","address":"千葉県船橋市本町4-36-17","source":"厚生労働省 食品衛生申請等システム（オープンデータ）"},"geometry":{"type":"Point","coordinates":[139.988334,35.697724]}},{"type":"Feature","properties":{"layer_id":"cafe_restaurant","name":"上海麻辣湯","address":"千葉県船橋市本町4丁目44番25号 ＴＫＲビル　１Ｆ","source":"厚生労働省 食品衛生申請等システム（オープンデータ）"},"geometry":{"type":"Point","coordinates":[139.986399,35.699883]}},{"type":"Feature","properties":{"layer_id":"cafe_restaurant","name":"ちゃんこ巴泻","address":"千葉県船橋市金杉８－１３－１６","source":"厚生労働省 食品衛生申請等システム（オープンデータ）"},"geometry":{"type":"Point","coordinates":[140.014183,35.732125]}},{"type":"Feature","properties":{"layer_id":"cafe_restaurant","name":"株式会社西友　北習志野店　惣菜","address":"千葉県船橋市習志野台2-49-1","source":"厚生労働省 食品衛生申請等システム（オープンデータ）"},"geometry":{"type":"Point","coordinates":[140.044605,35.722736]}},{"type":"Feature","properties":{"layer_id":"cafe_restaurant","name":"株式会社西友　新北習志野店","address":"千葉県船橋市習志野台1-35-1","source":"厚生労働省 食品衛生申請等システム（オープンデータ）"},"geometry":{"type":"Point","coordinates":[140.041077,35.723454]}},{"type":"Feature","properties":{"layer_id":"cafe_restaurant","name":"株式会社西友　薬円台店","address":"千葉県船橋市薬円台６－６－７","source":"厚生労働省 食品衛生申請等システム（オープンデータ）"},"geometry":{"type":"Point","coordinates":[140.037323,35.712929]}},{"type":"Feature","properties":{"layer_id":"cafe_restaurant","name":"株式会社西友　下総中山店","address":"千葉県船橋市本中山２丁目１７番２７号","source":"厚生労働省 食品衛生申請等システム（オープンデータ）"},"geometry":{"type":"Point","coordinates":[139.942312,35.714849]}},{"type":"Feature","properties":{"layer_id":"cafe_restaurant","name":"株式会社西友　薬円台店　すし","address":"千葉県船橋市薬円台６丁目６番７号","source":"厚生労働省 食品衛生申請等システム（オープンデータ）"},"geometry":{"type":"Point","coordinates":[140.037323,35.712929]}},{"type":"Feature","properties":{"layer_id":"cafe_restaurant","name":"セブン-イレブン京成ST高根公団店","address":"千葉県船橋市高根台１－６－１","source":"厚生労働省 食品衛生申請等システム（オープンデータ）"},"geometry":{"type":"Point","coordinates":[140.029925,35.730045]}},{"type":"Feature","properties":{"layer_id":"cafe_restaurant","name":"セブン-イレブン京成ST北習志野店","address":"千葉県船橋市習志野台3-1-1","source":"厚生労働省 食品衛生申請等システム（オープンデータ）"},"geometry":{"type":"Point","coordinates":[140.041933,35.721512]}},{"type":"Feature","properties":{"layer_id":"cafe_restaurant","name":"セブン-イレブン京成ST三咲店","address":"千葉県船橋市三咲2-2-1","source":"厚生労働省 食品衛生申請等システム（オープンデータ）"},"geometry":{"type":"Point","coordinates":[140.028894,35.748715]}},{"type":"Feature","properties":{"layer_id":"cafe_restaurant","name":"林家生鮮屋","address":"千葉県船橋市夏見１－１３－３２","source":"厚生労働省 食品衛生申請等システム（オープンデータ）"},"geometry":{"type":"Point","coordinates":[139.990376,35.706781]}},{"type":"Feature","properties":{"layer_id":"cafe_restaurant","name":"大森田","address":"千葉県船橋市本町２－２８－２３","source":"厚生労働省 食品衛生申請等システム（オープンデータ）"},"geometry":{"type":"Point","coordinates":[139.984025,35.697861]}},{"type":"Feature","properties":{"layer_id":"cafe_restaurant","name":"焼肉やまと　船橋本店","address":"千葉県船橋市夏見１－８－２８","source":"厚生労働省 食品衛生申請等システム（オープンデータ）"},"geometry":{"type":"Point","coordinates":[139.987614,35.706741]}},{"type":"Feature","properties":{"layer_id":"cafe_restaurant","name":"株式会社東武ストア　新船橋店","address":"千葉県船橋市山手３－７－１","source":"厚生労働省 食品衛生申請等システム（オープンデータ）"},"geometry":{"type":"Point","coordinates":[139.978114,35.71633]}},{"type":"Feature","properties":{"layer_id":"cafe_restaurant","name":"東武ストア新船橋店","address":"千葉県船橋市山手３－７－１","source":"厚生労働省 食品衛生申請等システム（オープンデータ）"},"geometry":{"type":"Point","coordinates":[139.978114,35.71633]}},{"type":"Feature","properties":{"layer_id":"cafe_restaurant","name":"株式会社東武ストア　船橋法典店","address":"千葉県船橋市藤原１－２７－１０","source":"厚生労働省 食品衛生申請等システム（オープンデータ）"},"geometry":{"type":"Point","coordinates":[139.965771,35.730679]}},{"type":"Feature","properties":{"layer_id":"cafe_restaurant","name":"株式会社東武ストア　船橋法典店","address":"千葉県船橋市藤原１－２７－１０","source":"厚生労働省 食品衛生申請等システム（オープンデータ）"},"geometry":{"type":"Point","coordinates":[139.965771,35.730679]}},{"type":"Feature","properties":{"layer_id":"cafe_restaurant","name":"合同製鐵船橋","address":"千葉県船橋市南海神２丁目２番１号","source":"厚生労働省 食品衛生申請等システム（オープンデータ）"},"geometry":{"type":"Point","coordinates":[139.96399,35.697548]}},{"type":"Feature","properties":{"layer_id":"cafe_restaurant","name":"吉鳥〇","address":"千葉県船橋市夏見１－４－２４","source":"厚生労働省 食品衛生申請等システム（オープンデータ）"},"geometry":{"type":"Point","coordinates":[139.98628,35.706762]}},{"type":"Feature","properties":{"layer_id":"cafe_restaurant","name":"百味園","address":"千葉県船橋市藤原７－２－２ ｌｕｚ １階","source":"厚生労働省 食品衛生申請等システム（オープンデータ）"},"geometry":{"type":"Point","coordinates":[139.991739,35.742283]}},{"type":"Feature","properties":{"layer_id":"cafe_restaurant","name":"マルヤス酒場","address":"千葉県船橋市本町1-32-15　1階","source":"厚生労働省 食品衛生申請等システム（オープンデータ）"},"geometry":{"type":"Point","coordinates":[139.983895,35.699022]}},{"type":"Feature","properties":{"layer_id":"cafe_restaurant","name":"タイムステーション","address":"千葉県船橋市本町4-31-20 エクセルビルⅡ202","source":"厚生労働省 食品衛生申請等システム（オープンデータ）"},"geometry":{"type":"Point","coordinates":[139.989467,35.69795]}},{"type":"Feature","properties":{"layer_id":"cafe_restaurant","name":"リトルマーメイドペリエ西船橋店","address":"千葉県船橋市西船４－２７－７ ＪＲ西船橋駅構内（南口）","source":"厚生労働省 食品衛生申請等システム（オープンデータ）"},"geometry":{"type":"Point","coordinates":[139.957699,35.707969]}},{"type":"Feature","properties":{"layer_id":"cafe_restaurant","name":"木曽路船橋北口店","address":"千葉県船橋市本町七丁目17番35号","source":"厚生労働省 食品衛生申請等システム（オープンデータ）"},"geometry":{"type":"Point","coordinates":[139.984976,35.705672]}},{"type":"Feature","properties":{"layer_id":"cafe_restaurant","name":"ディアーズキッチン　トリカラ．com","address":"千葉県船橋市習志野１－１３－１７","source":"厚生労働省 食品衛生申請等システム（オープンデータ）"},"geometry":{"type":"Point","coordinates":[140.057714,35.711869]}},{"type":"Feature","properties":{"layer_id":"cafe_restaurant","name":"スシロー船橋高根木戸店","address":"千葉県船橋市習志野台1-12-5","source":"厚生労働省 食品衛生申請等システム（オープンデータ）"},"geometry":{"type":"Point","coordinates":[140.037449,35.728304]}},{"type":"Feature","properties":{"layer_id":"cafe_restaurant","name":"スシロー船橋店","address":"千葉県船橋市宮本3-2-6","source":"厚生労働省 食品衛生申請等システム（オープンデータ）"},"geometry":{"type":"Point","coordinates":[139.992423,35.691947]}},{"type":"Feature","properties":{"layer_id":"cafe_restaurant","name":"ＭＩＵ","address":"千葉県船橋市習志野台４－１０－１０","source":"厚生労働省 食品衛生申請等システム（オープンデータ）"},"geometry":{"type":"Point","coordinates":[140.044787,35.717205]}},{"type":"Feature","properties":{"layer_id":"cafe_restaurant","name":"ドミノピザ馬込沢店","address":"千葉県船橋市藤原７－３５－２１","source":"厚生労働省 食品衛生申請等システム（オープンデータ）"},"geometry":{"type":"Point","coordinates":[139.986991,35.739568]}},{"type":"Feature","properties":{"layer_id":"cafe_restaurant","name":"ベネッセパレット　ここち船橋夏見","address":"千葉県船橋市夏見1丁目17番27号","source":"厚生労働省 食品衛生申請等システム（オープンデータ）"},"geometry":{"type":"Point","coordinates":[139.992039,35.70783]}},{"type":"Feature","properties":{"layer_id":"cafe_restaurant","name":"鎌倉ベーカリー　新船橋店","address":"千葉県船橋市北本町1丁目19番50号 イオンタウン内1F","source":"厚生労働省 食品衛生申請等システム（オープンデータ）"},"geometry":{"type":"Point","coordinates":[139.981984,35.711055]}},{"type":"Feature","properties":{"layer_id":"cafe_restaurant","name":"安楽亭　薬円台店","address":"千葉県船橋市薬円台１－２０－８","source":"厚生労働省 食品衛生申請等システム（オープンデータ）"},"geometry":{"type":"Point","coordinates":[140.043934,35.709903]}},{"type":"Feature","properties":{"layer_id":"cafe_restaurant","name":"いもーれ","address":"千葉県船橋市大穴町636番地2","source":"厚生労働省 食品衛生申請等システム（オープンデータ）"},"geometry":{"type":"Point","coordinates":[140.033224,35.738157]}},{"type":"Feature","properties":{"layer_id":"cafe_restaurant","name":"Ｉｎｄｉａｎ　Ｒｅｓｔａｕｒａｎｔ　Ｂｈａｉｒａｂ　Ｓａｍｏｓａ","address":"千葉県船橋市薬円台５－３２－９　１Ｆ","source":"厚生労働省 食品衛生申請等システム（オープンデータ）"},"geometry":{"type":"Point","coordinates":[140.043496,35.71477]}},{"type":"Feature","properties":{"layer_id":"cafe_restaurant","name":"花束（ブーケ）","address":"千葉県船橋市丸山１－１８－１５","source":"厚生労働省 食品衛生申請等システム（オープンデータ）"},"geometry":{"type":"Point","coordinates":[139.990409,35.743954]}},{"type":"Feature","properties":{"layer_id":"cafe_restaurant","name":"はま寿司　船橋海神店","address":"千葉県船橋市海神町西1丁目1206番地1","source":"厚生労働省 食品衛生申請等システム（オープンデータ）"},"geometry":{"type":"Point","coordinates":[139.966453,35.702886]}},{"type":"Feature","properties":{"layer_id":"cafe_restaurant","name":"はま寿司　船橋咲が丘店","address":"千葉県船橋市咲が丘２－１９－１０","source":"厚生労働省 食品衛生申請等システム（オープンデータ）"},"geometry":{"type":"Point","coordinates":[140.020329,35.757158]}},{"type":"Feature","properties":{"layer_id":"cafe_restaurant","name":"はま寿司　南船橋店","address":"千葉県船橋市若松1丁目2番10号","source":"厚生労働省 食品衛生申請等システム（オープンデータ）"},"geometry":{"type":"Point","coordinates":[139.994481,35.686885]}},{"type":"Feature","properties":{"layer_id":"cafe_restaurant","name":"町田商店　南船橋店","address":"千葉県船橋市浜町1-41-10 第3土井ビル 1F","source":"厚生労働省 食品衛生申請等システム（オープンデータ）"},"geometry":{"type":"Point","coordinates":[139.994417,35.687879]}},{"type":"Feature","properties":{"layer_id":"cafe_restaurant","name":"こだわりもん一家　津田沼店","address":"千葉県船橋市前原西2丁目14番1号 ダイヤパレス津田沼１F","source":"厚生労働省 食品衛生申請等システム（オープンデータ）"},"geometry":{"type":"Point","coordinates":[140.02065,35.692168]}},{"type":"Feature","properties":{"layer_id":"cafe_restaurant","name":"寿司トおでん　にのや　船橋店","address":"千葉県船橋市本町4丁目16番35号 第4シンエイビル2F","source":"厚生労働省 食品衛生申請等システム（オープンデータ）"},"geometry":{"type":"Point","coordinates":[139.987204,35.700534]}},{"type":"Feature","properties":{"layer_id":"cafe_restaurant","name":"こだわりもん一家　西船橋店","address":"千葉県船橋市西船4丁目24番4号 東和ビル別館","source":"厚生労働省 食品衛生申請等システム（オープンデータ）"},"geometry":{"type":"Point","coordinates":[139.95918,35.708541]}},{"type":"Feature","properties":{"layer_id":"cafe_restaurant","name":"屋台屋　博多劇場　津田沼店","address":"千葉県船橋市前原西2丁目13番26号 ソフィア・コート津田沼1F","source":"厚生労働省 食品衛生申請等システム（オープンデータ）"},"geometry":{"type":"Point","coordinates":[140.021191,35.692976]}},{"type":"Feature","properties":{"layer_id":"cafe_restaurant","name":"屋台屋　博多劇場　船橋店","address":"千葉県船橋市本町1-32-3 本町1丁目ビル2F","source":"厚生労働省 食品衛生申請等システム（オープンデータ）"},"geometry":{"type":"Point","coordinates":[139.984747,35.700124]}},{"type":"Feature","properties":{"layer_id":"cafe_restaurant","name":"寿司トおでん　にのや西船橋店","address":"千葉県船橋市印内町564-8 サウスサイドビル1階","source":"厚生労働省 食品衛生申請等システム（オープンデータ）"},"geometry":{"type":"Point","coordinates":[139.960369,35.706334]}},{"type":"Feature","properties":{"layer_id":"cafe_restaurant","name":"屋台屋　博多劇場　西船橋店","address":"千葉県船橋市印内町564-8 サウスサイドビル1階","source":"厚生労働省 食品衛生申請等システム（オープンデータ）"},"geometry":{"type":"Point","coordinates":[139.960369,35.706334]}},{"type":"Feature","properties":{"layer_id":"cafe_restaurant","name":"あんこのやまか　エポカ高根台店","address":"千葉県船橋市高根台１－２－１ １階１１９区画","source":"厚生労働省 食品衛生申請等システム（オープンデータ）"},"geometry":{"type":"Point","coordinates":[140.031118,35.730438]}},{"type":"Feature","properties":{"layer_id":"cafe_restaurant","name":"上海点心　八饅宴","address":"千葉県船橋市本町４－４５－１３ セブン本町四番館Ｂ","source":"厚生労働省 食品衛生申請等システム（オープンデータ）"},"geometry":{"type":"Point","coordinates":[139.986831,35.700486]}},{"type":"Feature","properties":{"layer_id":"cafe_restaurant","name":"CLUB B","address":"千葉県船橋市本町４－３－５ 大西園ビル５階","source":"厚生労働省 食品衛生申請等システム（オープンデータ）"},"geometry":{"type":"Point","coordinates":[139.986631,35.700802]}},{"type":"Feature","properties":{"layer_id":"cafe_restaurant","name":"グリルアンドステーキ　ＨＡＧＡＮＥＹＡ","address":"千葉県船橋市芝山６－６２－９ カーサプロバンス１０２","source":"厚生労働省 食品衛生申請等システム（オープンデータ）"},"geometry":{"type":"Point","coordinates":[140.029691,35.726044]}},{"type":"Feature","properties":{"layer_id":"cafe_restaurant","name":"さかなや道場・焼肉だんらん炎　西船橋南口店","address":"千葉県船橋市印内町６０３番地１ 田中ビル１Ｆ","source":"厚生労働省 食品衛生申請等システム（オープンデータ）"},"geometry":{"type":"Point","coordinates":[139.95852,35.706194]}},{"type":"Feature","properties":{"layer_id":"cafe_restaurant","name":"セブンーイレブン船橋行田町北店","address":"千葉県船橋市行田町５０－１９","source":"厚生労働省 食品衛生申請等システム（オープンデータ）"},"geometry":{"type":"Point","coordinates":[139.972529,35.724582]}},{"type":"Feature","properties":{"layer_id":"cafe_restaurant","name":"セブン－イレブン　船橋清水弁天店","address":"千葉県船橋市宮本１－８－１","source":"厚生労働省 食品衛生申請等システム（オープンデータ）"},"geometry":{"type":"Point","coordinates":[139.991902,35.699826]}},{"type":"Feature","properties":{"layer_id":"cafe_restaurant","name":"ケンタッキーフライドチキン　船橋駅前店","address":"千葉県船橋市本町４－４５－２２","source":"厚生労働省 食品衛生申請等システム（オープンデータ）"},"geometry":{"type":"Point","coordinates":[139.986336,35.700167]}},{"type":"Feature","properties":{"layer_id":"cafe_restaurant","name":"ケンタッキーフライドチキン　船橋芝山店","address":"千葉県船橋市芝山4-1","source":"厚生労働省 食品衛生申請等システム（オープンデータ）"},"geometry":{"type":"Point","coordinates":[140.020128,35.720393]}},{"type":"Feature","properties":{"layer_id":"cafe_restaurant","name":"ケンタッキーフライドチキン　イオンモール船橋店","address":"千葉県船橋市山手1－1－8","source":"厚生労働省 食品衛生申請等システム（オープンデータ）"},"geometry":{"type":"Point","coordinates":[139.978715,35.711455]}},{"type":"Feature","properties":{"layer_id":"cafe_restaurant","name":"麻雀カボ","address":"千葉県船橋市本町４‐３‐２０ モリウチビル５Ｆ","source":"厚生労働省 食品衛生申請等システム（オープンデータ）"},"geometry":{"type":"Point","coordinates":[139.986271,35.70058]}},{"type":"Feature","properties":{"layer_id":"cafe_restaurant","name":"大衆酒場ちばチャン　西船橋北口店","address":"千葉県船橋市西船４－２９－１７ ルーラル５番館１F","source":"厚生労働省 食品衛生申請等システム（オープンデータ）"},"geometry":{"type":"Point","coordinates":[139.960491,35.708327]}},{"type":"Feature","properties":{"layer_id":"cafe_restaurant","name":"ラーメン魁力屋　習志野台店","address":"千葉県船橋市習志野１丁目１０−３","source":"厚生労働省 食品衛生申請等システム（オープンデータ）"},"geometry":{"type":"Point","coordinates":[140.054366,35.712409]}},{"type":"Feature","properties":{"layer_id":"cafe_restaurant","name":"魚べい　船橋海神店","address":"千葉県船橋市海神町三丁目124番地3 コーナン京葉船橋インター店 2階","source":"厚生労働省 食品衛生申請等システム（オープンデータ）"},"geometry":{"type":"Point","coordinates":[139.97541,35.698621]}},{"type":"Feature","properties":{"layer_id":"cafe_restaurant","name":"Ａｒｃ","address":"千葉県船橋市本町２－１１－２２－２Ｆ","source":"厚生労働省 食品衛生申請等システム（オープンデータ）"},"geometry":{"type":"Point","coordinates":[139.981821,35.697343]}},{"type":"Feature","properties":{"layer_id":"cafe_restaurant","name":"築地銀だこ　船橋ドライブイン","address":"千葉県船橋市藤原７－３４－４０","source":"厚生労働省 食品衛生申請等システム（オープンデータ）"},"geometry":{"type":"Point","coordinates":[139.98738,35.739748]}},{"type":"Feature","properties":{"layer_id":"cafe_restaurant","name":"EHMカフェバー","address":"千葉県船橋市前原西２－２１－１８セブンビル４Ｆ","source":"厚生労働省 食品衛生申請等システム（オープンデータ）"},"geometry":{"type":"Point","coordinates":[140.023046,35.692985]}},{"type":"Feature","properties":{"layer_id":"cafe_restaurant","name":"株式会社　紀文食品　船橋工場","address":"千葉県船橋市高瀬町44番地","source":"厚生労働省 食品衛生申請等システム（オープンデータ）"},"geometry":{"type":"Point","coordinates":[139.994191,35.673298]}},{"type":"Feature","properties":{"layer_id":"cafe_restaurant","name":"エビス下総中山総本店","address":"千葉県船橋市本中山２－２２－９","source":"厚生労働省 食品衛生申請等システム（オープンデータ）"},"geometry":{"type":"Point","coordinates":[139.942592,35.715164]}},{"type":"Feature","properties":{"layer_id":"cafe_restaurant","name":"ファミリーマート船橋習志野台二丁目店","address":"千葉県船橋市習志野台２－７１－１５","source":"厚生労働省 食品衛生申請等システム（オープンデータ）"},"geometry":{"type":"Point","coordinates":[140.047606,35.723581]}},{"type":"Feature","properties":{"layer_id":"cafe_restaurant","name":"ファミリーマート　船橋駿河台店","address":"千葉県船橋市駿河台2-9-30","source":"厚生労働省 食品衛生申請等システム（オープンデータ）"},"geometry":{"type":"Point","coordinates":[140.010329,35.706833]}},{"type":"Feature","properties":{"layer_id":"cafe_restaurant","name":"ファミリーマート　船橋駅東店","address":"千葉県船橋市本町5丁目1-4","source":"厚生労働省 食品衛生申請等システム（オープンデータ）"},"geometry":{"type":"Point","coordinates":[139.986998,35.701614]}},{"type":"Feature","properties":{"layer_id":"cafe_restaurant","name":"京葉銀行　二和向台支店","address":"千葉県船橋市二和東６－１６－３","source":"厚生労働省 食品衛生申請等システム（オープンデータ）"},"geometry":{"type":"Point","coordinates":[140.022615,35.748187]}},{"type":"Feature","properties":{"layer_id":"cafe_restaurant","name":"京葉銀行　船橋支店","address":"千葉県船橋市本町4-34-12","source":"厚生労働省 食品衛生申請等システム（オープンデータ）"},"geometry":{"type":"Point","coordinates":[139.989857,35.697324]}},{"type":"Feature","properties":{"layer_id":"cafe_restaurant","name":"m56530","address":"千葉県船橋市東船橋5丁目17番10号 ひまわり船橋　御内　厨房シダックス店","source":"厚生労働省 食品衛生申請等システム（オープンデータ）"},"geometry":{"type":"Point","coordinates":[140.005332,35.69175]}},{"type":"Feature","properties":{"layer_id":"cafe_restaurant","name":"学校法人ひなぎく学園　ひなぎく幼稚園","address":"千葉県船橋市海神４丁目29-10","source":"厚生労働省 食品衛生申請等システム（オープンデータ）"},"geometry":{"type":"Point","coordinates":[139.973106,35.711284]}},{"type":"Feature","properties":{"layer_id":"cafe_restaurant","name":"大金星　船橋店","address":"千葉県船橋市本町4丁目43番10号","source":"厚生労働省 食品衛生申請等システム（オープンデータ）"},"geometry":{"type":"Point","coordinates":[139.987422,35.698934]}},{"type":"Feature","properties":{"layer_id":"cafe_restaurant","name":"和幸下総中山売店","address":"千葉県船橋市本中山２－１０－１０","source":"厚生労働省 食品衛生申請等システム（オープンデータ）"},"geometry":{"type":"Point","coordinates":[139.94339,35.71437]}},{"type":"Feature","properties":{"layer_id":"cafe_restaurant","name":"和幸船橋売店","address":"千葉県船橋市本町７－１－１ シャポー船橋内１Ｆ","source":"厚生労働省 食品衛生申請等システム（オープンデータ）"},"geometry":{"type":"Point","coordinates":[139.986591,35.701433]}},{"type":"Feature","properties":{"layer_id":"cafe_restaurant","name":"いっきゅう　離れ","address":"千葉県船橋市本町５－６－１９ オアシス本町２F","source":"厚生労働省 食品衛生申請等システム（オープンデータ）"},"geometry":{"type":"Point","coordinates":[139.986916,35.702289]}},{"type":"Feature","properties":{"layer_id":"cafe_restaurant","name":"一九　庵","address":"千葉県船橋市西船４丁目２１番５号 平野ビル２F","source":"厚生労働省 食品衛生申請等システム（オープンデータ）"},"geometry":{"type":"Point","coordinates":[139.95845,35.708905]}},{"type":"Feature","properties":{"layer_id":"cafe_restaurant","name":"五右衛門茶屋 高根台店","address":"千葉県船橋市高根台1-2-1 エポカ高根台１階","source":"厚生労働省 食品衛生申請等システム（オープンデータ）"},"geometry":{"type":"Point","coordinates":[140.031118,35.730438]}},{"type":"Feature","properties":{"layer_id":"cafe_restaurant","name":"船橋魂心家","address":"千葉県船橋市本町３－３６－３４ 石井ビル１階","source":"厚生労働省 食品衛生申請等システム（オープンデータ）"},"geometry":{"type":"Point","coordinates":[139.985762,35.697115]}},{"type":"Feature","properties":{"layer_id":"cafe_restaurant","name":"肉と米　新高根店","address":"千葉県船橋市新高根6丁目9番16号","source":"厚生労働省 食品衛生申請等システム（オープンデータ）"},"geometry":{"type":"Point","coordinates":[140.0251,35.723643]}},{"type":"Feature","properties":{"layer_id":"cafe_restaurant","name":"大衆酒場ちばチャン　船橋店","address":"千葉県船橋市本町1丁目32番3号 本町1丁目ビル3階","source":"厚生労働省 食品衛生申請等システム（オープンデータ）"},"geometry":{"type":"Point","coordinates":[139.984747,35.700124]}},{"type":"Feature","properties":{"layer_id":"cafe_restaurant","name":"大衆酒場ちばチャン　津田沼店","address":"千葉県船橋市前原西2丁目15番16号 SAKAIビル1階","source":"厚生労働省 食品衛生申請等システム（オープンデータ）"},"geometry":{"type":"Point","coordinates":[140.02069,35.692746]}},{"type":"Feature","properties":{"layer_id":"cafe_restaurant","name":"（株）ヤマイチ　船橋店","address":"千葉県船橋市本町４丁目３８番２８号","source":"厚生労働省 食品衛生申請等システム（オープンデータ）"},"geometry":{"type":"Point","coordinates":[139.987217,35.698001]}},{"type":"Feature","properties":{"layer_id":"cafe_restaurant","name":"（株）ヤマイチ　船橋店","address":"千葉県船橋市本町４－３８－２８","source":"厚生労働省 食品衛生申請等システム（オープンデータ）"},"geometry":{"type":"Point","coordinates":[139.987217,35.698001]}},{"type":"Feature","properties":{"layer_id":"cafe_restaurant","name":"業務スーパー　原木中山店","address":"千葉県船橋市本中山７－７－２２","source":"厚生労働省 食品衛生申請等システム（オープンデータ）"},"geometry":{"type":"Point","coordinates":[139.942424,35.703939]}},{"type":"Feature","properties":{"layer_id":"cafe_restaurant","name":"J.S. BURGERS Jr.ららぽーとTOKYＯ－BAY","address":"千葉県船橋市浜町2丁目1番1号 ららぽーとTOKYＯ－BAY　北館3階","source":"厚生労働省 食品衛生申請等システム（オープンデータ）"},"geometry":{"type":"Point","coordinates":[139.99124,35.686139]}},{"type":"Feature","properties":{"layer_id":"cafe_restaurant","name":"海亀","address":"千葉県船橋市前原西2-32-10-2F","source":"厚生労働省 食品衛生申請等システム（オープンデータ）"},"geometry":{"type":"Point","coordinates":[140.023201,35.694211]}},{"type":"Feature","properties":{"layer_id":"cafe_restaurant","name":"ファミリーマート船橋日大前駅店","address":"千葉県船橋市坪井東３－８－３","source":"厚生労働省 食品衛生申請等システム（オープンデータ）"},"geometry":{"type":"Point","coordinates":[140.061167,35.728055]}},{"type":"Feature","properties":{"layer_id":"cafe_restaurant","name":"特別養護老人ホーム　アグリ・ケアホームいこいの森","address":"千葉県船橋市大神保町７００－５","source":"厚生労働省 食品衛生申請等システム（オープンデータ）"},"geometry":{"type":"Point","coordinates":[140.055444,35.769881]}},{"type":"Feature","properties":{"layer_id":"cafe_restaurant","name":"ゆすら梅","address":"千葉県船橋市本中山３－１４－９","source":"厚生労働省 食品衛生申請等システム（オープンデータ）"},"geometry":{"type":"Point","coordinates":[139.943258,35.713584]}},{"type":"Feature","properties":{"layer_id":"cafe_restaurant","name":"ＫＯＲＥＡＮ　ＤＩＮＩＮＧ　ゆん","address":"千葉県船橋市前原西２－２－１","source":"厚生労働省 食品衛生申請等システム（オープンデータ）"},"geometry":{"type":"Point","coordinates":[140.018534,35.693943]}},{"type":"Feature","properties":{"layer_id":"cafe_restaurant","name":"ブッフェザフォレストららぽーとＴＯＫＹＯ－ＢＡＹ店","address":"千葉県船橋市浜町2丁目1番1号 ららぽーとＴＯＫＹＯ-ＢＡＹ　南館3Ｆ","source":"厚生労働省 食品衛生申請等システム（オープンデータ）"},"geometry":{"type":"Point","coordinates":[139.987769,35.687317]}},{"type":"Feature","properties":{"layer_id":"cafe_restaurant","name":"生活協同組合コープみらい　コープ薬円台店　(焼き魚室)","address":"千葉県船橋市薬円台5-19-1","source":"厚生労働省 食品衛生申請等システム（オープンデータ）"},"geometry":{"type":"Point","coordinates":[140.040023,35.70975]}},{"type":"Feature","properties":{"layer_id":"cafe_restaurant","name":"検量食堂","address":"千葉県船橋市古作1丁目1番1号 中山競馬場内","source":"厚生労働省 食品衛生申請等システム（オープンデータ）"},"geometry":{"type":"Point","coordinates":[139.964586,35.724885]}},{"type":"Feature","properties":{"layer_id":"cafe_restaurant","name":"魚力","address":"千葉県船橋市本町７－１－１ 東武百貨店船橋店　地下１階","source":"厚生労働省 食品衛生申請等システム（オープンデータ）"},"geometry":{"type":"Point","coordinates":[139.986561,35.701433]}},{"type":"Feature","properties":{"layer_id":"cafe_restaurant","name":"吉光","address":"千葉県船橋市本町６－４－２３－１０１","source":"厚生労働省 食品衛生申請等システム（オープンデータ）"},"geometry":{"type":"Point","coordinates":[139.986817,35.704148]}},{"type":"Feature","properties":{"layer_id":"cafe_restaurant","name":"サイゼリヤ下総中山店","address":"千葉県船橋市本中山2-8-19","source":"厚生労働省 食品衛生申請等システム（オープンデータ）"},"geometry":{"type":"Point","coordinates":[139.946049,35.715313]}},{"type":"Feature","properties":{"layer_id":"cafe_restaurant","name":"サイゼリヤ　マルエツ　東習志野店","address":"千葉県船橋市習志野５－２－１","source":"厚生労働省 食品衛生申請等システム（オープンデータ）"},"geometry":{"type":"Point","coordinates":[140.060152,35.699973]}},{"type":"Feature","properties":{"layer_id":"cafe_restaurant","name":"サイゼリヤ　ららぽーと南館１階店","address":"千葉県船橋市浜町２－１－１ ららぽーとＴＯＫＹＯ－ＢＡＹ南館１階","source":"厚生労働省 食品衛生申請等システム（オープンデータ）"},"geometry":{"type":"Point","coordinates":[139.987769,35.687317]}},{"type":"Feature","properties":{"layer_id":"cafe_restaurant","name":"サイゼリヤ　船橋駅南口店","address":"千葉県船橋市本町４－４１－２５ 共栄ビル１Ｆ","source":"厚生労働省 食品衛生申請等システム（オープンデータ）"},"geometry":{"type":"Point","coordinates":[139.986324,35.698824]}},{"type":"Feature","properties":{"layer_id":"cafe_restaurant","name":"焼肉ホルモンそらかぜ","address":"千葉県船橋市三山７－１２－４","source":"厚生労働省 食品衛生申請等システム（オープンデータ）"},"geometry":{"type":"Point","coordinates":[140.055129,35.697032]}},{"type":"Feature","properties":{"layer_id":"cafe_restaurant","name":"焼肉ホルモン　そらかぜ","address":"千葉県船橋市三山７－１２－４","source":"厚生労働省 食品衛生申請等システム（オープンデータ）"},"geometry":{"type":"Point","coordinates":[140.055129,35.697032]}},{"type":"Feature","properties":{"layer_id":"cafe_restaurant","name":"Ｖａｉｂｓ","address":"千葉県船橋市前原西2-13-8 クリスタル津田沼ビル2F","source":"厚生労働省 食品衛生申請等システム（オープンデータ）"},"geometry":{"type":"Point","coordinates":[140.021883,35.692988]}},{"type":"Feature","properties":{"layer_id":"cafe_restaurant","name":"角上魚類　船橋店　すし","address":"千葉県船橋市本町7-1-1シャポー船橋　1階","source":"厚生労働省 食品衛生申請等システム（オープンデータ）"},"geometry":{"type":"Point","coordinates":[139.985994,35.701586]}},{"type":"Feature","properties":{"layer_id":"cafe_restaurant","name":"角上魚類　船橋店　そうざい","address":"千葉県船橋市本町7-1-1シャポー船橋　1階","source":"厚生労働省 食品衛生申請等システム（オープンデータ）"},"geometry":{"type":"Point","coordinates":[139.985994,35.701586]}},{"type":"Feature","properties":{"layer_id":"cafe_restaurant","name":"Ｅｇｇｓ’ｎ　Ｔｈｉｎｇｓ　ららぽーとＴＯＫＹＯ－ＢＡＹ店","address":"千葉県船橋市浜町2丁目1番1号","source":"厚生労働省 食品衛生申請等システム（オープンデータ）"},"geometry":{"type":"Point","coordinates":[139.989817,35.679301]}},{"type":"Feature","properties":{"layer_id":"cafe_restaurant","name":"コレもう食べた？ペリエ西船橋店","address":"千葉県船橋市西船4丁目27番7号 西船橋駅構内「ペリエ西船橋」","source":"厚生労働省 食品衛生申請等システム（オープンデータ）"},"geometry":{"type":"Point","coordinates":[139.959321,35.707735]}},{"type":"Feature","properties":{"layer_id":"cafe_restaurant","name":"ＣＬＵＢ　ＲＯＹＣＥ","address":"千葉県船橋市本町４－３－２０ モリウチビル６階西側","source":"厚生労働省 食品衛生申請等システム（オープンデータ）"},"geometry":{"type":"Point","coordinates":[139.986271,35.70058]}},{"type":"Feature","properties":{"layer_id":"cafe_restaurant","name":"ラ・メゾンアンソレイユターブル","address":"千葉県船橋市本町７－１－１ シャポー船橋本館１Ｆ","source":"厚生労働省 食品衛生申請等システム（オープンデータ）"},"geometry":{"type":"Point","coordinates":[139.986591,35.701433]}},{"type":"Feature","properties":{"layer_id":"cafe_restaurant","name":"ラ・メゾンアンソレイユターブル　ららぽーとTOKYO-BAY店","address":"千葉県船橋市浜町２丁目１番1号 南館　３F","source":"厚生労働省 食品衛生申請等システム（オープンデータ）"},"geometry":{"type":"Point","coordinates":[139.987769,35.687317]}},{"type":"Feature","properties":{"layer_id":"cafe_restaurant","name":"桂林","address":"千葉県船橋市本町7丁目1番1号 東武百貨店　８Ｆ屋上","source":"厚生労働省 食品衛生申請等システム（オープンデータ）"},"geometry":{"type":"Point","coordinates":[139.986561,35.701433]}},{"type":"Feature","properties":{"layer_id":"cafe_restaurant","name":"ＡＳＯＢＩＢＡＲ　ＰＬＥＡＳＵＲＥ","address":"千葉県船橋市本町４－５－２８ 正栄ビル４階","source":"厚生労働省 食品衛生申請等システム（オープンデータ）"},"geometry":{"type":"Point","coordinates":[139.987042,35.701423]}},{"type":"Feature","properties":{"layer_id":"cafe_restaurant","name":"デイリーヤマザキふなばし三番瀬店","address":"千葉県船橋市潮見町１８－７","source":"厚生労働省 食品衛生申請等システム（オープンデータ）"},"geometry":{"type":"Point","coordinates":[139.969959,35.673971]}},{"type":"Feature","properties":{"layer_id":"cafe_restaurant","name":"株式会社　海翔","address":"千葉県船橋市栄町１－２３－１３","source":"厚生労働省 食品衛生申請等システム（オープンデータ）"},"geometry":{"type":"Point","coordinates":[139.973725,35.690829]}},{"type":"Feature","properties":{"layer_id":"cafe_restaurant","name":"セブン－イレブン船橋海神１丁目店","address":"千葉県船橋市海神１－８－７","source":"厚生労働省 食品衛生申請等システム（オープンデータ）"},"geometry":{"type":"Point","coordinates":[139.980535,35.700005]}},{"type":"Feature","properties":{"layer_id":"cafe_restaurant","name":"セブン－イレブン船橋二和東店","address":"千葉県船橋市二和東２－５－５","source":"厚生労働省 食品衛生申請等システム（オープンデータ）"},"geometry":{"type":"Point","coordinates":[140.023656,35.745622]}},{"type":"Feature","properties":{"layer_id":"cafe_restaurant","name":"焼肉　さぶちゃん","address":"千葉県船橋市西船４－２１－１３　１F","source":"厚生労働省 食品衛生申請等システム（オープンデータ）"},"geometry":{"type":"Point","coordinates":[139.958423,35.70934]}},{"type":"Feature","properties":{"layer_id":"cafe_restaurant","name":"セブンイレブン　飯山満駅前店","address":"千葉県船橋市芝山3-12-5","source":"厚生労働省 食品衛生申請等システム（オープンデータ）"},"geometry":{"type":"Point","coordinates":[140.022079,35.714564]}},{"type":"Feature","properties":{"layer_id":"cafe_restaurant","name":"鼎泰豊　シャポー船橋店","address":"千葉県船橋市本町７－１－１ シャポー船橋南館３－１","source":"厚生労働省 食品衛生申請等システム（オープンデータ）"},"geometry":{"type":"Point","coordinates":[139.986561,35.701433]}},{"type":"Feature","properties":{"layer_id":"cafe_restaurant","name":"CAFE DULCET","address":"千葉県船橋市西船4丁目27番7号 ペリエ西船橋　3階","source":"厚生労働省 食品衛生申請等システム（オープンデータ）"},"geometry":{"type":"Point","coordinates":[139.957699,35.707969]}},{"type":"Feature","properties":{"layer_id":"cafe_restaurant","name":"ファミリーマート馬込沢駅店","address":"千葉県船橋市藤原７－２－１","source":"厚生労働省 食品衛生申請等システム（オープンデータ）"},"geometry":{"type":"Point","coordinates":[139.992433,35.741678]}},{"type":"Feature","properties":{"layer_id":"cafe_restaurant","name":"椿屋カフェ　船橋フェイス店","address":"千葉県船橋市本町1-3-1 船橋FACE3階","source":"厚生労働省 食品衛生申請等システム（オープンデータ）"},"geometry":{"type":"Point","coordinates":[139.985488,35.700725]}},{"type":"Feature","properties":{"layer_id":"cafe_restaurant","name":"井筒まい泉株式会社　とんかつ　まい泉　船橋東武店","address":"千葉県船橋市本町７－１－１ 東武百貨店Ｂ１","source":"厚生労働省 食品衛生申請等システム（オープンデータ）"},"geometry":{"type":"Point","coordinates":[139.986561,35.701433]}},{"type":"Feature","properties":{"layer_id":"cafe_restaurant","name":"ローソン船橋本町四丁目南店","address":"千葉県船橋市本町４－４３－４","source":"厚生労働省 食品衛生申請等システム（オープンデータ）"},"geometry":{"type":"Point","coordinates":[139.987337,35.699408]}},{"type":"Feature","properties":{"layer_id":"cafe_restaurant","name":"田久保食堂","address":"千葉県船橋市市場１－８－１","source":"厚生労働省 食品衛生申請等システム（オープンデータ）"},"geometry":{"type":"Point","coordinates":[139.994733,35.703948]}},{"type":"Feature","properties":{"layer_id":"cafe_restaurant","name":"紅茶のお店Vine&Shrub","address":"千葉県船橋市高根台3-3-4 東SC H-6","source":"厚生労働省 食品衛生申請等システム（オープンデータ）"},"geometry":{"type":"Point","coordinates":[140.040669,35.731754]}},{"type":"Feature","properties":{"layer_id":"cafe_restaurant","name":"厚生水産　船橋東武店","address":"千葉県船橋市本町7丁目1-1 船橋東武百貨店内　Ｂ２　Ｎｏ．７","source":"厚生労働省 食品衛生申請等システム（オープンデータ）"},"geometry":{"type":"Point","coordinates":[139.98447,35.702449]}},{"type":"Feature","properties":{"layer_id":"cafe_restaurant","name":"鶏山劇場　ららぽーとＴＯＫＹＯ－ＢＡＹ店","address":"千葉県船橋市浜町2丁目1-1 ららぽーとTOKYOーBAY　北館３階","source":"厚生労働省 食品衛生申請等システム（オープンデータ）"},"geometry":{"type":"Point","coordinates":[139.99124,35.686139]}},{"type":"Feature","properties":{"layer_id":"cafe_restaurant","name":"串カツ田中　船橋店","address":"千葉県船橋市本町5-1-5","source":"厚生労働省 食品衛生申請等システム（オープンデータ）"},"geometry":{"type":"Point","coordinates":[139.987529,35.701813]}},{"type":"Feature","properties":{"layer_id":"cafe_restaurant","name":"はな膳　夏見店","address":"千葉県船橋市夏見3-561-1","source":"厚生労働省 食品衛生申請等システム（オープンデータ）"},"geometry":{"type":"Point","coordinates":[139.98605,35.713524]}},{"type":"Feature","properties":{"layer_id":"cafe_restaurant","name":"はな膳　三咲店","address":"千葉県船橋市二和東４－６－１","source":"厚生労働省 食品衛生申請等システム（オープンデータ）"},"geometry":{"type":"Point","coordinates":[140.022615,35.748187]}},{"type":"Feature","properties":{"layer_id":"cafe_restaurant","name":"めちゃッ餃子　餃飯軒船橋駅南口店","address":"千葉県船橋市本町４－４－１ 喜久水ビル１階","source":"厚生労働省 食品衛生申請等システム（オープンデータ）"},"geometry":{"type":"Point","coordinates":[139.987106,35.700879]}},{"type":"Feature","properties":{"layer_id":"cafe_restaurant","name":"めちゃッ！餃子　餃飯軒　新高根店","address":"千葉県船橋市新高根６－１９－１７","source":"厚生労働省 食品衛生申請等システム（オープンデータ）"},"geometry":{"type":"Point","coordinates":[140.025854,35.723953]}},{"type":"Feature","properties":{"layer_id":"cafe_restaurant","name":"ローソン船橋インター店","address":"千葉県船橋市海神町南１－１５５９－１","source":"厚生労働省 食品衛生申請等システム（オープンデータ）"},"geometry":{"type":"Point","coordinates":[139.971625,35.699935]}},{"type":"Feature","properties":{"layer_id":"cafe_restaurant","name":"マクドナルド　下総中山駅前店","address":"千葉県船橋市本中山２－１６－１","source":"厚生労働省 食品衛生申請等システム（オープンデータ）"},"geometry":{"type":"Point","coordinates":[139.943658,35.714821]}},{"type":"Feature","properties":{"layer_id":"cafe_restaurant","name":"松屋　西船橋店","address":"千葉県船橋市西船4丁目25番3号","source":"厚生労働省 食品衛生申請等システム（オープンデータ）"},"geometry":{"type":"Point","coordinates":[139.959527,35.708549]}},{"type":"Feature","properties":{"layer_id":"cafe_restaurant","name":"松屋　東船橋店","address":"千葉県船橋市東船橋5丁目15番11号","source":"厚生労働省 食品衛生申請等システム（オープンデータ）"},"geometry":{"type":"Point","coordinates":[140.005713,35.691642]}},{"type":"Feature","properties":{"layer_id":"cafe_restaurant","name":"松軒中華食堂　下総中山店","address":"千葉県船橋市本中山2丁目15番10号","source":"厚生労働省 食品衛生申請等システム（オープンデータ）"},"geometry":{"type":"Point","coordinates":[139.94378,35.715242]}},{"type":"Feature","properties":{"layer_id":"cafe_restaurant","name":"松屋　北習志野店","address":"千葉県船橋市習志野台2丁目6番1号 小林ビル","source":"厚生労働省 食品衛生申請等システム（オープンデータ）"},"geometry":{"type":"Point","coordinates":[140.042867,35.722136]}},{"type":"Feature","properties":{"layer_id":"cafe_restaurant","name":"松のや　西船橋店","address":"千葉県船橋市西船4-23-8","source":"厚生労働省 食品衛生申請等システム（オープンデータ）"},"geometry":{"type":"Point","coordinates":[139.958845,35.708901]}},{"type":"Feature","properties":{"layer_id":"cafe_restaurant","name":"松屋　船橋北口店","address":"千葉県船橋市本町6丁目6番4号","source":"厚生労働省 食品衛生申請等システム（オープンデータ）"},"geometry":{"type":"Point","coordinates":[139.985592,35.704341]}},{"type":"Feature","properties":{"layer_id":"cafe_restaurant","name":"松屋・松のや　下総中山店","address":"千葉県船橋市本中山2-17-35 下総中山メディカルブリッジ","source":"厚生労働省 食品衛生申請等システム（オープンデータ）"},"geometry":{"type":"Point","coordinates":[139.942683,35.714845]}},{"type":"Feature","properties":{"layer_id":"cafe_restaurant","name":"松屋　西船橋南店","address":"千葉県船橋市本郷町666番地3 リバーサイド本郷　1F","source":"厚生労働省 食品衛生申請等システム（オープンデータ）"},"geometry":{"type":"Point","coordinates":[139.95209,35.707909]}},{"type":"Feature","properties":{"layer_id":"cafe_restaurant","name":"松屋・松のや　船橋芝山店","address":"千葉県船橋市飯山満町1-1402-2","source":"厚生労働省 食品衛生申請等システム（オープンデータ）"},"geometry":{"type":"Point","coordinates":[140.01559,35.717111]}},{"type":"Feature","properties":{"layer_id":"cafe_restaurant","name":"松屋　船橋南口店","address":"千葉県船橋市本町1丁目3番1号 フェイスビル1F　0108区画","source":"厚生労働省 食品衛生申請等システム（オープンデータ）"},"geometry":{"type":"Point","coordinates":[139.985488,35.700725]}},{"type":"Feature","properties":{"layer_id":"cafe_restaurant","name":"やきもの本舗鯛あん吉日　船橋習志野店","address":"千葉県船橋市習志野４－１２－４０","source":"厚生労働省 食品衛生申請等システム（オープンデータ）"},"geometry":{"type":"Point","coordinates":[140.062581,35.70727]}},{"type":"Feature","properties":{"layer_id":"cafe_restaurant","name":"樹の上の秘密基地ついてる","address":"千葉県船橋市西船4-24-3 小河原ビル2F202","source":"厚生労働省 食品衛生申請等システム（オープンデータ）"},"geometry":{"type":"Point","coordinates":[139.959318,35.708698]}},{"type":"Feature","properties":{"layer_id":"cafe_restaurant","name":"新井屋","address":"千葉県船橋市宮本２－９－７","source":"厚生労働省 食品衛生申請等システム（オープンデータ）"},"geometry":{"type":"Point","coordinates":[139.99163,35.69417]}},{"type":"Feature","properties":{"layer_id":"cafe_restaurant","name":"カラオケ　モコモコ　習志野台店","address":"千葉県船橋市習志野台４－７５－１８","source":"厚生労働省 食品衛生申請等システム（オープンデータ）"},"geometry":{"type":"Point","coordinates":[140.051607,35.712129]}},{"type":"Feature","properties":{"layer_id":"cafe_restaurant","name":"笑店／和の音／四季の旅","address":"千葉県船橋市本町４－５－２５ 船橋本町ビル３・４階","source":"厚生労働省 食品衛生申請等システム（オープンデータ）"},"geometry":{"type":"Point","coordinates":[139.98719,35.701133]}},{"type":"Feature","properties":{"layer_id":"cafe_restaurant","name":"すし処　心和","address":"千葉県船橋市本町2-25-16 YKビル1F","source":"厚生労働省 食品衛生申請等システム（オープンデータ）"},"geometry":{"type":"Point","coordinates":[139.982773,35.698144]}},{"type":"Feature","properties":{"layer_id":"cafe_restaurant","name":"拉麺いさりび","address":"千葉県船橋市本町7-5-4 ワールドビル102","source":"厚生労働省 食品衛生申請等システム（オープンデータ）"},"geometry":{"type":"Point","coordinates":[139.983394,35.702703]}},{"type":"Feature","properties":{"layer_id":"cafe_restaurant","name":"すき家　馬込沢駅前店","address":"千葉県船橋市藤原7丁目2番2号","source":"厚生労働省 食品衛生申請等システム（オープンデータ）"},"geometry":{"type":"Point","coordinates":[139.991661,35.742342]}},{"type":"Feature","properties":{"layer_id":"cafe_restaurant","name":"すき家　船橋市場店","address":"千葉県船橋市市場5丁目1番19号","source":"厚生労働省 食品衛生申請等システム（オープンデータ）"},"geometry":{"type":"Point","coordinates":[139.999017,35.704902]}},{"type":"Feature","properties":{"layer_id":"cafe_restaurant","name":"すき家　船橋日大前店","address":"千葉県船橋市坪井東1丁目2番38号","source":"厚生労働省 食品衛生申請等システム（オープンデータ）"},"geometry":{"type":"Point","coordinates":[140.059759,35.727596]}},{"type":"Feature","properties":{"layer_id":"cafe_restaurant","name":"すき家　船橋夏見台店","address":"千葉県船橋市夏見台5丁目9番1号","source":"厚生労働省 食品衛生申請等システム（オープンデータ）"},"geometry":{"type":"Point","coordinates":[139.993979,35.728603]}},{"type":"Feature","properties":{"layer_id":"cafe_restaurant","name":"すき家　船橋三咲店","address":"千葉県船橋市三咲4-19-1","source":"厚生労働省 食品衛生申請等システム（オープンデータ）"},"geometry":{"type":"Point","coordinates":[140.036492,35.752617]}},{"type":"Feature","properties":{"layer_id":"cafe_restaurant","name":"梨香園","address":"千葉県船橋市車方町５４３番地 ケアハウスヴィラ梨香園","source":"厚生労働省 食品衛生申請等システム（オープンデータ）"},"geometry":{"type":"Point","coordinates":[140.077243,35.77422]}},{"type":"Feature","properties":{"layer_id":"cafe_restaurant","name":"お肉の専門店スギモト東武百貨店船橋店","address":"千葉県船橋市本町７－１－１ 東武百貨店船橋店Ｂ１","source":"厚生労働省 食品衛生申請等システム（オープンデータ）"},"geometry":{"type":"Point","coordinates":[139.98447,35.702449]}},{"type":"Feature","properties":{"layer_id":"cafe_restaurant","name":"お肉の専門店スギモト東武百貨店船橋店","address":"千葉県船橋市本町７－１－１ 東武百貨店船橋店Ｂ２","source":"厚生労働省 食品衛生申請等システム（オープンデータ）"},"geometry":{"type":"Point","coordinates":[139.98447,35.702449]}},{"type":"Feature","properties":{"layer_id":"cafe_restaurant","name":"アサヒブロイラー","address":"千葉県船橋市本町7丁目1-1 東武百貨店　８Ｆ屋上","source":"厚生労働省 食品衛生申請等システム（オープンデータ）"},"geometry":{"type":"Point","coordinates":[139.986561,35.701433]}},{"type":"Feature","properties":{"layer_id":"cafe_restaurant","name":"ファミリーマート習志野駐屯地店","address":"千葉県船橋市薬円台３－２０－１ 習志野駐屯地厚生センター内","source":"厚生労働省 食品衛生申請等システム（オープンデータ）"},"geometry":{"type":"Point","coordinates":[140.051213,35.710138]}},{"type":"Feature","properties":{"layer_id":"cafe_restaurant","name":"ファミリーマート下総中山駅南口店","address":"千葉県船橋市本中山3-14-20","source":"厚生労働省 食品衛生申請等システム（オープンデータ）"},"geometry":{"type":"Point","coordinates":[139.943342,35.713989]}},{"type":"Feature","properties":{"layer_id":"cafe_restaurant","name":"ＷＩＮＥ　ＢＡＲ　ＮＩＮＯＮＩ","address":"千葉県船橋市本町4-44-11 京成船橋高橋ビル2F","source":"厚生労働省 食品衛生申請等システム（オープンデータ）"},"geometry":{"type":"Point","coordinates":[139.987032,35.700386]}},{"type":"Feature","properties":{"layer_id":"cafe_restaurant","name":"ＴＨＥ　ＢＥＥＦ　ＣＬＵＢ","address":"千葉県船橋市本町4-44-11 京成船橋高橋ビル3F","source":"厚生労働省 食品衛生申請等システム（オープンデータ）"},"geometry":{"type":"Point","coordinates":[139.987038,35.700319]}},{"type":"Feature","properties":{"layer_id":"cafe_restaurant","name":"すきっぷマート","address":"千葉県船橋市小室町3060-2","source":"厚生労働省 食品衛生申請等システム（オープンデータ）"},"geometry":{"type":"Point","coordinates":[140.071002,35.793302]}},{"type":"Feature","properties":{"layer_id":"cafe_restaurant","name":"エームＳＪ　０１３４","address":"千葉県船橋市日の出２－２０－２","source":"厚生労働省 食品衛生申請等システム（オープンデータ）"},"geometry":{"type":"Point","coordinates":[139.98356,35.685875]}},{"type":"Feature","properties":{"layer_id":"cafe_restaurant","name":"Ｄｉｎｉｎｇ　Ｂａｒ　ＫｕｒｏＥ","address":"千葉県船橋市前原西２－８－７ ダイワティアラ津田沼Ｖ　１Ｆ","source":"厚生労働省 食品衛生申請等システム（オープンデータ）"},"geometry":{"type":"Point","coordinates":[140.019588,35.692303]}},{"type":"Feature","properties":{"layer_id":"cafe_restaurant","name":"農産物直売所　ふなっこ畑","address":"千葉県船橋市行田３－７－１","source":"厚生労働省 食品衛生申請等システム（オープンデータ）"},"geometry":{"type":"Point","coordinates":[139.970796,35.720522]}},{"type":"Feature","properties":{"layer_id":"cafe_restaurant","name":"ＣＯＦＦＥＥ　ａｎｄ　ＢＥＥＲ　ＴＨＥ　ＯＦＦＣＯＵＲＴ","address":"千葉県船橋市本町５－１－１７ 百万弗アネックスビル１Ｆ","source":"厚生労働省 食品衛生申請等システム（オープンデータ）"},"geometry":{"type":"Point","coordinates":[139.98745,35.70177]}},{"type":"Feature","properties":{"layer_id":"cafe_restaurant","name":"炉端のしん歩","address":"千葉県船橋市本町4-18-33 LEO伍拾九番館101","source":"厚生労働省 食品衛生申請等システム（オープンデータ）"},"geometry":{"type":"Point","coordinates":[139.98747,35.699738]}},{"type":"Feature","properties":{"layer_id":"cafe_restaurant","name":"コメダ珈琲店　船橋芝山店","address":"千葉県船橋市芝山４－１７－４","source":"厚生労働省 食品衛生申請等システム（オープンデータ）"},"geometry":{"type":"Point","coordinates":[140.021294,35.721578]}},{"type":"Feature","properties":{"layer_id":"cafe_restaurant","name":"株式会社　大富","address":"千葉県船橋市海神１－８－９","source":"厚生労働省 食品衛生申請等システム（オープンデータ）"},"geometry":{"type":"Point","coordinates":[139.980378,35.700362]}},{"type":"Feature","properties":{"layer_id":"cafe_restaurant","name":"ピッツェリア　コンパーレ　コマーレ","address":"千葉県船橋市湊町２－５－１９","source":"厚生労働省 食品衛生申請等システム（オープンデータ）"},"geometry":{"type":"Point","coordinates":[139.982561,35.696365]}},{"type":"Feature","properties":{"layer_id":"cafe_restaurant","name":"sweets biyori","address":"千葉県船橋市浜町ニ丁目1番1号 ららぽーとTOKYO−BAY2棟1F1Y41-1号室","source":"厚生労働省 食品衛生申請等システム（オープンデータ）"},"geometry":{"type":"Point","coordinates":[139.989817,35.679301]}},{"type":"Feature","properties":{"layer_id":"cafe_restaurant","name":"リトル・バンコク","address":"千葉県船橋市習志野台５丁目４番１７号","source":"厚生労働省 食品衛生申請等システム（オープンデータ）"},"geometry":{"type":"Point","coordinates":[140.053294,35.717814]}},{"type":"Feature","properties":{"layer_id":"cafe_restaurant","name":"バーガーキング船橋店","address":"千葉県船橋市本町３－１－１ 柏屋ビル１階","source":"厚生労働省 食品衛生申請等システム（オープンデータ）"},"geometry":{"type":"Point","coordinates":[139.985948,35.697887]}},{"type":"Feature","properties":{"layer_id":"cafe_restaurant","name":"三桂北習志野店","address":"千葉県船橋市習志野台２－７２－１４ 進光ビル１階　１０７号室","source":"厚生労働省 食品衛生申請等システム（オープンデータ）"},"geometry":{"type":"Point","coordinates":[140.04903,35.723985]}},{"type":"Feature","properties":{"layer_id":"cafe_restaurant","name":"デイリーヤマザキ船橋日大前店","address":"千葉県船橋市坪井東１丁目１番１号","source":"厚生労働省 食品衛生申請等システム（オープンデータ）"},"geometry":{"type":"Point","coordinates":[140.059614,35.726853]}},{"type":"Feature","properties":{"layer_id":"cafe_restaurant","name":"デイリーヤマザキ東船橋駅北口店","address":"千葉県船橋市東船橋３丁目４番１号","source":"厚生労働省 食品衛生申請等システム（オープンデータ）"},"geometry":{"type":"Point","coordinates":[140.005179,35.700088]}},{"type":"Feature","properties":{"layer_id":"cafe_restaurant","name":"つぼ八　津田沼店","address":"千葉県船橋市前原西２－１３－１５ 津田沼ニイクラビル２Ｆ","source":"厚生労働省 食品衛生申請等システム（オープンデータ）"},"geometry":{"type":"Point","coordinates":[140.021552,35.692554]}},{"type":"Feature","properties":{"layer_id":"cafe_restaurant","name":"株式会社イトーヨーカ堂船橋店","address":"千葉県船橋市本町７－６－１","source":"厚生労働省 食品衛生申請等システム（オープンデータ）"},"geometry":{"type":"Point","coordinates":[139.984366,35.703297]}},{"type":"Feature","properties":{"layer_id":"cafe_restaurant","name":"淡路島バーガー　船橋店","address":"千葉県船橋市本町4-18-33 LEO伍拾九番館101","source":"厚生労働省 食品衛生申請等システム（オープンデータ）"},"geometry":{"type":"Point","coordinates":[139.987641,35.699774]}},{"type":"Feature","properties":{"layer_id":"cafe_restaurant","name":"パスタ・デ・スマイル","address":"千葉県船橋市本町７－１－１ 東武百貨店船橋店　Ｂ１Ｆ食品売場","source":"厚生労働省 食品衛生申請等システム（オープンデータ）"},"geometry":{"type":"Point","coordinates":[139.986561,35.701433]}},{"type":"Feature","properties":{"layer_id":"cafe_restaurant","name":"Ｂａｒ－Ｍａｌｕ－Ｍａｌｕ","address":"千葉県船橋市本町２－１０－２９ イトウビル１Ｆ","source":"厚生労働省 食品衛生申請等システム（オープンデータ）"},"geometry":{"type":"Point","coordinates":[139.982402,35.697736]}},{"type":"Feature","properties":{"layer_id":"cafe_restaurant","name":"GOGOカフェ＆バー","address":"千葉県船橋市藤原5丁目12番57号","source":"厚生労働省 食品衛生申請等システム（オープンデータ）"},"geometry":{"type":"Point","coordinates":[139.979797,35.74193]}},{"type":"Feature","properties":{"layer_id":"cafe_restaurant","name":"パスタ屋一丁目　ららぽーとTOKYO-BAY店","address":"千葉県船橋市浜町2-1-1 ららぽーとTOKYO-BAY　北館３階","source":"厚生労働省 食品衛生申請等システム（オープンデータ）"},"geometry":{"type":"Point","coordinates":[139.99124,35.686139]}},{"type":"Feature","properties":{"layer_id":"cafe_restaurant","name":"HUB津田沼店","address":"千葉県船橋市前原西2-14-8 津田沼パスタビル2階","source":"厚生労働省 食品衛生申請等システム（オープンデータ）"},"geometry":{"type":"Point","coordinates":[140.020578,35.69185]}},{"type":"Feature","properties":{"layer_id":"cafe_restaurant","name":"ＨＵＢ船橋店","address":"千葉県船橋市本町４丁目４番５０号","source":"厚生労働省 食品衛生申請等システム（オープンデータ）"},"geometry":{"type":"Point","coordinates":[139.987127,35.700708]}},{"type":"Feature","properties":{"layer_id":"cafe_restaurant","name":"かつ庵　船橋若松店","address":"千葉県船橋市若松1丁目2-11","source":"厚生労働省 食品衛生申請等システム（オープンデータ）"},"geometry":{"type":"Point","coordinates":[139.99442,35.687152]}},{"type":"Feature","properties":{"layer_id":"cafe_restaurant","name":"フレッシュネスバーガー　船橋店","address":"千葉県船橋市本町7丁目10-2 ユニマットガーデンスクエア１F","source":"厚生労働省 食品衛生申請等システム（オープンデータ）"},"geometry":{"type":"Point","coordinates":[139.983521,35.70378]}},{"type":"Feature","properties":{"layer_id":"cafe_restaurant","name":"カレーハウス　ＣｏＣｏ壱番屋　船橋湊町店","address":"千葉県船橋市湊町２－１－２２ 第一ヤノビル１Ｆ","source":"厚生労働省 食品衛生申請等システム（オープンデータ）"},"geometry":{"type":"Point","coordinates":[139.984234,35.695733]}},{"type":"Feature","properties":{"layer_id":"cafe_restaurant","name":"サイゼリヤ船橋海神店","address":"千葉県船橋市海神５－２０－１","source":"厚生労働省 食品衛生申請等システム（オープンデータ）"},"geometry":{"type":"Point","coordinates":[139.969245,35.709709]}},{"type":"Feature","properties":{"layer_id":"cafe_restaurant","name":"セブンーイレブン　船橋海神２丁目店","address":"千葉県船橋市海神２－１４－１ アロー東海神３７番館１階","source":"厚生労働省 食品衛生申請等システム（オープンデータ）"},"geometry":{"type":"Point","coordinates":[139.981762,35.704839]}},{"type":"Feature","properties":{"layer_id":"cafe_restaurant","name":"とんかつ　勝味","address":"千葉県船橋市大穴南５－２３－１","source":"厚生労働省 食品衛生申請等システム（オープンデータ）"},"geometry":{"type":"Point","coordinates":[140.035911,35.734445]}},{"type":"Feature","properties":{"layer_id":"cafe_restaurant","name":"旬彩　栄久保","address":"千葉県船橋市西船４－２０－１３ シンエイビル１０２","source":"厚生労働省 食品衛生申請等システム（オープンデータ）"},"geometry":{"type":"Point","coordinates":[139.958207,35.708736]}},{"type":"Feature","properties":{"layer_id":"cafe_restaurant","name":"Rubia","address":"千葉県船橋市西船４－１８－１４ 西船スカイマンション１０１","source":"厚生労働省 食品衛生申請等システム（オープンデータ）"},"geometry":{"type":"Point","coordinates":[139.95768,35.709697]}},{"type":"Feature","properties":{"layer_id":"cafe_restaurant","name":"Skillet","address":"千葉県船橋市西船４‐１５‐１ ラ・リュミエール１０２","source":"厚生労働省 食品衛生申請等システム（オープンデータ）"},"geometry":{"type":"Point","coordinates":[139.959592,35.711192]}},{"type":"Feature","properties":{"layer_id":"cafe_restaurant","name":"中華料理　東京餃子軒","address":"千葉県船橋市本町１－４－１８ ＴＫビル１Ｆ","source":"厚生労働省 食品衛生申請等システム（オープンデータ）"},"geometry":{"type":"Point","coordinates":[139.984789,35.700443]}},{"type":"Feature","properties":{"layer_id":"cafe_restaurant","name":"磯丸水産西船橋店","address":"千葉県船橋市西船４丁目２３番７号高田園ビル一階二階","source":"厚生労働省 食品衛生申請等システム（オープンデータ）"},"geometry":{"type":"Point","coordinates":[139.958902,35.708733]}},{"type":"Feature","properties":{"layer_id":"cafe_restaurant","name":"ベストライフ船橋薬園台","address":"千葉県船橋市滝台２丁目１−１","source":"厚生労働省 食品衛生申請等システム（オープンデータ）"},"geometry":{"type":"Point","coordinates":[140.036652,35.708866]}},{"type":"Feature","properties":{"layer_id":"cafe_restaurant","name":"マクドナルド北習志野駅店","address":"千葉県船橋市習志野台2丁目1番6号２F","source":"厚生労働省 食品衛生申請等システム（オープンデータ）"},"geometry":{"type":"Point","coordinates":[140.04227,35.721857]}},{"type":"Feature","properties":{"layer_id":"cafe_restaurant","name":"マクドナルド薬円台店","address":"千葉県船橋市薬円台5丁目20番11号","source":"厚生労働省 食品衛生申請等システム（オープンデータ）"},"geometry":{"type":"Point","coordinates":[140.04033,35.709382]}},{"type":"Feature","properties":{"layer_id":"cafe_restaurant","name":"マクドナルド　西船橋北口店","address":"千葉県船橋市西船4丁目23-５","source":"厚生労働省 食品衛生申請等システム（オープンデータ）"},"geometry":{"type":"Point","coordinates":[139.958947,35.70858]}},{"type":"Feature","properties":{"layer_id":"cafe_restaurant","name":"元祖からあげ本舗　マルカ商店　船橋駅前店","address":"千葉県船橋市本町4丁目41番19号 セントラルビル103号室","source":"厚生労働省 食品衛生申請等システム（オープンデータ）"},"geometry":{"type":"Point","coordinates":[139.98609,35.698269]}},{"type":"Feature","properties":{"layer_id":"cafe_restaurant","name":"中華料理　味香","address":"千葉県船橋市習志野５－６－５０","source":"厚生労働省 食品衛生申請等システム（オープンデータ）"},"geometry":{"type":"Point","coordinates":[140.061309,35.697183]}},{"type":"Feature","properties":{"layer_id":"cafe_restaurant","name":"福のから 津田沼店","address":"千葉県船橋市前原西2-21-15 浦浜ビル1F","source":"厚生労働省 食品衛生申請等システム（オープンデータ）"},"geometry":{"type":"Point","coordinates":[140.021023,35.693731]}},{"type":"Feature","properties":{"layer_id":"cafe_restaurant","name":"回し寿司活シャポー船橋店","address":"千葉県船橋市本町7丁目1番1号 シャポー船橋南館４F","source":"厚生労働省 食品衛生申請等システム（オープンデータ）"},"geometry":{"type":"Point","coordinates":[139.986591,35.701433]}},{"type":"Feature","properties":{"layer_id":"cafe_restaurant","name":"船橋応援酒場","address":"千葉県船橋市本町１－３－１ 船橋フェイスＢ１","source":"厚生労働省 食品衛生申請等システム（オープンデータ）"},"geometry":{"type":"Point","coordinates":[139.985488,35.700725]}},{"type":"Feature","properties":{"layer_id":"cafe_restaurant","name":"BANH MI NGON NGON","address":"千葉県船橋市本町４－４－１２ グラシア船橋本町１０１","source":"厚生労働省 食品衛生申請等システム（オープンデータ）"},"geometry":{"type":"Point","coordinates":[139.988247,35.701127]}},{"type":"Feature","properties":{"layer_id":"cafe_restaurant","name":"浩美","address":"千葉県船橋市高根台7-9-23","source":"厚生労働省 食品衛生申請等システム（オープンデータ）"},"geometry":{"type":"Point","coordinates":[140.029343,35.729347]}},{"type":"Feature","properties":{"layer_id":"cafe_restaurant","name":"ラーメン横綱千葉ニュータウン店","address":"千葉県船橋市小室町3112番地","source":"厚生労働省 食品衛生申請等システム（オープンデータ）"},"geometry":{"type":"Point","coordinates":[140.069004,35.789891]}},{"type":"Feature","properties":{"layer_id":"cafe_restaurant","name":"お酒の美術館　船橋塚田店","address":"千葉県船橋市行田1-50-21 ロイヤルパークス船橋","source":"厚生労働省 食品衛生申請等システム（オープンデータ）"},"geometry":{"type":"Point","coordinates":[139.979637,35.72017]}},{"type":"Feature","properties":{"layer_id":"cafe_restaurant","name":"セブン-イレブン船橋若松１丁目店","address":"千葉県船橋市若松１－２－６","source":"厚生労働省 食品衛生申請等システム（オープンデータ）"},"geometry":{"type":"Point","coordinates":[139.993242,35.685043]}},{"type":"Feature","properties":{"layer_id":"cafe_restaurant","name":"ゆで太郎　船橋南口店","address":"千葉県船橋市本町1丁目10番11号","source":"厚生労働省 食品衛生申請等システム（オープンデータ）"},"geometry":{"type":"Point","coordinates":[139.984667,35.698619]}},{"type":"Feature","properties":{"layer_id":"cafe_restaurant","name":"焼肉　鈴木せいざえもん　囲炉裏","address":"千葉県船橋市丸山４－８－１","source":"厚生労働省 食品衛生申請等システム（オープンデータ）"},"geometry":{"type":"Point","coordinates":[139.994575,35.748755]}},{"type":"Feature","properties":{"layer_id":"cafe_restaurant","name":"ファミリーマート小室駅前店","address":"千葉県船橋市小室町３３２１","source":"厚生労働省 食品衛生申請等システム（オープンデータ）"},"geometry":{"type":"Point","coordinates":[140.075477,35.787529]}},{"type":"Feature","properties":{"layer_id":"cafe_restaurant","name":"（有）丸惣　（丸よし）","address":"千葉県船橋市夏見台４－７－１１","source":"厚生労働省 食品衛生申請等システム（オープンデータ）"},"geometry":{"type":"Point","coordinates":[139.990669,35.713683]}},{"type":"Feature","properties":{"layer_id":"cafe_restaurant","name":"セブンイレブン東船橋2丁目店","address":"千葉県船橋市東船橋２－１０－１２","source":"厚生労働省 食品衛生申請等システム（オープンデータ）"},"geometry":{"type":"Point","coordinates":[140.004487,35.701207]}},{"type":"Feature","properties":{"layer_id":"cafe_restaurant","name":"セブンーイレブン船橋薬円台二丁目店","address":"千葉県船橋市薬円台２－５－５０","source":"厚生労働省 食品衛生申請等システム（オープンデータ）"},"geometry":{"type":"Point","coordinates":[140.047466,35.708121]}},{"type":"Feature","properties":{"layer_id":"cafe_restaurant","name":"セブンイレブン船橋高根台店","address":"千葉県船橋市高根台6丁目41－1","source":"厚生労働省 食品衛生申請等システム（オープンデータ）"},"geometry":{"type":"Point","coordinates":[140.036895,35.728635]}},{"type":"Feature","properties":{"layer_id":"cafe_restaurant","name":"セブンイレブン船橋松が丘4丁目店","address":"千葉県船橋市松が丘4丁目５８－１","source":"厚生労働省 食品衛生申請等システム（オープンデータ）"},"geometry":{"type":"Point","coordinates":[140.046262,35.729643]}},{"type":"Feature","properties":{"layer_id":"cafe_restaurant","name":"セブンーイレブン船橋駅南口店","address":"千葉県船橋市本町4-2-20","source":"厚生労働省 食品衛生申請等システム（オープンデータ）"},"geometry":{"type":"Point","coordinates":[139.98623,35.701002]}},{"type":"Feature","properties":{"layer_id":"cafe_restaurant","name":"セブンーイレブン船橋本中山2丁目店","address":"千葉県船橋市本中山２－１７－３","source":"厚生労働省 食品衛生申請等システム（オープンデータ）"},"geometry":{"type":"Point","coordinates":[139.945115,35.713523]}},{"type":"Feature","properties":{"layer_id":"cafe_restaurant","name":"セブンイレブン船橋日の出2丁目店","address":"千葉県船橋市日の出2-14-5","source":"厚生労働省 食品衛生申請等システム（オープンデータ）"},"geometry":{"type":"Point","coordinates":[139.979169,35.685751]}},{"type":"Feature","properties":{"layer_id":"cafe_restaurant","name":"セブンイレブン習志野台8丁目店","address":"千葉県船橋市習志野台８丁目１１－１７","source":"厚生労働省 食品衛生申請等システム（オープンデータ）"},"geometry":{"type":"Point","coordinates":[140.059568,35.715078]}},{"type":"Feature","properties":{"layer_id":"cafe_restaurant","name":"セブン－イレブン船橋飯山満町２丁目店","address":"千葉県船橋市飯山満町２－６２１－０５１０","source":"厚生労働省 食品衛生申請等システム（オープンデータ）"},"geometry":{"type":"Point","coordinates":[140.024375,35.708571]}},{"type":"Feature","properties":{"layer_id":"cafe_restaurant","name":"ローソンストア１００東船橋駅北口店","address":"千葉県船橋市東船橋２－７－１９","source":"厚生労働省 食品衛生申請等システム（オープンデータ）"},"geometry":{"type":"Point","coordinates":[140.050444,35.718665]}},{"type":"Feature","properties":{"layer_id":"cafe_restaurant","name":"れいこ","address":"千葉県船橋市本町４－３７－６","source":"厚生労働省 食品衛生申請等システム（オープンデータ）"},"geometry":{"type":"Point","coordinates":[139.988053,35.698176]}},{"type":"Feature","properties":{"layer_id":"cafe_restaurant","name":"セブン－イレブン東船橋５丁目店","address":"千葉県船橋市東船橋５－２３－８","source":"厚生労働省 食品衛生申請等システム（オープンデータ）"},"geometry":{"type":"Point","coordinates":[140.050444,35.718665]}},{"type":"Feature","properties":{"layer_id":"cafe_restaurant","name":"セブンイレブン船橋二和東６丁目店","address":"千葉県船橋市二和東６－２－５","source":"厚生労働省 食品衛生申請等システム（オープンデータ）"},"geometry":{"type":"Point","coordinates":[140.019599,35.756824]}},{"type":"Feature","properties":{"layer_id":"cafe_restaurant","name":"セブンーイレブン船橋坪井町店","address":"千葉県船橋市坪井東３－１３－１８","source":"厚生労働省 食品衛生申請等システム（オープンデータ）"},"geometry":{"type":"Point","coordinates":[140.060527,35.729214]}},{"type":"Feature","properties":{"layer_id":"cafe_restaurant","name":"GiGOのたい焼きららぽーとTOKYO-BAY","address":"千葉県船橋市浜町2-1-1 ららぽーとTOKYO-BAY西館3F　W3020区画","source":"厚生労働省 食品衛生申請等システム（オープンデータ）"},"geometry":{"type":"Point","coordinates":[139.987769,35.687317]}},{"type":"Feature","properties":{"layer_id":"cafe_restaurant","name":"セブン―イレブン三山店","address":"千葉県船橋市三山４－１２－６","source":"厚生労働省 食品衛生申請等システム（オープンデータ）"},"geometry":{"type":"Point","coordinates":[140.049642,35.701911]}},{"type":"Feature","properties":{"layer_id":"cafe_restaurant","name":"東大門","address":"千葉県船橋市本町４－３８－２２","source":"厚生労働省 食品衛生申請等システム（オープンデータ）"},"geometry":{"type":"Point","coordinates":[139.987299,35.698138]}},{"type":"Feature","properties":{"layer_id":"cafe_restaurant","name":"アオザイレストラン","address":"千葉県船橋市西船４－１６－１ 幸伸ビル2F","source":"厚生労働省 食品衛生申請等システム（オープンデータ）"},"geometry":{"type":"Point","coordinates":[139.959036,35.71053]}},{"type":"Feature","properties":{"layer_id":"cafe_restaurant","name":"活魚料理　日炉勢","address":"千葉県船橋市本町４－４４－１７","source":"厚生労働省 食品衛生申請等システム（オープンデータ）"},"geometry":{"type":"Point","coordinates":[139.987202,35.699816]}},{"type":"Feature","properties":{"layer_id":"cafe_restaurant","name":"セブンイレブン船橋本町７丁目店","address":"千葉県船橋市本町７－１２－１３","source":"厚生労働省 食品衛生申請等システム（オープンデータ）"},"geometry":{"type":"Point","coordinates":[139.983873,35.704356]}},{"type":"Feature","properties":{"layer_id":"cafe_restaurant","name":"ドミトリー　西船寮","address":"千葉県船橋市行田３－１２－１","source":"厚生労働省 食品衛生申請等システム（オープンデータ）"},"geometry":{"type":"Point","coordinates":[139.967472,35.720871]}},{"type":"Feature","properties":{"layer_id":"cafe_restaurant","name":"大戸屋ごはん処　イトーヨーカドー船橋店","address":"千葉県船橋市本町７丁目６−１ イトーヨーカドー船橋店 西館5F","source":"厚生労働省 食品衛生申請等システム（オープンデータ）"},"geometry":{"type":"Point","coordinates":[139.984366,35.703297]}},{"type":"Feature","properties":{"layer_id":"cafe_restaurant","name":"大戸屋ごはん処コーナン京葉船橋インター店","address":"千葉県船橋市海神町三丁目124番地3 コーナン京葉船橋インター店2階","source":"厚生労働省 食品衛生申請等システム（オープンデータ）"},"geometry":{"type":"Point","coordinates":[139.97541,35.698621]}},{"type":"Feature","properties":{"layer_id":"cafe_restaurant","name":"おた福商店　船橋店","address":"千葉県船橋市夏見２－１７－１７ 平和コーポ１Ｆ","source":"厚生労働省 食品衛生申請等システム（オープンデータ）"},"geometry":{"type":"Point","coordinates":[139.988681,35.713128]}},{"type":"Feature","properties":{"layer_id":"cafe_restaurant","name":"富士そば　船橋店","address":"千葉県船橋市本町4-41-7 ステージ船橋1F","source":"厚生労働省 食品衛生申請等システム（オープンデータ）"},"geometry":{"type":"Point","coordinates":[139.98621,35.698784]}},{"type":"Feature","properties":{"layer_id":"cafe_restaurant","name":"日々乃屋　船橋店","address":"千葉県船橋市豊富町６８８ 西濃運輸船橋支店内","source":"厚生労働省 食品衛生申請等システム（オープンデータ）"},"geometry":{"type":"Point","coordinates":[140.071782,35.762251]}},{"type":"Feature","properties":{"layer_id":"cafe_restaurant","name":"じゃんじゃん","address":"千葉県船橋市東船橋４－１９－２３","source":"厚生労働省 食品衛生申請等システム（オープンデータ）"},"geometry":{"type":"Point","coordinates":[140.008944,35.69664]}},{"type":"Feature","properties":{"layer_id":"cafe_restaurant","name":"ＢＡＲ　４２０","address":"千葉県船橋市前原西２－１５－２１","source":"厚生労働省 食品衛生申請等システム（オープンデータ）"},"geometry":{"type":"Point","coordinates":[140.020399,35.692347]}},{"type":"Feature","properties":{"layer_id":"cafe_restaurant","name":"セブン-イレブン船橋湊町店","address":"千葉県船橋市湊町1丁目２１－１７","source":"厚生労働省 食品衛生申請等システム（オープンデータ）"},"geometry":{"type":"Point","coordinates":[139.983391,35.692976]}},{"type":"Feature","properties":{"layer_id":"cafe_restaurant","name":"セブンイレブンららぽーとＮｏｒｔｈＧａｔｅ店","address":"千葉県船橋市浜町２－２－７","source":"厚生労働省 食品衛生申請等システム（オープンデータ）"},"geometry":{"type":"Point","coordinates":[139.993265,35.687501]}},{"type":"Feature","properties":{"layer_id":"cafe_restaurant","name":"セブン-イレブン船橋宮本店","address":"千葉県船橋市宮本2丁目2番1号","source":"厚生労働省 食品衛生申請等システム（オープンデータ）"},"geometry":{"type":"Point","coordinates":[139.991508,35.696437]}},{"type":"Feature","properties":{"layer_id":"cafe_restaurant","name":"セブン－イレブン　船橋大神宮下店","address":"千葉県船橋市宮本2丁目13番12号","source":"厚生労働省 食品衛生申請等システム（オープンデータ）"},"geometry":{"type":"Point","coordinates":[139.99102,35.693222]}},{"type":"Feature","properties":{"layer_id":"cafe_restaurant","name":"ドーミー船橋","address":"千葉県船橋市夏見１－１１－２３","source":"厚生労働省 食品衛生申請等システム（オープンデータ）"},"geometry":{"type":"Point","coordinates":[139.989457,35.707298]}},{"type":"Feature","properties":{"layer_id":"cafe_restaurant","name":"岩田地崎建設株式会社　薬円台寮","address":"千葉県船橋市薬円台６－２１－８","source":"厚生労働省 食品衛生申請等システム（オープンデータ）"},"geometry":{"type":"Point","coordinates":[140.04014,35.714747]}},{"type":"Feature","properties":{"layer_id":"cafe_restaurant","name":"メフォス１０１７７号店","address":"千葉県船橋市八木が谷２－９－１","source":"厚生労働省 食品衛生申請等システム（オープンデータ）"},"geometry":{"type":"Point","coordinates":[140.032482,35.759654]}},{"type":"Feature","properties":{"layer_id":"cafe_restaurant","name":"メフォス１０１７８号店","address":"千葉県船橋市八木が谷２－３－１","source":"厚生労働省 食品衛生申請等システム（オープンデータ）"},"geometry":{"type":"Point","coordinates":[140.031559,35.759467]}},{"type":"Feature","properties":{"layer_id":"cafe_restaurant","name":"メフォス１０１７９号店","address":"千葉県船橋市八木が谷４－１３－１","source":"厚生労働省 食品衛生申請等システム（オープンデータ）"},"geometry":{"type":"Point","coordinates":[140.03526,35.763839]}},{"type":"Feature","properties":{"layer_id":"cafe_restaurant","name":"メフォス　０２４８０号店","address":"千葉県船橋市上山町１－１１１－５","source":"厚生労働省 食品衛生申請等システム（オープンデータ）"},"geometry":{"type":"Point","coordinates":[139.970672,35.727237]}},{"type":"Feature","properties":{"layer_id":"cafe_restaurant","name":"メフォス　10261号店","address":"千葉県船橋市大神保町1359番地7","source":"厚生労働省 食品衛生申請等システム（オープンデータ）"},"geometry":{"type":"Point","coordinates":[140.069639,35.775731]}},{"type":"Feature","properties":{"layer_id":"cafe_restaurant","name":"メフォス　０２３３０号店","address":"千葉県船橋市金堀町499-1 大久保学園厨房内","source":"厚生労働省 食品衛生申請等システム（オープンデータ）"},"geometry":{"type":"Point","coordinates":[140.062421,35.754217]}},{"type":"Feature","properties":{"layer_id":"cafe_restaurant","name":"峰台小学校","address":"千葉県船橋市宮本６－３３－１","source":"厚生労働省 食品衛生申請等システム（オープンデータ）"},"geometry":{"type":"Point","coordinates":[139.997933,35.699296]}},{"type":"Feature","properties":{"layer_id":"cafe_restaurant","name":"薬円台小学校","address":"千葉県船橋市薬円台４－５－１","source":"厚生労働省 食品衛生申請等システム（オープンデータ）"},"geometry":{"type":"Point","coordinates":[140.046192,35.712136]}},{"type":"Feature","properties":{"layer_id":"cafe_restaurant","name":"湊町小学校","address":"千葉県船橋市湊町１－１６－５","source":"厚生労働省 食品衛生申請等システム（オープンデータ）"},"geometry":{"type":"Point","coordinates":[139.986381,35.692982]}},{"type":"Feature","properties":{"layer_id":"cafe_restaurant","name":"南本町小学校","address":"千葉県船橋市栄町１－７－１","source":"厚生労働省 食品衛生申請等システム（オープンデータ）"},"geometry":{"type":"Point","coordinates":[139.97599,35.694138]}},{"type":"Feature","properties":{"layer_id":"cafe_restaurant","name":"船橋市立三山小学校","address":"千葉県船橋市三山2丁目42-1","source":"厚生労働省 食品衛生申請等システム（オープンデータ）"},"geometry":{"type":"Point","coordinates":[140.050555,35.696594]}},{"type":"Feature","properties":{"layer_id":"cafe_restaurant","name":"船橋市立特別支援学校高根台校舎","address":"千葉県船橋市高根台２－１－１","source":"厚生労働省 食品衛生申請等システム（オープンデータ）"},"geometry":{"type":"Point","coordinates":[140.032803,35.7334]}},{"type":"Feature","properties":{"layer_id":"cafe_restaurant","name":"船橋市児童相談所","address":"千葉県船橋市若松2丁目3番61号","source":"厚生労働省 食品衛生申請等システム（オープンデータ）"},"geometry":{"type":"Point","coordinates":[139.997196,35.679556]}},{"type":"Feature","properties":{"layer_id":"cafe_restaurant","name":"習志野駐屯地糧食班内　習志野営業所","address":"千葉県船橋市薬円台３－２０－１","source":"厚生労働省 食品衛生申請等システム（オープンデータ）"},"geometry":{"type":"Point","coordinates":[140.051859,35.711177]}},{"type":"Feature","properties":{"layer_id":"cafe_restaurant","name":"のりまきおかず","address":"千葉県船橋市夏見台1-8-26 ドエルタカハシ1階","source":"厚生労働省 食品衛生申請等システム（オープンデータ）"},"geometry":{"type":"Point","coordinates":[139.987492,35.707631]}},{"type":"Feature","properties":{"layer_id":"cafe_restaurant","name":"有限会社　大黒商事","address":"千葉県船橋市二和東6-16-11","source":"厚生労働省 食品衛生申請等システム（オープンデータ）"},"geometry":{"type":"Point","coordinates":[140.022956,35.755418]}},{"type":"Feature","properties":{"layer_id":"cafe_restaurant","name":"福満溢","address":"千葉県船橋市前貝塚町５６４番地２","source":"厚生労働省 食品衛生申請等システム（オープンデータ）"},"geometry":{"type":"Point","coordinates":[139.982285,35.722106]}},{"type":"Feature","properties":{"layer_id":"cafe_restaurant","name":"船橋競馬場　東西売店","address":"千葉県船橋市若松１－２－１","source":"厚生労働省 食品衛生申請等システム（オープンデータ）"},"geometry":{"type":"Point","coordinates":[139.994507,35.685947]}},{"type":"Feature","properties":{"layer_id":"cafe_restaurant","name":"東西売店","address":"千葉県船橋市若松１－２－１ 船橋競馬場","source":"厚生労働省 食品衛生申請等システム（オープンデータ）"},"geometry":{"type":"Point","coordinates":[139.994463,35.68603]}},{"type":"Feature","properties":{"layer_id":"cafe_restaurant","name":"ダービーダイナー","address":"千葉県船橋市若松１－２－１ 船橋競馬場","source":"厚生労働省 食品衛生申請等システム（オープンデータ）"},"geometry":{"type":"Point","coordinates":[139.994463,35.68603]}},{"type":"Feature","properties":{"layer_id":"cafe_restaurant","name":"GRAZYPOTATO＆からきち屋","address":"千葉県船橋市若松１－２－１ 船橋競馬場","source":"厚生労働省 食品衛生申請等システム（オープンデータ）"},"geometry":{"type":"Point","coordinates":[139.994463,35.68603]}},{"type":"Feature","properties":{"layer_id":"cafe_restaurant","name":"こがね","address":"千葉県船橋市若松１－２－１ 船橋競馬場","source":"厚生労働省 食品衛生申請等システム（オープンデータ）"},"geometry":{"type":"Point","coordinates":[139.994463,35.68603]}},{"type":"Feature","properties":{"layer_id":"cafe_restaurant","name":"田久保売店","address":"千葉県船橋市若松1－2－1 船橋競馬場","source":"厚生労働省 食品衛生申請等システム（オープンデータ）"},"geometry":{"type":"Point","coordinates":[139.996853,35.684502]}},{"type":"Feature","properties":{"layer_id":"cafe_restaurant","name":"障がい福祉サービス事業所こんぽーる","address":"千葉県船橋市宮本2丁目4番6号 トレゾア船橋201","source":"厚生労働省 食品衛生申請等システム（オープンデータ）"},"geometry":{"type":"Point","coordinates":[139.992006,35.695769]}},{"type":"Feature","properties":{"layer_id":"cafe_restaurant","name":"南風堂珈琲店","address":"千葉県船橋市西船4丁目26番9号 白鳥ビル１F","source":"厚生労働省 食品衛生申請等システム（オープンデータ）"},"geometry":{"type":"Point","coordinates":[139.959812,35.708532]}},{"type":"Feature","properties":{"layer_id":"cafe_restaurant","name":"デイリーヤマザキ西船橋駅南口店","address":"千葉県船橋市印内町593-1","source":"厚生労働省 食品衛生申請等システム（オープンデータ）"},"geometry":{"type":"Point","coordinates":[139.958231,35.70714]}},{"type":"Feature","properties":{"layer_id":"cafe_restaurant","name":"船橋市立市場小学校","address":"千葉県船橋市市場１－５－１","source":"厚生労働省 食品衛生申請等システム（オープンデータ）"},"geometry":{"type":"Point","coordinates":[139.991475,35.702403]}},{"type":"Feature","properties":{"layer_id":"cafe_restaurant","name":"船橋市立前原小学校","address":"千葉県船橋市前原西２丁目２８番１","source":"厚生労働省 食品衛生申請等システム（オープンデータ）"},"geometry":{"type":"Point","coordinates":[140.024675,35.695219]}},{"type":"Feature","properties":{"layer_id":"cafe_restaurant","name":"船橋市立八栄小学校","address":"千葉県船橋市夏見５丁目２７－１","source":"厚生労働省 食品衛生申請等システム（オープンデータ）"},"geometry":{"type":"Point","coordinates":[139.993186,35.711694]}},{"type":"Feature","properties":{"layer_id":"cafe_restaurant","name":"船橋市立法典西小学校","address":"千葉県船橋市上山町１丁目１１１番５号","source":"厚生労働省 食品衛生申請等システム（オープンデータ）"},"geometry":{"type":"Point","coordinates":[139.970672,35.727237]}},{"type":"Feature","properties":{"layer_id":"cafe_restaurant","name":"陸上自衛隊　習志野駐屯地内隊員食堂","address":"千葉県船橋市薬円台3丁目20-1","source":"厚生労働省 食品衛生申請等システム（オープンデータ）"},"geometry":{"type":"Point","coordinates":[140.051152,35.708331]}},{"type":"Feature","properties":{"layer_id":"cafe_restaurant","name":"船橋市立七林小学校","address":"千葉県船橋市七林町115-13","source":"厚生労働省 食品衛生申請等システム（オープンデータ）"},"geometry":{"type":"Point","coordinates":[140.038016,35.716728]}},{"type":"Feature","properties":{"layer_id":"cafe_restaurant","name":"船橋市立七林中学校","address":"千葉県船橋市七林町130","source":"厚生労働省 食品衛生申請等システム（オープンデータ）"},"geometry":{"type":"Point","coordinates":[140.036814,35.716527]}},{"type":"Feature","properties":{"layer_id":"cafe_restaurant","name":"Wine ＆　Grill Ci sono!","address":"千葉県船橋市前原西2-14-1 ダイアパレス104","source":"厚生労働省 食品衛生申請等システム（オープンデータ）"},"geometry":{"type":"Point","coordinates":[140.020689,35.692284]}},{"type":"Feature","properties":{"layer_id":"cafe_restaurant","name":"上海柿安","address":"千葉県船橋市浜町２丁目1-1 ららぽーとＴＯＫＹＯｰＢＡＹ南館３Ｆ","source":"厚生労働省 食品衛生申請等システム（オープンデータ）"},"geometry":{"type":"Point","coordinates":[139.989817,35.679301]}},{"type":"Feature","properties":{"layer_id":"cafe_restaurant","name":"中華そば　まるは","address":"千葉県船橋市本町４－３８－２２ 山口ビル１F","source":"厚生労働省 食品衛生申請等システム（オープンデータ）"},"geometry":{"type":"Point","coordinates":[139.987312,35.698162]}},{"type":"Feature","properties":{"layer_id":"cafe_restaurant","name":"まるは商店","address":"千葉県船橋市高根台６－４３－１４","source":"厚生労働省 食品衛生申請等システム（オープンデータ）"},"geometry":{"type":"Point","coordinates":[140.0355,35.729212]}},{"type":"Feature","properties":{"layer_id":"cafe_restaurant","name":"入船鮨","address":"千葉県船橋市三咲２－１３－８","source":"厚生労働省 食品衛生申請等システム（オープンデータ）"},"geometry":{"type":"Point","coordinates":[140.029142,35.753109]}},{"type":"Feature","properties":{"layer_id":"cafe_restaurant","name":"プレミアムカルビ船橋海神店","address":"千葉県船橋市海神６－７－１１","source":"厚生労働省 食品衛生申請等システム（オープンデータ）"},"geometry":{"type":"Point","coordinates":[139.971858,35.704268]}},{"type":"Feature","properties":{"layer_id":"cafe_restaurant","name":"路地裏ワインバル　Poco a Poco","address":"千葉県船橋市本町5-7-6 ルポゼKano102","source":"厚生労働省 食品衛生申請等システム（オープンデータ）"},"geometry":{"type":"Point","coordinates":[139.987553,35.702893]}},{"type":"Feature","properties":{"layer_id":"cafe_restaurant","name":"真鯛らーめん麺魚 船橋店","address":"千葉県船橋市本町1-5-1 ネクスト船橋1F","source":"厚生労働省 食品衛生申請等システム（オープンデータ）"},"geometry":{"type":"Point","coordinates":[139.985969,35.700197]}},{"type":"Feature","properties":{"layer_id":"cafe_restaurant","name":"魚丼屋　ｎｅｘｔ船橋店","address":"千葉県船橋市本町１－５－１ ｎｅｘｔ船橋１Ｆ","source":"厚生労働省 食品衛生申請等システム（オープンデータ）"},"geometry":{"type":"Point","coordinates":[139.985969,35.700197]}},{"type":"Feature","properties":{"layer_id":"cafe_restaurant","name":"セレクション西船橋店","address":"千葉県船橋市印内町579-1","source":"厚生労働省 食品衛生申請等システム（オープンデータ）"},"geometry":{"type":"Point","coordinates":[139.959521,35.706342]}},{"type":"Feature","properties":{"layer_id":"cafe_restaurant","name":"お好み焼・もんじゃ　賀平","address":"千葉県船橋市浜町１－５－３－１１８","source":"厚生労働省 食品衛生申請等システム（オープンデータ）"},"geometry":{"type":"Point","coordinates":[139.989878,35.689867]}},{"type":"Feature","properties":{"layer_id":"cafe_restaurant","name":"船橋市立坪井中学校","address":"千葉県船橋市坪井東１丁目２４番１号","source":"厚生労働省 食品衛生申請等システム（オープンデータ）"},"geometry":{"type":"Point","coordinates":[140.056007,35.729878]}},{"type":"Feature","properties":{"layer_id":"cafe_restaurant","name":"船橋市立高根台中学校","address":"千葉県船橋市高根台3-3-1","source":"厚生労働省 食品衛生申請等システム（オープンデータ）"},"geometry":{"type":"Point","coordinates":[140.043193,35.731174]}},{"type":"Feature","properties":{"layer_id":"cafe_restaurant","name":"芝浦シヤリング株式会社　船橋工場社員食堂","address":"千葉県船橋市西浦１丁目２番１号","source":"厚生労働省 食品衛生申請等システム（オープンデータ）"},"geometry":{"type":"Point","coordinates":[139.968664,35.691336]}},{"type":"Feature","properties":{"layer_id":"cafe_restaurant","name":"7800船橋","address":"千葉県船橋市夏見2丁目11番1号　船橋市立船橋中学校内","source":"厚生労働省 食品衛生申請等システム（オープンデータ）"},"geometry":{"type":"Point","coordinates":[139.987212,35.709609]}},{"type":"Feature","properties":{"layer_id":"cafe_restaurant","name":"ラーメンガキ大将","address":"千葉県船橋市本郷町４２１－２ 大塚ビル１０１","source":"厚生労働省 食品衛生申請等システム（オープンデータ）"},"geometry":{"type":"Point","coordinates":[139.954914,35.707546]}},{"type":"Feature","properties":{"layer_id":"cafe_restaurant","name":"Reeha","address":"千葉県船橋市高根台7-9-12B","source":"厚生労働省 食品衛生申請等システム（オープンデータ）"},"geometry":{"type":"Point","coordinates":[140.029273,35.729489]}},{"type":"Feature","properties":{"layer_id":"cafe_restaurant","name":"メルカンテ","address":"千葉県船橋市三咲３－１０－１","source":"厚生労働省 食品衛生申請等システム（オープンデータ）"},"geometry":{"type":"Point","coordinates":[140.033986,35.754306]}},{"type":"Feature","properties":{"layer_id":"cafe_restaurant","name":"Dip the Potato","address":"千葉県船橋市浜町２丁目１番１号 ららぽーとTOKYO-BAY 1F D101号室","source":"厚生労働省 食品衛生申請等システム（オープンデータ）"},"geometry":{"type":"Point","coordinates":[139.987793,35.68732]}},{"type":"Feature","properties":{"layer_id":"cafe_restaurant","name":"ストライカーズ西船ボウル","address":"千葉県船橋市本郷町４６５ WSプラザ4階","source":"厚生労働省 食品衛生申請等システム（オープンデータ）"},"geometry":{"type":"Point","coordinates":[139.954454,35.709133]}},{"type":"Feature","properties":{"layer_id":"cafe_restaurant","name":"かつや京成船橋店","address":"千葉県船橋市本町４－４１－２９ ライオンビル　１Ｆ","source":"厚生労働省 食品衛生申請等システム（オープンデータ）"},"geometry":{"type":"Point","coordinates":[139.986306,35.699158]}},{"type":"Feature","properties":{"layer_id":"cafe_restaurant","name":"在宅福祉センター内　レストランデニッシュ","address":"千葉県船橋市藤原８－１７－２","source":"厚生労働省 食品衛生申請等システム（オープンデータ）"},"geometry":{"type":"Point","coordinates":[139.982745,35.750336]}},{"type":"Feature","properties":{"layer_id":"cafe_restaurant","name":"日本橋天丼金子屋","address":"千葉県船橋市浜町2丁目1番1号 ららぽーと北館1F","source":"厚生労働省 食品衛生申請等システム（オープンデータ）"},"geometry":{"type":"Point","coordinates":[139.989817,35.679301]}},{"type":"Feature","properties":{"layer_id":"cafe_restaurant","name":"charmer","address":"千葉県船橋市習志野台5-23-23","source":"厚生労働省 食品衛生申請等システム（オープンデータ）"},"geometry":{"type":"Point","coordinates":[140.054731,35.715733]}},{"type":"Feature","properties":{"layer_id":"cafe_restaurant","name":"サイゼリヤ　船橋イトーヨーカドー店","address":"千葉県船橋市本町7－６－１ イトーヨーカドー船橋店５F","source":"厚生労働省 食品衛生申請等システム（オープンデータ）"},"geometry":{"type":"Point","coordinates":[139.984366,35.703297]}},{"type":"Feature","properties":{"layer_id":"cafe_restaurant","name":"船橋ワイン食堂八十郎　本町一丁目","address":"千葉県船橋市本町１－１３－１７ サンレイズⅡ本町一丁目","source":"厚生労働省 食品衛生申請等システム（オープンデータ）"},"geometry":{"type":"Point","coordinates":[139.983274,35.699026]}},{"type":"Feature","properties":{"layer_id":"cafe_restaurant","name":"船橋ワインバル八十郎商店","address":"千葉県船橋市本町５－３－２","source":"厚生労働省 食品衛生申請等システム（オープンデータ）"},"geometry":{"type":"Point","coordinates":[139.986682,35.702034]}},{"type":"Feature","properties":{"layer_id":"cafe_restaurant","name":"Nha　Trang　Quan","address":"千葉県船橋市丸山１－３８－６","source":"厚生労働省 食品衛生申請等システム（オープンデータ）"},"geometry":{"type":"Point","coordinates":[139.989158,35.745093]}},{"type":"Feature","properties":{"layer_id":"cafe_restaurant","name":"ホテルフローラ船橋","address":"千葉県船橋市本町7丁目11-1","source":"厚生労働省 食品衛生申請等システム（オープンデータ）"},"geometry":{"type":"Point","coordinates":[139.985168,35.704047]}},{"type":"Feature","properties":{"layer_id":"cafe_restaurant","name":"ホテルフローラ船橋","address":"千葉県船橋市本町7丁目11-1","source":"厚生労働省 食品衛生申請等システム（オープンデータ）"},"geometry":{"type":"Point","coordinates":[139.985168,35.704047]}},{"type":"Feature","properties":{"layer_id":"cafe_restaurant","name":"ホテルフローラ船橋","address":"千葉県船橋市本町7丁目11-1","source":"厚生労働省 食品衛生申請等システム（オープンデータ）"},"geometry":{"type":"Point","coordinates":[139.985168,35.704047]}},{"type":"Feature","properties":{"layer_id":"cafe_restaurant","name":"セブンイレブン船橋坪井東4丁目店","address":"千葉県船橋市坪井東４丁目２番６号","source":"厚生労働省 食品衛生申請等システム（オープンデータ）"},"geometry":{"type":"Point","coordinates":[140.061911,35.722304]}},{"type":"Feature","properties":{"layer_id":"cafe_restaurant","name":"Ｍａｄａｍ　Ｃｈｅｒｒｙ","address":"千葉県船橋市習志野台１－１８－３　１Ｆ","source":"厚生労働省 食品衛生申請等システム（オープンデータ）"},"geometry":{"type":"Point","coordinates":[140.03897,35.728733]}},{"type":"Feature","properties":{"layer_id":"cafe_restaurant","name":"晴る家","address":"千葉県船橋市山野町58-1 ドリーム加藤101","source":"厚生労働省 食品衛生申請等システム（オープンデータ）"},"geometry":{"type":"Point","coordinates":[139.960944,35.704771]}},{"type":"Feature","properties":{"layer_id":"cafe_restaurant","name":"東京電力パワーグリッド株式会社京葉支社","address":"千葉県船橋市湊町2-2-16 東京電力株式会社厨房","source":"厚生労働省 食品衛生申請等システム（オープンデータ）"},"geometry":{"type":"Point","coordinates":[139.983606,35.695861]}},{"type":"Feature","properties":{"layer_id":"cafe_restaurant","name":"レストラン　ミラベル","address":"千葉県船橋市山野町８６－１","source":"厚生労働省 食品衛生申請等システム（オープンデータ）"},"geometry":{"type":"Point","coordinates":[139.960944,35.705022]}},{"type":"Feature","properties":{"layer_id":"cafe_restaurant","name":"ロイヤルキッチン＆ハラルフード","address":"千葉県船橋市習志野台３－２－２－１０４","source":"厚生労働省 食品衛生申請等システム（オープンデータ）"},"geometry":{"type":"Point","coordinates":[140.043213,35.721395]}},{"type":"Feature","properties":{"layer_id":"cafe_restaurant","name":"だんごのたかの","address":"千葉県船橋市高根台1-8-1","source":"厚生労働省 食品衛生申請等システム（オープンデータ）"},"geometry":{"type":"Point","coordinates":[140.030085,35.730612]}},{"type":"Feature","properties":{"layer_id":"cafe_restaurant","name":"ＩＮＤＩＡ　ＦＯＯＤＳ　ＲＡＪＡ","address":"千葉県船橋市前原西２－１４－６　速水ビル２F","source":"厚生労働省 食品衛生申請等システム（オープンデータ）"},"geometry":{"type":"Point","coordinates":[140.02065,35.69188]}},{"type":"Feature","properties":{"layer_id":"cafe_restaurant","name":"魚屋　浜寅","address":"千葉県船橋市西船4丁目２５番１１号","source":"厚生労働省 食品衛生申請等システム（オープンデータ）"},"geometry":{"type":"Point","coordinates":[139.959622,35.708774]}},{"type":"Feature","properties":{"layer_id":"cafe_restaurant","name":"秋田料理　かまくら","address":"千葉県船橋市夏見台５－１３－２４","source":"厚生労働省 食品衛生申請等システム（オープンデータ）"},"geometry":{"type":"Point","coordinates":[139.992252,35.726043]}},{"type":"Feature","properties":{"layer_id":"cafe_restaurant","name":"ｈｉｄｅａｗａｙ　Ｂｏｏｚｅｒ","address":"千葉県船橋市前原西２－１７－６　２Ｆ","source":"厚生労働省 食品衛生申請等システム（オープンデータ）"},"geometry":{"type":"Point","coordinates":[140.017772,35.693083]}},{"type":"Feature","properties":{"layer_id":"cafe_restaurant","name":"セブンイレブン船橋夏見1丁目店","address":"千葉県船橋市夏見１－１３－２５","source":"厚生労働省 食品衛生申請等システム（オープンデータ）"},"geometry":{"type":"Point","coordinates":[139.989962,35.707915]}},{"type":"Feature","properties":{"layer_id":"cafe_restaurant","name":"ＢＥＡＣＨ　ＬＯＵＮＧＥ　ＢＡＲ　ＯＨＡＮＡ","address":"千葉県船橋市本町１－８－２ Ｓｈｏｔｏ壱番館５階","source":"厚生労働省 食品衛生申請等システム（オープンデータ）"},"geometry":{"type":"Point","coordinates":[139.985113,35.699762]}},{"type":"Feature","properties":{"layer_id":"cafe_restaurant","name":"アジア食堂ジェーン","address":"千葉県船橋市本町２－１０－２９","source":"厚生労働省 食品衛生申請等システム（オープンデータ）"},"geometry":{"type":"Point","coordinates":[139.982402,35.697736]}},{"type":"Feature","properties":{"layer_id":"cafe_restaurant","name":"大漁船","address":"千葉県船橋市印内町599-3 サンライズビル","source":"厚生労働省 食品衛生申請等システム（オープンデータ）"},"geometry":{"type":"Point","coordinates":[139.958374,35.706655]}},{"type":"Feature","properties":{"layer_id":"cafe_restaurant","name":"鮨と肴　おどる魚","address":"千葉県船橋市西船4丁目24番5号 皆川ビル２Ｆ","source":"厚生労働省 食品衛生申請等システム（オープンデータ）"},"geometry":{"type":"Point","coordinates":[139.959088,35.708472]}},{"type":"Feature","properties":{"layer_id":"cafe_restaurant","name":"ファミリーマート船橋本町七丁目店","address":"千葉県船橋市本町７－１０－４","source":"厚生労働省 食品衛生申請等システム（オープンデータ）"},"geometry":{"type":"Point","coordinates":[139.983304,35.703719]}},{"type":"Feature","properties":{"layer_id":"cafe_restaurant","name":"珈琲　モナリザ","address":"千葉県船橋市本町２－１１－３２","source":"厚生労働省 食品衛生申請等システム（オープンデータ）"},"geometry":{"type":"Point","coordinates":[139.982302,35.697894]}},{"type":"Feature","properties":{"layer_id":"cafe_restaurant","name":"庄三郎食堂","address":"千葉県船橋市日の出2-14-2","source":"厚生労働省 食品衛生申請等システム（オープンデータ）"},"geometry":{"type":"Point","coordinates":[139.979457,35.686124]}},{"type":"Feature","properties":{"layer_id":"cafe_restaurant","name":"南本町つつじの郷","address":"千葉県船橋市南本町21-21","source":"厚生労働省 食品衛生申請等システム（オープンデータ）"},"geometry":{"type":"Point","coordinates":[139.976341,35.69594]}},{"type":"Feature","properties":{"layer_id":"cafe_restaurant","name":"インド・ネパール料理　ナンハウス","address":"千葉県船橋市古和釜町850-3","source":"厚生労働省 食品衛生申請等システム（オープンデータ）"},"geometry":{"type":"Point","coordinates":[140.052561,35.739297]}},{"type":"Feature","properties":{"layer_id":"cafe_restaurant","name":"庄や　西船橋北口店","address":"千葉県船橋市西船４丁目28-1","source":"厚生労働省 食品衛生申請等システム（オープンデータ）"},"geometry":{"type":"Point","coordinates":[139.96022,35.708522]}},{"type":"Feature","properties":{"layer_id":"cafe_restaurant","name":"ｍ５５３２０","address":"千葉県船橋市金杉１－２１－１ C館５Ｆ","source":"厚生労働省 食品衛生申請等システム（オープンデータ）"},"geometry":{"type":"Point","coordinates":[139.998717,35.723881]}},{"type":"Feature","properties":{"layer_id":"cafe_restaurant","name":"熟成焼肉いちばん　船橋米ヶ崎店","address":"千葉県船橋市米ケ崎町４３－１","source":"厚生労働省 食品衛生申請等システム（オープンデータ）"},"geometry":{"type":"Point","coordinates":[140.000851,35.712049]}},{"type":"Feature","properties":{"layer_id":"cafe_restaurant","name":"船橋シャポー　ＣＨＥＥＳＥ　ＧＡＲＤＥＮ","address":"千葉県船橋市本町７－１－１ 船橋シャポー南館１－１区画","source":"厚生労働省 食品衛生申請等システム（オープンデータ）"},"geometry":{"type":"Point","coordinates":[139.986561,35.701433]}},{"type":"Feature","properties":{"layer_id":"cafe_restaurant","name":"おうち教室　花とリボン","address":"千葉県船橋市芝山５－２－３","source":"厚生労働省 食品衛生申請等システム（オープンデータ）"},"geometry":{"type":"Point","coordinates":[140.02449,35.723034]}},{"type":"Feature","properties":{"layer_id":"cafe_restaurant","name":"ミニストップ　前原東３丁目店","address":"千葉県船橋市前原東３－１０－９","source":"厚生労働省 食品衛生申請等システム（オープンデータ）"},"geometry":{"type":"Point","coordinates":[140.027929,35.694323]}},{"type":"Feature","properties":{"layer_id":"cafe_restaurant","name":"ＢＵＲＮＥＲ","address":"千葉県船橋市前原西２－１２－１３ 第２豊栄ビル３階","source":"厚生労働省 食品衛生申請等システム（オープンデータ）"},"geometry":{"type":"Point","coordinates":[140.021734,35.693271]}},{"type":"Feature","properties":{"layer_id":"cafe_restaurant","name":"船橋鶏馬場　馬喰ろうはなれ","address":"千葉県船橋市本町４丁目４０－３ 神戸屋ビル２F","source":"厚生労働省 食品衛生申請等システム（オープンデータ）"},"geometry":{"type":"Point","coordinates":[139.986959,35.698852]}},{"type":"Feature","properties":{"layer_id":"cafe_restaurant","name":"ＣＯＱＵＥＬＩＣＯＴ　ｆ","address":"千葉県船橋市本町４－３９－８ 興和第５ビル　１Ｆ","source":"厚生労働省 食品衛生申請等システム（オープンデータ）"},"geometry":{"type":"Point","coordinates":[139.98727,35.698438]}},{"type":"Feature","properties":{"layer_id":"cafe_restaurant","name":"ＣＲＡＦＴ　ＢＡＫＥＲＳ","address":"千葉県船橋市本中山３－２０－１４","source":"厚生労働省 食品衛生申請等システム（オープンデータ）"},"geometry":{"type":"Point","coordinates":[139.942737,35.714144]}},{"type":"Feature","properties":{"layer_id":"cafe_restaurant","name":"まごころ亭","address":"千葉県船橋市芝山６－６２－９ カーサプロバンス１０２","source":"厚生労働省 食品衛生申請等システム（オープンデータ）"},"geometry":{"type":"Point","coordinates":[140.029694,35.726045]}},{"type":"Feature","properties":{"layer_id":"cafe_restaurant","name":"ぽこあぽこ","address":"千葉県船橋市東船橋３－３３－３ ストーンフィールド店舗","source":"厚生労働省 食品衛生申請等システム（オープンデータ）"},"geometry":{"type":"Point","coordinates":[140.004971,35.701557]}},{"type":"Feature","properties":{"layer_id":"cafe_restaurant","name":"BHOYE CHHEN RESTAURANT&BAR","address":"千葉県船橋市本町２－１１－２２ 友山ビル２F","source":"厚生労働省 食品衛生申請等システム（オープンデータ）"},"geometry":{"type":"Point","coordinates":[139.981815,35.697344]}},{"type":"Feature","properties":{"layer_id":"cafe_restaurant","name":"ミニストップ塚田駅前店","address":"千葉県船橋市前貝塚町５６５－１１","source":"厚生労働省 食品衛生申請等システム（オープンデータ）"},"geometry":{"type":"Point","coordinates":[139.982883,35.722432]}},{"type":"Feature","properties":{"layer_id":"cafe_restaurant","name":"Ｒｅ：","address":"千葉県船橋市本町１－７－６ ドリーム船橋ビル　７F","source":"厚生労働省 食品衛生申請等システム（オープンデータ）"},"geometry":{"type":"Point","coordinates":[139.985812,35.698977]}},{"type":"Feature","properties":{"layer_id":"cafe_restaurant","name":"ぐろーばる","address":"千葉県船橋市葛飾町2-380-2 ヤマゲンビル1-102","source":"厚生労働省 食品衛生申請等システム（オープンデータ）"},"geometry":{"type":"Point","coordinates":[139.956016,35.707083]}},{"type":"Feature","properties":{"layer_id":"cafe_restaurant","name":"ららぽーとＴＯＫＹＯ－ＢＡＹ　房の駅","address":"千葉県船橋市浜町２－１－１ ららぽーとＴＯＫＹＯ－ＢＡＹ　西館１階","source":"厚生労働省 食品衛生申請等システム（オープンデータ）"},"geometry":{"type":"Point","coordinates":[139.987793,35.68732]}},{"type":"Feature","properties":{"layer_id":"cafe_restaurant","name":"デイリーヤマザキ高根公団駅北口店","address":"千葉県船橋市高根台１－６－３","source":"厚生労働省 食品衛生申請等システム（オープンデータ）"},"geometry":{"type":"Point","coordinates":[140.030246,35.729939]}},{"type":"Feature","properties":{"layer_id":"cafe_restaurant","name":"ラーメンショップ　花輪店","address":"千葉県船橋市東船橋５－２４－６","source":"厚生労働省 食品衛生申請等システム（オープンデータ）"},"geometry":{"type":"Point","coordinates":[140.004634,35.690096]}},{"type":"Feature","properties":{"layer_id":"cafe_restaurant","name":"ローソン船橋宮本店","address":"千葉県船橋市宮本３－１０－１５","source":"厚生労働省 食品衛生申請等システム（オープンデータ）"},"geometry":{"type":"Point","coordinates":[139.995497,35.68977]}},{"type":"Feature","properties":{"layer_id":"cafe_restaurant","name":"ローソン船橋豊富町店","address":"千葉県船橋市豊富町１４７０－１","source":"厚生労働省 食品衛生申請等システム（オープンデータ）"},"geometry":{"type":"Point","coordinates":[140.06902,35.759633]}},{"type":"Feature","properties":{"layer_id":"cafe_restaurant","name":"酔っ手羽　船橋店","address":"千葉県船橋市本町4-19-6　船橋サンプラザ108","source":"厚生労働省 食品衛生申請等システム（オープンデータ）"},"geometry":{"type":"Point","coordinates":[139.987602,35.698996]}},{"type":"Feature","properties":{"layer_id":"cafe_restaurant","name":"福満園","address":"千葉県船橋市本町７－１－１ シャポー船橋本館１Ｆ","source":"厚生労働省 食品衛生申請等システム（オープンデータ）"},"geometry":{"type":"Point","coordinates":[139.986591,35.701433]}},{"type":"Feature","properties":{"layer_id":"cafe_restaurant","name":"浅草今半　船橋東武店","address":"千葉県船橋市本町７－１－１ 東武百貨店船橋店８F厨房","source":"厚生労働省 食品衛生申請等システム（オープンデータ）"},"geometry":{"type":"Point","coordinates":[139.986561,35.701433]}},{"type":"Feature","properties":{"layer_id":"cafe_restaurant","name":"ラーメン 963","address":"千葉県船橋市本町2-27-20","source":"厚生労働省 食品衛生申請等システム（オープンデータ）"},"geometry":{"type":"Point","coordinates":[139.984102,35.698428]}},{"type":"Feature","properties":{"layer_id":"cafe_restaurant","name":"アジアンバル　ｍａｅ９６３","address":"千葉県船橋市本町１－８－２９ ＦＳビル４階","source":"厚生労働省 食品衛生申請等システム（オープンデータ）"},"geometry":{"type":"Point","coordinates":[139.984937,35.699832]}},{"type":"Feature","properties":{"layer_id":"cafe_restaurant","name":"エプロン","address":"千葉県船橋市高根台1-2-2 高根台団地 P号棟106","source":"厚生労働省 食品衛生申請等システム（オープンデータ）"},"geometry":{"type":"Point","coordinates":[140.031045,35.730236]}},{"type":"Feature","properties":{"layer_id":"cafe_restaurant","name":"かみむら牧場　船橋宮本店","address":"千葉県船橋市宮本２－１２－１５","source":"厚生労働省 食品衛生申請等システム（オープンデータ）"},"geometry":{"type":"Point","coordinates":[139.989703,35.693707]}},{"type":"Feature","properties":{"layer_id":"cafe_restaurant","name":"くるくる","address":"千葉県船橋市三山８－３４－９ カンエツビル２Ｆ","source":"厚生労働省 食品衛生申請等システム（オープンデータ）"},"geometry":{"type":"Point","coordinates":[140.059223,35.699447]}},{"type":"Feature","properties":{"layer_id":"cafe_restaurant","name":"彩ダイニング船橋","address":"千葉県船橋市上山町１－１５７－１","source":"厚生労働省 食品衛生申請等システム（オープンデータ）"},"geometry":{"type":"Point","coordinates":[139.971646,35.727882]}},{"type":"Feature","properties":{"layer_id":"cafe_restaurant","name":"Ｂａｒ　Ｄｉｎｉｎｇ　Ｓｔｅｌｌａｒ","address":"千葉県船橋市本町４－３－７","source":"厚生労働省 食品衛生申請等システム（オープンデータ）"},"geometry":{"type":"Point","coordinates":[139.986889,35.700824]}},{"type":"Feature","properties":{"layer_id":"cafe_restaurant","name":"ありがとう　東船橋校","address":"千葉県船橋市東船橋2丁目7番7号 ボヌ．エトワール1F","source":"厚生労働省 食品衛生申請等システム（オープンデータ）"},"geometry":{"type":"Point","coordinates":[140.003728,35.70018]}},{"type":"Feature","properties":{"layer_id":"cafe_restaurant","name":"ラファエル","address":"千葉県船橋市前原西2-21-9 津田沼第一ビル4階","source":"厚生労働省 食品衛生申請等システム（オープンデータ）"},"geometry":{"type":"Point","coordinates":[140.022966,35.693138]}},{"type":"Feature","properties":{"layer_id":"cafe_restaurant","name":"モスバーガー　イオンモール船橋店","address":"千葉県船橋市山手1-1-8　イオンモール船橋3階フードコート内","source":"厚生労働省 食品衛生申請等システム（オープンデータ）"},"geometry":{"type":"Point","coordinates":[139.977225,35.713135]}},{"type":"Feature","properties":{"layer_id":"cafe_restaurant","name":"Ｂｉｇ　ＭａｇＮａｍ","address":"千葉県船橋市本町４－３９－１０ 興和第３ビル２０１","source":"厚生労働省 食品衛生申請等システム（オープンデータ）"},"geometry":{"type":"Point","coordinates":[139.987202,35.698469]}},{"type":"Feature","properties":{"layer_id":"cafe_restaurant","name":"龍華楼","address":"千葉県船橋市習志野台２－１－５ 第一アキラビル２A","source":"厚生労働省 食品衛生申請等システム（オープンデータ）"},"geometry":{"type":"Point","coordinates":[140.04237,35.722167]}},{"type":"Feature","properties":{"layer_id":"cafe_restaurant","name":"焼鳥　鳥栄","address":"千葉県船橋市新高根６－２１－９","source":"厚生労働省 食品衛生申請等システム（オープンデータ）"},"geometry":{"type":"Point","coordinates":[140.026616,35.724525]}},{"type":"Feature","properties":{"layer_id":"cafe_restaurant","name":"ｃａｆｅ  ＳＡＢＵＲＯＨＥ","address":"千葉県船橋市飯山満町3-1367","source":"厚生労働省 食品衛生申請等システム（オープンデータ）"},"geometry":{"type":"Point","coordinates":[140.028912,35.714071]}},{"type":"Feature","properties":{"layer_id":"cafe_restaurant","name":"浦島屋　津田沼店","address":"千葉県船橋市前原西２－１５－１４ 大林ビル１F","source":"厚生労働省 食品衛生申請等システム（オープンデータ）"},"geometry":{"type":"Point","coordinates":[140.020835,35.6928]}},{"type":"Feature","properties":{"layer_id":"cafe_restaurant","name":"石焼料理　みのる","address":"千葉県船橋市本町２－５－２３","source":"厚生労働省 食品衛生申請等システム（オープンデータ）"},"geometry":{"type":"Point","coordinates":[139.984587,35.696898]}},{"type":"Feature","properties":{"layer_id":"cafe_restaurant","name":"インドカレー　サーラ","address":"千葉県船橋市宮本1-17-10","source":"厚生労働省 食品衛生申請等システム（オープンデータ）"},"geometry":{"type":"Point","coordinates":[139.992563,35.697771]}},{"type":"Feature","properties":{"layer_id":"cafe_restaurant","name":"ＨＡＮＧ－５　ＢＡＲ＆ＣＯＦＦＥＥ","address":"千葉県船橋市前原西２－１３－１ 藤和津田沼コープ２０１","source":"厚生労働省 食品衛生申請等システム（オープンデータ）"},"geometry":{"type":"Point","coordinates":[140.021432,35.693108]}},{"type":"Feature","properties":{"layer_id":"cafe_restaurant","name":"Euro House","address":"千葉県船橋市本町4-40-3 神戸屋ビル3階","source":"厚生労働省 食品衛生申請等システム（オープンデータ）"},"geometry":{"type":"Point","coordinates":[139.986991,35.698861]}},{"type":"Feature","properties":{"layer_id":"cafe_restaurant","name":"ＣＡＮＣＩＯＮ","address":"千葉県船橋市習志野台３－１７－２１ １階","source":"厚生労働省 食品衛生申請等システム（オープンデータ）"},"geometry":{"type":"Point","coordinates":[140.043774,35.720029]}},{"type":"Feature","properties":{"layer_id":"cafe_restaurant","name":"鶏そば　朱雀","address":"千葉県船橋市本中山３－１４－２１ 竹内ビル１階","source":"厚生労働省 食品衛生申請等システム（オープンデータ）"},"geometry":{"type":"Point","coordinates":[139.943606,35.713878]}},{"type":"Feature","properties":{"layer_id":"cafe_restaurant","name":"居酒屋　ぼちぼち","address":"千葉県船橋市本中山２－８－１８ 桂コーポ１０１","source":"厚生労働省 食品衛生申請等システム（オープンデータ）"},"geometry":{"type":"Point","coordinates":[139.945609,35.71554]}},{"type":"Feature","properties":{"layer_id":"cafe_restaurant","name":"めんそーれ　ふなばし　ピザ屋","address":"千葉県船橋市本町４－１６－３１ フォーシーズンテラス　１－Ｂ","source":"厚生労働省 食品衛生申請等システム（オープンデータ）"},"geometry":{"type":"Point","coordinates":[139.987601,35.70048]}},{"type":"Feature","properties":{"layer_id":"cafe_restaurant","name":"ゆずカフェ","address":"千葉県船橋市前原東３－５－１０","source":"厚生労働省 食品衛生申請等システム（オープンデータ）"},"geometry":{"type":"Point","coordinates":[140.026596,35.693137]}},{"type":"Feature","properties":{"layer_id":"cafe_restaurant","name":"満や","address":"千葉県船橋市習志野台３－１８－５","source":"厚生労働省 食品衛生申請等システム（オープンデータ）"},"geometry":{"type":"Point","coordinates":[140.044146,35.720994]}},{"type":"Feature","properties":{"layer_id":"cafe_restaurant","name":"株式会社東武百貨店船橋店　６階イベントプラザ（催事場）","address":"千葉県船橋市本町７－１－１","source":"厚生労働省 食品衛生申請等システム（オープンデータ）"},"geometry":{"type":"Point","coordinates":[139.986591,35.701433]}},{"type":"Feature","properties":{"layer_id":"cafe_restaurant","name":"麺処","address":"千葉県船橋市古和釜町847番地","source":"厚生労働省 食品衛生申請等システム（オープンデータ）"},"geometry":{"type":"Point","coordinates":[140.052192,35.738911]}},{"type":"Feature","properties":{"layer_id":"cafe_restaurant","name":"肉のすずき屋","address":"千葉県船橋市新高根６－８－１０","source":"厚生労働省 食品衛生申請等システム（オープンデータ）"},"geometry":{"type":"Point","coordinates":[140.02444,35.723598]}},{"type":"Feature","properties":{"layer_id":"cafe_restaurant","name":"ＢＥＫＫＡＮ","address":"千葉県船橋市本中山２－１７－３４ 福永ビル２階","source":"厚生労働省 食品衛生申請等システム（オープンデータ）"},"geometry":{"type":"Point","coordinates":[139.942655,35.714948]}},{"type":"Feature","properties":{"layer_id":"cafe_restaurant","name":"船橋まぐろラボ","address":"千葉県船橋市本町２－２９－１１","source":"厚生労働省 食品衛生申請等システム（オープンデータ）"},"geometry":{"type":"Point","coordinates":[139.984679,35.697064]}},{"type":"Feature","properties":{"layer_id":"cafe_restaurant","name":"ダイニング　みどりかわ","address":"千葉県船橋市東船橋２－９－９","source":"厚生労働省 食品衛生申請等システム（オープンデータ）"},"geometry":{"type":"Point","coordinates":[140.004052,35.701231]}},{"type":"Feature","properties":{"layer_id":"cafe_restaurant","name":"ピザーラ船橋店","address":"千葉県船橋市北本町１－４－４","source":"厚生労働省 食品衛生申請等システム（オープンデータ）"},"geometry":{"type":"Point","coordinates":[139.98282,35.70712]}},{"type":"Feature","properties":{"layer_id":"cafe_restaurant","name":"５０円　焼きとり　きんちゃん家","address":"千葉県船橋市前原西２－１２－１２","source":"厚生労働省 食品衛生申請等システム（オープンデータ）"},"geometry":{"type":"Point","coordinates":[140.021827,35.693249]}},{"type":"Feature","properties":{"layer_id":"cafe_restaurant","name":"庄や　馬込沢店","address":"千葉県船橋市藤原７－２－１ 馬込沢駅構内　馬込沢駅前ビル１階","source":"厚生労働省 食品衛生申請等システム（オープンデータ）"},"geometry":{"type":"Point","coordinates":[139.992423,35.741675]}},{"type":"Feature","properties":{"layer_id":"cafe_restaurant","name":"一歩","address":"千葉県船橋市習志野台１－１５－３","source":"厚生労働省 食品衛生申請等システム（オープンデータ）"},"geometry":{"type":"Point","coordinates":[140.038356,35.727612]}},{"type":"Feature","properties":{"layer_id":"cafe_restaurant","name":"居酒家　星七","address":"千葉県船橋市本町４－４－１２ ３Ｆ","source":"厚生労働省 食品衛生申請等システム（オープンデータ）"},"geometry":{"type":"Point","coordinates":[139.988247,35.701127]}},{"type":"Feature","properties":{"layer_id":"cafe_restaurant","name":"ＢＩＮＩＴＡ","address":"千葉県船橋市山野町４０－３ シャトルＯＭＩ１Ｆ","source":"厚生労働省 食品衛生申請等システム（オープンデータ）"},"geometry":{"type":"Point","coordinates":[139.961938,35.704329]}},{"type":"Feature","properties":{"layer_id":"cafe_restaurant","name":"HA NOI PHO","address":"千葉県船橋市習志野台2-72-17 1F","source":"厚生労働省 食品衛生申請等システム（オープンデータ）"},"geometry":{"type":"Point","coordinates":[140.049091,35.724063]}},{"type":"Feature","properties":{"layer_id":"cafe_restaurant","name":"蕎や本田","address":"千葉県船橋市本町４－４０－２３－１０１","source":"厚生労働省 食品衛生申請等システム（オープンデータ）"},"geometry":{"type":"Point","coordinates":[139.98639,35.698227]}},{"type":"Feature","properties":{"layer_id":"cafe_restaurant","name":"まんさく","address":"千葉県船橋市夏見台４－１５－２３","source":"厚生労働省 食品衛生申請等システム（オープンデータ）"},"geometry":{"type":"Point","coordinates":[139.993965,35.722405]}},{"type":"Feature","properties":{"layer_id":"cafe_restaurant","name":"CAFEトトノエ","address":"千葉県船橋市小室町3318-4","source":"厚生労働省 食品衛生申請等システム（オープンデータ）"},"geometry":{"type":"Point","coordinates":[140.074113,35.78767]}},{"type":"Feature","properties":{"layer_id":"cafe_restaurant","name":"ゴンチャ シャポー船橋店","address":"千葉県船橋市本町7-1-1 シャポー船橋南館 1F","source":"厚生労働省 食品衛生申請等システム（オープンデータ）"},"geometry":{"type":"Point","coordinates":[139.986591,35.701433]}},{"type":"Feature","properties":{"layer_id":"cafe_restaurant","name":"奈良たまご’ｓ　キッチン","address":"千葉県船橋市馬込町１１６１","source":"厚生労働省 食品衛生申請等システム（オープンデータ）"},"geometry":{"type":"Point","coordinates":[139.999623,35.735575]}},{"type":"Feature","properties":{"layer_id":"cafe_restaurant","name":"ホテル　レモンツリー","address":"千葉県船橋市東船橋4丁目40番7","source":"厚生労働省 食品衛生申請等システム（オープンデータ）"},"geometry":{"type":"Point","coordinates":[140.009703,35.698897]}},{"type":"Feature","properties":{"layer_id":"cafe_restaurant","name":"海鮮和食居酒屋　初垂れ","address":"千葉県船橋市二和東６－１７－１７－２Ｆ","source":"厚生労働省 食品衛生申請等システム（オープンデータ）"},"geometry":{"type":"Point","coordinates":[140.026603,35.753792]}},{"type":"Feature","properties":{"layer_id":"cafe_restaurant","name":"ＳＥＡＳＯＮＳ","address":"千葉県船橋市本町４－１－１５","source":"厚生労働省 食品衛生申請等システム（オープンデータ）"},"geometry":{"type":"Point","coordinates":[139.986651,35.701295]}},{"type":"Feature","properties":{"layer_id":"cafe_restaurant","name":"炭火焼肉　遊煌","address":"千葉県船橋市本町４－１－１５ 快美壱番館２階","source":"厚生労働省 食品衛生申請等システム（オープンデータ）"},"geometry":{"type":"Point","coordinates":[139.986651,35.701295]}},{"type":"Feature","properties":{"layer_id":"cafe_restaurant","name":"味倶楽部　月家","address":"千葉県船橋市本町４－１６－３５ シンエイビル６Ｆ","source":"厚生労働省 食品衛生申請等システム（オープンデータ）"},"geometry":{"type":"Point","coordinates":[139.987137,35.700566]}},{"type":"Feature","properties":{"layer_id":"cafe_restaurant","name":"有限会社　二番屋","address":"千葉県船橋市海神１－２８－９","source":"厚生労働省 食品衛生申請等システム（オープンデータ）"},"geometry":{"type":"Point","coordinates":[139.979049,35.698201]}},{"type":"Feature","properties":{"layer_id":"cafe_restaurant","name":"デイリーヤマザキ東葉飯山満駅店","address":"千葉県船橋市飯山満町２－１０５３－５","source":"厚生労働省 食品衛生申請等システム（オープンデータ）"},"geometry":{"type":"Point","coordinates":[140.022254,35.714157]}},{"type":"Feature","properties":{"layer_id":"cafe_restaurant","name":"八剣伝　原木中山店","address":"千葉県船橋市本中山７－６－１ 小川ビル１０１","source":"厚生労働省 食品衛生申請等システム（オープンデータ）"},"geometry":{"type":"Point","coordinates":[139.941556,35.702735]}},{"type":"Feature","properties":{"layer_id":"cafe_restaurant","name":"Ｂａｒｖａｍｏｓ　船橋","address":"千葉県船橋市宮本５－１－８ ハイツ船戸１０２","source":"厚生労働省 食品衛生申請等システム（オープンデータ）"},"geometry":{"type":"Point","coordinates":[139.992313,35.695794]}},{"type":"Feature","properties":{"layer_id":"cafe_restaurant","name":"久徳　芝山高根台店","address":"千葉県船橋市新高根6丁目21番8号","source":"厚生労働省 食品衛生申請等システム（オープンデータ）"},"geometry":{"type":"Point","coordinates":[140.026676,35.724585]}},{"type":"Feature","properties":{"layer_id":"cafe_restaurant","name":"Ｂａｒ　Ｌｏｕｎｇｅ　Ａ","address":"千葉県船橋市前原西２－１２－６ たけみビル１階１０３号室","source":"厚生労働省 食品衛生申請等システム（オープンデータ）"},"geometry":{"type":"Point","coordinates":[140.022091,35.693277]}},{"type":"Feature","properties":{"layer_id":"cafe_restaurant","name":"Ｌｏｕｎｇｅ　Ａ","address":"千葉県船橋市前原西２－１３－８ クリスタル津田沼ビル３階","source":"厚生労働省 食品衛生申請等システム（オープンデータ）"},"geometry":{"type":"Point","coordinates":[140.021883,35.692988]}},{"type":"Feature","properties":{"layer_id":"cafe_restaurant","name":"船橋　大勝軒　あかつき","address":"千葉県船橋市本町５－２－３ Ｓｈｏｔｏ弐番館１階","source":"厚生労働省 食品衛生申請等システム（オープンデータ）"},"geometry":{"type":"Point","coordinates":[139.986952,35.702138]}},{"type":"Feature","properties":{"layer_id":"cafe_restaurant","name":"コミュニティカフェひなたぼっこ","address":"千葉県船橋市本町4-31-23","source":"厚生労働省 食品衛生申請等システム（オープンデータ）"},"geometry":{"type":"Point","coordinates":[139.989236,35.697957]}},{"type":"Feature","properties":{"layer_id":"cafe_restaurant","name":"ハレカフェ","address":"千葉県船橋市浜町１－６－５－１２０","source":"厚生労働省 食品衛生申請等システム（オープンデータ）"},"geometry":{"type":"Point","coordinates":[139.990256,35.690222]}},{"type":"Feature","properties":{"layer_id":"cafe_restaurant","name":"ｔａｐｉｏｃａ　ｓｗｅｅｔｓ　ｔｕｔｕ","address":"千葉県船橋市山手１－１－８ イオンモール船橋　３Ｆ　フードコート","source":"厚生労働省 食品衛生申請等システム（オープンデータ）"},"geometry":{"type":"Point","coordinates":[139.978715,35.711455]}},{"type":"Feature","properties":{"layer_id":"cafe_restaurant","name":"麺屋ふく","address":"千葉県船橋市二和東２－３－１７","source":"厚生労働省 食品衛生申請等システム（オープンデータ）"},"geometry":{"type":"Point","coordinates":[140.022595,35.745251]}},{"type":"Feature","properties":{"layer_id":"cafe_restaurant","name":"宝ジェンヌ","address":"千葉県船橋市前原西２－１４－１ ダイヤパレス津田沼２０２","source":"厚生労働省 食品衛生申請等システム（オープンデータ）"},"geometry":{"type":"Point","coordinates":[140.02065,35.692168]}},{"type":"Feature","properties":{"layer_id":"cafe_restaurant","name":"旨味屋","address":"千葉県船橋市海神１－９－１１","source":"厚生労働省 食品衛生申請等システム（オープンデータ）"},"geometry":{"type":"Point","coordinates":[139.97872,35.701004]}},{"type":"Feature","properties":{"layer_id":"cafe_restaurant","name":"ペッパーランチららぽーとTOKYO-BAY店","address":"千葉県船橋市浜町２－１－１ 三井ショッピングパークららぽーとＴＯＫＹＯ－ＢＡＹ西館 1階","source":"厚生労働省 食品衛生申請等システム（オープンデータ）"},"geometry":{"type":"Point","coordinates":[139.99124,35.686139]}},{"type":"Feature","properties":{"layer_id":"cafe_restaurant","name":"楽福","address":"千葉県船橋市二和西４丁目36-21","source":"厚生労働省 食品衛生申請等システム（オープンデータ）"},"geometry":{"type":"Point","coordinates":[140.018875,35.752763]}},{"type":"Feature","properties":{"layer_id":"cafe_restaurant","name":"秋枝のだいどころ","address":"千葉県船橋市金杉台１－１－４－１０１","source":"厚生労働省 食品衛生申請等システム（オープンデータ）"},"geometry":{"type":"Point","coordinates":[140.011931,35.734902]}},{"type":"Feature","properties":{"layer_id":"cafe_restaurant","name":"ベストライフ船橋南","address":"千葉県船橋市西船4丁目30番17号","source":"厚生労働省 食品衛生申請等システム（オープンデータ）"},"geometry":{"type":"Point","coordinates":[139.960944,35.707788]}},{"type":"Feature","properties":{"layer_id":"cafe_restaurant","name":"ベストライフ船橋東","address":"千葉県船橋市西船4丁目30番2号","source":"厚生労働省 食品衛生申請等システム（オープンデータ）"},"geometry":{"type":"Point","coordinates":[139.961341,35.707843]}},{"type":"Feature","properties":{"layer_id":"cafe_restaurant","name":"ベストライフ船橋西","address":"千葉県船橋市本郷町713","source":"厚生労働省 食品衛生申請等システム（オープンデータ）"},"geometry":{"type":"Point","coordinates":[139.950527,35.706588]}},{"type":"Feature","properties":{"layer_id":"cafe_restaurant","name":"セレクション西船橋店","address":"千葉県船橋市印内町５７９－１","source":"厚生労働省 食品衛生申請等システム（オープンデータ）"},"geometry":{"type":"Point","coordinates":[139.959521,35.706342]}},{"type":"Feature","properties":{"layer_id":"cafe_restaurant","name":"オカマＢＡＲ　ハッチ＆セーラーズ","address":"千葉県船橋市高根台７－９－１７","source":"厚生労働省 食品衛生申請等システム（オープンデータ）"},"geometry":{"type":"Point","coordinates":[140.029283,35.729718]}},{"type":"Feature","properties":{"layer_id":"cafe_restaurant","name":"戯拉戯拉","address":"千葉県船橋市本町４－４１ー２９ ライオンビル１Ｆ","source":"厚生労働省 食品衛生申請等システム（オープンデータ）"},"geometry":{"type":"Point","coordinates":[139.98623,35.699169]}},{"type":"Feature","properties":{"layer_id":"cafe_restaurant","name":"シェアキッチン　クレアシオン","address":"千葉県船橋市高根台7－11－5","source":"厚生労働省 食品衛生申請等システム（オープンデータ）"},"geometry":{"type":"Point","coordinates":[140.030157,35.728838]}},{"type":"Feature","properties":{"layer_id":"cafe_restaurant","name":"SIUNAUS SWEETS 北習志野店","address":"千葉県船橋市習志野台3-18-3 田尻ビル","source":"厚生労働省 食品衛生申請等システム（オープンデータ）"},"geometry":{"type":"Point","coordinates":[140.043582,35.720859]}},{"type":"Feature","properties":{"layer_id":"cafe_restaurant","name":"居酒屋　かほる","address":"千葉県船橋市湊町２－１５－１","source":"厚生労働省 食品衛生申請等システム（オープンデータ）"},"geometry":{"type":"Point","coordinates":[139.982371,35.693204]}},{"type":"Feature","properties":{"layer_id":"cafe_restaurant","name":"ｍ５６９００","address":"千葉県船橋市習志野４－１２－１","source":"厚生労働省 食品衛生申請等システム（オープンデータ）"},"geometry":{"type":"Point","coordinates":[140.061928,35.705861]}},{"type":"Feature","properties":{"layer_id":"cafe_restaurant","name":"吉川水産","address":"千葉県船橋市前原西２丁目　１９番１号 津田沼ビート　ベイシア津田沼店内","source":"厚生労働省 食品衛生申請等システム（オープンデータ）"},"geometry":{"type":"Point","coordinates":[140.022134,35.692362]}},{"type":"Feature","properties":{"layer_id":"cafe_restaurant","name":"鉄板焼　九九","address":"千葉県船橋市西船４－２０－２－１","source":"厚生労働省 食品衛生申請等システム（オープンデータ）"},"geometry":{"type":"Point","coordinates":[139.958117,35.708519]}},{"type":"Feature","properties":{"layer_id":"cafe_restaurant","name":"すし酒場　丸鮮","address":"千葉県船橋市前原西２－１４－１－１０５","source":"厚生労働省 食品衛生申請等システム（オープンデータ）"},"geometry":{"type":"Point","coordinates":[140.020689,35.692283]}},{"type":"Feature","properties":{"layer_id":"cafe_restaurant","name":"すし藤乃","address":"千葉県船橋市前原西2-13-2-2階","source":"厚生労働省 食品衛生申請等システム（オープンデータ）"},"geometry":{"type":"Point","coordinates":[140.021592,35.6931]}},{"type":"Feature","properties":{"layer_id":"cafe_restaurant","name":"豚大学　ららぽーとＴＯＫＹＯ－ＢＡＹ店","address":"千葉県船橋市浜町２－１－１ ららぽーとＴＯＫＹＯ－ＢＡＹ西館１階","source":"厚生労働省 食品衛生申請等システム（オープンデータ）"},"geometry":{"type":"Point","coordinates":[139.987769,35.687317]}},{"type":"Feature","properties":{"layer_id":"cafe_restaurant","name":"キャロルのしっぽ","address":"千葉県船橋市上山町３－５３１－７","source":"厚生労働省 食品衛生申請等システム（オープンデータ）"},"geometry":{"type":"Point","coordinates":[139.982865,35.73881]}},{"type":"Feature","properties":{"layer_id":"cafe_restaurant","name":"Ｆｒｏｍ　Ｆａｒｍ　アンデルセン公園","address":"千葉県船橋市金堀町５２５","source":"厚生労働省 食品衛生申請等システム（オープンデータ）"},"geometry":{"type":"Point","coordinates":[140.058139,35.758906]}},{"type":"Feature","properties":{"layer_id":"cafe_restaurant","name":"麺や　シバケン","address":"千葉県船橋市本中山２－１６－９","source":"厚生労働省 食品衛生申請等システム（オープンデータ）"},"geometry":{"type":"Point","coordinates":[139.943445,35.714937]}},{"type":"Feature","properties":{"layer_id":"cafe_restaurant","name":"ファミリマート船橋飯山満町二丁目店","address":"千葉県船橋市飯山満町２－６８５－１","source":"厚生労働省 食品衛生申請等システム（オープンデータ）"},"geometry":{"type":"Point","coordinates":[140.018229,35.708503]}},{"type":"Feature","properties":{"layer_id":"cafe_restaurant","name":"ｃａｆｅ　ＢＡＲ　愛","address":"千葉県船橋市海神４－１４－１５","source":"厚生労働省 食品衛生申請等システム（オープンデータ）"},"geometry":{"type":"Point","coordinates":[139.973215,35.707761]}},{"type":"Feature","properties":{"layer_id":"cafe_restaurant","name":"日本一　東武百貨店船橋店","address":"千葉県船橋市本町7丁目1-1 東武百貨店船橋店B1階","source":"厚生労働省 食品衛生申請等システム（オープンデータ）"},"geometry":{"type":"Point","coordinates":[139.986591,35.701433]}},{"type":"Feature","properties":{"layer_id":"cafe_restaurant","name":"日本一　イオンモール船橋店","address":"千葉県船橋市山手1-1-8 イオンモール船橋店１階","source":"厚生労働省 食品衛生申請等システム（オープンデータ）"},"geometry":{"type":"Point","coordinates":[139.978861,35.711907]}},{"type":"Feature","properties":{"layer_id":"cafe_restaurant","name":"ぶたけん。2nd","address":"千葉県船橋市前原西２－１５－１２ 第２三商ビル２Ｆ","source":"厚生労働省 食品衛生申請等システム（オープンデータ）"},"geometry":{"type":"Point","coordinates":[140.0209,35.692942]}},{"type":"Feature","properties":{"layer_id":"cafe_restaurant","name":"魚乃焼肉屋 徳川商店","address":"千葉県船橋市本町3-5-1 石田ビル1階","source":"厚生労働省 食品衛生申請等システム（オープンデータ）"},"geometry":{"type":"Point","coordinates":[139.987933,35.697465]}},{"type":"Feature","properties":{"layer_id":"cafe_restaurant","name":"肉の匠 将泰庵 船橋駅前はなれ店","address":"千葉県船橋市本町4-3-5 大西園ビル2F","source":"厚生労働省 食品衛生申請等システム（オープンデータ）"},"geometry":{"type":"Point","coordinates":[139.986634,35.700749]}},{"type":"Feature","properties":{"layer_id":"cafe_restaurant","name":"和牛ステーキ・ハンバーグ将泰庵","address":"千葉県船橋市本町7-1-1","source":"厚生労働省 食品衛生申請等システム（オープンデータ）"},"geometry":{"type":"Point","coordinates":[139.986561,35.701433]}},{"type":"Feature","properties":{"layer_id":"cafe_restaurant","name":"ピーターパン珈琲　船橋三咲店","address":"千葉県船橋市三咲４－１２－２０","source":"厚生労働省 食品衛生申請等システム（オープンデータ）"},"geometry":{"type":"Point","coordinates":[140.03574,35.75191]}},{"type":"Feature","properties":{"layer_id":"cafe_restaurant","name":"おでん屋たけし　船橋店","address":"千葉県船橋市本町４－３－９","source":"厚生労働省 食品衛生申請等システム（オープンデータ）"},"geometry":{"type":"Point","coordinates":[139.986961,35.700817]}},{"type":"Feature","properties":{"layer_id":"cafe_restaurant","name":"炭火串焼　びんすけ","address":"千葉県船橋市習志野台３－１７－９ プリムローズヒル１階","source":"厚生労働省 食品衛生申請等システム（オープンデータ）"},"geometry":{"type":"Point","coordinates":[140.044122,35.719775]}},{"type":"Feature","properties":{"layer_id":"cafe_restaurant","name":"炭火串焼　功ちゃん","address":"千葉県船橋市二和東５－２５－２０ サクラハイツ１０５号","source":"厚生労働省 食品衛生申請等システム（オープンデータ）"},"geometry":{"type":"Point","coordinates":[140.021993,35.753994]}},{"type":"Feature","properties":{"layer_id":"cafe_restaurant","name":"ケアハウス　シオン","address":"千葉県船橋市豊富町６５９－３","source":"厚生労働省 食品衛生申請等システム（オープンデータ）"},"geometry":{"type":"Point","coordinates":[140.073263,35.764628]}},{"type":"Feature","properties":{"layer_id":"cafe_restaurant","name":"らあめん花月嵐　東船橋北口店","address":"千葉県船橋市東船橋２－１０－４","source":"厚生労働省 食品衛生申請等システム（オープンデータ）"},"geometry":{"type":"Point","coordinates":[140.00465,35.697348]}},{"type":"Feature","properties":{"layer_id":"cafe_restaurant","name":"ウララ","address":"千葉県船橋市本町２－２３－５ １Ｆ","source":"厚生労働省 食品衛生申請等システム（オープンデータ）"},"geometry":{"type":"Point","coordinates":[139.982633,35.698448]}},{"type":"Feature","properties":{"layer_id":"cafe_restaurant","name":"デイリーヤマザキ船橋浜町２丁目店","address":"千葉県船橋市浜町２－１６－７","source":"厚生労働省 食品衛生申請等システム（オープンデータ）"},"geometry":{"type":"Point","coordinates":[139.986602,35.681236]}},{"type":"Feature","properties":{"layer_id":"cafe_restaurant","name":"不二認定こども園","address":"千葉県船橋市飯山満町２丁目666番地","source":"厚生労働省 食品衛生申請等システム（オープンデータ）"},"geometry":{"type":"Point","coordinates":[140.021335,35.711068]}},{"type":"Feature","properties":{"layer_id":"cafe_restaurant","name":"ローソンストア100船橋大神宮店","address":"千葉県船橋市宮本２－３－７","source":"厚生労働省 食品衛生申請等システム（オープンデータ）"},"geometry":{"type":"Point","coordinates":[139.992058,35.696083]}},{"type":"Feature","properties":{"layer_id":"cafe_restaurant","name":"フル－ツカフェにしかわ","address":"千葉県船橋市藤原2-17-18-101 Ysコート","source":"厚生労働省 食品衛生申請等システム（オープンデータ）"},"geometry":{"type":"Point","coordinates":[139.968372,35.731275]}},{"type":"Feature","properties":{"layer_id":"cafe_restaurant","name":"小室の茶屋","address":"千葉県船橋市小室町3320","source":"厚生労働省 食品衛生申請等システム（オープンデータ）"},"geometry":{"type":"Point","coordinates":[140.075176,35.787535]}},{"type":"Feature","properties":{"layer_id":"cafe_restaurant","name":"ＳＨＵＮＧＯＲＯＵ　ＫＩＴＣＨＥＮ＆ＢＡＲ","address":"千葉県船橋市三山４－３１－５","source":"厚生労働省 食品衛生申請等システム（オープンデータ）"},"geometry":{"type":"Point","coordinates":[140.051805,35.70094]}},{"type":"Feature","properties":{"layer_id":"cafe_restaurant","name":"魚人+","address":"千葉県船橋市高根台7-13-16-103 ハイツ順","source":"厚生労働省 食品衛生申請等システム（オープンデータ）"},"geometry":{"type":"Point","coordinates":[140.029142,35.730094]}},{"type":"Feature","properties":{"layer_id":"cafe_restaurant","name":"ｃａｆｅ処　海神○","address":"千葉県船橋市海神５－３－２１","source":"厚生労働省 食品衛生申請等システム（オープンデータ）"},"geometry":{"type":"Point","coordinates":[139.972729,35.707324]}},{"type":"Feature","properties":{"layer_id":"cafe_restaurant","name":"焼肉　ごじ","address":"千葉県船橋市本町６－１－１２ １階","source":"厚生労働省 食品衛生申請等システム（オープンデータ）"},"geometry":{"type":"Point","coordinates":[139.986087,35.70342]}},{"type":"Feature","properties":{"layer_id":"cafe_restaurant","name":"メグスパ軽食コーナー","address":"千葉県船橋市大神保町１３５６－３","source":"厚生労働省 食品衛生申請等システム（オープンデータ）"},"geometry":{"type":"Point","coordinates":[140.068915,35.774558]}},{"type":"Feature","properties":{"layer_id":"cafe_restaurant","name":"京都利休の生わらびもち","address":"千葉県船橋市浜町2丁目1番1号 ららぽーとTOKYO-BAY　南館1F D101号室","source":"厚生労働省 食品衛生申請等システム（オープンデータ）"},"geometry":{"type":"Point","coordinates":[139.987793,35.68732]}},{"type":"Feature","properties":{"layer_id":"cafe_restaurant","name":"もつ焼　坊っちゃん　船橋本店","address":"千葉県船橋市本町４－４４－２ 船橋東和ビル２Ｆ","source":"厚生労働省 食品衛生申請等システム（オープンデータ）"},"geometry":{"type":"Point","coordinates":[139.986633,35.700114]}},{"type":"Feature","properties":{"layer_id":"cafe_restaurant","name":"カラオケ居酒屋みぃ","address":"千葉県船橋市高根台1-7-8","source":"厚生労働省 食品衛生申請等システム（オープンデータ）"},"geometry":{"type":"Point","coordinates":[140.029497,35.730705]}},{"type":"Feature","properties":{"layer_id":"cafe_restaurant","name":"おでん屋　祭茶屋","address":"千葉県船橋市前原西２－４－１０ Ｙビル２Ｆ","source":"厚生労働省 食品衛生申請等システム（オープンデータ）"},"geometry":{"type":"Point","coordinates":[140.018815,35.692958]}},{"type":"Feature","properties":{"layer_id":"cafe_restaurant","name":"ゼッテリア北習志野店","address":"千葉県船橋市習志野台２－６－１４","source":"厚生労働省 食品衛生申請等システム（オープンデータ）"},"geometry":{"type":"Point","coordinates":[140.044125,35.722426]}},{"type":"Feature","properties":{"layer_id":"cafe_restaurant","name":"ハーベストネクスト株式会社　船橋市立行田東小学校給食室","address":"千葉県船橋市行田２－４－１","source":"厚生労働省 食品衛生申請等システム（オープンデータ）"},"geometry":{"type":"Point","coordinates":[139.974267,35.717242]}},{"type":"Feature","properties":{"layer_id":"cafe_restaurant","name":"ハーベストネクスト株式会社　船橋市立行田西小学校給食室","address":"千葉県船橋市行田３－４－１","source":"厚生労働省 食品衛生申請等システム（オープンデータ）"},"geometry":{"type":"Point","coordinates":[139.968667,35.719386]}},{"type":"Feature","properties":{"layer_id":"cafe_restaurant","name":"じゅぴっく","address":"千葉県船橋市前原西２－１２－１３ 第２豊栄ビルB１","source":"厚生労働省 食品衛生申請等システム（オープンデータ）"},"geometry":{"type":"Point","coordinates":[140.021734,35.693271]}},{"type":"Feature","properties":{"layer_id":"cafe_restaurant","name":"ほっともっと高根公団駅前店","address":"千葉県船橋市高根台１－９－２３－１０３","source":"厚生労働省 食品衛生申請等システム（オープンデータ）"},"geometry":{"type":"Point","coordinates":[140.030396,35.731805]}},{"type":"Feature","properties":{"layer_id":"cafe_restaurant","name":"ＮＥＷ　ＥＶＥＲＥＳＴ　ＤＩＮＩＮＧ　ｉｎｄｉａｎ　ｎｅｐａｌｉ　ｒｅｓｔａｕｒａｎｔ　ｂａｒ　＆　ｈａｌａｌ　ｆｏｏｄ","address":"千葉県船橋市西習志野２－９－６","source":"厚生労働省 食品衛生申請等システム（オープンデータ）"},"geometry":{"type":"Point","coordinates":[140.035424,35.724922]}},{"type":"Feature","properties":{"layer_id":"cafe_restaurant","name":"ケアパートナー飯山満","address":"千葉県船橋市芝山３－２－１","source":"厚生労働省 食品衛生申請等システム（オープンデータ）"},"geometry":{"type":"Point","coordinates":[140.019447,35.718145]}},{"type":"Feature","properties":{"layer_id":"cafe_restaurant","name":"下町バル　スパイス","address":"千葉県船橋市本町４－４２－１４","source":"厚生労働省 食品衛生申請等システム（オープンデータ）"},"geometry":{"type":"Point","coordinates":[139.986589,35.699252]}},{"type":"Feature","properties":{"layer_id":"cafe_restaurant","name":"ロピア 習志野台","address":"千葉県船橋市習志野台8-58-1 ゆめまち習志野台モール内","source":"厚生労働省 食品衛生申請等システム（オープンデータ）"},"geometry":{"type":"Point","coordinates":[140.065222,35.718027]}},{"type":"Feature","properties":{"layer_id":"cafe_restaurant","name":"ロピア　習志野台","address":"千葉県船橋市習志野台8-58-1 ゆめまち習志野台モール内","source":"厚生労働省 食品衛生申請等システム（オープンデータ）"},"geometry":{"type":"Point","coordinates":[140.065222,35.718027]}},{"type":"Feature","properties":{"layer_id":"cafe_restaurant","name":"旬膳　しら石","address":"千葉県船橋市西習志野２－４－２","source":"厚生労働省 食品衛生申請等システム（オープンデータ）"},"geometry":{"type":"Point","coordinates":[140.034792,35.726458]}},{"type":"Feature","properties":{"layer_id":"cafe_restaurant","name":"蔵８２８　船橋店　ｂｙ　酒どっとｃｏｍｅ","address":"千葉県船橋市本町６－３－２１ 天沼コーポ１Ｆ","source":"厚生労働省 食品衛生申請等システム（オープンデータ）"},"geometry":{"type":"Point","coordinates":[139.987553,35.703325]}},{"type":"Feature","properties":{"layer_id":"cafe_restaurant","name":"喫茶　のんの","address":"千葉県船橋市西習志野１－９－６","source":"厚生労働省 食品衛生申請等システム（オープンデータ）"},"geometry":{"type":"Point","coordinates":[140.033111,35.726908]}},{"type":"Feature","properties":{"layer_id":"cafe_restaurant","name":"二代目やっこ","address":"千葉県船橋市本町２－８－２","source":"厚生労働省 食品衛生申請等システム（オープンデータ）"},"geometry":{"type":"Point","coordinates":[139.982867,35.696742]}},{"type":"Feature","properties":{"layer_id":"cafe_restaurant","name":"エビ中華、シンシン","address":"千葉県船橋市本町4丁目43-20 ｎａｎｏビル102","source":"厚生労働省 食品衛生申請等システム（オープンデータ）"},"geometry":{"type":"Point","coordinates":[139.986921,35.699273]}},{"type":"Feature","properties":{"layer_id":"cafe_restaurant","name":"ワンミニッツカレー　ランプ","address":"千葉県船橋市本町１－３－１ フェイスビル２Ｆ","source":"厚生労働省 食品衛生申請等システム（オープンデータ）"},"geometry":{"type":"Point","coordinates":[139.983469,35.700042]}},{"type":"Feature","properties":{"layer_id":"cafe_restaurant","name":"つけ麺一頂","address":"千葉県船橋市本町１丁目３番1号フェイスビル１F","source":"厚生労働省 食品衛生申請等システム（オープンデータ）"},"geometry":{"type":"Point","coordinates":[139.985539,35.700703]}},{"type":"Feature","properties":{"layer_id":"cafe_restaurant","name":"香港料理飲茶　珍味苑","address":"千葉県船橋市前原西８－２－３","source":"厚生労働省 食品衛生申請等システム（オープンデータ）"},"geometry":{"type":"Point","coordinates":[140.027974,35.702134]}},{"type":"Feature","properties":{"layer_id":"cafe_restaurant","name":"中華　とんとん","address":"千葉県船橋市豊富町５－２９","source":"厚生労働省 食品衛生申請等システム（オープンデータ）"},"geometry":{"type":"Point","coordinates":[140.065083,35.762433]}},{"type":"Feature","properties":{"layer_id":"cafe_restaurant","name":"CLUB　VEGA","address":"千葉県船橋市本町４－３－５ 大西園ビル６階","source":"厚生労働省 食品衛生申請等システム（オープンデータ）"},"geometry":{"type":"Point","coordinates":[139.986631,35.700802]}},{"type":"Feature","properties":{"layer_id":"cafe_restaurant","name":"CLUB ODIN","address":"千葉県船橋市本町４－３－５ 大西園ビル５階","source":"厚生労働省 食品衛生申請等システム（オープンデータ）"},"geometry":{"type":"Point","coordinates":[139.986631,35.700802]}},{"type":"Feature","properties":{"layer_id":"cafe_restaurant","name":"ＣＡＭＰＯ　ＳＯＬＡＲＥ","address":"千葉県船橋市本町７－1－１ 東武百貨店船橋店　Ｂ１Ｆ　２番地","source":"厚生労働省 食品衛生申請等システム（オープンデータ）"},"geometry":{"type":"Point","coordinates":[139.986591,35.701433]}},{"type":"Feature","properties":{"layer_id":"cafe_restaurant","name":"デリインドレストラン＆ケバブハウス","address":"千葉県船橋市潮見町４０","source":"厚生労働省 食品衛生申請等システム（オープンデータ）"},"geometry":{"type":"Point","coordinates":[139.968496,35.672832]}},{"type":"Feature","properties":{"layer_id":"cafe_restaurant","name":"ＩＦＳ　Ｂｉｓｔｒｏ　＆　Ｓｗｅｄｅｎ　Ｆｏｏｄ　Ｍａｒｋｅｔ","address":"千葉県船橋市浜町２－３－３０ １F","source":"厚生労働省 食品衛生申請等システム（オープンデータ）"},"geometry":{"type":"Point","coordinates":[139.992142,35.681735]}},{"type":"Feature","properties":{"layer_id":"cafe_restaurant","name":"中華料理　京華","address":"千葉県船橋市本中山３－１７－６","source":"厚生労働省 食品衛生申請等システム（オープンデータ）"},"geometry":{"type":"Point","coordinates":[139.943208,35.710879]}},{"type":"Feature","properties":{"layer_id":"cafe_restaurant","name":"ファミリーマート船橋駅北店","address":"千葉県船橋市本町６－１－３","source":"厚生労働省 食品衛生申請等システム（オープンデータ）"},"geometry":{"type":"Point","coordinates":[139.985759,35.703604]}},{"type":"Feature","properties":{"layer_id":"cafe_restaurant","name":"日高屋　津田沼北口店","address":"千葉県船橋市前原西２－１３－１５","source":"厚生労働省 食品衛生申請等システム（オープンデータ）"},"geometry":{"type":"Point","coordinates":[140.021532,35.692662]}},{"type":"Feature","properties":{"layer_id":"cafe_restaurant","name":"MIXUE","address":"千葉県船橋市浜町2丁目1番1号 ららぽーとTOKYO-BAY　南館　１階　D１０１区画","source":"厚生労働省 食品衛生申請等システム（オープンデータ）"},"geometry":{"type":"Point","coordinates":[139.987793,35.68732]}},{"type":"Feature","properties":{"layer_id":"cafe_restaurant","name":"船橋　馬喰ろう","address":"千葉県船橋市本町４－４０－３５","source":"厚生労働省 食品衛生申請等システム（オープンデータ）"},"geometry":{"type":"Point","coordinates":[139.986616,35.698778]}},{"type":"Feature","properties":{"layer_id":"cafe_restaurant","name":"洋食堂バル３６９","address":"千葉県船橋市高根台1-8-1","source":"厚生労働省 食品衛生申請等システム（オープンデータ）"},"geometry":{"type":"Point","coordinates":[140.030083,35.730609]}},{"type":"Feature","properties":{"layer_id":"cafe_restaurant","name":"いしがまやハンバーグ ららぽーとTOKYO-BAY","address":"千葉県船橋市浜町2丁目1番1号 ららぽーとTOKYO-BAY　北館３階","source":"厚生労働省 食品衛生申請等システム（オープンデータ）"},"geometry":{"type":"Point","coordinates":[139.987769,35.687317]}},{"type":"Feature","properties":{"layer_id":"cafe_restaurant","name":"丸源ラーメン　船橋宮本店","address":"千葉県船橋市宮本９－４－１","source":"厚生労働省 食品衛生申請等システム（オープンデータ）"},"geometry":{"type":"Point","coordinates":[139.997638,35.689397]}},{"type":"Feature","properties":{"layer_id":"cafe_restaurant","name":"Ｂａｒ　Ｄｉｏ","address":"千葉県船橋市西船４－２１－３－１Ｆ","source":"厚生労働省 食品衛生申請等システム（オープンデータ）"},"geometry":{"type":"Point","coordinates":[139.9585,35.709078]}},{"type":"Feature","properties":{"layer_id":"cafe_restaurant","name":"セブンーイレブン船橋芝山６丁目店","address":"千葉県船橋市芝山６－６０－１","source":"厚生労働省 食品衛生申請等システム（オープンデータ）"},"geometry":{"type":"Point","coordinates":[140.02827,35.725317]}},{"type":"Feature","properties":{"layer_id":"cafe_restaurant","name":"ふなから松が丘店","address":"千葉県船橋市松が丘３－５－２０","source":"厚生労働省 食品衛生申請等システム（オープンデータ）"},"geometry":{"type":"Point","coordinates":[140.047456,35.733846]}},{"type":"Feature","properties":{"layer_id":"cafe_restaurant","name":"株式会社　彩福","address":"千葉県船橋市本中山6-10-7","source":"厚生労働省 食品衛生申請等システム（オープンデータ）"},"geometry":{"type":"Point","coordinates":[139.940785,35.704591]}},{"type":"Feature","properties":{"layer_id":"cafe_restaurant","name":"Ｓｗｅｅｔ　ＫａｖａＫａｖａ","address":"千葉県船橋市前原西２－１－１","source":"厚生労働省 食品衛生申請等システム（オープンデータ）"},"geometry":{"type":"Point","coordinates":[140.017247,35.694144]}},{"type":"Feature","properties":{"layer_id":"cafe_restaurant","name":"グルーヴィーキッチン","address":"千葉県船橋市前原西２－１－５－１０１","source":"厚生労働省 食品衛生申請等システム（オープンデータ）"},"geometry":{"type":"Point","coordinates":[140.017965,35.693871]}},{"type":"Feature","properties":{"layer_id":"cafe_restaurant","name":"マクドナルド　津田沼駅前店","address":"千葉県船橋市前原西２－１４－８ パスタビル　１Ｆ","source":"厚生労働省 食品衛生申請等システム（オープンデータ）"},"geometry":{"type":"Point","coordinates":[140.020578,35.69185]}},{"type":"Feature","properties":{"layer_id":"cafe_restaurant","name":"ホルモン酒場　フナバシ屋","address":"千葉県船橋市西船４丁目２３番１０号","source":"厚生労働省 食品衛生申請等システム（オープンデータ）"},"geometry":{"type":"Point","coordinates":[139.958862,35.70902]}},{"type":"Feature","properties":{"layer_id":"cafe_restaurant","name":"ホテル　ＳＨＩＰ’Ｓ","address":"千葉県船橋市宮本９－３－３５","source":"厚生労働省 食品衛生申請等システム（オープンデータ）"},"geometry":{"type":"Point","coordinates":[139.997214,35.688828]}},{"type":"Feature","properties":{"layer_id":"cafe_restaurant","name":"リントスポート","address":"千葉県船橋市海神町南1-1544-8","source":"厚生労働省 食品衛生申請等システム（オープンデータ）"},"geometry":{"type":"Point","coordinates":[139.970988,35.700867]}},{"type":"Feature","properties":{"layer_id":"cafe_restaurant","name":"リントスカフェ","address":"千葉県船橋市海神町南１ー１５４４ー１","source":"厚生労働省 食品衛生申請等システム（オープンデータ）"},"geometry":{"type":"Point","coordinates":[139.971106,35.700997]}},{"type":"Feature","properties":{"layer_id":"cafe_restaurant","name":"ゴンチャららぽーと　TOKYO-BAY 南館1階","address":"千葉県船橋市浜町2丁目1番1号 ららぽーと TOKYO-BAY南館１階","source":"厚生労働省 食品衛生申請等システム（オープンデータ）"},"geometry":{"type":"Point","coordinates":[139.987793,35.68732]}},{"type":"Feature","properties":{"layer_id":"cafe_restaurant","name":"銀木犀＜薬園台＞","address":"千葉県船橋市飯山満町3丁目1587番地","source":"厚生労働省 食品衛生申請等システム（オープンデータ）"},"geometry":{"type":"Point","coordinates":[140.030794,35.71353]}},{"type":"Feature","properties":{"layer_id":"cafe_restaurant","name":"銀木犀＜船橋夏見＞","address":"千葉県船橋市夏見２－１６－１２","source":"厚生労働省 食品衛生申請等システム（オープンデータ）"},"geometry":{"type":"Point","coordinates":[139.988156,35.713157]}},{"type":"Feature","properties":{"layer_id":"cafe_restaurant","name":"キューピット","address":"千葉県船橋市本中山７－６－１","source":"厚生労働省 食品衛生申請等システム（オープンデータ）"},"geometry":{"type":"Point","coordinates":[139.941556,35.702723]}},{"type":"Feature","properties":{"layer_id":"cafe_restaurant","name":"中田屋","address":"千葉県船橋市湊町１－９－１４","source":"厚生労働省 食品衛生申請等システム（オープンデータ）"},"geometry":{"type":"Point","coordinates":[139.98635,35.693611]}},{"type":"Feature","properties":{"layer_id":"cafe_restaurant","name":"寿司割烹　隆","address":"千葉県船橋市本町４ー４３－１４ クロシェットビル　１０１","source":"厚生労働省 食品衛生申請等システム（オープンデータ）"},"geometry":{"type":"Point","coordinates":[139.987297,35.698843]}},{"type":"Feature","properties":{"layer_id":"cafe_restaurant","name":"ミニストップ船橋豊富店","address":"千葉県船橋市豊富町６５８－１","source":"厚生労働省 食品衛生申請等システム（オープンデータ）"},"geometry":{"type":"Point","coordinates":[140.073593,35.764806]}},{"type":"Feature","properties":{"layer_id":"cafe_restaurant","name":"食彩館　船橋藤原本店","address":"千葉県船橋市藤原６－２８－７","source":"厚生労働省 食品衛生申請等システム（オープンデータ）"},"geometry":{"type":"Point","coordinates":[139.976551,35.745845]}},{"type":"Feature","properties":{"layer_id":"cafe_restaurant","name":"とんかつ　駿河家","address":"千葉県船橋市松が丘１－１０－１","source":"厚生労働省 食品衛生申請等システム（オープンデータ）"},"geometry":{"type":"Point","coordinates":[140.046513,35.732951]}},{"type":"Feature","properties":{"layer_id":"cafe_restaurant","name":"Italian Kitchen ＶＡＮＳＡＮ　西船橋店","address":"千葉県船橋市本郷町４２１－２","source":"厚生労働省 食品衛生申請等システム（オープンデータ）"},"geometry":{"type":"Point","coordinates":[139.95489,35.707561]}},{"type":"Feature","properties":{"layer_id":"cafe_restaurant","name":"道とん堀　習志野台店","address":"千葉県船橋市習志野台７－２６－５１","source":"厚生労働省 食品衛生申請等システム（オープンデータ）"},"geometry":{"type":"Point","coordinates":[140.056227,35.721854]}},{"type":"Feature","properties":{"layer_id":"cafe_restaurant","name":"栄華光","address":"千葉県船橋市本町４－２－２１","source":"厚生労働省 食品衛生申請等システム（オープンデータ）"},"geometry":{"type":"Point","coordinates":[139.98619,35.70113]}},{"type":"Feature","properties":{"layer_id":"cafe_restaurant","name":"橋本ヤギヤ食堂","address":"千葉県船橋市北本町1丁目16番55号（県内１円）","source":"厚生労働省 食品衛生申請等システム（オープンデータ）"},"geometry":{"type":"Point","coordinates":[139.982813,35.710413]}},{"type":"Feature","properties":{"layer_id":"cafe_restaurant","name":"マロンド　北習志野店","address":"千葉県船橋市習志野台２－６－２１","source":"厚生労働省 食品衛生申請等システム（オープンデータ）"},"geometry":{"type":"Point","coordinates":[140.043092,35.722166]}},{"type":"Feature","properties":{"layer_id":"cafe_restaurant","name":"絵本カフェ　おはなしやさん","address":"千葉県船橋市本町２－２０－２４","source":"厚生労働省 食品衛生申請等システム（オープンデータ）"},"geometry":{"type":"Point","coordinates":[139.980659,35.699612]}},{"type":"Feature","properties":{"layer_id":"cafe_restaurant","name":"手打そば処　さくら","address":"千葉県船橋市丸山４－４６－３","source":"厚生労働省 食品衛生申請等システム（オープンデータ）"},"geometry":{"type":"Point","coordinates":[139.998616,35.750084]}},{"type":"Feature","properties":{"layer_id":"cafe_restaurant","name":"CRAFTBAKERS下総中山店","address":"千葉県船橋市本中山３－２０－１４","source":"厚生労働省 食品衛生申請等システム（オープンデータ）"},"geometry":{"type":"Point","coordinates":[139.942737,35.714144]}},{"type":"Feature","properties":{"layer_id":"cafe_restaurant","name":"サミットストア　馬込沢駅前店","address":"千葉県船橋市藤原７－２－２","source":"厚生労働省 食品衛生申請等システム（オープンデータ）"},"geometry":{"type":"Point","coordinates":[139.991661,35.742342]}},{"type":"Feature","properties":{"layer_id":"cafe_restaurant","name":"ＴＡＲＯ","address":"千葉県船橋市前原西３－５－１５","source":"厚生労働省 食品衛生申請等システム（オープンデータ）"},"geometry":{"type":"Point","coordinates":[140.017101,35.694442]}},{"type":"Feature","properties":{"layer_id":"cafe_restaurant","name":"珈琲茶房　光香","address":"千葉県船橋市二和東５－８－２３","source":"厚生労働省 食品衛生申請等システム（オープンデータ）"},"geometry":{"type":"Point","coordinates":[140.019978,35.753363]}},{"type":"Feature","properties":{"layer_id":"cafe_restaurant","name":"炎と味　わらい","address":"千葉県船橋市本中山7丁目21‐1","source":"厚生労働省 食品衛生申請等システム（オープンデータ）"},"geometry":{"type":"Point","coordinates":[139.940955,35.702463]}},{"type":"Feature","properties":{"layer_id":"cafe_restaurant","name":"ホテル　ＯＰＥＲＡ　ＲＥＳＯＲＴ","address":"千葉県船橋市海神町東１－１００５－３","source":"厚生労働省 食品衛生申請等システム（オープンデータ）"},"geometry":{"type":"Point","coordinates":[139.970628,35.701747]}},{"type":"Feature","properties":{"layer_id":"cafe_restaurant","name":"Café＆dining　入母屋珈琲　津田沼店","address":"千葉県船橋市滝台１－７－２－１","source":"厚生労働省 食品衛生申請等システム（オープンデータ）"},"geometry":{"type":"Point","coordinates":[140.034808,35.706456]}},{"type":"Feature","properties":{"layer_id":"cafe_restaurant","name":"比内地鶏専門店　あきた　一や","address":"千葉県船橋市豊富町1429-3","source":"厚生労働省 食品衛生申請等システム（オープンデータ）"},"geometry":{"type":"Point","coordinates":[140.069176,35.75652]}},{"type":"Feature","properties":{"layer_id":"cafe_restaurant","name":"ダリー","address":"千葉県船橋市三山4‐31‐5","source":"厚生労働省 食品衛生申請等システム（オープンデータ）"},"geometry":{"type":"Point","coordinates":[140.051774,35.700948]}},{"type":"Feature","properties":{"layer_id":"cafe_restaurant","name":"Ｆｕ～","address":"千葉県船橋市宮本４－１９－８","source":"厚生労働省 食品衛生申請等システム（オープンデータ）"},"geometry":{"type":"Point","coordinates":[139.991351,35.692859]}},{"type":"Feature","properties":{"layer_id":"cafe_restaurant","name":"山浦鮨","address":"千葉県船橋市本町４－２－３","source":"厚生労働省 食品衛生申請等システム（オープンデータ）"},"geometry":{"type":"Point","coordinates":[139.98639,35.701101]}},{"type":"Feature","properties":{"layer_id":"cafe_restaurant","name":"カラオケ　ヤマウラ","address":"千葉県船橋市本町４－２－３","source":"厚生労働省 食品衛生申請等システム（オープンデータ）"},"geometry":{"type":"Point","coordinates":[139.986362,35.701178]}},{"type":"Feature","properties":{"layer_id":"cafe_restaurant","name":"リフレッシュCafeすまいる","address":"千葉県船橋市前原西４－４－８　１F","source":"厚生労働省 食品衛生申請等システム（オープンデータ）"},"geometry":{"type":"Point","coordinates":[140.013389,35.697909]}},{"type":"Feature","properties":{"layer_id":"cafe_restaurant","name":"WAKKUN","address":"千葉県船橋市小室町3319-3","source":"厚生労働省 食品衛生申請等システム（オープンデータ）"},"geometry":{"type":"Point","coordinates":[140.074853,35.787514]}},{"type":"Feature","properties":{"layer_id":"cafe_restaurant","name":"フレッシュネスバーガー　ららぽーとＴＯＫＹＯ－ＢＡＹ","address":"千葉県船橋市浜町二丁目１番１号 （区画 W1580号室）","source":"厚生労働省 食品衛生申請等システム（オープンデータ）"},"geometry":{"type":"Point","coordinates":[139.987769,35.687317]}},{"type":"Feature","properties":{"layer_id":"cafe_restaurant","name":"炭焼屋　鶏ちゅん","address":"千葉県船橋市新高根5-4-8","source":"厚生労働省 食品衛生申請等システム（オープンデータ）"},"geometry":{"type":"Point","coordinates":[140.028771,35.728554]}},{"type":"Feature","properties":{"layer_id":"cafe_restaurant","name":"エキゾチックアクア　イグズ","address":"千葉県船橋市習志野台5-4-17","source":"厚生労働省 食品衛生申請等システム（オープンデータ）"},"geometry":{"type":"Point","coordinates":[140.053294,35.717814]}},{"type":"Feature","properties":{"layer_id":"cafe_restaurant","name":"ろばた焼　村の里","address":"千葉県船橋市西習志野３－２６－１１","source":"厚生労働省 食品衛生申請等システム（オープンデータ）"},"geometry":{"type":"Point","coordinates":[140.041327,35.721573]}},{"type":"Feature","properties":{"layer_id":"cafe_restaurant","name":"寿司　義","address":"千葉県船橋市本町２－２９－１１ 大野ビル１Ｆ","source":"厚生労働省 食品衛生申請等システム（オープンデータ）"},"geometry":{"type":"Point","coordinates":[139.984667,35.697074]}},{"type":"Feature","properties":{"layer_id":"cafe_restaurant","name":"銀のさら","address":"千葉県船橋市習志野台２－１２－２９ ＡＳビル","source":"厚生労働省 食品衛生申請等システム（オープンデータ）"},"geometry":{"type":"Point","coordinates":[140.041573,35.72477]}},{"type":"Feature","properties":{"layer_id":"cafe_restaurant","name":"びんび屋　懐郷","address":"千葉県船橋市本町４－１６－３５ 第４シンエイビル１Ｆ","source":"厚生労働省 食品衛生申請等システム（オープンデータ）"},"geometry":{"type":"Point","coordinates":[139.987233,35.700539]}},{"type":"Feature","properties":{"layer_id":"cafe_restaurant","name":"神田屋","address":"千葉県船橋市本町４－３－９","source":"厚生労働省 食品衛生申請等システム（オープンデータ）"},"geometry":{"type":"Point","coordinates":[139.986961,35.700817]}},{"type":"Feature","properties":{"layer_id":"cafe_restaurant","name":"らぁ麺ひふみ","address":"千葉県船橋市二和東2-3-17","source":"厚生労働省 食品衛生申請等システム（オープンデータ）"},"geometry":{"type":"Point","coordinates":[140.022595,35.745251]}},{"type":"Feature","properties":{"layer_id":"cafe_restaurant","name":"ステーキのあさくま　西船橋店","address":"千葉県船橋市本郷町626番地","source":"厚生労働省 食品衛生申請等システム（オープンデータ）"},"geometry":{"type":"Point","coordinates":[139.952353,35.706799]}},{"type":"Feature","properties":{"layer_id":"cafe_restaurant","name":"ミニストップ船橋二和西店","address":"千葉県船橋市二和西3丁目18-15","source":"厚生労働省 食品衛生申請等システム（オープンデータ）"},"geometry":{"type":"Point","coordinates":[140.01942,35.746136]}},{"type":"Feature","properties":{"layer_id":"cafe_restaurant","name":"ミニストップ海神3丁目店","address":"千葉県船橋市海神3丁目24-21","source":"厚生労働省 食品衛生申請等システム（オープンデータ）"},"geometry":{"type":"Point","coordinates":[139.976711,35.709269]}},{"type":"Feature","properties":{"layer_id":"cafe_restaurant","name":"ＴＯＫＹＯ豚骨ＢＡＳＥ　下総中山店","address":"千葉県船橋市本中山２－１７－３７ ＪＲ下総中山駅構内","source":"厚生労働省 食品衛生申請等システム（オープンデータ）"},"geometry":{"type":"Point","coordinates":[139.942749,35.71465]}},{"type":"Feature","properties":{"layer_id":"cafe_restaurant","name":"＋ｎａｔｕｒｉ　ｓｎａｃｋ","address":"千葉県船橋市宮本５－１－６","source":"厚生労働省 食品衛生申請等システム（オープンデータ）"},"geometry":{"type":"Point","coordinates":[139.992191,35.695507]}},{"type":"Feature","properties":{"layer_id":"cafe_restaurant","name":"銀シャリ鮮魚　オサカナマルシェ　船橋駅前市場","address":"千葉県船橋市本町4-4-6 アロー船橋京成駅前ビル１F","source":"厚生労働省 食品衛生申請等システム（オープンデータ）"},"geometry":{"type":"Point","coordinates":[139.987452,35.700967]}},{"type":"Feature","properties":{"layer_id":"cafe_restaurant","name":"美路","address":"千葉県船橋市本町2-13-5 サンシャイン船橋２F","source":"厚生労働省 食品衛生申請等システム（オープンデータ）"},"geometry":{"type":"Point","coordinates":[139.98145,35.697636]}},{"type":"Feature","properties":{"layer_id":"cafe_restaurant","name":"船橋港　つり滝","address":"千葉県船橋市湊町３－１６－１　船橋港内（県沿岸区域）","source":"厚生労働省 食品衛生申請等システム（オープンデータ）"},"geometry":{"type":"Point","coordinates":[139.988094,35.690153]}},{"type":"Feature","properties":{"layer_id":"cafe_restaurant","name":"笑って　笑って","address":"千葉県船橋市薬円台４－８－６","source":"厚生労働省 食品衛生申請等システム（オープンデータ）"},"geometry":{"type":"Point","coordinates":[140.042343,35.711131]}},{"type":"Feature","properties":{"layer_id":"cafe_restaurant","name":"有限会社　タガワ","address":"千葉県船橋市高根台１－２－１","source":"厚生労働省 食品衛生申請等システム（オープンデータ）"},"geometry":{"type":"Point","coordinates":[140.031117,35.730441]}},{"type":"Feature","properties":{"layer_id":"cafe_restaurant","name":"国産牛焼肉くいどん  船橋夏見台店","address":"千葉県船橋市夏見台4-3-1","source":"厚生労働省 食品衛生申請等システム（オープンデータ）"},"geometry":{"type":"Point","coordinates":[139.992475,35.723964]}},{"type":"Feature","properties":{"layer_id":"cafe_restaurant","name":"特選和牛大将軍　京成船橋駅前店","address":"千葉県船橋市本町4丁目45番1号","source":"厚生労働省 食品衛生申請等システム（オープンデータ）"},"geometry":{"type":"Point","coordinates":[139.986977,35.700574]}},{"type":"Feature","properties":{"layer_id":"cafe_restaurant","name":"習志野台第二小学校","address":"千葉県船橋市習志野台5-43-1","source":"厚生労働省 食品衛生申請等システム（オープンデータ）"},"geometry":{"type":"Point","coordinates":[140.05537,35.719384]}},{"type":"Feature","properties":{"layer_id":"cafe_restaurant","name":"習志野台中学校","address":"千葉県船橋市習志野台6-23-1","source":"厚生労働省 食品衛生申請等システム（オープンデータ）"},"geometry":{"type":"Point","coordinates":[140.054497,35.721935]}},{"type":"Feature","properties":{"layer_id":"cafe_restaurant","name":"丼丸　寿　塚田駅前店","address":"千葉県船橋市前貝塚町５６５－１１","source":"厚生労働省 食品衛生申請等システム（オープンデータ）"},"geometry":{"type":"Point","coordinates":[139.982883,35.722432]}},{"type":"Feature","properties":{"layer_id":"cafe_restaurant","name":"Ｂｉｓｔｒｏ　ルポ","address":"千葉県船橋市本町５－２－３ Ｓｈｏｔｏ弐番館４階","source":"厚生労働省 食品衛生申請等システム（オープンデータ）"},"geometry":{"type":"Point","coordinates":[139.987527,35.702173]}},{"type":"Feature","properties":{"layer_id":"cafe_restaurant","name":"ほっかほっか弁当　リーダーエイト","address":"千葉県船橋市三山７－１２－５","source":"厚生労働省 食品衛生申請等システム（オープンデータ）"},"geometry":{"type":"Point","coordinates":[140.05536,35.697151]}},{"type":"Feature","properties":{"layer_id":"cafe_restaurant","name":"ローソン船橋塚田駅前店","address":"千葉県船橋市行田１－４８－１４","source":"厚生労働省 食品衛生申請等システム（オープンデータ）"},"geometry":{"type":"Point","coordinates":[139.98182,35.721504]}},{"type":"Feature","properties":{"layer_id":"cafe_restaurant","name":"鈴蘭苑","address":"千葉県船橋市二和西5丁目１番24号","source":"厚生労働省 食品衛生申請等システム（オープンデータ）"},"geometry":{"type":"Point","coordinates":[140.008596,35.74665]}},{"type":"Feature","properties":{"layer_id":"cafe_restaurant","name":"銀のさら　船橋店","address":"千葉県船橋市海神１－８－１０ ベルメゾン","source":"厚生労働省 食品衛生申請等システム（オープンデータ）"},"geometry":{"type":"Point","coordinates":[139.980083,35.700345]}},{"type":"Feature","properties":{"layer_id":"cafe_restaurant","name":"成寿庵","address":"千葉県船橋市咲が丘4-6-19","source":"厚生労働省 食品衛生申請等システム（オープンデータ）"},"geometry":{"type":"Point","coordinates":[140.026325,35.757297]}},{"type":"Feature","properties":{"layer_id":"cafe_restaurant","name":"ピザハット　薬円台店","address":"千葉県船橋市薬円台１－５－９ エムワンテラスビル１Ｆ","source":"厚生労働省 食品衛生申請等システム（オープンデータ）"},"geometry":{"type":"Point","coordinates":[140.038823,35.708462]}},{"type":"Feature","properties":{"layer_id":"cafe_restaurant","name":"urano","address":"千葉県船橋市本町4丁目43-15 鈴木貸店舗C号室","source":"厚生労働省 食品衛生申請等システム（オープンデータ）"},"geometry":{"type":"Point","coordinates":[139.987232,35.699065]}},{"type":"Feature","properties":{"layer_id":"cafe_restaurant","name":"立ち飲み屋 Kurubushi","address":"千葉県船橋市本町４丁目４３－16","source":"厚生労働省 食品衛生申請等システム（オープンデータ）"},"geometry":{"type":"Point","coordinates":[139.987065,35.698955]}},{"type":"Feature","properties":{"layer_id":"cafe_restaurant","name":"ファミリーマート船橋習志野台四丁目店","address":"千葉県船橋市習志野台4-14-14","source":"厚生労働省 食品衛生申請等システム（オープンデータ）"},"geometry":{"type":"Point","coordinates":[140.045058,35.717483]}},{"type":"Feature","properties":{"layer_id":"cafe_restaurant","name":"小さな絵本カフェ　ａｃｅｒｏ","address":"千葉県船橋市前原西５－１７－６","source":"厚生労働省 食品衛生申請等システム（オープンデータ）"},"geometry":{"type":"Point","coordinates":[140.019788,35.698674]}},{"type":"Feature","properties":{"layer_id":"cafe_restaurant","name":"焼肉　天龍","address":"千葉県船橋市金杉９－３－２３","source":"厚生労働省 食品衛生申請等システム（オープンデータ）"},"geometry":{"type":"Point","coordinates":[140.003872,35.730479]}},{"type":"Feature","properties":{"layer_id":"cafe_restaurant","name":"寿司割烹　御旦孤　船橋店","address":"千葉県船橋市本町７－５－４ ユニマット駅前ビル２Ｆ","source":"厚生労働省 食品衛生申請等システム（オープンデータ）"},"geometry":{"type":"Point","coordinates":[139.983406,35.70271]}},{"type":"Feature","properties":{"layer_id":"cafe_restaurant","name":"高根台複合福祉施設たか音の杜","address":"千葉県船橋市高根台2-10-30","source":"厚生労働省 食品衛生申請等システム（オープンデータ）"},"geometry":{"type":"Point","coordinates":[140.033725,35.732373]}},{"type":"Feature","properties":{"layer_id":"cafe_restaurant","name":"有限会社　船橋協力","address":"千葉県船橋市飯山満町１－７１４","source":"厚生労働省 食品衛生申請等システム（オープンデータ）"},"geometry":{"type":"Point","coordinates":[140.012168,35.71085]}},{"type":"Feature","properties":{"layer_id":"cafe_restaurant","name":"醍醐","address":"千葉県船橋市習志野台３－１４－３","source":"厚生労働省 食品衛生申請等システム（オープンデータ）"},"geometry":{"type":"Point","coordinates":[140.044406,35.71921]}},{"type":"Feature","properties":{"layer_id":"cafe_restaurant","name":"路地ノ家　らんたん","address":"千葉県船橋市本町4丁目43-21","source":"厚生労働省 食品衛生申請等システム（オープンデータ）"},"geometry":{"type":"Point","coordinates":[139.986831,35.699336]}},{"type":"Feature","properties":{"layer_id":"cafe_restaurant","name":"路地ノ裏　灯篭","address":"千葉県船橋市西船４－２８－１１","source":"厚生労働省 食品衛生申請等システム（オープンデータ）"},"geometry":{"type":"Point","coordinates":[139.959806,35.707903]}},{"type":"Feature","properties":{"layer_id":"cafe_restaurant","name":"RUSH","address":"千葉県船橋市前原西2-13-１ 藤和津田沼コープ１０１","source":"厚生労働省 食品衛生申請等システム（オープンデータ）"},"geometry":{"type":"Point","coordinates":[140.021432,35.693108]}},{"type":"Feature","properties":{"layer_id":"cafe_restaurant","name":"ミニストップ船橋夏見台店","address":"千葉県船橋市夏見台4丁目8-20","source":"厚生労働省 食品衛生申請等システム（オープンデータ）"},"geometry":{"type":"Point","coordinates":[139.995255,35.725012]}},{"type":"Feature","properties":{"layer_id":"cafe_restaurant","name":"一りょう","address":"千葉県船橋市丸山５－３２－１","source":"厚生労働省 食品衛生申請等システム（オープンデータ）"},"geometry":{"type":"Point","coordinates":[139.992713,35.742573]}},{"type":"Feature","properties":{"layer_id":"cafe_restaurant","name":"茶樓　ｆｕｍｉ","address":"千葉県船橋市本中山７－２１－１ メトロセンター原木中山第２","source":"厚生労働省 食品衛生申請等システム（オープンデータ）"},"geometry":{"type":"Point","coordinates":[139.941118,35.702613]}},{"type":"Feature","properties":{"layer_id":"cafe_restaurant","name":"焼肉はるくん。津田沼店","address":"千葉県船橋市前原西２－１５－１４ 大林ビル１Ｆ","source":"厚生労働省 食品衛生申請等システム（オープンデータ）"},"geometry":{"type":"Point","coordinates":[140.02084,35.69281]}},{"type":"Feature","properties":{"layer_id":"cafe_restaurant","name":"セブン－イレブン　船橋アンデルセン公園前店","address":"千葉県船橋市神保町１３－５","source":"厚生労働省 食品衛生申請等システム（オープンデータ）"},"geometry":{"type":"Point","coordinates":[140.061361,35.7648]}},{"type":"Feature","properties":{"layer_id":"cafe_restaurant","name":"株式会社　ＳＧホーム　西船橋事業所","address":"千葉県船橋市印内３－３３－２３","source":"厚生労働省 食品衛生申請等システム（オープンデータ）"},"geometry":{"type":"Point","coordinates":[139.966933,35.716446]}},{"type":"Feature","properties":{"layer_id":"cafe_restaurant","name":"焼き鳥　肉刺し　すみか西船橋店","address":"千葉県船橋市西船４－２６－２ サウンドビル平田２０２号","source":"厚生労働省 食品衛生申請等システム（オープンデータ）"},"geometry":{"type":"Point","coordinates":[139.959982,35.708519]}},{"type":"Feature","properties":{"layer_id":"cafe_restaurant","name":"牛角　北習志野店","address":"千葉県船橋市習志野台2丁目4番12号 YUKIO BUILDING 2F","source":"厚生労働省 食品衛生申請等システム（オープンデータ）"},"geometry":{"type":"Point","coordinates":[140.042241,35.722379]}},{"type":"Feature","properties":{"layer_id":"cafe_restaurant","name":"コーヒーショップ　耕一路","address":"千葉県船橋市古作1-1-1 中山競馬場　Ｃ棟１Ｆ","source":"厚生労働省 食品衛生申請等システム（オープンデータ）"},"geometry":{"type":"Point","coordinates":[139.959521,35.727032]}},{"type":"Feature","properties":{"layer_id":"cafe_restaurant","name":"一蘭　船橋店","address":"千葉県船橋市習志野1-9-1","source":"厚生労働省 食品衛生申請等システム（オープンデータ）"},"geometry":{"type":"Point","coordinates":[140.056535,35.712279]}},{"type":"Feature","properties":{"layer_id":"cafe_restaurant","name":"天空の風","address":"千葉県船橋市金杉町886番地","source":"厚生労働省 食品衛生申請等システム（オープンデータ）"},"geometry":{"type":"Point","coordinates":[140.000696,35.734214]}},{"type":"Feature","properties":{"layer_id":"cafe_restaurant","name":"Ｇｉｒｌｓ　Ｂａｒ　Ｔｅｄｄｙ＆Ｃｏ．","address":"千葉県船橋市西船４－２１－１５ オオツカビル１階","source":"厚生労働省 食品衛生申請等システム（オープンデータ）"},"geometry":{"type":"Point","coordinates":[139.9583,35.709411]}},{"type":"Feature","properties":{"layer_id":"cafe_restaurant","name":"ローソン　東船橋二丁目店","address":"千葉県船橋市東船橋２－３－３","source":"厚生労働省 食品衛生申請等システム（オープンデータ）"},"geometry":{"type":"Point","coordinates":[140.002505,35.701481]}},{"type":"Feature","properties":{"layer_id":"cafe_restaurant","name":"回転寿司みさき　イオンモール船橋店","address":"千葉県船橋市山手１－１－８ イオンモール船橋１Ｆ","source":"厚生労働省 食品衛生申請等システム（オープンデータ）"},"geometry":{"type":"Point","coordinates":[139.978715,35.711455]}},{"type":"Feature","properties":{"layer_id":"cafe_restaurant","name":"カラオケＢａｎＢａｎ　原木西船橋店","address":"千葉県船橋市本郷町６３１","source":"厚生労働省 食品衛生申請等システム（オープンデータ）"},"geometry":{"type":"Point","coordinates":[139.95263,35.707498]}},{"type":"Feature","properties":{"layer_id":"cafe_restaurant","name":"カラオケＢａｎＢａｎ　船橋藤原店","address":"千葉県船橋市藤原４－９－２８　２F","source":"厚生労働省 食品衛生申請等システム（オープンデータ）"},"geometry":{"type":"Point","coordinates":[139.97609,35.745884]}},{"type":"Feature","properties":{"layer_id":"cafe_restaurant","name":"カラオケＢａｎＢａｎ　西船橋店","address":"千葉県船橋市海神６－１４－１０ 六右衛門ビル２Ｆ","source":"厚生労働省 食品衛生申請等システム（オープンデータ）"},"geometry":{"type":"Point","coordinates":[139.969014,35.705617]}},{"type":"Feature","properties":{"layer_id":"cafe_restaurant","name":"ガチ麻婆","address":"千葉県船橋市三咲4-6-1","source":"厚生労働省 食品衛生申請等システム（オープンデータ）"},"geometry":{"type":"Point","coordinates":[140.032863,35.75041]}},{"type":"Feature","properties":{"layer_id":"cafe_restaurant","name":"日高屋　西船橋北口店","address":"千葉県船橋市西船４－２７－８","source":"厚生労働省 食品衛生申請等システム（オープンデータ）"},"geometry":{"type":"Point","coordinates":[139.9589,35.70798]}},{"type":"Feature","properties":{"layer_id":"cafe_restaurant","name":"日高屋　新船橋東口店","address":"千葉県船橋市山手１－３－１５","source":"厚生労働省 食品衛生申請等システム（オープンデータ）"},"geometry":{"type":"Point","coordinates":[139.979911,35.711274]}},{"type":"Feature","properties":{"layer_id":"cafe_restaurant","name":"日高屋　船橋本町４丁目店","address":"千葉県船橋市本町４－４－５０","source":"厚生労働省 食品衛生申請等システム（オープンデータ）"},"geometry":{"type":"Point","coordinates":[139.987127,35.700708]}},{"type":"Feature","properties":{"layer_id":"cafe_restaurant","name":"お好み焼きもんじゃ焼き　はな","address":"千葉県船橋市湊町２－１４－２５ リエス湊１０４","source":"厚生労働省 食品衛生申請等システム（オープンデータ）"},"geometry":{"type":"Point","coordinates":[139.981005,35.693547]}},{"type":"Feature","properties":{"layer_id":"cafe_restaurant","name":"海鮮味処　大将","address":"千葉県船橋市咲が丘４－２４－１０","source":"厚生労働省 食品衛生申請等システム（オープンデータ）"},"geometry":{"type":"Point","coordinates":[140.029654,35.755171]}},{"type":"Feature","properties":{"layer_id":"cafe_restaurant","name":"５CURRY","address":"千葉県船橋市浜町２丁目２－７ ビビット南船橋　２F　フードコート内","source":"厚生労働省 食品衛生申請等システム（オープンデータ）"},"geometry":{"type":"Point","coordinates":[139.992793,35.687531]}},{"type":"Feature","properties":{"layer_id":"cafe_restaurant","name":"勇屋熟成鶏十八番","address":"千葉県船橋市本町４－１９－６ －船橋サンプラザ１０６","source":"厚生労働省 食品衛生申請等システム（オープンデータ）"},"geometry":{"type":"Point","coordinates":[139.988553,35.699251]}},{"type":"Feature","properties":{"layer_id":"cafe_restaurant","name":"あずみ苑　グランデ三咲","address":"千葉県船橋市三咲７－１２－１８","source":"厚生労働省 食品衛生申請等システム（オープンデータ）"},"geometry":{"type":"Point","coordinates":[140.036734,35.75035]}},{"type":"Feature","properties":{"layer_id":"cafe_restaurant","name":"Cafe quiet","address":"千葉県船橋市本町2-5-19 ベルクレール拾伍番館　１０２号室","source":"厚生労働省 食品衛生申請等システム（オープンデータ）"},"geometry":{"type":"Point","coordinates":[139.984226,35.697042]}},{"type":"Feature","properties":{"layer_id":"cafe_restaurant","name":"0秒レモンサワー 西船橋 肉寿司","address":"千葉県船橋市西船4-11-11","source":"厚生労働省 食品衛生申請等システム（オープンデータ）"},"geometry":{"type":"Point","coordinates":[139.960333,35.7088]}},{"type":"Feature","properties":{"layer_id":"cafe_restaurant","name":"魚次鰻とさかな","address":"千葉県船橋市習志野台３-２ 市街地住宅１１５号","source":"厚生労働省 食品衛生申請等システム（オープンデータ）"},"geometry":{"type":"Point","coordinates":[140.041839,35.721551]}},{"type":"Feature","properties":{"layer_id":"cafe_restaurant","name":"ワルツ","address":"千葉県船橋市船橋市咲が丘４－３６－１４","source":"厚生労働省 食品衛生申請等システム（オープンデータ）"},"geometry":{"type":"Point","coordinates":[140.032142,35.757526]}},{"type":"Feature","properties":{"layer_id":"cafe_restaurant","name":"歩乃歌","address":"千葉県船橋市本町２丁目２番１３号 滝口ビル２階","source":"厚生労働省 食品衛生申請等システム（オープンデータ）"},"geometry":{"type":"Point","coordinates":[139.985108,35.696854]}},{"type":"Feature","properties":{"layer_id":"cafe_restaurant","name":"海神の食卓","address":"千葉県船橋市海神５丁目１番２０号","source":"厚生労働省 食品衛生申請等システム（オープンデータ）"},"geometry":{"type":"Point","coordinates":[139.972453,35.706128]}},{"type":"Feature","properties":{"layer_id":"cafe_restaurant","name":"ドトールコーヒーショップ　西船橋南口店","address":"千葉県船橋市印内５８４－１","source":"厚生労働省 食品衛生申請等システム（オープンデータ）"},"geometry":{"type":"Point","coordinates":[139.959812,35.706556]}},{"type":"Feature","properties":{"layer_id":"cafe_restaurant","name":"kawasemi green park","address":"千葉県船橋市松が丘４－２３－２４","source":"厚生労働省 食品衛生申請等システム（オープンデータ）"},"geometry":{"type":"Point","coordinates":[140.046101,35.732131]}},{"type":"Feature","properties":{"layer_id":"cafe_restaurant","name":"ニチイホーム東船橋","address":"千葉県船橋市市場４－４－３５","source":"厚生労働省 食品衛生申請等システム（オープンデータ）"},"geometry":{"type":"Point","coordinates":[140.000336,35.702138]}},{"type":"Feature","properties":{"layer_id":"cafe_restaurant","name":"マクドナルド船橋市場通り店","address":"千葉県船橋市夏見1-16-38","source":"厚生労働省 食品衛生申請等システム（オープンデータ）"},"geometry":{"type":"Point","coordinates":[139.991581,35.706598]}},{"type":"Feature","properties":{"layer_id":"cafe_restaurant","name":"club Ask","address":"千葉県船橋市西船4-20-8 たからビル6階","source":"厚生労働省 食品衛生申請等システム（オープンデータ）"},"geometry":{"type":"Point","coordinates":[139.957748,35.708581]}},{"type":"Feature","properties":{"layer_id":"cafe_restaurant","name":"Ｇｉｒｌ’ｓ　Ｂａｒ　ＨａｐｐｉｎｅｓｓⅡ","address":"千葉県船橋市本町４－５－２８ 正栄ビル6F","source":"厚生労働省 食品衛生申請等システム（オープンデータ）"},"geometry":{"type":"Point","coordinates":[139.987042,35.701423]}},{"type":"Feature","properties":{"layer_id":"cafe_restaurant","name":"Luen","address":"千葉県船橋市本町１丁目１１番２７号 時田ビル４０２号室","source":"厚生労働省 食品衛生申請等システム（オープンデータ）"},"geometry":{"type":"Point","coordinates":[139.984305,35.699753]}},{"type":"Feature","properties":{"layer_id":"cafe_restaurant","name":"うどんの詩　東武船橋店","address":"千葉県船橋市本町７－１－１ 東武百貨店船橋店７Ｆ３番地","source":"厚生労働省 食品衛生申請等システム（オープンデータ）"},"geometry":{"type":"Point","coordinates":[139.986561,35.701433]}},{"type":"Feature","properties":{"layer_id":"cafe_restaurant","name":"Ｔｉｅｍ　Ｔｒａ　Ｂｏ　Ｃｈａｎ　　ボーちゃんカフェ","address":"千葉県船橋市湊町２丁目１－１８  新堀ギタービル１／B１F号室","source":"厚生労働省 食品衛生申請等システム（オープンデータ）"},"geometry":{"type":"Point","coordinates":[139.983996,35.695467]}},{"type":"Feature","properties":{"layer_id":"cafe_restaurant","name":"大阪串揚げ　菊井","address":"千葉県船橋市本町２－２３－８","source":"厚生労働省 食品衛生申請等システム（オープンデータ）"},"geometry":{"type":"Point","coordinates":[139.982512,35.698202]}},{"type":"Feature","properties":{"layer_id":"cafe_restaurant","name":"ＪＯＴＯ　ＣＵＲＲＹ　ららテラスＴＯＫＹＯ－ＢＡＹ店","address":"千葉県船橋市若松２－２－１","source":"厚生労働省 食品衛生申請等システム（オープンデータ）"},"geometry":{"type":"Point","coordinates":[139.995541,35.681079]}},{"type":"Feature","properties":{"layer_id":"cafe_restaurant","name":"ミスタードーナツ　ららテラスＴＯＫＹＯ－ＢＡＹ","address":"千葉県船橋市若松２－２－１","source":"厚生労働省 食品衛生申請等システム（オープンデータ）"},"geometry":{"type":"Point","coordinates":[139.996792,35.680852]}},{"type":"Feature","properties":{"layer_id":"cafe_restaurant","name":"ミスタードーナツ　ららぽーとＴＯＫＹＯ－ＢＡＹショップ","address":"千葉県船橋市浜町２－１－１ ららぽーとＴＯＫＹＯ－ＢＡＹ","source":"厚生労働省 食品衛生申請等システム（オープンデータ）"},"geometry":{"type":"Point","coordinates":[139.988524,35.683594]}},{"type":"Feature","properties":{"layer_id":"cafe_restaurant","name":"ヨークマート習志野台店","address":"千葉県船橋市習志野台３－６－１","source":"厚生労働省 食品衛生申請等システム（オープンデータ）"},"geometry":{"type":"Point","coordinates":[140.050388,35.719188]}},{"type":"Feature","properties":{"layer_id":"cafe_restaurant","name":"ヨークマート習志野台店","address":"千葉県船橋市習志野台3－6－1","source":"厚生労働省 食品衛生申請等システム（オープンデータ）"},"geometry":{"type":"Point","coordinates":[140.050388,35.719188]}},{"type":"Feature","properties":{"layer_id":"cafe_restaurant","name":"ヨークフーズ　咲が丘店","address":"千葉県船橋市咲が丘１丁目６番１８号","source":"厚生労働省 食品衛生申請等システム（オープンデータ）"},"geometry":{"type":"Point","coordinates":[140.017671,35.758165]}},{"type":"Feature","properties":{"layer_id":"cafe_restaurant","name":"なみき","address":"千葉県船橋市本町４－１８－３３","source":"厚生労働省 食品衛生申請等システム（オープンデータ）"},"geometry":{"type":"Point","coordinates":[139.98747,35.699738]}},{"type":"Feature","properties":{"layer_id":"cafe_restaurant","name":"ヨークマート藤原店","address":"千葉県船橋市藤原3-36-1","source":"厚生労働省 食品衛生申請等システム（オープンデータ）"},"geometry":{"type":"Point","coordinates":[139.978905,35.736801]}},{"type":"Feature","properties":{"layer_id":"cafe_restaurant","name":"はなまるうどん　ららぽーと　ＴＯＫＹＯ－ＢＡＹ店","address":"千葉県船橋市浜町２丁目２番７号 ららぽーとＴＯＫＹＯ－ＢＡＹ　Ｎｏｒｔｈ　Ｇａｔe　２Ｆ","source":"厚生労働省 食品衛生申請等システム（オープンデータ）"},"geometry":{"type":"Point","coordinates":[139.993265,35.687501]}},{"type":"Feature","properties":{"layer_id":"cafe_restaurant","name":"株式会社　幼稚園給食","address":"千葉県船橋市三咲５丁目３２番２１号","source":"厚生労働省 食品衛生申請等システム（オープンデータ）"},"geometry":{"type":"Point","coordinates":[140.030678,35.748331]}},{"type":"Feature","properties":{"layer_id":"cafe_restaurant","name":"My fave Dining Any","address":"千葉県船橋市宮本1-20-11","source":"厚生労働省 食品衛生申請等システム（オープンデータ）"},"geometry":{"type":"Point","coordinates":[139.992039,35.696681]}},{"type":"Feature","properties":{"layer_id":"cafe_restaurant","name":"居酒屋　なんちゃん","address":"千葉県船橋市本町1-4-23 本町一丁目ビル1F","source":"厚生労働省 食品衛生申請等システム（オープンデータ）"},"geometry":{"type":"Point","coordinates":[139.984948,35.70024]}},{"type":"Feature","properties":{"layer_id":"cafe_restaurant","name":"（有）小須田幸彦商店","address":"千葉県船橋市本中山７－８－３ ハイツ中山１０３","source":"厚生労働省 食品衛生申請等システム（オープンデータ）"},"geometry":{"type":"Point","coordinates":[139.941173,35.702979]}},{"type":"Feature","properties":{"layer_id":"cafe_restaurant","name":"ＬＡＤＩＥＳ＆ＧＥＮＴＬＥＭＥＮ","address":"千葉県船橋市前原西２丁目１３番３号 第一辰巳ビル３階","source":"厚生労働省 食品衛生申請等システム（オープンデータ）"},"geometry":{"type":"Point","coordinates":[140.021731,35.693084]}},{"type":"Feature","properties":{"layer_id":"cafe_restaurant","name":"Ｃａｆé　Ａｍａｚｏｎ","address":"千葉県船橋市若松２－２－１ ２０２　ららテラスＴＯＫＹＯ－ＢＡＹ","source":"厚生労働省 食品衛生申請等システム（オープンデータ）"},"geometry":{"type":"Point","coordinates":[139.996792,35.680852]}},{"type":"Feature","properties":{"layer_id":"cafe_restaurant","name":"蒙古タンメン中本船橋","address":"千葉県船橋市浜町２－２－７ ビビット南船橋１F","source":"厚生労働省 食品衛生申請等システム（オープンデータ）"},"geometry":{"type":"Point","coordinates":[139.992793,35.687531]}},{"type":"Feature","properties":{"layer_id":"cafe_restaurant","name":"ドッグカフェ　Ｏｌｕ’Ｏｌｕ","address":"千葉県船橋市丸山１ー２５－１","source":"厚生労働省 食品衛生申請等システム（オープンデータ）"},"geometry":{"type":"Point","coordinates":[139.992004,35.746682]}},{"type":"Feature","properties":{"layer_id":"cafe_restaurant","name":"小料理　とき","address":"千葉県船橋市本町６－２－１０－１０１","source":"厚生労働省 食品衛生申請等システム（オープンデータ）"},"geometry":{"type":"Point","coordinates":[139.986811,35.703443]}},{"type":"Feature","properties":{"layer_id":"cafe_restaurant","name":"ＢＡＫＥＲＩＥＳ　ＬＡＢ．西船店","address":"千葉県船橋市西船４－１５－１ ラ．リュミエール１０３","source":"厚生労働省 食品衛生申請等システム（オープンデータ）"},"geometry":{"type":"Point","coordinates":[139.9596,35.711184]}},{"type":"Feature","properties":{"layer_id":"cafe_restaurant","name":"オウカス船橋","address":"千葉県船橋市北本町１－１６－５６","source":"厚生労働省 食品衛生申請等システム（オープンデータ）"},"geometry":{"type":"Point","coordinates":[139.983465,35.710879]}},{"type":"Feature","properties":{"layer_id":"cafe_restaurant","name":"大衆酒場　増やま","address":"千葉県船橋市本町４－５－１８","source":"厚生労働省 食品衛生申請等システム（オープンデータ）"},"geometry":{"type":"Point","coordinates":[139.987384,35.701077]}},{"type":"Feature","properties":{"layer_id":"cafe_restaurant","name":"大衆酒場　増やま　本店","address":"千葉県船橋市本町５－６－２０ 北口斉藤ビル１Ｆ","source":"厚生労働省 食品衛生申請等システム（オープンデータ）"},"geometry":{"type":"Point","coordinates":[139.988659,35.702308]}},{"type":"Feature","properties":{"layer_id":"cafe_restaurant","name":"焼肉と薬膳　味ノ輪","address":"千葉県船橋市本町５－２－３ shoto弐番館２Ｆ","source":"厚生労働省 食品衛生申請等システム（オープンデータ）"},"geometry":{"type":"Point","coordinates":[139.986953,35.702136]}},{"type":"Feature","properties":{"layer_id":"cafe_restaurant","name":"セブンーイレブン　船橋西習志野４丁目店","address":"千葉県船橋市西習志野４－２２－１０","source":"厚生労働省 食品衛生申請等システム（オープンデータ）"},"geometry":{"type":"Point","coordinates":[140.042199,35.714375]}},{"type":"Feature","properties":{"layer_id":"cafe_restaurant","name":"呑処　あげいん","address":"千葉県船橋市高根台６－１－９ １Ｆ","source":"厚生労働省 食品衛生申請等システム（オープンデータ）"},"geometry":{"type":"Point","coordinates":[140.032923,35.727993]}},{"type":"Feature","properties":{"layer_id":"cafe_restaurant","name":"満々亭","address":"千葉県船橋市宮本６－１２－１５","source":"厚生労働省 食品衛生申請等システム（オープンデータ）"},"geometry":{"type":"Point","coordinates":[139.993002,35.697827]}},{"type":"Feature","properties":{"layer_id":"cafe_restaurant","name":"ＳＡＰＡＮＡ’Ｓ　ＣＵＩＳＩＮＥ","address":"千葉県船橋市湊町２－１４－２５－１０５","source":"厚生労働省 食品衛生申請等システム（オープンデータ）"},"geometry":{"type":"Point","coordinates":[139.981005,35.693547]}},{"type":"Feature","properties":{"layer_id":"cafe_restaurant","name":"居酒屋　よかよか","address":"千葉県船橋市本町４－４３－１６","source":"厚生労働省 食品衛生申請等システム（オープンデータ）"},"geometry":{"type":"Point","coordinates":[139.986971,35.69941]}},{"type":"Feature","properties":{"layer_id":"cafe_restaurant","name":"中華料理　忠実堂","address":"千葉県船橋市本中山1-15-23","source":"厚生労働省 食品衛生申請等システム（オープンデータ）"},"geometry":{"type":"Point","coordinates":[139.94519,35.716895]}},{"type":"Feature","properties":{"layer_id":"cafe_restaurant","name":"九州料理　縁　船橋店","address":"千葉県船橋市本町5-3-11","source":"厚生労働省 食品衛生申請等システム（オープンデータ）"},"geometry":{"type":"Point","coordinates":[139.986752,35.702494]}},{"type":"Feature","properties":{"layer_id":"cafe_restaurant","name":"居酒屋それゆけ鶏ヤロー　船橋店","address":"千葉県船橋市本町４丁目５番２６号 船福ビル２F","source":"厚生労働省 食品衛生申請等システム（オープンデータ）"},"geometry":{"type":"Point","coordinates":[139.987174,35.701205]}},{"type":"Feature","properties":{"layer_id":"cafe_restaurant","name":"それゆけ鶏ヤロー津田沼店","address":"千葉県船橋市前原西2-15-20","source":"厚生労働省 食品衛生申請等システム（オープンデータ）"},"geometry":{"type":"Point","coordinates":[140.021023,35.693731]}},{"type":"Feature","properties":{"layer_id":"cafe_restaurant","name":"ドトールコーヒーショップ東武船橋駅店","address":"千葉県船橋市本町７－１－１ アーバンパークライン改札内２Ｆ","source":"厚生労働省 食品衛生申請等システム（オープンデータ）"},"geometry":{"type":"Point","coordinates":[139.986591,35.701433]}},{"type":"Feature","properties":{"layer_id":"cafe_restaurant","name":"ＢＩＳＴＲＯ　ＬＡＭＰＥ","address":"千葉県船橋市本町４丁目１９番６号 船橋サンプラザ１０５号","source":"厚生労働省 食品衛生申請等システム（オープンデータ）"},"geometry":{"type":"Point","coordinates":[139.987933,35.69893]}},{"type":"Feature","properties":{"layer_id":"cafe_restaurant","name":"ハンバーグ逸品堂","address":"千葉県船橋市本町1－11－27 時田ビル１０２","source":"厚生労働省 食品衛生申請等システム（オープンデータ）"},"geometry":{"type":"Point","coordinates":[139.984306,35.699733]}},{"type":"Feature","properties":{"layer_id":"cafe_restaurant","name":"ローソンストア１００　本中山店","address":"千葉県船橋市本中山４－３－５","source":"厚生労働省 食品衛生申請等システム（オープンデータ）"},"geometry":{"type":"Point","coordinates":[139.943222,35.708264]}},{"type":"Feature","properties":{"layer_id":"cafe_restaurant","name":"紫月","address":"千葉県船橋市宮本４－２－１４","source":"厚生労働省 食品衛生申請等システム（オープンデータ）"},"geometry":{"type":"Point","coordinates":[139.992072,35.694063]}},{"type":"Feature","properties":{"layer_id":"cafe_restaurant","name":"株式会社　イトーヨーカ堂　ヨークマート夏見台店","address":"千葉県船橋市夏見台2丁目１番３５号","source":"厚生労働省 食品衛生申請等システム（オープンデータ）"},"geometry":{"type":"Point","coordinates":[139.990967,35.720766]}},{"type":"Feature","properties":{"layer_id":"cafe_restaurant","name":"レスタンノール船橋　１Ｆ","address":"千葉県船橋市本町７－１１－１４","source":"厚生労働省 食品衛生申請等システム（オープンデータ）"},"geometry":{"type":"Point","coordinates":[139.984092,35.703843]}},{"type":"Feature","properties":{"layer_id":"cafe_restaurant","name":"博多もつ鍋やまや食堂　ららぽーとTOKYO－BAY店","address":"千葉県船橋市浜町2丁目1番1号 ららぽーとTOKYO－BAY　北館3階","source":"厚生労働省 食品衛生申請等システム（オープンデータ）"},"geometry":{"type":"Point","coordinates":[139.99124,35.686139]}},{"type":"Feature","properties":{"layer_id":"cafe_restaurant","name":"インドレストラン　Ｓ・ターラ","address":"千葉県船橋市三山６－４６－３","source":"厚生労働省 食品衛生申請等システム（オープンデータ）"},"geometry":{"type":"Point","coordinates":[140.058717,35.699537]}},{"type":"Feature","properties":{"layer_id":"cafe_restaurant","name":"WithGreenシャポー船橋","address":"千葉県船橋市本町7丁目1番１号 シャポー船橋　本館　１F","source":"厚生労働省 食品衛生申請等システム（オープンデータ）"},"geometry":{"type":"Point","coordinates":[139.986561,35.701433]}},{"type":"Feature","properties":{"layer_id":"cafe_restaurant","name":"牛角船橋店","address":"千葉県船橋市本町4-3-19 錦屋ビル４階","source":"厚生労働省 食品衛生申請等システム（オープンデータ）"},"geometry":{"type":"Point","coordinates":[139.986348,35.700537]}},{"type":"Feature","properties":{"layer_id":"cafe_restaurant","name":"そば・うどん　ゆたけ庵","address":"千葉県船橋市習志野台４－１－７","source":"厚生労働省 食品衛生申請等システム（オープンデータ）"},"geometry":{"type":"Point","coordinates":[140.042962,35.715096]}},{"type":"Feature","properties":{"layer_id":"cafe_restaurant","name":"きまま料理 めだか亭","address":"千葉県船橋市松が丘3-64-22","source":"厚生労働省 食品衛生申請等システム（オープンデータ）"},"geometry":{"type":"Point","coordinates":[140.051181,35.738563]}},{"type":"Feature","properties":{"layer_id":"cafe_restaurant","name":"ＣＥＲＢＩＡＴＴＯ","address":"千葉県船橋市本中山３－２０－３－１０３ 牧野店舗","source":"厚生労働省 食品衛生申請等システム（オープンデータ）"},"geometry":{"type":"Point","coordinates":[139.942445,35.71389]}},{"type":"Feature","properties":{"layer_id":"cafe_restaurant","name":"パクパク","address":"千葉県船橋市本町４－５－１８ 小泉ビル１階","source":"厚生労働省 食品衛生申請等システム（オープンデータ）"},"geometry":{"type":"Point","coordinates":[139.987384,35.701077]}},{"type":"Feature","properties":{"layer_id":"cafe_restaurant","name":"花より男子","address":"千葉県船橋市西船４－２６－１０ 保戸田ビル２階","source":"厚生労働省 食品衛生申請等システム（オープンデータ）"},"geometry":{"type":"Point","coordinates":[139.959822,35.708599]}},{"type":"Feature","properties":{"layer_id":"cafe_restaurant","name":"エスフーズ（株）津田沼寮","address":"千葉県船橋市前原東１－１５－１０","source":"厚生労働省 食品衛生申請等システム（オープンデータ）"},"geometry":{"type":"Point","coordinates":[140.01291,35.695383]}},{"type":"Feature","properties":{"layer_id":"cafe_restaurant","name":"Ｈｉｍａｌａｙａ　Ｄｉｎｉｎｇ　ヒマラヤダイニング","address":"千葉県船橋市西船４－２０－７","source":"厚生労働省 食品衛生申請等システム（オープンデータ）"},"geometry":{"type":"Point","coordinates":[139.957883,35.708519]}},{"type":"Feature","properties":{"layer_id":"cafe_restaurant","name":"船橋市立芝山西小学校","address":"千葉県船橋市芝山２－４－１","source":"厚生労働省 食品衛生申請等システム（オープンデータ）"},"geometry":{"type":"Point","coordinates":[140.016449,35.718167]}},{"type":"Feature","properties":{"layer_id":"cafe_restaurant","name":"船橋市立宮本小学校","address":"千葉県船橋市宮本７丁目１０－１","source":"厚生労働省 食品衛生申請等システム（オープンデータ）"},"geometry":{"type":"Point","coordinates":[139.996336,35.694021]}},{"type":"Feature","properties":{"layer_id":"cafe_restaurant","name":"船橋市立三田中学校","address":"千葉県船橋市田喜野井２丁目２４－１","source":"厚生労働省 食品衛生申請等システム（オープンデータ）"},"geometry":{"type":"Point","coordinates":[140.045011,35.698882]}},{"type":"Feature","properties":{"layer_id":"cafe_restaurant","name":"セブンイレブン船橋前原東４丁目店","address":"千葉県船橋市前原東４－１７－２","source":"厚生労働省 食品衛生申請等システム（オープンデータ）"},"geometry":{"type":"Point","coordinates":[140.015717,35.696427]}},{"type":"Feature","properties":{"layer_id":"cafe_restaurant","name":"セブン－イレブン　原木中山駅前店","address":"千葉県船橋市本中山７－２－９","source":"厚生労働省 食品衛生申請等システム（オープンデータ）"},"geometry":{"type":"Point","coordinates":[139.942657,35.703467]}},{"type":"Feature","properties":{"layer_id":"cafe_restaurant","name":"札幌　みその","address":"千葉県船橋市本町７－１－１ シャポー船橋南館４－４","source":"厚生労働省 食品衛生申請等システム（オープンデータ）"},"geometry":{"type":"Point","coordinates":[139.986561,35.701433]}},{"type":"Feature","properties":{"layer_id":"cafe_restaurant","name":"鶏三和　シャポー船橋店","address":"千葉県船橋市本町７ー１ー１ シャポー船橋本館１階","source":"厚生労働省 食品衛生申請等システム（オープンデータ）"},"geometry":{"type":"Point","coordinates":[139.986561,35.701433]}},{"type":"Feature","properties":{"layer_id":"cafe_restaurant","name":"３７℃","address":"千葉県船橋市西船４－２８－１２ 古田澄子店舗２階２０１号室","source":"厚生労働省 食品衛生申請等システム（オープンデータ）"},"geometry":{"type":"Point","coordinates":[139.959805,35.708009]}},{"type":"Feature","properties":{"layer_id":"cafe_restaurant","name":"老上海点心","address":"千葉県船橋市芝山６－５９－１１","source":"厚生労働省 食品衛生申請等システム（オープンデータ）"},"geometry":{"type":"Point","coordinates":[140.028019,35.725047]}},{"type":"Feature","properties":{"layer_id":"cafe_restaurant","name":"ライスタ","address":"千葉県船橋市高根台１－７－８ イイダビル１Ｆ","source":"厚生労働省 食品衛生申請等システム（オープンデータ）"},"geometry":{"type":"Point","coordinates":[140.029497,35.730705]}},{"type":"Feature","properties":{"layer_id":"cafe_restaurant","name":"Ｂａｒ　ＲＯＩ","address":"千葉県船橋市西船４－２２－１１","source":"厚生労働省 食品衛生申請等システム（オープンデータ）"},"geometry":{"type":"Point","coordinates":[139.95854,35.708519]}},{"type":"Feature","properties":{"layer_id":"cafe_restaurant","name":"脳トレＨＯＵＳＥ里","address":"千葉県船橋市咲が丘3-11-4 吉井店舗A号室","source":"厚生労働省 食品衛生申請等システム（オープンデータ）"},"geometry":{"type":"Point","coordinates":[140.026044,35.760777]}},{"type":"Feature","properties":{"layer_id":"cafe_restaurant","name":"ｂａｒ　ｒｏｏｔｓ","address":"千葉県船橋市本町４－４３－１５ 鈴木貸店舗Ｂ号","source":"厚生労働省 食品衛生申請等システム（オープンデータ）"},"geometry":{"type":"Point","coordinates":[139.987232,35.699065]}},{"type":"Feature","properties":{"layer_id":"cafe_restaurant","name":"四川火鍋三国ＲＹＵ","address":"千葉県船橋市本町２－１７－３０","source":"厚生労働省 食品衛生申請等システム（オープンデータ）"},"geometry":{"type":"Point","coordinates":[139.980584,35.698868]}},{"type":"Feature","properties":{"layer_id":"cafe_restaurant","name":"ジンギスカン　ひつじや","address":"千葉県船橋市本町４－３０－１３ サンローザヨシノ　１Ｆ","source":"厚生労働省 食品衛生申請等システム（オープンデータ）"},"geometry":{"type":"Point","coordinates":[139.988893,35.698038]}},{"type":"Feature","properties":{"layer_id":"cafe_restaurant","name":"雷　津田沼駅前店","address":"千葉県船橋市前原西２－４－１０","source":"厚生労働省 食品衛生申請等システム（オープンデータ）"},"geometry":{"type":"Point","coordinates":[140.018886,35.692743]}},{"type":"Feature","properties":{"layer_id":"cafe_restaurant","name":"雷　船橋駅前店","address":"千葉県船橋市本町４－４２－２","source":"厚生労働省 食品衛生申請等システム（オープンデータ）"},"geometry":{"type":"Point","coordinates":[139.98638,35.699507]}},{"type":"Feature","properties":{"layer_id":"cafe_restaurant","name":"雪洞","address":"千葉県船橋市高根台７－１３－１６ １Ｆ","source":"厚生労働省 食品衛生申請等システム（オープンデータ）"},"geometry":{"type":"Point","coordinates":[140.029142,35.730094]}},{"type":"Feature","properties":{"layer_id":"cafe_restaurant","name":"肉のサトウ商店　千葉船橋本店","address":"千葉県船橋市飯山満町１－２２３","source":"厚生労働省 食品衛生申請等システム（オープンデータ）"},"geometry":{"type":"Point","coordinates":[140.0107,35.713806]}},{"type":"Feature","properties":{"layer_id":"cafe_restaurant","name":"三葉茶軒","address":"千葉県船橋市上山町１－２２６－１ ２Ｆ","source":"厚生労働省 食品衛生申請等システム（オープンデータ）"},"geometry":{"type":"Point","coordinates":[139.969958,35.731345]}},{"type":"Feature","properties":{"layer_id":"cafe_restaurant","name":"スタンド　バイ　ミート","address":"千葉県船橋市本町４－４５－１５","source":"厚生労働省 食品衛生申請等システム（オープンデータ）"},"geometry":{"type":"Point","coordinates":[139.986579,35.700453]}},{"type":"Feature","properties":{"layer_id":"cafe_restaurant","name":"ＢＵＺＺ　ｄａｒｔｓ＆ｓｐｏｒｔｓ","address":"千葉県船橋市本町４－４０－１ レオセントラルスクエア４階","source":"厚生労働省 食品衛生申請等システム（オープンデータ）"},"geometry":{"type":"Point","coordinates":[139.98677,35.698916]}},{"type":"Feature","properties":{"layer_id":"cafe_restaurant","name":"ココファン西船橋","address":"千葉県船橋市二子町610","source":"厚生労働省 食品衛生申請等システム（オープンデータ）"},"geometry":{"type":"Point","coordinates":[139.948898,35.70873]}},{"type":"Feature","properties":{"layer_id":"cafe_restaurant","name":"みるくｓａｎ","address":"千葉県船橋市浜町２－１－１ ららぽーと東京ベイ１階Ｄ１０１号室","source":"厚生労働省 食品衛生申請等システム（オープンデータ）"},"geometry":{"type":"Point","coordinates":[139.987793,35.68732]}},{"type":"Feature","properties":{"layer_id":"cafe_restaurant","name":"串焼き亭","address":"千葉県船橋市前原西６－１－７０ アルビス前原ショッピングセンター内","source":"厚生労働省 食品衛生申請等システム（オープンデータ）"},"geometry":{"type":"Point","coordinates":[140.021503,35.701378]}},{"type":"Feature","properties":{"layer_id":"cafe_restaurant","name":"ミニストップ　新船橋駅店","address":"千葉県船橋市山手１－３－２","source":"厚生労働省 食品衛生申請等システム（オープンデータ）"},"geometry":{"type":"Point","coordinates":[139.979882,35.710879]}},{"type":"Feature","properties":{"layer_id":"cafe_restaurant","name":"大陸","address":"千葉県船橋市高根台６－４１－１６ １０２","source":"厚生労働省 食品衛生申請等システム（オープンデータ）"},"geometry":{"type":"Point","coordinates":[140.035638,35.729588]}},{"type":"Feature","properties":{"layer_id":"cafe_restaurant","name":"ＢＡＲ　７１０","address":"千葉県船橋市西習志野３－２７－６ 伊藤ビルＢ１","source":"厚生労働省 食品衛生申請等システム（オープンデータ）"},"geometry":{"type":"Point","coordinates":[140.041598,35.721474]}},{"type":"Feature","properties":{"layer_id":"cafe_restaurant","name":"後関","address":"千葉県船橋市山野町４１ ホワイトパレス１０３","source":"厚生労働省 食品衛生申請等システム（オープンデータ）"},"geometry":{"type":"Point","coordinates":[139.961342,35.704552]}},{"type":"Feature","properties":{"layer_id":"cafe_restaurant","name":"三井住友銀行　西船橋寮","address":"千葉県船橋市西船６－９－３５ 三井住友銀行西船橋寮","source":"厚生労働省 食品衛生申請等システム（オープンデータ）"},"geometry":{"type":"Point","coordinates":[139.955553,35.716077]}},{"type":"Feature","properties":{"layer_id":"cafe_restaurant","name":"ＤＥＬＴＡ船橋店","address":"千葉県船橋市本町４－５－２７ 百万ドルビルＢ１Ｆ","source":"厚生労働省 食品衛生申請等システム（オープンデータ）"},"geometry":{"type":"Point","coordinates":[139.987183,35.701347]}},{"type":"Feature","properties":{"layer_id":"cafe_restaurant","name":"麻辣燙王家　マーラータンワンジャ","address":"千葉県船橋市習志野台３－２－１１３","source":"厚生労働省 食品衛生申請等システム（オープンデータ）"},"geometry":{"type":"Point","coordinates":[140.043313,35.721481]}},{"type":"Feature","properties":{"layer_id":"cafe_restaurant","name":"居酒屋　わたしの店","address":"千葉県船橋市滝台２－１－２４","source":"厚生労働省 食品衛生申請等システム（オープンデータ）"},"geometry":{"type":"Point","coordinates":[140.034808,35.706456]}},{"type":"Feature","properties":{"layer_id":"cafe_restaurant","name":"ＳＵＮＲＩＳＥ　Ｒｅｓｔａｕｒａｎｔ","address":"千葉県船橋市本町４－５－１８ 小泉ビル３Ｆ","source":"厚生労働省 食品衛生申請等システム（オープンデータ）"},"geometry":{"type":"Point","coordinates":[139.987384,35.701077]}},{"type":"Feature","properties":{"layer_id":"cafe_restaurant","name":"エルヴの森","address":"千葉県船橋市南三咲２－５－７ フォレスト御滝ビル１０１","source":"厚生労働省 食品衛生申請等システム（オープンデータ）"},"geometry":{"type":"Point","coordinates":[140.019607,35.738045]}},{"type":"Feature","properties":{"layer_id":"cafe_restaurant","name":"インド・アジア料理　ザ・サハラ","address":"千葉県船橋市本中山３－１－１","source":"厚生労働省 食品衛生申請等システム（オープンデータ）"},"geometry":{"type":"Point","coordinates":[139.946587,35.712801]}},{"type":"Feature","properties":{"layer_id":"cafe_restaurant","name":"ニュープリンス","address":"千葉県船橋市本町４－１－１５","source":"厚生労働省 食品衛生申請等システム（オープンデータ）"},"geometry":{"type":"Point","coordinates":[139.986651,35.701295]}},{"type":"Feature","properties":{"layer_id":"cafe_restaurant","name":"酒蔵　きらく","address":"千葉県船橋市西船４－２８－１３","source":"厚生労働省 食品衛生申請等システム（オープンデータ）"},"geometry":{"type":"Point","coordinates":[139.959907,35.708192]}},{"type":"Feature","properties":{"layer_id":"cafe_restaurant","name":"大阪焼肉・ホルモン　ふたご","address":"千葉県船橋市本町１－３２－２６ アロー船橋駅前２６番館１Ｆ","source":"厚生労働省 食品衛生申請等システム（オープンデータ）"},"geometry":{"type":"Point","coordinates":[139.98437,35.700113]}},{"type":"Feature","properties":{"layer_id":"cafe_restaurant","name":"セブンーイレブン船橋金杉８丁目店","address":"千葉県船橋市金杉８－４－１４","source":"厚生労働省 食品衛生申請等システム（オープンデータ）"},"geometry":{"type":"Point","coordinates":[140.01273,35.732023]}},{"type":"Feature","properties":{"layer_id":"cafe_restaurant","name":"セブンイレブン東船橋１丁目店","address":"千葉県船橋市東船橋１－１－３","source":"厚生労働省 食品衛生申請等システム（オープンデータ）"},"geometry":{"type":"Point","coordinates":[139.997975,35.6973]}},{"type":"Feature","properties":{"layer_id":"cafe_restaurant","name":"焼鳥　福だるま","address":"千葉県船橋市高根台1-7-8","source":"厚生労働省 食品衛生申請等システム（オープンデータ）"},"geometry":{"type":"Point","coordinates":[140.029497,35.730705]}},{"type":"Feature","properties":{"layer_id":"cafe_restaurant","name":"船橋ビール醸造所","address":"千葉県船橋市西船４−２９－９","source":"厚生労働省 食品衛生申請等システム（オープンデータ）"},"geometry":{"type":"Point","coordinates":[139.96037,35.707496]}},{"type":"Feature","properties":{"layer_id":"cafe_restaurant","name":"三井造船　船橋寮","address":"千葉県船橋市印内２－９－３４","source":"厚生労働省 食品衛生申請等システム（オープンデータ）"},"geometry":{"type":"Point","coordinates":[139.964329,35.717306]}},{"type":"Feature","properties":{"layer_id":"cafe_restaurant","name":"宅食ライフ北船橋店","address":"千葉県船橋市丸山３－３－２ 皆川店舗　１０４","source":"厚生労働省 食品衛生申請等システム（オープンデータ）"},"geometry":{"type":"Point","coordinates":[139.992443,35.748526]}},{"type":"Feature","properties":{"layer_id":"cafe_restaurant","name":"カフェ　ぷれいす","address":"千葉県船橋市本町4-19-6 勤労市民センター内","source":"厚生労働省 食品衛生申請等システム（オープンデータ）"},"geometry":{"type":"Point","coordinates":[139.987773,35.698795]}},{"type":"Feature","properties":{"layer_id":"cafe_restaurant","name":"Indian Restaurant Bhairab Samosa","address":"千葉県船橋市薬円台５－３２－９","source":"厚生労働省 食品衛生申請等システム（オープンデータ）"},"geometry":{"type":"Point","coordinates":[140.043496,35.71477]}},{"type":"Feature","properties":{"layer_id":"cafe_restaurant","name":"ドーミー東船橋２","address":"千葉県船橋市市場５－１６－２０","source":"厚生労働省 食品衛生申請等システム（オープンデータ）"},"geometry":{"type":"Point","coordinates":[140.002756,35.703975]}},{"type":"Feature","properties":{"layer_id":"cafe_restaurant","name":"酒場　Ｐ／ｍａｎ","address":"千葉県船橋市本町１－１２－２２ タカナミビル３","source":"厚生労働省 食品衛生申請等システム（オープンデータ）"},"geometry":{"type":"Point","coordinates":[139.984063,35.699272]}},{"type":"Feature","properties":{"layer_id":"cafe_restaurant","name":"一志","address":"千葉県船橋市湊町３－２０－７－１０１","source":"厚生労働省 食品衛生申請等システム（オープンデータ）"},"geometry":{"type":"Point","coordinates":[139.981232,35.690278]}},{"type":"Feature","properties":{"layer_id":"cafe_restaurant","name":"海南スペース","address":"千葉県船橋市海神町南１－７３９－５","source":"厚生労働省 食品衛生申請等システム（オープンデータ）"},"geometry":{"type":"Point","coordinates":[139.961225,35.701562]}},{"type":"Feature","properties":{"layer_id":"cafe_restaurant","name":"ＳＴＥＡＫ　ＨＯＵＳＥ　ＧＯＬＤ","address":"千葉県船橋市宮本４－１９－８","source":"厚生労働省 食品衛生申請等システム（オープンデータ）"},"geometry":{"type":"Point","coordinates":[139.991342,35.692864]}},{"type":"Feature","properties":{"layer_id":"cafe_restaurant","name":"みずほ銀行　船橋支店","address":"千葉県船橋市本町１－３－１ ＦＡＣＥ４階","source":"厚生労働省 食品衛生申請等システム（オープンデータ）"},"geometry":{"type":"Point","coordinates":[139.985488,35.700725]}},{"type":"Feature","properties":{"layer_id":"cafe_restaurant","name":"koreAn diNing GOMAmura","address":"千葉県船橋市本町４－３９－５ 三光４丁目ビル裏１階B室","source":"厚生労働省 食品衛生申請等システム（オープンデータ）"},"geometry":{"type":"Point","coordinates":[139.987203,35.698681]}},{"type":"Feature","properties":{"layer_id":"cafe_restaurant","name":"ふうず","address":"千葉県船橋市本中山２－１２－７ ４号","source":"厚生労働省 食品衛生申請等システム（オープンデータ）"},"geometry":{"type":"Point","coordinates":[139.944438,35.715373]}},{"type":"Feature","properties":{"layer_id":"cafe_restaurant","name":"塚田の焼き鳥酒場　有頂天","address":"千葉県船橋市北本町２－４４－１２ 第３金子ビル１Ａ","source":"厚生労働省 食品衛生申請等システム（オープンデータ）"},"geometry":{"type":"Point","coordinates":[139.982936,35.721097]}},{"type":"Feature","properties":{"layer_id":"cafe_restaurant","name":"ブルゥミング保育園","address":"千葉県船橋市宮本１－８－１１","source":"厚生労働省 食品衛生申請等システム（オープンデータ）"},"geometry":{"type":"Point","coordinates":[139.991636,35.699557]}},{"type":"Feature","properties":{"layer_id":"cafe_restaurant","name":"かねゆう水産株式会社","address":"千葉県船橋市湊町３丁目１６番１０号","source":"厚生労働省 食品衛生申請等システム（オープンデータ）"},"geometry":{"type":"Point","coordinates":[139.983265,35.689592]}},{"type":"Feature","properties":{"layer_id":"cafe_restaurant","name":"中華　宝楽","address":"千葉県船橋市本町３－６－６","source":"厚生労働省 食品衛生申請等システム（オープンデータ）"},"geometry":{"type":"Point","coordinates":[139.988915,35.697183]}},{"type":"Feature","properties":{"layer_id":"cafe_restaurant","name":"日本海庄や　船橋南口店","address":"千葉県船橋市本町１－３－１ 船橋ＦＡＣＥビル地下１階","source":"厚生労働省 食品衛生申請等システム（オープンデータ）"},"geometry":{"type":"Point","coordinates":[139.985488,35.700725]}},{"type":"Feature","properties":{"layer_id":"cafe_restaurant","name":"しちりん津田沼北口店","address":"千葉県船橋市前原西2-21-18 1階 セブンビル","source":"厚生労働省 食品衛生申請等システム（オープンデータ）"},"geometry":{"type":"Point","coordinates":[140.021023,35.693731]}},{"type":"Feature","properties":{"layer_id":"cafe_restaurant","name":"ラーメン魁力屋　船橋成田街道店","address":"千葉県船橋市前原西１－３８－６","source":"厚生労働省 食品衛生申請等システム（オープンデータ）"},"geometry":{"type":"Point","coordinates":[140.010444,35.695248]}},{"type":"Feature","properties":{"layer_id":"cafe_restaurant","name":"鉄板焼き おが和","address":"千葉県船橋市丸山5-36-6 ガーデンテラス101","source":"厚生労働省 食品衛生申請等システム（オープンデータ）"},"geometry":{"type":"Point","coordinates":[139.995309,35.743039]}},{"type":"Feature","properties":{"layer_id":"cafe_restaurant","name":"網焼元祖　しちりん　東船橋店","address":"千葉県船橋市東船橋４－２９－２ ハイツセブン１０３号","source":"厚生労働省 食品衛生申請等システム（オープンデータ）"},"geometry":{"type":"Point","coordinates":[140.00465,35.697348]}},{"type":"Feature","properties":{"layer_id":"cafe_restaurant","name":"税務大学校　東京研修所　食堂","address":"千葉県船橋市行田2-6-5","source":"厚生労働省 食品衛生申請等システム（オープンデータ）"},"geometry":{"type":"Point","coordinates":[139.973078,35.720623]}},{"type":"Feature","properties":{"layer_id":"cafe_restaurant","name":"魚国総本社船橋市２２５１８","address":"千葉県船橋市高瀬町２１－１０","source":"厚生労働省 食品衛生申請等システム（オープンデータ）"},"geometry":{"type":"Point","coordinates":[139.989676,35.669896]}},{"type":"Feature","properties":{"layer_id":"cafe_restaurant","name":"カレー＆コーヒー　シンドバッド","address":"千葉県船橋市飯山満町１－１９４","source":"厚生労働省 食品衛生申請等システム（オープンデータ）"},"geometry":{"type":"Point","coordinates":[140.009325,35.713147]}},{"type":"Feature","properties":{"layer_id":"cafe_restaurant","name":"ｈｙｇｇｅ","address":"千葉県船橋市本町４－４２－４ 高瀬ビル２階","source":"厚生労働省 食品衛生申請等システム（オープンデータ）"},"geometry":{"type":"Point","coordinates":[139.986507,35.699406]}},{"type":"Feature","properties":{"layer_id":"cafe_restaurant","name":"つけ麺・らーめん春樹","address":"千葉県船橋市山手１－１－８","source":"厚生労働省 食品衛生申請等システム（オープンデータ）"},"geometry":{"type":"Point","coordinates":[139.978715,35.711455]}},{"type":"Feature","properties":{"layer_id":"cafe_restaurant","name":"ZINO津田沼店","address":"千葉県船橋市前原西2丁目13-23 フラッピ津田沼 3階B","source":"厚生労働省 食品衛生申請等システム（オープンデータ）"},"geometry":{"type":"Point","coordinates":[140.021182,35.692772]}},{"type":"Feature","properties":{"layer_id":"cafe_restaurant","name":"GARDEN　STAND","address":"千葉県船橋市海神２－８－２０ パークワンモア船橋アネックス１０２","source":"厚生労働省 食品衛生申請等システム（オープンデータ）"},"geometry":{"type":"Point","coordinates":[139.98259,35.702276]}},{"type":"Feature","properties":{"layer_id":"cafe_restaurant","name":"千葉県立船橋県民の森","address":"千葉県船橋市大神保町586-2","source":"厚生労働省 食品衛生申請等システム（オープンデータ）"},"geometry":{"type":"Point","coordinates":[140.05842,35.76854]}},{"type":"Feature","properties":{"layer_id":"cafe_restaurant","name":"鳥船屋／酔灯夜","address":"千葉県船橋市本町4-5-26 船福ビル３Ｆ","source":"厚生労働省 食品衛生申請等システム（オープンデータ）"},"geometry":{"type":"Point","coordinates":[139.987179,35.70125]}},{"type":"Feature","properties":{"layer_id":"cafe_restaurant","name":"串市","address":"千葉県船橋市本郷町６０９－３","source":"厚生労働省 食品衛生申請等システム（オープンデータ）"},"geometry":{"type":"Point","coordinates":[139.956285,35.708362]}},{"type":"Feature","properties":{"layer_id":"cafe_restaurant","name":"カラオケの鉄人　船橋店　赤から　船橋店","address":"千葉県船橋市本町４丁目４１番２９号 ＤＡＩＫＩＣＨＩビル１～３Ｆ","source":"厚生労働省 食品衛生申請等システム（オープンデータ）"},"geometry":{"type":"Point","coordinates":[139.986288,35.699148]}},{"type":"Feature","properties":{"layer_id":"cafe_restaurant","name":"リンガーハット　イオンモール船橋店","address":"千葉県船橋市山手1-1-8 イオンモール船橋　3F","source":"厚生労働省 食品衛生申請等システム（オープンデータ）"},"geometry":{"type":"Point","coordinates":[139.978715,35.711455]}},{"type":"Feature","properties":{"layer_id":"cafe_restaurant","name":"五番街","address":"千葉県船橋市高根台７－１３－８","source":"厚生労働省 食品衛生申請等システム（オープンデータ）"},"geometry":{"type":"Point","coordinates":[140.028754,35.730236]}},{"type":"Feature","properties":{"layer_id":"cafe_restaurant","name":"愛　チェンマイ","address":"千葉県船橋市本町2-15-24","source":"厚生労働省 食品衛生申請等システム（オープンデータ）"},"geometry":{"type":"Point","coordinates":[139.980058,35.698034]}},{"type":"Feature","properties":{"layer_id":"cafe_restaurant","name":"すし旬鮮料理　しゃり膳","address":"千葉県船橋市本町４ー４３ー５","source":"厚生労働省 食品衛生申請等システム（オープンデータ）"},"geometry":{"type":"Point","coordinates":[139.987182,35.699455]}},{"type":"Feature","properties":{"layer_id":"cafe_restaurant","name":"幸せバル　ＫＡＮＥＬ．","address":"千葉県船橋市本町５－２－９－１０２","source":"厚生労働省 食品衛生申請等システム（オープンデータ）"},"geometry":{"type":"Point","coordinates":[139.987492,35.702169]}},{"type":"Feature","properties":{"layer_id":"cafe_restaurant","name":"ファミリーマート船橋印内町店","address":"千葉県船橋市印内町６７４－７","source":"厚生労働省 食品衛生申請等システム（オープンデータ）"},"geometry":{"type":"Point","coordinates":[139.960273,35.704888]}},{"type":"Feature","properties":{"layer_id":"cafe_restaurant","name":"Ａｎｅｗ","address":"千葉県船橋市西船４－２０－５ ＨＮビル　１階","source":"厚生労働省 食品衛生申請等システム（オープンデータ）"},"geometry":{"type":"Point","coordinates":[139.958137,35.708437]}},{"type":"Feature","properties":{"layer_id":"cafe_restaurant","name":"Ａｎｅｗ","address":"千葉県船橋市西船４－２０－５ ＨＮビル　２階","source":"厚生労働省 食品衛生申請等システム（オープンデータ）"},"geometry":{"type":"Point","coordinates":[139.958137,35.708437]}},{"type":"Feature","properties":{"layer_id":"cafe_restaurant","name":"鮨　輝","address":"千葉県船橋市金杉4-3-18","source":"厚生労働省 食品衛生申請等システム（オープンデータ）"},"geometry":{"type":"Point","coordinates":[140.010444,35.731889]}},{"type":"Feature","properties":{"layer_id":"cafe_restaurant","name":"渡辺ストアー","address":"千葉県船橋市薬円台５－３２－８","source":"厚生労働省 食品衛生申請等システム（オープンデータ）"},"geometry":{"type":"Point","coordinates":[140.043694,35.714631]}},{"type":"Feature","properties":{"layer_id":"cafe_restaurant","name":"テリーサカキバラ","address":"千葉県船橋市三山７－１２－８ 将司ビル１階","source":"厚生労働省 食品衛生申請等システム（オープンデータ）"},"geometry":{"type":"Point","coordinates":[140.055635,35.697417]}},{"type":"Feature","properties":{"layer_id":"cafe_restaurant","name":"船橋市立飯山満中学校","address":"千葉県船橋市飯山満町1-946-1","source":"厚生労働省 食品衛生申請等システム（オープンデータ）"},"geometry":{"type":"Point","coordinates":[140.017756,35.711503]}},{"type":"Feature","properties":{"layer_id":"cafe_restaurant","name":"北の味紀行と地酒　北海道　津田沼駅前店","address":"千葉県船橋市前原西2丁目14番8号 津田沼パスタビル７F","source":"厚生労働省 食品衛生申請等システム（オープンデータ）"},"geometry":{"type":"Point","coordinates":[140.020578,35.69185]}},{"type":"Feature","properties":{"layer_id":"cafe_restaurant","name":"かつや船橋芝山店","address":"千葉県船橋市芝山１－３６－５","source":"厚生労働省 食品衛生申請等システム（オープンデータ）"},"geometry":{"type":"Point","coordinates":[140.015296,35.716406]}},{"type":"Feature","properties":{"layer_id":"cafe_restaurant","name":"宗庵　船橋店","address":"千葉県船橋市本町３－３３－１１","source":"厚生労働省 食品衛生申請等システム（オープンデータ）"},"geometry":{"type":"Point","coordinates":[139.985456,35.696336]}},{"type":"Feature","properties":{"layer_id":"cafe_restaurant","name":"まとい寿し","address":"千葉県船橋市咲が丘４－２３－１０","source":"厚生労働省 食品衛生申請等システム（オープンデータ）"},"geometry":{"type":"Point","coordinates":[140.028882,35.755071]}},{"type":"Feature","properties":{"layer_id":"cafe_restaurant","name":"船橋　おはこ","address":"千葉県船橋市本町１－１１－１９","source":"厚生労働省 食品衛生申請等システム（オープンデータ）"},"geometry":{"type":"Point","coordinates":[139.984386,35.699442]}},{"type":"Feature","properties":{"layer_id":"cafe_restaurant","name":"生活彩家船橋中央病院店","address":"千葉県船橋市海神６－１３－１０","source":"厚生労働省 食品衛生申請等システム（オープンデータ）"},"geometry":{"type":"Point","coordinates":[139.969578,35.705927]}},{"type":"Feature","properties":{"layer_id":"cafe_restaurant","name":"焼鳥　げんこつや","address":"千葉県船橋市薬円台６－５－９ 外山ビル１０１","source":"厚生労働省 食品衛生申請等システム（オープンデータ）"},"geometry":{"type":"Point","coordinates":[140.036854,35.712266]}},{"type":"Feature","properties":{"layer_id":"cafe_restaurant","name":"サーティワンアイスクリームシャポー船橋店","address":"千葉県船橋市本町7-1-1 シャポー船橋1階","source":"厚生労働省 食品衛生申請等システム（オープンデータ）"},"geometry":{"type":"Point","coordinates":[139.98338,35.70595]}},{"type":"Feature","properties":{"layer_id":"cafe_restaurant","name":"サーティワンアイスクリーム船橋イトーヨーカドー店","address":"千葉県船橋市本町7-6-1 イトーヨーカ堂船橋店西館１F","source":"厚生労働省 食品衛生申請等システム（オープンデータ）"},"geometry":{"type":"Point","coordinates":[139.98338,35.70595]}},{"type":"Feature","properties":{"layer_id":"cafe_restaurant","name":"Ｔａｍａｙａ","address":"千葉県船橋市浜町２－１－１ ららぽーとＴＯＫＹＯ－ＢＡＹ　１Ｆ","source":"厚生労働省 食品衛生申請等システム（オープンデータ）"},"geometry":{"type":"Point","coordinates":[139.987793,35.68732]}},{"type":"Feature","properties":{"layer_id":"cafe_restaurant","name":"そば処　志な乃","address":"千葉県船橋市前原西２－１４－６","source":"厚生労働省 食品衛生申請等システム（オープンデータ）"},"geometry":{"type":"Point","coordinates":[140.02065,35.69188]}},{"type":"Feature","properties":{"layer_id":"cafe_restaurant","name":"中華　ひろや","address":"千葉県船橋市本中山４－１２－１３","source":"厚生労働省 食品衛生申請等システム（オープンデータ）"},"geometry":{"type":"Point","coordinates":[139.942036,35.710637]}},{"type":"Feature","properties":{"layer_id":"cafe_restaurant","name":"カフェ　コンニチワ","address":"千葉県船橋市浜町２－１－１ ららぽーと東京ベイ南１Ｆ","source":"厚生労働省 食品衛生申請等システム（オープンデータ）"},"geometry":{"type":"Point","coordinates":[139.987793,35.68732]}},{"type":"Feature","properties":{"layer_id":"cafe_restaurant","name":"（株）大林組　夏見寮内　（株）レパスト　事業所","address":"千葉県船橋市夏見３－２４－１５","source":"厚生労働省 食品衛生申請等システム（オープンデータ）"},"geometry":{"type":"Point","coordinates":[139.98683,35.715822]}},{"type":"Feature","properties":{"layer_id":"cafe_restaurant","name":"（有）鳥誠","address":"千葉県船橋市松が丘４－２４－４","source":"厚生労働省 食品衛生申請等システム（オープンデータ）"},"geometry":{"type":"Point","coordinates":[140.046463,35.732562]}},{"type":"Feature","properties":{"layer_id":"cafe_restaurant","name":"わたしの時間","address":"千葉県船橋市夏見台3丁目9－1 サンロード１階","source":"厚生労働省 食品衛生申請等システム（オープンデータ）"},"geometry":{"type":"Point","coordinates":[139.990599,35.721209]}},{"type":"Feature","properties":{"layer_id":"cafe_restaurant","name":"京葉銀行　船橋駅前支店","address":"千葉県船橋市本町７－６－１ 船橋ツインビル内","source":"厚生労働省 食品衛生申請等システム（オープンデータ）"},"geometry":{"type":"Point","coordinates":[139.984366,35.703297]}},{"type":"Feature","properties":{"layer_id":"cafe_restaurant","name":"ローソン　船橋習志野台一丁目店","address":"千葉県船橋市習志野台１－２２－８","source":"厚生労働省 食品衛生申請等システム（オープンデータ）"},"geometry":{"type":"Point","coordinates":[140.040324,35.726285]}},{"type":"Feature","properties":{"layer_id":"cafe_restaurant","name":"セブン‐イレブン船橋本町4丁目店","address":"千葉県船橋市本町4-40-13","source":"厚生労働省 食品衛生申請等システム（オープンデータ）"},"geometry":{"type":"Point","coordinates":[139.987136,35.698178]}},{"type":"Feature","properties":{"layer_id":"cafe_restaurant","name":"ファミリーマート　ルーキー丸山四丁目店","address":"千葉県船橋市丸山４－２６","source":"厚生労働省 食品衛生申請等システム（オープンデータ）"},"geometry":{"type":"Point","coordinates":[139.994948,35.751049]}},{"type":"Feature","properties":{"layer_id":"cafe_restaurant","name":"アップル船橋店","address":"千葉県船橋市本町7丁目27番27号 第一プラザ船橋店内","source":"厚生労働省 食品衛生申請等システム（オープンデータ）"},"geometry":{"type":"Point","coordinates":[139.980486,35.709221]}},{"type":"Feature","properties":{"layer_id":"cafe_restaurant","name":"Ｓｎａｃｋ　ＲＯＭＡＤＯ","address":"千葉県船橋市西船４丁目２８番１３号 アロービル２階","source":"厚生労働省 食品衛生申請等システム（オープンデータ）"},"geometry":{"type":"Point","coordinates":[139.959907,35.708192]}},{"type":"Feature","properties":{"layer_id":"cafe_restaurant","name":"Ｘ　ＢＡＲ　ＲＯＭＡＤＯ","address":"千葉県船橋市西船４丁目２８番１３号 アロービル３階","source":"厚生労働省 食品衛生申請等システム（オープンデータ）"},"geometry":{"type":"Point","coordinates":[139.959907,35.708192]}},{"type":"Feature","properties":{"layer_id":"cafe_restaurant","name":"宮崎県日南市　塚田農場　船橋店","address":"千葉県船橋市本町４－３－２０ モリウチビル２階","source":"厚生労働省 食品衛生申請等システム（オープンデータ）"},"geometry":{"type":"Point","coordinates":[139.986254,35.700655]}},{"type":"Feature","properties":{"layer_id":"cafe_restaurant","name":"タリーズコーヒーネクスト船橋店","address":"千葉県船橋市本町１－５－１ ネクスト船橋１Ｆ","source":"厚生労働省 食品衛生申請等システム（オープンデータ）"},"geometry":{"type":"Point","coordinates":[139.985532,35.700103]}},{"type":"Feature","properties":{"layer_id":"cafe_restaurant","name":"パネテリア　ヴィヴァーチェ","address":"千葉県船橋市南三咲３－２３－２－１０１","source":"厚生労働省 食品衛生申請等システム（オープンデータ）"},"geometry":{"type":"Point","coordinates":[140.026124,35.737564]}},{"type":"Feature","properties":{"layer_id":"cafe_restaurant","name":"かいちゃん手作餛飩","address":"千葉県船橋市習志野４－２－６","source":"厚生労働省 食品衛生申請等システム（オープンデータ）"},"geometry":{"type":"Point","coordinates":[140.058578,35.704907]}},{"type":"Feature","properties":{"layer_id":"cafe_restaurant","name":"カラオケＢａｒ　唯","address":"千葉県船橋市高根台７－６－３","source":"厚生労働省 食品衛生申請等システム（オープンデータ）"},"geometry":{"type":"Point","coordinates":[140.028985,35.72878]}},{"type":"Feature","properties":{"layer_id":"cafe_restaurant","name":"喫茶　ＫｕｕＫａｎ","address":"千葉県船橋市新高根１－１１－７","source":"厚生労働省 食品衛生申請等システム（オープンデータ）"},"geometry":{"type":"Point","coordinates":[140.022715,35.723775]}},{"type":"Feature","properties":{"layer_id":"cafe_restaurant","name":"伊右衛門カフェ　三井ショッピングパークららぽーとTOKYＯ－BAY店","address":"千葉県船橋市浜町2丁目1番1号 ららぽーとTOKYO－BAY北館３F","source":"厚生労働省 食品衛生申請等システム（オープンデータ）"},"geometry":{"type":"Point","coordinates":[139.99124,35.686139]}},{"type":"Feature","properties":{"layer_id":"cafe_restaurant","name":"ピザヨッカー高根台店","address":"千葉県船橋市高根台6-35-12","source":"厚生労働省 食品衛生申請等システム（オープンデータ）"},"geometry":{"type":"Point","coordinates":[140.036164,35.730181]}},{"type":"Feature","properties":{"layer_id":"cafe_restaurant","name":"ファミリーマート船橋夏見店","address":"千葉県船橋市夏見4-4-25","source":"厚生労働省 食品衛生申請等システム（オープンデータ）"},"geometry":{"type":"Point","coordinates":[139.989198,35.713183]}},{"type":"Feature","properties":{"layer_id":"cafe_restaurant","name":"菜々香","address":"千葉県船橋市本町２－２４－１６ サンティアイ１階","source":"厚生労働省 食品衛生申請等システム（オープンデータ）"},"geometry":{"type":"Point","coordinates":[139.982573,35.697974]}},{"type":"Feature","properties":{"layer_id":"cafe_restaurant","name":"ビッグボーイ　中山競馬場前店","address":"千葉県船橋市古作３丁目10-27","source":"厚生労働省 食品衛生申請等システム（オープンデータ）"},"geometry":{"type":"Point","coordinates":[139.958994,35.721327]}},{"type":"Feature","properties":{"layer_id":"cafe_restaurant","name":"ビッグボーイ　船橋習志野店","address":"千葉県船橋市習志野４－５－５","source":"厚生労働省 食品衛生申請等システム（オープンデータ）"},"geometry":{"type":"Point","coordinates":[140.058208,35.702736]}},{"type":"Feature","properties":{"layer_id":"cafe_restaurant","name":"Ｊｕａ","address":"千葉県船橋市本町４－３－５ 大西園ビル７階","source":"厚生労働省 食品衛生申請等システム（オープンデータ）"},"geometry":{"type":"Point","coordinates":[139.986641,35.700772]}},{"type":"Feature","properties":{"layer_id":"cafe_restaurant","name":"焼肉ここから津田沼店","address":"千葉県船橋市前原西２－１５－１２ 第２三商ビル１階","source":"厚生労働省 食品衛生申請等システム（オープンデータ）"},"geometry":{"type":"Point","coordinates":[140.0209,35.692942]}},{"type":"Feature","properties":{"layer_id":"cafe_restaurant","name":"Ｇｉｒｌ’s Ｂａｒ Ｈａｐｐｉｎｅｓｓ","address":"千葉県船橋市本町４丁目５番２８号 正栄ビル５階６階","source":"厚生労働省 食品衛生申請等システム（オープンデータ）"},"geometry":{"type":"Point","coordinates":[139.987057,35.70143]}},{"type":"Feature","properties":{"layer_id":"cafe_restaurant","name":"じゅん屋","address":"千葉県船橋市薬円台４－１１－１５","source":"厚生労働省 食品衛生申請等システム（オープンデータ）"},"geometry":{"type":"Point","coordinates":[140.045886,35.71466]}},{"type":"Feature","properties":{"layer_id":"cafe_restaurant","name":"ドミノ・ピザ船橋湊町店","address":"千葉県船橋市湊町３－１１－２","source":"厚生労働省 食品衛生申請等システム（オープンデータ）"},"geometry":{"type":"Point","coordinates":[139.982113,35.69173]}},{"type":"Feature","properties":{"layer_id":"cafe_restaurant","name":"なんば一番　たこ焼御殿","address":"千葉県船橋市習志野台２－７３－１５ 十字ビル１階","source":"厚生労働省 食品衛生申請等システム（オープンデータ）"},"geometry":{"type":"Point","coordinates":[140.049919,35.724179]}},{"type":"Feature","properties":{"layer_id":"cafe_restaurant","name":"７７","address":"千葉県船橋市本中山２－２３－４ 行徳屋ビル５Ｆ","source":"厚生労働省 食品衛生申請等システム（オープンデータ）"},"geometry":{"type":"Point","coordinates":[139.942261,35.714924]}},{"type":"Feature","properties":{"layer_id":"cafe_restaurant","name":"有限会社　更月","address":"千葉県船橋市本中山２－１９－５","source":"厚生労働省 食品衛生申請等システム（オープンデータ）"},"geometry":{"type":"Point","coordinates":[139.944069,35.715676]}},{"type":"Feature","properties":{"layer_id":"cafe_restaurant","name":"ねぎちゃん","address":"千葉県船橋市宮本１－１０－７ サンハイツ青山１０１","source":"厚生労働省 食品衛生申請等システム（オープンデータ）"},"geometry":{"type":"Point","coordinates":[139.993367,35.699093]}},{"type":"Feature","properties":{"layer_id":"cafe_restaurant","name":"GREEN DISH TABLE","address":"千葉県船橋市習志野台5-40-5","source":"厚生労働省 食品衛生申請等システム（オープンデータ）"},"geometry":{"type":"Point","coordinates":[140.053286,35.719416]}},{"type":"Feature","properties":{"layer_id":"cafe_restaurant","name":"中華家族　まるなか","address":"千葉県船橋市金杉５－７－１７","source":"厚生労働省 食品衛生申請等システム（オープンデータ）"},"geometry":{"type":"Point","coordinates":[140.015747,35.736702]}},{"type":"Feature","properties":{"layer_id":"cafe_restaurant","name":"中華そば青葉","address":"千葉県船橋市浜町２－１－１ ららぽーとＴＯＫＹＯ－ＢＡＹ","source":"厚生労働省 食品衛生申請等システム（オープンデータ）"},"geometry":{"type":"Point","coordinates":[139.988524,35.683594]}},{"type":"Feature","properties":{"layer_id":"cafe_restaurant","name":"有限会社　デリカフーズ・ハマモト","address":"千葉県船橋市飯山満町３－１５３２ 小澤ビル１階","source":"厚生労働省 食品衛生申請等システム（オープンデータ）"},"geometry":{"type":"Point","coordinates":[140.030677,35.71536]}},{"type":"Feature","properties":{"layer_id":"cafe_restaurant","name":"船橋市漁業協同組合　三番瀬みなとや","address":"千葉県船橋市日の出1-22-5","source":"厚生労働省 食品衛生申請等システム（オープンデータ）"},"geometry":{"type":"Point","coordinates":[139.983012,35.688919]}},{"type":"Feature","properties":{"layer_id":"cafe_restaurant","name":"珍来　前原店","address":"千葉県船橋市飯山満町２－５４８－５","source":"厚生労働省 食品衛生申請等システム（オープンデータ）"},"geometry":{"type":"Point","coordinates":[140.020244,35.70911]}},{"type":"Feature","properties":{"layer_id":"cafe_restaurant","name":"拉麺　阿修羅","address":"千葉県船橋市湊町２－７－３ エクセリア１０１","source":"厚生労働省 食品衛生申請等システム（オープンデータ）"},"geometry":{"type":"Point","coordinates":[139.980996,35.697037]}},{"type":"Feature","properties":{"layer_id":"cafe_restaurant","name":"モスバーガー西船橋北口店","address":"千葉県船橋市印内町４９７－４ 三須ビル１Ｆ","source":"厚生労働省 食品衛生申請等システム（オープンデータ）"},"geometry":{"type":"Point","coordinates":[139.959803,35.70899]}},{"type":"Feature","properties":{"layer_id":"cafe_restaurant","name":"フルバックブルシューター","address":"千葉県船橋市習志野台２－６－１７ 鈴木ビル３F","source":"厚生労働省 食品衛生申請等システム（オープンデータ）"},"geometry":{"type":"Point","coordinates":[140.043692,35.722217]}},{"type":"Feature","properties":{"layer_id":"cafe_restaurant","name":"ハップスカフェ三咲店","address":"千葉県船橋市みやぎ台３－４－２２","source":"厚生労働省 食品衛生申請等システム（オープンデータ）"},"geometry":{"type":"Point","coordinates":[140.040526,35.755998]}},{"type":"Feature","properties":{"layer_id":"cafe_restaurant","name":"ＫＯ－ＹＯ－丸","address":"千葉県船橋市本町２－２９－１７－３ メゾンクレア１０１","source":"厚生労働省 食品衛生申請等システム（オープンデータ）"},"geometry":{"type":"Point","coordinates":[139.984176,35.697247]}},{"type":"Feature","properties":{"layer_id":"cafe_restaurant","name":"Ｂａｒ　Ｔｏｐ＆Ｓｋｙ","address":"千葉県船橋市前原西２－１７－６","source":"厚生労働省 食品衛生申請等システム（オープンデータ）"},"geometry":{"type":"Point","coordinates":[140.017772,35.693083]}},{"type":"Feature","properties":{"layer_id":"cafe_restaurant","name":"焼鳥　みのる","address":"千葉県船橋市本中山２－１５－１５","source":"厚生労働省 食品衛生申請等システム（オープンデータ）"},"geometry":{"type":"Point","coordinates":[139.944291,35.715265]}},{"type":"Feature","properties":{"layer_id":"cafe_restaurant","name":"バーガーキング　コーナン京葉船橋インター店","address":"千葉県船橋市海神町３－１２４－３","source":"厚生労働省 食品衛生申請等システム（オープンデータ）"},"geometry":{"type":"Point","coordinates":[139.975335,35.697908]}},{"type":"Feature","properties":{"layer_id":"cafe_restaurant","name":"がんちゃん　船橋店","address":"千葉県船橋市本町１－４－７ こだまビル１Ｆ","source":"厚生労働省 食品衛生申請等システム（オープンデータ）"},"geometry":{"type":"Point","coordinates":[139.985214,35.700304]}},{"type":"Feature","properties":{"layer_id":"cafe_restaurant","name":"セブンイレブン船橋習志野１丁目店","address":"千葉県船橋市習志野１－８－１１","source":"厚生労働省 食品衛生申請等システム（オープンデータ）"},"geometry":{"type":"Point","coordinates":[140.061129,35.710578]}},{"type":"Feature","properties":{"layer_id":"cafe_restaurant","name":"ローソンストア１００　中山競馬場通り店","address":"千葉県船橋市西船６－８－３５","source":"厚生労働省 食品衛生申請等システム（オープンデータ）"},"geometry":{"type":"Point","coordinates":[139.955705,35.715001]}},{"type":"Feature","properties":{"layer_id":"cafe_restaurant","name":"ローソンストア１００　東船橋駅前店","address":"千葉県船橋市東船橋４－３１－７","source":"厚生労働省 食品衛生申請等システム（オープンデータ）"},"geometry":{"type":"Point","coordinates":[140.00465,35.697348]}},{"type":"Feature","properties":{"layer_id":"cafe_restaurant","name":"はなまるうどんコーナン京葉船橋インター店","address":"千葉県船橋市海神町３－１２４－３","source":"厚生労働省 食品衛生申請等システム（オープンデータ）"},"geometry":{"type":"Point","coordinates":[139.975335,35.697908]}},{"type":"Feature","properties":{"layer_id":"cafe_restaurant","name":"アユタヤ","address":"千葉県船橋市本町3丁目36番34号 石井ビル3階","source":"厚生労働省 食品衛生申請等システム（オープンデータ）"},"geometry":{"type":"Point","coordinates":[139.985779,35.697112]}},{"type":"Feature","properties":{"layer_id":"cafe_restaurant","name":"カフェ　カッチーヌ","address":"千葉県船橋市本町７－１－１ 船橋東武百貨店　５F","source":"厚生労働省 食品衛生申請等システム（オープンデータ）"},"geometry":{"type":"Point","coordinates":[139.986591,35.701433]}},{"type":"Feature","properties":{"layer_id":"cafe_restaurant","name":"ＦＡＴ　ｃｌｏｗｎ","address":"千葉県船橋市本町４－１９－６ 船橋サンプラザ１０９","source":"厚生労働省 食品衛生申請等システム（オープンデータ）"},"geometry":{"type":"Point","coordinates":[139.988553,35.699251]}},{"type":"Feature","properties":{"layer_id":"cafe_restaurant","name":"魚　ｕｎＬＯＣ","address":"千葉県船橋市北本町１－４－４ 丸伸ビル１０１","source":"厚生労働省 食品衛生申請等システム（オープンデータ）"},"geometry":{"type":"Point","coordinates":[139.98282,35.70712]}},{"type":"Feature","properties":{"layer_id":"cafe_restaurant","name":"永坂更科　布屋太兵衛","address":"千葉県船橋市本町７－１－１ 東武百貨店　船橋店７Ｆ","source":"厚生労働省 食品衛生申請等システム（オープンデータ）"},"geometry":{"type":"Point","coordinates":[139.986591,35.701433]}},{"type":"Feature","properties":{"layer_id":"cafe_restaurant","name":"ハゲ天　船橋東武店","address":"千葉県船橋市本町７－１－１ 東武百貨店船橋店７階","source":"厚生労働省 食品衛生申請等システム（オープンデータ）"},"geometry":{"type":"Point","coordinates":[139.986561,35.701433]}},{"type":"Feature","properties":{"layer_id":"cafe_restaurant","name":"粋な料理と厳選地酒こみや","address":"千葉県船橋市本町４－５－２１","source":"厚生労働省 食品衛生申請等システム（オープンデータ）"},"geometry":{"type":"Point","coordinates":[139.987116,35.700984]}},{"type":"Feature","properties":{"layer_id":"cafe_restaurant","name":"柿安ダイニング　東武百貨店船橋店","address":"千葉県船橋市本町７－１－１ 東武百貨店船橋店８Ｆ","source":"厚生労働省 食品衛生申請等システム（オープンデータ）"},"geometry":{"type":"Point","coordinates":[139.986591,35.701433]}},{"type":"Feature","properties":{"layer_id":"cafe_restaurant","name":"味乃宮川","address":"千葉県船橋市本町７－１－１ 東武百貨店船橋店７Ｆ","source":"厚生労働省 食品衛生申請等システム（オープンデータ）"},"geometry":{"type":"Point","coordinates":[139.986591,35.701433]}},{"type":"Feature","properties":{"layer_id":"cafe_restaurant","name":"株式会社clasta","address":"千葉県船橋市三咲3-1-14 増田店舗","source":"厚生労働省 食品衛生申請等システム（オープンデータ）"},"geometry":{"type":"Point","coordinates":[140.031724,35.750021]}},{"type":"Feature","properties":{"layer_id":"cafe_restaurant","name":"Ｂｉｓｔｒｏ　Ｉｎｃｏｎｔｒｏ","address":"千葉県船橋市本町１－１４－９","source":"厚生労働省 食品衛生申請等システム（オープンデータ）"},"geometry":{"type":"Point","coordinates":[139.982735,35.698975]}},{"type":"Feature","properties":{"layer_id":"cafe_restaurant","name":"串焼き　小野田","address":"千葉県船橋市本中山３－１１－２","source":"厚生労働省 食品衛生申請等システム（オープンデータ）"},"geometry":{"type":"Point","coordinates":[139.944743,35.713241]}},{"type":"Feature","properties":{"layer_id":"cafe_restaurant","name":"４７都道府県の日本酒と炉端焼き　浦島","address":"千葉県船橋市本町４－１８－３２ 藤蔵ビル１階","source":"厚生労働省 食品衛生申請等システム（オープンデータ）"},"geometry":{"type":"Point","coordinates":[139.987553,35.699587]}},{"type":"Feature","properties":{"layer_id":"cafe_restaurant","name":"カフェ　コッソリ　Ｃａｆｅ　ｃｏ　ｓｏｆｆｒｉｔｔｏ","address":"千葉県船橋市高根台４－２２－６","source":"厚生労働省 食品衛生申請等システム（オープンデータ）"},"geometry":{"type":"Point","coordinates":[140.039813,35.729254]}},{"type":"Feature","properties":{"layer_id":"cafe_restaurant","name":"わいわい","address":"千葉県船橋市習志野台４－１－３ ２Ｆ","source":"厚生労働省 食品衛生申請等システム（オープンデータ）"},"geometry":{"type":"Point","coordinates":[140.042982,35.715229]}},{"type":"Feature","properties":{"layer_id":"cafe_restaurant","name":"四季邸","address":"千葉県船橋市本町４－２－５","source":"厚生労働省 食品衛生申請等システム（オープンデータ）"},"geometry":{"type":"Point","coordinates":[139.986591,35.701109]}},{"type":"Feature","properties":{"layer_id":"cafe_restaurant","name":"ＬＯＴＵＳ　ＫＡＢＡＢ　ＡＮＤ　ＴＡＮＤＯＯＲＩ　Ｒｅｓｔａｕｒａｎｔ","address":"千葉県船橋市本中山３－２１－１７ １Ｆ","source":"厚生労働省 食品衛生申請等システム（オープンデータ）"},"geometry":{"type":"Point","coordinates":[139.942248,35.714513]}},{"type":"Feature","properties":{"layer_id":"cafe_restaurant","name":"中華料理　常亭","address":"千葉県船橋市新高根５－３－３","source":"厚生労働省 食品衛生申請等システム（オープンデータ）"},"geometry":{"type":"Point","coordinates":[140.026862,35.728404]}},{"type":"Feature","properties":{"layer_id":"cafe_restaurant","name":"梅の花　船橋店","address":"千葉県船橋市本町７－１－１ 東武百貨店船橋店８Ｆ","source":"厚生労働省 食品衛生申請等システム（オープンデータ）"},"geometry":{"type":"Point","coordinates":[139.986591,35.701433]}},{"type":"Feature","properties":{"layer_id":"cafe_restaurant","name":"呼炉凪来　船橋店","address":"千葉県船橋市本町４－４１－２５ ステージ船橋ビル５Ｆ","source":"厚生労働省 食品衛生申請等システム（オープンデータ）"},"geometry":{"type":"Point","coordinates":[139.986022,35.698772]}},{"type":"Feature","properties":{"layer_id":"cafe_restaurant","name":"あけの","address":"千葉県船橋市丸山１－１－３","source":"厚生労働省 食品衛生申請等システム（オープンデータ）"},"geometry":{"type":"Point","coordinates":[139.992007,35.743058]}},{"type":"Feature","properties":{"layer_id":"cafe_restaurant","name":"酒処　ねね","address":"千葉県船橋市本町２－１６－１９","source":"厚生労働省 食品衛生申請等システム（オープンデータ）"},"geometry":{"type":"Point","coordinates":[139.980458,35.698454]}},{"type":"Feature","properties":{"layer_id":"cafe_restaurant","name":"CRAFT PORT FUNABASHI","address":"千葉県船橋市本町1-13-13 サンレイズ本町一丁目Ⅰ　２F","source":"厚生労働省 食品衛生申請等システム（オープンデータ）"},"geometry":{"type":"Point","coordinates":[139.983264,35.698887]}},{"type":"Feature","properties":{"layer_id":"cafe_restaurant","name":"ニコニコキッチン　船橋三咲店","address":"千葉県船橋市三咲２－１３－２４","source":"厚生労働省 食品衛生申請等システム（オープンデータ）"},"geometry":{"type":"Point","coordinates":[140.02978,35.751376]}},{"type":"Feature","properties":{"layer_id":"cafe_restaurant","name":"ＤｉＰＵＮＴＯ　船橋店","address":"千葉県船橋市本町４－２－９ 菅野屋ビル１Ｆ","source":"厚生労働省 食品衛生申請等システム（オープンデータ）"},"geometry":{"type":"Point","coordinates":[139.986811,35.701071]}},{"type":"Feature","properties":{"layer_id":"cafe_restaurant","name":"ファミリーマート船橋湊町一丁目店","address":"千葉県船橋市湊町１－１－１","source":"厚生労働省 食品衛生申請等システム（オープンデータ）"},"geometry":{"type":"Point","coordinates":[139.984946,35.695347]}},{"type":"Feature","properties":{"layer_id":"cafe_restaurant","name":"ファミリーマート津田沼駅北口店","address":"千葉県船橋市前原西2-13-10","source":"厚生労働省 食品衛生申請等システム（オープンデータ）"},"geometry":{"type":"Point","coordinates":[140.022013,35.692925]}},{"type":"Feature","properties":{"layer_id":"cafe_restaurant","name":"ファミリーマート中山競馬場前店","address":"千葉県船橋市古作2-1-5","source":"厚生労働省 食品衛生申請等システム（オープンデータ）"},"geometry":{"type":"Point","coordinates":[139.95836,35.721576]}},{"type":"Feature","properties":{"layer_id":"cafe_restaurant","name":"船橋整形外科クリニック内　リラカフェ","address":"千葉県船橋市飯山満町１－８２４ 船橋整形外科クリニック内","source":"厚生労働省 食品衛生申請等システム（オープンデータ）"},"geometry":{"type":"Point","coordinates":[140.010857,35.712769]}},{"type":"Feature","properties":{"layer_id":"cafe_restaurant","name":"お食事処　江戸川","address":"千葉県船橋市高根台１－１１－１４","source":"厚生労働省 食品衛生申請等システム（オープンデータ）"},"geometry":{"type":"Point","coordinates":[140.029664,35.731684]}},{"type":"Feature","properties":{"layer_id":"cafe_restaurant","name":"Ｐｕｂ　Ｓｎａｃｋ　アンジェ","address":"千葉県船橋市西船４－２０－３ー３Ｆ","source":"厚生労働省 食品衛生申請等システム（オープンデータ）"},"geometry":{"type":"Point","coordinates":[139.958197,35.708926]}},{"type":"Feature","properties":{"layer_id":"cafe_restaurant","name":"とんかついなば和幸","address":"千葉県船橋市本町７－１－１ 東武百貨店７Ｆ","source":"厚生労働省 食品衛生申請等システム（オープンデータ）"},"geometry":{"type":"Point","coordinates":[139.986591,35.701433]}},{"type":"Feature","properties":{"layer_id":"cafe_restaurant","name":"スミビトケムリ　船橋店","address":"千葉県船橋市本町４－４１－２５ ステージ船橋ビル５Ｆ","source":"厚生労働省 食品衛生申請等システム（オープンデータ）"},"geometry":{"type":"Point","coordinates":[139.986022,35.698772]}},{"type":"Feature","properties":{"layer_id":"cafe_restaurant","name":"築地玉寿司","address":"千葉県船橋市本町７－１－１ 東武百貨店７Ｆ","source":"厚生労働省 食品衛生申請等システム（オープンデータ）"},"geometry":{"type":"Point","coordinates":[139.986591,35.701433]}},{"type":"Feature","properties":{"layer_id":"cafe_restaurant","name":"Ｃａｆ  ＆  Ｓａｌｔ  Ｂａｒ  ＴＪ","address":"千葉県船橋市本町４－３５－２１ カナーズ１Ｆ","source":"厚生労働省 食品衛生申請等システム（オープンデータ）"},"geometry":{"type":"Point","coordinates":[139.988553,35.699251]}},{"type":"Feature","properties":{"layer_id":"cafe_restaurant","name":"アフタヌーンティー・ティールーム　東武百貨店船橋店","address":"千葉県船橋市本町７－１－１ 東武百貨店船橋店１Ｆ","source":"厚生労働省 食品衛生申請等システム（オープンデータ）"},"geometry":{"type":"Point","coordinates":[139.986561,35.701433]}},{"type":"Feature","properties":{"layer_id":"cafe_restaurant","name":"焼肉ライク 船橋ららぽーと前店","address":"千葉県船橋市若松1丁目2番9号","source":"厚生労働省 食品衛生申請等システム（オープンデータ）"},"geometry":{"type":"Point","coordinates":[139.993701,35.685422]}},{"type":"Feature","properties":{"layer_id":"cafe_restaurant","name":"からやま船橋薬円台店","address":"千葉県船橋市薬円台1-19-8","source":"厚生労働省 食品衛生申請等システム（オープンデータ）"},"geometry":{"type":"Point","coordinates":[140.042648,35.709364]}},{"type":"Feature","properties":{"layer_id":"cafe_restaurant","name":"ビストロ　コマ","address":"千葉県船橋市西船４－２３－１１","source":"厚生労働省 食品衛生申請等システム（オープンデータ）"},"geometry":{"type":"Point","coordinates":[139.958848,35.70921]}},{"type":"Feature","properties":{"layer_id":"cafe_restaurant","name":"光洋","address":"千葉県船橋市二和東６－１６－７","source":"厚生労働省 食品衛生申請等システム（オープンデータ）"},"geometry":{"type":"Point","coordinates":[140.022615,35.748187]}},{"type":"Feature","properties":{"layer_id":"cafe_restaurant","name":"とんかつ　あられ　茶屋","address":"千葉県船橋市本中山７－１４－５","source":"厚生労働省 食品衛生申請等システム（オープンデータ）"},"geometry":{"type":"Point","coordinates":[139.940655,35.703204]}},{"type":"Feature","properties":{"layer_id":"cafe_restaurant","name":"たこ焼　居酒屋　銀の雨","address":"千葉県船橋市夏見台１－１５－７","source":"厚生労働省 食品衛生申請等システム（オープンデータ）"},"geometry":{"type":"Point","coordinates":[139.992112,35.718545]}},{"type":"Feature","properties":{"layer_id":"cafe_restaurant","name":"鳥楽苑","address":"千葉県船橋市本町５－５－５ 船橋ＳＴＡＭＳビル１０１","source":"厚生労働省 食品衛生申請等システム（オープンデータ）"},"geometry":{"type":"Point","coordinates":[139.986696,35.702619]}},{"type":"Feature","properties":{"layer_id":"cafe_restaurant","name":"グランドマスト船橋高根台","address":"千葉県船橋市高根台３－１０－５","source":"厚生労働省 食品衛生申請等システム（オープンデータ）"},"geometry":{"type":"Point","coordinates":[140.035074,35.731871]}},{"type":"Feature","properties":{"layer_id":"cafe_restaurant","name":"ＳＡＨＡＮＪＩ　ららぽーとＴＯＫＹＯ－ＢＡＹ店","address":"千葉県船橋市浜町2丁目1番1号 ららぽーとＴＯＫＹＯ－ＢＡＹ　１Ｆ　Ｄ１０１","source":"厚生労働省 食品衛生申請等システム（オープンデータ）"},"geometry":{"type":"Point","coordinates":[139.987769,35.687317]}},{"type":"Feature","properties":{"layer_id":"cafe_restaurant","name":"双虎餃子　上海本帮菜","address":"千葉県船橋市丸山４－８－７","source":"厚生労働省 食品衛生申請等システム（オープンデータ）"},"geometry":{"type":"Point","coordinates":[139.994762,35.74903]}},{"type":"Feature","properties":{"layer_id":"cafe_restaurant","name":"ココス芝山店","address":"千葉県船橋市新高根１丁目１番","source":"厚生労働省 食品衛生申請等システム（オープンデータ）"},"geometry":{"type":"Point","coordinates":[140.020209,35.721503]}},{"type":"Feature","properties":{"layer_id":"cafe_restaurant","name":"たのしい酒場　いつもんとこ","address":"千葉県船橋市本町５－３－１１","source":"厚生労働省 食品衛生申請等システム（オープンデータ）"},"geometry":{"type":"Point","coordinates":[139.986752,35.702494]}},{"type":"Feature","properties":{"layer_id":"cafe_restaurant","name":"愛とうた茶屋","address":"千葉県船橋市前原西２－１４－１－２０７","source":"厚生労働省 食品衛生申請等システム（オープンデータ）"},"geometry":{"type":"Point","coordinates":[140.021023,35.693731]}},{"type":"Feature","properties":{"layer_id":"cafe_restaurant","name":"六麓／競馬場酒場","address":"千葉県船橋市宮本８－４２－４ 常世田ビル１０１","source":"厚生労働省 食品衛生申請等システム（オープンデータ）"},"geometry":{"type":"Point","coordinates":[140.001969,35.690373]}},{"type":"Feature","properties":{"layer_id":"cafe_restaurant","name":"マクドナルド　船橋三咲店","address":"千葉県船橋市三咲４－１９ー５１","source":"厚生労働省 食品衛生申請等システム（オープンデータ）"},"geometry":{"type":"Point","coordinates":[140.036092,35.75067]}},{"type":"Feature","properties":{"layer_id":"cafe_restaurant","name":"ローソン船橋習志野台5丁目店","address":"千葉県船橋市習志野台5丁目15番地1号","source":"厚生労働省 食品衛生申請等システム（オープンデータ）"},"geometry":{"type":"Point","coordinates":[140.054227,35.715461]}},{"type":"Feature","properties":{"layer_id":"cafe_restaurant","name":"evan","address":"千葉県船橋市三山５丁目１５番３－３号","source":"厚生労働省 食品衛生申請等システム（オープンデータ）"},"geometry":{"type":"Point","coordinates":[140.051478,35.704213]}},{"type":"Feature","properties":{"layer_id":"cafe_restaurant","name":"ＫＯＮＹＡＧＡＹＡＭＡＤＡ","address":"千葉県船橋市本町４－３９－１０ 興和第三ビル２０２","source":"厚生労働省 食品衛生申請等システム（オープンデータ）"},"geometry":{"type":"Point","coordinates":[139.987202,35.698469]}},{"type":"Feature","properties":{"layer_id":"cafe_restaurant","name":"スナッタずん","address":"千葉県船橋市本町7-14-8","source":"厚生労働省 食品衛生申請等システム（オープンデータ）"},"geometry":{"type":"Point","coordinates":[139.982529,35.704427]}},{"type":"Feature","properties":{"layer_id":"cafe_restaurant","name":"和可菜食堂","address":"千葉県船橋市古作１－１－１ 中山競馬場Ｄ棟地下１Ｆ","source":"厚生労働省 食品衛生申請等システム（オープンデータ）"},"geometry":{"type":"Point","coordinates":[139.964586,35.724885]}},{"type":"Feature","properties":{"layer_id":"cafe_restaurant","name":"大衆寿司割烹　しまず寿司","address":"千葉県船橋市栄町１－１２－８","source":"厚生労働省 食品衛生申請等システム（オープンデータ）"},"geometry":{"type":"Point","coordinates":[139.976473,35.691149]}},{"type":"Feature","properties":{"layer_id":"cafe_restaurant","name":"ＱＵＡＮ　ＴＲＥ","address":"千葉県船橋市本町２－１６－２２ ２階","source":"厚生労働省 食品衛生申請等システム（オープンデータ）"},"geometry":{"type":"Point","coordinates":[139.980649,35.6987]}},{"type":"Feature","properties":{"layer_id":"cafe_restaurant","name":"ビストロ　デュラ","address":"千葉県船橋市前原西２－１－５","source":"厚生労働省 食品衛生申請等システム（オープンデータ）"},"geometry":{"type":"Point","coordinates":[140.017699,35.694005]}},{"type":"Feature","properties":{"layer_id":"cafe_restaurant","name":"焼肉 いせやん","address":"千葉県船橋市夏見４丁目8番1号1階","source":"厚生労働省 食品衛生申請等システム（オープンデータ）"},"geometry":{"type":"Point","coordinates":[139.990953,35.712859]}},{"type":"Feature","properties":{"layer_id":"cafe_restaurant","name":"ＣＬＵＢ　ＡＲＢＲＥ","address":"千葉県船橋市前原西２－２１－９ 津田沼第１ビル２階２０１号室","source":"厚生労働省 食品衛生申請等システム（オープンデータ）"},"geometry":{"type":"Point","coordinates":[140.023006,35.693131]}},{"type":"Feature","properties":{"layer_id":"cafe_restaurant","name":"とんかつ　あさの","address":"千葉県船橋市薬円台１－１８－６","source":"厚生労働省 食品衛生申請等システム（オープンデータ）"},"geometry":{"type":"Point","coordinates":[140.040999,35.708275]}},{"type":"Feature","properties":{"layer_id":"cafe_restaurant","name":"セルベサJPN　ららぽーとTOKYO-BAY","address":"千葉県船橋市浜町2-1-1 ららぽーとTOKYO-BAY北館3F","source":"厚生労働省 食品衛生申請等システム（オープンデータ）"},"geometry":{"type":"Point","coordinates":[139.99124,35.686139]}},{"type":"Feature","properties":{"layer_id":"cafe_restaurant","name":"かつぎや　西船橋店","address":"千葉県船橋市西船４－２７－２ 西船橋駅前プラザ３階","source":"厚生労働省 食品衛生申請等システム（オープンデータ）"},"geometry":{"type":"Point","coordinates":[139.959736,35.707937]}},{"type":"Feature","properties":{"layer_id":"cafe_restaurant","name":"粉や津田沼店","address":"千葉県船橋市前原西2丁目13-13 アロー津田沼駅前ビル3F","source":"厚生労働省 食品衛生申請等システム（オープンデータ）"},"geometry":{"type":"Point","coordinates":[140.021672,35.692592]}},{"type":"Feature","properties":{"layer_id":"cafe_restaurant","name":"クーパレッジ","address":"千葉県船橋市本町４－４０－１２ インペリアル山下ビル２F","source":"厚生労働省 食品衛生申請等システム（オープンデータ）"},"geometry":{"type":"Point","coordinates":[139.987082,35.698349]}},{"type":"Feature","properties":{"layer_id":"cafe_restaurant","name":"ｃａｓａ　ｄｅｌｌ　ｏｒｓｏ","address":"千葉県船橋市本町４－４１－１０","source":"厚生労働省 食品衛生申請等システム（オープンデータ）"},"geometry":{"type":"Point","coordinates":[139.986386,35.698381]}},{"type":"Feature","properties":{"layer_id":"cafe_restaurant","name":"船橋　将","address":"千葉県船橋市本町４－４５－９ 第二正栄ビル４Ｆ　Ｂ区画","source":"厚生労働省 食品衛生申請等システム（オープンデータ）"},"geometry":{"type":"Point","coordinates":[139.987012,35.700569]}},{"type":"Feature","properties":{"layer_id":"cafe_restaurant","name":"かさねや　津田沼店","address":"千葉県船橋市飯山満町２－５４８－４ 近藤ハイツ１０２号","source":"厚生労働省 食品衛生申請等システム（オープンデータ）"},"geometry":{"type":"Point","coordinates":[140.025441,35.705078]}},{"type":"Feature","properties":{"layer_id":"cafe_restaurant","name":"坪井　更科","address":"千葉県船橋市坪井東１－２１－２","source":"厚生労働省 食品衛生申請等システム（オープンデータ）"},"geometry":{"type":"Point","coordinates":[140.05765,35.728134]}},{"type":"Feature","properties":{"layer_id":"cafe_restaurant","name":"魚心あれば酒心　船橋店","address":"千葉県船橋市本町４－２－９ 菅野屋ビル５F","source":"厚生労働省 食品衛生申請等システム（オープンデータ）"},"geometry":{"type":"Point","coordinates":[139.986817,35.701065]}},{"type":"Feature","properties":{"layer_id":"cafe_restaurant","name":"幸楽苑　船橋市場通店","address":"千葉県船橋市夏見１－４－６０","source":"厚生労働省 食品衛生申請等システム（オープンデータ）"},"geometry":{"type":"Point","coordinates":[139.99567,35.711028]}},{"type":"Feature","properties":{"layer_id":"cafe_restaurant","name":"Ｈａｎａｍａｒｕ　Ｄｉｎｉｎｇ　Ｓｅｌｅｃｔ　シャポー船橋店","address":"千葉県船橋市本町７－１－１ シャポー船橋本館１Ｆ","source":"厚生労働省 食品衛生申請等システム（オープンデータ）"},"geometry":{"type":"Point","coordinates":[139.986591,35.701433]}},{"type":"Feature","properties":{"layer_id":"cafe_restaurant","name":"ド豚骨 貫","address":"千葉県船橋市浜町１－４３－１２　１０４","source":"厚生労働省 食品衛生申請等システム（オープンデータ）"},"geometry":{"type":"Point","coordinates":[139.995018,35.688721]}},{"type":"Feature","properties":{"layer_id":"cafe_restaurant","name":"Ｉｔａｌｉａｎ　Ｋｉｔｃｈｅｎ　ＶＡＮＳＡＮ　船橋店","address":"千葉県船橋市本町４－４４－２ 船橋東和ビル","source":"厚生労働省 食品衛生申請等システム（オープンデータ）"},"geometry":{"type":"Point","coordinates":[139.986611,35.700115]}},{"type":"Feature","properties":{"layer_id":"cafe_restaurant","name":"江戸前　宗ちゃん","address":"千葉県船橋市金杉５－１－１１","source":"厚生労働省 食品衛生申請等システム（オープンデータ）"},"geometry":{"type":"Point","coordinates":[140.015747,35.736702]}},{"type":"Feature","properties":{"layer_id":"cafe_restaurant","name":"帝","address":"千葉県船橋市本町４－３－２０ モリウチビル９F","source":"厚生労働省 食品衛生申請等システム（オープンデータ）"},"geometry":{"type":"Point","coordinates":[139.986196,35.700546]}},{"type":"Feature","properties":{"layer_id":"cafe_restaurant","name":"日本大学理工学部船橋校舎ファラディホール","address":"千葉県船橋市習志野台7丁目24番地1号 日本大学理工学部船橋校舎","source":"厚生労働省 食品衛生申請等システム（オープンデータ）"},"geometry":{"type":"Point","coordinates":[140.0578,35.725197]}},{"type":"Feature","properties":{"layer_id":"cafe_restaurant","name":"ケンタッキーフライドチキン西船橋駅北口店","address":"千葉県船橋市西船４－２２－４","source":"厚生労働省 食品衛生申請等システム（オープンデータ）"},"geometry":{"type":"Point","coordinates":[139.95882,35.708415]}},{"type":"Feature","properties":{"layer_id":"cafe_restaurant","name":"ファミリーマート船橋藤原四丁目店","address":"千葉県船橋市藤原４－４－１","source":"厚生労働省 食品衛生申請等システム（オープンデータ）"},"geometry":{"type":"Point","coordinates":[139.976104,35.744779]}},{"type":"Feature","properties":{"layer_id":"cafe_restaurant","name":"そば花","address":"千葉県船橋市高根台４－３２－５","source":"厚生労働省 食品衛生申請等システム（オープンデータ）"},"geometry":{"type":"Point","coordinates":[140.042045,35.730061]}},{"type":"Feature","properties":{"layer_id":"cafe_restaurant","name":"ローソン船橋本郷町店","address":"千葉県船橋市本郷町６３９－１","source":"厚生労働省 食品衛生申請等システム（オープンデータ）"},"geometry":{"type":"Point","coordinates":[139.95299,35.708054]}},{"type":"Feature","properties":{"layer_id":"cafe_restaurant","name":"とんかつ　ふくやま","address":"千葉県船橋市宮本１－１０－７ サンハイツ青山１０２","source":"厚生労働省 食品衛生申請等システム（オープンデータ）"},"geometry":{"type":"Point","coordinates":[139.993367,35.699093]}},{"type":"Feature","properties":{"layer_id":"cafe_restaurant","name":"津田沼　おはこ","address":"千葉県船橋市前原西２－４－１４ ２Ｆ","source":"厚生労働省 食品衛生申請等システム（オープンデータ）"},"geometry":{"type":"Point","coordinates":[140.018715,35.693098]}},{"type":"Feature","properties":{"layer_id":"cafe_restaurant","name":"ギャラリーカフェ　たいこばし","address":"千葉県船橋市湊町１－２４－１０","source":"厚生労働省 食品衛生申請等システム（オープンデータ）"},"geometry":{"type":"Point","coordinates":[139.986766,35.691482]}},{"type":"Feature","properties":{"layer_id":"cafe_restaurant","name":"日本大学理工学部船橋校舎パスカルホール","address":"千葉県船橋市習志野台7丁目24番地1号 日本大学理工学部船橋校舎","source":"厚生労働省 食品衛生申請等システム（オープンデータ）"},"geometry":{"type":"Point","coordinates":[140.0578,35.725197]}},{"type":"Feature","properties":{"layer_id":"cafe_restaurant","name":"千石","address":"千葉県船橋市若松１－１－２９","source":"厚生労働省 食品衛生申請等システム（オープンデータ）"},"geometry":{"type":"Point","coordinates":[139.995444,35.68868]}},{"type":"Feature","properties":{"layer_id":"cafe_restaurant","name":"魚食堂　十八番","address":"千葉県船橋市本中山３－１４－２２","source":"厚生労働省 食品衛生申請等システム（オープンデータ）"},"geometry":{"type":"Point","coordinates":[139.943731,35.713826]}},{"type":"Feature","properties":{"layer_id":"cafe_restaurant","name":"すぎん家","address":"千葉県船橋市南本町８－２５－１０１","source":"厚生労働省 食品衛生申請等システム（オープンデータ）"},"geometry":{"type":"Point","coordinates":[139.979296,35.697776]}},{"type":"Feature","properties":{"layer_id":"cafe_restaurant","name":"カラオケ喫茶　ジュリアン","address":"千葉県船橋市高根台７－９－１３","source":"厚生労働省 食品衛生申請等システム（オープンデータ）"},"geometry":{"type":"Point","coordinates":[140.028908,35.73007]}},{"type":"Feature","properties":{"layer_id":"cafe_restaurant","name":"スイーツ　パールレディ","address":"千葉県船橋市本町１－５－１ ｎｅｘｔ船橋１階","source":"厚生労働省 食品衛生申請等システム（オープンデータ）"},"geometry":{"type":"Point","coordinates":[139.985532,35.700103]}},{"type":"Feature","properties":{"layer_id":"cafe_restaurant","name":"心空（ここから）","address":"千葉県船橋市南三咲４－４－１５","source":"厚生労働省 食品衛生申請等システム（オープンデータ）"},"geometry":{"type":"Point","coordinates":[140.033685,35.748132]}},{"type":"Feature","properties":{"layer_id":"cafe_restaurant","name":"船橋市立葛飾小学校","address":"千葉県船橋市印内１－２－１","source":"厚生労働省 食品衛生申請等システム（オープンデータ）"},"geometry":{"type":"Point","coordinates":[139.95989,35.71423]}},{"type":"Feature","properties":{"layer_id":"cafe_restaurant","name":"元祖　参佰宴","address":"千葉県船橋市前原西２－１５－１８","source":"厚生労働省 食品衛生申請等システム（オープンデータ）"},"geometry":{"type":"Point","coordinates":[140.020603,35.692587]}},{"type":"Feature","properties":{"layer_id":"cafe_restaurant","name":"27371事業所","address":"千葉県船橋市海神町西1丁目1042番地2 東京医療保健大学内厨房","source":"厚生労働省 食品衛生申請等システム（オープンデータ）"},"geometry":{"type":"Point","coordinates":[139.967562,35.7029]}},{"type":"Feature","properties":{"layer_id":"cafe_restaurant","name":"27373事業所","address":"千葉県船橋市前原西6丁目6番地80 ウエリスオリーブ津田沼内厨房","source":"厚生労働省 食品衛生申請等システム（オープンデータ）"},"geometry":{"type":"Point","coordinates":[140.021503,35.701378]}},{"type":"Feature","properties":{"layer_id":"cafe_restaurant","name":"我那覇苑","address":"千葉県船橋市習志野台２－１－５ 第一アキラビル２Ｆ","source":"厚生労働省 食品衛生申請等システム（オープンデータ）"},"geometry":{"type":"Point","coordinates":[140.042369,35.722181]}},{"type":"Feature","properties":{"layer_id":"cafe_restaurant","name":"家庭料理と酒　やどろく","address":"千葉県船橋市南本町２６－２４","source":"厚生労働省 食品衛生申請等システム（オープンデータ）"},"geometry":{"type":"Point","coordinates":[139.977921,35.695743]}},{"type":"Feature","properties":{"layer_id":"cafe_restaurant","name":"アジアンダイニング　メハマン","address":"千葉県船橋市習志野台１－１－３　Ｆｌｏｏｒ３","source":"厚生労働省 食品衛生申請等システム（オープンデータ）"},"geometry":{"type":"Point","coordinates":[140.03529,35.727208]}},{"type":"Feature","properties":{"layer_id":"cafe_restaurant","name":"メハマンカレー＆ケバブ","address":"千葉県船橋市習志野台１－１－３　Ｆｌｏｏｒ１","source":"厚生労働省 食品衛生申請等システム（オープンデータ）"},"geometry":{"type":"Point","coordinates":[140.03529,35.727208]}},{"type":"Feature","properties":{"layer_id":"cafe_restaurant","name":"有限会社　味のまる藤","address":"千葉県船橋市本町７－２４－５","source":"厚生労働省 食品衛生申請等システム（オープンデータ）"},"geometry":{"type":"Point","coordinates":[139.982124,35.707211]}},{"type":"Feature","properties":{"layer_id":"cafe_restaurant","name":"いーちゃー村","address":"千葉県船橋市北本町２－４４－１２ 第３金子ビルＳ－２","source":"厚生労働省 食品衛生申請等システム（オープンデータ）"},"geometry":{"type":"Point","coordinates":[139.982732,35.721319]}},{"type":"Feature","properties":{"layer_id":"cafe_restaurant","name":"豆の木","address":"千葉県船橋市二和東５－１３－２－２Ｆ","source":"厚生労働省 食品衛生申請等システム（オープンデータ）"},"geometry":{"type":"Point","coordinates":[140.022615,35.748187]}},{"type":"Feature","properties":{"layer_id":"cafe_restaurant","name":"ニコニコキッチン船橋芝山店","address":"千葉県船橋市薬円台５－２－８ 幸ビル１Ｆ","source":"厚生労働省 食品衛生申請等システム（オープンデータ）"},"geometry":{"type":"Point","coordinates":[140.038222,35.709324]}},{"type":"Feature","properties":{"layer_id":"cafe_restaurant","name":"カレーハウスCoCo壱番屋　西船橋店","address":"千葉県船橋市本郷町648-1","source":"厚生労働省 食品衛生申請等システム（オープンデータ）"},"geometry":{"type":"Point","coordinates":[139.95209,35.707909]}},{"type":"Feature","properties":{"layer_id":"cafe_restaurant","name":"カレーハウスCoCo壱番屋　JR西船橋駅北口店","address":"千葉県船橋市西船4-21-16 大塚ビル　1階","source":"厚生労働省 食品衛生申請等システム（オープンデータ）"},"geometry":{"type":"Point","coordinates":[139.958443,35.709384]}},{"type":"Feature","properties":{"layer_id":"cafe_restaurant","name":"鳥ふじ","address":"千葉県船橋市藤原１－５－３","source":"厚生労働省 食品衛生申請等システム（オープンデータ）"},"geometry":{"type":"Point","coordinates":[139.9639,35.731355]}},{"type":"Feature","properties":{"layer_id":"cafe_restaurant","name":"ＧＲＡＳＳ　ＣＡＦＥ","address":"千葉県船橋市若松２－２－１１ パークホームズ南船橋１階　店舗３","source":"厚生労働省 食品衛生申請等システム（オープンデータ）"},"geometry":{"type":"Point","coordinates":[139.996189,35.680901]}},{"type":"Feature","properties":{"layer_id":"cafe_restaurant","name":"とん八","address":"千葉県船橋市松が丘３－５－１９","source":"厚生労働省 食品衛生申請等システム（オープンデータ）"},"geometry":{"type":"Point","coordinates":[140.04762,35.733825]}},{"type":"Feature","properties":{"layer_id":"cafe_restaurant","name":"三ノ汁","address":"千葉県船橋市習志野台２－４－４Ｊ・Ｓ北習志野ビル１Ｆ","source":"厚生労働省 食品衛生申請等システム（オープンデータ）"},"geometry":{"type":"Point","coordinates":[140.042127,35.722342]}},{"type":"Feature","properties":{"layer_id":"cafe_restaurant","name":"ｎａｔｕｍｉ　ｃａｆｅ　友遊","address":"千葉県船橋市夏見６－１９－１３","source":"厚生労働省 食品衛生申請等システム（オープンデータ）"},"geometry":{"type":"Point","coordinates":[139.996772,35.714754]}},{"type":"Feature","properties":{"layer_id":"cafe_restaurant","name":"みさきっちゃん","address":"千葉県船橋市高根台７－１３－１ 大京ビル１０２","source":"厚生労働省 食品衛生申請等システム（オープンデータ）"},"geometry":{"type":"Point","coordinates":[140.029577,35.729563]}},{"type":"Feature","properties":{"layer_id":"cafe_restaurant","name":"たちばなごはんカフェ","address":"千葉県船橋市前原西２－２４－７","source":"厚生労働省 食品衛生申請等システム（オープンデータ）"},"geometry":{"type":"Point","coordinates":[140.024329,35.69369]}},{"type":"Feature","properties":{"layer_id":"cafe_restaurant","name":"らーめんや　ひろ","address":"千葉県船橋市夏見台４－７－１１","source":"厚生労働省 食品衛生申請等システム（オープンデータ）"},"geometry":{"type":"Point","coordinates":[139.994889,35.72649]}},{"type":"Feature","properties":{"layer_id":"cafe_restaurant","name":"ＢＡＲ　Éｔｏｉｌｅ","address":"千葉県船橋市本町4－45－9－5階A","source":"厚生労働省 食品衛生申請等システム（オープンデータ）"},"geometry":{"type":"Point","coordinates":[139.987012,35.700569]}},{"type":"Feature","properties":{"layer_id":"cafe_restaurant","name":"築地銀だこ　イオンモール船橋店","address":"千葉県船橋市山手1-1-8 イオンモール船橋1F","source":"厚生労働省 食品衛生申請等システム（オープンデータ）"},"geometry":{"type":"Point","coordinates":[139.978715,35.711455]}},{"type":"Feature","properties":{"layer_id":"cafe_restaurant","name":"エクセラ新船橋","address":"千葉県船橋市山手１－１－２","source":"厚生労働省 食品衛生申請等システム（オープンデータ）"},"geometry":{"type":"Point","coordinates":[139.975169,35.714965]}},{"type":"Feature","properties":{"layer_id":"cafe_restaurant","name":"からやま　船橋市場通り","address":"千葉県船橋市夏見１－１１－３３","source":"厚生労働省 食品衛生申請等システム（オープンデータ）"},"geometry":{"type":"Point","coordinates":[139.989397,35.706539]}},{"type":"Feature","properties":{"layer_id":"cafe_restaurant","name":"うなぎ　かく本","address":"千葉県船橋市夏見４－２２－６","source":"厚生労働省 食品衛生申請等システム（オープンデータ）"},"geometry":{"type":"Point","coordinates":[139.988344,35.715003]}},{"type":"Feature","properties":{"layer_id":"cafe_restaurant","name":"横浜家系ラーメン　武蔵家","address":"千葉県船橋市滝台１－７－３","source":"厚生労働省 食品衛生申請等システム（オープンデータ）"},"geometry":{"type":"Point","coordinates":[140.035465,35.705672]}},{"type":"Feature","properties":{"layer_id":"cafe_restaurant","name":"横丁Ｂａｒ　Ｓｐｉｃｅ","address":"千葉県船橋市本町４－４２－１４　２Ｆ","source":"厚生労働省 食品衛生申請等システム（オープンデータ）"},"geometry":{"type":"Point","coordinates":[139.986514,35.699186]}},{"type":"Feature","properties":{"layer_id":"cafe_restaurant","name":"ビクトリー","address":"千葉県船橋市高根台７－１６－７","source":"厚生労働省 食品衛生申請等システム（オープンデータ）"},"geometry":{"type":"Point","coordinates":[140.030943,35.729033]}},{"type":"Feature","properties":{"layer_id":"cafe_restaurant","name":"デイリーヤマザキ　船橋市役所店","address":"千葉県船橋市湊町2丁目１０番２５号 船橋市役所地下１階","source":"厚生労働省 食品衛生申請等システム（オープンデータ）"},"geometry":{"type":"Point","coordinates":[139.982509,35.69471]}},{"type":"Feature","properties":{"layer_id":"cafe_restaurant","name":"デイリーヤマザキ　東葉北習志野店","address":"千葉県船橋市習志野台3-1-１－B1F","source":"厚生労働省 食品衛生申請等システム（オープンデータ）"},"geometry":{"type":"Point","coordinates":[140.041933,35.721512]}},{"type":"Feature","properties":{"layer_id":"cafe_restaurant","name":"笑家","address":"千葉県船橋市薬円台3-20-1","source":"厚生労働省 食品衛生申請等システム（オープンデータ）"},"geometry":{"type":"Point","coordinates":[140.050391,35.708617]}},{"type":"Feature","properties":{"layer_id":"cafe_restaurant","name":"Le Orme","address":"千葉県船橋市宮本1-20-11 YCSビル1階","source":"厚生労働省 食品衛生申請等システム（オープンデータ）"},"geometry":{"type":"Point","coordinates":[139.992039,35.696681]}},{"type":"Feature","properties":{"layer_id":"cafe_restaurant","name":"東京電力パワーグリッド株式会社西船橋事務所","address":"千葉県船橋市海神町南１丁目1676番地","source":"厚生労働省 食品衛生申請等システム（オープンデータ）"},"geometry":{"type":"Point","coordinates":[139.963914,35.701539]}},{"type":"Feature","properties":{"layer_id":"cafe_restaurant","name":"カラオケ　江莉佳","address":"千葉県船橋市宮本４－２－１３","source":"厚生労働省 食品衛生申請等システム（オープンデータ）"},"geometry":{"type":"Point","coordinates":[139.991949,35.693979]}},{"type":"Feature","properties":{"layer_id":"cafe_restaurant","name":"メフォス　０１５２１号店","address":"千葉県船橋市藤原8丁目17番1号ローゼンヴィラ藤原壱番館厨房内","source":"厚生労働省 食品衛生申請等システム（オープンデータ）"},"geometry":{"type":"Point","coordinates":[139.982382,35.749624]}},{"type":"Feature","properties":{"layer_id":"cafe_restaurant","name":"メフォス　０１５２２号店","address":"千葉県船橋市小野田町769番地18 誠光園内厨房","source":"厚生労働省 食品衛生申請等システム（オープンデータ）"},"geometry":{"type":"Point","coordinates":[140.082576,35.782877]}},{"type":"Feature","properties":{"layer_id":"cafe_restaurant","name":"メフォス　０２２６６号店","address":"千葉県船橋市藤原8丁目17番3号ローゼンヴィラ藤原参番館厨房内","source":"厚生労働省 食品衛生申請等システム（オープンデータ）"},"geometry":{"type":"Point","coordinates":[139.982382,35.749624]}},{"type":"Feature","properties":{"layer_id":"cafe_restaurant","name":"チーズミート研究所","address":"千葉県船橋市前原西２－１３－２３ フラッピ津田沼５Ｆ","source":"厚生労働省 食品衛生申請等システム（オープンデータ）"},"geometry":{"type":"Point","coordinates":[140.02118,35.69277]}},{"type":"Feature","properties":{"layer_id":"cafe_restaurant","name":"桃源","address":"千葉県船橋市浜町2-2-7 ビビット南船橋２Ｆ","source":"厚生労働省 食品衛生申請等システム（オープンデータ）"},"geometry":{"type":"Point","coordinates":[139.991887,35.688196]}},{"type":"Feature","properties":{"layer_id":"cafe_restaurant","name":"ローソン船橋西習志野一丁目店","address":"千葉県船橋市西習志野１－１－１","source":"厚生労働省 食品衛生申請等システム（オープンデータ）"},"geometry":{"type":"Point","coordinates":[140.030349,35.726118]}},{"type":"Feature","properties":{"layer_id":"cafe_restaurant","name":"ＢＡＲ　Ｂero　Bero","address":"千葉県船橋市印内町５６４番地１ 第５島田ビル１Ｆ","source":"厚生労働省 食品衛生申請等システム（オープンデータ）"},"geometry":{"type":"Point","coordinates":[139.960191,35.706402]}},{"type":"Feature","properties":{"layer_id":"cafe_restaurant","name":"ＢＡＲ　ＢｅｒｏＢｅｒｏ　下総中山店","address":"千葉県船橋市本中山２－２３－１４－１","source":"厚生労働省 食品衛生申請等システム（オープンデータ）"},"geometry":{"type":"Point","coordinates":[139.942364,35.715131]}},{"type":"Feature","properties":{"layer_id":"cafe_restaurant","name":"フラミンゴ・カフェ","address":"千葉県船橋市本町７－２３－１４ 文平ビル１Ｆ","source":"厚生労働省 食品衛生申請等システム（オープンデータ）"},"geometry":{"type":"Point","coordinates":[139.981901,35.706646]}},{"type":"Feature","properties":{"layer_id":"cafe_restaurant","name":"居食屋　炭旬　船橋仲通り店","address":"千葉県船橋市本町４－４３－１９ 福の家ビル１F","source":"厚生労働省 食品衛生申請等システム（オープンデータ）"},"geometry":{"type":"Point","coordinates":[139.986846,35.699161]}},{"type":"Feature","properties":{"layer_id":"cafe_restaurant","name":"Ｒｉｓｔｏｒａｎｔｅ　Ｄｕｅ　ｂｙ　２Ｌｅｏｎｉ","address":"千葉県船橋市本町５－６－１２ ブリエ船橋１Ｆ","source":"厚生労働省 食品衛生申請等システム（オープンデータ）"},"geometry":{"type":"Point","coordinates":[139.987454,35.70294]}},{"type":"Feature","properties":{"layer_id":"cafe_restaurant","name":"マッチョイ","address":"千葉県船橋市本中山２－２２－９","source":"厚生労働省 食品衛生申請等システム（オープンデータ）"},"geometry":{"type":"Point","coordinates":[139.942592,35.715164]}},{"type":"Feature","properties":{"layer_id":"cafe_restaurant","name":"寿し処　七五三","address":"千葉県船橋市大穴北５－７－１０","source":"厚生労働省 食品衛生申請等システム（オープンデータ）"},"geometry":{"type":"Point","coordinates":[140.053188,35.751228]}},{"type":"Feature","properties":{"layer_id":"cafe_restaurant","name":"船橋市立　二宮小学校","address":"千葉県船橋市前原東５－９－３","source":"厚生労働省 食品衛生申請等システム（オープンデータ）"},"geometry":{"type":"Point","coordinates":[140.032015,35.703167]}},{"type":"Feature","properties":{"layer_id":"cafe_restaurant","name":"お家バル　Pinot･noir","address":"千葉県船橋市高根台１－７－８","source":"厚生労働省 食品衛生申請等システム（オープンデータ）"},"geometry":{"type":"Point","coordinates":[140.029497,35.730705]}},{"type":"Feature","properties":{"layer_id":"cafe_restaurant","name":"ＢＡＲ　４ＭＩＬＬＩＯＮ","address":"千葉県船橋市西船４－１９－８ 朝日ビル西船駅前１階西側","source":"厚生労働省 食品衛生申請等システム（オープンデータ）"},"geometry":{"type":"Point","coordinates":[139.957008,35.708834]}},{"type":"Feature","properties":{"layer_id":"cafe_restaurant","name":"志づ","address":"千葉県船橋市薬円台６－２－１０ ラ・フォレ２１　１階","source":"厚生労働省 食品衛生申請等システム（オープンデータ）"},"geometry":{"type":"Point","coordinates":[140.037332,35.710962]}},{"type":"Feature","properties":{"layer_id":"cafe_restaurant","name":"ＳＨＩＶＡ　ＳＨＡＫＴＩ","address":"千葉県船橋市山野町４０－３ シャトルＯＭＩ　１Ｆ","source":"厚生労働省 食品衛生申請等システム（オープンデータ）"},"geometry":{"type":"Point","coordinates":[139.961743,35.704415]}},{"type":"Feature","properties":{"layer_id":"cafe_restaurant","name":"ハートフーズサービス高根","address":"千葉県船橋市新高根6-38-7","source":"厚生労働省 食品衛生申請等システム（オープンデータ）"},"geometry":{"type":"Point","coordinates":[140.027781,35.725649]}},{"type":"Feature","properties":{"layer_id":"cafe_restaurant","name":"ピザヨッカー船橋店","address":"千葉県船橋市本町７－２７－２０ 村野ビル１Ｆ","source":"厚生労働省 食品衛生申請等システム（オープンデータ）"},"geometry":{"type":"Point","coordinates":[139.980308,35.70974]}},{"type":"Feature","properties":{"layer_id":"cafe_restaurant","name":"エームＳＪ　４１７０","address":"千葉県船橋市金堀町１９５ プレーゲ船橋","source":"厚生労働省 食品衛生申請等システム（オープンデータ）"},"geometry":{"type":"Point","coordinates":[140.061765,35.755424]}},{"type":"Feature","properties":{"layer_id":"cafe_restaurant","name":"食菜　おかもと","address":"千葉県船橋市高根台７－１３－６","source":"厚生労働省 食品衛生申請等システム（オープンデータ）"},"geometry":{"type":"Point","coordinates":[140.029002,35.730092]}},{"type":"Feature","properties":{"layer_id":"cafe_restaurant","name":"とんかつ栄ちゃん","address":"千葉県船橋市葛飾町２－４４６ 御園荘１０１","source":"厚生労働省 食品衛生申請等システム（オープンデータ）"},"geometry":{"type":"Point","coordinates":[139.954774,35.706229]}},{"type":"Feature","properties":{"layer_id":"cafe_restaurant","name":"田所商店　船橋店","address":"千葉県船橋市上山町１－１６２－１","source":"厚生労働省 食品衛生申請等システム（オープンデータ）"},"geometry":{"type":"Point","coordinates":[139.97216,35.72648]}},{"type":"Feature","properties":{"layer_id":"cafe_restaurant","name":"Luen","address":"千葉県船橋市本町1丁目11番27号 時田ビル4階","source":"厚生労働省 食品衛生申請等システム（オープンデータ）"},"geometry":{"type":"Point","coordinates":[139.984305,35.699753]}},{"type":"Feature","properties":{"layer_id":"cafe_restaurant","name":"ポポラマーマ　船橋店","address":"千葉県船橋市本町３－１－１ 柏屋ビル２階","source":"厚生労働省 食品衛生申請等システム（オープンデータ）"},"geometry":{"type":"Point","coordinates":[139.986027,35.698008]}},{"type":"Feature","properties":{"layer_id":"cafe_restaurant","name":"ラーメンショップ　大神保店","address":"千葉県船橋市大神保町1300-1","source":"厚生労働省 食品衛生申請等システム（オープンデータ）"},"geometry":{"type":"Point","coordinates":[140.064115,35.76698]}},{"type":"Feature","properties":{"layer_id":"cafe_restaurant","name":"ＳＩＭＲＡＮ　ＤＨＡＢＡ","address":"千葉県船橋市習志野台２－１４－２１ ＭＯビル　１Ｆ","source":"厚生労働省 食品衛生申請等システム（オープンデータ）"},"geometry":{"type":"Point","coordinates":[140.045508,35.725274]}},{"type":"Feature","properties":{"layer_id":"cafe_restaurant","name":"８８８","address":"千葉県船橋市前原西２－１４－１ ダイヤパレス津田沼　２１０号","source":"厚生労働省 食品衛生申請等システム（オープンデータ）"},"geometry":{"type":"Point","coordinates":[140.021023,35.693731]}},{"type":"Feature","properties":{"layer_id":"cafe_restaurant","name":"マロン","address":"千葉県船橋市本町４－７－１７","source":"厚生労働省 食品衛生申請等システム（オープンデータ）"},"geometry":{"type":"Point","coordinates":[139.988553,35.699251]}},{"type":"Feature","properties":{"layer_id":"cafe_restaurant","name":"ＡＳＩＡＮ　ＤＩＮＮＩＮＧ　ＲＥＤ　ＣＨＩＬＩ　ＦＵＮＡＢＡＳＨＩ","address":"千葉県船橋市本町２－２９－９ 中富ビル２Ｆ","source":"厚生労働省 食品衛生申請等システム（オープンデータ）"},"geometry":{"type":"Point","coordinates":[139.984937,35.696939]}},{"type":"Feature","properties":{"layer_id":"cafe_restaurant","name":"豚イエロー","address":"千葉県船橋市習志野台２－２－１４","source":"厚生労働省 食品衛生申請等システム（オープンデータ）"},"geometry":{"type":"Point","coordinates":[140.041381,35.722478]}},{"type":"Feature","properties":{"layer_id":"cafe_restaurant","name":"みそ膳　原木中山店","address":"千葉県船橋市本中山７－７－１","source":"厚生労働省 食品衛生申請等システム（オープンデータ）"},"geometry":{"type":"Point","coordinates":[139.941756,35.70309]}},{"type":"Feature","properties":{"layer_id":"cafe_restaurant","name":"Ｃａｆｅ＆Ｂａｒ　ＢＬＥＡ","address":"千葉県船橋市西船４－２２－１１ 北川ビル３Ｆ","source":"厚生労働省 食品衛生申請等システム（オープンデータ）"},"geometry":{"type":"Point","coordinates":[139.958338,35.708506]}},{"type":"Feature","properties":{"layer_id":"cafe_restaurant","name":"有限会社　一会","address":"千葉県船橋市北本町２－６３－７","source":"厚生労働省 食品衛生申請等システム（オープンデータ）"},"geometry":{"type":"Point","coordinates":[139.985909,35.715678]}},{"type":"Feature","properties":{"layer_id":"cafe_restaurant","name":"サンマルクカフェ北習志野店","address":"千葉県船橋市習志野台2-1-6","source":"厚生労働省 食品衛生申請等システム（オープンデータ）"},"geometry":{"type":"Point","coordinates":[140.04227,35.721857]}},{"type":"Feature","properties":{"layer_id":"cafe_restaurant","name":"ＢａｒＬｏｕｎｇｅ　酔族館","address":"千葉県船橋市本町４－４５－９ 第二正栄ビル３階","source":"厚生労働省 食品衛生申請等システム（オープンデータ）"},"geometry":{"type":"Point","coordinates":[139.987056,35.700597]}},{"type":"Feature","properties":{"layer_id":"cafe_restaurant","name":"焼ジビエ　罠　一目","address":"千葉県船橋市本町２－２６－２８ 中田ビル１F","source":"厚生労働省 食品衛生申請等システム（オープンデータ）"},"geometry":{"type":"Point","coordinates":[139.983689,35.698519]}},{"type":"Feature","properties":{"layer_id":"cafe_restaurant","name":"鳥元　船橋店","address":"千葉県船橋市本町１－３－１ 船橋フェイスＢ１Ｆ","source":"厚生労働省 食品衛生申請等システム（オープンデータ）"},"geometry":{"type":"Point","coordinates":[139.985488,35.700725]}},{"type":"Feature","properties":{"layer_id":"cafe_restaurant","name":"デイリーヤマザキ船橋法典駅前店","address":"千葉県船橋市藤原１－１","source":"厚生労働省 食品衛生申請等システム（オープンデータ）"},"geometry":{"type":"Point","coordinates":[139.965932,35.73016]}},{"type":"Feature","properties":{"layer_id":"cafe_restaurant","name":"ぼてぢゅう屋台　ビビット南船橋店","address":"千葉県船橋市浜町２－２－７ ビビットスクエア２Ｆ","source":"厚生労働省 食品衛生申請等システム（オープンデータ）"},"geometry":{"type":"Point","coordinates":[139.993265,35.687501]}},{"type":"Feature","properties":{"layer_id":"cafe_restaurant","name":"モツのてんざん","address":"千葉県船橋市西船４丁目26-10","source":"厚生労働省 食品衛生申請等システム（オープンデータ）"},"geometry":{"type":"Point","coordinates":[139.959822,35.708599]}},{"type":"Feature","properties":{"layer_id":"cafe_restaurant","name":"焼肉 志むら","address":"千葉県船橋市西船4-20-12 島田ビル1F","source":"厚生労働省 食品衛生申請等システム（オープンデータ）"},"geometry":{"type":"Point","coordinates":[139.958093,35.708791]}},{"type":"Feature","properties":{"layer_id":"cafe_restaurant","name":"星と愛","address":"千葉県船橋市本中山３－１４－２２","source":"厚生労働省 食品衛生申請等システム（オープンデータ）"},"geometry":{"type":"Point","coordinates":[139.943731,35.713826]}},{"type":"Feature","properties":{"layer_id":"cafe_restaurant","name":"いきなり！ステーキ船橋店","address":"千葉県船橋市本町1-8-13 オケサダビル1階","source":"厚生労働省 食品衛生申請等システム（オープンデータ）"},"geometry":{"type":"Point","coordinates":[139.985586,35.698898]}},{"type":"Feature","properties":{"layer_id":"cafe_restaurant","name":"ｌｏｖｅｒ’ｓ　ｄａｙ","address":"千葉県船橋市本町５－１５－３","source":"厚生労働省 食品衛生申請等システム（オープンデータ）"},"geometry":{"type":"Point","coordinates":[139.989548,35.70226]}},{"type":"Feature","properties":{"layer_id":"cafe_restaurant","name":"ちよだ鮨　西友下総中山店","address":"千葉県船橋市本中山２－１７－２７","source":"厚生労働省 食品衛生申請等システム（オープンデータ）"},"geometry":{"type":"Point","coordinates":[139.942324,35.714855]}},{"type":"Feature","properties":{"layer_id":"cafe_restaurant","name":"株式会社　市場食堂　花のや","address":"千葉県船橋市市場１－８－１","source":"厚生労働省 食品衛生申請等システム（オープンデータ）"},"geometry":{"type":"Point","coordinates":[139.992651,35.70564]}},{"type":"Feature","properties":{"layer_id":"cafe_restaurant","name":"かんたろう","address":"千葉県船橋市東船橋２－１０－２ K’ｓ東船橋","source":"厚生労働省 食品衛生申請等システム（オープンデータ）"},"geometry":{"type":"Point","coordinates":[140.00443,35.700549]}},{"type":"Feature","properties":{"layer_id":"cafe_restaurant","name":"有限会社　オオノ","address":"千葉県船橋市市場１－８－１","source":"厚生労働省 食品衛生申請等システム（オープンデータ）"},"geometry":{"type":"Point","coordinates":[139.992897,35.703477]}},{"type":"Feature","properties":{"layer_id":"cafe_restaurant","name":"（株）フレンド　とことこ","address":"千葉県船橋市習志野台2-4-22","source":"厚生労働省 食品衛生申請等システム（オープンデータ）"},"geometry":{"type":"Point","coordinates":[140.041451,35.72316]}},{"type":"Feature","properties":{"layer_id":"cafe_restaurant","name":"喜多方ラーメン坂内船橋店","address":"千葉県船橋市本町１－８－１３ オケサダビル１F","source":"厚生労働省 食品衛生申請等システム（オープンデータ）"},"geometry":{"type":"Point","coordinates":[139.985669,35.698878]}},{"type":"Feature","properties":{"layer_id":"cafe_restaurant","name":"ＭＡ－なべや　津田沼店","address":"千葉県船橋市前原西２－２１－１１ 市原ビル１Ｆ","source":"厚生労働省 食品衛生申請等システム（オープンデータ）"},"geometry":{"type":"Point","coordinates":[140.021023,35.693731]}},{"type":"Feature","properties":{"layer_id":"cafe_restaurant","name":"和旬彩・串あげ　おばら　〼","address":"千葉県船橋市本町４－３７－６ 宮下ビル２階","source":"厚生労働省 食品衛生申請等システム（オープンデータ）"},"geometry":{"type":"Point","coordinates":[139.988108,35.698169]}},{"type":"Feature","properties":{"layer_id":"cafe_restaurant","name":"セブン―イレブン船橋北習志野駅前店","address":"千葉県船橋市習志野台２－１－６","source":"厚生労働省 食品衛生申請等システム（オープンデータ）"},"geometry":{"type":"Point","coordinates":[140.04227,35.721857]}},{"type":"Feature","properties":{"layer_id":"cafe_restaurant","name":"ファミリーマート船橋海神四丁目店","address":"千葉県船橋市海神４－２９－３５","source":"厚生労働省 食品衛生申請等システム（オープンデータ）"},"geometry":{"type":"Point","coordinates":[139.972874,35.709968]}},{"type":"Feature","properties":{"layer_id":"cafe_restaurant","name":"メイド焼き鳥　ＴＯＲＩ’きゅん","address":"千葉県船橋市本町１－８－２８ 宮平ビル２階　２０１号室","source":"厚生労働省 食品衛生申請等システム（オープンデータ）"},"geometry":{"type":"Point","coordinates":[139.984947,35.699737]}},{"type":"Feature","properties":{"layer_id":"cafe_restaurant","name":"ＴＯＲＩ’きゅん　はなれ","address":"千葉県船橋市本町１－８－２８ 宮平ビル１階１０１号室","source":"厚生労働省 食品衛生申請等システム（オープンデータ）"},"geometry":{"type":"Point","coordinates":[139.984908,35.699788]}},{"type":"Feature","properties":{"layer_id":"cafe_restaurant","name":"ミスタードーナツ　イトーヨーカドー船橋店","address":"千葉県船橋市本町７丁目６－１ イトーヨーカドー船橋　東館2階","source":"厚生労働省 食品衛生申請等システム（オープンデータ）"},"geometry":{"type":"Point","coordinates":[139.984366,35.703297]}},{"type":"Feature","properties":{"layer_id":"cafe_restaurant","name":"ケアパートナー船橋","address":"千葉県船橋市海神町南1丁目1641番地","source":"厚生労働省 食品衛生申請等システム（オープンデータ）"},"geometry":{"type":"Point","coordinates":[139.966814,35.701269]}},{"type":"Feature","properties":{"layer_id":"cafe_restaurant","name":"ｃｌｕｂ　Ｖｅｌｌｕｇｅ","address":"千葉県船橋市西船４－２０－８ たからビル３Ｆ","source":"厚生労働省 食品衛生申請等システム（オープンデータ）"},"geometry":{"type":"Point","coordinates":[139.957748,35.708581]}},{"type":"Feature","properties":{"layer_id":"cafe_restaurant","name":"創作和食　春夏秋冬","address":"千葉県船橋市新高根６－２１－８","source":"厚生労働省 食品衛生申請等システム（オープンデータ）"},"geometry":{"type":"Point","coordinates":[140.026676,35.724585]}},{"type":"Feature","properties":{"layer_id":"cafe_restaurant","name":"メソン　バスカ","address":"千葉県船橋市本町４－４－７ 船橋ＮＴビル１Ｆ","source":"厚生労働省 食品衛生申請等システム（オープンデータ）"},"geometry":{"type":"Point","coordinates":[139.987704,35.701114]}},{"type":"Feature","properties":{"layer_id":"cafe_restaurant","name":"セブンイレブン船橋栄町店","address":"千葉県船橋市栄町1－6－30","source":"厚生労働省 食品衛生申請等システム（オープンデータ）"},"geometry":{"type":"Point","coordinates":[139.977223,35.693442]}},{"type":"Feature","properties":{"layer_id":"cafe_restaurant","name":"Ｔ・ＴＲＵＴＨ","address":"千葉県船橋市本町４－１－１５　快美一番館ビル　２Ｆ","source":"厚生労働省 食品衛生申請等システム（オープンデータ）"},"geometry":{"type":"Point","coordinates":[139.986515,35.701233]}},{"type":"Feature","properties":{"layer_id":"cafe_restaurant","name":"真心","address":"千葉県船橋市本町１－１１－３０ 細谷ビル３Ｆ","source":"厚生労働省 食品衛生申請等システム（オープンデータ）"},"geometry":{"type":"Point","coordinates":[139.984496,35.699847]}},{"type":"Feature","properties":{"layer_id":"cafe_restaurant","name":"ＣＬＵＢ　美熟女","address":"千葉県船橋市前原西２丁目１３番３号 第一辰巳ビル２階","source":"厚生労働省 食品衛生申請等システム（オープンデータ）"},"geometry":{"type":"Point","coordinates":[140.021713,35.693075]}},{"type":"Feature","properties":{"layer_id":"cafe_restaurant","name":"釣船茶屋　ざうお","address":"千葉県船橋市浜町2丁目1番1号 三井ショッピングパーク　ららぽーとTOKYO－BAY北館３階","source":"厚生労働省 食品衛生申請等システム（オープンデータ）"},"geometry":{"type":"Point","coordinates":[139.99124,35.686139]}},{"type":"Feature","properties":{"layer_id":"cafe_restaurant","name":"月虹","address":"千葉県船橋市本町１－１１－２０","source":"厚生労働省 食品衛生申請等システム（オープンデータ）"},"geometry":{"type":"Point","coordinates":[139.984282,35.699444]}},{"type":"Feature","properties":{"layer_id":"cafe_restaurant","name":"カレーハウスCoCo壱番屋　中山競馬場店","address":"千葉県船橋市古作1-1-1","source":"厚生労働省 食品衛生申請等システム（オープンデータ）"},"geometry":{"type":"Point","coordinates":[139.964586,35.724885]}},{"type":"Feature","properties":{"layer_id":"cafe_restaurant","name":"しゃぶ菜　ららぽーとＴＯＫＹＯ－ＢＡＹ店","address":"千葉県船橋市浜町２－１－１ ららぽーとＴＯＫＹＯ－ＢＡＹ　北館３Ｆ　Ｎ３００５０区画","source":"厚生労働省 食品衛生申請等システム（オープンデータ）"},"geometry":{"type":"Point","coordinates":[139.987769,35.687317]}},{"type":"Feature","properties":{"layer_id":"cafe_restaurant","name":"時の居酒屋　刻　船橋本店","address":"千葉県船橋市本町４－３－２１ 不二家ビル２Ｆ","source":"厚生労働省 食品衛生申請等システム（オープンデータ）"},"geometry":{"type":"Point","coordinates":[139.98618,35.700638]}},{"type":"Feature","properties":{"layer_id":"cafe_restaurant","name":"牛かつ　ふたば亭","address":"千葉県船橋市浜町２－１－１ 三井ショッピングパークららぽーとＴＯＫＹＯ－ＢＡＹ　Ｎ３０３２０区画","source":"厚生労働省 食品衛生申請等システム（オープンデータ）"},"geometry":{"type":"Point","coordinates":[139.99124,35.686139]}},{"type":"Feature","properties":{"layer_id":"cafe_restaurant","name":"珈琲所コメダ珈琲店　三井ショッピングパーク　ららぽーとTOKYO-BAY店","address":"千葉県船橋市浜町2-1-1　三井ショッピングパーク　ららぽーとTOKYO-BAY　北館1階　N10180","source":"厚生労働省 食品衛生申請等システム（オープンデータ）"},"geometry":{"type":"Point","coordinates":[139.991869,35.684776]}},{"type":"Feature","properties":{"layer_id":"cafe_restaurant","name":"ごちとん","address":"千葉県船橋市浜町２－１－１ ららぽーとTOKYO-BAY　北館３階","source":"厚生労働省 食品衛生申請等システム（オープンデータ）"},"geometry":{"type":"Point","coordinates":[139.988524,35.683594]}},{"type":"Feature","properties":{"layer_id":"cafe_restaurant","name":"横浜中華街　台湾美食店　８８６食堂　ららぽーとＴＯＫＹＯ－ＢＡＹ店","address":"千葉県船橋市浜町２－１－１ ららぽーとＴＯＫＹＯ－ＢＡＹ　北館３階","source":"厚生労働省 食品衛生申請等システム（オープンデータ）"},"geometry":{"type":"Point","coordinates":[139.99124,35.686139]}},{"type":"Feature","properties":{"layer_id":"cafe_restaurant","name":"レオ癒カプセルホテル船橋店","address":"千葉県船橋市本町1丁目31-5 レオセントラルスクエアⅡ7F","source":"厚生労働省 食品衛生申請等システム（オープンデータ）"},"geometry":{"type":"Point","coordinates":[139.984055,35.700127]}},{"type":"Feature","properties":{"layer_id":"cafe_restaurant","name":"レオ癒カプセルホテル西船橋店","address":"千葉県船橋市葛飾町２－４１２ 西船橋レジデンス１階","source":"厚生労働省 食品衛生申請等システム（オープンデータ）"},"geometry":{"type":"Point","coordinates":[139.956959,35.705898]}},{"type":"Feature","properties":{"layer_id":"cafe_restaurant","name":"オムライスの店　卵と私　ららぽーとＴＯＫＹＯ－ＢＡＹ店","address":"千葉県船橋市浜町２－１－１ ららぽーとＴＯＫＹＯ－ＢＡＹ北館３階　Ｎ３０３８０","source":"厚生労働省 食品衛生申請等システム（オープンデータ）"},"geometry":{"type":"Point","coordinates":[139.988524,35.683594]}},{"type":"Feature","properties":{"layer_id":"cafe_restaurant","name":"Le labo","address":"千葉県船橋市西習志野2丁目20番２号","source":"厚生労働省 食品衛生申請等システム（オープンデータ）"},"geometry":{"type":"Point","coordinates":[140.037335,35.725013]}},{"type":"Feature","properties":{"layer_id":"cafe_restaurant","name":"ＴＡＫＡＮＥ　ＤＩＮＩＮＧ","address":"千葉県船橋市高根台1丁目3番地21号 デュオセーヌ船橋高根台2F","source":"厚生労働省 食品衛生申請等システム（オープンデータ）"},"geometry":{"type":"Point","coordinates":[140.032867,35.730513]}},{"type":"Feature","properties":{"layer_id":"cafe_restaurant","name":"新日本料理　伸幸","address":"千葉県船橋市本町４－５－１８","source":"厚生労働省 食品衛生申請等システム（オープンデータ）"},"geometry":{"type":"Point","coordinates":[139.987346,35.701044]}},{"type":"Feature","properties":{"layer_id":"cafe_restaurant","name":"エームＳＪ　０８０２","address":"千葉県船橋市栄町２－１６－１","source":"厚生労働省 食品衛生申請等システム（オープンデータ）"},"geometry":{"type":"Point","coordinates":[139.972277,35.686205]}},{"type":"Feature","properties":{"layer_id":"cafe_restaurant","name":"㈱京成ストア　リブレ京成高根台店","address":"千葉県船橋市高根台1-2-1 エポカ高根台","source":"厚生労働省 食品衛生申請等システム（オープンデータ）"},"geometry":{"type":"Point","coordinates":[140.031118,35.730438]}},{"type":"Feature","properties":{"layer_id":"cafe_restaurant","name":"ドトールコーヒーショップ下総中山北口店","address":"千葉県船橋市本中山２－１６－１","source":"厚生労働省 食品衛生申請等システム（オープンデータ）"},"geometry":{"type":"Point","coordinates":[139.943658,35.714821]}},{"type":"Feature","properties":{"layer_id":"cafe_restaurant","name":"ｃｏｃｃｉｏ　８３１","address":"千葉県船橋市本町４－４－４ ２階","source":"厚生労働省 食品衛生申請等システム（オープンデータ）"},"geometry":{"type":"Point","coordinates":[139.987322,35.700918]}},{"type":"Feature","properties":{"layer_id":"cafe_restaurant","name":"壱岐家","address":"千葉県船橋市西船４－２７－２ 西船駅前プラザビル３Ｆ","source":"厚生労働省 食品衛生申請等システム（オープンデータ）"},"geometry":{"type":"Point","coordinates":[139.959736,35.707937]}},{"type":"Feature","properties":{"layer_id":"cafe_restaurant","name":"Aman","address":"千葉県船橋市本町4丁目43番13号 ウィンクレストⅢ","source":"厚生労働省 食品衛生申請等システム（オープンデータ）"},"geometry":{"type":"Point","coordinates":[139.987405,35.698803]}},{"type":"Feature","properties":{"layer_id":"cafe_restaurant","name":"もんじゃ居酒屋　ふじお","address":"千葉県船橋市藤原２－１７－１７","source":"厚生労働省 食品衛生申請等システム（オープンデータ）"},"geometry":{"type":"Point","coordinates":[139.96854,35.731228]}},{"type":"Feature","properties":{"layer_id":"cafe_restaurant","name":"食堂Ao.","address":"千葉県船橋市本中山2-23-16 DAICHI APARTMENT","source":"厚生労働省 食品衛生申請等システム（オープンデータ）"},"geometry":{"type":"Point","coordinates":[139.942464,35.71508]}},{"type":"Feature","properties":{"layer_id":"cafe_restaurant","name":"洋バルBELLEZZA","address":"千葉県船橋市前原西2丁目13番地2号 パークヒルズ4F","source":"厚生労働省 食品衛生申請等システム（オープンデータ）"},"geometry":{"type":"Point","coordinates":[140.021592,35.6931]}},{"type":"Feature","properties":{"layer_id":"cafe_restaurant","name":"鳥貴族　西船橋店","address":"千葉県船橋市印内町５６４－８ サウスサイドビル３Ｆ","source":"厚生労働省 食品衛生申請等システム（オープンデータ）"},"geometry":{"type":"Point","coordinates":[139.960369,35.706334]}},{"type":"Feature","properties":{"layer_id":"cafe_restaurant","name":"キッチンガーデン　高根台店","address":"千葉県船橋市高根台１－２－１ エポカ高根台リブレ京成店内","source":"厚生労働省 食品衛生申請等システム（オープンデータ）"},"geometry":{"type":"Point","coordinates":[140.031118,35.730438]}},{"type":"Feature","properties":{"layer_id":"cafe_restaurant","name":"ゴディバ　ららぽーとTOKYO-BAY店","address":"千葉県船橋市浜町2-1-1 ららぽーとTOKYO-BAY南館１F","source":"厚生労働省 食品衛生申請等システム（オープンデータ）"},"geometry":{"type":"Point","coordinates":[139.987769,35.687317]}},{"type":"Feature","properties":{"layer_id":"cafe_restaurant","name":"まつの家","address":"千葉県船橋市習志野台3丁目17番8号","source":"厚生労働省 食品衛生申請等システム（オープンデータ）"},"geometry":{"type":"Point","coordinates":[140.044063,35.719844]}},{"type":"Feature","properties":{"layer_id":"cafe_restaurant","name":"喃風　ららぽーとTOKYOーBAY店","address":"千葉県船橋市浜町2丁目1-1 ららぽーとTOKYO-BAY北館3階","source":"厚生労働省 食品衛生申請等システム（オープンデータ）"},"geometry":{"type":"Point","coordinates":[139.987769,35.687317]}},{"type":"Feature","properties":{"layer_id":"cafe_restaurant","name":"ホテル　SARA　船橋","address":"千葉県船橋市若松１丁目１番２６号","source":"厚生労働省 食品衛生申請等システム（オープンデータ）"},"geometry":{"type":"Point","coordinates":[139.995708,35.688351]}},{"type":"Feature","properties":{"layer_id":"cafe_restaurant","name":"ＣＬＡＳＳＩＣ　ＫＩＴＣＨＥＮ&ＢＡＲ","address":"千葉県船橋市高根台７－１３－２１","source":"厚生労働省 食品衛生申請等システム（オープンデータ）"},"geometry":{"type":"Point","coordinates":[140.029534,35.729755]}},{"type":"Feature","properties":{"layer_id":"cafe_restaurant","name":"日本料理　魚つぐ","address":"千葉県船橋市習志野台３－１７－７","source":"厚生労働省 食品衛生申請等システム（オープンデータ）"},"geometry":{"type":"Point","coordinates":[140.044008,35.719974]}},{"type":"Feature","properties":{"layer_id":"cafe_restaurant","name":"中華料理　龍宝","address":"千葉県船橋市飯山満町3-1532-6","source":"厚生労働省 食品衛生申請等システム（オープンデータ）"},"geometry":{"type":"Point","coordinates":[140.030677,35.71536]}},{"type":"Feature","properties":{"layer_id":"cafe_restaurant","name":"イリーゼ船橋塚田・新館","address":"千葉県船橋市前貝塚町５０９番５号","source":"厚生労働省 食品衛生申請等システム（オープンデータ）"},"geometry":{"type":"Point","coordinates":[139.986116,35.722419]}},{"type":"Feature","properties":{"layer_id":"cafe_restaurant","name":"イリーゼ船橋緑台","address":"千葉県船橋市緑台2丁目4番55号","source":"厚生労働省 食品衛生申請等システム（オープンデータ）"},"geometry":{"type":"Point","coordinates":[140.014494,35.728557]}},{"type":"Feature","properties":{"layer_id":"cafe_restaurant","name":"ウェルミーテラス高根台","address":"千葉県船橋市高根台２－２－１７","source":"厚生労働省 食品衛生申請等システム（オープンデータ）"},"geometry":{"type":"Point","coordinates":[140.031637,35.734274]}},{"type":"Feature","properties":{"layer_id":"cafe_restaurant","name":"レビー船橋","address":"千葉県船橋市上山町1－１５７－１","source":"厚生労働省 食品衛生申請等システム（オープンデータ）"},"geometry":{"type":"Point","coordinates":[139.971607,35.727889]}},{"type":"Feature","properties":{"layer_id":"cafe_restaurant","name":"アミカの郷船橋塚田","address":"千葉県船橋市旭町１－２５－１５","source":"厚生労働省 食品衛生申請等システム（オープンデータ）"},"geometry":{"type":"Point","coordinates":[139.988014,35.730052]}},{"type":"Feature","properties":{"layer_id":"cafe_restaurant","name":"セブン-イレブン船橋二和東5丁目店","address":"千葉県船橋市二和東5丁目63番1号","source":"厚生労働省 食品衛生申請等システム（オープンデータ）"},"geometry":{"type":"Point","coordinates":[140.022796,35.752642]}},{"type":"Feature","properties":{"layer_id":"cafe_restaurant","name":"舎鈴　イオンモール船橋","address":"千葉県船橋市山手１ー１ー８ イオンモール船橋３Ｆフードコート内","source":"厚生労働省 食品衛生申請等システム（オープンデータ）"},"geometry":{"type":"Point","coordinates":[139.978861,35.711907]}},{"type":"Feature","properties":{"layer_id":"cafe_restaurant","name":"びっくりドンキー　船橋芝山店","address":"千葉県船橋市芝山５－３８－３","source":"厚生労働省 食品衛生申請等システム（オープンデータ）"},"geometry":{"type":"Point","coordinates":[140.025155,35.723227]}},{"type":"Feature","properties":{"layer_id":"cafe_restaurant","name":"炭火串焼厨房　くふ楽　西船橋店","address":"千葉県船橋市西船４－２４－１０ 福田ビル１階","source":"厚生労働省 食品衛生申請等システム（オープンデータ）"},"geometry":{"type":"Point","coordinates":[139.959245,35.708871]}},{"type":"Feature","properties":{"layer_id":"cafe_restaurant","name":"肉問屋　肉丸商店　イオンモール船橋店","address":"千葉県船橋市山手１丁目１番８号3F　フードコート","source":"厚生労働省 食品衛生申請等システム（オープンデータ）"},"geometry":{"type":"Point","coordinates":[139.978861,35.711907]}},{"type":"Feature","properties":{"layer_id":"cafe_restaurant","name":"株式会社　石和石材","address":"千葉県船橋市馬込町１１９３","source":"厚生労働省 食品衛生申請等システム（オープンデータ）"},"geometry":{"type":"Point","coordinates":[140.000022,35.738235]}},{"type":"Feature","properties":{"layer_id":"cafe_restaurant","name":"大松食堂","address":"千葉県船橋市三山6-42-3","source":"厚生労働省 食品衛生申請等システム（オープンデータ）"},"geometry":{"type":"Point","coordinates":[140.057787,35.698922]}},{"type":"Feature","properties":{"layer_id":"cafe_restaurant","name":"セブンーイレブン　下総中山駅北口通り店","address":"千葉県船橋市本中山２－１６－１１","source":"厚生労働省 食品衛生申請等システム（オープンデータ）"},"geometry":{"type":"Point","coordinates":[139.943916,35.714633]}},{"type":"Feature","properties":{"layer_id":"cafe_restaurant","name":"有限会社　菜","address":"千葉県船橋市前原東１－４－２４","source":"厚生労働省 食品衛生申請等システム（オープンデータ）"},"geometry":{"type":"Point","coordinates":[140.023219,35.692564]}},{"type":"Feature","properties":{"layer_id":"cafe_restaurant","name":"Area","address":"千葉県船橋市本町四丁目5番18号 小泉ビル1F","source":"厚生労働省 食品衛生申請等システム（オープンデータ）"},"geometry":{"type":"Point","coordinates":[139.987462,35.701067]}},{"type":"Feature","properties":{"layer_id":"cafe_restaurant","name":"生鮮市場ＴＯＰ新夏見店","address":"千葉県船橋市夏見３－２８－１","source":"厚生労働省 食品衛生申請等システム（オープンデータ）"},"geometry":{"type":"Point","coordinates":[139.987813,35.716094]}},{"type":"Feature","properties":{"layer_id":"cafe_restaurant","name":"生鮮市場TOPコーナン京葉船橋インター店","address":"千葉県船橋市海神町３－１２４－３","source":"厚生労働省 食品衛生申請等システム（オープンデータ）"},"geometry":{"type":"Point","coordinates":[139.97541,35.698621]}},{"type":"Feature","properties":{"layer_id":"cafe_restaurant","name":"生鮮市場ＴＯＰ　船橋日大前店","address":"千葉県船橋市坪井東３－６－１","source":"厚生労働省 食品衛生申請等システム（オープンデータ）"},"geometry":{"type":"Point","coordinates":[140.060835,35.726417]}},{"type":"Feature","properties":{"layer_id":"cafe_restaurant","name":"生鮮市場TOPコーナン京葉船橋インター店","address":"千葉県船橋市海神町３－１２４－３","source":"厚生労働省 食品衛生申請等システム（オープンデータ）"},"geometry":{"type":"Point","coordinates":[139.97541,35.698621]}},{"type":"Feature","properties":{"layer_id":"cafe_restaurant","name":"どうとんぼり神座　ららテラスTOKYO-BAY店","address":"千葉県船橋市若松２丁目１番 ららテラスTOKYO-BAY　B北棟-２Ｆ　フードコート　区画FC-05","source":"厚生労働省 食品衛生申請等システム（オープンデータ）"},"geometry":{"type":"Point","coordinates":[139.994066,35.681925]}},{"type":"Feature","properties":{"layer_id":"cafe_restaurant","name":"閩融飯店","address":"千葉県船橋市本町２丁目２５番１７号高橋ビル１０３","source":"厚生労働省 食品衛生申請等システム（オープンデータ）"},"geometry":{"type":"Point","coordinates":[139.982812,35.698195]}},{"type":"Feature","properties":{"layer_id":"cafe_restaurant","name":"熟成焼肉いちばん　南船橋店","address":"千葉県船橋市若松１丁目２番１０号","source":"厚生労働省 食品衛生申請等システム（オープンデータ）"},"geometry":{"type":"Point","coordinates":[139.994478,35.686918]}},{"type":"Feature","properties":{"layer_id":"cafe_restaurant","name":"grand　reve　～グランレーヴ～","address":"千葉県船橋市前原西２－１３－２３ フラッピ津田沼２F-C室","source":"厚生労働省 食品衛生申請等システム（オープンデータ）"},"geometry":{"type":"Point","coordinates":[140.021023,35.693731]}},{"type":"Feature","properties":{"layer_id":"cafe_restaurant","name":"沖縄居酒屋　遊び庭","address":"千葉県船橋市前原西2-21-3 ホーマスビル２階","source":"厚生労働省 食品衛生申請等システム（オープンデータ）"},"geometry":{"type":"Point","coordinates":[140.022585,35.692855]}},{"type":"Feature","properties":{"layer_id":"cafe_restaurant","name":"コナズ珈琲新船橋","address":"千葉県船橋市山手1-2-11","source":"厚生労働省 食品衛生申請等システム（オープンデータ）"},"geometry":{"type":"Point","coordinates":[139.977753,35.715693]}},{"type":"Feature","properties":{"layer_id":"cafe_restaurant","name":"伝説のすた丼屋　京成船橋店","address":"千葉県船橋市本町1-8-29 FSビル1階","source":"厚生労働省 食品衛生申請等システム（オープンデータ）"},"geometry":{"type":"Point","coordinates":[139.984943,35.699825]}},{"type":"Feature","properties":{"layer_id":"cafe_restaurant","name":"丸亀製麺船橋西船","address":"千葉県船橋市西船7-7-37","source":"厚生労働省 食品衛生申請等システム（オープンデータ）"},"geometry":{"type":"Point","coordinates":[139.958101,35.718475]}},{"type":"Feature","properties":{"layer_id":"cafe_restaurant","name":"丸亀製麺習志野台","address":"千葉県船橋市習志野台4-81-17","source":"厚生労働省 食品衛生申請等システム（オープンデータ）"},"geometry":{"type":"Point","coordinates":[140.053054,35.712573]}},{"type":"Feature","properties":{"layer_id":"cafe_restaurant","name":"丸亀製麺船橋芝山","address":"千葉県船橋市飯山満町1-1402-1","source":"厚生労働省 食品衛生申請等システム（オープンデータ）"},"geometry":{"type":"Point","coordinates":[140.01564,35.717006]}},{"type":"Feature","properties":{"layer_id":"cafe_restaurant","name":"丸亀製麺　イトーヨーカドー船橋店","address":"千葉県船橋市本町7丁目6番1号イトーヨーカドー船橋店西館 1階フードコート内FFー56区画","source":"厚生労働省 食品衛生申請等システム（オープンデータ）"},"geometry":{"type":"Point","coordinates":[139.985064,35.703251]}},{"type":"Feature","properties":{"layer_id":"cafe_restaurant","name":"蜂蜜酒専門欧風酒場Once upon a time","address":"千葉県船橋市本町5-2-20 興和第六ビル２階","source":"厚生労働省 食品衛生申請等システム（オープンデータ）"},"geometry":{"type":"Point","coordinates":[139.987221,35.701946]}},{"type":"Feature","properties":{"layer_id":"cafe_restaurant","name":"とりいちず　津田沼店／もんじゃ酒場だしや　津田沼店","address":"千葉県船橋市前原西２－１５－１６ 津田沼ＳＡＫＡＩビル２階","source":"厚生労働省 食品衛生申請等システム（オープンデータ）"},"geometry":{"type":"Point","coordinates":[140.02069,35.692746]}},{"type":"Feature","properties":{"layer_id":"cafe_restaurant","name":"おしゃべりブタ野郎西船橋店","address":"千葉県船橋市印内町564-8 サウスサイドビル2階","source":"厚生労働省 食品衛生申請等システム（オープンデータ）"},"geometry":{"type":"Point","coordinates":[139.958502,35.705387]}},{"type":"Feature","properties":{"layer_id":"cafe_restaurant","name":"肉のヤマ牛　原木中山","address":"千葉県船橋市本中山7-7-1","source":"厚生労働省 食品衛生申請等システム（オープンデータ）"},"geometry":{"type":"Point","coordinates":[139.941756,35.70309]}},{"type":"Feature","properties":{"layer_id":"cafe_restaurant","name":"ア・オ","address":"千葉県船橋市西習志野2-1-2 池上店舗1階","source":"厚生労働省 食品衛生申請等システム（オープンデータ）"},"geometry":{"type":"Point","coordinates":[140.033645,35.727075]}},{"type":"Feature","properties":{"layer_id":"cafe_restaurant","name":"dejavu shisha","address":"千葉県船橋市本町1丁目11番25号 LEO伍拾四番館２Ｆ","source":"厚生労働省 食品衛生申請等システム（オープンデータ）"},"geometry":{"type":"Point","coordinates":[139.984144,35.699618]}},{"type":"Feature","properties":{"layer_id":"cafe_restaurant","name":"そんぽの家S 船橋前原","address":"千葉県船橋市前原西3丁目16-6","source":"厚生労働省 食品衛生申請等システム（オープンデータ）"},"geometry":{"type":"Point","coordinates":[140.021148,35.696313]}},{"type":"Feature","properties":{"layer_id":"cafe_restaurant","name":"SOMPOケア　ラヴィーレ津田沼","address":"千葉県船橋市中野木2-3-32","source":"厚生労働省 食品衛生申請等システム（オープンデータ）"},"geometry":{"type":"Point","coordinates":[140.016798,35.699764]}},{"type":"Feature","properties":{"layer_id":"cafe_restaurant","name":"SOMPOケア　ラヴィーレ西船橋","address":"千葉県船橋市西船7-11-8","source":"厚生労働省 食品衛生申請等システム（オープンデータ）"},"geometry":{"type":"Point","coordinates":[139.955216,35.717681]}},{"type":"Feature","properties":{"layer_id":"cafe_restaurant","name":"SOMPOケア　ラヴィーレ習志野台","address":"千葉県船橋市習志野台1-13-30","source":"厚生労働省 食品衛生申請等システム（オープンデータ）"},"geometry":{"type":"Point","coordinates":[140.038054,35.726979]}},{"type":"Feature","properties":{"layer_id":"cafe_restaurant","name":"おしゃべりブタ野郎　津田沼店","address":"千葉県船橋市前原西２－１５－１３ 曽我第２ビル　４階","source":"厚生労働省 食品衛生申請等システム（オープンデータ）"},"geometry":{"type":"Point","coordinates":[140.021023,35.693731]}},{"type":"Feature","properties":{"layer_id":"cafe_restaurant","name":"ピアサピド　新船橋店","address":"千葉県船橋市山手１－１－８ イオンモール船橋１Ｆ","source":"厚生労働省 食品衛生申請等システム（オープンデータ）"},"geometry":{"type":"Point","coordinates":[139.978861,35.711907]}},{"type":"Feature","properties":{"layer_id":"cafe_restaurant","name":"まごころ弁当　北習志野店","address":"千葉県船橋市松が丘1-49-9 弓座アパート1","source":"厚生労働省 食品衛生申請等システム（オープンデータ）"},"geometry":{"type":"Point","coordinates":[140.042809,35.735691]}},{"type":"Feature","properties":{"layer_id":"cafe_restaurant","name":"エームＳＪ　５１３４","address":"千葉県船橋市浜町３－３－２","source":"厚生労働省 食品衛生申請等システム（オープンデータ）"},"geometry":{"type":"Point","coordinates":[139.987708,35.677576]}},{"type":"Feature","properties":{"layer_id":"cafe_restaurant","name":"船橋市立前原中学校","address":"千葉県船橋市中野木2-33-1","source":"厚生労働省 食品衛生申請等システム（オープンデータ）"},"geometry":{"type":"Point","coordinates":[140.017722,35.703754]}},{"type":"Feature","properties":{"layer_id":"cafe_restaurant","name":"はなの舞　習志野駐屯地店","address":"千葉県船橋市薬円台3丁目20番地1号","source":"厚生労働省 食品衛生申請等システム（オープンデータ）"},"geometry":{"type":"Point","coordinates":[140.051239,35.710106]}},{"type":"Feature","properties":{"layer_id":"cafe_restaurant","name":"コミュニティレストラン結","address":"千葉県船橋市行田3-2-13-109","source":"厚生労働省 食品衛生申請等システム（オープンデータ）"},"geometry":{"type":"Point","coordinates":[139.970631,35.718987]}},{"type":"Feature","properties":{"layer_id":"cafe_restaurant","name":"KUA'AINA　ららぽーとTOKYO-BAY店","address":"千葉県船橋市浜町2丁目1番1号 ららぽーとTOKYO-BAY3F","source":"厚生労働省 食品衛生申請等システム（オープンデータ）"},"geometry":{"type":"Point","coordinates":[139.987769,35.687317]}},{"type":"Feature","properties":{"layer_id":"cafe_restaurant","name":"アローマリンクラブ","address":"千葉県船橋市日の出2丁目８番１２号","source":"厚生労働省 食品衛生申請等システム（オープンデータ）"},"geometry":{"type":"Point","coordinates":[139.976821,35.686196]}},{"type":"Feature","properties":{"layer_id":"cafe_restaurant","name":"越後屋","address":"千葉県船橋市本町７丁目１４番地８号","source":"厚生労働省 食品衛生申請等システム（オープンデータ）"},"geometry":{"type":"Point","coordinates":[139.982495,35.704375]}},{"type":"Feature","properties":{"layer_id":"cafe_restaurant","name":"𠮷野家　船橋市場町店","address":"千葉県船橋市市場２－２－２８","source":"厚生労働省 食品衛生申請等システム（オープンデータ）"},"geometry":{"type":"Point","coordinates":[139.994696,35.705703]}},{"type":"Feature","properties":{"layer_id":"cafe_restaurant","name":"𠮷野家　習志野台店","address":"千葉県船橋市習志野１－９－２３","source":"厚生労働省 食品衛生申請等システム（オープンデータ）"},"geometry":{"type":"Point","coordinates":[140.056072,35.712162]}},{"type":"Feature","properties":{"layer_id":"cafe_restaurant","name":"𠮷野家　原木中山駅店","address":"千葉県船橋市本中山７－７－１","source":"厚生労働省 食品衛生申請等システム（オープンデータ）"},"geometry":{"type":"Point","coordinates":[139.941756,35.70309]}},{"type":"Feature","properties":{"layer_id":"cafe_restaurant","name":"𠮷野家　コーナン京葉船橋インター店","address":"千葉県船橋市海神町３－１２４－３ ２階フードコード内","source":"厚生労働省 食品衛生申請等システム（オープンデータ）"},"geometry":{"type":"Point","coordinates":[139.97541,35.698621]}},{"type":"Feature","properties":{"layer_id":"cafe_restaurant","name":"𠮷野家　船橋二和東店","address":"千葉県船橋市二和東６－２－３","source":"厚生労働省 食品衛生申請等システム（オープンデータ）"},"geometry":{"type":"Point","coordinates":[140.019312,35.757058]}},{"type":"Feature","properties":{"layer_id":"cafe_restaurant","name":"ファミリーマート　船橋大穴町店","address":"千葉県船橋市大穴町６３６－１２","source":"厚生労働省 食品衛生申請等システム（オープンデータ）"},"geometry":{"type":"Point","coordinates":[140.032983,35.738061]}},{"type":"Feature","properties":{"layer_id":"cafe_restaurant","name":"伝説のすた丼屋　ららぽーとTOKYO-BAY店","address":"千葉県船橋市浜町2丁目1番1号 ららぽーとTOKYO-BAY　北館３階","source":"厚生労働省 食品衛生申請等システム（オープンデータ）"},"geometry":{"type":"Point","coordinates":[139.987769,35.687317]}},{"type":"Feature","properties":{"layer_id":"cafe_restaurant","name":"伝説の肉そば屋　ららぽーとTOKYO-BAY店","address":"千葉県船橋市浜町2丁目1番1号　D-106区画　南館","source":"厚生労働省 食品衛生申請等システム（オープンデータ）"},"geometry":{"type":"Point","coordinates":[139.987769,35.687317]}},{"type":"Feature","properties":{"layer_id":"cafe_restaurant","name":"金家　船橋店","address":"千葉県船橋市本町１－１３－４ Debonair船橋101","source":"厚生労働省 食品衛生申請等システム（オープンデータ）"},"geometry":{"type":"Point","coordinates":[139.983798,35.699088]}},{"type":"Feature","properties":{"layer_id":"cafe_restaurant","name":"資さんうどん　ららぽーとTOKYO-BAY店","address":"千葉県船橋市浜町2-1-1 ららぽーとTOKYO-BAY　北館３階","source":"厚生労働省 食品衛生申請等システム（オープンデータ）"},"geometry":{"type":"Point","coordinates":[139.987769,35.687317]}},{"type":"Feature","properties":{"layer_id":"cafe_restaurant","name":"MOON","address":"千葉県船橋市西船4-20-10","source":"厚生労働省 食品衛生申請等システム（オープンデータ）"},"geometry":{"type":"Point","coordinates":[139.957782,35.708728]}},{"type":"Feature","properties":{"layer_id":"cafe_restaurant","name":"ライフケア船橋会堂","address":"千葉県船橋市海神町西１丁目１１００番地１　２階","source":"厚生労働省 食品衛生申請等システム（オープンデータ）"},"geometry":{"type":"Point","coordinates":[139.967851,35.703045]}},{"type":"Feature","properties":{"layer_id":"cafe_restaurant","name":"串カツ田中　北習志野駅前店","address":"千葉県船橋市習志野台３－１－１ エキタきたなら　１－２区画","source":"厚生労働省 食品衛生申請等システム（オープンデータ）"},"geometry":{"type":"Point","coordinates":[140.041933,35.721512]}},{"type":"Feature","properties":{"layer_id":"public_facilities","name":"塚田公民館","address":"船橋市前貝塚町601","source":"国土交通省 国土数値情報"},"geometry":{"type":"Point","coordinates":[139.979846,35.723531]}},{"type":"Feature","properties":{"layer_id":"public_facilities","name":"西船橋出張所","address":"船橋市西船4-17-3","source":"国土交通省 国土数値情報"},"geometry":{"type":"Point","coordinates":[139.958892,35.710177]}},{"type":"Feature","properties":{"layer_id":"public_facilities","name":"三咲公民館","address":"船橋市三咲3-5-10","source":"国土交通省 国土数値情報"},"geometry":{"type":"Point","coordinates":[140.034404,35.752549]}},{"type":"Feature","properties":{"layer_id":"public_facilities","name":"夏見公民館","address":"船橋市夏見2-29-1","source":"国土交通省 国土数値情報"},"geometry":{"type":"Point","coordinates":[139.992262,35.711632]}},{"type":"Feature","properties":{"layer_id":"public_facilities","name":"三山市民センター","address":"船橋市三山8-19-1","source":"国土交通省 国土数値情報"},"geometry":{"type":"Point","coordinates":[140.05823,35.697103]}},{"type":"Feature","properties":{"layer_id":"public_facilities","name":"海神公民館","address":"船橋市海神6-3-36","source":"国土交通省 国土数値情報"},"geometry":{"type":"Point","coordinates":[139.972856,35.704974]}},{"type":"Feature","properties":{"layer_id":"public_facilities","name":"青少年センター","address":"船橋市本町1-23-7","source":"国土交通省 国土数値情報"},"geometry":{"type":"Point","coordinates":[139.981335,35.699977]}},{"type":"Feature","properties":{"layer_id":"public_facilities","name":"浜町公民館","address":"船橋市浜町2-1-15","source":"国土交通省 国土数値情報"},"geometry":{"type":"Point","coordinates":[139.987961,35.688355]}},{"type":"Feature","properties":{"layer_id":"public_facilities","name":"東老人福祉センター","address":"船橋市薬円台5-31-1","source":"国土交通省 国土数値情報"},"geometry":{"type":"Point","coordinates":[140.043241,35.714439]}},{"type":"Feature","properties":{"layer_id":"public_facilities","name":"八木が谷公民館","address":"船橋市八木が谷2-14-6","source":"国土交通省 国土数値情報"},"geometry":{"type":"Point","coordinates":[140.034392,35.760493]}},{"type":"Feature","properties":{"layer_id":"public_facilities","name":"西部公民館","address":"船橋市本中山1-6-6","source":"国土交通省 国土数値情報"},"geometry":{"type":"Point","coordinates":[139.94724,35.715378]}},{"type":"Feature","properties":{"layer_id":"public_facilities","name":"本中山連絡所","address":"船橋市本中山3-20-2","source":"国土交通省 国土数値情報"},"geometry":{"type":"Point","coordinates":[139.942903,35.714066]}},{"type":"Feature","properties":{"layer_id":"public_facilities","name":"二和出張所","address":"船橋市二和東5-26-1","source":"国土交通省 国土数値情報"},"geometry":{"type":"Point","coordinates":[140.02243,35.753653]}},{"type":"Feature","properties":{"layer_id":"public_facilities","name":"丸山公民館","address":"船橋市丸山5-19-6","source":"国土交通省 国土数値情報"},"geometry":{"type":"Point","coordinates":[139.996437,35.746369]}},{"type":"Feature","properties":{"layer_id":"public_facilities","name":"男女共同参画センター","address":"船橋市本町1-3-1フェイスビル5F","source":"国土交通省 国土数値情報"},"geometry":{"type":"Point","coordinates":[139.991055,35.696542]}},{"type":"Feature","properties":{"layer_id":"public_facilities","name":"薬円台公民館","address":"船橋市薬円台5-18-1","source":"国土交通省 国土数値情報"},"geometry":{"type":"Point","coordinates":[140.039716,35.710267]}},{"type":"Feature","properties":{"layer_id":"public_facilities","name":"北部公民館","address":"船橋市豊富町4","source":"国土交通省 国土数値情報"},"geometry":{"type":"Point","coordinates":[140.065778,35.761619]}},{"type":"Feature","properties":{"layer_id":"public_facilities","name":"飯山満公民館","address":"船橋市飯山満町1-950-3","source":"国土交通省 国土数値情報"},"geometry":{"type":"Point","coordinates":[140.017074,35.711722]}},{"type":"Feature","properties":{"layer_id":"public_facilities","name":"勤労市民センター","address":"船橋市本町4-19-6","source":"国土交通省 国土数値情報"},"geometry":{"type":"Point","coordinates":[139.987902,35.698836]}},{"type":"Feature","properties":{"layer_id":"public_facilities","name":"船橋市役所","address":"船橋市湊町2-10-18","source":"国土交通省 国土数値情報"},"geometry":{"type":"Point","coordinates":[139.982625,35.694711]}},{"type":"Feature","properties":{"layer_id":"public_facilities","name":"法典連絡所","address":"船橋市藤原7-33-7","source":"国土交通省 国土数値情報"},"geometry":{"type":"Point","coordinates":[139.977515,35.742167]}},{"type":"Feature","properties":{"layer_id":"public_facilities","name":"北老人福祉センター","address":"船橋市三咲7-24-1","source":"国土交通省 国土数値情報"},"geometry":{"type":"Point","coordinates":[140.038185,35.74803]}},{"type":"Feature","properties":{"layer_id":"public_facilities","name":"南老人福祉センター","address":"船橋市湊町1-11-19","source":"国土交通省 国土数値情報"},"geometry":{"type":"Point","coordinates":[139.988015,35.693674]}},{"type":"Feature","properties":{"layer_id":"public_facilities","name":"芝山出張所","address":"船橋市芝山3-10-8","source":"国土交通省 国土数値情報"},"geometry":{"type":"Point","coordinates":[140.020604,35.716147]}},{"type":"Feature","properties":{"layer_id":"public_facilities","name":"青少年センター北部分室","address":"船橋市高根台4-32-6","source":"国土交通省 国土数値情報"},"geometry":{"type":"Point","coordinates":[140.041888,35.73021]}},{"type":"Feature","properties":{"layer_id":"public_facilities","name":"三山連絡所","address":"船橋市三山8-19-1","source":"国土交通省 国土数値情報"},"geometry":{"type":"Point","coordinates":[140.05821,35.697103]}},{"type":"Feature","properties":{"layer_id":"public_facilities","name":"高根台公民館","address":"船橋市高根台1-2-5","source":"国土交通省 国土数値情報"},"geometry":{"type":"Point","coordinates":[140.031533,35.730471]}},{"type":"Feature","properties":{"layer_id":"public_facilities","name":"中央老人福祉センター","address":"船橋市夏見台1-11-3","source":"国土交通省 国土数値情報"},"geometry":{"type":"Point","coordinates":[139.995175,35.718088]}},{"type":"Feature","properties":{"layer_id":"public_facilities","name":"総合体育館船橋アリーナ","address":"船橋市習志野台7-5-1","source":"国土交通省 国土数値情報"},"geometry":{"type":"Point","coordinates":[140.051857,35.729404]}},{"type":"Feature","properties":{"layer_id":"public_facilities","name":"市民文化ホール","address":"船橋市本町2-2-5","source":"国土交通省 国土数値情報"},"geometry":{"type":"Point","coordinates":[139.984891,35.697805]}},{"type":"Feature","properties":{"layer_id":"public_facilities","name":"市民ギャラリー茶華道センター","address":"船橋市本町2-1-1","source":"国土交通省 国土数値情報"},"geometry":{"type":"Point","coordinates":[139.985526,35.697786]}},{"type":"Feature","properties":{"layer_id":"public_facilities","name":"小室公民館","address":"船橋市小室町3308","source":"国土交通省 国土数値情報"},"geometry":{"type":"Point","coordinates":[140.074292,35.788072]}},{"type":"Feature","properties":{"layer_id":"public_facilities","name":"運動公園","address":"船橋市夏見台6-4-1","source":"国土交通省 国土数値情報"},"geometry":{"type":"Point","coordinates":[139.995665,35.727943]}},{"type":"Feature","properties":{"layer_id":"public_facilities","name":"坪井公民館","address":"船橋市坪井町1371","source":"国土交通省 国土数値情報"},"geometry":{"type":"Point","coordinates":[140.059797,35.732832]}},{"type":"Feature","properties":{"layer_id":"public_facilities","name":"豊富出張所","address":"船橋市豊富町4","source":"国土交通省 国土数値情報"},"geometry":{"type":"Point","coordinates":[140.065798,35.761619]}},{"type":"Feature","properties":{"layer_id":"public_facilities","name":"小室連絡所","address":"船橋市小室町3308","source":"国土交通省 国土数値情報"},"geometry":{"type":"Point","coordinates":[140.074272,35.788072]}},{"type":"Feature","properties":{"layer_id":"public_facilities","name":"習志野台出張所","address":"船橋市習志野台2-45-18","source":"国土交通省 国土数値情報"},"geometry":{"type":"Point","coordinates":[140.045568,35.723477]}},{"type":"Feature","properties":{"layer_id":"public_facilities","name":"西老人福祉センター","address":"船橋市藤原3-2-15","source":"国土交通省 国土数値情報"},"geometry":{"type":"Point","coordinates":[139.975402,35.73487]}},{"type":"Feature","properties":{"layer_id":"public_facilities","name":"宮本公民館","address":"船橋市宮本6-18-1","source":"国土交通省 国土数値情報"},"geometry":{"type":"Point","coordinates":[139.994997,35.697633]}},{"type":"Feature","properties":{"layer_id":"public_facilities","name":"青少年会館","address":"船橋市若松3-3-4","source":"国土交通省 国土数値情報"},"geometry":{"type":"Point","coordinates":[139.991808,35.677643]}},{"type":"Feature","properties":{"layer_id":"public_facilities","name":"法典公園グラスポ","address":"船橋市藤原5-9-10","source":"国土交通省 国土数値情報"},"geometry":{"type":"Point","coordinates":[139.977473,35.742349]}},{"type":"Feature","properties":{"layer_id":"public_facilities","name":"ふなばし市民大学校","address":"船橋市東町834","source":"国土交通省 国土数値情報"},"geometry":{"type":"Point","coordinates":[140.005463,35.707488]}},{"type":"Feature","properties":{"layer_id":"public_facilities","name":"東部公民館","address":"船橋市前原西2-21-21","source":"国土交通省 国土数値情報"},"geometry":{"type":"Point","coordinates":[140.02278,35.692797]}},{"type":"Feature","properties":{"layer_id":"public_facilities","name":"二宮出張所","address":"船橋市滝台1-1-20","source":"国土交通省 国土数値情報"},"geometry":{"type":"Point","coordinates":[140.033784,35.704573]}},{"type":"Feature","properties":{"layer_id":"public_facilities","name":"津田沼連絡所","address":"船橋市前原西2-21-21","source":"国土交通省 国土数値情報"},"geometry":{"type":"Point","coordinates":[140.0228,35.692797]}},{"type":"Feature","properties":{"layer_id":"public_facilities","name":"市民文化創造館","address":"船橋市本町1-3-1フェイスビル6F","source":"国土交通省 国土数値情報"},"geometry":{"type":"Point","coordinates":[139.985379,35.700771]}},{"type":"Feature","properties":{"layer_id":"public_facilities","name":"高根台出張所","address":"船橋市高根台1-2-5","source":"国土交通省 国土数値情報"},"geometry":{"type":"Point","coordinates":[140.031513,35.730471]}},{"type":"Feature","properties":{"layer_id":"public_facilities","name":"高根公民館","address":"船橋市高根町2885-3","source":"国土交通省 国土数値情報"},"geometry":{"type":"Point","coordinates":[140.009566,35.727291]}},{"type":"Feature","properties":{"layer_id":"public_facilities","name":"海老が作公民館","address":"船橋市大穴南3-19-1","source":"国土交通省 国土数値情報"},"geometry":{"type":"Point","coordinates":[140.042565,35.741031]}},{"type":"Feature","properties":{"layer_id":"public_facilities","name":"法典公民館","address":"船橋市藤原7-33-7","source":"国土交通省 国土数値情報"},"geometry":{"type":"Point","coordinates":[139.987398,35.739763]}},{"type":"Feature","properties":{"layer_id":"public_facilities","name":"船橋市保健所","address":"船橋市北本町1-16-55","source":"国土交通省 国土数値情報"},"geometry":{"type":"Point","coordinates":[139.983429,35.710381]}},{"type":"Feature","properties":{"layer_id":"public_facilities","name":"習志野台公民館","address":"船橋市習志野台5-1-1","source":"国土交通省 国土数値情報"},"geometry":{"type":"Point","coordinates":[140.050549,35.718571]}},{"type":"Feature","properties":{"layer_id":"public_facilities","name":"船橋駅前総合窓口センター","address":"船橋市本町1-3-1","source":"国土交通省 国土数値情報"},"geometry":{"type":"Point","coordinates":[139.985266,35.700769]}},{"type":"Feature","properties":{"layer_id":"public_facilities","name":"二和公民館","address":"船橋市二和東5-26-1","source":"国土交通省 国土数値情報"},"geometry":{"type":"Point","coordinates":[140.02245,35.753653]}},{"type":"Feature","properties":{"layer_id":"public_facilities","name":"武道センター","address":"船橋市市場1-3-1","source":"国土交通省 国土数値情報"},"geometry":{"type":"Point","coordinates":[139.993704,35.701905]}},{"type":"Feature","properties":{"layer_id":"public_facilities","name":"葛飾公民館","address":"船橋市西船3-6-25-201","source":"国土交通省 国土数値情報"},"geometry":{"type":"Point","coordinates":[139.961505,35.713098]}},{"type":"Feature","properties":{"layer_id":"public_facilities","name":"保健福祉センター","address":"船橋市北本町1-16-55","source":"国土交通省 国土数値情報"},"geometry":{"type":"Point","coordinates":[139.983429,35.710381]}},{"type":"Feature","properties":{"layer_id":"public_facilities","name":"松が丘公民館","address":"船橋市松が丘4-32-2","source":"国土交通省 国土数値情報"},"geometry":{"type":"Point","coordinates":[140.04815,35.733183]}},{"type":"Feature","properties":{"layer_id":"public_facilities","name":"馬込斎場","address":"船橋市馬込町1102-1","source":"国土交通省 国土数値情報"},"geometry":{"type":"Point","coordinates":[139.995499,35.733509]}},{"type":"Feature","properties":{"layer_id":"public_facilities","name":"三田公民館","address":"船橋市田喜野井2-24-2","source":"国土交通省 国土数値情報"},"geometry":{"type":"Point","coordinates":[140.044983,35.698294]}},{"type":"Feature","properties":{"layer_id":"public_facilities","name":"新高根公民館","address":"船橋市新高根1-12-9","source":"国土交通省 国土数値情報"},"geometry":{"type":"Point","coordinates":[140.0217,35.724043]}},{"type":"Feature","properties":{"layer_id":"public_facilities","name":"中央公民館","address":"船橋市本町2-2-5","source":"国土交通省 国土数値情報"},"geometry":{"type":"Point","coordinates":[139.984891,35.697805]}},{"type":"Feature","properties":{"layer_id":"cultural_facilities","name":"高根木戸近隣公園庭球場","address":"高根台5-3","source":"国土交通省 国土数値情報"},"geometry":{"type":"Point","coordinates":[140.043879,35.729546]}},{"type":"Feature","properties":{"layer_id":"cultural_facilities","name":"海神川左岸まちかどスポーツ広場","address":"海神町2-6","source":"国土交通省 国土数値情報"},"geometry":{"type":"Point","coordinates":[139.972553,35.697751]}},{"type":"Feature","properties":{"layer_id":"cultural_facilities","name":"芝山ゲートボール場","address":"芝山1-443-1","source":"国土交通省 国土数値情報"},"geometry":{"type":"Point","coordinates":[140.019137,35.715314]}},{"type":"Feature","properties":{"layer_id":"cultural_facilities","name":"藤原運動広場","address":"藤原7-410-1","source":"国土交通省 国土数値情報"},"geometry":{"type":"Point","coordinates":[139.986505,35.741596]}},{"type":"Feature","properties":{"layer_id":"cultural_facilities","name":"北習志野近隣公園多目的広場","address":"習志野台3-4","source":"国土交通省 国土数値情報"},"geometry":{"type":"Point","coordinates":[140.047154,35.722757]}},{"type":"Feature","properties":{"layer_id":"cultural_facilities","name":"法典公園庭球場","address":"藤原5-9-10","source":"国土交通省 国土数値情報"},"geometry":{"type":"Point","coordinates":[139.979284,35.74133]}},{"type":"Feature","properties":{"layer_id":"cultural_facilities","name":"法典まちかどスポーツ広場","address":"藤原町7-33","source":"国土交通省 国土数値情報"},"geometry":{"type":"Point","coordinates":[139.987134,35.740915]}},{"type":"Feature","properties":{"layer_id":"cultural_facilities","name":"二和ゲートボール場","address":"二和西2-138-4","source":"国土交通省 国土数値情報"},"geometry":{"type":"Point","coordinates":[140.012441,35.744663]}},{"type":"Feature","properties":{"layer_id":"cultural_facilities","name":"夏見町１丁目公園庭球場","address":"夏見台2-5","source":"国土交通省 国土数値情報"},"geometry":{"type":"Point","coordinates":[139.992968,35.721923]}},{"type":"Feature","properties":{"layer_id":"cultural_facilities","name":"高根木戸近隣公園多目的広場","address":"高根台5-3","source":"国土交通省 国土数値情報"},"geometry":{"type":"Point","coordinates":[140.043229,35.729842]}},{"type":"Feature","properties":{"layer_id":"cultural_facilities","name":"船橋市運動公園庭球場","address":"夏見台6-4-1","source":"国土交通省 国土数値情報"},"geometry":{"type":"Point","coordinates":[139.996353,35.729227]}},{"type":"Feature","properties":{"layer_id":"cultural_facilities","name":"船橋市運動公園体育館（Ｈ２５．１０月からＨ２６年６月まで休館）","address":"夏見台6-4-1","source":"国土交通省 国土数値情報"},"geometry":{"type":"Point","coordinates":[139.995711,35.728011]}},{"type":"Feature","properties":{"layer_id":"cultural_facilities","name":"宮本公民館まちかどスポーツ広場","address":"宮本6-498-2","source":"国土交通省 国土数値情報"},"geometry":{"type":"Point","coordinates":[139.995172,35.697956]}},{"type":"Feature","properties":{"layer_id":"cultural_facilities","name":"松が丘ゲートボール場","address":"松が丘4-631-73","source":"国土交通省 国土数値情報"},"geometry":{"type":"Point","coordinates":[140.046756,35.732529]}},{"type":"Feature","properties":{"layer_id":"cultural_facilities","name":"北谷津川まちかどスポーツ広場","address":"夏見台2-542-1","source":"国土交通省 国土数値情報"},"geometry":{"type":"Point","coordinates":[139.996249,35.719283]}},{"type":"Feature","properties":{"layer_id":"cultural_facilities","name":"船橋市運動公園市民プール","address":"夏見台6-4-1","source":"国土交通省 国土数値情報"},"geometry":{"type":"Point","coordinates":[139.994719,35.728677]}},{"type":"Feature","properties":{"layer_id":"cultural_facilities","name":"勤労市民センタートレーニングルーム","address":"本町4-19-6","source":"国土交通省 国土数値情報"},"geometry":{"type":"Point","coordinates":[139.987863,35.698841]}},{"type":"Feature","properties":{"layer_id":"cultural_facilities","name":"古和釜運動広場","address":"古和釜町787-1","source":"国土交通省 国土数値情報"},"geometry":{"type":"Point","coordinates":[140.051383,35.741828]}},{"type":"Feature","properties":{"layer_id":"cultural_facilities","name":"北習志野近隣公園多目的広場","address":"習志野台3-4","source":"国土交通省 国土数値情報"},"geometry":{"type":"Point","coordinates":[140.04716,35.722709]}},{"type":"Feature","properties":{"layer_id":"cultural_facilities","name":"三咲まちかどスポーツ広場","address":"三咲4-15-9","source":"国土交通省 国土数値情報"},"geometry":{"type":"Point","coordinates":[140.036153,35.75022]}},{"type":"Feature","properties":{"layer_id":"cultural_facilities","name":"旭町まちかどスポーツ広場","address":"旭町1-711-1","source":"国土交通省 国土数値情報"},"geometry":{"type":"Point","coordinates":[139.985799,35.726313]}},{"type":"Feature","properties":{"layer_id":"cultural_facilities","name":"習志野台ゲートボール場","address":"習志野台5-42-2","source":"国土交通省 国土数値情報"},"geometry":{"type":"Point","coordinates":[140.053737,35.719678]}},{"type":"Feature","properties":{"layer_id":"cultural_facilities","name":"南三咲ゲートボール場","address":"南三咲3-430-4","source":"国土交通省 国土数値情報"},"geometry":{"type":"Point","coordinates":[140.027212,35.73956]}},{"type":"Feature","properties":{"layer_id":"cultural_facilities","name":"高根木戸近隣公園多目的広場","address":"高根台5-3","source":"国土交通省 国土数値情報"},"geometry":{"type":"Point","coordinates":[140.043226,35.729816]}},{"type":"Feature","properties":{"layer_id":"cultural_facilities","name":"海神川右岸まちかどスポーツ広場","address":"海神町南1-1577-1","source":"国土交通省 国土数値情報"},"geometry":{"type":"Point","coordinates":[139.972418,35.698709]}},{"type":"Feature","properties":{"layer_id":"cultural_facilities","name":"船橋市運動公園体育館トレーニング室","address":"夏見台6-4-1","source":"国土交通省 国土数値情報"},"geometry":{"type":"Point","coordinates":[139.995711,35.727958]}},{"type":"Feature","properties":{"layer_id":"cultural_facilities","name":"大穴運動広場","address":"大穴南4-674-1","source":"国土交通省 国土数値情報"},"geometry":{"type":"Point","coordinates":[140.036607,35.738571]}},{"type":"Feature","properties":{"layer_id":"cultural_facilities","name":"船橋市運動公園自由運動広場","address":"夏見台6-4-1","source":"国土交通省 国土数値情報"},"geometry":{"type":"Point","coordinates":[139.997173,35.732405]}},{"type":"Feature","properties":{"layer_id":"cultural_facilities","name":"月見台まちかどスポーツ広場","address":"飯山満町3-1892-12","source":"国土交通省 国土数値情報"},"geometry":{"type":"Point","coordinates":[140.035065,35.719331]}},{"type":"Feature","properties":{"layer_id":"cultural_facilities","name":"飯山満まちかどスポーツ広場","address":"飯山満町3-112-3","source":"国土交通省 国土数値情報"},"geometry":{"type":"Point","coordinates":[140.035935,35.715561]}},{"type":"Feature","properties":{"layer_id":"cultural_facilities","name":"船橋市飛ノ台史跡公園博物館","address":"海神4-27-2","source":"国土交通省 国土数値情報"},"geometry":{"type":"Point","coordinates":[139.97462,35.710748]}},{"type":"Feature","properties":{"layer_id":"cultural_facilities","name":"船橋市運動公園陸上競技場","address":"夏見台6-4-1","source":"国土交通省 国土数値情報"},"geometry":{"type":"Point","coordinates":[139.996626,35.730625]}},{"type":"Feature","properties":{"layer_id":"cultural_facilities","name":"船橋市東図書館","address":"習志野台5-1-1","source":"国土交通省 国土数値情報"},"geometry":{"type":"Point","coordinates":[140.050547,35.718709]}},{"type":"Feature","properties":{"layer_id":"cultural_facilities","name":"古和釜運動広場","address":"古和釜町787-1","source":"国土交通省 国土数値情報"},"geometry":{"type":"Point","coordinates":[140.051383,35.741775]}},{"type":"Feature","properties":{"layer_id":"cultural_facilities","name":"船橋市中央図書館","address":"本町4-38-28","source":"国土交通省 国土数値情報"},"geometry":{"type":"Point","coordinates":[139.987591,35.698356]}},{"type":"Feature","properties":{"layer_id":"cultural_facilities","name":"夏見台まちかどスポーツ広場","address":"夏見台5-97","source":"国土交通省 国土数値情報"},"geometry":{"type":"Point","coordinates":[139.99208,35.725531]}},{"type":"Feature","properties":{"layer_id":"cultural_facilities","name":"船橋市運動公園自由運動広場","address":"夏見台6-4-1","source":"国土交通省 国土数値情報"},"geometry":{"type":"Point","coordinates":[139.997185,35.732511]}},{"type":"Feature","properties":{"layer_id":"cultural_facilities","name":"船橋市運動公園弓道場","address":"夏見台6-4-1","source":"国土交通省 国土数値情報"},"geometry":{"type":"Point","coordinates":[139.997088,35.729512]}},{"type":"Feature","properties":{"layer_id":"cultural_facilities","name":"船橋市運動公園内ジョギングコース","address":"夏見台6-4-1","source":"国土交通省 国土数値情報"},"geometry":{"type":"Point","coordinates":[139.995574,35.730987]}},{"type":"Feature","properties":{"layer_id":"cultural_facilities","name":"法典公園球技場","address":"藤原5-9-10","source":"国土交通省 国土数値情報"},"geometry":{"type":"Point","coordinates":[139.978844,35.742039]}},{"type":"Feature","properties":{"layer_id":"cultural_facilities","name":"夏見台近隣公園多目的広場","address":"夏見台2-80","source":"国土交通省 国土数値情報"},"geometry":{"type":"Point","coordinates":[139.995132,35.720301]}},{"type":"Feature","properties":{"layer_id":"cultural_facilities","name":"北習志野近隣公園庭球場","address":"習志野台3-4","source":"国土交通省 国土数値情報"},"geometry":{"type":"Point","coordinates":[140.04792,35.722183]}},{"type":"Feature","properties":{"layer_id":"cultural_facilities","name":"船橋市運動公園自由運動広場","address":"夏見台6-4-1","source":"国土交通省 国土数値情報"},"geometry":{"type":"Point","coordinates":[139.997185,35.732627]}},{"type":"Feature","properties":{"layer_id":"cultural_facilities","name":"夏見台東公園まちかどスポーツ広場","address":"夏見4-822-2","source":"国土交通省 国土数値情報"},"geometry":{"type":"Point","coordinates":[139.992899,35.712664]}},{"type":"Feature","properties":{"layer_id":"cultural_facilities","name":"大穴南まちかどスポーツ広場","address":"大穴南3-705","source":"国土交通省 国土数値情報"},"geometry":{"type":"Point","coordinates":[140.037622,35.739641]}},{"type":"Feature","properties":{"layer_id":"cultural_facilities","name":"船橋市運動公園野球場","address":"夏見台6-4-1","source":"国土交通省 国土数値情報"},"geometry":{"type":"Point","coordinates":[139.995147,35.730013]}},{"type":"Feature","properties":{"layer_id":"parks_playgrounds","name":"馬込町２号緑地","address":"船橋市","source":"国土交通省 国土数値情報"},"geometry":{"type":"Point","coordinates":[140.002102,35.735301]}},{"type":"Feature","properties":{"layer_id":"parks_playgrounds","name":"浜竹公園","address":"船橋市","source":"国土交通省 国土数値情報"},"geometry":{"type":"Point","coordinates":[139.998129,35.695175]}},{"type":"Feature","properties":{"layer_id":"parks_playgrounds","name":"東船橋第１号公園","address":"船橋市","source":"国土交通省 国土数値情報"},"geometry":{"type":"Point","coordinates":[140.009786,35.703068]}},{"type":"Feature","properties":{"layer_id":"parks_playgrounds","name":"長津川緑地","address":"船橋市","source":"国土交通省 国土数値情報"},"geometry":{"type":"Point","coordinates":[139.989517,35.720859]}},{"type":"Feature","properties":{"layer_id":"parks_playgrounds","name":"西習志野夕日が丘公園","address":"船橋市","source":"国土交通省 国土数値情報"},"geometry":{"type":"Point","coordinates":[140.042386,35.71989]}},{"type":"Feature","properties":{"layer_id":"parks_playgrounds","name":"はまかぜ公園","address":"船橋市","source":"国土交通省 国土数値情報"},"geometry":{"type":"Point","coordinates":[139.989454,35.689341]}},{"type":"Feature","properties":{"layer_id":"parks_playgrounds","name":"海神公園","address":"船橋市","source":"国土交通省 国土数値情報"},"geometry":{"type":"Point","coordinates":[139.974612,35.697405]}},{"type":"Feature","properties":{"layer_id":"parks_playgrounds","name":"馬込町４号公園","address":"船橋市","source":"国土交通省 国土数値情報"},"geometry":{"type":"Point","coordinates":[140.001698,35.734049]}},{"type":"Feature","properties":{"layer_id":"parks_playgrounds","name":"習志野台つつじ公園","address":"船橋市","source":"国土交通省 国土数値情報"},"geometry":{"type":"Point","coordinates":[140.046569,35.718754]}},{"type":"Feature","properties":{"layer_id":"parks_playgrounds","name":"馬込町３号緑地","address":"船橋市","source":"国土交通省 国土数値情報"},"geometry":{"type":"Point","coordinates":[140.003282,35.734417]}},{"type":"Feature","properties":{"layer_id":"parks_playgrounds","name":"高根木戸近隣公園","address":"船橋市","source":"国土交通省 国土数値情報"},"geometry":{"type":"Point","coordinates":[140.043443,35.729833]}},{"type":"Feature","properties":{"layer_id":"parks_playgrounds","name":"前貝塚北公園","address":"船橋市","source":"国土交通省 国土数値情報"},"geometry":{"type":"Point","coordinates":[139.984191,35.730017]}},{"type":"Feature","properties":{"layer_id":"parks_playgrounds","name":"海神町南公園","address":"船橋市","source":"国土交通省 国土数値情報"},"geometry":{"type":"Point","coordinates":[139.971204,35.700486]}},{"type":"Feature","properties":{"layer_id":"parks_playgrounds","name":"飯山満緑地公園","address":"船橋市","source":"国土交通省 国土数値情報"},"geometry":{"type":"Point","coordinates":[140.023633,35.710414]}},{"type":"Feature","properties":{"layer_id":"parks_playgrounds","name":"旭町５丁目緑地","address":"船橋市","source":"国土交通省 国土数値情報"},"geometry":{"type":"Point","coordinates":[139.990369,35.726489]}},{"type":"Feature","properties":{"layer_id":"parks_playgrounds","name":"飯山満町３丁目公園","address":"船橋市","source":"国土交通省 国土数値情報"},"geometry":{"type":"Point","coordinates":[140.031781,35.717276]}},{"type":"Feature","properties":{"layer_id":"parks_playgrounds","name":"夏見台ガーデンパーク公園","address":"船橋市","source":"国土交通省 国土数値情報"},"geometry":{"type":"Point","coordinates":[139.991772,35.717677]}},{"type":"Feature","properties":{"layer_id":"parks_playgrounds","name":"飯山満町城之下緑地","address":"船橋市","source":"国土交通省 国土数値情報"},"geometry":{"type":"Point","coordinates":[140.029815,35.715718]}},{"type":"Feature","properties":{"layer_id":"parks_playgrounds","name":"前貝塚かるがも公園","address":"船橋市","source":"国土交通省 国土数値情報"},"geometry":{"type":"Point","coordinates":[139.981538,35.727943]}},{"type":"Feature","properties":{"layer_id":"parks_playgrounds","name":"東船橋第２号公園","address":"船橋市","source":"国土交通省 国土数値情報"},"geometry":{"type":"Point","coordinates":[140.009306,35.702599]}},{"type":"Feature","properties":{"layer_id":"parks_playgrounds","name":"みなと公園","address":"船橋市","source":"国土交通省 国土数値情報"},"geometry":{"type":"Point","coordinates":[139.987641,35.691819]}},{"type":"Feature","properties":{"layer_id":"parks_playgrounds","name":"古和釜南公園","address":"船橋市","source":"国土交通省 国土数値情報"},"geometry":{"type":"Point","coordinates":[140.054133,35.737885]}},{"type":"Feature","properties":{"layer_id":"parks_playgrounds","name":"千葉県立行田公園","address":"船橋市","source":"国土交通省 国土数値情報"},"geometry":{"type":"Point","coordinates":[139.971998,35.719789]}},{"type":"Feature","properties":{"layer_id":"parks_playgrounds","name":"池の端公園","address":"船橋市","source":"国土交通省 国土数値情報"},"geometry":{"type":"Point","coordinates":[140.001898,35.69889]}},{"type":"Feature","properties":{"layer_id":"parks_playgrounds","name":"旭町緑地","address":"船橋市","source":"国土交通省 国土数値情報"},"geometry":{"type":"Point","coordinates":[139.989137,35.737401]}},{"type":"Feature","properties":{"layer_id":"parks_playgrounds","name":"西習志野第２号公園","address":"船橋市","source":"国土交通省 国土数値情報"},"geometry":{"type":"Point","coordinates":[140.038853,35.719207]}},{"type":"Feature","properties":{"layer_id":"parks_playgrounds","name":"前貝塚南公園","address":"船橋市","source":"国土交通省 国土数値情報"},"geometry":{"type":"Point","coordinates":[139.983975,35.725842]}},{"type":"Feature","properties":{"layer_id":"parks_playgrounds","name":"北台次公園","address":"船橋市","source":"国土交通省 国土数値情報"},"geometry":{"type":"Point","coordinates":[139.982889,35.716995]}},{"type":"Feature","properties":{"layer_id":"parks_playgrounds","name":"大穴南公園","address":"船橋市","source":"国土交通省 国土数値情報"},"geometry":{"type":"Point","coordinates":[140.035124,35.737056]}},{"type":"Feature","properties":{"layer_id":"parks_playgrounds","name":"飯山満南公園","address":"船橋市","source":"国土交通省 国土数値情報"},"geometry":{"type":"Point","coordinates":[140.025343,35.704657]}},{"type":"Feature","properties":{"layer_id":"parks_playgrounds","name":"大穴北３丁目緑地","address":"船橋市","source":"国土交通省 国土数値情報"},"geometry":{"type":"Point","coordinates":[140.044067,35.750574]}},{"type":"Feature","properties":{"layer_id":"parks_playgrounds","name":"高根木戸第３号公園","address":"船橋市","source":"国土交通省 国土数値情報"},"geometry":{"type":"Point","coordinates":[140.036287,35.733571]}},{"type":"Feature","properties":{"layer_id":"parks_playgrounds","name":"前原西４丁目２号緑地","address":"船橋市","source":"国土交通省 国土数値情報"},"geometry":{"type":"Point","coordinates":[140.016453,35.699221]}},{"type":"Feature","properties":{"layer_id":"parks_playgrounds","name":"北習志野第５号公園","address":"船橋市","source":"国土交通省 国土数値情報"},"geometry":{"type":"Point","coordinates":[140.04407,35.72382]}},{"type":"Feature","properties":{"layer_id":"parks_playgrounds","name":"中野木１号緑地","address":"船橋市","source":"国土交通省 国土数値情報"},"geometry":{"type":"Point","coordinates":[140.015776,35.705255]}},{"type":"Feature","properties":{"layer_id":"parks_playgrounds","name":"豆ヶ台第二公園","address":"鎌ケ谷市","source":"国土交通省 国土数値情報"},"geometry":{"type":"Point","coordinates":[140.008426,35.743532]}},{"type":"Feature","properties":{"layer_id":"parks_playgrounds","name":"松が丘緑地","address":"船橋市","source":"国土交通省 国土数値情報"},"geometry":{"type":"Point","coordinates":[140.04756,35.740908]}},{"type":"Feature","properties":{"layer_id":"parks_playgrounds","name":"旭町５丁目公園","address":"船橋市","source":"国土交通省 国土数値情報"},"geometry":{"type":"Point","coordinates":[139.990476,35.725366]}},{"type":"Feature","properties":{"layer_id":"parks_playgrounds","name":"高根木戸第４号公園","address":"船橋市","source":"国土交通省 国土数値情報"},"geometry":{"type":"Point","coordinates":[140.04238,35.732784]}},{"type":"Feature","properties":{"layer_id":"parks_playgrounds","name":"あさひ公園","address":"船橋市","source":"国土交通省 国土数値情報"},"geometry":{"type":"Point","coordinates":[139.986595,35.724017]}},{"type":"Feature","properties":{"layer_id":"parks_playgrounds","name":"新高根５丁目公園","address":"船橋市","source":"国土交通省 国土数値情報"},"geometry":{"type":"Point","coordinates":[140.028528,35.72924]}},{"type":"Feature","properties":{"layer_id":"parks_playgrounds","name":"金杉公園","address":"船橋市","source":"国土交通省 国土数値情報"},"geometry":{"type":"Point","coordinates":[140.019131,35.731392]}},{"type":"Feature","properties":{"layer_id":"parks_playgrounds","name":"浜町公園","address":"船橋市","source":"国土交通省 国土数値情報"},"geometry":{"type":"Point","coordinates":[139.994435,35.688998]}},{"type":"Feature","properties":{"layer_id":"parks_playgrounds","name":"大穴南３丁目緑地","address":"船橋市","source":"国土交通省 国土数値情報"},"geometry":{"type":"Point","coordinates":[140.041722,35.739152]}},{"type":"Feature","properties":{"layer_id":"parks_playgrounds","name":"飯山満町３丁目緑地","address":"船橋市","source":"国土交通省 国土数値情報"},"geometry":{"type":"Point","coordinates":[140.036359,35.718079]}},{"type":"Feature","properties":{"layer_id":"parks_playgrounds","name":"大穴第３号公園","address":"船橋市","source":"国土交通省 国土数値情報"},"geometry":{"type":"Point","coordinates":[140.041759,35.750843]}},{"type":"Feature","properties":{"layer_id":"parks_playgrounds","name":"二和東２丁目ウォーターワイズ公園","address":"船橋市","source":"国土交通省 国土数値情報"},"geometry":{"type":"Point","coordinates":[140.023196,35.744316]}},{"type":"Feature","properties":{"layer_id":"parks_playgrounds","name":"上山町３号緑地","address":"船橋市","source":"国土交通省 国土数値情報"},"geometry":{"type":"Point","coordinates":[139.969559,35.725964]}},{"type":"Feature","properties":{"layer_id":"parks_playgrounds","name":"金杉台公園","address":"船橋市","source":"国土交通省 国土数値情報"},"geometry":{"type":"Point","coordinates":[140.011107,35.734765]}},{"type":"Feature","properties":{"layer_id":"parks_playgrounds","name":"前貝塚しらさぎ公園","address":"船橋市","source":"国土交通省 国土数値情報"},"geometry":{"type":"Point","coordinates":[139.979403,35.7241]}},{"type":"Feature","properties":{"layer_id":"parks_playgrounds","name":"北本町公園","address":"船橋市","source":"国土交通省 国土数値情報"},"geometry":{"type":"Point","coordinates":[139.984317,35.715344]}},{"type":"Feature","properties":{"layer_id":"parks_playgrounds","name":"飯山満南緑地","address":"船橋市","source":"国土交通省 国土数値情報"},"geometry":{"type":"Point","coordinates":[140.025166,35.704435]}},{"type":"Feature","properties":{"layer_id":"parks_playgrounds","name":"北本町２丁目公園","address":"船橋市","source":"国土交通省 国土数値情報"},"geometry":{"type":"Point","coordinates":[139.981018,35.718399]}},{"type":"Feature","properties":{"layer_id":"parks_playgrounds","name":"中野木川公園","address":"船橋市","source":"国土交通省 国土数値情報"},"geometry":{"type":"Point","coordinates":[140.017289,35.699706]}},{"type":"Feature","properties":{"layer_id":"parks_playgrounds","name":"西習志野夕映公園","address":"船橋市","source":"国土交通省 国土数値情報"},"geometry":{"type":"Point","coordinates":[140.037117,35.721317]}},{"type":"Feature","properties":{"layer_id":"parks_playgrounds","name":"駿河台２丁目公園","address":"船橋市","source":"国土交通省 国土数値情報"},"geometry":{"type":"Point","coordinates":[140.013784,35.705816]}},{"type":"Feature","properties":{"layer_id":"parks_playgrounds","name":"北習志野第２号公園","address":"船橋市","source":"国土交通省 国土数値情報"},"geometry":{"type":"Point","coordinates":[140.041417,35.726454]}},{"type":"Feature","properties":{"layer_id":"parks_playgrounds","name":"習志野台５丁目公園","address":"船橋市","source":"国土交通省 国土数値情報"},"geometry":{"type":"Point","coordinates":[140.054722,35.717281]}},{"type":"Feature","properties":{"layer_id":"parks_playgrounds","name":"習志野台１丁目公園","address":"船橋市","source":"国土交通省 国土数値情報"},"geometry":{"type":"Point","coordinates":[140.039236,35.724293]}},{"type":"Feature","properties":{"layer_id":"parks_playgrounds","name":"公論坊公園","address":"船橋市","source":"国土交通省 国土数値情報"},"geometry":{"type":"Point","coordinates":[139.983158,35.715577]}},{"type":"Feature","properties":{"layer_id":"parks_playgrounds","name":"金杉緑地","address":"船橋市","source":"国土交通省 国土数値情報"},"geometry":{"type":"Point","coordinates":[140.009055,35.732546]}},{"type":"Feature","properties":{"layer_id":"parks_playgrounds","name":"夏見台北公園","address":"船橋市","source":"国土交通省 国土数値情報"},"geometry":{"type":"Point","coordinates":[139.990245,35.71523]}},{"type":"Feature","properties":{"layer_id":"parks_playgrounds","name":"高根木戸第１号公園","address":"船橋市","source":"国土交通省 国土数値情報"},"geometry":{"type":"Point","coordinates":[140.039492,35.730813]}},{"type":"Feature","properties":{"layer_id":"parks_playgrounds","name":"飯山満公園","address":"船橋市","source":"国土交通省 国土数値情報"},"geometry":{"type":"Point","coordinates":[140.021374,35.707812]}},{"type":"Feature","properties":{"layer_id":"parks_playgrounds","name":"飯山満くすの木公園","address":"船橋市","source":"国土交通省 国土数値情報"},"geometry":{"type":"Point","coordinates":[140.029554,35.716624]}},{"type":"Feature","properties":{"layer_id":"parks_playgrounds","name":"大穴南３丁目２号","address":"船橋市","source":"国土交通省 国土数値情報"},"geometry":{"type":"Point","coordinates":[140.037868,35.739571]}},{"type":"Feature","properties":{"layer_id":"parks_playgrounds","name":"中野木緑地","address":"船橋市","source":"国土交通省 国土数値情報"},"geometry":{"type":"Point","coordinates":[140.018887,35.703807]}},{"type":"Feature","properties":{"layer_id":"parks_playgrounds","name":"札場公園","address":"船橋市","source":"国土交通省 国土数値情報"},"geometry":{"type":"Point","coordinates":[140.010055,35.696375]}},{"type":"Feature","properties":{"layer_id":"parks_playgrounds","name":"湊町２丁目公園","address":"船橋市","source":"国土交通省 国土数値情報"},"geometry":{"type":"Point","coordinates":[139.981815,35.694958]}},{"type":"Feature","properties":{"layer_id":"parks_playgrounds","name":"山手みどり公園","address":"船橋市","source":"国土交通省 国土数値情報"},"geometry":{"type":"Point","coordinates":[139.975077,35.71576]}},{"type":"Feature","properties":{"layer_id":"parks_playgrounds","name":"白梅公園","address":"船橋市","source":"国土交通省 国土数値情報"},"geometry":{"type":"Point","coordinates":[139.970068,35.707373]}},{"type":"Feature","properties":{"layer_id":"parks_playgrounds","name":"旭町１丁目緑地","address":"船橋市","source":"国土交通省 国土数値情報"},"geometry":{"type":"Point","coordinates":[139.985235,35.727548]}},{"type":"Feature","properties":{"layer_id":"parks_playgrounds","name":"芝山西公園","address":"船橋市","source":"国土交通省 国土数値情報"},"geometry":{"type":"Point","coordinates":[140.014311,35.71388]}},{"type":"Feature","properties":{"layer_id":"parks_playgrounds","name":"夏見町１丁目公園","address":"船橋市","source":"国土交通省 国土数値情報"},"geometry":{"type":"Point","coordinates":[139.992752,35.721902]}},{"type":"Feature","properties":{"layer_id":"parks_playgrounds","name":"駿河台１丁目公園","address":"船橋市","source":"国土交通省 国土数値情報"},"geometry":{"type":"Point","coordinates":[140.007052,35.703935]}},{"type":"Feature","properties":{"layer_id":"parks_playgrounds","name":"高根台さくら公園","address":"船橋市","source":"国土交通省 国土数値情報"},"geometry":{"type":"Point","coordinates":[140.038725,35.735265]}},{"type":"Feature","properties":{"layer_id":"parks_playgrounds","name":"夏見台近隣公園","address":"船橋市","source":"国土交通省 国土数値情報"},"geometry":{"type":"Point","coordinates":[139.995236,35.720007]}},{"type":"Feature","properties":{"layer_id":"parks_playgrounds","name":"行田１丁目公園","address":"船橋市","source":"国土交通省 国土数値情報"},"geometry":{"type":"Point","coordinates":[139.978564,35.720984]}},{"type":"Feature","properties":{"layer_id":"parks_playgrounds","name":"飯山満町２丁目緑地","address":"船橋市","source":"国土交通省 国土数値情報"},"geometry":{"type":"Point","coordinates":[140.019224,35.712317]}},{"type":"Feature","properties":{"layer_id":"parks_playgrounds","name":"新高根１丁目公園","address":"船橋市","source":"国土交通省 国土数値情報"},"geometry":{"type":"Point","coordinates":[140.020357,35.723817]}},{"type":"Feature","properties":{"layer_id":"parks_playgrounds","name":"習志野台緑地","address":"船橋市","source":"国土交通省 国土数値情報"},"geometry":{"type":"Point","coordinates":[140.043953,35.71874]}},{"type":"Feature","properties":{"layer_id":"parks_playgrounds","name":"二宮公園","address":"船橋市","source":"国土交通省 国土数値情報"},"geometry":{"type":"Point","coordinates":[140.028345,35.708055]}},{"type":"Feature","properties":{"layer_id":"parks_playgrounds","name":"御滝公園","address":"船橋市","source":"国土交通省 国土数値情報"},"geometry":{"type":"Point","coordinates":[140.018643,35.739551]}},{"type":"Feature","properties":{"layer_id":"parks_playgrounds","name":"金杉西公園","address":"船橋市","source":"国土交通省 国土数値情報"},"geometry":{"type":"Point","coordinates":[140.015277,35.737959]}},{"type":"Feature","properties":{"layer_id":"parks_playgrounds","name":"南本町緑地","address":"船橋市","source":"国土交通省 国土数値情報"},"geometry":{"type":"Point","coordinates":[139.97858,35.696224]}},{"type":"Feature","properties":{"layer_id":"parks_playgrounds","name":"海神片町公園","address":"船橋市","source":"国土交通省 国土数値情報"},"geometry":{"type":"Point","coordinates":[139.977319,35.700407]}},{"type":"Feature","properties":{"layer_id":"parks_playgrounds","name":"樫の木公園","address":"船橋市","source":"国土交通省 国土数値情報"},"geometry":{"type":"Point","coordinates":[140.03871,35.710424]}},{"type":"Feature","properties":{"layer_id":"parks_playgrounds","name":"新高根６丁目","address":"船橋市","source":"国土交通省 国土数値情報"},"geometry":{"type":"Point","coordinates":[140.025645,35.725836]}},{"type":"Feature","properties":{"layer_id":"parks_playgrounds","name":"海神南浜公園","address":"船橋市","source":"国土交通省 国土数値情報"},"geometry":{"type":"Point","coordinates":[139.971283,35.698589]}},{"type":"Feature","properties":{"layer_id":"parks_playgrounds","name":"西習志野第１号公園","address":"船橋市","source":"国土交通省 国土数値情報"},"geometry":{"type":"Point","coordinates":[140.035954,35.719726]}},{"type":"Feature","properties":{"layer_id":"parks_playgrounds","name":"みなと中央公園","address":"船橋市","source":"国土交通省 国土数値情報"},"geometry":{"type":"Point","coordinates":[139.986709,35.69366]}},{"type":"Feature","properties":{"layer_id":"parks_playgrounds","name":"本町北公園","address":"船橋市","source":"国土交通省 国土数値情報"},"geometry":{"type":"Point","coordinates":[139.988361,35.704348]}},{"type":"Feature","properties":{"layer_id":"parks_playgrounds","name":"大穴第２号公園","address":"船橋市","source":"国土交通省 国土数値情報"},"geometry":{"type":"Point","coordinates":[140.04062,35.749896]}},{"type":"Feature","properties":{"layer_id":"parks_playgrounds","name":"北習志野第８号公園","address":"船橋市","source":"国土交通省 国土数値情報"},"geometry":{"type":"Point","coordinates":[140.05234,35.71712]}},{"type":"Feature","properties":{"layer_id":"parks_playgrounds","name":"松が丘公園","address":"船橋市","source":"国土交通省 国土数値情報"},"geometry":{"type":"Point","coordinates":[140.046217,35.738804]}},{"type":"Feature","properties":{"layer_id":"parks_playgrounds","name":"海神山緑地","address":"船橋市","source":"国土交通省 国土数値情報"},"geometry":{"type":"Point","coordinates":[139.97712,35.707023]}},{"type":"Feature","properties":{"layer_id":"parks_playgrounds","name":"金杉１号緑地","address":"船橋市","source":"国土交通省 国土数値情報"},"geometry":{"type":"Point","coordinates":[140.014948,35.73068]}},{"type":"Feature","properties":{"layer_id":"parks_playgrounds","name":"松が丘４丁目公園","address":"船橋市","source":"国土交通省 国土数値情報"},"geometry":{"type":"Point","coordinates":[140.049441,35.73195]}},{"type":"Feature","properties":{"layer_id":"parks_playgrounds","name":"藤原南公園","address":"船橋市","source":"国土交通省 国土数値情報"},"geometry":{"type":"Point","coordinates":[139.97809,35.735693]}},{"type":"Feature","properties":{"layer_id":"parks_playgrounds","name":"海神５丁目緑地","address":"船橋市","source":"国土交通省 国土数値情報"},"geometry":{"type":"Point","coordinates":[139.969062,35.709479]}},{"type":"Feature","properties":{"layer_id":"parks_playgrounds","name":"上山町３丁目緑地","address":"船橋市","source":"国土交通省 国土数値情報"},"geometry":{"type":"Point","coordinates":[139.984702,35.735118]}},{"type":"Feature","properties":{"layer_id":"parks_playgrounds","name":"海神東公園","address":"船橋市","source":"国土交通省 国土数値情報"},"geometry":{"type":"Point","coordinates":[139.97559,35.705385]}},{"type":"Feature","properties":{"layer_id":"parks_playgrounds","name":"法典公園","address":"船橋市","source":"国土交通省 国土数値情報"},"geometry":{"type":"Point","coordinates":[139.978671,35.742025]}},{"type":"Feature","properties":{"layer_id":"parks_playgrounds","name":"日の出","address":"船橋市","source":"国土交通省 国土数値情報"},"geometry":{"type":"Point","coordinates":[139.97844,35.68838]}},{"type":"Feature","properties":{"layer_id":"parks_playgrounds","name":"古和釜公園","address":"船橋市","source":"国土交通省 国土数値情報"},"geometry":{"type":"Point","coordinates":[140.05083,35.740404]}},{"type":"Feature","properties":{"layer_id":"parks_playgrounds","name":"東夏見公園","address":"船橋市","source":"国土交通省 国土数値情報"},"geometry":{"type":"Point","coordinates":[139.997201,35.713972]}},{"type":"Feature","properties":{"layer_id":"parks_playgrounds","name":"北習志野第４号公園","address":"船橋市","source":"国土交通省 国土数値情報"},"geometry":{"type":"Point","coordinates":[140.049156,35.728036]}},{"type":"Feature","properties":{"layer_id":"parks_playgrounds","name":"上山町１丁目公園","address":"船橋市","source":"国土交通省 国土数値情報"},"geometry":{"type":"Point","coordinates":[139.973179,35.730863]}},{"type":"Feature","properties":{"layer_id":"parks_playgrounds","name":"飯山満つばき公園","address":"船橋市","source":"国土交通省 国土数値情報"},"geometry":{"type":"Point","coordinates":[140.018639,35.706349]}},{"type":"Feature","properties":{"layer_id":"parks_playgrounds","name":"松が丘４丁目みどり公園","address":"船橋市","source":"国土交通省 国土数値情報"},"geometry":{"type":"Point","coordinates":[140.046817,35.732412]}},{"type":"Feature","properties":{"layer_id":"parks_playgrounds","name":"坪井町４号緑地","address":"船橋市","source":"国土交通省 国土数値情報"},"geometry":{"type":"Point","coordinates":[140.057181,35.729304]}},{"type":"Feature","properties":{"layer_id":"parks_playgrounds","name":"本町４丁目公園","address":"船橋市","source":"国土交通省 国土数値情報"},"geometry":{"type":"Point","coordinates":[139.987734,35.699346]}},{"type":"Feature","properties":{"layer_id":"parks_playgrounds","name":"松が丘１丁目公園","address":"船橋市","source":"国土交通省 国土数値情報"},"geometry":{"type":"Point","coordinates":[140.045089,35.736398]}},{"type":"Feature","properties":{"layer_id":"parks_playgrounds","name":"芝山５丁目緑地","address":"船橋市","source":"国土交通省 国土数値情報"},"geometry":{"type":"Point","coordinates":[140.024768,35.719812]}},{"type":"Feature","properties":{"layer_id":"parks_playgrounds","name":"北習志野第１号公園","address":"船橋市","source":"国土交通省 国土数値情報"},"geometry":{"type":"Point","coordinates":[140.040226,35.727939]}},{"type":"Feature","properties":{"layer_id":"parks_playgrounds","name":"芝山中央公園","address":"船橋市","source":"国土交通省 国土数値情報"},"geometry":{"type":"Point","coordinates":[140.022078,35.720505]}},{"type":"Feature","properties":{"layer_id":"parks_playgrounds","name":"北習志野第３号公園","address":"船橋市","source":"国土交通省 国土数値情報"},"geometry":{"type":"Point","coordinates":[140.04517,35.7272]}},{"type":"Feature","properties":{"layer_id":"parks_playgrounds","name":"馬込町１号公園","address":"船橋市","source":"国土交通省 国土数値情報"},"geometry":{"type":"Point","coordinates":[140.002613,35.74027]}},{"type":"Feature","properties":{"layer_id":"parks_playgrounds","name":"夏見６丁目公園","address":"船橋市","source":"国土交通省 国土数値情報"},"geometry":{"type":"Point","coordinates":[139.993139,35.715539]}},{"type":"Feature","properties":{"layer_id":"parks_playgrounds","name":"夏見公園","address":"船橋市","source":"国土交通省 国土数値情報"},"geometry":{"type":"Point","coordinates":[139.99573,35.725143]}},{"type":"Feature","properties":{"layer_id":"parks_playgrounds","name":"三咲川緑地","address":"船橋市","source":"国土交通省 国土数値情報"},"geometry":{"type":"Point","coordinates":[140.04244,35.751038]}},{"type":"Feature","properties":{"layer_id":"parks_playgrounds","name":"三咲５丁目公園","address":"船橋市","source":"国土交通省 国土数値情報"},"geometry":{"type":"Point","coordinates":[140.03016,35.747408]}},{"type":"Feature","properties":{"layer_id":"parks_playgrounds","name":"宮本台北公園","address":"船橋市","source":"国土交通省 国土数値情報"},"geometry":{"type":"Point","coordinates":[140.007395,35.701715]}},{"type":"Feature","properties":{"layer_id":"parks_playgrounds","name":"市場公園","address":"船橋市","source":"国土交通省 国土数値情報"},"geometry":{"type":"Point","coordinates":[139.996791,35.702476]}},{"type":"Feature","properties":{"layer_id":"parks_playgrounds","name":"海神町２丁目公園","address":"船橋市","source":"国土交通省 国土数値情報"},"geometry":{"type":"Point","coordinates":[139.973499,35.700666]}},{"type":"Feature","properties":{"layer_id":"parks_playgrounds","name":"アルビス前原中央公園","address":"船橋市","source":"国土交通省 国土数値情報"},"geometry":{"type":"Point","coordinates":[140.021696,35.702521]}},{"type":"Feature","properties":{"layer_id":"parks_playgrounds","name":"坪井の森緑地","address":"船橋市","source":"国土交通省 国土数値情報"},"geometry":{"type":"Point","coordinates":[140.055777,35.729512]}},{"type":"Feature","properties":{"layer_id":"parks_playgrounds","name":"高根木戸第２号公園","address":"船橋市","source":"国土交通省 国土数値情報"},"geometry":{"type":"Point","coordinates":[140.03741,35.73128]}},{"type":"Feature","properties":{"layer_id":"parks_playgrounds","name":"高根台７丁目公園","address":"船橋市","source":"国土交通省 国土数値情報"},"geometry":{"type":"Point","coordinates":[140.033573,35.727296]}},{"type":"Feature","properties":{"layer_id":"parks_playgrounds","name":"大穴第１号公園","address":"船橋市","source":"国土交通省 国土数値情報"},"geometry":{"type":"Point","coordinates":[140.032715,35.743367]}},{"type":"Feature","properties":{"layer_id":"parks_playgrounds","name":"三咲旭台公園","address":"船橋市","source":"国土交通省 国土数値情報"},"geometry":{"type":"Point","coordinates":[140.037376,35.744561]}},{"type":"Feature","properties":{"layer_id":"parks_playgrounds","name":"北本町２丁目２号公園","address":"船橋市","source":"国土交通省 国土数値情報"},"geometry":{"type":"Point","coordinates":[139.981091,35.718569]}},{"type":"Feature","properties":{"layer_id":"parks_playgrounds","name":"海神３丁目公園","address":"船橋市","source":"国土交通省 国土数値情報"},"geometry":{"type":"Point","coordinates":[139.979219,35.709948]}},{"type":"Feature","properties":{"layer_id":"parks_playgrounds","name":"習志野台つばき公園","address":"船橋市","source":"国土交通省 国土数値情報"},"geometry":{"type":"Point","coordinates":[140.037279,35.727209]}},{"type":"Feature","properties":{"layer_id":"parks_playgrounds","name":"芝山つばき公園","address":"船橋市","source":"国土交通省 国土数値情報"},"geometry":{"type":"Point","coordinates":[140.020816,35.719961]}},{"type":"Feature","properties":{"layer_id":"parks_playgrounds","name":"西高根公園","address":"船橋市","source":"国土交通省 国土数値情報"},"geometry":{"type":"Point","coordinates":[140.024272,35.729095]}},{"type":"Feature","properties":{"layer_id":"parks_playgrounds","name":"馬込町３号公園","address":"船橋市","source":"国土交通省 国土数値情報"},"geometry":{"type":"Point","coordinates":[140.00278,35.734726]}},{"type":"Feature","properties":{"layer_id":"parks_playgrounds","name":"馬込沢公園","address":"船橋市","source":"国土交通省 国土数値情報"},"geometry":{"type":"Point","coordinates":[139.991271,35.742027]}},{"type":"Feature","properties":{"layer_id":"parks_playgrounds","name":"夏見３丁目公園","address":"船橋市","source":"国土交通省 国土数値情報"},"geometry":{"type":"Point","coordinates":[139.987634,35.718639]}},{"type":"Feature","properties":{"layer_id":"parks_playgrounds","name":"宮本台緑地","address":"船橋市","source":"国土交通省 国土数値情報"},"geometry":{"type":"Point","coordinates":[140.00758,35.702726]}},{"type":"Feature","properties":{"layer_id":"parks_playgrounds","name":"行田町緑地","address":"船橋市","source":"国土交通省 国土数値情報"},"geometry":{"type":"Point","coordinates":[139.969567,35.723348]}},{"type":"Feature","properties":{"layer_id":"parks_playgrounds","name":"緑台中央公園","address":"船橋市","source":"国土交通省 国土数値情報"},"geometry":{"type":"Point","coordinates":[140.01619,35.72905]}},{"type":"Feature","properties":{"layer_id":"parks_playgrounds","name":"夏見緑地","address":"船橋市","source":"国土交通省 国土数値情報"},"geometry":{"type":"Point","coordinates":[139.995866,35.720677]}},{"type":"Feature","properties":{"layer_id":"parks_playgrounds","name":"海神１号緑地","address":"船橋市","source":"国土交通省 国土数値情報"},"geometry":{"type":"Point","coordinates":[139.976405,35.708143]}},{"type":"Feature","properties":{"layer_id":"parks_playgrounds","name":"三咲公園","address":"船橋市","source":"国土交通省 国土数値情報"},"geometry":{"type":"Point","coordinates":[140.029143,35.739736]}},{"type":"Feature","properties":{"layer_id":"parks_playgrounds","name":"北習志野第６号公園","address":"船橋市","source":"国土交通省 国土数値情報"},"geometry":{"type":"Point","coordinates":[140.052159,35.723988]}},{"type":"Feature","properties":{"layer_id":"parks_playgrounds","name":"古作町北公園","address":"船橋市","source":"国土交通省 国土数値情報"},"geometry":{"type":"Point","coordinates":[139.968593,35.723444]}},{"type":"Feature","properties":{"layer_id":"parks_playgrounds","name":"芝山緑地","address":"船橋市","source":"国土交通省 国土数値情報"},"geometry":{"type":"Point","coordinates":[140.027422,35.722684]}},{"type":"Feature","properties":{"layer_id":"parks_playgrounds","name":"宮本台公園","address":"船橋市","source":"国土交通省 国土数値情報"},"geometry":{"type":"Point","coordinates":[140.005911,35.697272]}},{"type":"Feature","properties":{"layer_id":"parks_playgrounds","name":"松が丘２丁目緑地","address":"船橋市","source":"国土交通省 国土数値情報"},"geometry":{"type":"Point","coordinates":[140.042953,35.737377]}},{"type":"Feature","properties":{"layer_id":"parks_playgrounds","name":"緑台西公園","address":"船橋市","source":"国土交通省 国土数値情報"},"geometry":{"type":"Point","coordinates":[140.013227,35.72824]}},{"type":"Feature","properties":{"layer_id":"parks_playgrounds","name":"芝山南公園","address":"船橋市","source":"国土交通省 国土数値情報"},"geometry":{"type":"Point","coordinates":[140.017427,35.71389]}},{"type":"Feature","properties":{"layer_id":"parks_playgrounds","name":"浜町２丁目公園","address":"船橋市","source":"国土交通省 国土数値情報"},"geometry":{"type":"Point","coordinates":[139.99112,35.688375]}},{"type":"Feature","properties":{"layer_id":"parks_playgrounds","name":"芝山東緑地","address":"船橋市","source":"国土交通省 国土数値情報"},"geometry":{"type":"Point","coordinates":[140.027813,35.720009]}},{"type":"Feature","properties":{"layer_id":"parks_playgrounds","name":"夏見１丁目あおぞら中央公園","address":"船橋市","source":"国土交通省 国土数値情報"},"geometry":{"type":"Point","coordinates":[139.990177,35.706966]}},{"type":"Feature","properties":{"layer_id":"parks_playgrounds","name":"北習志野近隣公園","address":"船橋市","source":"国土交通省 国土数値情報"},"geometry":{"type":"Point","coordinates":[140.048358,35.721677]}},{"type":"Feature","properties":{"layer_id":"parks_playgrounds","name":"二和西公園","address":"船橋市","source":"国土交通省 国土数値情報"},"geometry":{"type":"Point","coordinates":[140.008573,35.742619]}},{"type":"Feature","properties":{"layer_id":"parks_playgrounds","name":"二宮１丁目公園","address":"船橋市","source":"国土交通省 国土数値情報"},"geometry":{"type":"Point","coordinates":[140.024751,35.71043]}},{"type":"Feature","properties":{"layer_id":"parks_playgrounds","name":"西習志野高郷公園","address":"船橋市","source":"国土交通省 国土数値情報"},"geometry":{"type":"Point","coordinates":[140.03642,35.72458]}},{"type":"Feature","properties":{"layer_id":"parks_playgrounds","name":"栄町公園","address":"船橋市","source":"国土交通省 国土数値情報"},"geometry":{"type":"Point","coordinates":[139.975848,35.688467]}},{"type":"Feature","properties":{"layer_id":"parks_playgrounds","name":"本町４丁目広場公園","address":"船橋市","source":"国土交通省 国土数値情報"},"geometry":{"type":"Point","coordinates":[139.987935,35.699484]}},{"type":"Feature","properties":{"layer_id":"parks_playgrounds","name":"北本町南公園","address":"船橋市","source":"国土交通省 国土数値情報"},"geometry":{"type":"Point","coordinates":[139.983663,35.713972]}},{"type":"Feature","properties":{"layer_id":"parks_playgrounds","name":"船橋市馬込霊園","address":"船橋市","source":"国土交通省 国土数値情報"},"geometry":{"type":"Point","coordinates":[140.006062,35.737692]}},{"type":"Feature","properties":{"layer_id":"parks_playgrounds","name":"滝の作向台公園","address":"船橋市","source":"国土交通省 国土数値情報"},"geometry":{"type":"Point","coordinates":[140.033336,35.710249]}},{"type":"Feature","properties":{"layer_id":"parks_playgrounds","name":"西習志野第３号公園","address":"船橋市","source":"国土交通省 国土数値情報"},"geometry":{"type":"Point","coordinates":[140.033855,35.720832]}},{"type":"Feature","properties":{"layer_id":"parks_playgrounds","name":"海神蛇沼公園","address":"船橋市","source":"国土交通省 国土数値情報"},"geometry":{"type":"Point","coordinates":[139.977772,35.70796]}},{"type":"Feature","properties":{"layer_id":"parks_playgrounds","name":"夏見台南公園","address":"船橋市","source":"国土交通省 国土数値情報"},"geometry":{"type":"Point","coordinates":[139.989371,35.71355]}},{"type":"Feature","properties":{"layer_id":"parks_playgrounds","name":"北習志野第７号公園","address":"船橋市","source":"国土交通省 国土数値情報"},"geometry":{"type":"Point","coordinates":[140.054615,35.720424]}},{"type":"Feature","properties":{"layer_id":"parks_playgrounds","name":"北本町西公園","address":"船橋市","source":"国土交通省 国土数値情報"},"geometry":{"type":"Point","coordinates":[139.980784,35.716924]}},{"type":"Feature","properties":{"layer_id":"parks_playgrounds","name":"栄町１丁目公園","address":"船橋市","source":"国土交通省 国土数値情報"},"geometry":{"type":"Point","coordinates":[139.976337,35.693158]}},{"type":"Feature","properties":{"layer_id":"parks_playgrounds","name":"北本町２丁目緑地","address":"船橋市","source":"国土交通省 国土数値情報"},"geometry":{"type":"Point","coordinates":[139.983721,35.716821]}},{"type":"Feature","properties":{"layer_id":"parks_playgrounds","name":"西船みどり公園","address":"船橋市","source":"国土交通省 国土数値情報"},"geometry":{"type":"Point","coordinates":[139.968953,35.71455]}},{"type":"Feature","properties":{"layer_id":"parks_playgrounds","name":"藤原２号緑地","address":"船橋市","source":"国土交通省 国土数値情報"},"geometry":{"type":"Point","coordinates":[139.9792,35.737935]}},{"type":"Feature","properties":{"layer_id":"parks_playgrounds","name":"新高根１号緑地","address":"船橋市","source":"国土交通省 国土数値情報"},"geometry":{"type":"Point","coordinates":[140.027758,35.729342]}},{"type":"Feature","properties":{"layer_id":"parks_playgrounds","name":"西習志野緑地","address":"船橋市","source":"国土交通省 国土数値情報"},"geometry":{"type":"Point","coordinates":[140.036741,35.720805]}},{"type":"Feature","properties":{"layer_id":"parks_playgrounds","name":"芝山３丁目緑地","address":"船橋市","source":"国土交通省 国土数値情報"},"geometry":{"type":"Point","coordinates":[140.022886,35.716635]}},{"type":"Feature","properties":{"layer_id":"parks_playgrounds","name":"芝山４丁目緑地","address":"船橋市","source":"国土交通省 国土数値情報"},"geometry":{"type":"Point","coordinates":[140.023366,35.721134]}},{"type":"Feature","properties":{"layer_id":"parks_playgrounds","name":"船橋市運動公園","address":"船橋市","source":"国土交通省 国土数値情報"},"geometry":{"type":"Point","coordinates":[139.995502,35.728323]}},{"type":"Feature","properties":{"layer_id":"parks_playgrounds","name":"宮本南公園","address":"船橋市","source":"国土交通省 国土数値情報"},"geometry":{"type":"Point","coordinates":[140.004786,35.692909]}},{"type":"Feature","properties":{"layer_id":"parks_playgrounds","name":"金杉８丁目公園","address":"船橋市","source":"国土交通省 国土数値情報"},"geometry":{"type":"Point","coordinates":[140.016591,35.732242]}},{"type":"Feature","properties":{"layer_id":"parks_playgrounds","name":"滝台２丁目緑地","address":"船橋市","source":"国土交通省 国土数値情報"},"geometry":{"type":"Point","coordinates":[140.034914,35.709178]}},{"type":"Feature","properties":{"layer_id":"parks_playgrounds","name":"大穴北３丁目２号","address":"船橋市","source":"国土交通省 国土数値情報"},"geometry":{"type":"Point","coordinates":[140.042834,35.747554]}},{"type":"Feature","properties":{"layer_id":"parks_playgrounds","name":"大穴新谷津公園","address":"船橋市","source":"国土交通省 国土数値情報"},"geometry":{"type":"Point","coordinates":[140.040557,35.743524]}},{"type":"Feature","properties":{"layer_id":"parks_playgrounds","name":"飯山満みずき公園","address":"船橋市","source":"国土交通省 国土数値情報"},"geometry":{"type":"Point","coordinates":[140.031535,35.713934]}},{"type":"Feature","properties":{"layer_id":"parks_playgrounds","name":"二和西１号緑地","address":"船橋市","source":"国土交通省 国土数値情報"},"geometry":{"type":"Point","coordinates":[140.018704,35.741186]}},{"type":"Feature","properties":{"layer_id":"parks_playgrounds","name":"馬込町２号公園","address":"船橋市","source":"国土交通省 国土数値情報"},"geometry":{"type":"Point","coordinates":[140.001535,35.735291]}},{"type":"Feature","properties":{"layer_id":"parks_playgrounds","name":"中野木１丁目緑地","address":"船橋市","source":"国土交通省 国土数値情報"},"geometry":{"type":"Point","coordinates":[140.013219,35.701708]}},{"type":"Feature","properties":{"layer_id":"parks_playgrounds","name":"馬込公園","address":"船橋市","source":"国土交通省 国土数値情報"},"geometry":{"type":"Point","coordinates":[139.993775,35.736298]}},{"type":"Feature","properties":{"layer_id":"parks_playgrounds","name":"飯山満町つつじ公園","address":"船橋市","source":"国土交通省 国土数値情報"},"geometry":{"type":"Point","coordinates":[140.034275,35.711624]}},{"type":"Feature","properties":{"layer_id":"parks_playgrounds","name":"峰台公園","address":"船橋市","source":"国土交通省 国土数値情報"},"geometry":{"type":"Point","coordinates":[139.996494,35.700191]}},{"type":"Feature","properties":{"layer_id":"parks_playgrounds","name":"上山公園","address":"船橋市","source":"国土交通省 国土数値情報"},"geometry":{"type":"Point","coordinates":[139.969219,35.726081]}},{"type":"Feature","properties":{"layer_id":"parks_playgrounds","name":"上山町１号緑地","address":"船橋市","source":"国土交通省 国土数値情報"},"geometry":{"type":"Point","coordinates":[139.968074,35.726121]}},{"type":"Feature","properties":{"layer_id":"parks_playgrounds","name":"天沼弁天池公園","address":"船橋市","source":"国土交通省 国土数値情報"},"geometry":{"type":"Point","coordinates":[139.984507,35.70487]}},{"type":"Feature","properties":{"layer_id":"parks_playgrounds","name":"夏見台中央公園","address":"船橋市","source":"国土交通省 国土数値情報"},"geometry":{"type":"Point","coordinates":[139.99098,35.71391]}}]}