{"type":"FeatureCollection","municipality_code":"12231","pref":"千葉県","city":"印西市","display_comment":"印旛沼の竜伝承では、雨を降らせた竜の腹が龍腹寺の地に納められたと伝わっています。 龍腹寺周辺では、竜伝承や寺社縁起を伝える案内板、石碑、由緒書きに注目してみてください。 印西市には、竹袋村、別所村、宗甫新田など、近世の村々の記憶を伝える地名が残っています。 周辺には史跡や遺跡、寺社や信仰の場、古墳や貝塚にまつわる場所が点在し、「師戸城跡」、「向原遺跡」、「瀬戸遠蓮遺跡」などを起点に歩くと、地域の歴史がぐっと見えやすくなります。 現地では史跡説明板に加え、竹袋村や別所村にゆかりのある旧境石標、村の歴史を紹介する案内板にも注目してみてください。 田・新田・用水にちなむ地名が多い場所では、土地改良碑や用水記念碑も注目したい探索対象です。 川沿いや水辺では、その土地の暮らしや水との関わりを伝える歴史案内板が見つかるかもしれません。 ゆかりの人物では香取秀真や五十嵐敬之助に注目すると、地域に残る文化や時代背景をさらに深く知るきっかけになります。 「鳥見神社」や「宗像神社」などの名所も、地域の物語を深掘りする絶好の入口です。","layer_counts":{"cafe_restaurant":247,"public_facilities":54,"scenic_nature_areas":1,"cultural_facilities":31,"parks_playgrounds":100},"total_features":433,"features":[{"type":"Feature","properties":{"layer_id":"cafe_restaurant","name":"ワイン酒場　バルデペロ","address":"千葉県印西市中央北１丁目４番１３区画","source":"厚生労働省 食品衛生申請等システム（オープンデータ）"},"geometry":{"type":"Point","coordinates":[140.116541,35.802088]}},{"type":"Feature","properties":{"layer_id":"cafe_restaurant","name":"スターバックスコーヒー千葉ニュータウン店","address":"千葉県印西市泉野３－１１８６－５","source":"厚生労働省 食品衛生申請等システム（オープンデータ）"},"geometry":{"type":"Point","coordinates":[140.128538,35.804205]}},{"type":"Feature","properties":{"layer_id":"cafe_restaurant","name":"スターバックスコーヒー　イオンモール千葉ニュータウン店","address":"千葉県印西市中央北３丁目２ １Ｆ","source":"厚生労働省 食品衛生申請等システム（オープンデータ）"},"geometry":{"type":"Point","coordinates":[140.111394,35.800252]}},{"type":"Feature","properties":{"layer_id":"cafe_restaurant","name":"スターバックスコーヒーthe Green 千葉ニュータウン店","address":"千葉県印西市鹿黒南5丁目2番","source":"厚生労働省 食品衛生申請等システム（オープンデータ）"},"geometry":{"type":"Point","coordinates":[140.133842,35.813922]}},{"type":"Feature","properties":{"layer_id":"cafe_restaurant","name":"ヤオコー　牧の原モア店　(惣菜・寿司)","address":"千葉県印西市牧の原1丁目3番","source":"厚生労働省 食品衛生申請等システム（オープンデータ）"},"geometry":{"type":"Point","coordinates":[140.160978,35.806886]}},{"type":"Feature","properties":{"layer_id":"cafe_restaurant","name":"ベイシア千葉ニュータウン店（生菓子作業室）","address":"千葉県印西市泉野１丁目１４４番地６","source":"厚生労働省 食品衛生申請等システム（オープンデータ）"},"geometry":{"type":"Point","coordinates":[140.12688,35.804792]}},{"type":"Feature","properties":{"layer_id":"cafe_restaurant","name":"ベイシア千葉ニュータウン店（惣菜）","address":"千葉県印西市泉野１丁目１４４番地６","source":"厚生労働省 食品衛生申請等システム（オープンデータ）"},"geometry":{"type":"Point","coordinates":[140.126888,35.804795]}},{"type":"Feature","properties":{"layer_id":"cafe_restaurant","name":"ベイシア千葉ニュータウン店（寿司）","address":"千葉県印西市泉野１丁目１４４番地６","source":"厚生労働省 食品衛生申請等システム（オープンデータ）"},"geometry":{"type":"Point","coordinates":[140.123605,35.803943]}},{"type":"Feature","properties":{"layer_id":"cafe_restaurant","name":"株式会社マルエツ　小林店","address":"千葉県印西市小林北２丁目１０","source":"厚生労働省 食品衛生申請等システム（オープンデータ）"},"geometry":{"type":"Point","coordinates":[140.194123,35.830571]}},{"type":"Feature","properties":{"layer_id":"cafe_restaurant","name":"株式会社マルエツ　小林店","address":"千葉県印西市小林北２－１０","source":"厚生労働省 食品衛生申請等システム（オープンデータ）"},"geometry":{"type":"Point","coordinates":[140.194123,35.830571]}},{"type":"Feature","properties":{"layer_id":"cafe_restaurant","name":"マルエツフォレストモール印西牧の原店ベーカリー","address":"千葉県印西市滝野三丁目－１","source":"厚生労働省 食品衛生申請等システム（オープンデータ）"},"geometry":{"type":"Point","coordinates":[140.176777,35.807854]}},{"type":"Feature","properties":{"layer_id":"cafe_restaurant","name":"カフェ・バンカレラ千葉ニュータウン店","address":"千葉県印西市中央南１－７－１","source":"厚生労働省 食品衛生申請等システム（オープンデータ）"},"geometry":{"type":"Point","coordinates":[140.118062,35.798943]}},{"type":"Feature","properties":{"layer_id":"cafe_restaurant","name":"鎌倉パスタ　イオンモール千葉ニュータウン店","address":"千葉県印西市中央北３－２","source":"厚生労働省 食品衛生申請等システム（オープンデータ）"},"geometry":{"type":"Point","coordinates":[140.112095,35.802211]}},{"type":"Feature","properties":{"layer_id":"cafe_restaurant","name":"株式会社カスミ　フードスクエア西の原店","address":"千葉県印西市西の原二丁目２番２","source":"厚生労働省 食品衛生申請等システム（オープンデータ）"},"geometry":{"type":"Point","coordinates":[140.158566,35.800179]}},{"type":"Feature","properties":{"layer_id":"cafe_restaurant","name":"ドトールコーヒーショップ　ジョイフル本田千葉ニュータウン店","address":"千葉県印西市牧の原2-1","source":"厚生労働省 食品衛生申請等システム（オープンデータ）"},"geometry":{"type":"Point","coordinates":[140.158988,35.805936]}},{"type":"Feature","properties":{"layer_id":"cafe_restaurant","name":"ドトールコーヒーショップ　牧の原モア店","address":"千葉県印西市牧の原1-3","source":"厚生労働省 食品衛生申請等システム（オープンデータ）"},"geometry":{"type":"Point","coordinates":[140.163399,35.805985]}},{"type":"Feature","properties":{"layer_id":"cafe_restaurant","name":"ガスト 千葉ニュータウン中央店","address":"千葉県印西市中央南２丁目５","source":"厚生労働省 食品衛生申請等システム（オープンデータ）"},"geometry":{"type":"Point","coordinates":[140.11366,35.798217]}},{"type":"Feature","properties":{"layer_id":"cafe_restaurant","name":"特別養護老人ホーム　印旛晴山苑","address":"千葉県印西市大廻187","source":"厚生労働省 食品衛生申請等システム（オープンデータ）"},"geometry":{"type":"Point","coordinates":[140.178506,35.778439]}},{"type":"Feature","properties":{"layer_id":"cafe_restaurant","name":"ｍ１３５７１","address":"千葉県印西市鎌苅1715","source":"厚生労働省 食品衛生申請等システム（オープンデータ）"},"geometry":{"type":"Point","coordinates":[140.198355,35.780958]}},{"type":"Feature","properties":{"layer_id":"cafe_restaurant","name":"ｍ１３５７３","address":"千葉県印西市鎌苅1715","source":"厚生労働省 食品衛生申請等システム（オープンデータ）"},"geometry":{"type":"Point","coordinates":[140.198355,35.780958]}},{"type":"Feature","properties":{"layer_id":"cafe_restaurant","name":"ｍ１３５７２","address":"千葉県印西市鎌苅1715","source":"厚生労働省 食品衛生申請等システム（オープンデータ）"},"geometry":{"type":"Point","coordinates":[140.198355,35.780958]}},{"type":"Feature","properties":{"layer_id":"cafe_restaurant","name":"喫茶　こっぺ","address":"千葉県印西市瀬戸１４５２－３","source":"厚生労働省 食品衛生申請等システム（オープンデータ）"},"geometry":{"type":"Point","coordinates":[140.221545,35.77888]}},{"type":"Feature","properties":{"layer_id":"cafe_restaurant","name":"友和亭","address":"千葉県印西市大森３２２９－１","source":"厚生労働省 食品衛生申請等システム（オープンデータ）"},"geometry":{"type":"Point","coordinates":[140.138866,35.835227]}},{"type":"Feature","properties":{"layer_id":"cafe_restaurant","name":"くら寿司　千葉ニュータウン店","address":"千葉県印西市中央南一丁目1-2-1","source":"厚生労働省 食品衛生申請等システム（オープンデータ）"},"geometry":{"type":"Point","coordinates":[140.118383,35.80022]}},{"type":"Feature","properties":{"layer_id":"cafe_restaurant","name":"富国生命事務センター　１Ｆ喫茶コーナー","address":"千葉県印西市大塚２－１０","source":"厚生労働省 食品衛生申請等システム（オープンデータ）"},"geometry":{"type":"Point","coordinates":[140.123066,35.810892]}},{"type":"Feature","properties":{"layer_id":"cafe_restaurant","name":"ビッグハウス印西店","address":"千葉県印西市大塚３丁目５番","source":"厚生労働省 食品衛生申請等システム（オープンデータ）"},"geometry":{"type":"Point","coordinates":[140.122159,35.812426]}},{"type":"Feature","properties":{"layer_id":"cafe_restaurant","name":"ビッグハウス印西店","address":"千葉県印西市大塚3丁目5番","source":"厚生労働省 食品衛生申請等システム（オープンデータ）"},"geometry":{"type":"Point","coordinates":[140.122159,35.812426]}},{"type":"Feature","properties":{"layer_id":"cafe_restaurant","name":"旬菜中房　和華","address":"千葉県印西市吉田９３７－１","source":"厚生労働省 食品衛生申請等システム（オープンデータ）"},"geometry":{"type":"Point","coordinates":[140.151871,35.763575]}},{"type":"Feature","properties":{"layer_id":"cafe_restaurant","name":"インド料理　タンドール","address":"千葉県印西市大森３２３８－１","source":"厚生労働省 食品衛生申請等システム（オープンデータ）"},"geometry":{"type":"Point","coordinates":[140.138973,35.836212]}},{"type":"Feature","properties":{"layer_id":"cafe_restaurant","name":"ジャパンミート生鮮館　千葉ニュータウン店","address":"千葉県印西市牧の原２－１","source":"厚生労働省 食品衛生申請等システム（オープンデータ）"},"geometry":{"type":"Point","coordinates":[140.15931,35.807516]}},{"type":"Feature","properties":{"layer_id":"cafe_restaurant","name":"イオン千葉ニュータウン店　デリカ２","address":"千葉県印西市中央北3-1-1","source":"厚生労働省 食品衛生申請等システム（オープンデータ）"},"geometry":{"type":"Point","coordinates":[140.113643,35.802869]}},{"type":"Feature","properties":{"layer_id":"cafe_restaurant","name":"イオン千葉ニュータウン店　水産寿司","address":"千葉県印西市中央北３丁目１－１","source":"厚生労働省 食品衛生申請等システム（オープンデータ）"},"geometry":{"type":"Point","coordinates":[140.113643,35.802869]}},{"type":"Feature","properties":{"layer_id":"cafe_restaurant","name":"イオン千葉ニュータウン店　ピザ","address":"千葉県印西市中央北３丁目１－１","source":"厚生労働省 食品衛生申請等システム（オープンデータ）"},"geometry":{"type":"Point","coordinates":[140.113643,35.802869]}},{"type":"Feature","properties":{"layer_id":"cafe_restaurant","name":"イオン千葉ニュータウン店　サラダ室","address":"千葉県印西市中央北３丁目１－１","source":"厚生労働省 食品衛生申請等システム（オープンデータ）"},"geometry":{"type":"Point","coordinates":[140.113643,35.802869]}},{"type":"Feature","properties":{"layer_id":"cafe_restaurant","name":"イオン千葉ニュータウン店　デリカ","address":"千葉県印西市中央北3丁目1-1","source":"厚生労働省 食品衛生申請等システム（オープンデータ）"},"geometry":{"type":"Point","coordinates":[140.113643,35.802869]}},{"type":"Feature","properties":{"layer_id":"cafe_restaurant","name":"イオン千葉ニュータウン店　デリカ焼き鳥","address":"千葉県印西市中央北3丁目1-1","source":"厚生労働省 食品衛生申請等システム（オープンデータ）"},"geometry":{"type":"Point","coordinates":[140.113643,35.802869]}},{"type":"Feature","properties":{"layer_id":"cafe_restaurant","name":"イオン千葉ニュータウン店　デリカ寿司","address":"千葉県印西市中央北3丁目1-1","source":"厚生労働省 食品衛生申請等システム（オープンデータ）"},"geometry":{"type":"Point","coordinates":[140.113643,35.802869]}},{"type":"Feature","properties":{"layer_id":"cafe_restaurant","name":"イオン千葉ニュータウン店　媽媽","address":"千葉県印西市中央北3丁目1-1","source":"厚生労働省 食品衛生申請等システム（オープンデータ）"},"geometry":{"type":"Point","coordinates":[140.113643,35.802869]}},{"type":"Feature","properties":{"layer_id":"cafe_restaurant","name":"ほっともっと千葉ニュータウン店","address":"千葉県印西市高花１丁目２５－３","source":"厚生労働省 食品衛生申請等システム（オープンデータ）"},"geometry":{"type":"Point","coordinates":[140.132768,35.799928]}},{"type":"Feature","properties":{"layer_id":"cafe_restaurant","name":"ランドロームフードマーケットニュータウン南店(惣菜）","address":"千葉県印西市草深68-3","source":"厚生労働省 食品衛生申請等システム（オープンデータ）"},"geometry":{"type":"Point","coordinates":[140.143615,35.801017]}},{"type":"Feature","properties":{"layer_id":"cafe_restaurant","name":"ランドロームフードマーケットニュータウン南店(水産寿司）","address":"千葉県印西市草深68-3","source":"厚生労働省 食品衛生申請等システム（オープンデータ）"},"geometry":{"type":"Point","coordinates":[140.143615,35.801017]}},{"type":"Feature","properties":{"layer_id":"cafe_restaurant","name":"ＩＮＤＵＳ　ＲＡＹ","address":"千葉県印西市高花１丁目８－１","source":"厚生労働省 食品衛生申請等システム（オープンデータ）"},"geometry":{"type":"Point","coordinates":[140.135859,35.796903]}},{"type":"Feature","properties":{"layer_id":"cafe_restaurant","name":"はなまるうどんイオンモール千葉ニュータウン店","address":"千葉県印西市中央北３－２","source":"厚生労働省 食品衛生申請等システム（オープンデータ）"},"geometry":{"type":"Point","coordinates":[140.112095,35.802211]}},{"type":"Feature","properties":{"layer_id":"cafe_restaurant","name":"ＳＴＥＡＫ&ＧＲＩＬＬ　郷","address":"千葉県印西市草深９３８番９号","source":"厚生労働省 食品衛生申請等システム（オープンデータ）"},"geometry":{"type":"Point","coordinates":[140.151793,35.799457]}},{"type":"Feature","properties":{"layer_id":"cafe_restaurant","name":"ｅ　ｋｅｂａｂ","address":"千葉県印西市小林２９４－１３ ジュエリーＤ棟１０１","source":"厚生労働省 食品衛生申請等システム（オープンデータ）"},"geometry":{"type":"Point","coordinates":[140.192026,35.83141]}},{"type":"Feature","properties":{"layer_id":"cafe_restaurant","name":"有限会社　木村（うなぎ割烹　木村）","address":"千葉県印西市本埜小林６３","source":"厚生労働省 食品衛生申請等システム（オープンデータ）"},"geometry":{"type":"Point","coordinates":[140.200672,35.833178]}},{"type":"Feature","properties":{"layer_id":"cafe_restaurant","name":"コストコホールセール　千葉ニュータウン倉庫店","address":"千葉県印西市泉野３丁目１１８６－４","source":"厚生労働省 食品衛生申請等システム（オープンデータ）"},"geometry":{"type":"Point","coordinates":[140.127563,35.807003]}},{"type":"Feature","properties":{"layer_id":"cafe_restaurant","name":"カラオケスタジオ　おんちっち","address":"千葉県印西市中央南１－８ ＣＣＢビル３Ｆ","source":"厚生労働省 食品衛生申請等システム（オープンデータ）"},"geometry":{"type":"Point","coordinates":[140.117019,35.798575]}},{"type":"Feature","properties":{"layer_id":"cafe_restaurant","name":"夢蘭","address":"千葉県印西市木下１６９５－１","source":"厚生労働省 食品衛生申請等システム（オープンデータ）"},"geometry":{"type":"Point","coordinates":[140.14893,35.839915]}},{"type":"Feature","properties":{"layer_id":"cafe_restaurant","name":"串家物語イオンモール千葉ニュータウン店","address":"千葉県印西市中央北３－２ イオンモール千葉ニュータウン１階","source":"厚生労働省 食品衛生申請等システム（オープンデータ）"},"geometry":{"type":"Point","coordinates":[140.112095,35.802211]}},{"type":"Feature","properties":{"layer_id":"cafe_restaurant","name":"ごはん屋　なごみ","address":"千葉県印西市大森３７８２－７","source":"厚生労働省 食品衛生申請等システム（オープンデータ）"},"geometry":{"type":"Point","coordinates":[140.144139,35.838262]}},{"type":"Feature","properties":{"layer_id":"cafe_restaurant","name":"リンガーハットイオンモール千葉ニュータウン店","address":"千葉県印西市中央北3-2 3F","source":"厚生労働省 食品衛生申請等システム（オープンデータ）"},"geometry":{"type":"Point","coordinates":[140.112197,35.802439]}},{"type":"Feature","properties":{"layer_id":"cafe_restaurant","name":"竹中工務店技術研究所","address":"千葉県印西市大塚1-5-1","source":"厚生労働省 食品衛生申請等システム（オープンデータ）"},"geometry":{"type":"Point","coordinates":[140.118795,35.804969]}},{"type":"Feature","properties":{"layer_id":"cafe_restaurant","name":"ＧＥＥＴＡ","address":"千葉県印西市原１－２ ビッグホップガーデンモール印西　Ｆ－２１４区画","source":"厚生労働省 食品衛生申請等システム（オープンデータ）"},"geometry":{"type":"Point","coordinates":[140.164945,35.803391]}},{"type":"Feature","properties":{"layer_id":"cafe_restaurant","name":"ザ・プレストンカフェ千葉ニュータウン店","address":"千葉県印西市牧の原２－１","source":"厚生労働省 食品衛生申請等システム（オープンデータ）"},"geometry":{"type":"Point","coordinates":[140.158994,35.805919]}},{"type":"Feature","properties":{"layer_id":"cafe_restaurant","name":"上海飯店　カスミ印西西の原店","address":"千葉県印西市西の原２－２－２","source":"厚生労働省 食品衛生申請等システム（オープンデータ）"},"geometry":{"type":"Point","coordinates":[140.158534,35.800045]}},{"type":"Feature","properties":{"layer_id":"cafe_restaurant","name":"エフ　アンド　ディー","address":"千葉県印西市鹿黒アクラ山６５７－１","source":"厚生労働省 食品衛生申請等システム（オープンデータ）"},"geometry":{"type":"Point","coordinates":[140.13582,35.819902]}},{"type":"Feature","properties":{"layer_id":"cafe_restaurant","name":"ファミリーマート千葉ニュータウン中央東店","address":"千葉県印西市草深1101-1","source":"厚生労働省 食品衛生申請等システム（オープンデータ）"},"geometry":{"type":"Point","coordinates":[140.138411,35.805947]}},{"type":"Feature","properties":{"layer_id":"cafe_restaurant","name":"ファミリーマート印旛日本医大駅／ｓ店","address":"千葉県印西市若萩一丁目１番地 北総鉄道印旛日本医大駅構内","source":"厚生労働省 食品衛生申請等システム（オープンデータ）"},"geometry":{"type":"Point","coordinates":[140.206096,35.787259]}},{"type":"Feature","properties":{"layer_id":"cafe_restaurant","name":"ファミリーマート印西牧の原駅店","address":"千葉県印西市原一丁目２１９１番","source":"厚生労働省 食品衛生申請等システム（オープンデータ）"},"geometry":{"type":"Point","coordinates":[140.166713,35.80374]}},{"type":"Feature","properties":{"layer_id":"cafe_restaurant","name":"ファミリーマート千葉ニュータウン中央駅店","address":"千葉県印西市中央南一丁目１３９０番地１","source":"厚生労働省 食品衛生申請等システム（オープンデータ）"},"geometry":{"type":"Point","coordinates":[140.116005,35.800109]}},{"type":"Feature","properties":{"layer_id":"cafe_restaurant","name":"トミオ印西コスモステラス","address":"千葉県印西市草深２４２９－１１","source":"厚生労働省 食品衛生申請等システム（オープンデータ）"},"geometry":{"type":"Point","coordinates":[140.154481,35.798682]}},{"type":"Feature","properties":{"layer_id":"cafe_restaurant","name":"社会福祉法人 清明会 軽費老人ホームよしきり","address":"千葉県印西市瀬戸1844-2","source":"厚生労働省 食品衛生申請等システム（オープンデータ）"},"geometry":{"type":"Point","coordinates":[140.225243,35.769157]}},{"type":"Feature","properties":{"layer_id":"cafe_restaurant","name":"みずほ銀行千葉事務センター","address":"千葉県印西市大塚１丁目６－１","source":"厚生労働省 食品衛生申請等システム（オープンデータ）"},"geometry":{"type":"Point","coordinates":[140.120291,35.805582]}},{"type":"Feature","properties":{"layer_id":"cafe_restaurant","name":"旬　香","address":"千葉県印西市大森２６４１－１７","source":"厚生労働省 食品衛生申請等システム（オープンデータ）"},"geometry":{"type":"Point","coordinates":[140.138652,35.834252]}},{"type":"Feature","properties":{"layer_id":"cafe_restaurant","name":"株式会社三ッ星食品","address":"千葉県印西市小倉６８３－１","source":"厚生労働省 食品衛生申請等システム（オープンデータ）"},"geometry":{"type":"Point","coordinates":[140.115793,35.810171]}},{"type":"Feature","properties":{"layer_id":"cafe_restaurant","name":"鰻の成瀬　千葉ニュータウン店","address":"千葉県印西市草深１０９４－４ アイビル１F","source":"厚生労働省 食品衛生申請等システム（オープンデータ）"},"geometry":{"type":"Point","coordinates":[140.135056,35.805498]}},{"type":"Feature","properties":{"layer_id":"cafe_restaurant","name":"らぁ麺富士虎屋千葉ニュータウン","address":"千葉県印西市草深１０９４−４ アイビル102","source":"厚生労働省 食品衛生申請等システム（オープンデータ）"},"geometry":{"type":"Point","coordinates":[140.135056,35.805498]}},{"type":"Feature","properties":{"layer_id":"cafe_restaurant","name":"焼肉京城苑千葉ニュータウン店","address":"千葉県印西市中央北1-3-1","source":"厚生労働省 食品衛生申請等システム（オープンデータ）"},"geometry":{"type":"Point","coordinates":[140.116234,35.804345]}},{"type":"Feature","properties":{"layer_id":"cafe_restaurant","name":"セブン－イレブン７ＦＳ順天堂大学さくらキャンパス店","address":"千葉県印西市平賀学園台１－１","source":"厚生労働省 食品衛生申請等システム（オープンデータ）"},"geometry":{"type":"Point","coordinates":[140.256247,35.747756]}},{"type":"Feature","properties":{"layer_id":"cafe_restaurant","name":"加納屋株式会社","address":"千葉県印西市瀬戸１３６３","source":"厚生労働省 食品衛生申請等システム（オープンデータ）"},"geometry":{"type":"Point","coordinates":[140.220932,35.775698]}},{"type":"Feature","properties":{"layer_id":"cafe_restaurant","name":"スシロー千葉ニュータウン店","address":"千葉県印西市泉野3-1186-5","source":"厚生労働省 食品衛生申請等システム（オープンデータ）"},"geometry":{"type":"Point","coordinates":[140.128547,35.804213]}},{"type":"Feature","properties":{"layer_id":"cafe_restaurant","name":"沖縄料理　やんばる２","address":"千葉県印西市木下１６８３番地３","source":"厚生労働省 食品衛生申請等システム（オープンデータ）"},"geometry":{"type":"Point","coordinates":[140.147669,35.839525]}},{"type":"Feature","properties":{"layer_id":"cafe_restaurant","name":"ミスタードーナツ　千葉ニュータウン中央ショップ","address":"千葉県印西市中央北３－１－１","source":"厚生労働省 食品衛生申請等システム（オープンデータ）"},"geometry":{"type":"Point","coordinates":[140.114447,35.802469]}},{"type":"Feature","properties":{"layer_id":"cafe_restaurant","name":"はま寿司　千葉ニュータウン店","address":"千葉県印西市草深字天王前１０４８番６","source":"厚生労働省 食品衛生申請等システム（オープンデータ）"},"geometry":{"type":"Point","coordinates":[140.134284,35.802313]}},{"type":"Feature","properties":{"layer_id":"cafe_restaurant","name":"屋台屋　博多劇場　千葉ニュータウン店","address":"千葉県印西市中央北1-4","source":"厚生労働省 食品衛生申請等システム（オープンデータ）"},"geometry":{"type":"Point","coordinates":[140.116817,35.801734]}},{"type":"Feature","properties":{"layer_id":"cafe_restaurant","name":"徳樹庵　千葉ニュータウン店","address":"千葉県印西市泉野３－１１８６－５","source":"厚生労働省 食品衛生申請等システム（オープンデータ）"},"geometry":{"type":"Point","coordinates":[140.128547,35.804213]}},{"type":"Feature","properties":{"layer_id":"cafe_restaurant","name":"メフォス東日本　１０６８５号店","address":"千葉県印西市草深１１７７－１８","source":"厚生労働省 食品衛生申請等システム（オープンデータ）"},"geometry":{"type":"Point","coordinates":[140.132055,35.80135]}},{"type":"Feature","properties":{"layer_id":"cafe_restaurant","name":"ケンタッキーフライドチキン　イオン千葉ニュータウン店","address":"千葉県印西市中央北３－１－１","source":"厚生労働省 食品衛生申請等システム（オープンデータ）"},"geometry":{"type":"Point","coordinates":[140.113643,35.802869]}},{"type":"Feature","properties":{"layer_id":"cafe_restaurant","name":"ケンタッキーフライドチキン　ジョイフル本田千葉ニュータウン店","address":"千葉県印西市牧の原2-1","source":"厚生労働省 食品衛生申請等システム（オープンデータ）"},"geometry":{"type":"Point","coordinates":[140.158988,35.805936]}},{"type":"Feature","properties":{"layer_id":"cafe_restaurant","name":"凱旋門　千葉ニュータウン店","address":"千葉県印西市中央南１－５","source":"厚生労働省 食品衛生申請等システム（オープンデータ）"},"geometry":{"type":"Point","coordinates":[140.11899,35.799203]}},{"type":"Feature","properties":{"layer_id":"cafe_restaurant","name":"ユーシン印西牧の台売店","address":"千葉県印西市牧の台２－１－１","source":"厚生労働省 食品衛生申請等システム（オープンデータ）"},"geometry":{"type":"Point","coordinates":[140.158211,35.815106]}},{"type":"Feature","properties":{"layer_id":"cafe_restaurant","name":"ファミリーマート千葉ニュータウン原山店","address":"千葉県印西市草深１１５４－３","source":"厚生労働省 食品衛生申請等システム（オープンデータ）"},"geometry":{"type":"Point","coordinates":[140.132221,35.803476]}},{"type":"Feature","properties":{"layer_id":"cafe_restaurant","name":"グランブッフェ　千葉ニュータウン店","address":"千葉県印西市中央北３－２ イオンモール千葉ニュータウン１Ｆ","source":"厚生労働省 食品衛生申請等システム（オープンデータ）"},"geometry":{"type":"Point","coordinates":[140.112095,35.802211]}},{"type":"Feature","properties":{"layer_id":"cafe_restaurant","name":"くいしん房　まあちゃん","address":"千葉県印西市平賀２３６４番地","source":"厚生労働省 食品衛生申請等システム（オープンデータ）"},"geometry":{"type":"Point","coordinates":[140.247846,35.760506]}},{"type":"Feature","properties":{"layer_id":"cafe_restaurant","name":"セブン－イレブン印西岩戸店","address":"千葉県印西市岩戸１３３８－６","source":"厚生労働省 食品衛生申請等システム（オープンデータ）"},"geometry":{"type":"Point","coordinates":[140.174284,35.773784]}},{"type":"Feature","properties":{"layer_id":"cafe_restaurant","name":"イタリア食堂オリベート　千葉ＮＴ店","address":"千葉県印西市牧の原２－４ ジョイフルアスレティッククラブ２Ｆ","source":"厚生労働省 食品衛生申請等システム（オープンデータ）"},"geometry":{"type":"Point","coordinates":[140.153888,35.808176]}},{"type":"Feature","properties":{"layer_id":"cafe_restaurant","name":"サイゼリヤ　イオン千葉ニュータウン店","address":"千葉県印西市中央北３－１－１ イオン千葉ニュータウン店３階","source":"厚生労働省 食品衛生申請等システム（オープンデータ）"},"geometry":{"type":"Point","coordinates":[140.113643,35.802869]}},{"type":"Feature","properties":{"layer_id":"cafe_restaurant","name":"ベーカリー　時の家","address":"千葉県印西市内野１－６－７","source":"厚生労働省 食品衛生申請等システム（オープンデータ）"},"geometry":{"type":"Point","coordinates":[140.127534,35.797031]}},{"type":"Feature","properties":{"layer_id":"cafe_restaurant","name":"仕出し料理はな膳　千葉ニュータウン店","address":"千葉県印西市草深１０８９－５","source":"厚生労働省 食品衛生申請等システム（オープンデータ）"},"geometry":{"type":"Point","coordinates":[140.135309,35.803984]}},{"type":"Feature","properties":{"layer_id":"cafe_restaurant","name":"はな膳　印旛日医大店","address":"千葉県印西市鎌苅２０２３－２","source":"厚生労働省 食品衛生申請等システム（オープンデータ）"},"geometry":{"type":"Point","coordinates":[140.20047,35.787741]}},{"type":"Feature","properties":{"layer_id":"cafe_restaurant","name":"ジャック　イン　ザ　ドーナツ","address":"千葉県印西市牧の原２－１ ジョイフル本田店内","source":"厚生労働省 食品衛生申請等システム（オープンデータ）"},"geometry":{"type":"Point","coordinates":[140.158988,35.805936]}},{"type":"Feature","properties":{"layer_id":"cafe_restaurant","name":"ファミリーマート印西木下店","address":"千葉県印西市木下南２－１０－２","source":"厚生労働省 食品衛生申請等システム（オープンデータ）"},"geometry":{"type":"Point","coordinates":[140.150025,35.833872]}},{"type":"Feature","properties":{"layer_id":"cafe_restaurant","name":"すき家　印西西の原店","address":"千葉県印西市草深字天王前1048-7","source":"厚生労働省 食品衛生申請等システム（オープンデータ）"},"geometry":{"type":"Point","coordinates":[140.134313,35.802691]}},{"type":"Feature","properties":{"layer_id":"cafe_restaurant","name":"すき家　印西BP店","address":"千葉県印西市竹袋623-1","source":"厚生労働省 食品衛生申請等システム（オープンデータ）"},"geometry":{"type":"Point","coordinates":[140.149627,35.833414]}},{"type":"Feature","properties":{"layer_id":"cafe_restaurant","name":"総武カントリークラブコース内西売店","address":"千葉県印西市草深３０２番地","source":"厚生労働省 食品衛生申請等システム（オープンデータ）"},"geometry":{"type":"Point","coordinates":[140.155159,35.786285]}},{"type":"Feature","properties":{"layer_id":"cafe_restaurant","name":"千本松牧場ソフトクリームショップジョイフル本田千葉ニュータウン店","address":"千葉県印西市牧の原二丁目１番地","source":"厚生労働省 食品衛生申請等システム（オープンデータ）"},"geometry":{"type":"Point","coordinates":[140.15931,35.807516]}},{"type":"Feature","properties":{"layer_id":"cafe_restaurant","name":"総武カントリークラブ印旛コース売店","address":"千葉県印西市造谷４９５","source":"厚生労働省 食品衛生申請等システム（オープンデータ）"},"geometry":{"type":"Point","coordinates":[140.178828,35.787054]}},{"type":"Feature","properties":{"layer_id":"cafe_restaurant","name":"牧の原テーブル　シェアキッチン","address":"千葉県印西市牧の原１－３","source":"厚生労働省 食品衛生申請等システム（オープンデータ）"},"geometry":{"type":"Point","coordinates":[140.166585,35.804845]}},{"type":"Feature","properties":{"layer_id":"cafe_restaurant","name":"柏屋","address":"千葉県印西市木下１４００","source":"厚生労働省 食品衛生申請等システム（オープンデータ）"},"geometry":{"type":"Point","coordinates":[140.154446,35.840402]}},{"type":"Feature","properties":{"layer_id":"cafe_restaurant","name":"ジェラフルＢＩＧＨＯＰ印西店","address":"千葉県印西市原１－２ ２ＦフードコートＦ２１５区画","source":"厚生労働省 食品衛生申請等システム（オープンデータ）"},"geometry":{"type":"Point","coordinates":[140.164945,35.803391]}},{"type":"Feature","properties":{"layer_id":"cafe_restaurant","name":"創作料理　よし久","address":"千葉県印西市大森３７５０－８","source":"厚生労働省 食品衛生申請等システム（オープンデータ）"},"geometry":{"type":"Point","coordinates":[140.147181,35.838258]}},{"type":"Feature","properties":{"layer_id":"cafe_restaurant","name":"チマーラー","address":"千葉県印西市平岡２９８－２１－２","source":"厚生労働省 食品衛生申請等システム（オープンデータ）"},"geometry":{"type":"Point","coordinates":[140.17162,35.843144]}},{"type":"Feature","properties":{"layer_id":"cafe_restaurant","name":"麺　やまだ","address":"千葉県印西市草深１１３７","source":"厚生労働省 食品衛生申請等システム（オープンデータ）"},"geometry":{"type":"Point","coordinates":[140.134152,35.80523]}},{"type":"Feature","properties":{"layer_id":"cafe_restaurant","name":"ＷＨＯ’Ｓ　ＴＥＡ　ＭＩＮＩ","address":"千葉県印西市中央北３－２ イオンモール千葉ニュータウン　３Ｆ　Ｎｏ，３４５","source":"厚生労働省 食品衛生申請等システム（オープンデータ）"},"geometry":{"type":"Point","coordinates":[140.112095,35.802211]}},{"type":"Feature","properties":{"layer_id":"cafe_restaurant","name":"東京基督教大学　食堂","address":"千葉県印西市内野３－３０１－５","source":"厚生労働省 食品衛生申請等システム（オープンデータ）"},"geometry":{"type":"Point","coordinates":[140.125891,35.790788]}},{"type":"Feature","properties":{"layer_id":"cafe_restaurant","name":"ファミリーマート印西小倉台店","address":"千葉県印西市小倉台四丁目６番２","source":"厚生労働省 食品衛生申請等システム（オープンデータ）"},"geometry":{"type":"Point","coordinates":[140.111966,35.807171]}},{"type":"Feature","properties":{"layer_id":"cafe_restaurant","name":"デザートユニオン","address":"千葉県印西市平賀２８５３","source":"厚生労働省 食品衛生申請等システム（オープンデータ）"},"geometry":{"type":"Point","coordinates":[140.251097,35.770148]}},{"type":"Feature","properties":{"layer_id":"cafe_restaurant","name":"焼肉権助","address":"千葉県印西市中央北１丁目４番 アルカサール内","source":"厚生労働省 食品衛生申請等システム（オープンデータ）"},"geometry":{"type":"Point","coordinates":[140.116817,35.801734]}},{"type":"Feature","properties":{"layer_id":"cafe_restaurant","name":"焼肉権助　牧の原モア店","address":"千葉県印西市牧の原１－３ 牧の原モア","source":"厚生労働省 食品衛生申請等システム（オープンデータ）"},"geometry":{"type":"Point","coordinates":[140.163399,35.805985]}},{"type":"Feature","properties":{"layer_id":"cafe_restaurant","name":"とりのごん助　千葉ニュータウン店","address":"千葉県印西市中央北１丁目４番 アルカサール内","source":"厚生労働省 食品衛生申請等システム（オープンデータ）"},"geometry":{"type":"Point","coordinates":[140.116541,35.802088]}},{"type":"Feature","properties":{"layer_id":"cafe_restaurant","name":"セブンイレブン　印西牧の原店","address":"千葉県印西市原２丁目１番 １階","source":"厚生労働省 食品衛生申請等システム（オープンデータ）"},"geometry":{"type":"Point","coordinates":[140.167404,35.799889]}},{"type":"Feature","properties":{"layer_id":"cafe_restaurant","name":"セブンーイレブン印西大森店","address":"千葉県印西市大森２５８９－1","source":"厚生労働省 食品衛生申請等システム（オープンデータ）"},"geometry":{"type":"Point","coordinates":[140.142592,35.834259]}},{"type":"Feature","properties":{"layer_id":"cafe_restaurant","name":"セブンーイレブン印西竹袋店","address":"千葉県印西市木下南２－１９－３","source":"厚生労働省 食品衛生申請等システム（オープンデータ）"},"geometry":{"type":"Point","coordinates":[140.151733,35.834495]}},{"type":"Feature","properties":{"layer_id":"cafe_restaurant","name":"セブンーイレブン印西大塚店","address":"千葉県印西市大塚３－１","source":"厚生労働省 食品衛生申請等システム（オープンデータ）"},"geometry":{"type":"Point","coordinates":[140.122159,35.812426]}},{"type":"Feature","properties":{"layer_id":"cafe_restaurant","name":"セブンーイレブン　印西中央北１丁目店","address":"千葉県印西市中央北１－４－１","source":"厚生労働省 食品衛生申請等システム（オープンデータ）"},"geometry":{"type":"Point","coordinates":[140.116561,35.802076]}},{"type":"Feature","properties":{"layer_id":"cafe_restaurant","name":"セブンーイレブン千葉ニュータウン東店","address":"千葉県印西市草深１１４２－１２","source":"厚生労働省 食品衛生申請等システム（オープンデータ）"},"geometry":{"type":"Point","coordinates":[140.133609,35.805069]}},{"type":"Feature","properties":{"layer_id":"cafe_restaurant","name":"セブンーイレブン　印西東の原店","address":"千葉県印西市東の原１－１－１","source":"厚生労働省 食品衛生申請等システム（オープンデータ）"},"geometry":{"type":"Point","coordinates":[140.173862,35.800318]}},{"type":"Feature","properties":{"layer_id":"cafe_restaurant","name":"セブンーイレブン　印西別所店","address":"千葉県印西市別所１２４３－４","source":"厚生労働省 食品衛生申請等システム（オープンデータ）"},"geometry":{"type":"Point","coordinates":[140.158807,35.820621]}},{"type":"Feature","properties":{"layer_id":"cafe_restaurant","name":"セブンーイレブン　印西白幡店","address":"千葉県印西市浦幡新田４８－４","source":"厚生労働省 食品衛生申請等システム（オープンデータ）"},"geometry":{"type":"Point","coordinates":[140.102833,35.813035]}},{"type":"Feature","properties":{"layer_id":"cafe_restaurant","name":"セブンーイレブン　印西高花団地入口店","address":"千葉県印西市船尾１３７６－２","source":"厚生労働省 食品衛生申請等システム（オープンデータ）"},"geometry":{"type":"Point","coordinates":[140.133096,35.793202]}},{"type":"Feature","properties":{"layer_id":"cafe_restaurant","name":"セブン－イレブン印西瀬戸店","address":"千葉県印西市瀬戸１４３０－４","source":"厚生労働省 食品衛生申請等システム（オープンデータ）"},"geometry":{"type":"Point","coordinates":[140.221243,35.776495]}},{"type":"Feature","properties":{"layer_id":"cafe_restaurant","name":"越後秘蔵麺　無尽蔵印西店","address":"千葉県印西市原一丁目２番 ビックホップガーデンモール印西F２１３区画","source":"厚生労働省 食品衛生申請等システム（オープンデータ）"},"geometry":{"type":"Point","coordinates":[140.164945,35.803391]}},{"type":"Feature","properties":{"layer_id":"cafe_restaurant","name":"エンヂェルハート保育園","address":"千葉県印西市武西２７５－１","source":"厚生労働省 食品衛生申請等システム（オープンデータ）"},"geometry":{"type":"Point","coordinates":[140.109049,35.78961]}},{"type":"Feature","properties":{"layer_id":"cafe_restaurant","name":"茶房　宮﨑邸","address":"千葉県印西市船尾４８３","source":"厚生労働省 食品衛生申請等システム（オープンデータ）"},"geometry":{"type":"Point","coordinates":[140.125575,35.782639]}},{"type":"Feature","properties":{"layer_id":"cafe_restaurant","name":"網焼き酒場　とみせん","address":"千葉県印西市中央北１－４６９－２","source":"厚生労働省 食品衛生申請等システム（オープンデータ）"},"geometry":{"type":"Point","coordinates":[140.117372,35.801376]}},{"type":"Feature","properties":{"layer_id":"cafe_restaurant","name":"不二家イオン千葉ニュータウン店","address":"千葉県印西市中央北３－１－１","source":"厚生労働省 食品衛生申請等システム（オープンデータ）"},"geometry":{"type":"Point","coordinates":[140.113733,35.802935]}},{"type":"Feature","properties":{"layer_id":"cafe_restaurant","name":"和田農園","address":"千葉県印西市平賀９０６番地１","source":"厚生労働省 食品衛生申請等システム（オープンデータ）"},"geometry":{"type":"Point","coordinates":[140.248688,35.755465]}},{"type":"Feature","properties":{"layer_id":"cafe_restaurant","name":"三菱総研ＤＣＳ株式会社","address":"千葉県印西市大塚２丁目７","source":"厚生労働省 食品衛生申請等システム（オープンデータ）"},"geometry":{"type":"Point","coordinates":[140.119588,35.809107]}},{"type":"Feature","properties":{"layer_id":"cafe_restaurant","name":"ｇａｒｄｅｎ　ｈｏｕｓｅ　ｃａｆｅ","address":"千葉県印西市草深１９９－１０","source":"厚生労働省 食品衛生申請等システム（オープンデータ）"},"geometry":{"type":"Point","coordinates":[140.143997,35.794608]}},{"type":"Feature","properties":{"layer_id":"cafe_restaurant","name":"ジェラフル千葉ニュータウン店","address":"千葉県印西市中央北3-1-1 イオン千葉ニュータウン１階","source":"厚生労働省 食品衛生申請等システム（オープンデータ）"},"geometry":{"type":"Point","coordinates":[140.113733,35.802935]}},{"type":"Feature","properties":{"layer_id":"cafe_restaurant","name":"イオンシネマ　千葉ニュータウン","address":"千葉県印西市中央北3丁目2","source":"厚生労働省 食品衛生申請等システム（オープンデータ）"},"geometry":{"type":"Point","coordinates":[140.112095,35.802211]}},{"type":"Feature","properties":{"layer_id":"cafe_restaurant","name":"ココタイム　ビッグホップ印西牧の原店","address":"千葉県印西市原１－２ ＢＩＧＨＯＰガーデンモール１Ｆ","source":"厚生労働省 食品衛生申請等システム（オープンデータ）"},"geometry":{"type":"Point","coordinates":[140.164945,35.803391]}},{"type":"Feature","properties":{"layer_id":"cafe_restaurant","name":"一幸　千葉ニュータウン店","address":"千葉県印西市原山１－１３－２","source":"厚生労働省 食品衛生申請等システム（オープンデータ）"},"geometry":{"type":"Point","coordinates":[140.127944,35.801494]}},{"type":"Feature","properties":{"layer_id":"cafe_restaurant","name":"ＣＩＭＡＸ","address":"千葉県印西市師戸２３００","source":"厚生労働省 食品衛生申請等システム（オープンデータ）"},"geometry":{"type":"Point","coordinates":[140.184819,35.767087]}},{"type":"Feature","properties":{"layer_id":"cafe_restaurant","name":"Ｉｎｚａｉ　Ｋｉｔｃｈｅｎ","address":"千葉県印西市船尾町田道添２３８５","source":"厚生労働省 食品衛生申請等システム（オープンデータ）"},"geometry":{"type":"Point","coordinates":[140.120152,35.781466]}},{"type":"Feature","properties":{"layer_id":"cafe_restaurant","name":"小料理　八重","address":"千葉県印西市大森３４４９番地２","source":"厚生労働省 食品衛生申請等システム（オープンデータ）"},"geometry":{"type":"Point","coordinates":[140.143061,35.836714]}},{"type":"Feature","properties":{"layer_id":"cafe_restaurant","name":"サイゼリヤ印西牧の原店","address":"千葉県印西市牧の原１－１","source":"厚生労働省 食品衛生申請等システム（オープンデータ）"},"geometry":{"type":"Point","coordinates":[140.168917,35.80415]}},{"type":"Feature","properties":{"layer_id":"cafe_restaurant","name":"キッチン　おふくろ","address":"千葉県印西市大森６８９－２","source":"厚生労働省 食品衛生申請等システム（オープンデータ）"},"geometry":{"type":"Point","coordinates":[140.140099,35.826921]}},{"type":"Feature","properties":{"layer_id":"cafe_restaurant","name":"花季","address":"千葉県印西市別所６１","source":"厚生労働省 食品衛生申請等システム（オープンデータ）"},"geometry":{"type":"Point","coordinates":[140.155953,35.809822]}},{"type":"Feature","properties":{"layer_id":"cafe_restaurant","name":"サーティワンアイスクリーム　イオンモール千葉ニュータウン店","address":"千葉県印西市中央北３－２","source":"厚生労働省 食品衛生申請等システム（オープンデータ）"},"geometry":{"type":"Point","coordinates":[140.112095,35.802211]}},{"type":"Feature","properties":{"layer_id":"cafe_restaurant","name":"マクドナルド　４６４印西牧の原店","address":"千葉県印西市牧の原１－３","source":"厚生労働省 食品衛生申請等システム（オープンデータ）"},"geometry":{"type":"Point","coordinates":[140.160817,35.805816]}},{"type":"Feature","properties":{"layer_id":"cafe_restaurant","name":"マクドナルドイオンモール千葉ニュータウン店","address":"千葉県印西市中央北３丁目２番","source":"厚生労働省 食品衛生申請等システム（オープンデータ）"},"geometry":{"type":"Point","coordinates":[140.112095,35.802211]}},{"type":"Feature","properties":{"layer_id":"cafe_restaurant","name":"いんば学舎のカフェ","address":"千葉県印西市中央南1-4-3","source":"厚生労働省 食品衛生申請等システム（オープンデータ）"},"geometry":{"type":"Point","coordinates":[140.119769,35.79935]}},{"type":"Feature","properties":{"layer_id":"cafe_restaurant","name":"オソロクカフェ","address":"千葉県印西市草深485-3 いんば学舎・オソロク倶楽部","source":"厚生労働省 食品衛生申請等システム（オープンデータ）"},"geometry":{"type":"Point","coordinates":[140.1658,35.782685]}},{"type":"Feature","properties":{"layer_id":"cafe_restaurant","name":"ピッツェリアオソロク","address":"千葉県印西市草深485-3","source":"厚生労働省 食品衛生申請等システム（オープンデータ）"},"geometry":{"type":"Point","coordinates":[140.1658,35.782685]}},{"type":"Feature","properties":{"layer_id":"cafe_restaurant","name":"フライングガーデン千葉ニュータウン店","address":"千葉県印西市西の原１丁目１番３","source":"厚生労働省 食品衛生申請等システム（オープンデータ）"},"geometry":{"type":"Point","coordinates":[140.157038,35.804248]}},{"type":"Feature","properties":{"layer_id":"cafe_restaurant","name":"海鮮和食　仲々","address":"千葉県印西市小林１８７５－５","source":"厚生労働省 食品衛生申請等システム（オープンデータ）"},"geometry":{"type":"Point","coordinates":[140.189786,35.826644]}},{"type":"Feature","properties":{"layer_id":"cafe_restaurant","name":"レストハウス　とみい","address":"千葉県印西市吉高２２１５番地３","source":"厚生労働省 食品衛生申請等システム（オープンデータ）"},"geometry":{"type":"Point","coordinates":[140.224168,35.79675]}},{"type":"Feature","properties":{"layer_id":"cafe_restaurant","name":"らぁめん　このしろ","address":"千葉県印西市中央北１－４ アルカサールふれあい横丁","source":"厚生労働省 食品衛生申請等システム（オープンデータ）"},"geometry":{"type":"Point","coordinates":[140.116561,35.802076]}},{"type":"Feature","properties":{"layer_id":"cafe_restaurant","name":"炭火串焼　シロマル","address":"千葉県印西市中央北１－４ アルカサール内１Ｆ","source":"厚生労働省 食品衛生申請等システム（オープンデータ）"},"geometry":{"type":"Point","coordinates":[140.116561,35.802076]}},{"type":"Feature","properties":{"layer_id":"cafe_restaurant","name":"銀のさら　印西店","address":"千葉県印西市草深１１１９－５","source":"厚生労働省 食品衛生申請等システム（オープンデータ）"},"geometry":{"type":"Point","coordinates":[140.134602,35.807827]}},{"type":"Feature","properties":{"layer_id":"cafe_restaurant","name":"マツムシコーヒー","address":"千葉県印西市松虫２２１","source":"厚生労働省 食品衛生申請等システム（オープンデータ）"},"geometry":{"type":"Point","coordinates":[140.214605,35.790063]}},{"type":"Feature","properties":{"layer_id":"cafe_restaurant","name":"木まぐれＫｏｐｉｔｉａｍ","address":"千葉県印西市武西１２０５－４９","source":"厚生労働省 食品衛生申請等システム（オープンデータ）"},"geometry":{"type":"Point","coordinates":[140.106901,35.791775]}},{"type":"Feature","properties":{"layer_id":"cafe_restaurant","name":"ペッパーランチジョイフル本田千葉ニュータウン店","address":"千葉県印西市牧の原２－１","source":"厚生労働省 食品衛生申請等システム（オープンデータ）"},"geometry":{"type":"Point","coordinates":[140.158988,35.805936]}},{"type":"Feature","properties":{"layer_id":"cafe_restaurant","name":"有限会社　嶺久庵","address":"千葉県印西市大森７８５番地","source":"厚生労働省 食品衛生申請等システム（オープンデータ）"},"geometry":{"type":"Point","coordinates":[140.137607,35.821513]}},{"type":"Feature","properties":{"layer_id":"cafe_restaurant","name":"ローソン印西４６４号店","address":"千葉県印西市武西１１３４－４","source":"厚生労働省 食品衛生申請等システム（オープンデータ）"},"geometry":{"type":"Point","coordinates":[140.105176,35.795366]}},{"type":"Feature","properties":{"layer_id":"cafe_restaurant","name":"コース売店キング６番","address":"千葉県印西市大森７","source":"厚生労働省 食品衛生申請等システム（オープンデータ）"},"geometry":{"type":"Point","coordinates":[140.14386,35.812956]}},{"type":"Feature","properties":{"layer_id":"cafe_restaurant","name":"コース売店クイーン１５番","address":"千葉県印西市大森７","source":"厚生労働省 食品衛生申請等システム（オープンデータ）"},"geometry":{"type":"Point","coordinates":[140.14386,35.812956]}},{"type":"Feature","properties":{"layer_id":"cafe_restaurant","name":"すずき","address":"千葉県印西市山田１９８８－１","source":"厚生労働省 食品衛生申請等システム（オープンデータ）"},"geometry":{"type":"Point","coordinates":[140.227239,35.762381]}},{"type":"Feature","properties":{"layer_id":"cafe_restaurant","name":"みさと","address":"千葉県印西市平賀１２２４－４","source":"厚生労働省 食品衛生申請等システム（オープンデータ）"},"geometry":{"type":"Point","coordinates":[140.250785,35.753637]}},{"type":"Feature","properties":{"layer_id":"cafe_restaurant","name":"セブンーイレブン　印西中央南店","address":"千葉県印西市中央南１丁目１－２","source":"厚生労働省 食品衛生申請等システム（オープンデータ）"},"geometry":{"type":"Point","coordinates":[140.118353,35.79966]}},{"type":"Feature","properties":{"layer_id":"cafe_restaurant","name":"らーめん・つけ麺　春樹　ＢＩＧＨＯＰガーデンモール印西店","address":"千葉県印西市原１－２ ＢＩＧＨＯＰガーデンモール印西　Ｆ２１８","source":"厚生労働省 食品衛生申請等システム（オープンデータ）"},"geometry":{"type":"Point","coordinates":[140.164945,35.803391]}},{"type":"Feature","properties":{"layer_id":"cafe_restaurant","name":"はなまるうどん　ジョイフル本田　千葉ニュータウン店","address":"千葉県印西市牧の原２丁目１番地","source":"厚生労働省 食品衛生申請等システム（オープンデータ）"},"geometry":{"type":"Point","coordinates":[140.158988,35.805936]}},{"type":"Feature","properties":{"layer_id":"cafe_restaurant","name":"ノボロンの郷","address":"千葉県印西市鎌苅１２０１－８","source":"厚生労働省 食品衛生申請等システム（オープンデータ）"},"geometry":{"type":"Point","coordinates":[140.19602,35.772]}},{"type":"Feature","properties":{"layer_id":"cafe_restaurant","name":"ボン　アトレ","address":"千葉県印西市草深２１５９－１５","source":"厚生労働省 食品衛生申請等システム（オープンデータ）"},"geometry":{"type":"Point","coordinates":[140.158526,35.798473]}},{"type":"Feature","properties":{"layer_id":"cafe_restaurant","name":"ｏｈａｇｉ３　ＢＩＧＨＯＰ印西店","address":"千葉県印西市原１－２ ＢＩＧＨＯＰガーデンモール印西　１Ｆ","source":"厚生労働省 食品衛生申請等システム（オープンデータ）"},"geometry":{"type":"Point","coordinates":[140.164945,35.803391]}},{"type":"Feature","properties":{"layer_id":"cafe_restaurant","name":"茶室「此君亭」","address":"千葉県印西市平賀２５４７－２","source":"厚生労働省 食品衛生申請等システム（オープンデータ）"},"geometry":{"type":"Point","coordinates":[140.249245,35.763079]}},{"type":"Feature","properties":{"layer_id":"cafe_restaurant","name":"丸源ラーメン　印西牧の原モア店","address":"千葉県印西市牧の原１－３","source":"厚生労働省 食品衛生申請等システム（オープンデータ）"},"geometry":{"type":"Point","coordinates":[140.160817,35.805816]}},{"type":"Feature","properties":{"layer_id":"cafe_restaurant","name":"おやつのおうち","address":"千葉県印西市戸神１０４６－７","source":"厚生労働省 食品衛生申請等システム（オープンデータ）"},"geometry":{"type":"Point","coordinates":[140.11766,35.788217]}},{"type":"Feature","properties":{"layer_id":"cafe_restaurant","name":"扇寿司","address":"千葉県印西市舞姫１－３－７","source":"厚生労働省 食品衛生申請等システム（オープンデータ）"},"geometry":{"type":"Point","coordinates":[140.202612,35.784392]}},{"type":"Feature","properties":{"layer_id":"cafe_restaurant","name":"プロント　印西牧の原駅前店","address":"千葉県印西市原１－１－３","source":"厚生労働省 食品衛生申請等システム（オープンデータ）"},"geometry":{"type":"Point","coordinates":[140.161741,35.800178]}},{"type":"Feature","properties":{"layer_id":"cafe_restaurant","name":"イタリア料理　カプリチョーザ　千葉ニュータウン店","address":"千葉県印西市中央北１丁目４６９","source":"厚生労働省 食品衛生申請等システム（オープンデータ）"},"geometry":{"type":"Point","coordinates":[140.117379,35.801439]}},{"type":"Feature","properties":{"layer_id":"cafe_restaurant","name":"寿司処　澤石","address":"千葉県印西市木下東３丁目４－１４","source":"厚生労働省 食品衛生申請等システム（オープンデータ）"},"geometry":{"type":"Point","coordinates":[140.164374,35.840669]}},{"type":"Feature","properties":{"layer_id":"cafe_restaurant","name":"三国志","address":"千葉県印西市牧の原２－１ ジョイフル本田２Ｆ","source":"厚生労働省 食品衛生申請等システム（オープンデータ）"},"geometry":{"type":"Point","coordinates":[140.158988,35.805936]}},{"type":"Feature","properties":{"layer_id":"cafe_restaurant","name":"大地食堂","address":"千葉県印西市牧の原２－１ ジョイフル本田千葉ニュータウン店２Ｆフードコート","source":"厚生労働省 食品衛生申請等システム（オープンデータ）"},"geometry":{"type":"Point","coordinates":[140.158988,35.805936]}},{"type":"Feature","properties":{"layer_id":"cafe_restaurant","name":"マクドナルドイオン千葉ニュータウン店","address":"千葉県印西市中央北３丁目１－１","source":"厚生労働省 食品衛生申請等システム（オープンデータ）"},"geometry":{"type":"Point","coordinates":[140.113643,35.802869]}},{"type":"Feature","properties":{"layer_id":"cafe_restaurant","name":"板前バル　印西牧の原店","address":"千葉県印西市原１－２ ＢＩＧＨＯＰ駅前ビレッジ内","source":"厚生労働省 食品衛生申請等システム（オープンデータ）"},"geometry":{"type":"Point","coordinates":[140.161741,35.800178]}},{"type":"Feature","properties":{"layer_id":"cafe_restaurant","name":"丼と麺　井ノ一番","address":"千葉県印西市岩戸１５５２－７","source":"厚生労働省 食品衛生申請等システム（オープンデータ）"},"geometry":{"type":"Point","coordinates":[140.169058,35.761501]}},{"type":"Feature","properties":{"layer_id":"cafe_restaurant","name":"東横ＩＮＮ印旛日本医大駅前","address":"千葉県印西市舞姫１－３－１","source":"厚生労働省 食品衛生申請等システム（オープンデータ）"},"geometry":{"type":"Point","coordinates":[140.202612,35.784392]}},{"type":"Feature","properties":{"layer_id":"cafe_restaurant","name":"ティンカーベル","address":"千葉県印西市吉高１０５６－５","source":"厚生労働省 食品衛生申請等システム（オープンデータ）"},"geometry":{"type":"Point","coordinates":[140.229896,35.784635]}},{"type":"Feature","properties":{"layer_id":"cafe_restaurant","name":"木だち","address":"千葉県印西市和泉６８９","source":"厚生労働省 食品衛生申請等システム（オープンデータ）"},"geometry":{"type":"Point","coordinates":[140.128577,35.816848]}},{"type":"Feature","properties":{"layer_id":"cafe_restaurant","name":"台湾料理　師記","address":"千葉県印西市草深１４２１－９０","source":"厚生労働省 食品衛生申請等システム（オープンデータ）"},"geometry":{"type":"Point","coordinates":[140.14987,35.807345]}},{"type":"Feature","properties":{"layer_id":"cafe_restaurant","name":"カリフォルニア　スタイルキッチン","address":"千葉県印西市牧の原１丁目１－３ ウエイトワンビル１０２","source":"厚生労働省 食品衛生申請等システム（オープンデータ）"},"geometry":{"type":"Point","coordinates":[140.167389,35.805343]}},{"type":"Feature","properties":{"layer_id":"cafe_restaurant","name":"居酒屋　ゆうき","address":"千葉県印西市笠神２５４－５","source":"厚生労働省 食品衛生申請等システム（オープンデータ）"},"geometry":{"type":"Point","coordinates":[140.200485,35.817752]}},{"type":"Feature","properties":{"layer_id":"cafe_restaurant","name":"カフェ　山の音","address":"千葉県印西市岩戸３１８７－３","source":"厚生労働省 食品衛生申請等システム（オープンデータ）"},"geometry":{"type":"Point","coordinates":[140.165365,35.769883]}},{"type":"Feature","properties":{"layer_id":"cafe_restaurant","name":"麺場　田所商店　印西千葉ニュータウン店","address":"千葉県印西市草深１１０１－２４","source":"厚生労働省 食品衛生申請等システム（オープンデータ）"},"geometry":{"type":"Point","coordinates":[140.139576,35.805977]}},{"type":"Feature","properties":{"layer_id":"cafe_restaurant","name":"麺場　田所商店　イオンモール千葉ニュータウン店","address":"千葉県印西市中央北３丁目２ イオンモール千葉ニュータウン３Fフードコート内３４９区画","source":"厚生労働省 食品衛生申請等システム（オープンデータ）"},"geometry":{"type":"Point","coordinates":[140.112095,35.802211]}},{"type":"Feature","properties":{"layer_id":"cafe_restaurant","name":"学校法人大和学園　やまと小規模保育園","address":"千葉県印西市牧の原１－３ 牧の原モアＡ－２０－２","source":"厚生労働省 食品衛生申請等システム（オープンデータ）"},"geometry":{"type":"Point","coordinates":[140.166585,35.804845]}},{"type":"Feature","properties":{"layer_id":"cafe_restaurant","name":"やきとり　啄木鳥","address":"千葉県印西市木下１４９６－２１","source":"厚生労働省 食品衛生申請等システム（オープンデータ）"},"geometry":{"type":"Point","coordinates":[140.152436,35.837594]}},{"type":"Feature","properties":{"layer_id":"cafe_restaurant","name":"ホテルマークワンＣＮＴ","address":"千葉県印西市中央南１－１０","source":"厚生労働省 食品衛生申請等システム（オープンデータ）"},"geometry":{"type":"Point","coordinates":[140.117174,35.797792]}},{"type":"Feature","properties":{"layer_id":"cafe_restaurant","name":"まぐろ　ＴＡＴＳＵ","address":"千葉県印西市中央北１－１ 千葉ニュータウンアポロプラントモール内","source":"厚生労働省 食品衛生申請等システム（オープンデータ）"},"geometry":{"type":"Point","coordinates":[140.116013,35.804276]}},{"type":"Feature","properties":{"layer_id":"cafe_restaurant","name":"肉のウヱキ千葉ニュータウン店","address":"千葉県印西市中央北1丁目4番","source":"厚生労働省 食品衛生申請等システム（オープンデータ）"},"geometry":{"type":"Point","coordinates":[140.116541,35.802088]}},{"type":"Feature","properties":{"layer_id":"cafe_restaurant","name":"BOULANGERIE LE BENKEI","address":"千葉県印西市原１－２","source":"厚生労働省 食品衛生申請等システム（オープンデータ）"},"geometry":{"type":"Point","coordinates":[140.164945,35.803391]}},{"type":"Feature","properties":{"layer_id":"cafe_restaurant","name":"ＫＵＲＯ","address":"千葉県印西市木下１５５５－４","source":"厚生労働省 食品衛生申請等システム（オープンデータ）"},"geometry":{"type":"Point","coordinates":[140.148628,35.838125]}},{"type":"Feature","properties":{"layer_id":"cafe_restaurant","name":"サバイバルゲームフィールド　サバス","address":"千葉県印西市草深４８３－１","source":"厚生労働省 食品衛生申請等システム（オープンデータ）"},"geometry":{"type":"Point","coordinates":[140.16567,35.780916]}},{"type":"Feature","properties":{"layer_id":"cafe_restaurant","name":"談笑酒処　坂の途中","address":"千葉県印西市大森２５６７－２","source":"厚生労働省 食品衛生申請等システム（オープンデータ）"},"geometry":{"type":"Point","coordinates":[140.14251,35.832799]}},{"type":"Feature","properties":{"layer_id":"cafe_restaurant","name":"横浜家系ラーメン　印西家","address":"千葉県印西市大森２５３０－３","source":"厚生労働省 食品衛生申請等システム（オープンデータ）"},"geometry":{"type":"Point","coordinates":[140.145403,35.833898]}},{"type":"Feature","properties":{"layer_id":"cafe_restaurant","name":"カレーハウスＣｏＣｏ壱番屋千葉ニュータウン中央通店","address":"千葉県印西市中央北１－４６９－２","source":"厚生労働省 食品衛生申請等システム（オープンデータ）"},"geometry":{"type":"Point","coordinates":[140.116403,35.801712]}},{"type":"Feature","properties":{"layer_id":"cafe_restaurant","name":"特別養護老人ホーム　アマポーラ","address":"千葉県印西市内野１丁目７番１号","source":"厚生労働省 食品衛生申請等システム（オープンデータ）"},"geometry":{"type":"Point","coordinates":[140.127058,35.796722]}},{"type":"Feature","properties":{"layer_id":"cafe_restaurant","name":"サービス付高齢者向け住宅　アインストラッセ","address":"千葉県印西市中央南１丁目７番４号","source":"厚生労働省 食品衛生申請等システム（オープンデータ）"},"geometry":{"type":"Point","coordinates":[140.118296,35.798186]}},{"type":"Feature","properties":{"layer_id":"cafe_restaurant","name":"介護老人保健施設　ヴィラ大森","address":"千葉県印西市大森２２１８－１","source":"厚生労働省 食品衛生申請等システム（オープンデータ）"},"geometry":{"type":"Point","coordinates":[140.150045,35.826711]}},{"type":"Feature","properties":{"layer_id":"cafe_restaurant","name":"モスバーガー　ＢＩＧＨＯＰ印西店","address":"千葉県印西市原１丁目２番地 ビッグホップガーデンモール印西１階","source":"厚生労働省 食品衛生申請等システム（オープンデータ）"},"geometry":{"type":"Point","coordinates":[140.164945,35.803391]}},{"type":"Feature","properties":{"layer_id":"cafe_restaurant","name":"やきとり　ぜん","address":"千葉県印西市草深２３２２－２","source":"厚生労働省 食品衛生申請等システム（オープンデータ）"},"geometry":{"type":"Point","coordinates":[140.164374,35.79509]}},{"type":"Feature","properties":{"layer_id":"cafe_restaurant","name":"まるみや　新館","address":"千葉県印西市中根８５５番地２","source":"厚生労働省 食品衛生申請等システム（オープンデータ）"},"geometry":{"type":"Point","coordinates":[140.203079,35.809985]}},{"type":"Feature","properties":{"layer_id":"cafe_restaurant","name":"まるみや","address":"千葉県印西市中根８５５番地９","source":"厚生労働省 食品衛生申請等システム（オープンデータ）"},"geometry":{"type":"Point","coordinates":[140.19795,35.808391]}},{"type":"Feature","properties":{"layer_id":"cafe_restaurant","name":"道とん堀　千葉ニュータウンアルカサール店","address":"千葉県印西市中央北１－４６９－２","source":"厚生労働省 食品衛生申請等システム（オープンデータ）"},"geometry":{"type":"Point","coordinates":[140.116412,35.801705]}},{"type":"Feature","properties":{"layer_id":"cafe_restaurant","name":"北海道うまいもの館ＢＩＧＨＯＰガーデンモール印西店","address":"千葉県印西市原１－２ ＢＩＧＨＯＰガーデンモール印西","source":"厚生労働省 食品衛生申請等システム（オープンデータ）"},"geometry":{"type":"Point","coordinates":[140.164945,35.803391]}},{"type":"Feature","properties":{"layer_id":"cafe_restaurant","name":"ＭＯＡ　ｃａｆｅ","address":"千葉県印西市西の原５丁目５番","source":"厚生労働省 食品衛生申請等システム（オープンデータ）"},"geometry":{"type":"Point","coordinates":[140.14345,35.80484]}},{"type":"Feature","properties":{"layer_id":"cafe_restaurant","name":"小料理　花","address":"千葉県印西市大森２５６４－１５５","source":"厚生労働省 食品衛生申請等システム（オープンデータ）"},"geometry":{"type":"Point","coordinates":[140.143143,35.833454]}},{"type":"Feature","properties":{"layer_id":"cafe_restaurant","name":"マクドナルド３５６印西店","address":"千葉県印西市大森２５３１－１","source":"厚生労働省 食品衛生申請等システム（オープンデータ）"},"geometry":{"type":"Point","coordinates":[140.146167,35.833817]}},{"type":"Feature","properties":{"layer_id":"cafe_restaurant","name":"くるまやラーメン印西木下東店　くるまや亭","address":"千葉県印西市木下東２丁目２番１９","source":"厚生労働省 食品衛生申請等システム（オープンデータ）"},"geometry":{"type":"Point","coordinates":[140.161802,35.841555]}},{"type":"Feature","properties":{"layer_id":"cafe_restaurant","name":"茅橋ラーメン","address":"千葉県印西市船尾１４０９－２","source":"厚生労働省 食品衛生申請等システム（オープンデータ）"},"geometry":{"type":"Point","coordinates":[140.132263,35.792512]}},{"type":"Feature","properties":{"layer_id":"cafe_restaurant","name":"カルビ大将　千葉ニュータウン店","address":"千葉県印西市草深１０６０－１","source":"厚生労働省 食品衛生申請等システム（オープンデータ）"},"geometry":{"type":"Point","coordinates":[140.136798,35.804339]}},{"type":"Feature","properties":{"layer_id":"cafe_restaurant","name":"紫　苑","address":"千葉県印西市小林北３－１０－４","source":"厚生労働省 食品衛生申請等システム（オープンデータ）"},"geometry":{"type":"Point","coordinates":[140.141545,35.794536]}},{"type":"Feature","properties":{"layer_id":"cafe_restaurant","name":"セブンイレブン　千葉北総病院前店","address":"千葉県印西市舞姫１－５－３","source":"厚生労働省 食品衛生申請等システム（オープンデータ）"},"geometry":{"type":"Point","coordinates":[140.202657,35.783292]}},{"type":"Feature","properties":{"layer_id":"cafe_restaurant","name":"スープパスタ＆ＰＩＺＺＡ専門店　東京オリーブ　千葉ニュータウン駅前","address":"千葉県印西市中央南１丁目１－８ 千葉ニュータウン駅前センタービル１Ｆ","source":"厚生労働省 食品衛生申請等システム（オープンデータ）"},"geometry":{"type":"Point","coordinates":[140.118017,35.799856]}},{"type":"Feature","properties":{"layer_id":"cafe_restaurant","name":"弥生寿司","address":"千葉県印西市木下１７０７－４","source":"厚生労働省 食品衛生申請等システム（オープンデータ）"},"geometry":{"type":"Point","coordinates":[140.149893,35.8396]}},{"type":"Feature","properties":{"layer_id":"cafe_restaurant","name":"ｍａｒｉｃｈｉ　ｃａｆｅ","address":"千葉県印西市草深２４２６－５","source":"厚生労働省 食品衛生申請等システム（オープンデータ）"},"geometry":{"type":"Point","coordinates":[140.154767,35.799089]}},{"type":"Feature","properties":{"layer_id":"cafe_restaurant","name":"食鮮処　優","address":"千葉県印西市大森２６３４番地３","source":"厚生労働省 食品衛生申請等システム（オープンデータ）"},"geometry":{"type":"Point","coordinates":[140.140541,35.834929]}},{"type":"Feature","properties":{"layer_id":"cafe_restaurant","name":"焼鳥　かやばし","address":"千葉県印西市船尾１４０９－２","source":"厚生労働省 食品衛生申請等システム（オープンデータ）"},"geometry":{"type":"Point","coordinates":[140.132263,35.792512]}},{"type":"Feature","properties":{"layer_id":"cafe_restaurant","name":"印西市高花学校給食センター","address":"千葉県印西市高花１丁目１番","source":"厚生労働省 食品衛生申請等システム（オープンデータ）"},"geometry":{"type":"Point","coordinates":[140.131882,35.796225]}},{"type":"Feature","properties":{"layer_id":"cafe_restaurant","name":"ラーメンショップ亀成","address":"千葉県印西市亀成２８６","source":"厚生労働省 食品衛生申請等システム（オープンデータ）"},"geometry":{"type":"Point","coordinates":[140.116967,35.827533]}},{"type":"Feature","properties":{"layer_id":"cafe_restaurant","name":"松栄鮨　千葉ニュータウン店","address":"千葉県印西市中央北１－４６９ アルカサール１Ｆ","source":"厚生労働省 食品衛生申請等システム（オープンデータ）"},"geometry":{"type":"Point","coordinates":[140.117379,35.801439]}},{"type":"Feature","properties":{"layer_id":"cafe_restaurant","name":"イタリアンダイニング　ＭＡＯ","address":"千葉県印西市草深９４１－３ （２Ｆ）","source":"厚生労働省 食品衛生申請等システム（オープンデータ）"},"geometry":{"type":"Point","coordinates":[140.150236,35.799335]}},{"type":"Feature","properties":{"layer_id":"cafe_restaurant","name":"株式会社成田射撃場","address":"千葉県印西市山田１６６番地","source":"厚生労働省 食品衛生申請等システム（オープンデータ）"},"geometry":{"type":"Point","coordinates":[140.238735,35.768734]}},{"type":"Feature","properties":{"layer_id":"cafe_restaurant","name":"鮨処　こうよう","address":"千葉県印西市木刈４－２－２","source":"厚生労働省 食品衛生申請等システム（オープンデータ）"},"geometry":{"type":"Point","coordinates":[140.107378,35.809439]}},{"type":"Feature","properties":{"layer_id":"cafe_restaurant","name":"和　作","address":"千葉県印西市鎌苅１９６６－２","source":"厚生労働省 食品衛生申請等システム（オープンデータ）"},"geometry":{"type":"Point","coordinates":[140.202725,35.779765]}},{"type":"Feature","properties":{"layer_id":"cafe_restaurant","name":"ビッグボーイ　千葉ニュータウン店","address":"千葉県印西市西の原５丁目４番","source":"厚生労働省 食品衛生申請等システム（オープンデータ）"},"geometry":{"type":"Point","coordinates":[140.145333,35.804659]}},{"type":"Feature","properties":{"layer_id":"cafe_restaurant","name":"ゴーゴーカレー　ジョイフル本田　千葉ニュータウンパーク","address":"千葉県印西市牧の原２－１","source":"厚生労働省 食品衛生申請等システム（オープンデータ）"},"geometry":{"type":"Point","coordinates":[140.15931,35.807516]}},{"type":"Feature","properties":{"layer_id":"cafe_restaurant","name":"ブルーベリーガーデンいんざい","address":"千葉県印西市竹袋９６６－１６","source":"厚生労働省 食品衛生申請等システム（オープンデータ）"},"geometry":{"type":"Point","coordinates":[140.164292,35.836699]}},{"type":"Feature","properties":{"layer_id":"cafe_restaurant","name":"Cafe　Hathibunme","address":"千葉県印西市高花５－１０－１１","source":"厚生労働省 食品衛生申請等システム（オープンデータ）"},"geometry":{"type":"Point","coordinates":[140.134359,35.793604]}},{"type":"Feature","properties":{"layer_id":"cafe_restaurant","name":"千葉県立北総花の丘公園バーベキューガーデン","address":"千葉県印西市内野３丁目 北総花の丘公園Ｅゾーン内","source":"厚生労働省 食品衛生申請等システム（オープンデータ）"},"geometry":{"type":"Point","coordinates":[140.12473,35.789294]}},{"type":"Feature","properties":{"layer_id":"cafe_restaurant","name":"印西舞姫ケアセンターそよ風","address":"千葉県印西市舞姫１－１－２５","source":"厚生労働省 食品衛生申請等システム（オープンデータ）"},"geometry":{"type":"Point","coordinates":[140.2026,35.786817]}},{"type":"Feature","properties":{"layer_id":"cafe_restaurant","name":"家系ラーメン　王道家直系　修","address":"千葉県印西市泉野１－２１０－９","source":"厚生労働省 食品衛生申請等システム（オープンデータ）"},"geometry":{"type":"Point","coordinates":[140.127328,35.804833]}},{"type":"Feature","properties":{"layer_id":"cafe_restaurant","name":"明食品","address":"千葉県印西市小林浅間１－２２－８","source":"厚生労働省 食品衛生申請等システム（オープンデータ）"},"geometry":{"type":"Point","coordinates":[140.192612,35.825794]}},{"type":"Feature","properties":{"layer_id":"cafe_restaurant","name":"ファミリーマート千葉ニュータウン原山店","address":"千葉県印西市草深１１５４－３","source":"厚生労働省 食品衛生申請等システム（オープンデータ）"},"geometry":{"type":"Point","coordinates":[140.132221,35.803476]}},{"type":"Feature","properties":{"layer_id":"cafe_restaurant","name":"レストラン　ココス　千葉ニュータウン店","address":"千葉県印西市草深1923-1","source":"厚生労働省 食品衛生申請等システム（オープンデータ）"},"geometry":{"type":"Point","coordinates":[140.158401,35.796067]}},{"type":"Feature","properties":{"layer_id":"cafe_restaurant","name":"ココス印西店","address":"千葉県印西市大森2515番地1","source":"厚生労働省 食品衛生申請等システム（オープンデータ）"},"geometry":{"type":"Point","coordinates":[140.146468,35.83417]}},{"type":"Feature","properties":{"layer_id":"cafe_restaurant","name":"甘味処鎌倉","address":"千葉県印西市中央北３丁目２イオンモール千葉ニュータウン","source":"厚生労働省 食品衛生申請等システム（オープンデータ）"},"geometry":{"type":"Point","coordinates":[140.112095,35.802211]}},{"type":"Feature","properties":{"layer_id":"cafe_restaurant","name":"うまいもの北海道","address":"千葉県印西市中央北3-2","source":"厚生労働省 食品衛生申請等システム（オープンデータ）"},"geometry":{"type":"Point","coordinates":[140.112095,35.802211]}},{"type":"Feature","properties":{"layer_id":"cafe_restaurant","name":"幸楽苑　印西店","address":"千葉県印西市大森2609-3","source":"厚生労働省 食品衛生申請等システム（オープンデータ）"},"geometry":{"type":"Point","coordinates":[140.14308,35.83475]}},{"type":"Feature","properties":{"layer_id":"cafe_restaurant","name":"サンマルクカフェ　イオンモール千葉ニュータウン店","address":"千葉県印西市中央北３－２","source":"厚生労働省 食品衛生申請等システム（オープンデータ）"},"geometry":{"type":"Point","coordinates":[140.111394,35.800252]}},{"type":"Feature","properties":{"layer_id":"cafe_restaurant","name":"USシネマ千葉ニュータウン","address":"千葉県印西市牧の原2-2","source":"厚生労働省 食品衛生申請等システム（オープンデータ）"},"geometry":{"type":"Point","coordinates":[140.15243,35.80673]}},{"type":"Feature","properties":{"layer_id":"cafe_restaurant","name":"INDUS RAY","address":"千葉県印西市木下693-5","source":"厚生労働省 食品衛生申請等システム（オープンデータ）"},"geometry":{"type":"Point","coordinates":[140.149422,35.836616]}},{"type":"Feature","properties":{"layer_id":"cafe_restaurant","name":"大の家","address":"千葉県印西市内野1-6","source":"厚生労働省 食品衛生申請等システム（オープンデータ）"},"geometry":{"type":"Point","coordinates":[140.124,35.797418]}},{"type":"Feature","properties":{"layer_id":"cafe_restaurant","name":"丸亀製麺　千葉ニュータウン中央店","address":"千葉県印西市中央北１－３－１－１","source":"厚生労働省 食品衛生申請等システム（オープンデータ）"},"geometry":{"type":"Point","coordinates":[140.115551,35.804326]}},{"type":"Feature","properties":{"layer_id":"public_facilities","name":"ふれあいサポートセンターいんざい","address":"印西市木下804-1","source":"国土交通省 国土数値情報"},"geometry":{"type":"Point","coordinates":[140.155074,35.836688]}},{"type":"Feature","properties":{"layer_id":"public_facilities","name":"印西地域福祉センター","address":"印西市竹袋614-9","source":"国土交通省 国土数値情報"},"geometry":{"type":"Point","coordinates":[140.150522,35.832888]}},{"type":"Feature","properties":{"layer_id":"public_facilities","name":"ふれあいセンターいんば","address":"印西市美瀬1-25","source":"国土交通省 国土数値情報"},"geometry":{"type":"Point","coordinates":[140.204691,35.779357]}},{"type":"Feature","properties":{"layer_id":"public_facilities","name":"牧の原出張所","address":"印西市原1-2","source":"国土交通省 国土数値情報"},"geometry":{"type":"Point","coordinates":[140.165007,35.80347]}},{"type":"Feature","properties":{"layer_id":"public_facilities","name":"本埜公民館","address":"印西市中根1375","source":"国土交通省 国土数値情報"},"geometry":{"type":"Point","coordinates":[140.199629,35.810148]}},{"type":"Feature","properties":{"layer_id":"public_facilities","name":"市民安全センター","address":"印西市中央南1-4-1","source":"国土交通省 国土数値情報"},"geometry":{"type":"Point","coordinates":[140.11946,35.799824]}},{"type":"Feature","properties":{"layer_id":"public_facilities","name":"結縁寺青年館","address":"印西市結縁寺535-1","source":"国土交通省 国土数値情報"},"geometry":{"type":"Point","coordinates":[140.135713,35.790153]}},{"type":"Feature","properties":{"layer_id":"public_facilities","name":"子どもふれあいセンター","address":"印西市竹袋614-9","source":"国土交通省 国土数値情報"},"geometry":{"type":"Point","coordinates":[140.150502,35.832888]}},{"type":"Feature","properties":{"layer_id":"public_facilities","name":"印西市教育センター","address":"印西市草深924","source":"国土交通省 国土数値情報"},"geometry":{"type":"Point","coordinates":[140.151057,35.795775]}},{"type":"Feature","properties":{"layer_id":"public_facilities","name":"中央公民館","address":"印西市大森3934-1","source":"国土交通省 国土数値情報"},"geometry":{"type":"Point","coordinates":[140.146635,35.84143]}},{"type":"Feature","properties":{"layer_id":"public_facilities","name":"印旛図書館","address":"印西市美瀬1-25","source":"国土交通省 国土数値情報"},"geometry":{"type":"Point","coordinates":[140.204681,35.779367]}},{"type":"Feature","properties":{"layer_id":"public_facilities","name":"小林出張所","address":"印西市小林北5-1-6","source":"国土交通省 国土数値情報"},"geometry":{"type":"Point","coordinates":[140.19774,35.831906]}},{"type":"Feature","properties":{"layer_id":"public_facilities","name":"総合福祉センター","address":"印西市竹袋614-9","source":"国土交通省 国土数値情報"},"geometry":{"type":"Point","coordinates":[140.150512,35.832878]}},{"type":"Feature","properties":{"layer_id":"public_facilities","name":"いんば児童館","address":"印西市美瀬1-25","source":"国土交通省 国土数値情報"},"geometry":{"type":"Point","coordinates":[140.204671,35.779357]}},{"type":"Feature","properties":{"layer_id":"public_facilities","name":"印旛支所","address":"印西市美瀬1-25","source":"国土交通省 国土数値情報"},"geometry":{"type":"Point","coordinates":[140.204615,35.77924]}},{"type":"Feature","properties":{"layer_id":"public_facilities","name":"高花青年館","address":"印西市高花5-23","source":"国土交通省 国土数値情報"},"geometry":{"type":"Point","coordinates":[140.134889,35.79324]}},{"type":"Feature","properties":{"layer_id":"public_facilities","name":"中央駅前地域交流館","address":"印西市中央南1-2","source":"国土交通省 国土数値情報"},"geometry":{"type":"Point","coordinates":[140.119147,35.800299]}},{"type":"Feature","properties":{"layer_id":"public_facilities","name":"保健福祉センター","address":"印西市高花2-1-5","source":"国土交通省 国土数値情報"},"geometry":{"type":"Point","coordinates":[140.138846,35.798041]}},{"type":"Feature","properties":{"layer_id":"public_facilities","name":"滝野出張所","address":"印西市滝野3-4","source":"国土交通省 国土数値情報"},"geometry":{"type":"Point","coordinates":[140.177648,35.806653]}},{"type":"Feature","properties":{"layer_id":"public_facilities","name":"市民活動支援センター","address":"印西市中央南1-4-1","source":"国土交通省 国土数値情報"},"geometry":{"type":"Point","coordinates":[140.119453,35.799776]}},{"type":"Feature","properties":{"layer_id":"public_facilities","name":"宗甫青年館","address":"印西市宗甫67-3","source":"国土交通省 国土数値情報"},"geometry":{"type":"Point","coordinates":[140.167872,35.814042]}},{"type":"Feature","properties":{"layer_id":"public_facilities","name":"船穂コミュニティセンター","address":"印西市船尾786-1","source":"国土交通省 国土数値情報"},"geometry":{"type":"Point","coordinates":[140.129442,35.781579]}},{"type":"Feature","properties":{"layer_id":"public_facilities","name":"そうふけ公民館","address":"印西市原3-4","source":"国土交通省 国土数値情報"},"geometry":{"type":"Point","coordinates":[140.165228,35.79971]}},{"type":"Feature","properties":{"layer_id":"public_facilities","name":"松山下公園総合体育館","address":"印西市浦部275","source":"国土交通省 国土数値情報"},"geometry":{"type":"Point","coordinates":[140.114048,35.824828]}},{"type":"Feature","properties":{"layer_id":"public_facilities","name":"そうふけ図書館","address":"印西市原3-4","source":"国土交通省 国土数値情報"},"geometry":{"type":"Point","coordinates":[140.165248,35.79971]}},{"type":"Feature","properties":{"layer_id":"public_facilities","name":"印西斎場","address":"印西市平岡1538","source":"国土交通省 国土数値情報"},"geometry":{"type":"Point","coordinates":[140.172209,35.828145]}},{"type":"Feature","properties":{"layer_id":"public_facilities","name":"本埜支所","address":"印西市笠神2587","source":"国土交通省 国土数値情報"},"geometry":{"type":"Point","coordinates":[140.20153,35.816731]}},{"type":"Feature","properties":{"layer_id":"public_facilities","name":"健康づくりセンター","address":"印西市美瀬1-25","source":"国土交通省 国土数値情報"},"geometry":{"type":"Point","coordinates":[140.204611,35.779386]}},{"type":"Feature","properties":{"layer_id":"public_facilities","name":"小林公民館","address":"印西市小林北5-1-6","source":"国土交通省 国土数値情報"},"geometry":{"type":"Point","coordinates":[140.197676,35.831939]}},{"type":"Feature","properties":{"layer_id":"public_facilities","name":"中央老人福祉センター","address":"印西市竹袋614-9","source":"国土交通省 国土数値情報"},"geometry":{"type":"Point","coordinates":[140.150512,35.832888]}},{"type":"Feature","properties":{"layer_id":"public_facilities","name":"印西市役所","address":"印西市大森2364-2","source":"国土交通省 国土数値情報"},"geometry":{"type":"Point","coordinates":[140.145822,35.832348]}},{"type":"Feature","properties":{"layer_id":"public_facilities","name":"高花老人福祉センター","address":"印西市高花2-1-5","source":"国土交通省 国土数値情報"},"geometry":{"type":"Point","coordinates":[140.138856,35.798041]}},{"type":"Feature","properties":{"layer_id":"public_facilities","name":"小林新田青年館","address":"印西市小林802-3","source":"国土交通省 国土数値情報"},"geometry":{"type":"Point","coordinates":[140.199877,35.833266]}},{"type":"Feature","properties":{"layer_id":"public_facilities","name":"草深ふれあい市民センター","address":"印西市草深924","source":"国土交通省 国土数値情報"},"geometry":{"type":"Point","coordinates":[140.151047,35.795775]}},{"type":"Feature","properties":{"layer_id":"public_facilities","name":"中央駅前出張所","address":"印西市中央南1-4-1","source":"国土交通省 国土数値情報"},"geometry":{"type":"Point","coordinates":[140.11945,35.799794]}},{"type":"Feature","properties":{"layer_id":"public_facilities","name":"小林コミュニティプラザ","address":"印西市小林北5-1-6","source":"国土交通省 国土数値情報"},"geometry":{"type":"Point","coordinates":[140.197686,35.831939]}},{"type":"Feature","properties":{"layer_id":"public_facilities","name":"牧の原地域交流センター","address":"印西市牧の原3-1-2","source":"国土交通省 国土数値情報"},"geometry":{"type":"Point","coordinates":[140.160084,35.812276]}},{"type":"Feature","properties":{"layer_id":"public_facilities","name":"印旛公民館","address":"印西市瀬戸1518","source":"国土交通省 国土数値情報"},"geometry":{"type":"Point","coordinates":[140.223059,35.780375]}},{"type":"Feature","properties":{"layer_id":"public_facilities","name":"文化ホール","address":"印西市大森2535","source":"国土交通省 国土数値情報"},"geometry":{"type":"Point","coordinates":[140.145991,35.833346]}},{"type":"Feature","properties":{"layer_id":"public_facilities","name":"印旛地域福祉センター","address":"印西市美瀬1-25","source":"国土交通省 国土数値情報"},"geometry":{"type":"Point","coordinates":[140.204681,35.779357]}},{"type":"Feature","properties":{"layer_id":"public_facilities","name":"平賀出張所","address":"印西市平賀928","source":"国土交通省 国土数値情報"},"geometry":{"type":"Point","coordinates":[140.244939,35.757402]}},{"type":"Feature","properties":{"layer_id":"public_facilities","name":"船穂出張所","address":"印西市船尾786-1","source":"国土交通省 国土数値情報"},"geometry":{"type":"Point","coordinates":[140.129422,35.781579]}},{"type":"Feature","properties":{"layer_id":"public_facilities","name":"そうふけ老人福祉センター","address":"印西市原3-4","source":"国土交通省 国土数値情報"},"geometry":{"type":"Point","coordinates":[140.165238,35.79972]}},{"type":"Feature","properties":{"layer_id":"public_facilities","name":"中央駅南コミュニティセンター・サザンプラザ","address":"印西市原山3-3","source":"国土交通省 国土数値情報"},"geometry":{"type":"Point","coordinates":[140.129432,35.798789]}},{"type":"Feature","properties":{"layer_id":"public_facilities","name":"中央駅前地域交流館２号館","address":"印西市中央南1-4-1","source":"国土交通省 国土数値情報"},"geometry":{"type":"Point","coordinates":[140.11945,35.799824]}},{"type":"Feature","properties":{"layer_id":"public_facilities","name":"柏木台青年館","address":"印西市草深453","source":"国土交通省 国土数値情報"},"geometry":{"type":"Point","coordinates":[140.163031,35.784743]}},{"type":"Feature","properties":{"layer_id":"public_facilities","name":"多々羅田青年館","address":"印西市多-羅田44","source":"国土交通省 国土数値情報"},"geometry":{"type":"Point","coordinates":[140.129411,35.793241]}},{"type":"Feature","properties":{"layer_id":"public_facilities","name":"中央駅北コミュニティセンター・フレンドリープラザ","address":"印西市木刈4-3-1","source":"国土交通省 国土数値情報"},"geometry":{"type":"Point","coordinates":[140.10496,35.809017]}},{"type":"Feature","properties":{"layer_id":"public_facilities","name":"永治コミュニティセンター・永治プラザ","address":"印西市浦部411-3","source":"国土交通省 国土数値情報"},"geometry":{"type":"Point","coordinates":[140.109118,35.825242]}},{"type":"Feature","properties":{"layer_id":"public_facilities","name":"宮内青年館","address":"印西市浦部1430-3","source":"国土交通省 国土数値情報"},"geometry":{"type":"Point","coordinates":[140.102865,35.822882]}},{"type":"Feature","properties":{"layer_id":"public_facilities","name":"ふれあい文化館","address":"印西市原3-4","source":"国土交通省 国土数値情報"},"geometry":{"type":"Point","coordinates":[140.165238,35.79971]}},{"type":"Feature","properties":{"layer_id":"public_facilities","name":"中央駅前公民館","address":"印西市中央南1-2","source":"国土交通省 国土数値情報"},"geometry":{"type":"Point","coordinates":[140.119381,35.800357]}},{"type":"Feature","properties":{"layer_id":"public_facilities","name":"岩戸出張所","address":"印西市岩戸1699","source":"国土交通省 国土数値情報"},"geometry":{"type":"Point","coordinates":[140.166946,35.762804]}},{"type":"Feature","properties":{"layer_id":"public_facilities","name":"そうふけふれあいの里","address":"印西市草深924","source":"国土交通省 国土数値情報"},"geometry":{"type":"Point","coordinates":[140.151047,35.795785]}},{"type":"Feature","properties":{"layer_id":"scenic_nature_areas","name":"自然公園地域","source":"国土交通省 国土数値情報"},"geometry":{"type":"MultiPolygon","coordinates":[[[[140.137474,35.843003],[140.138044,35.842607],[140.138268,35.842547],[140.138409,35.84259],[140.139204,35.842833],[140.14075,35.843232],[140.141255,35.843405],[140.141717,35.843445],[140.142583,35.84333],[140.143412,35.843069],[140.14413,35.842831],[140.144488,35.842798],[140.145099,35.842802],[140.145477,35.842842],[140.14571,35.842867],[140.145723,35.842988],[140.145573,35.843133],[140.144551,35.843726],[140.143752,35.844438],[140.143812,35.84457],[140.146453,35.845715],[140.146464,35.845719],[140.146464,35.845719],[140.146475,35.845712],[140.148269,35.844508],[140.148273,35.844505],[140.149412,35.843882],[140.149687,35.843777],[140.149896,35.843697],[140.150337,35.843527],[140.150725,35.843378],[140.150725,35.843378],[140.150725,35.843378],[140.150725,35.843378],[140.15073,35.843377],[140.152188,35.843014],[140.153752,35.842759],[140.153874,35.842739],[140.154248,35.842725],[140.155624,35.842673],[140.156536,35.842703],[140.156741,35.84271],[140.158035,35.842914],[140.158054,35.842917],[140.161003,35.843727],[140.161047,35.843737],[140.165925,35.844906],[140.166862,35.845186],[140.166898,35.845197],[140.167143,35.84527],[140.167774,35.845458],[140.167774,35.845458],[140.181274,35.841856],[140.194621,35.835869],[140.203131,35.834756],[140.206904,35.835282],[140.213009,35.839146],[140.231876,35.841172],[140.232819,35.838874],[140.232211,35.83591],[140.233173,35.832223],[140.237059,35.830311],[140.240754,35.829677],[140.24094,35.829452],[140.240684,35.829447],[140.240066,35.829433],[140.23938,35.829513],[140.238307,35.82964],[140.236636,35.83014],[140.235094,35.830895],[140.234181,35.831467],[140.233203,35.831984],[140.232653,35.832558],[140.232265,35.833342],[140.232108,35.8342],[140.232022,35.834549],[140.232114,35.835274],[140.231981,35.837012],[140.232011,35.837348],[140.232283,35.838222],[140.232359,35.83884],[140.232087,35.839765],[140.231667,35.840514],[140.230587,35.840428],[140.229977,35.840384],[140.228659,35.84016],[140.22749,35.839938],[140.226155,35.839755],[140.223915,35.839351],[140.222381,35.839355],[140.220587,35.838941],[140.219589,35.838585],[140.219084,35.838467],[140.217993,35.838581],[140.217224,35.838489],[140.215986,35.838272],[140.21517,35.838092],[140.213591,35.837769],[140.212065,35.837489],[140.210806,35.837194],[140.209924,35.836692],[140.209486,35.836637],[140.208858,35.836398],[140.208223,35.835786],[140.207655,35.835194],[140.207188,35.834912],[140.206698,35.834718],[140.206313,35.834672],[140.205641,35.834528],[140.204662,35.834078],[140.203951,35.833586],[140.203595,35.833453],[140.203102,35.83351],[140.201659,35.833501],[140.200934,35.833366],[140.198284,35.834331],[140.196723,35.834876],[140.19461,35.835552],[140.192884,35.836071],[140.191314,35.836394],[140.190345,35.836494],[140.190212,35.836508],[140.189162,35.836753],[140.188056,35.837181],[140.186263,35.83752],[140.184303,35.837863],[140.182591,35.838026],[140.181765,35.838281],[140.1803,35.839067],[140.179269,35.839547],[140.177861,35.840311],[140.177452,35.840578],[140.176379,35.841565],[140.175864,35.841814],[140.174363,35.842187],[140.172669,35.842697],[140.170219,35.84338],[140.169319,35.843513],[140.168631,35.84347],[140.167513,35.843265],[140.166375,35.843051],[140.164459,35.842699],[140.163753,35.842565],[140.162677,35.842395],[140.161749,35.842251],[140.161191,35.842058],[140.159602,35.84154],[140.157637,35.840905],[140.15709,35.840686],[140.156858,35.840693],[140.155453,35.840692],[140.153457,35.840687],[140.151725,35.8407],[140.149942,35.840777],[140.148841,35.840984],[140.148145,35.841346],[140.147492,35.840954],[140.14729,35.84084],[140.147011,35.840968],[140.1469,35.84135],[140.146549,35.841708],[140.145863,35.841903],[140.144233,35.842335],[140.143064,35.842666],[140.142142,35.842938],[140.141496,35.842933],[140.141105,35.84293],[140.140339,35.842577],[140.13975,35.842229],[140.139198,35.842084],[140.13847,35.841959],[140.137465,35.841917],[140.137033,35.841886],[140.136532,35.841883],[140.136255,35.841767],[140.136118,35.841585],[140.135981,35.841357],[140.135873,35.84113],[140.135763,35.840971],[140.135571,35.84072],[140.135433,35.840606],[140.13491,35.840103],[140.134246,35.839691],[140.133881,35.839588],[140.133414,35.839458],[140.133201,35.839456],[140.132551,35.839452],[140.131324,35.839647],[140.130343,35.840091],[140.1301,35.840179],[140.129621,35.840156],[140.129478,35.84002],[140.128684,35.839265],[140.128238,35.836837],[140.127728,35.835088],[140.127324,35.833884],[140.126499,35.832972],[140.126209,35.832738],[140.125561,35.832217],[140.124867,35.832053],[140.124059,35.832138],[140.122843,35.832382],[140.122113,35.832332],[140.120988,35.831763],[140.12061,35.831416],[140.120342,35.83117],[140.120188,35.830683],[140.120101,35.830494],[140.119915,35.830086],[140.119771,35.829772],[140.117979,35.828286],[140.116714,35.827412],[140.116156,35.827026],[140.11552,35.826682],[140.115034,35.826705],[140.114712,35.826721],[140.113589,35.826908],[140.113151,35.826981],[140.11184,35.827266],[140.109444,35.827543],[140.106159,35.82761],[140.104756,35.827652],[140.103751,35.827682],[140.103153,35.8277],[140.100928,35.827548],[140.094001,35.824935],[140.093544,35.825478],[140.094062,35.825014],[140.096189,35.82586],[140.095698,35.8266],[140.099548,35.828149],[140.099218,35.828665],[140.100102,35.829007],[140.099141,35.831289],[140.102685,35.833327],[140.105399,35.834381],[140.109251,35.834124],[140.111938,35.843399],[140.109311,35.843765],[140.111353,35.847895],[140.115074,35.847521],[140.117971,35.851082],[140.118631,35.850872],[140.116879,35.847604],[140.118829,35.843578],[140.120351,35.843228],[140.122674,35.845727],[140.128323,35.842134],[140.132377,35.840754],[140.133972,35.84109],[140.137158,35.843282],[140.137474,35.843003]]],[[[140.180057,35.74843],[140.180537,35.749658],[140.180889,35.750553],[140.180928,35.751425],[140.180789,35.752694],[140.18154,35.753096],[140.181995,35.753305],[140.182215,35.753482],[140.182312,35.753773],[140.182347,35.753967],[140.182208,35.754212],[140.182411,35.754216],[140.183373,35.754233],[140.18375,35.754325],[140.184364,35.754278],[140.18489,35.753628],[140.185018,35.753618],[140.185449,35.754208],[140.185638,35.754466],[140.185852,35.75505],[140.185945,35.755225],[140.186051,35.755649],[140.186514,35.756671],[140.186576,35.756848],[140.186913,35.757553],[140.187677,35.758793],[140.188228,35.759419],[140.188347,35.759554],[140.189767,35.760769],[140.190236,35.761234],[140.190736,35.76173],[140.191287,35.762432],[140.191403,35.762559],[140.191428,35.762707],[140.191445,35.763023],[140.191454,35.763179],[140.191789,35.763609],[140.19206,35.763949],[140.192255,35.764127],[140.192586,35.764249],[140.192869,35.764346],[140.19316,35.76464],[140.193322,35.76503],[140.193484,35.76543],[140.193575,35.765654],[140.193943,35.766211],[140.194262,35.766696],[140.194567,35.766945],[140.19486,35.767318],[140.195227,35.767367],[140.195344,35.767368],[140.195798,35.767371],[140.19662,35.767702],[140.196735,35.767755],[140.197124,35.767872],[140.197532,35.767914],[140.197886,35.767871],[140.198195,35.767746],[140.198475,35.767508],[140.198898,35.767274],[140.199313,35.76706],[140.199904,35.768118],[140.200231,35.768765],[140.199638,35.769085],[140.199385,35.769221],[140.199838,35.770441],[140.200148,35.770476],[140.200454,35.770757],[140.200444,35.771126],[140.200361,35.772475],[140.200454,35.772824],[140.199479,35.77349],[140.199388,35.77355],[140.19932,35.773705],[140.199768,35.774216],[140.200515,35.774993],[140.200851,35.775079],[140.20105,35.775037],[140.201383,35.774938],[140.201847,35.774522],[140.202221,35.774144],[140.202416,35.774035],[140.202646,35.774051],[140.202936,35.774071],[140.203232,35.774034],[140.203639,35.773846],[140.203975,35.773675],[140.204161,35.77358],[140.20468,35.77364],[140.205366,35.773689],[140.206156,35.773677],[140.207207,35.773556],[140.207749,35.773471],[140.208353,35.773249],[140.209413,35.772937],[140.210825,35.772455],[140.212054,35.772064],[140.212612,35.771866],[140.213137,35.77154],[140.213527,35.770995],[140.214233,35.76995],[140.2151,35.769067],[140.21562,35.76854],[140.216794,35.767291],[140.217618,35.766525],[140.218305,35.765989],[140.219064,35.765569],[140.220312,35.764951],[140.221355,35.764269],[140.222847,35.763325],[140.224504,35.762399],[140.224577,35.762497],[140.224802,35.762798],[140.224981,35.762825],[140.225589,35.762611],[140.225733,35.762147],[140.22747,35.762055],[140.228475,35.762154],[140.22903,35.762139],[140.229389,35.762021],[140.230004,35.761756],[140.23101,35.761335],[140.232086,35.760991],[140.233462,35.760487],[140.233858,35.760461],[140.234453,35.760426],[140.234652,35.760314],[140.23467,35.759706],[140.234769,35.759128],[140.23513,35.758117],[140.235353,35.757967],[140.236212,35.757118],[140.236575,35.756987],[140.236995,35.756971],[140.237414,35.757012],[140.238175,35.756618],[140.239195,35.755988],[140.239979,35.755689],[140.240471,35.755483],[140.24091,35.755244],[140.241098,35.755046],[140.241288,35.754648],[140.241395,35.754411],[140.241584,35.754175],[140.241925,35.753893],[140.242079,35.75358],[140.242278,35.753505],[140.243045,35.753167],[140.243475,35.752806],[140.245106,35.751372],[140.245353,35.751155],[140.245556,35.750793],[140.245787,35.750381],[140.246164,35.749709],[140.24641,35.749064],[140.246529,35.748753],[140.246828,35.748345],[140.247747,35.748061],[140.247941,35.748113],[140.248219,35.748187],[140.248751,35.748164],[140.249313,35.748192],[140.250232,35.74786],[140.251005,35.747407],[140.251662,35.746712],[140.252201,35.74592],[140.253035,35.745251],[140.254016,35.744655],[140.254937,35.744202],[140.255766,35.744039],[140.256453,35.744123],[140.256547,35.745274],[140.256615,35.745416],[140.256844,35.745732],[140.257357,35.745912],[140.257536,35.746039],[140.257744,35.746152],[140.258928,35.746626],[140.258864,35.746801],[140.258484,35.747309],[140.257323,35.748193],[140.256488,35.748934],[140.256369,35.749127],[140.256337,35.749392],[140.256253,35.74974],[140.256184,35.749897],[140.256035,35.750089],[140.255796,35.75028],[140.255676,35.75052],[140.255579,35.751387],[140.255153,35.75271],[140.255092,35.752854],[140.255031,35.753046],[140.254999,35.753384],[140.255026,35.753625],[140.255023,35.753914],[140.25502,35.754323],[140.255018,35.754444],[140.254957,35.75466],[140.254927,35.754757],[140.254837,35.754877],[140.254747,35.755069],[140.254625,35.755381],[140.254623,35.755598],[140.254649,35.756032],[140.254822,35.756491],[140.254166,35.757065],[140.253361,35.757855],[140.252725,35.759164],[140.25261,35.759402],[140.252488,35.759488],[140.251921,35.760039],[140.251501,35.76044],[140.251228,35.761408],[140.251158,35.762222],[140.251107,35.762413],[140.250796,35.763529],[140.250836,35.763792],[140.250854,35.763913],[140.250878,35.764074],[140.251355,35.764938],[140.251861,35.765964],[140.252373,35.767144],[140.252888,35.768047],[140.253043,35.768349],[140.253298,35.768847],[140.253289,35.768988],[140.253275,35.769218],[140.253381,35.76951],[140.253493,35.769976],[140.253456,35.770223],[140.253438,35.770493],[140.253395,35.770784],[140.253502,35.771145],[140.253634,35.771272],[140.253685,35.771824],[140.253913,35.772138],[140.25422,35.772501],[140.254318,35.772808],[140.254392,35.773042],[140.254388,35.773438],[140.254375,35.773889],[140.254212,35.774253],[140.253942,35.774503],[140.25338,35.774765],[140.25278,35.77505],[140.252315,35.775083],[140.251453,35.775042],[140.250819,35.775116],[140.250434,35.775161],[140.249614,35.775264],[140.249303,35.775479],[140.248704,35.775655],[140.248143,35.775983],[140.247663,35.776519],[140.247405,35.776807],[140.247357,35.777221],[140.247067,35.777543],[140.246601,35.777666],[140.245841,35.778472],[140.245347,35.779226],[140.242945,35.782376],[140.242487,35.782926],[140.242296,35.783112],[140.242164,35.783108],[140.242045,35.783104],[140.241532,35.783089],[140.241528,35.784745],[140.24273,35.786008],[140.242289,35.786191],[140.242002,35.786502],[140.24204,35.786802],[140.242253,35.787606],[140.242405,35.787967],[140.24271,35.788419],[140.242678,35.789013],[140.242656,35.789428],[140.242428,35.790165],[140.2422,35.790866],[140.24147,35.79187],[140.241326,35.792068],[140.240812,35.792587],[140.240536,35.792847],[140.239889,35.793459],[140.2392,35.793779],[140.238289,35.794098],[140.237529,35.794339],[140.236891,35.794576],[140.235561,35.794765],[140.234898,35.794897],[140.23458,35.794956],[140.234173,35.795031],[140.233544,35.795113],[140.232259,35.795267],[140.231177,35.795379],[140.229978,35.795504],[140.228869,35.795732],[140.227701,35.795958],[140.227062,35.796082],[140.224823,35.796464],[140.224403,35.796443],[140.224138,35.796351],[140.223637,35.795483],[140.223335,35.794761],[140.222999,35.794934],[140.222645,35.795117],[140.222422,35.795877],[140.222379,35.796711],[140.221991,35.798661],[140.221812,35.798912],[140.221188,35.799287],[140.219959,35.800666],[140.21748,35.80339],[140.217301,35.803587],[140.218292,35.804285],[140.218389,35.804378],[140.21859,35.804571],[140.218697,35.804807],[140.218702,35.804899],[140.218726,35.805294],[140.218568,35.806828],[140.218318,35.808621],[140.218002,35.81088],[140.217921,35.811463],[140.217928,35.812327],[140.218047,35.813128],[140.218356,35.814013],[140.218785,35.814757],[140.218886,35.814932],[140.21945,35.815607],[140.219696,35.815744],[140.219811,35.815808],[140.220153,35.816089],[140.220339,35.816349],[140.220378,35.816797],[140.220158,35.817055],[140.220039,35.817385],[140.220095,35.81755],[140.220356,35.817611],[140.220835,35.817508],[140.221081,35.817439],[140.221515,35.817512],[140.221785,35.817478],[140.222203,35.817273],[140.222765,35.817142],[140.223093,35.817252],[140.223408,35.817436],[140.223941,35.817748],[140.22416,35.817876],[140.224539,35.817892],[140.225263,35.818031],[140.225538,35.818221],[140.225673,35.818315],[140.22618,35.818708],[140.227,35.819264],[140.22738,35.819823],[140.227701,35.820711],[140.228012,35.820914],[140.228505,35.821173],[140.228985,35.821001],[140.229332,35.820896],[140.229943,35.820887],[140.230271,35.820996],[140.230599,35.821226],[140.230845,35.821429],[140.231087,35.821995],[140.231312,35.822533],[140.231244,35.822801],[140.231159,35.823015],[140.231357,35.823057],[140.232383,35.822701],[140.233326,35.822501],[140.233738,35.822414],[140.234449,35.822271],[140.234622,35.82219],[140.23493,35.822046],[140.235504,35.821698],[140.236768,35.820551],[140.236899,35.820568],[140.237197,35.820608],[140.237308,35.820673],[140.237321,35.820676],[140.238034,35.820137],[140.240124,35.820894],[140.242963,35.815889],[140.244164,35.817721],[140.24269,35.819259],[140.244995,35.820981],[140.246294,35.820412],[140.250396,35.820939],[140.251618,35.800306],[140.249318,35.787361],[140.251577,35.783666],[140.259639,35.777961],[140.258943,35.768317],[140.257734,35.764678],[140.261491,35.760225],[140.263293,35.754766],[140.265537,35.745656],[140.263562,35.741694],[140.258917,35.739711],[140.253715,35.740353],[140.209119,35.766246],[140.206444,35.76554],[140.2036,35.763363],[140.194879,35.753237],[140.191937,35.74759],[140.189227,35.745657],[140.180691,35.748367],[140.180036,35.748377],[140.180057,35.74843]],[[140.245248,35.818817],[140.247127,35.817946],[140.248248,35.819472],[140.245816,35.819769],[140.245248,35.818817]]],[[[140.241861,35.824812],[140.242058,35.825075],[140.24268,35.825535],[140.243222,35.82578],[140.243337,35.825832],[140.243717,35.825302],[140.241705,35.824605],[140.241861,35.824812]]]]}},{"type":"Feature","properties":{"layer_id":"cultural_facilities","name":"萩原公園テニスコート","address":"萩原2033-1","source":"国土交通省 国土数値情報"},"geometry":{"type":"Point","coordinates":[140.209125,35.79067]}},{"type":"Feature","properties":{"layer_id":"cultural_facilities","name":"印旛村歴史民俗資料館","address":"岩戸1742","source":"国土交通省 国土数値情報"},"geometry":{"type":"Point","coordinates":[140.167018,35.76254]}},{"type":"Feature","properties":{"layer_id":"cultural_facilities","name":"印西市立そうふけ図書館","address":"原3-4","source":"国土交通省 国土数値情報"},"geometry":{"type":"Point","coordinates":[140.167574,35.798673]}},{"type":"Feature","properties":{"layer_id":"cultural_facilities","name":"松山下公園陸上競技場","address":"浦部字沖田275","source":"国土交通省 国土数値情報"},"geometry":{"type":"Point","coordinates":[140.116335,35.823972]}},{"type":"Feature","properties":{"layer_id":"cultural_facilities","name":"松山下公園野球場","address":"浦部字沖田275","source":"国土交通省 国土数値情報"},"geometry":{"type":"Point","coordinates":[140.114588,35.823688]}},{"type":"Feature","properties":{"layer_id":"cultural_facilities","name":"印旛中央公園多目的運動広場","address":"瀬戸1518","source":"国土交通省 国土数値情報"},"geometry":{"type":"Point","coordinates":[140.223408,35.781008]}},{"type":"Feature","properties":{"layer_id":"cultural_facilities","name":"印旛西部公園多目的運動広場","address":"岩戸2869","source":"国土交通省 国土数値情報"},"geometry":{"type":"Point","coordinates":[140.164031,35.764071]}},{"type":"Feature","properties":{"layer_id":"cultural_facilities","name":"印旛中央公園テニスコート","address":"瀬戸1518","source":"国土交通省 国土数値情報"},"geometry":{"type":"Point","coordinates":[140.221756,35.779283]}},{"type":"Feature","properties":{"layer_id":"cultural_facilities","name":"本埜スポーツプラザテニスコート","address":"中根1412","source":"国土交通省 国土数値情報"},"geometry":{"type":"Point","coordinates":[140.200101,35.810287]}},{"type":"Feature","properties":{"layer_id":"cultural_facilities","name":"松山下公園総合体育館","address":"浦部字沖田275","source":"国土交通省 国土数値情報"},"geometry":{"type":"Point","coordinates":[140.113762,35.824704]}},{"type":"Feature","properties":{"layer_id":"cultural_facilities","name":"印西市立小林図書館","address":"小林北5-1-6","source":"国土交通省 国土数値情報"},"geometry":{"type":"Point","coordinates":[140.197768,35.831837]}},{"type":"Feature","properties":{"layer_id":"cultural_facilities","name":"牧の原公園テニスコート","address":"草深字石道谷津1613-1","source":"国土交通省 国土数値情報"},"geometry":{"type":"Point","coordinates":[140.171106,35.810627]}},{"type":"Feature","properties":{"layer_id":"cultural_facilities","name":"松山下公園総合体育館武道場","address":"浦部字沖田275","source":"国土交通省 国土数値情報"},"geometry":{"type":"Point","coordinates":[140.113483,35.825056]}},{"type":"Feature","properties":{"layer_id":"cultural_facilities","name":"印西市立印旛図書館","address":"美瀬1-25","source":"国土交通省 国土数値情報"},"geometry":{"type":"Point","coordinates":[140.204619,35.779272]}},{"type":"Feature","properties":{"layer_id":"cultural_facilities","name":"本埜スポーツプラザ野球場","address":"中根1412","source":"国土交通省 国土数値情報"},"geometry":{"type":"Point","coordinates":[140.198387,35.810649]}},{"type":"Feature","properties":{"layer_id":"cultural_facilities","name":"印旛村医科器械歴史資料館","address":"舞姫1-1-1","source":"国土交通省 国土数値情報"},"geometry":{"type":"Point","coordinates":[140.202592,35.786862]}},{"type":"Feature","properties":{"layer_id":"cultural_facilities","name":"印西市立本埜図書館","address":"滝野3-4","source":"国土交通省 国土数値情報"},"geometry":{"type":"Point","coordinates":[140.177584,35.806685]}},{"type":"Feature","properties":{"layer_id":"cultural_facilities","name":"印旛中央公園弓道場","address":"瀬戸1518","source":"国土交通省 国土数値情報"},"geometry":{"type":"Point","coordinates":[140.223131,35.779762]}},{"type":"Feature","properties":{"layer_id":"cultural_facilities","name":"松山下公園テニスコート","address":"浦部字沖田275","source":"国土交通省 国土数値情報"},"geometry":{"type":"Point","coordinates":[140.116787,35.825143]}},{"type":"Feature","properties":{"layer_id":"cultural_facilities","name":"印西市立小倉台図書館","address":"小倉台4-5","source":"国土交通省 国土数値情報"},"geometry":{"type":"Point","coordinates":[140.112493,35.806009]}},{"type":"Feature","properties":{"layer_id":"cultural_facilities","name":"印旛村立図書館","address":"瀬戸554-1","source":"国土交通省 国土数値情報"},"geometry":{"type":"Point","coordinates":[140.205004,35.7791]}},{"type":"Feature","properties":{"layer_id":"cultural_facilities","name":"印西市立大森図書館","address":"大森2535","source":"国土交通省 国土数値情報"},"geometry":{"type":"Point","coordinates":[140.146087,35.83317]}},{"type":"Feature","properties":{"layer_id":"cultural_facilities","name":"印旛西部公園テニスコート","address":"岩戸2869","source":"国土交通省 国土数値情報"},"geometry":{"type":"Point","coordinates":[140.164417,35.764954]}},{"type":"Feature","properties":{"layer_id":"cultural_facilities","name":"滝野公園多目的広場","address":"滝野4-2","source":"国土交通省 国土数値情報"},"geometry":{"type":"Point","coordinates":[140.17226,35.8072]}},{"type":"Feature","properties":{"layer_id":"cultural_facilities","name":"印旛中央公園野球場","address":"瀬戸1518","source":"国土交通省 国土数値情報"},"geometry":{"type":"Point","coordinates":[140.222617,35.779331]}},{"type":"Feature","properties":{"layer_id":"cultural_facilities","name":"高花公園テニスコート","address":"高花5-4","source":"国土交通省 国土数値情報"},"geometry":{"type":"Point","coordinates":[140.135999,35.79556]}},{"type":"Feature","properties":{"layer_id":"cultural_facilities","name":"高花公園野球場","address":"高花5-4","source":"国土交通省 国土数値情報"},"geometry":{"type":"Point","coordinates":[140.137443,35.795902]}},{"type":"Feature","properties":{"layer_id":"cultural_facilities","name":"本埜スポーツプラザ多目的球技場","address":"中根1412","source":"国土交通省 国土数値情報"},"geometry":{"type":"Point","coordinates":[140.197315,35.810162]}},{"type":"Feature","properties":{"layer_id":"cultural_facilities","name":"本埜スポーツプラザ多目的運動広場","address":"中根1412","source":"国土交通省 国土数値情報"},"geometry":{"type":"Point","coordinates":[140.199798,35.810615]}},{"type":"Feature","properties":{"layer_id":"cultural_facilities","name":"松山下公園総合体育館トレーニングルーム","address":"浦部字沖田275","source":"国土交通省 国土数値情報"},"geometry":{"type":"Point","coordinates":[140.113756,35.824651]}},{"type":"Feature","properties":{"layer_id":"cultural_facilities","name":"松山下公園総合体育館弓道場","address":"浦部字沖田275","source":"国土交通省 国土数値情報"},"geometry":{"type":"Point","coordinates":[140.113429,35.82482]}},{"type":"Feature","properties":{"layer_id":"parks_playgrounds","name":"西の原公園","address":"印西市","source":"国土交通省 国土数値情報"},"geometry":{"type":"Point","coordinates":[140.157127,35.801735]}},{"type":"Feature","properties":{"layer_id":"parks_playgrounds","name":"小林北１号緑地","address":"印西市","source":"国土交通省 国土数値情報"},"geometry":{"type":"Point","coordinates":[140.192611,35.831271]}},{"type":"Feature","properties":{"layer_id":"parks_playgrounds","name":"印旛西部公園","address":"印西市","source":"国土交通省 国土数値情報"},"geometry":{"type":"Point","coordinates":[140.164069,35.764122]}},{"type":"Feature","properties":{"layer_id":"parks_playgrounds","name":"小林北３号緑地","address":"印西市","source":"国土交通省 国土数値情報"},"geometry":{"type":"Point","coordinates":[140.196918,35.828877]}},{"type":"Feature","properties":{"layer_id":"parks_playgrounds","name":"西の原東街区公園","address":"印西市","source":"国土交通省 国土数値情報"},"geometry":{"type":"Point","coordinates":[140.158561,35.800848]}},{"type":"Feature","properties":{"layer_id":"parks_playgrounds","name":"しもうし第２幼児公園","address":"印西市","source":"国土交通省 国土数値情報"},"geometry":{"type":"Point","coordinates":[140.199155,35.829062]}},{"type":"Feature","properties":{"layer_id":"parks_playgrounds","name":"小林大門下５号緑地","address":"印西市","source":"国土交通省 国土数値情報"},"geometry":{"type":"Point","coordinates":[140.183393,35.821281]}},{"type":"Feature","properties":{"layer_id":"parks_playgrounds","name":"小倉台東児童公園","address":"印西市","source":"国土交通省 国土数値情報"},"geometry":{"type":"Point","coordinates":[140.113213,35.806499]}},{"type":"Feature","properties":{"layer_id":"parks_playgrounds","name":"にいやま第２公園","address":"印西市","source":"国土交通省 国土数値情報"},"geometry":{"type":"Point","coordinates":[140.182706,35.822157]}},{"type":"Feature","properties":{"layer_id":"parks_playgrounds","name":"高花北街区公園","address":"印西市","source":"国土交通省 国土数値情報"},"geometry":{"type":"Point","coordinates":[140.136312,35.798797]}},{"type":"Feature","properties":{"layer_id":"parks_playgrounds","name":"小林宿１号緑地","address":"印西市","source":"国土交通省 国土数値情報"},"geometry":{"type":"Point","coordinates":[140.194974,35.826244]}},{"type":"Feature","properties":{"layer_id":"parks_playgrounds","name":"高花中児童公園","address":"印西市","source":"国土交通省 国土数値情報"},"geometry":{"type":"Point","coordinates":[140.1409,35.79383]}},{"type":"Feature","properties":{"layer_id":"parks_playgrounds","name":"なかうし第２幼児公園","address":"印西市","source":"国土交通省 国土数値情報"},"geometry":{"type":"Point","coordinates":[140.196869,35.832267]}},{"type":"Feature","properties":{"layer_id":"parks_playgrounds","name":"しろやま第１幼児公園","address":"印西市","source":"国土交通省 国土数値情報"},"geometry":{"type":"Point","coordinates":[140.194733,35.824865]}},{"type":"Feature","properties":{"layer_id":"parks_playgrounds","name":"小林浅間５号緑地","address":"印西市","source":"国土交通省 国土数値情報"},"geometry":{"type":"Point","coordinates":[140.190333,35.822741]}},{"type":"Feature","properties":{"layer_id":"parks_playgrounds","name":"多々羅田公園","address":"印西市","source":"国土交通省 国土数値情報"},"geometry":{"type":"Point","coordinates":[140.127063,35.795705]}},{"type":"Feature","properties":{"layer_id":"parks_playgrounds","name":"いにはの森公園","address":"印西市","source":"国土交通省 国土数値情報"},"geometry":{"type":"Point","coordinates":[140.203526,35.790492]}},{"type":"Feature","properties":{"layer_id":"parks_playgrounds","name":"宿第１公園","address":"印西市","source":"国土交通省 国土数値情報"},"geometry":{"type":"Point","coordinates":[140.19707,35.826321]}},{"type":"Feature","properties":{"layer_id":"parks_playgrounds","name":"だいもん下第３公園","address":"印西市","source":"国土交通省 国土数値情報"},"geometry":{"type":"Point","coordinates":[140.185206,35.820942]}},{"type":"Feature","properties":{"layer_id":"parks_playgrounds","name":"原西街区公園","address":"印西市","source":"国土交通省 国土数値情報"},"geometry":{"type":"Point","coordinates":[140.1615,35.80106]}},{"type":"Feature","properties":{"layer_id":"parks_playgrounds","name":"なかうし第４幼児公園","address":"印西市","source":"国土交通省 国土数値情報"},"geometry":{"type":"Point","coordinates":[140.195058,35.829815]}},{"type":"Feature","properties":{"layer_id":"parks_playgrounds","name":"松山下公園","address":"印西市","source":"国土交通省 国土数値情報"},"geometry":{"type":"Point","coordinates":[140.11504,35.824635]}},{"type":"Feature","properties":{"layer_id":"parks_playgrounds","name":"大門下児童公園","address":"印西市","source":"国土交通省 国土数値情報"},"geometry":{"type":"Point","coordinates":[140.18665,35.82265]}},{"type":"Feature","properties":{"layer_id":"parks_playgrounds","name":"滝の杜公園","address":"印西市","source":"国土交通省 国土数値情報"},"geometry":{"type":"Point","coordinates":[140.174514,35.810056]}},{"type":"Feature","properties":{"layer_id":"parks_playgrounds","name":"一番割公園","address":"印西市","source":"国土交通省 国土数値情報"},"geometry":{"type":"Point","coordinates":[140.198836,35.827456]}},{"type":"Feature","properties":{"layer_id":"parks_playgrounds","name":"しもうし第１幼児公園","address":"印西市","source":"国土交通省 国土数値情報"},"geometry":{"type":"Point","coordinates":[140.198309,35.830241]}},{"type":"Feature","properties":{"layer_id":"parks_playgrounds","name":"しろやま第２幼児公園","address":"印西市","source":"国土交通省 国土数値情報"},"geometry":{"type":"Point","coordinates":[140.193769,35.824038]}},{"type":"Feature","properties":{"layer_id":"parks_playgrounds","name":"原山南児童公園","address":"印西市","source":"国土交通省 国土数値情報"},"geometry":{"type":"Point","coordinates":[140.128636,35.797961]}},{"type":"Feature","properties":{"layer_id":"parks_playgrounds","name":"小林浅間６号緑地","address":"印西市","source":"国土交通省 国土数値情報"},"geometry":{"type":"Point","coordinates":[140.190506,35.825289]}},{"type":"Feature","properties":{"layer_id":"parks_playgrounds","name":"稲荷谷公園","address":"印西市","source":"国土交通省 国土数値情報"},"geometry":{"type":"Point","coordinates":[140.193206,35.828099]}},{"type":"Feature","properties":{"layer_id":"parks_playgrounds","name":"牧の原公園","address":"印西市","source":"国土交通省 国土数値情報"},"geometry":{"type":"Point","coordinates":[140.167844,35.807042]}},{"type":"Feature","properties":{"layer_id":"parks_playgrounds","name":"城山公園","address":"印西市","source":"国土交通省 国土数値情報"},"geometry":{"type":"Point","coordinates":[140.195186,35.824269]}},{"type":"Feature","properties":{"layer_id":"parks_playgrounds","name":"小林浅間１号緑地","address":"印西市","source":"国土交通省 国土数値情報"},"geometry":{"type":"Point","coordinates":[140.189736,35.82567]}},{"type":"Feature","properties":{"layer_id":"parks_playgrounds","name":"原南街区公園","address":"印西市","source":"国土交通省 国土数値情報"},"geometry":{"type":"Point","coordinates":[140.16235,35.79903]}},{"type":"Feature","properties":{"layer_id":"parks_playgrounds","name":"木刈東児童公園","address":"印西市","source":"国土交通省 国土数値情報"},"geometry":{"type":"Point","coordinates":[140.113885,35.809338]}},{"type":"Feature","properties":{"layer_id":"parks_playgrounds","name":"小林大門下２号緑地","address":"印西市","source":"国土交通省 国土数値情報"},"geometry":{"type":"Point","coordinates":[140.189343,35.824115]}},{"type":"Feature","properties":{"layer_id":"parks_playgrounds","name":"かみうし第１幼児公園","address":"印西市","source":"国土交通省 国土数値情報"},"geometry":{"type":"Point","coordinates":[140.190407,35.833481]}},{"type":"Feature","properties":{"layer_id":"parks_playgrounds","name":"しもうし第３幼児公園","address":"印西市","source":"国土交通省 国土数値情報"},"geometry":{"type":"Point","coordinates":[140.199936,35.829434]}},{"type":"Feature","properties":{"layer_id":"parks_playgrounds","name":"原山東街区公園","address":"印西市","source":"国土交通省 国土数値情報"},"geometry":{"type":"Point","coordinates":[140.131459,35.800452]}},{"type":"Feature","properties":{"layer_id":"parks_playgrounds","name":"高花公園","address":"印西市","source":"国土交通省 国土数値情報"},"geometry":{"type":"Point","coordinates":[140.13693,35.79593]}},{"type":"Feature","properties":{"layer_id":"parks_playgrounds","name":"まみあな幼児公園","address":"印西市","source":"国土交通省 国土数値情報"},"geometry":{"type":"Point","coordinates":[140.146888,35.834793]}},{"type":"Feature","properties":{"layer_id":"parks_playgrounds","name":"高花西児童公園","address":"印西市","source":"国土交通省 国土数値情報"},"geometry":{"type":"Point","coordinates":[140.133656,35.795961]}},{"type":"Feature","properties":{"layer_id":"parks_playgrounds","name":"高花東街区公園","address":"印西市","source":"国土交通省 国土数値情報"},"geometry":{"type":"Point","coordinates":[140.141622,35.797727]}},{"type":"Feature","properties":{"layer_id":"parks_playgrounds","name":"印旛中央公園","address":"印西市","source":"国土交通省 国土数値情報"},"geometry":{"type":"Point","coordinates":[140.222389,35.779397]}},{"type":"Feature","properties":{"layer_id":"parks_playgrounds","name":"西の原北街区公園","address":"印西市","source":"国土交通省 国土数値情報"},"geometry":{"type":"Point","coordinates":[140.155384,35.802345]}},{"type":"Feature","properties":{"layer_id":"parks_playgrounds","name":"大塚前公園","address":"印西市","source":"国土交通省 国土数値情報"},"geometry":{"type":"Point","coordinates":[140.11273,35.804499]}},{"type":"Feature","properties":{"layer_id":"parks_playgrounds","name":"かみうし第２幼児公園","address":"印西市","source":"国土交通省 国土数値情報"},"geometry":{"type":"Point","coordinates":[140.192183,35.832747]}},{"type":"Feature","properties":{"layer_id":"parks_playgrounds","name":"原山北街区公園","address":"印西市","source":"国土交通省 国土数値情報"},"geometry":{"type":"Point","coordinates":[140.128465,35.801125]}},{"type":"Feature","properties":{"layer_id":"parks_playgrounds","name":"小林大門下３号緑地","address":"印西市","source":"国土交通省 国土数値情報"},"geometry":{"type":"Point","coordinates":[140.188793,35.822848]}},{"type":"Feature","properties":{"layer_id":"parks_playgrounds","name":"原東街区公園","address":"印西市","source":"国土交通省 国土数値情報"},"geometry":{"type":"Point","coordinates":[140.16806,35.7992]}},{"type":"Feature","properties":{"layer_id":"parks_playgrounds","name":"浅間山公園","address":"印西市","source":"国土交通省 国土数値情報"},"geometry":{"type":"Point","coordinates":[140.194942,35.827613]}},{"type":"Feature","properties":{"layer_id":"parks_playgrounds","name":"中丑西公園","address":"印西市","source":"国土交通省 国土数値情報"},"geometry":{"type":"Point","coordinates":[140.192055,35.831941]}},{"type":"Feature","properties":{"layer_id":"parks_playgrounds","name":"松崎台公園","address":"印西市","source":"国土交通省 国土数値情報"},"geometry":{"type":"Point","coordinates":[140.143282,35.786469]}},{"type":"Feature","properties":{"layer_id":"parks_playgrounds","name":"内野南児童公園","address":"印西市","source":"国土交通省 国土数値情報"},"geometry":{"type":"Point","coordinates":[140.125459,35.794338]}},{"type":"Feature","properties":{"layer_id":"parks_playgrounds","name":"にいやま第１幼児公園","address":"印西市","source":"国土交通省 国土数値情報"},"geometry":{"type":"Point","coordinates":[140.184246,35.82247]}},{"type":"Feature","properties":{"layer_id":"parks_playgrounds","name":"戸神台西街区公園","address":"印西市","source":"国土交通省 国土数値情報"},"geometry":{"type":"Point","coordinates":[140.115894,35.795653]}},{"type":"Feature","properties":{"layer_id":"parks_playgrounds","name":"だいもん下第１幼児公園","address":"印西市","source":"国土交通省 国土数値情報"},"geometry":{"type":"Point","coordinates":[140.18851,35.821571]}},{"type":"Feature","properties":{"layer_id":"parks_playgrounds","name":"吉高大谷公園","address":"印西市","source":"国土交通省 国土数値情報"},"geometry":{"type":"Point","coordinates":[140.226568,35.789007]}},{"type":"Feature","properties":{"layer_id":"parks_playgrounds","name":"宿第２幼児公園","address":"印西市","source":"国土交通省 国土数値情報"},"geometry":{"type":"Point","coordinates":[140.19608,35.826813]}},{"type":"Feature","properties":{"layer_id":"parks_playgrounds","name":"小林浅間４号緑地","address":"印西市","source":"国土交通省 国土数値情報"},"geometry":{"type":"Point","coordinates":[140.190872,35.82304]}},{"type":"Feature","properties":{"layer_id":"parks_playgrounds","name":"舞姫緑地","address":"印西市","source":"国土交通省 国土数値情報"},"geometry":{"type":"Point","coordinates":[140.205619,35.783289]}},{"type":"Feature","properties":{"layer_id":"parks_playgrounds","name":"小林大門下４号緑地","address":"印西市","source":"国土交通省 国土数値情報"},"geometry":{"type":"Point","coordinates":[140.182201,35.822981]}},{"type":"Feature","properties":{"layer_id":"parks_playgrounds","name":"みのりの広場公園","address":"印西市","source":"国土交通省 国土数値情報"},"geometry":{"type":"Point","coordinates":[140.178466,35.810163]}},{"type":"Feature","properties":{"layer_id":"parks_playgrounds","name":"松虫姫公園","address":"印西市","source":"国土交通省 国土数値情報"},"geometry":{"type":"Point","coordinates":[140.207299,35.785073]}},{"type":"Feature","properties":{"layer_id":"parks_playgrounds","name":"西の原西街区公園","address":"印西市","source":"国土交通省 国土数値情報"},"geometry":{"type":"Point","coordinates":[140.153296,35.801155]}},{"type":"Feature","properties":{"layer_id":"parks_playgrounds","name":"大塚街区公園","address":"印西市","source":"国土交通省 国土数値情報"},"geometry":{"type":"Point","coordinates":[140.121328,35.812281]}},{"type":"Feature","properties":{"layer_id":"parks_playgrounds","name":"木刈中児童公園","address":"印西市","source":"国土交通省 国土数値情報"},"geometry":{"type":"Point","coordinates":[140.106622,35.807499]}},{"type":"Feature","properties":{"layer_id":"parks_playgrounds","name":"美瀬の林公園","address":"印西市","source":"国土交通省 国土数値情報"},"geometry":{"type":"Point","coordinates":[140.206152,35.78104]}},{"type":"Feature","properties":{"layer_id":"parks_playgrounds","name":"新山児童公園","address":"印西市","source":"国土交通省 国土数値情報"},"geometry":{"type":"Point","coordinates":[140.183161,35.823463]}},{"type":"Feature","properties":{"layer_id":"parks_playgrounds","name":"だいもん下第４公園","address":"印西市","source":"国土交通省 国土数値情報"},"geometry":{"type":"Point","coordinates":[140.185178,35.819664]}},{"type":"Feature","properties":{"layer_id":"parks_playgrounds","name":"すなくぼ第２公園","address":"印西市","source":"国土交通省 国土数値情報"},"geometry":{"type":"Point","coordinates":[140.135163,35.799824]}},{"type":"Feature","properties":{"layer_id":"parks_playgrounds","name":"なかうし第１幼児公園","address":"印西市","source":"国土交通省 国土数値情報"},"geometry":{"type":"Point","coordinates":[140.193985,35.832398]}},{"type":"Feature","properties":{"layer_id":"parks_playgrounds","name":"滝野公園","address":"印西市","source":"国土交通省 国土数値情報"},"geometry":{"type":"Point","coordinates":[140.172102,35.807135]}},{"type":"Feature","properties":{"layer_id":"parks_playgrounds","name":"いなりや第１幼児公園","address":"印西市","source":"国土交通省 国土数値情報"},"geometry":{"type":"Point","coordinates":[140.194935,35.828704]}},{"type":"Feature","properties":{"layer_id":"parks_playgrounds","name":"浦幡新田公園","address":"印西市","source":"国土交通省 国土数値情報"},"geometry":{"type":"Point","coordinates":[140.110189,35.809495]}},{"type":"Feature","properties":{"layer_id":"parks_playgrounds","name":"若萩の丘公園","address":"印西市","source":"国土交通省 国土数値情報"},"geometry":{"type":"Point","coordinates":[140.20792,35.78874]}},{"type":"Feature","properties":{"layer_id":"parks_playgrounds","name":"いけした幼児公園","address":"印西市","source":"国土交通省 国土数値情報"},"geometry":{"type":"Point","coordinates":[140.146146,35.833311]}},{"type":"Feature","properties":{"layer_id":"parks_playgrounds","name":"木下万葉公園","address":"印西市","source":"国土交通省 国土数値情報"},"geometry":{"type":"Point","coordinates":[140.154997,35.835314]}},{"type":"Feature","properties":{"layer_id":"parks_playgrounds","name":"小林浅間３号緑地","address":"印西市","source":"国土交通省 国土数値情報"},"geometry":{"type":"Point","coordinates":[140.192287,35.823953]}},{"type":"Feature","properties":{"layer_id":"parks_playgrounds","name":"小林大門下１号緑地","address":"印西市","source":"国土交通省 国土数値情報"},"geometry":{"type":"Point","coordinates":[140.184015,35.824223]}},{"type":"Feature","properties":{"layer_id":"parks_playgrounds","name":"三番割幼児公園","address":"印西市","source":"国土交通省 国土数値情報"},"geometry":{"type":"Point","coordinates":[140.200172,35.821676]}},{"type":"Feature","properties":{"layer_id":"parks_playgrounds","name":"内野北児童公園","address":"印西市","source":"国土交通省 国土数値情報"},"geometry":{"type":"Point","coordinates":[140.124022,35.796532]}},{"type":"Feature","properties":{"layer_id":"parks_playgrounds","name":"小林北２号緑地","address":"印西市","source":"国土交通省 国土数値情報"},"geometry":{"type":"Point","coordinates":[140.194563,35.829892]}},{"type":"Feature","properties":{"layer_id":"parks_playgrounds","name":"小倉台西街区公園","address":"印西市","source":"国土交通省 国土数値情報"},"geometry":{"type":"Point","coordinates":[140.110921,35.805119]}},{"type":"Feature","properties":{"layer_id":"parks_playgrounds","name":"中丑東公園","address":"印西市","source":"国土交通省 国土数値情報"},"geometry":{"type":"Point","coordinates":[140.196187,35.829334]}},{"type":"Feature","properties":{"layer_id":"parks_playgrounds","name":"本埜スポーツプラザ","address":"印西市","source":"国土交通省 国土数値情報"},"geometry":{"type":"Point","coordinates":[140.199279,35.810597]}},{"type":"Feature","properties":{"layer_id":"parks_playgrounds","name":"なかうし第３幼児公園","address":"印西市","source":"国土交通省 国土数値情報"},"geometry":{"type":"Point","coordinates":[140.196195,35.830329]}},{"type":"Feature","properties":{"layer_id":"parks_playgrounds","name":"だいもん下第２幼児公園","address":"印西市","source":"国土交通省 国土数値情報"},"geometry":{"type":"Point","coordinates":[140.186899,35.820982]}},{"type":"Feature","properties":{"layer_id":"parks_playgrounds","name":"千葉県立北総花の丘公園","address":"印西市","source":"国土交通省 国土数値情報"},"geometry":{"type":"Point","coordinates":[140.122678,35.792325]}},{"type":"Feature","properties":{"layer_id":"parks_playgrounds","name":"小林浅間２号緑地","address":"印西市","source":"国土交通省 国土数値情報"},"geometry":{"type":"Point","coordinates":[140.195074,35.82391]}},{"type":"Feature","properties":{"layer_id":"parks_playgrounds","name":"高花南児童公園","address":"印西市","source":"国土交通省 国土数値情報"},"geometry":{"type":"Point","coordinates":[140.14232,35.79061]}},{"type":"Feature","properties":{"layer_id":"parks_playgrounds","name":"いなりや第２幼児公園","address":"印西市","source":"国土交通省 国土数値情報"},"geometry":{"type":"Point","coordinates":[140.192533,35.826458]}},{"type":"Feature","properties":{"layer_id":"parks_playgrounds","name":"大塚１号緑地","address":"印西市","source":"国土交通省 国土数値情報"},"geometry":{"type":"Point","coordinates":[140.122328,35.817571]}},{"type":"Feature","properties":{"layer_id":"parks_playgrounds","name":"戸神台東街区公園","address":"印西市","source":"国土交通省 国土数値情報"},"geometry":{"type":"Point","coordinates":[140.119936,35.797439]}},{"type":"Feature","properties":{"layer_id":"parks_playgrounds","name":"萩原公園","address":"印西市","source":"国土交通省 国土数値情報"},"geometry":{"type":"Point","coordinates":[140.208146,35.791004]}},{"type":"Feature","properties":{"layer_id":"parks_playgrounds","name":"おおた幼児公園","address":"印西市","source":"国土交通省 国土数値情報"},"geometry":{"type":"Point","coordinates":[140.144873,35.834734]}},{"type":"Feature","properties":{"layer_id":"parks_playgrounds","name":"草深公園","address":"印西市","source":"国土交通省 国土数値情報"},"geometry":{"type":"Point","coordinates":[140.165789,35.800722]}},{"type":"Feature","properties":{"layer_id":"parks_playgrounds","name":"ひかりのおか公園","address":"印西市","source":"国土交通省 国土数値情報"},"geometry":{"type":"Point","coordinates":[140.177902,35.807026]}},{"type":"Feature","properties":{"layer_id":"parks_playgrounds","name":"木下南公園","address":"印西市","source":"国土交通省 国土数値情報"},"geometry":{"type":"Point","coordinates":[140.15102,35.83395]}},{"type":"Feature","properties":{"layer_id":"parks_playgrounds","name":"馬坂幼児公園","address":"印西市","source":"国土交通省 国土数値情報"},"geometry":{"type":"Point","coordinates":[140.144339,35.832419]}}]}