{"type":"FeatureCollection","municipality_code":"13107","pref":"東京都","city":"墨田区","display_comment":"墨田区には、小梅村、柳島村、押上村など、近世の村々の記憶を伝える地名が残っています。 周辺には史跡や遺跡、寺社や信仰の場にまつわる場所が点在し、「錦糸町駅北口遺跡」、「江東橋二丁目遺跡」、「鐘淵紡績工場跡」などを起点に歩くと、地域の歴史がぐっと見えやすくなります。 現地では史跡説明板に加え、小梅村や柳島村にゆかりのある旧境石標、村の歴史を紹介する案内板にも注目してみてください。 川沿いや水辺では、暮らしや堤防整備の歴史を伝える案内板、治水碑、河川改修の記念碑にも注目してみてください。 人物に目を向けるなら、武将・武士の勝海舟や榎本武揚との縁をたどることで、街の歴史をより立体的に楽しめます。 「水の郷百選」や「東京スカイツリー」などの名所も、地域の物語を深掘りする絶好の入口です。 さらに、「硝子」や「言問団子」といった名物や食文化に触れると、その土地らしい暮らしまで感じられるでしょう。 さらに平安期の地名として伝わる下総国を知っておくと、古い土地の呼び名にも気づきやすくなります。","layer_counts":{"cafe_restaurant":1223,"public_facilities":76,"cultural_facilities":37,"parks_playgrounds":115},"total_features":1451,"features":[{"type":"Feature","properties":{"layer_id":"cafe_restaurant","name":"キッチンオリジン　本所吾妻橋店","category":"food","address":"東京都墨田区吾妻橋三丁目2番3号 ファインクレスト吾妻橋","source":"厚生労働省 食品衛生申請等システム（オープンデータ）","municipality_code":"13107","municipality_pref":"東京都","municipality_name":"墨田区","municipality_code_method":"food_exact_coord"},"geometry":{"type":"Point","coordinates":[139.805718,35.708472]}},{"type":"Feature","properties":{"layer_id":"cafe_restaurant","name":"キッチンオリジン　錦糸町店","category":"food","address":"東京都墨田区太平三丁目6番1号 池田ビル1階","source":"厚生労働省 食品衛生申請等システム（オープンデータ）","municipality_code":"13107","municipality_pref":"東京都","municipality_name":"墨田区","municipality_code_method":"food_exact_coord"},"geometry":{"type":"Point","coordinates":[139.813415,35.699969]}},{"type":"Feature","properties":{"layer_id":"cafe_restaurant","name":"キッチンオリジン　東あずま店","category":"food","address":"東京都墨田区立花三丁目1番1号","source":"厚生労働省 食品衛生申請等システム（オープンデータ）","municipality_code":"13107","municipality_pref":"東京都","municipality_name":"墨田区","municipality_code_method":"food_exact_coord"},"geometry":{"type":"Point","coordinates":[139.832031,35.706889]}},{"type":"Feature","properties":{"layer_id":"cafe_restaurant","name":"キッチンオリジン　墨田石原２丁目店","category":"food","address":"東京都墨田区石原二丁目14番5号 第三カトウビル1階","source":"厚生労働省 食品衛生申請等システム（オープンデータ）","municipality_code":"13107","municipality_pref":"東京都","municipality_name":"墨田区","municipality_code_method":"food_exact_coord"},"geometry":{"type":"Point","coordinates":[139.8023665,35.700141]}},{"type":"Feature","properties":{"layer_id":"cafe_restaurant","name":"キッチンオリジン　菊川駅前店","category":"food","address":"東京都墨田区菊川三丁目8番4号","source":"厚生労働省 食品衛生申請等システム（オープンデータ）","municipality_code":"13107","municipality_pref":"東京都","municipality_name":"墨田区","municipality_code_method":"food_exact_coord"},"geometry":{"type":"Point","coordinates":[139.806773,35.688275]}},{"type":"Feature","properties":{"layer_id":"cafe_restaurant","name":"スターバックスコーヒー錦糸町テルミナ2店","category":"food","address":"東京都墨田区錦糸一丁目２番４７号","source":"厚生労働省 食品衛生申請等システム（オープンデータ）","municipality_code":"13107","municipality_pref":"東京都","municipality_name":"墨田区","municipality_code_method":"food_exact_coord"},"geometry":{"type":"Point","coordinates":[139.812971,35.697026]}},{"type":"Feature","properties":{"layer_id":"cafe_restaurant","name":"スターバックスコーヒー東京スカイツリータウン・ソラマチ東６階店（Ｅ０６１１）","category":"food","address":"東京都墨田区押上一丁目1番2号 東京スカイツリータウン東京ソラマチ6階","source":"厚生労働省 食品衛生申請等システム（オープンデータ）","municipality_code":"13107","municipality_pref":"東京都","municipality_name":"墨田区","municipality_code_method":"food_exact_coord"},"geometry":{"type":"Point","coordinates":[139.810669,35.710087]}},{"type":"Feature","properties":{"layer_id":"cafe_restaurant","name":"スターバックスコーヒー錦糸町パルコ店","category":"food","address":"東京都墨田区江東橋四丁目２７番１４号 楽天地ビル２Ｆ","source":"厚生労働省 食品衛生申請等システム（オープンデータ）","municipality_code":"13107","municipality_pref":"東京都","municipality_name":"墨田区","municipality_code_method":"food_exact_coord"},"geometry":{"type":"Point","coordinates":[139.816498,35.69652]}},{"type":"Feature","properties":{"layer_id":"cafe_restaurant","name":"スターバックスコーヒー錦糸町　丸井店","category":"food","address":"東京都墨田区江東橋三丁目９番１０号","source":"厚生労働省 食品衛生申請等システム（オープンデータ）","municipality_code":"13107","municipality_pref":"東京都","municipality_name":"墨田区","municipality_code_method":"food_exact_coord"},"geometry":{"type":"Point","coordinates":[139.813707,35.694943]}},{"type":"Feature","properties":{"layer_id":"cafe_restaurant","name":"スターバックスコーヒー錦糸町メトロピア店","category":"food","address":"東京都墨田区江東橋三丁目 14 番 先 錦糸町 Metro pia 区画MP-002","source":"厚生労働省 食品衛生申請等システム（オープンデータ）","municipality_code":"13107","municipality_pref":"東京都","municipality_name":"墨田区","municipality_code_method":"food_exact_coord"},"geometry":{"type":"Point","coordinates":[139.814266,35.696244]}},{"type":"Feature","properties":{"layer_id":"cafe_restaurant","name":"スターバックスコーヒー錦糸町オリナス店","category":"food","address":"東京都墨田区太平四丁目１番２号","source":"厚生労働省 食品衛生申請等システム（オープンデータ）","municipality_code":"13107","municipality_pref":"東京都","municipality_name":"墨田区","municipality_code_method":"food_exact_coord"},"geometry":{"type":"Point","coordinates":[139.815457,35.700385]}},{"type":"Feature","properties":{"layer_id":"cafe_restaurant","name":"スターバックスリザーブ（R）カフェ東京スカイツリータウン30F店（E3003）","category":"food","address":"東京都墨田区押上一丁目1番2号 東京スカイツリータウン東京ソラマチ30階","source":"厚生労働省 食品衛生申請等システム（オープンデータ）","municipality_code":"13107","municipality_pref":"東京都","municipality_name":"墨田区","municipality_code_method":"food_exact_coord"},"geometry":{"type":"Point","coordinates":[139.810669,35.710087]}},{"type":"Feature","properties":{"layer_id":"cafe_restaurant","name":"スターバックスコーヒー東京スカイツリータウン・ソラマチ西1階店（Ｗ０１０３）","category":"food","address":"東京都墨田区押上一丁目１番２号 東京スカイツリータウン東京ソラマチ１階","source":"厚生労働省 食品衛生申請等システム（オープンデータ）","municipality_code":"13107","municipality_pref":"東京都","municipality_name":"墨田区","municipality_code_method":"food_exact_coord"},"geometry":{"type":"Point","coordinates":[139.810669,35.710087]}},{"type":"Feature","properties":{"layer_id":"cafe_restaurant","name":"テルミナ錦糸町グリーングルメ","category":"food","address":"東京都墨田区錦糸一丁目2番47号 錦糸町テルミナ２","source":"厚生労働省 食品衛生申請等システム（オープンデータ）","municipality_code":"13107","municipality_pref":"東京都","municipality_name":"墨田区","municipality_code_method":"food_exact_coord"},"geometry":{"type":"Point","coordinates":[139.812971,35.697026]}},{"type":"Feature","properties":{"layer_id":"cafe_restaurant","name":"ベルクス東墨田店","category":"food","address":"東京都墨田区東墨田2-8-1","source":"厚生労働省 食品衛生申請等システム（オープンデータ）","municipality_code":"13107","municipality_pref":"東京都","municipality_name":"墨田区","municipality_code_method":"food_exact_coord"},"geometry":{"type":"Point","coordinates":[139.830975,35.719506]}},{"type":"Feature","properties":{"layer_id":"cafe_restaurant","name":"ベルクス墨田店","category":"food","address":"東京都墨田区墨田2-37-2","source":"厚生労働省 食品衛生申請等システム（オープンデータ）","municipality_code":"13107","municipality_pref":"東京都","municipality_name":"墨田区","municipality_code_method":"food_exact_coord"},"geometry":{"type":"Point","coordinates":[139.818313,35.731217]}},{"type":"Feature","properties":{"layer_id":"cafe_restaurant","name":"ベルクス墨田店","category":"food","address":"東京都墨田区墨田2－37－2","source":"厚生労働省 食品衛生申請等システム（オープンデータ）","municipality_code":"13107","municipality_pref":"東京都","municipality_name":"墨田区","municipality_code_method":"food_exact_coord"},"geometry":{"type":"Point","coordinates":[139.818313,35.731217]}},{"type":"Feature","properties":{"layer_id":"cafe_restaurant","name":"果汁工房果琳　オリナス錦糸町店","category":"food","address":"東京都墨田区太平四丁目１番2号 オリナス錦糸町　モール1階","source":"厚生労働省 食品衛生申請等システム（オープンデータ）","municipality_code":"13107","municipality_pref":"東京都","municipality_name":"墨田区","municipality_code_method":"food_exact_coord"},"geometry":{"type":"Point","coordinates":[139.815465,35.700383]}},{"type":"Feature","properties":{"layer_id":"cafe_restaurant","name":"サンドラッグＣＶＳ業平店","category":"food","address":"東京都墨田区業平一丁目１５番５号","source":"厚生労働省 食品衛生申請等システム（オープンデータ）","municipality_code":"13107","municipality_pref":"東京都","municipality_name":"墨田区","municipality_code_method":"food_exact_coord"},"geometry":{"type":"Point","coordinates":[139.808289,35.708446]}},{"type":"Feature","properties":{"layer_id":"cafe_restaurant","name":"株式会社マルエツ両国亀沢店","category":"food","address":"東京都墨田区亀沢三丁目2番14号","source":"厚生労働省 食品衛生申請等システム（オープンデータ）","municipality_code":"13107","municipality_pref":"東京都","municipality_name":"墨田区","municipality_code_method":"food_exact_coord"},"geometry":{"type":"Point","coordinates":[139.804881,35.696239]}},{"type":"Feature","properties":{"layer_id":"cafe_restaurant","name":"マルエツ菊川店","category":"food","address":"東京都墨田区菊川二丁目2番10号","source":"厚生労働省 食品衛生申請等システム（オープンデータ）","municipality_code":"13107","municipality_pref":"東京都","municipality_name":"墨田区","municipality_code_method":"food_exact_coord"},"geometry":{"type":"Point","coordinates":[139.805832,35.687211]}},{"type":"Feature","properties":{"layer_id":"cafe_restaurant","name":"マルエツ菊川店　寿司","category":"food","address":"東京都墨田区菊川二丁目2番10号","source":"厚生労働省 食品衛生申請等システム（オープンデータ）","municipality_code":"13107","municipality_pref":"東京都","municipality_name":"墨田区","municipality_code_method":"food_exact_coord"},"geometry":{"type":"Point","coordinates":[139.805832,35.687211]}},{"type":"Feature","properties":{"layer_id":"cafe_restaurant","name":"株式会社マルエツ　プチ　両国緑一丁目店","category":"food","address":"東京都墨田区緑一丁目15番12号","source":"厚生労働省 食品衛生申請等システム（オープンデータ）","municipality_code":"13107","municipality_pref":"東京都","municipality_name":"墨田区","municipality_code_method":"food_exact_coord"},"geometry":{"type":"Point","coordinates":[139.798821,35.69421]}},{"type":"Feature","properties":{"layer_id":"cafe_restaurant","name":"株式会社マルエツ両国亀沢店","category":"food","address":"東京都墨田区亀沢三丁目2番14号","source":"厚生労働省 食品衛生申請等システム（オープンデータ）","municipality_code":"13107","municipality_pref":"東京都","municipality_name":"墨田区","municipality_code_method":"food_exact_coord"},"geometry":{"type":"Point","coordinates":[139.804881,35.696239]}},{"type":"Feature","properties":{"layer_id":"cafe_restaurant","name":"株式会社マルエツ錦糸町店","category":"food","address":"東京都墨田区太平一丁目14番1号","source":"厚生労働省 食品衛生申請等システム（オープンデータ）","municipality_code":"13107","municipality_pref":"東京都","municipality_name":"墨田区","municipality_code_method":"food_exact_coord"},"geometry":{"type":"Point","coordinates":[139.809946,35.700431]}},{"type":"Feature","properties":{"layer_id":"cafe_restaurant","name":"株式会社マルエツ両国亀沢店","category":"food","address":"東京都墨田区亀沢三丁目2番14号","source":"厚生労働省 食品衛生申請等システム（オープンデータ）","municipality_code":"13107","municipality_pref":"東京都","municipality_name":"墨田区","municipality_code_method":"food_exact_coord"},"geometry":{"type":"Point","coordinates":[139.804881,35.696239]}},{"type":"Feature","properties":{"layer_id":"cafe_restaurant","name":"株式会社マルエツ　プチ　本所四丁目店","category":"food","address":"東京都墨田区本所四丁目20番3号","source":"厚生労働省 食品衛生申請等システム（オープンデータ）","municipality_code":"13107","municipality_pref":"東京都","municipality_name":"墨田区","municipality_code_method":"food_exact_coord"},"geometry":{"type":"Point","coordinates":[139.804948,35.705018]}},{"type":"Feature","properties":{"layer_id":"cafe_restaurant","name":"マルエツ菊川店","category":"food","address":"東京都墨田区菊川二丁目2番10号","source":"厚生労働省 食品衛生申請等システム（オープンデータ）","municipality_code":"13107","municipality_pref":"東京都","municipality_name":"墨田区","municipality_code_method":"food_exact_coord"},"geometry":{"type":"Point","coordinates":[139.805832,35.687211]}},{"type":"Feature","properties":{"layer_id":"cafe_restaurant","name":"株式会社マルエツ　錦糸町店","category":"food","address":"東京都墨田区太平一丁目14番1号","source":"厚生労働省 食品衛生申請等システム（オープンデータ）","municipality_code":"13107","municipality_pref":"東京都","municipality_name":"墨田区","municipality_code_method":"food_exact_coord"},"geometry":{"type":"Point","coordinates":[139.809946,35.700431]}},{"type":"Feature","properties":{"layer_id":"cafe_restaurant","name":"オーケー曳舟店","category":"food","address":"東京都墨田区京島一丁目37番24号","source":"厚生労働省 食品衛生申請等システム（オープンデータ）","municipality_code":"13107","municipality_pref":"東京都","municipality_name":"墨田区","municipality_code_method":"food_exact_coord"},"geometry":{"type":"Point","coordinates":[139.819542,35.717155]}},{"type":"Feature","properties":{"layer_id":"cafe_restaurant","name":"オーケー曳舟店","category":"food","address":"東京都墨田区京島一丁目37番24号","source":"厚生労働省 食品衛生申請等システム（オープンデータ）","municipality_code":"13107","municipality_pref":"東京都","municipality_name":"墨田区","municipality_code_method":"food_exact_coord"},"geometry":{"type":"Point","coordinates":[139.819542,35.717155]}},{"type":"Feature","properties":{"layer_id":"cafe_restaurant","name":"鮨・酒・肴  杉玉 オリナス錦糸町","category":"food","address":"東京都墨田区太平四丁目1番2号 オリナス錦糸町4階","source":"厚生労働省 食品衛生申請等システム（オープンデータ）","municipality_code":"13107","municipality_pref":"東京都","municipality_name":"墨田区","municipality_code_method":"food_exact_coord"},"geometry":{"type":"Point","coordinates":[139.815465,35.700383]}},{"type":"Feature","properties":{"layer_id":"cafe_restaurant","name":"鮨・酒・肴 杉玉 錦糸町南口","category":"food","address":"東京都墨田区江東橋3-12-6 桜桃梅ビル1～3階","source":"厚生労働省 食品衛生申請等システム（オープンデータ）","municipality_code":"13107","municipality_pref":"東京都","municipality_name":"墨田区","municipality_code_method":"food_exact_coord"},"geometry":{"type":"Point","coordinates":[139.813424,35.695914]}},{"type":"Feature","properties":{"layer_id":"cafe_restaurant","name":"イーズマート錦糸町テルミナ店","category":"food","address":"東京都墨田区江東橋三丁目１４番５号 錦糸町テルミナＢ１","source":"厚生労働省 食品衛生申請等システム（オープンデータ）","municipality_code":"13107","municipality_pref":"東京都","municipality_name":"墨田区","municipality_code_method":"food_exact_coord"},"geometry":{"type":"Point","coordinates":[139.814266,35.696244]}},{"type":"Feature","properties":{"layer_id":"cafe_restaurant","name":"くししき　錦糸町店","category":"food","address":"東京都墨田区江東橋三丁目９番１４号 魚寅第３ビル２Ｆ","source":"厚生労働省 食品衛生申請等システム（オープンデータ）","municipality_code":"13107","municipality_pref":"東京都","municipality_name":"墨田区","municipality_code_method":"food_exact_coord"},"geometry":{"type":"Point","coordinates":[139.814212,35.695317]}},{"type":"Feature","properties":{"layer_id":"cafe_restaurant","name":"壱角家 錦糸町店","category":"food","address":"東京都墨田区江東橋三丁目１２番５号","source":"厚生労働省 食品衛生申請等システム（オープンデータ）","municipality_code":"13107","municipality_pref":"東京都","municipality_name":"墨田区","municipality_code_method":"food_exact_coord"},"geometry":{"type":"Point","coordinates":[139.813414,35.696062]}},{"type":"Feature","properties":{"layer_id":"cafe_restaurant","name":"壱角家 スカイツリー店","category":"food","address":"東京都墨田区業平一丁目18番4号 1F","source":"厚生労働省 食品衛生申請等システム（オープンデータ）","municipality_code":"13107","municipality_pref":"東京都","municipality_name":"墨田区","municipality_code_method":"food_exact_coord"},"geometry":{"type":"Point","coordinates":[139.808773,35.70917]}},{"type":"Feature","properties":{"layer_id":"cafe_restaurant","name":"ハート＆ハート　デリ＆スイーツ","category":"food","address":"東京都墨田区押上三丁目27番14号","source":"厚生労働省 食品衛生申請等システム（オープンデータ）","municipality_code":"13107","municipality_pref":"東京都","municipality_name":"墨田区","municipality_code_method":"food_exact_coord"},"geometry":{"type":"Point","coordinates":[139.817634,35.711467]}},{"type":"Feature","properties":{"layer_id":"cafe_restaurant","name":"ハート　アンド　ハート","category":"food","address":"東京都墨田区押上一丁目３７番７号","source":"厚生労働省 食品衛生申請等システム（オープンデータ）","municipality_code":"13107","municipality_pref":"東京都","municipality_name":"墨田区","municipality_code_method":"food_exact_coord"},"geometry":{"type":"Point","coordinates":[139.815998,35.710004]}},{"type":"Feature","properties":{"layer_id":"cafe_restaurant","name":"コシャリ屋コーピー/シーシャ屋デグー/シャーペーコーピー/うまいもんやデグー","category":"food","address":"東京都墨田区江東橋四丁目20番13号 山田ビル2階・３階","source":"厚生労働省 食品衛生申請等システム（オープンデータ）","municipality_code":"13107","municipality_pref":"東京都","municipality_name":"墨田区","municipality_code_method":"food_exact_coord"},"geometry":{"type":"Point","coordinates":[139.815873,35.694995]}},{"type":"Feature","properties":{"layer_id":"cafe_restaurant","name":"ニュー・クイック東京ソラマチ店(W0222)","category":"food","address":"東京都墨田区押上一丁目１番２号 東京スカイツリータウン東京ソラマチ２階","source":"厚生労働省 食品衛生申請等システム（オープンデータ）","municipality_code":"13107","municipality_pref":"東京都","municipality_name":"墨田区","municipality_code_method":"food_exact_coord"},"geometry":{"type":"Point","coordinates":[139.810669,35.710087]}},{"type":"Feature","properties":{"layer_id":"cafe_restaurant","name":"セブン‐イレブン墨田５丁目店","category":"food","address":"東京都墨田区墨田五丁目43番16号","source":"厚生労働省 食品衛生申請等システム（オープンデータ）","municipality_code":"13107","municipality_pref":"東京都","municipality_name":"墨田区","municipality_code_method":"food_exact_coord"},"geometry":{"type":"Point","coordinates":[139.819199,35.733927]}},{"type":"Feature","properties":{"layer_id":"cafe_restaurant","name":"串カツ田中　押上店","category":"food","address":"東京都墨田区押上1-16-8 アヅマビル1階","source":"厚生労働省 食品衛生申請等システム（オープンデータ）","municipality_code":"13107","municipality_pref":"東京都","municipality_name":"墨田区","municipality_code_method":"food_exact_coord"},"geometry":{"type":"Point","coordinates":[139.815428,35.711675]}},{"type":"Feature","properties":{"layer_id":"cafe_restaurant","name":"セブンイレブン　錦糸町駅南口広場前店","category":"food","address":"東京都墨田区江東橋三丁目１３番１号 ＫＳ１５ビル","source":"厚生労働省 食品衛生申請等システム（オープンデータ）","municipality_code":"13107","municipality_pref":"東京都","municipality_name":"墨田区","municipality_code_method":"food_exact_coord"},"geometry":{"type":"Point","coordinates":[139.813707,35.695804]}},{"type":"Feature","properties":{"layer_id":"cafe_restaurant","name":"セブン－イレブン　ＪＲ錦糸町駅前店","category":"food","address":"東京都墨田区江東橋三丁目１４番１０号","source":"厚生労働省 食品衛生申請等システム（オープンデータ）","municipality_code":"13107","municipality_pref":"東京都","municipality_name":"墨田区","municipality_code_method":"food_exact_coord"},"geometry":{"type":"Point","coordinates":[139.813594,35.696229]}},{"type":"Feature","properties":{"layer_id":"cafe_restaurant","name":"セブンイレブン墨田石原１丁目","category":"food","address":"東京都墨田区石原一丁目27番1号","source":"厚生労働省 食品衛生申請等システム（オープンデータ）","municipality_code":"13107","municipality_pref":"東京都","municipality_name":"墨田区","municipality_code_method":"food_exact_coord"},"geometry":{"type":"Point","coordinates":[139.797399,35.699923]}},{"type":"Feature","properties":{"layer_id":"cafe_restaurant","name":"焼肉ライク　錦糸町北口店","category":"food","address":"東京都墨田区錦糸三丁目4番9号 ジョッコビル2F","source":"厚生労働省 食品衛生申請等システム（オープンデータ）","municipality_code":"13107","municipality_pref":"東京都","municipality_name":"墨田区","municipality_code_method":"food_exact_coord"},"geometry":{"type":"Point","coordinates":[139.814726,35.697988]}},{"type":"Feature","properties":{"layer_id":"cafe_restaurant","name":"今日和　錦糸町店","category":"food","address":"東京都墨田区江東橋三丁目９番１０号 丸井錦糸町店７Ｆ","source":"厚生労働省 食品衛生申請等システム（オープンデータ）","municipality_code":"13107","municipality_pref":"東京都","municipality_name":"墨田区","municipality_code_method":"food_exact_coord"},"geometry":{"type":"Point","coordinates":[139.813707,35.694943]}},{"type":"Feature","properties":{"layer_id":"cafe_restaurant","name":"セブンイレブン墨田八広1丁目店","category":"food","address":"東京都墨田区八広一丁目27番9号","source":"厚生労働省 食品衛生申請等システム（オープンデータ）","municipality_code":"13107","municipality_pref":"東京都","municipality_name":"墨田区","municipality_code_method":"food_exact_coord"},"geometry":{"type":"Point","coordinates":[139.824183,35.718496]}},{"type":"Feature","properties":{"layer_id":"cafe_restaurant","name":"セブンイレブン墨田八広南店","category":"food","address":"東京都墨田区八広二丁目15番20号","source":"厚生労働省 食品衛生申請等システム（オープンデータ）","municipality_code":"13107","municipality_pref":"東京都","municipality_name":"墨田区","municipality_code_method":"food_exact_coord"},"geometry":{"type":"Point","coordinates":[139.82471,35.716079]}},{"type":"Feature","properties":{"layer_id":"cafe_restaurant","name":"鎌倉パスタ　錦糸町パルコ店","category":"food","address":"東京都墨田区江東橋四丁目27番14号 錦糸町パルコ6F","source":"厚生労働省 食品衛生申請等システム（オープンデータ）","municipality_code":"13107","municipality_pref":"東京都","municipality_name":"墨田区","municipality_code_method":"food_exact_coord"},"geometry":{"type":"Point","coordinates":[139.816498,35.69652]}},{"type":"Feature","properties":{"layer_id":"cafe_restaurant","name":"セブンイレブン墨田横川5丁目店","category":"food","address":"東京都墨田区横川五丁目1番1号","source":"厚生労働省 食品衛生申請等システム（オープンデータ）","municipality_code":"13107","municipality_pref":"東京都","municipality_name":"墨田区","municipality_code_method":"food_exact_coord"},"geometry":{"type":"Point","coordinates":[139.816525,35.703158]}},{"type":"Feature","properties":{"layer_id":"cafe_restaurant","name":"セブンイレブン墨田業平２丁目店","category":"food","address":"東京都墨田区業平二丁目18番3号","source":"厚生労働省 食品衛生申請等システム（オープンデータ）","municipality_code":"13107","municipality_pref":"東京都","municipality_name":"墨田区","municipality_code_method":"food_exact_coord"},"geometry":{"type":"Point","coordinates":[139.812294,35.709446]}},{"type":"Feature","properties":{"layer_id":"cafe_restaurant","name":"しゃぶ葉　東向島店","category":"food","address":"東京都墨田区東向島１丁目２８－１１ コモディイイダ東向島店２階","source":"厚生労働省 食品衛生申請等システム（オープンデータ）","municipality_code":"13107","municipality_pref":"東京都","municipality_name":"墨田区","municipality_code_method":"food_exact_coord"},"geometry":{"type":"Point","coordinates":[139.813683,35.718968]}},{"type":"Feature","properties":{"layer_id":"cafe_restaurant","name":"ジョナサン菊川店","category":"food","address":"東京都墨田区菊川２丁目７－９","source":"厚生労働省 食品衛生申請等システム（オープンデータ）","municipality_code":"13107","municipality_pref":"東京都","municipality_name":"墨田区","municipality_code_method":"food_exact_coord"},"geometry":{"type":"Point","coordinates":[139.805674,35.688822]}},{"type":"Feature","properties":{"layer_id":"cafe_restaurant","name":"ガスト 押上店","category":"food","address":"東京都墨田区業平３丁目１７－９","source":"厚生労働省 食品衛生申請等システム（オープンデータ）","municipality_code":"13107","municipality_pref":"東京都","municipality_name":"墨田区","municipality_code_method":"food_exact_coord"},"geometry":{"type":"Point","coordinates":[139.813427,35.709362]}},{"type":"Feature","properties":{"layer_id":"cafe_restaurant","name":"しゃぶ葉錦糸町ＰＡＲＣＯ店","category":"food","address":"東京都墨田区江東橋四丁目２７番１４号 楽天地ビル６Ｆ","source":"厚生労働省 食品衛生申請等システム（オープンデータ）","municipality_code":"13107","municipality_pref":"東京都","municipality_name":"墨田区","municipality_code_method":"food_exact_coord"},"geometry":{"type":"Point","coordinates":[139.816498,35.69652]}},{"type":"Feature","properties":{"layer_id":"cafe_restaurant","name":"ＳＰＩＣＥ　ＣＵＬＴＵＲＥ　ＡＳＩＡＮ　ＦＵＳＩＯＮ　ＤＩＮＮＩＮＧ＆ＢＡＲ","category":"food","address":"東京都墨田区墨田三丁目１番１９号","source":"厚生労働省 食品衛生申請等システム（オープンデータ）","municipality_code":"13107","municipality_pref":"東京都","municipality_name":"墨田区","municipality_code_method":"food_exact_coord"},"geometry":{"type":"Point","coordinates":[139.819972,35.727362]}},{"type":"Feature","properties":{"layer_id":"cafe_restaurant","name":"Venus South Indian Dining","category":"food","address":"東京都墨田区錦糸二丁目6番11号","source":"厚生労働省 食品衛生申請等システム（オープンデータ）","municipality_code":"13107","municipality_pref":"東京都","municipality_name":"墨田区","municipality_code_method":"food_exact_coord"},"geometry":{"type":"Point","coordinates":[139.812168,35.69822]}},{"type":"Feature","properties":{"layer_id":"cafe_restaurant","name":"銀シャリ　原始焼き食堂ロビン","category":"food","address":"東京都墨田区江東橋二丁目7番7号","source":"厚生労働省 食品衛生申請等システム（オープンデータ）","municipality_code":"13107","municipality_pref":"東京都","municipality_name":"墨田区","municipality_code_method":"food_exact_coord"},"geometry":{"type":"Point","coordinates":[139.812538,35.694197]}},{"type":"Feature","properties":{"layer_id":"cafe_restaurant","name":"とーかんまんしょん錦糸町１０１号室","category":"food","address":"東京都墨田区江東橋一丁目７番２０号 トーカン錦糸町マンション","source":"厚生労働省 食品衛生申請等システム（オープンデータ）","municipality_code":"13107","municipality_pref":"東京都","municipality_name":"墨田区","municipality_code_method":"food_exact_coord"},"geometry":{"type":"Point","coordinates":[139.810899,35.69512]}},{"type":"Feature","properties":{"layer_id":"cafe_restaurant","name":"ファミリーマート墨田東あずま駅前店","category":"food","address":"東京都墨田区立花三丁目13番4号 グランフォーレ1階","source":"厚生労働省 食品衛生申請等システム（オープンデータ）","municipality_code":"13107","municipality_pref":"東京都","municipality_name":"墨田区","municipality_code_method":"food_exact_coord"},"geometry":{"type":"Point","coordinates":[139.832476,35.706968]}},{"type":"Feature","properties":{"layer_id":"cafe_restaurant","name":"ファミリーマート鐘ヶ淵駅前店","category":"food","address":"東京都墨田区墨田五丁目43番11号 荒巻ビル1階及び2階","source":"厚生労働省 食品衛生申請等システム（オープンデータ）","municipality_code":"13107","municipality_pref":"東京都","municipality_name":"墨田区","municipality_code_method":"food_exact_coord"},"geometry":{"type":"Point","coordinates":[139.81959949999998,35.733422]}},{"type":"Feature","properties":{"layer_id":"cafe_restaurant","name":"ファミリーマート本所立川三丁目店","category":"food","address":"東京都墨田区立川三丁目10番8号 パイロットハウス菊川美世志本店ビル1階","source":"厚生労働省 食品衛生申請等システム（オープンデータ）","municipality_code":"13107","municipality_pref":"東京都","municipality_name":"墨田区","municipality_code_method":"food_exact_coord"},"geometry":{"type":"Point","coordinates":[139.805601,35.691445]}},{"type":"Feature","properties":{"layer_id":"cafe_restaurant","name":"ファミリーマート菊川駅前店","category":"food","address":"東京都墨田区菊川三丁目7番5号 岩田ビルコーポ菊川1階","source":"厚生労働省 食品衛生申請等システム（オープンデータ）","municipality_code":"13107","municipality_pref":"東京都","municipality_name":"墨田区","municipality_code_method":"food_exact_coord"},"geometry":{"type":"Point","coordinates":[139.806563,35.688289]}},{"type":"Feature","properties":{"layer_id":"cafe_restaurant","name":"ファミリーマート墨田菊川駅前店","category":"food","address":"東京都墨田区菊川二丁目5番10号 新井ビル","source":"厚生労働省 食品衛生申請等システム（オープンデータ）","municipality_code":"13107","municipality_pref":"東京都","municipality_name":"墨田区","municipality_code_method":"food_exact_coord"},"geometry":{"type":"Point","coordinates":[139.805858,35.688215]}},{"type":"Feature","properties":{"layer_id":"cafe_restaurant","name":"セブンイレブン墨田緑３丁目店","category":"food","address":"東京都墨田区緑三丁目5番9号","source":"厚生労働省 食品衛生申請等システム（オープンデータ）","municipality_code":"13107","municipality_pref":"東京都","municipality_name":"墨田区","municipality_code_method":"food_exact_coord"},"geometry":{"type":"Point","coordinates":[139.805425,35.693475]}},{"type":"Feature","properties":{"layer_id":"cafe_restaurant","name":"セブンイレブン墨田本所２丁目店","category":"food","address":"東京都墨田区本所二丁目12番14号","source":"厚生労働省 食品衛生申請等システム（オープンデータ）","municipality_code":"13107","municipality_pref":"東京都","municipality_name":"墨田区","municipality_code_method":"food_exact_coord"},"geometry":{"type":"Point","coordinates":[139.801544,35.703914]}},{"type":"Feature","properties":{"layer_id":"cafe_restaurant","name":"セブンイレブン墨田立川３丁目店","category":"food","address":"東京都墨田区立川三丁目１５番５号 デラ・ベリータ１Ｆ","source":"厚生労働省 食品衛生申請等システム（オープンデータ）","municipality_code":"13107","municipality_pref":"東京都","municipality_name":"墨田区","municipality_code_method":"food_exact_coord"},"geometry":{"type":"Point","coordinates":[139.803514,35.691873]}},{"type":"Feature","properties":{"layer_id":"cafe_restaurant","name":"飯野酒店","category":"food","address":"東京都墨田区向島五丁目27番17-104号","source":"厚生労働省 食品衛生申請等システム（オープンデータ）","municipality_code":"13107","municipality_pref":"東京都","municipality_name":"墨田区","municipality_code_method":"food_exact_coord"},"geometry":{"type":"Point","coordinates":[139.809278,35.716398]}},{"type":"Feature","properties":{"layer_id":"cafe_restaurant","name":"空ゆけ未来工房（バーガー屋ＳＵＮ）","category":"food","address":"東京都墨田区横川四丁目11番2号","source":"厚生労働省 食品衛生申請等システム（オープンデータ）","municipality_code":"13107","municipality_pref":"東京都","municipality_name":"墨田区","municipality_code_method":"food_exact_coord"},"geometry":{"type":"Point","coordinates":[139.815245,35.705444]}},{"type":"Feature","properties":{"layer_id":"cafe_restaurant","name":"喜楽里すみだ工房","category":"food","address":"東京都墨田区東向島三丁目３４番４号","source":"厚生労働省 食品衛生申請等システム（オープンデータ）","municipality_code":"13107","municipality_pref":"東京都","municipality_name":"墨田区","municipality_code_method":"food_exact_coord"},"geometry":{"type":"Point","coordinates":[139.815345,35.721967]}},{"type":"Feature","properties":{"layer_id":"cafe_restaurant","name":"居酒屋　あづま太鼓","category":"food","address":"東京都墨田区八広三丁目３７番２号","source":"厚生労働省 食品衛生申請等システム（オープンデータ）","municipality_code":"13107","municipality_pref":"東京都","municipality_name":"墨田区","municipality_code_method":"food_exact_coord"},"geometry":{"type":"Point","coordinates":[139.829266,35.718077]}},{"type":"Feature","properties":{"layer_id":"cafe_restaurant","name":"くらくら","category":"food","address":"東京都墨田区八広二丁目15番2号","source":"厚生労働省 食品衛生申請等システム（オープンデータ）","municipality_code":"13107","municipality_pref":"東京都","municipality_name":"墨田区","municipality_code_method":"food_exact_coord"},"geometry":{"type":"Point","coordinates":[139.82485,35.716102]}},{"type":"Feature","properties":{"layer_id":"cafe_restaurant","name":"食菜　やなぎだ","category":"food","address":"東京都墨田区両国二丁目１８番１０号","source":"厚生労働省 食品衛生申請等システム（オープンデータ）","municipality_code":"13107","municipality_pref":"東京都","municipality_name":"墨田区","municipality_code_method":"food_exact_coord"},"geometry":{"type":"Point","coordinates":[139.793138,35.695076]}},{"type":"Feature","properties":{"layer_id":"cafe_restaurant","name":"ミスタードーナツ押上業平ショップ","category":"food","address":"東京都墨田区業平三丁目13番6号","source":"厚生労働省 食品衛生申請等システム（オープンデータ）","municipality_code":"13107","municipality_pref":"東京都","municipality_name":"墨田区","municipality_code_method":"food_exact_coord"},"geometry":{"type":"Point","coordinates":[139.813017,35.708794]}},{"type":"Feature","properties":{"layer_id":"cafe_restaurant","name":"セブンーイレブン向島店","category":"food","address":"東京都墨田区向島三丁目5番4号","source":"厚生労働省 食品衛生申請等システム（オープンデータ）","municipality_code":"13107","municipality_pref":"東京都","municipality_name":"墨田区","municipality_code_method":"food_exact_coord"},"geometry":{"type":"Point","coordinates":[139.809318,35.715058]}},{"type":"Feature","properties":{"layer_id":"cafe_restaurant","name":"ライフ錦糸町駅前店（惣菜）","category":"food","address":"東京都墨田区錦糸二丁目2番1号 アルカキット錦糸町B1","source":"厚生労働省 食品衛生申請等システム（オープンデータ）","municipality_code":"13107","municipality_pref":"東京都","municipality_name":"墨田区","municipality_code_method":"food_exact_coord"},"geometry":{"type":"Point","coordinates":[139.812428,35.697302]}},{"type":"Feature","properties":{"layer_id":"cafe_restaurant","name":"ライフ錦糸町駅前店（魚介類）","category":"food","address":"東京都墨田区錦糸二丁目2番1号 アルカキット錦糸町B1","source":"厚生労働省 食品衛生申請等システム（オープンデータ）","municipality_code":"13107","municipality_pref":"東京都","municipality_name":"墨田区","municipality_code_method":"food_exact_coord"},"geometry":{"type":"Point","coordinates":[139.812428,35.697302]}},{"type":"Feature","properties":{"layer_id":"cafe_restaurant","name":"ライフ錦糸町駅前店（米飯）","category":"food","address":"東京都墨田区錦糸二丁目2番1号 アルカキット錦糸町B1","source":"厚生労働省 食品衛生申請等システム（オープンデータ）","municipality_code":"13107","municipality_pref":"東京都","municipality_name":"墨田区","municipality_code_method":"food_exact_coord"},"geometry":{"type":"Point","coordinates":[139.812428,35.697302]}},{"type":"Feature","properties":{"layer_id":"cafe_restaurant","name":"（株）三徳　石原店","category":"food","address":"東京都墨田区石原三丁目21番6号","source":"厚生労働省 食品衛生申請等システム（オープンデータ）","municipality_code":"13107","municipality_pref":"東京都","municipality_name":"墨田区","municipality_code_method":"food_exact_coord"},"geometry":{"type":"Point","coordinates":[139.804044,35.700773]}},{"type":"Feature","properties":{"layer_id":"cafe_restaurant","name":"ライフ錦糸町駅前店（畜肉小分け）","category":"food","address":"東京都墨田区錦糸二丁目2番1号 アルカキット錦糸町B1","source":"厚生労働省 食品衛生申請等システム（オープンデータ）","municipality_code":"13107","municipality_pref":"東京都","municipality_name":"墨田区","municipality_code_method":"food_exact_coord"},"geometry":{"type":"Point","coordinates":[139.812428,35.697302]}},{"type":"Feature","properties":{"layer_id":"cafe_restaurant","name":"ライフ錦糸町駅前店（野菜加工品）","category":"food","address":"東京都墨田区錦糸二丁目2番1号 アルカキット錦糸町B１","source":"厚生労働省 食品衛生申請等システム（オープンデータ）","municipality_code":"13107","municipality_pref":"東京都","municipality_name":"墨田区","municipality_code_method":"food_exact_coord"},"geometry":{"type":"Point","coordinates":[139.812428,35.697302]}},{"type":"Feature","properties":{"layer_id":"cafe_restaurant","name":"ライフ錦糸町駅前店（カットサラダ）","category":"food","address":"東京都墨田区錦糸二丁目2番1号 アルカキット錦糸町Ｂ１","source":"厚生労働省 食品衛生申請等システム（オープンデータ）","municipality_code":"13107","municipality_pref":"東京都","municipality_name":"墨田区","municipality_code_method":"food_exact_coord"},"geometry":{"type":"Point","coordinates":[139.812428,35.697302]}},{"type":"Feature","properties":{"layer_id":"cafe_restaurant","name":"セブンーイレブン　墨田石原店","category":"food","address":"東京都墨田区石原四丁目１番３号","source":"厚生労働省 食品衛生申請等システム（オープンデータ）","municipality_code":"13107","municipality_pref":"東京都","municipality_name":"墨田区","municipality_code_method":"food_exact_coord"},"geometry":{"type":"Point","coordinates":[139.805554,35.699286]}},{"type":"Feature","properties":{"layer_id":"cafe_restaurant","name":"焼売のジョー錦糸町店","category":"food","address":"東京都墨田区江東橋二丁目19番1号 テルミナ３　1階","source":"厚生労働省 食品衛生申請等システム（オープンデータ）","municipality_code":"13107","municipality_pref":"東京都","municipality_name":"墨田区","municipality_code_method":"food_exact_coord"},"geometry":{"type":"Point","coordinates":[139.812947,35.696326]}},{"type":"Feature","properties":{"layer_id":"cafe_restaurant","name":"らぁ麺はやし田錦糸町店","category":"food","address":"東京都墨田区江東橋三丁目１３番１号 ＫＳ１５ビル１階","source":"厚生労働省 食品衛生申請等システム（オープンデータ）","municipality_code":"13107","municipality_pref":"東京都","municipality_name":"墨田区","municipality_code_method":"food_exact_coord"},"geometry":{"type":"Point","coordinates":[139.813652,35.695868]}},{"type":"Feature","properties":{"layer_id":"cafe_restaurant","name":"魚の登竜門　すしショップ百太郎","category":"food","address":"東京都墨田区江東橋二丁目１６番９号 錦糸町旭屋ビル１．２Ｆ","source":"厚生労働省 食品衛生申請等システム（オープンデータ）","municipality_code":"13107","municipality_pref":"東京都","municipality_name":"墨田区","municipality_code_method":"food_exact_coord"},"geometry":{"type":"Point","coordinates":[139.812292,35.69567]}},{"type":"Feature","properties":{"layer_id":"cafe_restaurant","name":"くら寿司　押上（スカイツリー前）駅前1F店","category":"food","address":"東京都墨田区押上一丁目8番23号 1F","source":"厚生労働省 食品衛生申請等システム（オープンデータ）","municipality_code":"13107","municipality_pref":"東京都","municipality_name":"墨田区","municipality_code_method":"food_exact_coord"},"geometry":{"type":"Point","coordinates":[139.8141,35.710911]}},{"type":"Feature","properties":{"layer_id":"cafe_restaurant","name":"くら寿司　押上（スカイツリー前）駅前2F店","category":"food","address":"東京都墨田区押上一丁目8番23号 2F","source":"厚生労働省 食品衛生申請等システム（オープンデータ）","municipality_code":"13107","municipality_pref":"東京都","municipality_name":"墨田区","municipality_code_method":"food_exact_coord"},"geometry":{"type":"Point","coordinates":[139.8141,35.710911]}},{"type":"Feature","properties":{"layer_id":"cafe_restaurant","name":"韓国家庭料理　草場","category":"food","address":"東京都墨田区錦糸三丁目９番１号 ネオハイム錦糸１階","source":"厚生労働省 食品衛生申請等システム（オープンデータ）","municipality_code":"13107","municipality_pref":"東京都","municipality_name":"墨田区","municipality_code_method":"food_exact_coord"},"geometry":{"type":"Point","coordinates":[139.814206,35.698853]}},{"type":"Feature","properties":{"layer_id":"cafe_restaurant","name":"（株）三徳　石原店","category":"food","address":"東京都墨田区石原三丁目21番6号","source":"厚生労働省 食品衛生申請等システム（オープンデータ）","municipality_code":"13107","municipality_pref":"東京都","municipality_name":"墨田区","municipality_code_method":"food_exact_coord"},"geometry":{"type":"Point","coordinates":[139.804044,35.700773]}},{"type":"Feature","properties":{"layer_id":"cafe_restaurant","name":"天ぷら石橋","category":"food","address":"東京都墨田区亀沢二丁目２１番９号","source":"厚生労働省 食品衛生申請等システム（オープンデータ）","municipality_code":"13107","municipality_pref":"東京都","municipality_name":"墨田区","municipality_code_method":"food_exact_coord"},"geometry":{"type":"Point","coordinates":[139.801898,35.698701]}},{"type":"Feature","properties":{"layer_id":"cafe_restaurant","name":"もつ焼　稲垣","category":"food","address":"東京都墨田区業平二丁目17番8号","source":"厚生労働省 食品衛生申請等システム（オープンデータ）","municipality_code":"13107","municipality_pref":"東京都","municipality_name":"墨田区","municipality_code_method":"food_exact_coord"},"geometry":{"type":"Point","coordinates":[139.812288,35.709211]}},{"type":"Feature","properties":{"layer_id":"cafe_restaurant","name":"叙々苑（E3001)","category":"food","address":"東京都墨田区押上一丁目1番2番 東京スカイツリータウン東京ソラマチ30階","source":"厚生労働省 食品衛生申請等システム（オープンデータ）","municipality_code":"13107","municipality_pref":"東京都","municipality_name":"墨田区","municipality_code_method":"food_exact_coord"},"geometry":{"type":"Point","coordinates":[139.810669,35.710087]}},{"type":"Feature","properties":{"layer_id":"cafe_restaurant","name":"叙々苑ステーキＪＪ","category":"food","address":"東京都墨田区横網一丁目２番１６号 両国ガイビル国技館前２階","source":"厚生労働省 食品衛生申請等システム（オープンデータ）","municipality_code":"13107","municipality_pref":"東京都","municipality_name":"墨田区","municipality_code_method":"food_exact_coord"},"geometry":{"type":"Point","coordinates":[139.792088,35.697433]}},{"type":"Feature","properties":{"layer_id":"cafe_restaurant","name":"えびそば一幻　東京ソラマチ店（E0616）","category":"food","address":"東京都墨田区押上一丁目1番2号 東京スカイツリータウン東京ソラマチ６階","source":"厚生労働省 食品衛生申請等システム（オープンデータ）","municipality_code":"13107","municipality_pref":"東京都","municipality_name":"墨田区","municipality_code_method":"food_exact_coord"},"geometry":{"type":"Point","coordinates":[139.810669,35.710087]}},{"type":"Feature","properties":{"layer_id":"cafe_restaurant","name":"Ｓａｍｚａｎａ　Ｉｎｄｉａｎ　Ｒｅｓｔａｕｒａｎｔ　Ｂａｒ","category":"food","address":"東京都墨田区両国三丁目２４番１号 １Ｆ","source":"厚生労働省 食品衛生申請等システム（オープンデータ）","municipality_code":"13107","municipality_pref":"東京都","municipality_name":"墨田区","municipality_code_method":"food_exact_coord"},"geometry":{"type":"Point","coordinates":[139.794045,35.695049]}},{"type":"Feature","properties":{"layer_id":"cafe_restaurant","name":"オリンピック墨田文花店　催事場","category":"food","address":"東京都墨田区文花1-31-9","source":"厚生労働省 食品衛生申請等システム（オープンデータ）","municipality_code":"13107","municipality_pref":"東京都","municipality_name":"墨田区","municipality_code_method":"food_exact_coord"},"geometry":{"type":"Point","coordinates":[139.823415,35.706946]}},{"type":"Feature","properties":{"layer_id":"cafe_restaurant","name":"オリンピック墨田文花店","category":"food","address":"東京都墨田区文花１丁目３１番９号","source":"厚生労働省 食品衛生申請等システム（オープンデータ）","municipality_code":"13107","municipality_pref":"東京都","municipality_name":"墨田区","municipality_code_method":"food_exact_coord"},"geometry":{"type":"Point","coordinates":[139.823415,35.706946]}},{"type":"Feature","properties":{"layer_id":"cafe_restaurant","name":"オリンピック墨田文花店","category":"food","address":"東京都墨田区文花１丁目３１番９号","source":"厚生労働省 食品衛生申請等システム（オープンデータ）","municipality_code":"13107","municipality_pref":"東京都","municipality_name":"墨田区","municipality_code_method":"food_exact_coord"},"geometry":{"type":"Point","coordinates":[139.823415,35.706946]}},{"type":"Feature","properties":{"layer_id":"cafe_restaurant","name":"オリンピック墨田文花店","category":"food","address":"東京都墨田区文花１丁目３１番９号","source":"厚生労働省 食品衛生申請等システム（オープンデータ）","municipality_code":"13107","municipality_pref":"東京都","municipality_name":"墨田区","municipality_code_method":"food_exact_coord"},"geometry":{"type":"Point","coordinates":[139.823415,35.706946]}},{"type":"Feature","properties":{"layer_id":"cafe_restaurant","name":"オリンピック墨田文花店","category":"food","address":"東京都墨田区文花１丁目３１番９号","source":"厚生労働省 食品衛生申請等システム（オープンデータ）","municipality_code":"13107","municipality_pref":"東京都","municipality_name":"墨田区","municipality_code_method":"food_exact_coord"},"geometry":{"type":"Point","coordinates":[139.823415,35.706946]}},{"type":"Feature","properties":{"layer_id":"cafe_restaurant","name":"ゴディバ　東京スカイツリータウン・ソラマチ店（E0215）","category":"food","address":"東京都墨田区押上一丁目1番2号 東京スカイツリータウン東京ソラマチ2階","source":"厚生労働省 食品衛生申請等システム（オープンデータ）","municipality_code":"13107","municipality_pref":"東京都","municipality_name":"墨田区","municipality_code_method":"food_exact_coord"},"geometry":{"type":"Point","coordinates":[139.812912,35.71023]}},{"type":"Feature","properties":{"layer_id":"cafe_restaurant","name":"ゴディバ　丸井錦糸町店","category":"food","address":"東京都墨田区江東橋三丁目９番１０番 丸井錦糸町１Ｆ","source":"厚生労働省 食品衛生申請等システム（オープンデータ）","municipality_code":"13107","municipality_pref":"東京都","municipality_name":"墨田区","municipality_code_method":"food_exact_coord"},"geometry":{"type":"Point","coordinates":[139.813707,35.694943]}},{"type":"Feature","properties":{"layer_id":"cafe_restaurant","name":"麺場　田所商店　江戸NOREN","category":"food","address":"東京都墨田区横網一丁目３番２０号 両国江戸NOREN１階","source":"厚生労働省 食品衛生申請等システム（オープンデータ）","municipality_code":"13107","municipality_pref":"東京都","municipality_name":"墨田区","municipality_code_method":"food_exact_coord"},"geometry":{"type":"Point","coordinates":[139.792718,35.69654]}},{"type":"Feature","properties":{"layer_id":"cafe_restaurant","name":"ゴンチャ錦糸町パルコ店","category":"food","address":"東京都墨田区江東橋四丁目２７番１４号 錦糸町パルコ３Ｆ","source":"厚生労働省 食品衛生申請等システム（オープンデータ）","municipality_code":"13107","municipality_pref":"東京都","municipality_name":"墨田区","municipality_code_method":"food_exact_coord"},"geometry":{"type":"Point","coordinates":[139.816498,35.69652]}},{"type":"Feature","properties":{"layer_id":"cafe_restaurant","name":"大阪王将　両国店","category":"food","address":"東京都墨田区両国四丁目２７番３号 高司ビル１階","source":"厚生労働省 食品衛生申請等システム（オープンデータ）","municipality_code":"13107","municipality_pref":"東京都","municipality_name":"墨田区","municipality_code_method":"food_exact_coord"},"geometry":{"type":"Point","coordinates":[139.794917,35.69424]}},{"type":"Feature","properties":{"layer_id":"cafe_restaurant","name":"ＨＯＴＥＬ　ＤＵＯ","category":"food","address":"東京都墨田区江東橋三丁目１番６号","source":"厚生労働省 食品衛生申請等システム（オープンデータ）","municipality_code":"13107","municipality_pref":"東京都","municipality_name":"墨田区","municipality_code_method":"food_exact_coord"},"geometry":{"type":"Point","coordinates":[139.81415,35.693234]}},{"type":"Feature","properties":{"layer_id":"cafe_restaurant","name":"墨田区立　立川保育園","category":"food","address":"東京都墨田区立川1-5-2","source":"厚生労働省 食品衛生申請等システム（オープンデータ）","municipality_code":"13107","municipality_pref":"東京都","municipality_name":"墨田区","municipality_code_method":"food_exact_coord"},"geometry":{"type":"Point","coordinates":[139.799696,35.690456]}},{"type":"Feature","properties":{"layer_id":"cafe_restaurant","name":"セブンイレブン両国江戸のれん店","category":"food","address":"東京都墨田区横網一丁目３番２０号","source":"厚生労働省 食品衛生申請等システム（オープンデータ）","municipality_code":"13107","municipality_pref":"東京都","municipality_name":"墨田区","municipality_code_method":"food_exact_coord"},"geometry":{"type":"Point","coordinates":[139.792718,35.69654]}},{"type":"Feature","properties":{"layer_id":"cafe_restaurant","name":"牛たん炭焼　利久　東京ソラマチ店（Ｅ０６１５）","category":"food","address":"東京都墨田区押上一丁目１番２号 東京スカイツリータウン東京ソラマチ６階","source":"厚生労働省 食品衛生申請等システム（オープンデータ）","municipality_code":"13107","municipality_pref":"東京都","municipality_name":"墨田区","municipality_code_method":"food_exact_coord"},"geometry":{"type":"Point","coordinates":[139.810669,35.710087]}},{"type":"Feature","properties":{"layer_id":"cafe_restaurant","name":"サミットストア両国石原店（カットフルーツサラダ）","category":"food","address":"東京都墨田区石原一丁目40番6号","source":"厚生労働省 食品衛生申請等システム（オープンデータ）","municipality_code":"13107","municipality_pref":"東京都","municipality_name":"墨田区","municipality_code_method":"food_exact_coord"},"geometry":{"type":"Point","coordinates":[139.799006,35.701694]}},{"type":"Feature","properties":{"layer_id":"cafe_restaurant","name":"ジャパンミート生鮮館　錦糸町店","category":"food","address":"東京都墨田区江東橋三丁目９番１０号 丸井錦糸町店　地下１階","source":"厚生労働省 食品衛生申請等システム（オープンデータ）","municipality_code":"13107","municipality_pref":"東京都","municipality_name":"墨田区","municipality_code_method":"food_exact_coord"},"geometry":{"type":"Point","coordinates":[139.813707,35.694943]}},{"type":"Feature","properties":{"layer_id":"cafe_restaurant","name":"育正保育園","category":"food","address":"東京都墨田区東駒形一丁目3番15号","source":"厚生労働省 食品衛生申請等システム（オープンデータ）","municipality_code":"13107","municipality_pref":"東京都","municipality_name":"墨田区","municipality_code_method":"food_exact_coord"},"geometry":{"type":"Point","coordinates":[139.797944,35.70697]}},{"type":"Feature","properties":{"layer_id":"cafe_restaurant","name":"墨田区立東あずま保育園","category":"food","address":"東京都墨田区立花一丁目２７番６－１０１号","source":"厚生労働省 食品衛生申請等システム（オープンデータ）","municipality_code":"13107","municipality_pref":"東京都","municipality_name":"墨田区","municipality_code_method":"food_exact_coord"},"geometry":{"type":"Point","coordinates":[139.828944,35.704719]}},{"type":"Feature","properties":{"layer_id":"cafe_restaurant","name":"西安麺荘　秦唐記　錦糸町店","category":"food","address":"東京都墨田区江東橋三丁目２番２号 ドルミ錦糸町大興ビル１０４","source":"厚生労働省 食品衛生申請等システム（オープンデータ）","municipality_code":"13107","municipality_pref":"東京都","municipality_name":"墨田区","municipality_code_method":"food_exact_coord"},"geometry":{"type":"Point","coordinates":[139.814476,35.693641]}},{"type":"Feature","properties":{"layer_id":"cafe_restaurant","name":"２９","category":"food","address":"東京都墨田区江東橋四丁目１６番５号 ＳＫビル６０２号","source":"厚生労働省 食品衛生申請等システム（オープンデータ）","municipality_code":"13107","municipality_pref":"東京都","municipality_name":"墨田区","municipality_code_method":"food_exact_coord"},"geometry":{"type":"Point","coordinates":[139.817168,35.694734]}},{"type":"Feature","properties":{"layer_id":"cafe_restaurant","name":"黒豚しゃぶしゃぶ処　若菜","category":"food","address":"東京都墨田区太平一丁目３１番６号","source":"厚生労働省 食品衛生申請等システム（オープンデータ）","municipality_code":"13107","municipality_pref":"東京都","municipality_name":"墨田区","municipality_code_method":"food_exact_coord"},"geometry":{"type":"Point","coordinates":[139.809211,35.702418]}},{"type":"Feature","properties":{"layer_id":"cafe_restaurant","name":"Ｂａｌｌｏｎ","category":"food","address":"東京都墨田区江東橋三丁目５番１号 ザ・バレル立田ビル地下１階","source":"厚生労働省 食品衛生申請等システム（オープンデータ）","municipality_code":"13107","municipality_pref":"東京都","municipality_name":"墨田区","municipality_code_method":"food_exact_coord"},"geometry":{"type":"Point","coordinates":[139.813372,35.69388]}},{"type":"Feature","properties":{"layer_id":"cafe_restaurant","name":"三代目　入江","category":"food","address":"東京都墨田区江東橋四丁目１８番８号 小西ビル１階","source":"厚生労働省 食品衛生申請等システム（オープンデータ）","municipality_code":"13107","municipality_pref":"東京都","municipality_name":"墨田区","municipality_code_method":"food_exact_coord"},"geometry":{"type":"Point","coordinates":[139.815856,35.694718]}},{"type":"Feature","properties":{"layer_id":"cafe_restaurant","name":"鎌倉あきもと（E0131）","category":"food","address":"東京都墨田区押上一丁目1番2号 東京スカイツリータウン東京ソラマチ1階","source":"厚生労働省 食品衛生申請等システム（オープンデータ）","municipality_code":"13107","municipality_pref":"東京都","municipality_name":"墨田区","municipality_code_method":"food_exact_coord"},"geometry":{"type":"Point","coordinates":[139.810669,35.710087]}},{"type":"Feature","properties":{"layer_id":"cafe_restaurant","name":"いろり庵きらく両国店","category":"food","address":"東京都墨田区横網一丁目3番3号 JR両国駅改札外","source":"厚生労働省 食品衛生申請等システム（オープンデータ）","municipality_code":"13107","municipality_pref":"東京都","municipality_name":"墨田区","municipality_code_method":"food_exact_coord"},"geometry":{"type":"Point","coordinates":[139.794426,35.695673]}},{"type":"Feature","properties":{"layer_id":"cafe_restaurant","name":"いろり庵きらくそば錦糸町店","category":"food","address":"東京都墨田区江東橋三丁目１４番５号 ＪＲ錦糸町駅改札内　総武線特急・快速ホーム","source":"厚生労働省 食品衛生申請等システム（オープンデータ）","municipality_code":"13107","municipality_pref":"東京都","municipality_name":"墨田区","municipality_code_method":"food_exact_coord"},"geometry":{"type":"Point","coordinates":[139.813926,35.696446]}},{"type":"Feature","properties":{"layer_id":"cafe_restaurant","name":"（有）キクヤ","category":"food","address":"東京都墨田区向島三丁目４５番１号","source":"厚生労働省 食品衛生申請等システム（オープンデータ）","municipality_code":"13107","municipality_pref":"東京都","municipality_name":"墨田区","municipality_code_method":"food_exact_coord"},"geometry":{"type":"Point","coordinates":[139.808655,35.711495]}},{"type":"Feature","properties":{"layer_id":"cafe_restaurant","name":"巨牛荘石原本店","category":"food","address":"東京都墨田区石原二丁目12番6号","source":"厚生労働省 食品衛生申請等システム（オープンデータ）","municipality_code":"13107","municipality_pref":"東京都","municipality_name":"墨田区","municipality_code_method":"food_exact_coord"},"geometry":{"type":"Point","coordinates":[139.801084,35.700196]}},{"type":"Feature","properties":{"layer_id":"cafe_restaurant","name":"株式会社　藤井商店","category":"food","address":"東京都墨田区東向島三丁目３０番２号","source":"厚生労働省 食品衛生申請等システム（オープンデータ）","municipality_code":"13107","municipality_pref":"東京都","municipality_name":"墨田区","municipality_code_method":"food_exact_coord"},"geometry":{"type":"Point","coordinates":[139.813517,35.723378]}},{"type":"Feature","properties":{"layer_id":"cafe_restaurant","name":"ＣＡＹＵ　ｄｅｓ　ＲＯＩＳ","category":"food","address":"東京都墨田区亀沢四丁目１７番１７号","source":"厚生労働省 食品衛生申請等システム（オープンデータ）","municipality_code":"13107","municipality_pref":"東京都","municipality_name":"墨田区","municipality_code_method":"food_exact_coord"},"geometry":{"type":"Point","coordinates":[139.8078985,35.697681]}},{"type":"Feature","properties":{"layer_id":"cafe_restaurant","name":"エリーズカフェ（ＥＬＬＩＥ’ｓ　Ｃａｆｅ’）","category":"food","address":"東京都墨田区両国四丁目３３番１０号","source":"厚生労働省 食品衛生申請等システム（オープンデータ）","municipality_code":"13107","municipality_pref":"東京都","municipality_name":"墨田区","municipality_code_method":"food_exact_coord"},"geometry":{"type":"Point","coordinates":[139.796201,35.695007]}},{"type":"Feature","properties":{"layer_id":"cafe_restaurant","name":"カリカリカリーパン（W２０２－４）","category":"food","address":"東京都墨田区押上一丁目1番2号 東京スカイツリータウン東京ソラマチ２階","source":"厚生労働省 食品衛生申請等システム（オープンデータ）","municipality_code":"13107","municipality_pref":"東京都","municipality_name":"墨田区","municipality_code_method":"food_exact_coord"},"geometry":{"type":"Point","coordinates":[139.810794,35.710256]}},{"type":"Feature","properties":{"layer_id":"cafe_restaurant","name":"ふじのきカフェ","category":"food","address":"東京都墨田区東向島二丁目４番３号","source":"厚生労働省 食品衛生申請等システム（オープンデータ）","municipality_code":"13107","municipality_pref":"東京都","municipality_name":"墨田区","municipality_code_method":"food_exact_coord"},"geometry":{"type":"Point","coordinates":[139.814196,35.718109]}},{"type":"Feature","properties":{"layer_id":"cafe_restaurant","name":"匠がってん寿司　錦糸町PARCO店","category":"food","address":"東京都墨田区江東橋四丁目27番14号　楽天地ビル6F 錦糸町PARCO606","source":"厚生労働省 食品衛生申請等システム（オープンデータ）","municipality_code":"13107","municipality_pref":"東京都","municipality_name":"墨田区","municipality_code_method":"food_exact_coord"},"geometry":{"type":"Point","coordinates":[139.815788,35.696254]}},{"type":"Feature","properties":{"layer_id":"cafe_restaurant","name":"クア・アイナ（E0115）","category":"food","address":"東京都墨田区押上一丁目１番２ 東京スカイツリータウン東京ソラマチ１階","source":"厚生労働省 食品衛生申請等システム（オープンデータ）","municipality_code":"13107","municipality_pref":"東京都","municipality_name":"墨田区","municipality_code_method":"food_exact_coord"},"geometry":{"type":"Point","coordinates":[139.810669,35.710087]}},{"type":"Feature","properties":{"layer_id":"cafe_restaurant","name":"宙寅屋　東京ソラマチ店（Ｅ０１２２）","category":"food","address":"東京都墨田区押上一丁目１番２号 東京スカイツリータウン東京ソラマチ１階","source":"厚生労働省 食品衛生申請等システム（オープンデータ）","municipality_code":"13107","municipality_pref":"東京都","municipality_name":"墨田区","municipality_code_method":"food_exact_coord"},"geometry":{"type":"Point","coordinates":[139.810669,35.710087]}},{"type":"Feature","properties":{"layer_id":"cafe_restaurant","name":"スペースクリエイト　自遊空間　押上駅前店","category":"food","address":"東京都墨田区業平三丁目17番9号 マルホンビル5F・6F","source":"厚生労働省 食品衛生申請等システム（オープンデータ）","municipality_code":"13107","municipality_pref":"東京都","municipality_name":"墨田区","municipality_code_method":"food_exact_coord"},"geometry":{"type":"Point","coordinates":[139.813446,35.709363]}},{"type":"Feature","properties":{"layer_id":"cafe_restaurant","name":"きよし","category":"food","address":"東京都墨田区向島五丁目35番3号","source":"厚生労働省 食品衛生申請等システム（オープンデータ）","municipality_code":"13107","municipality_pref":"東京都","municipality_name":"墨田区","municipality_code_method":"food_exact_coord"},"geometry":{"type":"Point","coordinates":[139.811688,35.717867]}},{"type":"Feature","properties":{"layer_id":"cafe_restaurant","name":"介護老人保健施設　葵の園・向島","category":"food","address":"東京都墨田区向島三丁目１番１３号","source":"厚生労働省 食品衛生申請等システム（オープンデータ）","municipality_code":"13107","municipality_pref":"東京都","municipality_name":"墨田区","municipality_code_method":"food_exact_coord"},"geometry":{"type":"Point","coordinates":[139.80645,35.712955]}},{"type":"Feature","properties":{"layer_id":"cafe_restaurant","name":"新宿さぼてん","category":"food","address":"東京都墨田区江東橋三丁目１４番５号 錦糸町テルミナＢ１","source":"厚生労働省 食品衛生申請等システム（オープンデータ）","municipality_code":"13107","municipality_pref":"東京都","municipality_name":"墨田区","municipality_code_method":"food_exact_coord"},"geometry":{"type":"Point","coordinates":[139.814266,35.696244]}},{"type":"Feature","properties":{"layer_id":"cafe_restaurant","name":"とんかつ新宿さぼてん（Ｅ０６０８）","category":"food","address":"東京都墨田区押上一丁目１番２号 東京スカイツリータウン東京ソラマチ６階","source":"厚生労働省 食品衛生申請等システム（オープンデータ）","municipality_code":"13107","municipality_pref":"東京都","municipality_name":"墨田区","municipality_code_method":"food_exact_coord"},"geometry":{"type":"Point","coordinates":[139.810669,35.710087]}},{"type":"Feature","properties":{"layer_id":"cafe_restaurant","name":"ファミリーマート菊川一丁目","category":"food","address":"東京都墨田区菊川一丁目９番１４号","source":"厚生労働省 食品衛生申請等システム（オープンデータ）","municipality_code":"13107","municipality_pref":"東京都","municipality_name":"墨田区","municipality_code_method":"food_exact_coord"},"geometry":{"type":"Point","coordinates":[139.802537,35.688409]}},{"type":"Feature","properties":{"layer_id":"cafe_restaurant","name":"ファミリーマート墨田太平三丁目店","category":"food","address":"東京都墨田区太平三丁目10番12号","source":"厚生労働省 食品衛生申請等システム（オープンデータ）","municipality_code":"13107","municipality_pref":"東京都","municipality_name":"墨田区","municipality_code_method":"food_exact_coord"},"geometry":{"type":"Point","coordinates":[139.813318,35.700717]}},{"type":"Feature","properties":{"layer_id":"cafe_restaurant","name":"メイト００９７３号店","category":"food","address":"東京都墨田区横網二丁目１０番１２号 ７階","source":"厚生労働省 食品衛生申請等システム（オープンデータ）","municipality_code":"13107","municipality_pref":"東京都","municipality_name":"墨田区","municipality_code_method":"food_exact_coord"},"geometry":{"type":"Point","coordinates":[139.7967,35.700869]}},{"type":"Feature","properties":{"layer_id":"cafe_restaurant","name":"イトーヨーカドー曳舟店（冠生園作業場）","category":"food","address":"東京都墨田区京島一丁目2番1号","source":"厚生労働省 食品衛生申請等システム（オープンデータ）","municipality_code":"13107","municipality_pref":"東京都","municipality_name":"墨田区","municipality_code_method":"food_exact_coord"},"geometry":{"type":"Point","coordinates":[139.817783,35.717455]}},{"type":"Feature","properties":{"layer_id":"cafe_restaurant","name":"（株）イトーヨーカドー曳舟店・惣菜第二作業場","category":"food","address":"東京都墨田区京島一丁目2番1号 ２F","source":"厚生労働省 食品衛生申請等システム（オープンデータ）","municipality_code":"13107","municipality_pref":"東京都","municipality_name":"墨田区","municipality_code_method":"food_exact_coord"},"geometry":{"type":"Point","coordinates":[139.817783,35.717455]}},{"type":"Feature","properties":{"layer_id":"cafe_restaurant","name":"イトーヨーカドー曳舟店・食品作業室","category":"food","address":"東京都墨田区京島一丁目2番1号 B1","source":"厚生労働省 食品衛生申請等システム（オープンデータ）","municipality_code":"13107","municipality_pref":"東京都","municipality_name":"墨田区","municipality_code_method":"food_exact_coord"},"geometry":{"type":"Point","coordinates":[139.817783,35.717455]}},{"type":"Feature","properties":{"layer_id":"cafe_restaurant","name":"イトーヨーカドー曳舟店・惣菜作業室","category":"food","address":"東京都墨田区京島一丁目2番1号 B1","source":"厚生労働省 食品衛生申請等システム（オープンデータ）","municipality_code":"13107","municipality_pref":"東京都","municipality_name":"墨田区","municipality_code_method":"food_exact_coord"},"geometry":{"type":"Point","coordinates":[139.817783,35.717455]}},{"type":"Feature","properties":{"layer_id":"cafe_restaurant","name":"イトーヨーカドー曳舟店・精肉惣菜作業室","category":"food","address":"東京都墨田区京島一丁目2番1号 B1","source":"厚生労働省 食品衛生申請等システム（オープンデータ）","municipality_code":"13107","municipality_pref":"東京都","municipality_name":"墨田区","municipality_code_method":"food_exact_coord"},"geometry":{"type":"Point","coordinates":[139.817783,35.717455]}},{"type":"Feature","properties":{"layer_id":"cafe_restaurant","name":"イトーヨーカドー曳舟店・寿司作業室","category":"food","address":"東京都墨田区京島一丁目2番1号 B1","source":"厚生労働省 食品衛生申請等システム（オープンデータ）","municipality_code":"13107","municipality_pref":"東京都","municipality_name":"墨田区","municipality_code_method":"food_exact_coord"},"geometry":{"type":"Point","coordinates":[139.817783,35.717455]}},{"type":"Feature","properties":{"layer_id":"cafe_restaurant","name":"鳥貴族　錦糸町駅前店","category":"food","address":"東京都墨田区江東橋三丁目14番13号 ｻﾝﾗｲｽﾞﾋﾞﾙ　4階","source":"厚生労働省 食品衛生申請等システム（オープンデータ）","municipality_code":"13107","municipality_pref":"東京都","municipality_name":"墨田区","municipality_code_method":"food_exact_coord"},"geometry":{"type":"Point","coordinates":[139.813247,35.696212]}},{"type":"Feature","properties":{"layer_id":"cafe_restaurant","name":"鳥貴族　曳舟店","category":"food","address":"東京都墨田区東向島二丁目16番14号 ﾅﾝｶｲﾋﾞﾙ3．２階","source":"厚生労働省 食品衛生申請等システム（オープンデータ）","municipality_code":"13107","municipality_pref":"東京都","municipality_name":"墨田区","municipality_code_method":"food_exact_coord"},"geometry":{"type":"Point","coordinates":[139.816255,35.718179]}},{"type":"Feature","properties":{"layer_id":"cafe_restaurant","name":"鳥貴族　両国店","category":"food","address":"東京都墨田区両国三丁目２６番５号 両国ビルディング７階","source":"厚生労働省 食品衛生申請等システム（オープンデータ）","municipality_code":"13107","municipality_pref":"東京都","municipality_name":"墨田区","municipality_code_method":"food_exact_coord"},"geometry":{"type":"Point","coordinates":[139.793472,35.695509]}},{"type":"Feature","properties":{"layer_id":"cafe_restaurant","name":"鳥貴族　錦糸町南口店","category":"food","address":"東京都墨田区江東橋三丁目8番14号 第一錦糸ビル4階","source":"厚生労働省 食品衛生申請等システム（オープンデータ）","municipality_code":"13107","municipality_pref":"東京都","municipality_name":"墨田区","municipality_code_method":"food_exact_coord"},"geometry":{"type":"Point","coordinates":[139.814862,35.694686]}},{"type":"Feature","properties":{"layer_id":"cafe_restaurant","name":"Marked","category":"food","address":"東京都墨田区本所一丁目１番１０号 １F","source":"厚生労働省 食品衛生申請等システム（オープンデータ）","municipality_code":"13107","municipality_pref":"東京都","municipality_name":"墨田区","municipality_code_method":"food_exact_coord"},"geometry":{"type":"Point","coordinates":[139.7961925,35.7021785]}},{"type":"Feature","properties":{"layer_id":"cafe_restaurant","name":"Ｃａｆｅ　Ｓｕｃｒｅ","category":"food","address":"東京都墨田区東向島二丁目31番20号","source":"厚生労働省 食品衛生申請等システム（オープンデータ）","municipality_code":"13107","municipality_pref":"東京都","municipality_name":"墨田区","municipality_code_method":"food_exact_coord"},"geometry":{"type":"Point","coordinates":[139.817689,35.719054]}},{"type":"Feature","properties":{"layer_id":"cafe_restaurant","name":"なりひら","category":"food","address":"東京都墨田区業平一丁目18番9号","source":"厚生労働省 食品衛生申請等システム（オープンデータ）","municipality_code":"13107","municipality_pref":"東京都","municipality_name":"墨田区","municipality_code_method":"food_exact_coord"},"geometry":{"type":"Point","coordinates":[139.809318,35.709025]}},{"type":"Feature","properties":{"layer_id":"cafe_restaurant","name":"餃子の王将　京成曳舟駅前店","category":"food","address":"東京都墨田区京島一丁目３７番１８号","source":"厚生労働省 食品衛生申請等システム（オープンデータ）","municipality_code":"13107","municipality_pref":"東京都","municipality_name":"墨田区","municipality_code_method":"food_exact_coord"},"geometry":{"type":"Point","coordinates":[139.818826,35.717392]}},{"type":"Feature","properties":{"layer_id":"cafe_restaurant","name":"麺屋　三郎","category":"food","address":"東京都墨田区江東橋三丁目３番４号 江東橋スクエアビル１階","source":"厚生労働省 食品衛生申請等システム（オープンデータ）","municipality_code":"13107","municipality_pref":"東京都","municipality_name":"墨田区","municipality_code_method":"food_exact_coord"},"geometry":{"type":"Point","coordinates":[139.813795,35.693678]}},{"type":"Feature","properties":{"layer_id":"cafe_restaurant","name":"七輪酒家　にんにくや","category":"food","address":"東京都墨田区江東橋四丁目２６番１５号 ＳＲビル１Ｆ","source":"厚生労働省 食品衛生申請等システム（オープンデータ）","municipality_code":"13107","municipality_pref":"東京都","municipality_name":"墨田区","municipality_code_method":"food_exact_coord"},"geometry":{"type":"Point","coordinates":[139.81632,35.695343]}},{"type":"Feature","properties":{"layer_id":"cafe_restaurant","name":"ＰＵＢツバメ","category":"food","address":"東京都墨田区江東橋三丁目５番２号 サーストンビル５階　５０２号室","source":"厚生労働省 食品衛生申請等システム（オープンデータ）","municipality_code":"13107","municipality_pref":"東京都","municipality_name":"墨田区","municipality_code_method":"food_exact_coord"},"geometry":{"type":"Point","coordinates":[139.813354,35.693977]}},{"type":"Feature","properties":{"layer_id":"cafe_restaurant","name":"柳ぎ","category":"food","address":"東京都墨田区江東橋三丁目５番１号 ザ・バレル立田ビル地下２階","source":"厚生労働省 食品衛生申請等システム（オープンデータ）","municipality_code":"13107","municipality_pref":"東京都","municipality_name":"墨田区","municipality_code_method":"food_exact_coord"},"geometry":{"type":"Point","coordinates":[139.813372,35.69388]}},{"type":"Feature","properties":{"layer_id":"cafe_restaurant","name":"洋麺バル　PastaBA","category":"food","address":"東京都墨田区江東橋一丁目11番８号 日伸ビル１F","source":"厚生労働省 食品衛生申請等システム（オープンデータ）","municipality_code":"13107","municipality_pref":"東京都","municipality_name":"墨田区","municipality_code_method":"food_exact_coord"},"geometry":{"type":"Point","coordinates":[139.810227,35.69558]}},{"type":"Feature","properties":{"layer_id":"cafe_restaurant","name":"ＴＨＥ　ＡＬＬＥＹ　東京スカイツリータウン・ソラマチ店（Ｅ０１１７）","category":"food","address":"東京都墨田区押上一丁目１番２号 東京スカイツリータウン東京ソラマチ１階","source":"厚生労働省 食品衛生申請等システム（オープンデータ）","municipality_code":"13107","municipality_pref":"東京都","municipality_name":"墨田区","municipality_code_method":"food_exact_coord"},"geometry":{"type":"Point","coordinates":[139.810669,35.710087]}},{"type":"Feature","properties":{"layer_id":"cafe_restaurant","name":"催事厨房（WK0205）","category":"food","address":"東京都墨田区押上一丁目1番2号 東京スカイツリータウン東京ソラマチ2階","source":"厚生労働省 食品衛生申請等システム（オープンデータ）","municipality_code":"13107","municipality_pref":"東京都","municipality_name":"墨田区","municipality_code_method":"food_exact_coord"},"geometry":{"type":"Point","coordinates":[139.812079,35.710306]}},{"type":"Feature","properties":{"layer_id":"cafe_restaurant","name":"第一ホテル両国5階宴会厨房","category":"food","address":"東京都墨田区横網一丁目6番1号","source":"厚生労働省 食品衛生申請等システム（オープンデータ）","municipality_code":"13107","municipality_pref":"東京都","municipality_name":"墨田区","municipality_code_method":"food_exact_coord"},"geometry":{"type":"Point","coordinates":[139.796923,35.698126]}},{"type":"Feature","properties":{"layer_id":"cafe_restaurant","name":"第一ホテル両国１Ｆアゼリア","category":"food","address":"東京都墨田区横網一丁目6番1号","source":"厚生労働省 食品衛生申請等システム（オープンデータ）","municipality_code":"13107","municipality_pref":"東京都","municipality_name":"墨田区","municipality_code_method":"food_exact_coord"},"geometry":{"type":"Point","coordinates":[139.796923,35.698126]}},{"type":"Feature","properties":{"layer_id":"cafe_restaurant","name":"レストラン　さくら","category":"food","address":"東京都墨田区横網一丁目6番1号","source":"厚生労働省 食品衛生申請等システム（オープンデータ）","municipality_code":"13107","municipality_pref":"東京都","municipality_name":"墨田区","municipality_code_method":"food_exact_coord"},"geometry":{"type":"Point","coordinates":[139.796923,35.698126]}},{"type":"Feature","properties":{"layer_id":"cafe_restaurant","name":"TOKYO隅田川ブルーイング　バル　style","category":"food","address":"東京都墨田区吾妻橋一丁目23番36号","source":"厚生労働省 食品衛生申請等システム（オープンデータ）","municipality_code":"13107","municipality_pref":"東京都","municipality_name":"墨田区","municipality_code_method":"food_exact_coord"},"geometry":{"type":"Point","coordinates":[139.80054,35.709482]}},{"type":"Feature","properties":{"layer_id":"cafe_restaurant","name":"ラ・フラム","category":"food","address":"東京都墨田区吾妻橋一丁目23番1号 スーパードライホール3F","source":"厚生労働省 食品衛生申請等システム（オープンデータ）","municipality_code":"13107","municipality_pref":"東京都","municipality_name":"墨田区","municipality_code_method":"food_exact_coord"},"geometry":{"type":"Point","coordinates":[139.800526,35.710009]}},{"type":"Feature","properties":{"layer_id":"cafe_restaurant","name":"フラムドール","category":"food","address":"東京都墨田区吾妻橋一丁目23番1号 スーパードライホール1F","source":"厚生労働省 食品衛生申請等システム（オープンデータ）","municipality_code":"13107","municipality_pref":"東京都","municipality_name":"墨田区","municipality_code_method":"food_exact_coord"},"geometry":{"type":"Point","coordinates":[139.800526,35.710009]}},{"type":"Feature","properties":{"layer_id":"cafe_restaurant","name":"フラムドール厨房","category":"food","address":"東京都墨田区吾妻橋一丁目23番1号 スーパードライホールB1F","source":"厚生労働省 食品衛生申請等システム（オープンデータ）","municipality_code":"13107","municipality_pref":"東京都","municipality_name":"墨田区","municipality_code_method":"food_exact_coord"},"geometry":{"type":"Point","coordinates":[139.800526,35.710009]}},{"type":"Feature","properties":{"layer_id":"cafe_restaurant","name":"ＡＧＰ　ＳＴＡＴＩＯＮ","category":"food","address":"東京都墨田区吾妻橋一丁目23番1号","source":"厚生労働省 食品衛生申請等システム（オープンデータ）","municipality_code":"13107","municipality_pref":"東京都","municipality_name":"墨田区","municipality_code_method":"food_exact_coord"},"geometry":{"type":"Point","coordinates":[139.800526,35.710009]}},{"type":"Feature","properties":{"layer_id":"cafe_restaurant","name":"ドトールコーヒーショップ錦糸町店","category":"food","address":"東京都墨田区江東橋四丁目２７番１４号 楽天地ビル１階","source":"厚生労働省 食品衛生申請等システム（オープンデータ）","municipality_code":"13107","municipality_pref":"東京都","municipality_name":"墨田区","municipality_code_method":"food_exact_coord"},"geometry":{"type":"Point","coordinates":[139.816498,35.69652]}},{"type":"Feature","properties":{"layer_id":"cafe_restaurant","name":"天然温泉　楽天地スパ","category":"food","address":"東京都墨田区江東橋四丁目２７番１４号 ９階","source":"厚生労働省 食品衛生申請等システム（オープンデータ）","municipality_code":"13107","municipality_pref":"東京都","municipality_name":"墨田区","municipality_code_method":"food_exact_coord"},"geometry":{"type":"Point","coordinates":[139.816498,35.69652]}},{"type":"Feature","properties":{"layer_id":"cafe_restaurant","name":"楽天地ダービービル　西館７Ｆ売店","category":"food","address":"東京都墨田区江東橋二丁目１１番７号","source":"厚生労働省 食品衛生申請等システム（オープンデータ）","municipality_code":"13107","municipality_pref":"東京都","municipality_name":"墨田区","municipality_code_method":"food_exact_coord"},"geometry":{"type":"Point","coordinates":[139.812799,35.694997]}},{"type":"Feature","properties":{"layer_id":"cafe_restaurant","name":"楽天地ダービービル　西館３Ｆ売店","category":"food","address":"東京都墨田区江東橋二丁目１１番７号","source":"厚生労働省 食品衛生申請等システム（オープンデータ）","municipality_code":"13107","municipality_pref":"東京都","municipality_name":"墨田区","municipality_code_method":"food_exact_coord"},"geometry":{"type":"Point","coordinates":[139.812799,35.694997]}},{"type":"Feature","properties":{"layer_id":"cafe_restaurant","name":"ドトールコーヒーショップ楽天地ビル地下店","category":"food","address":"東京都墨田区江東橋四丁目２７番１４号 楽天地ビル地下１階","source":"厚生労働省 食品衛生申請等システム（オープンデータ）","municipality_code":"13107","municipality_pref":"東京都","municipality_name":"墨田区","municipality_code_method":"food_exact_coord"},"geometry":{"type":"Point","coordinates":[139.816498,35.69652]}},{"type":"Feature","properties":{"layer_id":"cafe_restaurant","name":"ＩＮＣＨＡ　印茶","category":"food","address":"東京都墨田区両国四丁目32番2号","source":"厚生労働省 食品衛生申請等システム（オープンデータ）","municipality_code":"13107","municipality_pref":"東京都","municipality_name":"墨田区","municipality_code_method":"food_exact_coord"},"geometry":{"type":"Point","coordinates":[139.795055,35.694678]}},{"type":"Feature","properties":{"layer_id":"cafe_restaurant","name":"デニーズ墨田堤通り店","category":"food","address":"東京都墨田区堤通一丁目１９番１１号","source":"厚生労働省 食品衛生申請等システム（オープンデータ）","municipality_code":"13107","municipality_pref":"東京都","municipality_name":"墨田区","municipality_code_method":"food_exact_coord"},"geometry":{"type":"Point","coordinates":[139.81239,35.727278]}},{"type":"Feature","properties":{"layer_id":"cafe_restaurant","name":"inkr","category":"food","address":"東京都墨田区業平四丁目18番16号","source":"厚生労働省 食品衛生申請等システム（オープンデータ）","municipality_code":"13107","municipality_pref":"東京都","municipality_name":"墨田区","municipality_code_method":"food_exact_coord"},"geometry":{"type":"Point","coordinates":[139.815006,35.708863]}},{"type":"Feature","properties":{"layer_id":"cafe_restaurant","name":"相撲茶屋　寺尾","category":"food","address":"東京都墨田区両国二丁目１６番５号 あづまビル１F","source":"厚生労働省 食品衛生申請等システム（オープンデータ）","municipality_code":"13107","municipality_pref":"東京都","municipality_name":"墨田区","municipality_code_method":"food_exact_coord"},"geometry":{"type":"Point","coordinates":[139.791571,35.694508]}},{"type":"Feature","properties":{"layer_id":"cafe_restaurant","name":"日高屋　両国東口店","category":"food","address":"東京都墨田区両国三丁目２６番6号","source":"厚生労働省 食品衛生申請等システム（オープンデータ）","municipality_code":"13107","municipality_pref":"東京都","municipality_name":"墨田区","municipality_code_method":"food_exact_coord"},"geometry":{"type":"Point","coordinates":[139.793612,35.695504]}},{"type":"Feature","properties":{"layer_id":"cafe_restaurant","name":"日高屋　押上四ツ目通店","category":"food","address":"東京都墨田区業平四丁目17番4号","source":"厚生労働省 食品衛生申請等システム（オープンデータ）","municipality_code":"13107","municipality_pref":"東京都","municipality_name":"墨田区","municipality_code_method":"food_exact_coord"},"geometry":{"type":"Point","coordinates":[139.813887,35.709384]}},{"type":"Feature","properties":{"layer_id":"cafe_restaurant","name":"日高屋　錦糸町北口店","category":"food","address":"東京都墨田区錦糸三丁目３番１０号","source":"厚生労働省 食品衛生申請等システム（オープンデータ）","municipality_code":"13107","municipality_pref":"東京都","municipality_name":"墨田区","municipality_code_method":"food_exact_coord"},"geometry":{"type":"Point","coordinates":[139.813691,35.697954]}},{"type":"Feature","properties":{"layer_id":"cafe_restaurant","name":"中華食堂日高屋　錦糸町南口","category":"food","address":"東京都墨田区江東橋三丁目11番3号","source":"厚生労働省 食品衛生申請等システム（オープンデータ）","municipality_code":"13107","municipality_pref":"東京都","municipality_name":"墨田区","municipality_code_method":"food_exact_coord"},"geometry":{"type":"Point","coordinates":[139.812873,35.695991]}},{"type":"Feature","properties":{"layer_id":"cafe_restaurant","name":"しま田","category":"food","address":"東京都墨田区両国二丁目４番５号","source":"厚生労働省 食品衛生申請等システム（オープンデータ）","municipality_code":"13107","municipality_pref":"東京都","municipality_name":"墨田区","municipality_code_method":"food_exact_coord"},"geometry":{"type":"Point","coordinates":[139.793076,35.693134]}},{"type":"Feature","properties":{"layer_id":"cafe_restaurant","name":"あるけみっ！！","category":"food","address":"東京都墨田区両国三丁目２３番９号 ２階","source":"厚生労働省 食品衛生申請等システム（オープンデータ）","municipality_code":"13107","municipality_pref":"東京都","municipality_name":"墨田区","municipality_code_method":"food_exact_coord"},"geometry":{"type":"Point","coordinates":[139.793799,35.694935]}},{"type":"Feature","properties":{"layer_id":"cafe_restaurant","name":"ｄｃｏｌｌｅｃｔｉｏｎ","category":"food","address":"東京都墨田区両国四丁目３２番１６号 両国プラザビル１Ｆ","source":"厚生労働省 食品衛生申請等システム（オープンデータ）","municipality_code":"13107","municipality_pref":"東京都","municipality_name":"墨田区","municipality_code_method":"food_exact_coord"},"geometry":{"type":"Point","coordinates":[139.795664,35.694704]}},{"type":"Feature","properties":{"layer_id":"cafe_restaurant","name":"Curious George Kitchen（E0118）","category":"food","address":"東京都墨田区押上一丁目１番２号 東京スカイツリータウン東京ソラマチ１階","source":"厚生労働省 食品衛生申請等システム（オープンデータ）","municipality_code":"13107","municipality_pref":"東京都","municipality_name":"墨田区","municipality_code_method":"food_exact_coord"},"geometry":{"type":"Point","coordinates":[139.812079,35.710306]}},{"type":"Feature","properties":{"layer_id":"cafe_restaurant","name":"リンガーハットオリナス錦糸町店","category":"food","address":"東京都墨田区太平四丁目１番２号 オリナスモール3F","source":"厚生労働省 食品衛生申請等システム（オープンデータ）","municipality_code":"13107","municipality_pref":"東京都","municipality_name":"墨田区","municipality_code_method":"food_exact_coord"},"geometry":{"type":"Point","coordinates":[139.815945,35.700862]}},{"type":"Feature","properties":{"layer_id":"cafe_restaurant","name":"ホールユウＳＡＫＡＩ","category":"food","address":"東京都墨田区八広六丁目9番6号 3Ｆ","source":"厚生労働省 食品衛生申請等システム（オープンデータ）","municipality_code":"13107","municipality_pref":"東京都","municipality_name":"墨田区","municipality_code_method":"food_exact_coord"},"geometry":{"type":"Point","coordinates":[139.826797,35.727758]}},{"type":"Feature","properties":{"layer_id":"cafe_restaurant","name":"Park Axis 錦糸町 STYLES","category":"food","address":"東京都墨田区江東橋五丁目12番13号","source":"厚生労働省 食品衛生申請等システム（オープンデータ）","municipality_code":"13107","municipality_pref":"東京都","municipality_name":"墨田区","municipality_code_method":"food_exact_coord"},"geometry":{"type":"Point","coordinates":[139.80999,35.692271]}},{"type":"Feature","properties":{"layer_id":"cafe_restaurant","name":"三菱東京UFJ銀行本所中央支店行員食堂","category":"food","address":"東京都墨田区両国四丁目３０番１２号","source":"厚生労働省 食品衛生申請等システム（オープンデータ）","municipality_code":"13107","municipality_pref":"東京都","municipality_name":"墨田区","municipality_code_method":"food_exact_coord"},"geometry":{"type":"Point","coordinates":[139.797374,35.694172]}},{"type":"Feature","properties":{"layer_id":"cafe_restaurant","name":"医療法人社団隆靖会　墨田中央病院","category":"food","address":"東京都墨田区京島三丁目67番1号","source":"厚生労働省 食品衛生申請等システム（オープンデータ）","municipality_code":"13107","municipality_pref":"東京都","municipality_name":"墨田区","municipality_code_method":"food_exact_coord"},"geometry":{"type":"Point","coordinates":[139.82633,35.713017]}},{"type":"Feature","properties":{"layer_id":"cafe_restaurant","name":"COFFEE PLACE Taihei-cho","category":"food","address":"東京都墨田区太平四丁目9番13-101号","source":"厚生労働省 食品衛生申請等システム（オープンデータ）","municipality_code":"13107","municipality_pref":"東京都","municipality_name":"墨田区","municipality_code_method":"food_exact_coord"},"geometry":{"type":"Point","coordinates":[139.815006,35.701652]}},{"type":"Feature","properties":{"layer_id":"cafe_restaurant","name":"イタリアン　バル　トリガ","category":"food","address":"東京都墨田区石原一丁目19番5号 エミール両国１F","source":"厚生労働省 食品衛生申請等システム（オープンデータ）","municipality_code":"13107","municipality_pref":"東京都","municipality_name":"墨田区","municipality_code_method":"food_exact_coord"},"geometry":{"type":"Point","coordinates":[139.798353,35.699741]}},{"type":"Feature","properties":{"layer_id":"cafe_restaurant","name":"カラオケ館錦糸町店","category":"food","address":"東京都墨田区江東橋3-12-8 OTKビル","source":"厚生労働省 食品衛生申請等システム（オープンデータ）","municipality_code":"13107","municipality_pref":"東京都","municipality_name":"墨田区","municipality_code_method":"food_exact_coord"},"geometry":{"type":"Point","coordinates":[139.813367,35.695722]}},{"type":"Feature","properties":{"layer_id":"cafe_restaurant","name":"国技館サービス(株)東側一階引換所","category":"food","address":"東京都墨田区横網一丁目３番２８号","source":"厚生労働省 食品衛生申請等システム（オープンデータ）","municipality_code":"13107","municipality_pref":"東京都","municipality_name":"墨田区","municipality_code_method":"food_exact_coord"},"geometry":{"type":"Point","coordinates":[139.792482,35.697134]}},{"type":"Feature","properties":{"layer_id":"cafe_restaurant","name":"国技館サービス(株)西側一階引換所","category":"food","address":"東京都墨田区横網一丁目３番２８号","source":"厚生労働省 食品衛生申請等システム（オープンデータ）","municipality_code":"13107","municipality_pref":"東京都","municipality_name":"墨田区","municipality_code_method":"food_exact_coord"},"geometry":{"type":"Point","coordinates":[139.792482,35.697134]}},{"type":"Feature","properties":{"layer_id":"cafe_restaurant","name":"国技館サービス(株)東側２階引換所「すし処・雷電」","category":"food","address":"東京都墨田区横網一丁目３番２８号","source":"厚生労働省 食品衛生申請等システム（オープンデータ）","municipality_code":"13107","municipality_pref":"東京都","municipality_name":"墨田区","municipality_code_method":"food_exact_coord"},"geometry":{"type":"Point","coordinates":[139.792482,35.697134]}},{"type":"Feature","properties":{"layer_id":"cafe_restaurant","name":"国技館サービス(株)西側２階売店「にく処・雷電」","category":"food","address":"東京都墨田区横網一丁目３番２８号","source":"厚生労働省 食品衛生申請等システム（オープンデータ）","municipality_code":"13107","municipality_pref":"東京都","municipality_name":"墨田区","municipality_code_method":"food_exact_coord"},"geometry":{"type":"Point","coordinates":[139.792482,35.697134]}},{"type":"Feature","properties":{"layer_id":"cafe_restaurant","name":"国技館カフェ","category":"food","address":"東京都墨田区横網一丁目３番２８号 ２Ｆ","source":"厚生労働省 食品衛生申請等システム（オープンデータ）","municipality_code":"13107","municipality_pref":"東京都","municipality_name":"墨田区","municipality_code_method":"food_exact_coord"},"geometry":{"type":"Point","coordinates":[139.792482,35.697134]}},{"type":"Feature","properties":{"layer_id":"cafe_restaurant","name":"国技館サービス(株)弁当部加工所","category":"food","address":"東京都墨田区横網一丁目３番２８号 Ｂ１","source":"厚生労働省 食品衛生申請等システム（オープンデータ）","municipality_code":"13107","municipality_pref":"東京都","municipality_name":"墨田区","municipality_code_method":"food_exact_coord"},"geometry":{"type":"Point","coordinates":[139.792482,35.697134]}},{"type":"Feature","properties":{"layer_id":"cafe_restaurant","name":"ローソン吾妻橋三丁目店","category":"food","address":"東京都墨田区吾妻橋三丁目7番13号","source":"厚生労働省 食品衛生申請等システム（オープンデータ）","municipality_code":"13107","municipality_pref":"東京都","municipality_name":"墨田区","municipality_code_method":"food_exact_coord"},"geometry":{"type":"Point","coordinates":[139.805329,35.708869]}},{"type":"Feature","properties":{"layer_id":"cafe_restaurant","name":"からあげ　とり多津","category":"food","address":"東京都墨田区錦糸二丁目4番10号 ナカズビル1F","source":"厚生労働省 食品衛生申請等システム（オープンデータ）","municipality_code":"13107","municipality_pref":"東京都","municipality_name":"墨田区","municipality_code_method":"food_exact_coord"},"geometry":{"type":"Point","coordinates":[139.813257,35.697962]}},{"type":"Feature","properties":{"layer_id":"cafe_restaurant","name":"NewDays錦糸町南口改札外店","category":"food","address":"東京都墨田区江東橋三丁目14番5号ＪＲ錦糸町駅構内","source":"厚生労働省 食品衛生申請等システム（オープンデータ）","municipality_code":"13107","municipality_pref":"東京都","municipality_name":"墨田区","municipality_code_method":"food_exact_coord"},"geometry":{"type":"Point","coordinates":[139.814464,35.696657]}},{"type":"Feature","properties":{"layer_id":"cafe_restaurant","name":"ファミリーマート押上駅店","category":"food","address":"東京都墨田区押上一丁目1番先","source":"厚生労働省 食品衛生申請等システム（オープンデータ）","municipality_code":"13107","municipality_pref":"東京都","municipality_name":"墨田区","municipality_code_method":"food_exact_coord"},"geometry":{"type":"Point","coordinates":[139.812145,35.710425]}},{"type":"Feature","properties":{"layer_id":"cafe_restaurant","name":"ファミリーマート業平三丁目店","category":"food","address":"東京都墨田区業平三丁目11番9号","source":"厚生労働省 食品衛生申請等システム（オープンデータ）","municipality_code":"13107","municipality_pref":"東京都","municipality_name":"墨田区","municipality_code_method":"food_exact_coord"},"geometry":{"type":"Point","coordinates":[139.813657,35.708063]}},{"type":"Feature","properties":{"layer_id":"cafe_restaurant","name":"ファミリーマート京成曳舟駅構内店","category":"food","address":"東京都墨田区京島一丁目37番11号","source":"厚生労働省 食品衛生申請等システム（オープンデータ）","municipality_code":"13107","municipality_pref":"東京都","municipality_name":"墨田区","municipality_code_method":"food_exact_coord"},"geometry":{"type":"Point","coordinates":[139.819462,35.717912]}},{"type":"Feature","properties":{"layer_id":"cafe_restaurant","name":"かくや両国本店","category":"food","address":"東京都墨田区横網一丁目３番１号","source":"厚生労働省 食品衛生申請等システム（オープンデータ）","municipality_code":"13107","municipality_pref":"東京都","municipality_name":"墨田区","municipality_code_method":"food_exact_coord"},"geometry":{"type":"Point","coordinates":[139.794776,35.695678]}},{"type":"Feature","properties":{"layer_id":"cafe_restaurant","name":"シズラー押上店","category":"food","address":"東京都墨田区押上一丁目10番3号 リッチモンドホテル５階","source":"厚生労働省 食品衛生申請等システム（オープンデータ）","municipality_code":"13107","municipality_pref":"東京都","municipality_name":"墨田区","municipality_code_method":"food_exact_coord"},"geometry":{"type":"Point","coordinates":[139.813757,35.710234]}},{"type":"Feature","properties":{"layer_id":"cafe_restaurant","name":"てんや東武曳舟駅店","category":"food","address":"東京都墨田区東向島二丁目２６番６号 ＥＱＵｉＡ曳舟","source":"厚生労働省 食品衛生申請等システム（オープンデータ）","municipality_code":"13107","municipality_pref":"東京都","municipality_name":"墨田区","municipality_code_method":"food_exact_coord"},"geometry":{"type":"Point","coordinates":[139.816565,35.717884]}},{"type":"Feature","properties":{"layer_id":"cafe_restaurant","name":"てんや　錦糸町テルミナ２店","category":"food","address":"東京都墨田区錦糸一丁目2番47号","source":"厚生労働省 食品衛生申請等システム（オープンデータ）","municipality_code":"13107","municipality_pref":"東京都","municipality_name":"墨田区","municipality_code_method":"food_exact_coord"},"geometry":{"type":"Point","coordinates":[139.813989,35.69686]}},{"type":"Feature","properties":{"layer_id":"cafe_restaurant","name":"ロイヤルホスト曳舟店","category":"food","address":"東京都墨田区京島一丁目３８番１号","source":"厚生労働省 食品衛生申請等システム（オープンデータ）","municipality_code":"13107","municipality_pref":"東京都","municipality_name":"墨田区","municipality_code_method":"food_exact_coord"},"geometry":{"type":"Point","coordinates":[139.81867649999998,35.7177365]}},{"type":"Feature","properties":{"layer_id":"cafe_restaurant","name":"ちよだ鮨","category":"food","address":"東京都墨田区東向島二丁目15番8号","source":"厚生労働省 食品衛生申請等システム（オープンデータ）","municipality_code":"13107","municipality_pref":"東京都","municipality_name":"墨田区","municipality_code_method":"food_exact_coord"},"geometry":{"type":"Point","coordinates":[139.816176,35.717782]}},{"type":"Feature","properties":{"layer_id":"cafe_restaurant","name":"ちよだ鮨　東向島店","category":"food","address":"東京都墨田区東向島五丁目3番3号","source":"厚生労働省 食品衛生申請等システム（オープンデータ）","municipality_code":"13107","municipality_pref":"東京都","municipality_name":"墨田区","municipality_code_method":"food_exact_coord"},"geometry":{"type":"Point","coordinates":[139.819722,35.725029]}},{"type":"Feature","properties":{"layer_id":"cafe_restaurant","name":"セブンイレブン墨田太平3丁目店","category":"food","address":"東京都墨田区太平三丁目20番7号","source":"厚生労働省 食品衛生申請等システム（オープンデータ）","municipality_code":"13107","municipality_pref":"東京都","municipality_name":"墨田区","municipality_code_method":"food_exact_coord"},"geometry":{"type":"Point","coordinates":[139.814361,35.702666]}},{"type":"Feature","properties":{"layer_id":"cafe_restaurant","name":"セブンイレブン墨田錦糸町１丁目店","category":"food","address":"東京都墨田区錦糸一丁目５番１６号","source":"厚生労働省 食品衛生申請等システム（オープンデータ）","municipality_code":"13107","municipality_pref":"東京都","municipality_name":"墨田区","municipality_code_method":"food_exact_coord"},"geometry":{"type":"Point","coordinates":[139.81026,35.697856]}},{"type":"Feature","properties":{"layer_id":"cafe_restaurant","name":"RAMEN EXPRESS 博多一風堂（W0312）","category":"food","address":"東京都墨田区押上一丁目1番2号 東京スカイツリータウン東京ソラマチ3階","source":"厚生労働省 食品衛生申請等システム（オープンデータ）","municipality_code":"13107","municipality_pref":"東京都","municipality_name":"墨田区","municipality_code_method":"food_exact_coord"},"geometry":{"type":"Point","coordinates":[139.810669,35.710087]}},{"type":"Feature","properties":{"layer_id":"cafe_restaurant","name":"庄や　錦糸町店","category":"food","address":"東京都墨田区錦糸三丁目２番１号 アルカイースト地下１階","source":"厚生労働省 食品衛生申請等システム（オープンデータ）","municipality_code":"13107","municipality_pref":"東京都","municipality_name":"墨田区","municipality_code_method":"food_exact_coord"},"geometry":{"type":"Point","coordinates":[139.814379,35.697615]}},{"type":"Feature","properties":{"layer_id":"cafe_restaurant","name":"第一勧業信用組合　向島支店","category":"food","address":"東京都墨田区向島三丁目１６番４号","source":"厚生労働省 食品衛生申請等システム（オープンデータ）","municipality_code":"13107","municipality_pref":"東京都","municipality_name":"墨田区","municipality_code_method":"food_exact_coord"},"geometry":{"type":"Point","coordinates":[139.809156,35.714091]}},{"type":"Feature","properties":{"layer_id":"cafe_restaurant","name":"サバイチャイ　タイ屋台","category":"food","address":"東京都墨田区太平二丁目8番3号 三輪ビル1F","source":"厚生労働省 食品衛生申請等システム（オープンデータ）","municipality_code":"13107","municipality_pref":"東京都","municipality_name":"墨田区","municipality_code_method":"food_exact_coord"},"geometry":{"type":"Point","coordinates":[139.811834,35.700864]}},{"type":"Feature","properties":{"layer_id":"cafe_restaurant","name":"ご当地横丁　肉乃山　錦糸町店","category":"food","address":"東京都墨田区江東橋三丁目１２番３号 Ａｒｔｅｍｉｓ　Ｋｅｉｙｏ２Ｆ　Ａ区画","source":"厚生労働省 食品衛生申請等システム（オープンデータ）","municipality_code":"13107","municipality_pref":"東京都","municipality_name":"墨田区","municipality_code_method":"food_exact_coord"},"geometry":{"type":"Point","coordinates":[139.813287,35.695977]}},{"type":"Feature","properties":{"layer_id":"cafe_restaurant","name":"天然炭火焼鳥　鳥光國　錦糸町北口店","category":"food","address":"東京都墨田区錦糸二丁目4番10号 ナカズビル２・３Ｆ","source":"厚生労働省 食品衛生申請等システム（オープンデータ）","municipality_code":"13107","municipality_pref":"東京都","municipality_name":"墨田区","municipality_code_method":"food_exact_coord"},"geometry":{"type":"Point","coordinates":[139.813257,35.697962]}},{"type":"Feature","properties":{"layer_id":"cafe_restaurant","name":"やきとんうまか市場まるし錦糸町南口店","category":"food","address":"東京都墨田区江東橋三丁目１２番１号 木戸ビル１・２Ｆ・３Ｆ","source":"厚生労働省 食品衛生申請等システム（オープンデータ）","municipality_code":"13107","municipality_pref":"東京都","municipality_name":"墨田区","municipality_code_method":"food_exact_coord"},"geometry":{"type":"Point","coordinates":[139.813324,35.69582]}},{"type":"Feature","properties":{"layer_id":"cafe_restaurant","name":"やきとんうまか市場　まるし　両国店","category":"food","address":"東京都墨田区両国二丁目１６番６号 両国ビル１・２Ｆ","source":"厚生労働省 食品衛生申請等システム（オープンデータ）","municipality_code":"13107","municipality_pref":"東京都","municipality_name":"墨田区","municipality_code_method":"food_exact_coord"},"geometry":{"type":"Point","coordinates":[139.791626,35.694405]}},{"type":"Feature","properties":{"layer_id":"cafe_restaurant","name":"のぶ","category":"food","address":"東京都墨田区京島二丁目８番１号","source":"厚生労働省 食品衛生申請等システム（オープンデータ）","municipality_code":"13107","municipality_pref":"東京都","municipality_name":"墨田区","municipality_code_method":"food_exact_coord"},"geometry":{"type":"Point","coordinates":[139.819282,35.714522]}},{"type":"Feature","properties":{"layer_id":"cafe_restaurant","name":"三浦三崎港産直市場　魚寅","category":"food","address":"東京都墨田区江東橋三丁目９番１４号","source":"厚生労働省 食品衛生申請等システム（オープンデータ）","municipality_code":"13107","municipality_pref":"東京都","municipality_name":"墨田区","municipality_code_method":"food_exact_coord"},"geometry":{"type":"Point","coordinates":[139.814272,35.695344]}},{"type":"Feature","properties":{"layer_id":"cafe_restaurant","name":"酒処　いせ元","category":"food","address":"東京都墨田区押上一丁目26番10号","source":"厚生労働省 食品衛生申請等システム（オープンデータ）","municipality_code":"13107","municipality_pref":"東京都","municipality_name":"墨田区","municipality_code_method":"food_exact_coord"},"geometry":{"type":"Point","coordinates":[139.815061,35.710063]}},{"type":"Feature","properties":{"layer_id":"cafe_restaurant","name":"ファミリーマート江東橋二丁目店","category":"food","address":"東京都墨田区江東橋二丁目３番４号 ドルミ錦糸町","source":"厚生労働省 食品衛生申請等システム（オープンデータ）","municipality_code":"13107","municipality_pref":"東京都","municipality_name":"墨田区","municipality_code_method":"food_exact_coord"},"geometry":{"type":"Point","coordinates":[139.81147299999998,35.6935105]}},{"type":"Feature","properties":{"layer_id":"cafe_restaurant","name":"ファミリーマート江東橋一丁目店","category":"food","address":"東京都墨田区江東橋一丁目１３番５号","source":"厚生労働省 食品衛生申請等システム（オープンデータ）","municipality_code":"13107","municipality_pref":"東京都","municipality_name":"墨田区","municipality_code_method":"food_exact_coord"},"geometry":{"type":"Point","coordinates":[139.810966,35.695936]}},{"type":"Feature","properties":{"layer_id":"cafe_restaurant","name":"ファミリーマート江東橋四丁目店","category":"food","address":"東京都墨田区江東橋四丁目５番１０号","source":"厚生労働省 食品衛生申請等システム（オープンデータ）","municipality_code":"13107","municipality_pref":"東京都","municipality_name":"墨田区","municipality_code_method":"food_exact_coord"},"geometry":{"type":"Point","coordinates":[139.818655,35.693812]}},{"type":"Feature","properties":{"layer_id":"cafe_restaurant","name":"カタヌキヤ　東京スカイツリータウン・ソラマチ店","category":"food","address":"東京都墨田区押上一丁目1番2号 東京スカイツリータウン東京ソラマチ2階","source":"厚生労働省 食品衛生申請等システム（オープンデータ）","municipality_code":"13107","municipality_pref":"東京都","municipality_name":"墨田区","municipality_code_method":"food_exact_coord"},"geometry":{"type":"Point","coordinates":[139.810669,35.710087]}},{"type":"Feature","properties":{"layer_id":"cafe_restaurant","name":"いきなりステーキ　錦糸町店","category":"food","address":"東京都墨田区江東橋三丁目８番１２号 ＫＩＮＳＩＡ　ＡＮＮＥＸビル１Ｆ","source":"厚生労働省 食品衛生申請等システム（オープンデータ）","municipality_code":"13107","municipality_pref":"東京都","municipality_name":"墨田区","municipality_code_method":"food_exact_coord"},"geometry":{"type":"Point","coordinates":[139.814671,35.695109]}},{"type":"Feature","properties":{"layer_id":"cafe_restaurant","name":"いきなり！ステーキオリナス錦糸町店","category":"food","address":"東京都墨田区太平四丁目１番２号 オリナス錦糸町４階レストラン街","source":"厚生労働省 食品衛生申請等システム（オープンデータ）","municipality_code":"13107","municipality_pref":"東京都","municipality_name":"墨田区","municipality_code_method":"food_exact_coord"},"geometry":{"type":"Point","coordinates":[139.815457,35.700385]}},{"type":"Feature","properties":{"layer_id":"cafe_restaurant","name":"株式会社西友　錦糸町店　若菜","category":"food","address":"東京都墨田区江東橋四丁目27番14号 楽天地ビルＢ1Ｆ","source":"厚生労働省 食品衛生申請等システム（オープンデータ）","municipality_code":"13107","municipality_pref":"東京都","municipality_name":"墨田区","municipality_code_method":"food_exact_coord"},"geometry":{"type":"Point","coordinates":[139.816498,35.69652]}},{"type":"Feature","properties":{"layer_id":"cafe_restaurant","name":"株式会社西友　錦糸町店　若菜","category":"food","address":"東京都墨田区江東橋四丁目27番14号 楽天地ビルＢ1Ｆ","source":"厚生労働省 食品衛生申請等システム（オープンデータ）","municipality_code":"13107","municipality_pref":"東京都","municipality_name":"墨田区","municipality_code_method":"food_exact_coord"},"geometry":{"type":"Point","coordinates":[139.816498,35.69652]}},{"type":"Feature","properties":{"layer_id":"cafe_restaurant","name":"ラーメン中毒","category":"food","address":"東京都墨田区東向島六丁目２番１号","source":"厚生労働省 食品衛生申請等システム（オープンデータ）","municipality_code":"13107","municipality_pref":"東京都","municipality_name":"墨田区","municipality_code_method":"food_exact_coord"},"geometry":{"type":"Point","coordinates":[139.819249,35.723072]}},{"type":"Feature","properties":{"layer_id":"cafe_restaurant","name":"カレー中毒","category":"food","address":"東京都墨田区東向島六丁目2番3号","source":"厚生労働省 食品衛生申請等システム（オープンデータ）","municipality_code":"13107","municipality_pref":"東京都","municipality_name":"墨田区","municipality_code_method":"food_exact_coord"},"geometry":{"type":"Point","coordinates":[139.819572,35.723381]}},{"type":"Feature","properties":{"layer_id":"cafe_restaurant","name":"ラーメン太る","category":"food","address":"東京都墨田区京島一丁目２番２号 イーストコア曳舟３番館１１４－１","source":"厚生労働省 食品衛生申請等システム（オープンデータ）","municipality_code":"13107","municipality_pref":"東京都","municipality_name":"墨田区","municipality_code_method":"food_exact_coord"},"geometry":{"type":"Point","coordinates":[139.817488,35.717232]}},{"type":"Feature","properties":{"layer_id":"cafe_restaurant","name":"びりーぶカフェ","category":"food","address":"東京都墨田区業平五丁目2番5号","source":"厚生労働省 食品衛生申請等システム（オープンデータ）","municipality_code":"13107","municipality_pref":"東京都","municipality_name":"墨田区","municipality_code_method":"food_exact_coord"},"geometry":{"type":"Point","coordinates":[139.816644,35.706649]}},{"type":"Feature","properties":{"layer_id":"cafe_restaurant","name":"びりーぶスタジオ","category":"food","address":"東京都墨田区業平五丁目2番5号 3階","source":"厚生労働省 食品衛生申請等システム（オープンデータ）","municipality_code":"13107","municipality_pref":"東京都","municipality_name":"墨田区","municipality_code_method":"food_exact_coord"},"geometry":{"type":"Point","coordinates":[139.816644,35.706649]}},{"type":"Feature","properties":{"layer_id":"cafe_restaurant","name":"東武ストア　フレッシュ＆クイック曳舟店","category":"food","address":"東京都墨田区東向島二丁目２６番６号","source":"厚生労働省 食品衛生申請等システム（オープンデータ）","municipality_code":"13107","municipality_pref":"東京都","municipality_name":"墨田区","municipality_code_method":"food_exact_coord"},"geometry":{"type":"Point","coordinates":[139.816565,35.717884]}},{"type":"Feature","properties":{"layer_id":"cafe_restaurant","name":"Ｃｉｅｌｏ　ｙ　Ｒｉｏ　ＨＩＧＡＳＨＩ","category":"food","address":"東京都墨田区江東橋三丁目１４番５号 テルミナ５Ｆ","source":"厚生労働省 食品衛生申請等システム（オープンデータ）","municipality_code":"13107","municipality_pref":"東京都","municipality_name":"墨田区","municipality_code_method":"food_exact_coord"},"geometry":{"type":"Point","coordinates":[139.813926,35.696446]}},{"type":"Feature","properties":{"layer_id":"cafe_restaurant","name":"和食さと　墨田堤通店","category":"food","address":"東京都墨田区堤通一丁目１９番１１号","source":"厚生労働省 食品衛生申請等システム（オープンデータ）","municipality_code":"13107","municipality_pref":"東京都","municipality_name":"墨田区","municipality_code_method":"food_exact_coord"},"geometry":{"type":"Point","coordinates":[139.81239,35.727278]}},{"type":"Feature","properties":{"layer_id":"cafe_restaurant","name":"眞","category":"food","address":"東京都墨田区江東橋三丁目１番５号 錦糸町ハイツ２階（２０１）","source":"厚生労働省 食品衛生申請等システム（オープンデータ）","municipality_code":"13107","municipality_pref":"東京都","municipality_name":"墨田区","municipality_code_method":"food_exact_coord"},"geometry":{"type":"Point","coordinates":[139.813994,35.693234]}},{"type":"Feature","properties":{"layer_id":"cafe_restaurant","name":"竹若","category":"food","address":"東京都墨田区本所二丁目10番6号","source":"厚生労働省 食品衛生申請等システム（オープンデータ）","municipality_code":"13107","municipality_pref":"東京都","municipality_name":"墨田区","municipality_code_method":"food_exact_coord"},"geometry":{"type":"Point","coordinates":[139.802098,35.703588]}},{"type":"Feature","properties":{"layer_id":"cafe_restaurant","name":"川﨑","category":"food","address":"東京都墨田区両国二丁目１３番１号","source":"厚生労働省 食品衛生申請等システム（オープンデータ）","municipality_code":"13107","municipality_pref":"東京都","municipality_name":"墨田区","municipality_code_method":"food_exact_coord"},"geometry":{"type":"Point","coordinates":[139.79163,35.695378]}},{"type":"Feature","properties":{"layer_id":"cafe_restaurant","name":"亀戸ぎょうざ","category":"food","address":"東京都墨田区江東橋三丁目９番１号 真英ビル１階","source":"厚生労働省 食品衛生申請等システム（オープンデータ）","municipality_code":"13107","municipality_pref":"東京都","municipality_name":"墨田区","municipality_code_method":"food_exact_coord"},"geometry":{"type":"Point","coordinates":[139.813218,35.694719]}},{"type":"Feature","properties":{"layer_id":"cafe_restaurant","name":"創作小皿わだ屋","category":"food","address":"東京都墨田区江東橋二丁目17番１号 フィルパーク錦糸町２F","source":"厚生労働省 食品衛生申請等システム（オープンデータ）","municipality_code":"13107","municipality_pref":"東京都","municipality_name":"墨田区","municipality_code_method":"food_exact_coord"},"geometry":{"type":"Point","coordinates":[139.812313,35.695967]}},{"type":"Feature","properties":{"layer_id":"cafe_restaurant","name":"くいもの屋　わん・九州魂　錦糸町店","category":"food","address":"東京都墨田区江東橋四丁目２７番１４号 楽天地ビル３階","source":"厚生労働省 食品衛生申請等システム（オープンデータ）","municipality_code":"13107","municipality_pref":"東京都","municipality_name":"墨田区","municipality_code_method":"food_exact_coord"},"geometry":{"type":"Point","coordinates":[139.81566,35.696311]}},{"type":"Feature","properties":{"layer_id":"cafe_restaurant","name":"茶　丸山園（W0210-4）","category":"food","address":"東京都墨田区押上一丁目1番2号 東京スカイツリータウン東京ソラマチ2階","source":"厚生労働省 食品衛生申請等システム（オープンデータ）","municipality_code":"13107","municipality_pref":"東京都","municipality_name":"墨田区","municipality_code_method":"food_exact_coord"},"geometry":{"type":"Point","coordinates":[139.812912,35.71023]}},{"type":"Feature","properties":{"layer_id":"cafe_restaurant","name":"ecology","category":"food","address":"東京都墨田区墨田一丁目４番１－８０８号","source":"厚生労働省 食品衛生申請等システム（オープンデータ）","municipality_code":"13107","municipality_pref":"東京都","municipality_name":"墨田区","municipality_code_method":"food_exact_coord"},"geometry":{"type":"Point","coordinates":[139.814204,35.728526]}},{"type":"Feature","properties":{"layer_id":"cafe_restaurant","name":"スカイツリーカフェ（Ｈ３４０）","category":"food","address":"東京都墨田区押上一丁目１番２号 東京スカイツリータウン東京ソラマチ１６階","source":"厚生労働省 食品衛生申請等システム（オープンデータ）","municipality_code":"13107","municipality_pref":"東京都","municipality_name":"墨田区","municipality_code_method":"food_exact_coord"},"geometry":{"type":"Point","coordinates":[139.810669,35.710087]}},{"type":"Feature","properties":{"layer_id":"cafe_restaurant","name":"スカイツリーカフェ（Ｈ３５０）","category":"food","address":"東京都墨田区押上一丁目１番２号 東京スカイツリータウン東京ソラマチ１８階","source":"厚生労働省 食品衛生申請等システム（オープンデータ）","municipality_code":"13107","municipality_pref":"東京都","municipality_name":"墨田区","municipality_code_method":"food_exact_coord"},"geometry":{"type":"Point","coordinates":[139.810669,35.710087]}},{"type":"Feature","properties":{"layer_id":"cafe_restaurant","name":"焼肉ここから　錦糸町北口店","category":"food","address":"東京都墨田区錦糸二丁目3番9号 アライビル101","source":"厚生労働省 食品衛生申請等システム（オープンデータ）","municipality_code":"13107","municipality_pref":"東京都","municipality_name":"墨田区","municipality_code_method":"food_exact_coord"},"geometry":{"type":"Point","coordinates":[139.812549,35.697926]}},{"type":"Feature","properties":{"layer_id":"cafe_restaurant","name":"カレッジコート両国馬車通り","category":"food","address":"東京都墨田区両国三丁目３番２号","source":"厚生労働省 食品衛生申請等システム（オープンデータ）","municipality_code":"13107","municipality_pref":"東京都","municipality_name":"墨田区","municipality_code_method":"food_exact_coord"},"geometry":{"type":"Point","coordinates":[139.79372,35.692586]}},{"type":"Feature","properties":{"layer_id":"cafe_restaurant","name":"山喜社員食堂","category":"food","address":"東京都墨田区緑二丁目２２番１号 山喜株式会社　東京店８F","source":"厚生労働省 食品衛生申請等システム（オープンデータ）","municipality_code":"13107","municipality_pref":"東京都","municipality_name":"墨田区","municipality_code_method":"food_exact_coord"},"geometry":{"type":"Point","coordinates":[139.801786,35.695834]}},{"type":"Feature","properties":{"layer_id":"cafe_restaurant","name":"チーズガーデン（Ｔ０２０２）","category":"food","address":"東京都墨田区押上一丁目１番２号 東京スカイツリータウン東京ソラマチ２階","source":"厚生労働省 食品衛生申請等システム（オープンデータ）","municipality_code":"13107","municipality_pref":"東京都","municipality_name":"墨田区","municipality_code_method":"food_exact_coord"},"geometry":{"type":"Point","coordinates":[139.810669,35.710087]}},{"type":"Feature","properties":{"layer_id":"cafe_restaurant","name":"大衆酒場　ちばチャン　錦糸町店","category":"food","address":"東京都墨田区江東橋三丁目８番１４号 第一錦糸ビル２Ｆ","source":"厚生労働省 食品衛生申請等システム（オープンデータ）","municipality_code":"13107","municipality_pref":"東京都","municipality_name":"墨田区","municipality_code_method":"food_exact_coord"},"geometry":{"type":"Point","coordinates":[139.81485750000002,35.69469599999999]}},{"type":"Feature","properties":{"layer_id":"cafe_restaurant","name":"きたかた家","category":"food","address":"東京都墨田区太平三丁目9番9号","source":"厚生労働省 食品衛生申請等システム（オープンデータ）","municipality_code":"13107","municipality_pref":"東京都","municipality_name":"墨田区","municipality_code_method":"food_exact_coord"},"geometry":{"type":"Point","coordinates":[139.814523,35.700878]}},{"type":"Feature","properties":{"layer_id":"cafe_restaurant","name":"カフェ・ベローチェ両国店","category":"food","address":"東京都墨田区両国三丁目２５番５号 両国第一生命ビルディング１Ｆ","source":"厚生労働省 食品衛生申請等システム（オープンデータ）","municipality_code":"13107","municipality_pref":"東京都","municipality_name":"墨田区","municipality_code_method":"food_exact_coord"},"geometry":{"type":"Point","coordinates":[139.794143,35.695564]}},{"type":"Feature","properties":{"layer_id":"cafe_restaurant","name":"相撲茶屋　ちゃんこ江戸沢　両国総本店","category":"food","address":"東京都墨田区両国三丁目24番11号","source":"厚生労働省 食品衛生申請等システム（オープンデータ）","municipality_code":"13107","municipality_pref":"東京都","municipality_name":"墨田区","municipality_code_method":"food_exact_coord"},"geometry":{"type":"Point","coordinates":[139.794546,35.695039]}},{"type":"Feature","properties":{"layer_id":"cafe_restaurant","name":"もず","category":"food","address":"東京都墨田区江東橋三丁目８番１１号 おいてけ堀ＭＳＭビル９階","source":"厚生労働省 食品衛生申請等システム（オープンデータ）","municipality_code":"13107","municipality_pref":"東京都","municipality_name":"墨田区","municipality_code_method":"food_exact_coord"},"geometry":{"type":"Point","coordinates":[139.814822,35.695128]}},{"type":"Feature","properties":{"layer_id":"cafe_restaurant","name":"やきとり鳥よし","category":"food","address":"東京都墨田区東向島二丁目１４番１号","source":"厚生労働省 食品衛生申請等システム（オープンデータ）","municipality_code":"13107","municipality_pref":"東京都","municipality_name":"墨田区","municipality_code_method":"food_exact_coord"},"geometry":{"type":"Point","coordinates":[139.815727,35.717479]}},{"type":"Feature","properties":{"layer_id":"cafe_restaurant","name":"博多もつ鍋　はらへったＨＡＮＡＲＥ","category":"food","address":"東京都墨田区江東橋四丁目２６番１８号 ＴＤＧビル３階","source":"厚生労働省 食品衛生申請等システム（オープンデータ）","municipality_code":"13107","municipality_pref":"東京都","municipality_name":"墨田区","municipality_code_method":"food_exact_coord"},"geometry":{"type":"Point","coordinates":[139.815795,35.695322]}},{"type":"Feature","properties":{"layer_id":"cafe_restaurant","name":"ｃｌｕｂ　ｒｅｎ","category":"food","address":"東京都墨田区江東橋三丁目３番１０号 新ＩＣプラザビル１階","source":"厚生労働省 食品衛生申請等システム（オープンデータ）","municipality_code":"13107","municipality_pref":"東京都","municipality_name":"墨田区","municipality_code_method":"food_exact_coord"},"geometry":{"type":"Point","coordinates":[139.813974,35.693467]}},{"type":"Feature","properties":{"layer_id":"cafe_restaurant","name":"ｃｌｕｂ　ｈａｎａ","category":"food","address":"東京都墨田区江東橋三丁目３番１０号 新ＩＣプラザビル２階","source":"厚生労働省 食品衛生申請等システム（オープンデータ）","municipality_code":"13107","municipality_pref":"東京都","municipality_name":"墨田区","municipality_code_method":"food_exact_coord"},"geometry":{"type":"Point","coordinates":[139.813974,35.693467]}},{"type":"Feature","properties":{"layer_id":"cafe_restaurant","name":"屋台屋博多劇場錦糸町店","category":"food","address":"東京都墨田区江東橋二丁目13番6号 宮川ビル1F2F","source":"厚生労働省 食品衛生申請等システム（オープンデータ）","municipality_code":"13107","municipality_pref":"東京都","municipality_name":"墨田区","municipality_code_method":"food_exact_coord"},"geometry":{"type":"Point","coordinates":[139.811579,35.695123]}},{"type":"Feature","properties":{"layer_id":"cafe_restaurant","name":"Ａｒｔ＆Ｎｅｐａｌ　Tokyo","category":"food","address":"東京都墨田区京島三丁目５０番１２号","source":"厚生労働省 食品衛生申請等システム（オープンデータ）","municipality_code":"13107","municipality_pref":"東京都","municipality_name":"墨田区","municipality_code_method":"food_exact_coord"},"geometry":{"type":"Point","coordinates":[139.824464,35.713615]}},{"type":"Feature","properties":{"layer_id":"cafe_restaurant","name":"ハヤシヤ","category":"food","address":"東京都墨田区立川一丁目11番1号","source":"厚生労働省 食品衛生申請等システム（オープンデータ）","municipality_code":"13107","municipality_pref":"東京都","municipality_name":"墨田区","municipality_code_method":"food_exact_coord"},"geometry":{"type":"Point","coordinates":[139.798222,35.691094]}},{"type":"Feature","properties":{"layer_id":"cafe_restaurant","name":"中華家庭料理・餃子　緑園","category":"food","address":"東京都墨田区緑三丁目18番5号","source":"厚生労働省 食品衛生申請等システム（オープンデータ）","municipality_code":"13107","municipality_pref":"東京都","municipality_name":"墨田区","municipality_code_method":"food_exact_coord"},"geometry":{"type":"Point","coordinates":[139.805005,35.69581]}},{"type":"Feature","properties":{"layer_id":"cafe_restaurant","name":"三代目網元　さかなや道場　東武曳舟駅前店","category":"food","address":"東京都墨田区京島一丁目1番1号 イーストコア曳舟商業館A102-1","source":"厚生労働省 食品衛生申請等システム（オープンデータ）","municipality_code":"13107","municipality_pref":"東京都","municipality_name":"墨田区","municipality_code_method":"food_exact_coord"},"geometry":{"type":"Point","coordinates":[139.817184,35.716462]}},{"type":"Feature","properties":{"layer_id":"cafe_restaurant","name":"炭火やきとり　さくら　京成曳舟店","category":"food","address":"東京都墨田区京島一丁目6番1号","source":"厚生労働省 食品衛生申請等システム（オープンデータ）","municipality_code":"13107","municipality_pref":"東京都","municipality_name":"墨田区","municipality_code_method":"food_exact_coord"},"geometry":{"type":"Point","coordinates":[139.81855,35.717011]}},{"type":"Feature","properties":{"layer_id":"cafe_restaurant","name":"ライフ押上駅前店　水産作業室","category":"food","address":"東京都墨田区押上一丁目１０番３号 地下１階","source":"厚生労働省 食品衛生申請等システム（オープンデータ）","municipality_code":"13107","municipality_pref":"東京都","municipality_name":"墨田区","municipality_code_method":"food_exact_coord"},"geometry":{"type":"Point","coordinates":[139.813757,35.710234]}},{"type":"Feature","properties":{"layer_id":"cafe_restaurant","name":"ライフ押上駅前店　惣菜作業室","category":"food","address":"東京都墨田区押上一丁目１０番３号 １階","source":"厚生労働省 食品衛生申請等システム（オープンデータ）","municipality_code":"13107","municipality_pref":"東京都","municipality_name":"墨田区","municipality_code_method":"food_exact_coord"},"geometry":{"type":"Point","coordinates":[139.813757,35.710234]}},{"type":"Feature","properties":{"layer_id":"cafe_restaurant","name":"ライフ押上駅前店　インストアーベーカリー作業室","category":"food","address":"東京都墨田区押上一丁目１０番３号 １階","source":"厚生労働省 食品衛生申請等システム（オープンデータ）","municipality_code":"13107","municipality_pref":"東京都","municipality_name":"墨田区","municipality_code_method":"food_exact_coord"},"geometry":{"type":"Point","coordinates":[139.813757,35.710234]}},{"type":"Feature","properties":{"layer_id":"cafe_restaurant","name":"ライフ押上駅前店　フライド室","category":"food","address":"東京都墨田区押上一丁目１０番３号 地下１階","source":"厚生労働省 食品衛生申請等システム（オープンデータ）","municipality_code":"13107","municipality_pref":"東京都","municipality_name":"墨田区","municipality_code_method":"food_exact_coord"},"geometry":{"type":"Point","coordinates":[139.813757,35.710234]}},{"type":"Feature","properties":{"layer_id":"cafe_restaurant","name":"ライフ押上駅前店　小分室","category":"food","address":"東京都墨田区押上一丁目１０番３号 地下１階","source":"厚生労働省 食品衛生申請等システム（オープンデータ）","municipality_code":"13107","municipality_pref":"東京都","municipality_name":"墨田区","municipality_code_method":"food_exact_coord"},"geometry":{"type":"Point","coordinates":[139.813757,35.710234]}},{"type":"Feature","properties":{"layer_id":"cafe_restaurant","name":"ライフ押上駅前店　焼魚室","category":"food","address":"東京都墨田区押上一丁目１０番３号 地下１階","source":"厚生労働省 食品衛生申請等システム（オープンデータ）","municipality_code":"13107","municipality_pref":"東京都","municipality_name":"墨田区","municipality_code_method":"food_exact_coord"},"geometry":{"type":"Point","coordinates":[139.813757,35.710234]}},{"type":"Feature","properties":{"layer_id":"cafe_restaurant","name":"ライフ押上駅前店　軽食作業室","category":"food","address":"東京都墨田区押上一丁目１０番３号 地下１階","source":"厚生労働省 食品衛生申請等システム（オープンデータ）","municipality_code":"13107","municipality_pref":"東京都","municipality_name":"墨田区","municipality_code_method":"food_exact_coord"},"geometry":{"type":"Point","coordinates":[139.813757,35.710234]}},{"type":"Feature","properties":{"layer_id":"cafe_restaurant","name":"ライフ押上駅前店　米飯作業室","category":"food","address":"東京都墨田区押上一丁目１０番３号 １階","source":"厚生労働省 食品衛生申請等システム（オープンデータ）","municipality_code":"13107","municipality_pref":"東京都","municipality_name":"墨田区","municipality_code_method":"food_exact_coord"},"geometry":{"type":"Point","coordinates":[139.813757,35.710234]}},{"type":"Feature","properties":{"layer_id":"cafe_restaurant","name":"ライフ押上駅前店　ジューススタンド室","category":"food","address":"東京都墨田区押上一丁目１０番３号 １階","source":"厚生労働省 食品衛生申請等システム（オープンデータ）","municipality_code":"13107","municipality_pref":"東京都","municipality_name":"墨田区","municipality_code_method":"food_exact_coord"},"geometry":{"type":"Point","coordinates":[139.813757,35.710234]}},{"type":"Feature","properties":{"layer_id":"cafe_restaurant","name":"１０００ｒｅｎ","category":"food","address":"東京都墨田区京島三丁目18番19号","source":"厚生労働省 食品衛生申請等システム（オープンデータ）","municipality_code":"13107","municipality_pref":"東京都","municipality_name":"墨田区","municipality_code_method":"food_exact_coord"},"geometry":{"type":"Point","coordinates":[139.823599,35.715424]}},{"type":"Feature","properties":{"layer_id":"cafe_restaurant","name":"九州さつき","category":"food","address":"東京都墨田区江東橋三丁目８番１１号 おいてけ堀ＭＳＭビル５階Ａ区画","source":"厚生労働省 食品衛生申請等システム（オープンデータ）","municipality_code":"13107","municipality_pref":"東京都","municipality_name":"墨田区","municipality_code_method":"food_exact_coord"},"geometry":{"type":"Point","coordinates":[139.814822,35.695128]}},{"type":"Feature","properties":{"layer_id":"cafe_restaurant","name":"キッチン546","category":"food","address":"東京都墨田区立花一丁目12番7号","source":"厚生労働省 食品衛生申請等システム（オープンデータ）","municipality_code":"13107","municipality_pref":"東京都","municipality_name":"墨田区","municipality_code_method":"food_exact_coord"},"geometry":{"type":"Point","coordinates":[139.827687,35.707561]}},{"type":"Feature","properties":{"layer_id":"cafe_restaurant","name":"新宝龍","category":"food","address":"東京都墨田区緑三丁目11番7号","source":"厚生労働省 食品衛生申請等システム（オープンデータ）","municipality_code":"13107","municipality_pref":"東京都","municipality_name":"墨田区","municipality_code_method":"food_exact_coord"},"geometry":{"type":"Point","coordinates":[139.805367,35.69477]}},{"type":"Feature","properties":{"layer_id":"cafe_restaurant","name":"モスバーガー　錦糸公園店","category":"food","address":"東京都墨田区太平四丁目8番2号","source":"厚生労働省 食品衛生申請等システム（オープンデータ）","municipality_code":"13107","municipality_pref":"東京都","municipality_name":"墨田区","municipality_code_method":"food_exact_coord"},"geometry":{"type":"Point","coordinates":[139.814821,35.701458]}},{"type":"Feature","properties":{"layer_id":"cafe_restaurant","name":"有限会社　一八福寿司","category":"food","address":"東京都墨田区本所四丁目14番5号","source":"厚生労働省 食品衛生申請等システム（オープンデータ）","municipality_code":"13107","municipality_pref":"東京都","municipality_name":"墨田区","municipality_code_method":"food_exact_coord"},"geometry":{"type":"Point","coordinates":[139.805891,35.703797]}},{"type":"Feature","properties":{"layer_id":"cafe_restaurant","name":"Ｋａｒａｏｋｅ　Ｌｏｕｎｇｅ　楓","category":"food","address":"東京都墨田区江東橋四丁目１８番５号 錦糸町イスズビル７階","source":"厚生労働省 食品衛生申請等システム（オープンデータ）","municipality_code":"13107","municipality_pref":"東京都","municipality_name":"墨田区","municipality_code_method":"food_exact_coord"},"geometry":{"type":"Point","coordinates":[139.816021,35.694858]}},{"type":"Feature","properties":{"layer_id":"cafe_restaurant","name":"もつ焼き　煮込み　楓　HANARE","category":"food","address":"東京都墨田区錦糸四丁目14番9号 ちぐさビル102","source":"厚生労働省 食品衛生申請等システム（オープンデータ）","municipality_code":"13107","municipality_pref":"東京都","municipality_name":"墨田区","municipality_code_method":"food_exact_coord"},"geometry":{"type":"Point","coordinates":[139.815475,35.697782]}},{"type":"Feature","properties":{"layer_id":"cafe_restaurant","name":"大衆酒場　楓","category":"food","address":"東京都墨田区錦糸三丁目８番１２号 ＴＣ第１６錦糸町北口ビル１Ｆ","source":"厚生労働省 食品衛生申請等システム（オープンデータ）","municipality_code":"13107","municipality_pref":"東京都","municipality_name":"墨田区","municipality_code_method":"food_exact_coord"},"geometry":{"type":"Point","coordinates":[139.814213,35.698605]}},{"type":"Feature","properties":{"layer_id":"cafe_restaurant","name":"Ｂａｒ　楓","category":"food","address":"東京都墨田区錦糸四丁目14番9号 ちぐさビル204号室","source":"厚生労働省 食品衛生申請等システム（オープンデータ）","municipality_code":"13107","municipality_pref":"東京都","municipality_name":"墨田区","municipality_code_method":"food_exact_coord"},"geometry":{"type":"Point","coordinates":[139.815475,35.697782]}},{"type":"Feature","properties":{"layer_id":"cafe_restaurant","name":"カフェ・ボンフィーノ本店","category":"food","address":"東京都墨田区亀沢三丁目22番１号 YKK60ビル1F・YKKプラザ","source":"厚生労働省 食品衛生申請等システム（オープンデータ）","municipality_code":"13107","municipality_pref":"東京都","municipality_name":"墨田区","municipality_code_method":"food_exact_coord"},"geometry":{"type":"Point","coordinates":[139.803334,35.698594]}},{"type":"Feature","properties":{"layer_id":"cafe_restaurant","name":"ＣＩＥＬＯ　Ｅ　ＭＡＲＥ","category":"food","address":"東京都墨田区亀沢三丁目２２番１号 ＹＫＫ　６０ビル","source":"厚生労働省 食品衛生申請等システム（オープンデータ）","municipality_code":"13107","municipality_pref":"東京都","municipality_name":"墨田区","municipality_code_method":"food_exact_coord"},"geometry":{"type":"Point","coordinates":[139.803115,35.698493]}},{"type":"Feature","properties":{"layer_id":"cafe_restaurant","name":"アルセッティモチエロ","category":"food","address":"東京都墨田区亀沢三丁目２２番１号 ＹＫＫ　６０ビル","source":"厚生労働省 食品衛生申請等システム（オープンデータ）","municipality_code":"13107","municipality_pref":"東京都","municipality_name":"墨田区","municipality_code_method":"food_exact_coord"},"geometry":{"type":"Point","coordinates":[139.803115,35.698493]}},{"type":"Feature","properties":{"layer_id":"cafe_restaurant","name":"まかない家","category":"food","address":"東京都墨田区吾妻橋三丁目９番１２号 オー・アイ・吾妻橋１０２","source":"厚生労働省 食品衛生申請等システム（オープンデータ）","municipality_code":"13107","municipality_pref":"東京都","municipality_name":"墨田区","municipality_code_method":"food_exact_coord"},"geometry":{"type":"Point","coordinates":[139.804993,35.709311]}},{"type":"Feature","properties":{"layer_id":"cafe_restaurant","name":"炭火やきとりはじめ","category":"food","address":"東京都墨田区菊川三丁目17番１－１０１号 エクレール菊川","source":"厚生労働省 食品衛生申請等システム（オープンデータ）","municipality_code":"13107","municipality_pref":"東京都","municipality_name":"墨田区","municipality_code_method":"food_exact_coord"},"geometry":{"type":"Point","coordinates":[139.806257,35.689002]}},{"type":"Feature","properties":{"layer_id":"cafe_restaurant","name":"絆心","category":"food","address":"東京都墨田区江東橋三丁目５番２号 サーストンビル６階６０１号室","source":"厚生労働省 食品衛生申請等システム（オープンデータ）","municipality_code":"13107","municipality_pref":"東京都","municipality_name":"墨田区","municipality_code_method":"food_exact_coord"},"geometry":{"type":"Point","coordinates":[139.813354,35.693977]}},{"type":"Feature","properties":{"layer_id":"cafe_restaurant","name":"ファミリーマート　業平三丁目店","category":"food","address":"東京都墨田区業平三丁目11番9号","source":"厚生労働省 食品衛生申請等システム（オープンデータ）","municipality_code":"13107","municipality_pref":"東京都","municipality_name":"墨田区","municipality_code_method":"food_exact_coord"},"geometry":{"type":"Point","coordinates":[139.813657,35.708063]}},{"type":"Feature","properties":{"layer_id":"cafe_restaurant","name":"ファミリーマート両国亀沢","category":"food","address":"東京都墨田区亀沢一丁目24番1号","source":"厚生労働省 食品衛生申請等システム（オープンデータ）","municipality_code":"13107","municipality_pref":"東京都","municipality_name":"墨田区","municipality_code_method":"food_exact_coord"},"geometry":{"type":"Point","coordinates":[139.797478,35.698353]}},{"type":"Feature","properties":{"layer_id":"cafe_restaurant","name":"ドトールコーヒーショップ本所吾妻橋店","category":"food","address":"東京都墨田区吾妻橋二丁目3番11号 近藤ビル","source":"厚生労働省 食品衛生申請等システム（オープンデータ）","municipality_code":"13107","municipality_pref":"東京都","municipality_name":"墨田区","municipality_code_method":"food_exact_coord"},"geometry":{"type":"Point","coordinates":[139.804006,35.708791]}},{"type":"Feature","properties":{"layer_id":"cafe_restaurant","name":"かつ信","category":"food","address":"東京都墨田区墨田三丁目１４番１２号","source":"厚生労働省 食品衛生申請等システム（オープンデータ）","municipality_code":"13107","municipality_pref":"東京都","municipality_name":"墨田区","municipality_code_method":"food_exact_coord"},"geometry":{"type":"Point","coordinates":[139.819682,35.729281]}},{"type":"Feature","properties":{"layer_id":"cafe_restaurant","name":"セブンイレブン　墨田押上２丁目西店","category":"food","address":"東京都墨田区押上二丁目10番13号","source":"厚生労働省 食品衛生申請等システム（オープンデータ）","municipality_code":"13107","municipality_pref":"東京都","municipality_name":"墨田区","municipality_code_method":"food_exact_coord"},"geometry":{"type":"Point","coordinates":[139.812432,35.711315]}},{"type":"Feature","properties":{"layer_id":"cafe_restaurant","name":"すき家　とうきょうスカイツリー駅前店","category":"food","address":"東京都墨田区業平一丁目１８番１２号 グリーンキャピタル業平","source":"厚生労働省 食品衛生申請等システム（オープンデータ）","municipality_code":"13107","municipality_pref":"東京都","municipality_name":"墨田区","municipality_code_method":"food_exact_coord"},"geometry":{"type":"Point","coordinates":[139.808886,35.709025]}},{"type":"Feature","properties":{"layer_id":"cafe_restaurant","name":"すき家　錦糸公園前店","category":"food","address":"東京都墨田区太平三丁目4番8号 ｸﾞﾚｲｽMM1階","source":"厚生労働省 食品衛生申請等システム（オープンデータ）","municipality_code":"13107","municipality_pref":"東京都","municipality_name":"墨田区","municipality_code_method":"food_exact_coord"},"geometry":{"type":"Point","coordinates":[139.814491,35.700012]}},{"type":"Feature","properties":{"layer_id":"cafe_restaurant","name":"すき家　両国店","category":"food","address":"東京都墨田区緑1丁目15-4","source":"厚生労働省 食品衛生申請等システム（オープンデータ）","municipality_code":"13107","municipality_pref":"東京都","municipality_name":"墨田区","municipality_code_method":"food_exact_coord"},"geometry":{"type":"Point","coordinates":[139.798282,35.694436]}},{"type":"Feature","properties":{"layer_id":"cafe_restaurant","name":"大衆酒場ちばチャン　錦糸町店","category":"food","address":"東京都墨田区江東橋3-8-14 第一錦糸ビル3F","source":"厚生労働省 食品衛生申請等システム（オープンデータ）","municipality_code":"13107","municipality_pref":"東京都","municipality_name":"墨田区","municipality_code_method":"food_exact_coord"},"geometry":{"type":"Point","coordinates":[139.81485750000002,35.69469599999999]}},{"type":"Feature","properties":{"layer_id":"cafe_restaurant","name":"縁苑","category":"food","address":"東京都墨田区江東橋二丁目17番1号 フィル・パーク錦糸町１階","source":"厚生労働省 食品衛生申請等システム（オープンデータ）","municipality_code":"13107","municipality_pref":"東京都","municipality_name":"墨田区","municipality_code_method":"food_exact_coord"},"geometry":{"type":"Point","coordinates":[139.812313,35.695967]}},{"type":"Feature","properties":{"layer_id":"cafe_restaurant","name":"BOUL'ANGE","category":"food","address":"東京都墨田区錦糸町一丁目2番47号","source":"厚生労働省 食品衛生申請等システム（オープンデータ）","municipality_code":"13107","municipality_pref":"東京都","municipality_name":"墨田区","municipality_code_method":"food_exact_coord"},"geometry":{"type":"Point","coordinates":[139.812971,35.697026]}},{"type":"Feature","properties":{"layer_id":"cafe_restaurant","name":"Ｃａｆé＆ＭｅａｌＭＵＪＩ　錦糸町パルコ","category":"food","address":"東京都墨田区江東橋四丁目27番14号 楽天地ビル4F","source":"厚生労働省 食品衛生申請等システム（オープンデータ）","municipality_code":"13107","municipality_pref":"東京都","municipality_name":"墨田区","municipality_code_method":"food_exact_coord"},"geometry":{"type":"Point","coordinates":[139.816498,35.69652]}},{"type":"Feature","properties":{"layer_id":"cafe_restaurant","name":"東京穆斯林飯店​","category":"food","address":"東京都墨田区江東橋二丁目１８番６号 第２田中ビル地下1階","source":"厚生労働省 食品衛生申請等システム（オープンデータ）","municipality_code":"13107","municipality_pref":"東京都","municipality_name":"墨田区","municipality_code_method":"food_exact_coord"},"geometry":{"type":"Point","coordinates":[139.811719,35.695958]}},{"type":"Feature","properties":{"layer_id":"cafe_restaurant","name":"森田企画（株）　（ＴＫ０２０３）","category":"food","address":"東京都墨田区押上一丁目1番2号 東京スカイツリータウン東京ソラマチ2階","source":"厚生労働省 食品衛生申請等システム（オープンデータ）","municipality_code":"13107","municipality_pref":"東京都","municipality_name":"墨田区","municipality_code_method":"food_exact_coord"},"geometry":{"type":"Point","coordinates":[139.812079,35.710306]}},{"type":"Feature","properties":{"layer_id":"cafe_restaurant","name":"四代目　徳次郎","category":"food","address":"東京都墨田区押上一丁目１番2号 東京スカイツリータウン東京ソラマチ2階","source":"厚生労働省 食品衛生申請等システム（オープンデータ）","municipality_code":"13107","municipality_pref":"東京都","municipality_name":"墨田区","municipality_code_method":"food_exact_coord"},"geometry":{"type":"Point","coordinates":[139.810669,35.710087]}},{"type":"Feature","properties":{"layer_id":"cafe_restaurant","name":"物産展　（ＴＫ０２０３）","category":"food","address":"東京都墨田区押上一丁目1番2号 東京スカイツリータウン東京ソラマチ2F","source":"厚生労働省 食品衛生申請等システム（オープンデータ）","municipality_code":"13107","municipality_pref":"東京都","municipality_name":"墨田区","municipality_code_method":"food_exact_coord"},"geometry":{"type":"Point","coordinates":[139.812079,35.710306]}},{"type":"Feature","properties":{"layer_id":"cafe_restaurant","name":"物産展　（ＴＫ０２０２）","category":"food","address":"東京都墨田区押上一丁目1番2号 東京スカイツリータウン東京ソラマチ2F","source":"厚生労働省 食品衛生申請等システム（オープンデータ）","municipality_code":"13107","municipality_pref":"東京都","municipality_name":"墨田区","municipality_code_method":"food_exact_coord"},"geometry":{"type":"Point","coordinates":[139.812079,35.710306]}},{"type":"Feature","properties":{"layer_id":"cafe_restaurant","name":"ドトールコーヒーショップ両国東口店","category":"food","address":"東京都墨田区両国三丁目26番5号","source":"厚生労働省 食品衛生申請等システム（オープンデータ）","municipality_code":"13107","municipality_pref":"東京都","municipality_name":"墨田区","municipality_code_method":"food_exact_coord"},"geometry":{"type":"Point","coordinates":[139.793473,35.695507]}},{"type":"Feature","properties":{"layer_id":"cafe_restaurant","name":"魚力（W0217）","category":"food","address":"東京都墨田区押上一丁目1番2号 東京スカイツリータウン東京ソラマチ2階","source":"厚生労働省 食品衛生申請等システム（オープンデータ）","municipality_code":"13107","municipality_pref":"東京都","municipality_name":"墨田区","municipality_code_method":"food_exact_coord"},"geometry":{"type":"Point","coordinates":[139.810669,35.710087]}},{"type":"Feature","properties":{"layer_id":"cafe_restaurant","name":"錦糸町テリヤキパンサー","category":"food","address":"東京都墨田区江東橋三丁目６番９号 ２階","source":"厚生労働省 食品衛生申請等システム（オープンデータ）","municipality_code":"13107","municipality_pref":"東京都","municipality_name":"墨田区","municipality_code_method":"food_exact_coord"},"geometry":{"type":"Point","coordinates":[139.814559,35.694127]}},{"type":"Feature","properties":{"layer_id":"cafe_restaurant","name":"モドゥラン","category":"food","address":"東京都墨田区江東橋四丁目２１番６号 錦糸町ハイタウン１１９号","source":"厚生労働省 食品衛生申請等システム（オープンデータ）","municipality_code":"13107","municipality_pref":"東京都","municipality_name":"墨田区","municipality_code_method":"food_exact_coord"},"geometry":{"type":"Point","coordinates":[139.817,35.695051]}},{"type":"Feature","properties":{"layer_id":"cafe_restaurant","name":"牛角　錦糸町テルミナ店","category":"food","address":"東京都墨田区江東橋２－１９－１ テルミナ３　４Ｆ","source":"厚生労働省 食品衛生申請等システム（オープンデータ）","municipality_code":"13107","municipality_pref":"東京都","municipality_name":"墨田区","municipality_code_method":"food_exact_coord"},"geometry":{"type":"Point","coordinates":[139.812947,35.696326]}},{"type":"Feature","properties":{"layer_id":"cafe_restaurant","name":"魚力　東京ソラマチ店","category":"food","address":"東京都墨田区押上1丁目1番地2号 東京スカイツリータウン　東京ソラマチ　2階","source":"厚生労働省 食品衛生申請等システム（オープンデータ）","municipality_code":"13107","municipality_pref":"東京都","municipality_name":"墨田区","municipality_code_method":"food_exact_coord"},"geometry":{"type":"Point","coordinates":[139.810669,35.710087]}},{"type":"Feature","properties":{"layer_id":"cafe_restaurant","name":"ほっともっと亀沢四丁目店","category":"food","address":"東京都墨田区亀沢四丁目８番６号","source":"厚生労働省 食品衛生申請等システム（オープンデータ）","municipality_code":"13107","municipality_pref":"東京都","municipality_name":"墨田区","municipality_code_method":"food_exact_coord"},"geometry":{"type":"Point","coordinates":[139.807558,35.697321]}},{"type":"Feature","properties":{"layer_id":"cafe_restaurant","name":"サイゼリヤ　東向島駅前店","category":"food","address":"東京都墨田区東向島五丁目3番7号 信徳東向島ビル2F","source":"厚生労働省 食品衛生申請等システム（オープンデータ）","municipality_code":"13107","municipality_pref":"東京都","municipality_name":"墨田区","municipality_code_method":"food_exact_coord"},"geometry":{"type":"Point","coordinates":[139.820116,35.725089]}},{"type":"Feature","properties":{"layer_id":"cafe_restaurant","name":"サイゼリヤ錦糸町楽天地ビル","category":"food","address":"東京都墨田区江東橋四丁目２７番１４号","source":"厚生労働省 食品衛生申請等システム（オープンデータ）","municipality_code":"13107","municipality_pref":"東京都","municipality_name":"墨田区","municipality_code_method":"food_exact_coord"},"geometry":{"type":"Point","coordinates":[139.81566,35.696311]}},{"type":"Feature","properties":{"layer_id":"cafe_restaurant","name":"ヴィドフランス錦糸町駅前店","category":"food","address":"東京都墨田区江東橋三丁目１４番５号 テルミナ１階","source":"厚生労働省 食品衛生申請等システム（オープンデータ）","municipality_code":"13107","municipality_pref":"東京都","municipality_name":"墨田区","municipality_code_method":"food_exact_coord"},"geometry":{"type":"Point","coordinates":[139.814266,35.696244]}},{"type":"Feature","properties":{"layer_id":"cafe_restaurant","name":"有限会社つるや","category":"food","address":"東京都墨田区亀沢一丁目15番9号","source":"厚生労働省 食品衛生申請等システム（オープンデータ）","municipality_code":"13107","municipality_pref":"東京都","municipality_name":"墨田区","municipality_code_method":"food_exact_coord"},"geometry":{"type":"Point","coordinates":[139.7995,35.697454]}},{"type":"Feature","properties":{"layer_id":"cafe_restaurant","name":"カスミ　BLANDEオリナス錦糸町店","category":"food","address":"東京都墨田区太平四丁目１番５号","source":"厚生労働省 食品衛生申請等システム（オープンデータ）","municipality_code":"13107","municipality_pref":"東京都","municipality_name":"墨田区","municipality_code_method":"food_exact_coord"},"geometry":{"type":"Point","coordinates":[139.817144,35.700553]}},{"type":"Feature","properties":{"layer_id":"cafe_restaurant","name":"カスミ　BLANDEオリナス錦糸町店","category":"food","address":"東京都墨田区太平四丁目１番５号","source":"厚生労働省 食品衛生申請等システム（オープンデータ）","municipality_code":"13107","municipality_pref":"東京都","municipality_name":"墨田区","municipality_code_method":"food_exact_coord"},"geometry":{"type":"Point","coordinates":[139.817144,35.700553]}},{"type":"Feature","properties":{"layer_id":"cafe_restaurant","name":"カスミ　BLANDEオリナス錦糸町店","category":"food","address":"東京都墨田区太平四丁目１番５号","source":"厚生労働省 食品衛生申請等システム（オープンデータ）","municipality_code":"13107","municipality_pref":"東京都","municipality_name":"墨田区","municipality_code_method":"food_exact_coord"},"geometry":{"type":"Point","coordinates":[139.817144,35.700553]}},{"type":"Feature","properties":{"layer_id":"cafe_restaurant","name":"カスミ　BLANDEオリナス錦糸町店","category":"food","address":"東京都墨田区太平四丁目１番５号","source":"厚生労働省 食品衛生申請等システム（オープンデータ）","municipality_code":"13107","municipality_pref":"東京都","municipality_name":"墨田区","municipality_code_method":"food_exact_coord"},"geometry":{"type":"Point","coordinates":[139.817144,35.700553]}},{"type":"Feature","properties":{"layer_id":"cafe_restaurant","name":"月下美人","category":"food","address":"東京都墨田区江東橋三丁目５番８号 Ｋビル６Ａ号室","source":"厚生労働省 食品衛生申請等システム（オープンデータ）","municipality_code":"13107","municipality_pref":"東京都","municipality_name":"墨田区","municipality_code_method":"food_exact_coord"},"geometry":{"type":"Point","coordinates":[139.813857,35.694323]}},{"type":"Feature","properties":{"layer_id":"cafe_restaurant","name":"エスプレッソ・アメリカーノ錦糸町アルカキット店","category":"food","address":"東京都墨田区錦糸二丁目2番1号 アルカキット錦糸町9F","source":"厚生労働省 食品衛生申請等システム（オープンデータ）","municipality_code":"13107","municipality_pref":"東京都","municipality_name":"墨田区","municipality_code_method":"food_exact_coord"},"geometry":{"type":"Point","coordinates":[139.812428,35.697302]}},{"type":"Feature","properties":{"layer_id":"cafe_restaurant","name":"マザーズカフェ　オリナス錦糸町店","category":"food","address":"東京都墨田区太平四丁目1番5号 オリナスコアB1","source":"厚生労働省 食品衛生申請等システム（オープンデータ）","municipality_code":"13107","municipality_pref":"東京都","municipality_name":"墨田区","municipality_code_method":"food_exact_coord"},"geometry":{"type":"Point","coordinates":[139.817144,35.700553]}},{"type":"Feature","properties":{"layer_id":"cafe_restaurant","name":"いちや","category":"food","address":"東京都墨田区東向島二丁目３４番１０号","source":"厚生労働省 食品衛生申請等システム（オープンデータ）","municipality_code":"13107","municipality_pref":"東京都","municipality_name":"墨田区","municipality_code_method":"food_exact_coord"},"geometry":{"type":"Point","coordinates":[139.817341,35.720851]}},{"type":"Feature","properties":{"layer_id":"cafe_restaurant","name":"鳥義","category":"food","address":"東京都墨田区石原三丁目17番3号","source":"厚生労働省 食品衛生申請等システム（オープンデータ）","municipality_code":"13107","municipality_pref":"東京都","municipality_name":"墨田区","municipality_code_method":"food_exact_coord"},"geometry":{"type":"Point","coordinates":[139.803211,35.700389]}},{"type":"Feature","properties":{"layer_id":"cafe_restaurant","name":"タピオカ専門店","category":"food","address":"東京都墨田区業平四丁目17番1号","source":"厚生労働省 食品衛生申請等システム（オープンデータ）","municipality_code":"13107","municipality_pref":"東京都","municipality_name":"墨田区","municipality_code_method":"food_exact_coord"},"geometry":{"type":"Point","coordinates":[139.813869,35.709148]}},{"type":"Feature","properties":{"layer_id":"cafe_restaurant","name":"らあ麺たけし","category":"food","address":"東京都墨田区太平四丁目2番1号 太平南アパート１階13号室","source":"厚生労働省 食品衛生申請等システム（オープンデータ）","municipality_code":"13107","municipality_pref":"東京都","municipality_name":"墨田区","municipality_code_method":"food_exact_coord"},"geometry":{"type":"Point","coordinates":[139.816534,35.701125]}},{"type":"Feature","properties":{"layer_id":"cafe_restaurant","name":"伊樽飯酒場バルバル","category":"food","address":"東京都墨田区錦糸三丁目7番1号 第２ハセガワビル１階","source":"厚生労働省 食品衛生申請等システム（オープンデータ）","municipality_code":"13107","municipality_pref":"東京都","municipality_name":"墨田区","municipality_code_method":"food_exact_coord"},"geometry":{"type":"Point","coordinates":[139.813581,35.698581]}},{"type":"Feature","properties":{"layer_id":"cafe_restaurant","name":"大衆ワイン酒場バルバルはなれ","category":"food","address":"東京都墨田区江東橋二丁目17番4号","source":"厚生労働省 食品衛生申請等システム（オープンデータ）","municipality_code":"13107","municipality_pref":"東京都","municipality_name":"墨田区","municipality_code_method":"food_exact_coord"},"geometry":{"type":"Point","coordinates":[139.812448,35.695964]}},{"type":"Feature","properties":{"layer_id":"cafe_restaurant","name":"いぶり","category":"food","address":"東京都墨田区江東橋三丁目１１番３号 ソシアル錦糸町ビル３Ｆ","source":"厚生労働省 食品衛生申請等システム（オープンデータ）","municipality_code":"13107","municipality_pref":"東京都","municipality_name":"墨田区","municipality_code_method":"food_exact_coord"},"geometry":{"type":"Point","coordinates":[139.812873,35.695991]}},{"type":"Feature","properties":{"layer_id":"cafe_restaurant","name":"レッド　スクウェア","category":"food","address":"東京都墨田区江東橋三丁目５番１号 第一立田ビル１０１号室","source":"厚生労働省 食品衛生申請等システム（オープンデータ）","municipality_code":"13107","municipality_pref":"東京都","municipality_name":"墨田区","municipality_code_method":"food_exact_coord"},"geometry":{"type":"Point","coordinates":[139.813372,35.69388]}},{"type":"Feature","properties":{"layer_id":"cafe_restaurant","name":"ＬＯＶＥＬＥＳＳ","category":"food","address":"東京都墨田区江東橋三丁目３番１０号 ＩＣプラザビル４階５階","source":"厚生労働省 食品衛生申請等システム（オープンデータ）","municipality_code":"13107","municipality_pref":"東京都","municipality_name":"墨田区","municipality_code_method":"food_exact_coord"},"geometry":{"type":"Point","coordinates":[139.813974,35.693467]}},{"type":"Feature","properties":{"layer_id":"cafe_restaurant","name":"ホテル　ロハス","category":"food","address":"東京都墨田区江東橋四丁目７番１１号","source":"厚生労働省 食品衛生申請等システム（オープンデータ）","municipality_code":"13107","municipality_pref":"東京都","municipality_name":"墨田区","municipality_code_method":"food_exact_coord"},"geometry":{"type":"Point","coordinates":[139.816315,35.693585]}},{"type":"Feature","properties":{"layer_id":"cafe_restaurant","name":"東京純豆腐　錦糸町テルミナ店","category":"food","address":"東京都墨田区江東橋江東橋三丁目１４番５号 テルミナ５Ｆ","source":"厚生労働省 食品衛生申請等システム（オープンデータ）","municipality_code":"13107","municipality_pref":"東京都","municipality_name":"墨田区","municipality_code_method":"food_exact_coord"},"geometry":{"type":"Point","coordinates":[139.815152,35.694549]}},{"type":"Feature","properties":{"layer_id":"cafe_restaurant","name":"坊々樹","category":"food","address":"東京都墨田区錦糸三丁目１１番１号 ＫＯＷＡビル１Ｆ","source":"厚生労働省 食品衛生申請等システム（オープンデータ）","municipality_code":"13107","municipality_pref":"東京都","municipality_name":"墨田区","municipality_code_method":"food_exact_coord"},"geometry":{"type":"Point","coordinates":[139.813492,35.699209]}},{"type":"Feature","properties":{"layer_id":"cafe_restaurant","name":"ケンタッキーフライドチキンオリナス錦糸町店","category":"food","address":"東京都墨田区太平四丁目１番５号 オリナスコア地下１階","source":"厚生労働省 食品衛生申請等システム（オープンデータ）","municipality_code":"13107","municipality_pref":"東京都","municipality_name":"墨田区","municipality_code_method":"food_exact_coord"},"geometry":{"type":"Point","coordinates":[139.817144,35.700553]}},{"type":"Feature","properties":{"layer_id":"cafe_restaurant","name":"ファミリーマート東武鉄道本社店","category":"food","address":"東京都墨田区押上二丁目18番12号","source":"厚生労働省 食品衛生申請等システム（オープンデータ）","municipality_code":"13107","municipality_pref":"東京都","municipality_name":"墨田区","municipality_code_method":"food_exact_coord"},"geometry":{"type":"Point","coordinates":[139.813627,35.712347]}},{"type":"Feature","properties":{"layer_id":"cafe_restaurant","name":"錦糸町こてがえし","category":"food","address":"東京都墨田区錦糸２－２－１ アルカキット錦糸町　10階","source":"厚生労働省 食品衛生申請等システム（オープンデータ）","municipality_code":"13107","municipality_pref":"東京都","municipality_name":"墨田区","municipality_code_method":"food_exact_coord"},"geometry":{"type":"Point","coordinates":[139.812428,35.697302]}},{"type":"Feature","properties":{"layer_id":"cafe_restaurant","name":"とんかつ まい泉（W0202-2)","category":"food","address":"東京都墨田区押上1-1-2 東京スカイツリータウン東京ソラマチ２階","source":"厚生労働省 食品衛生申請等システム（オープンデータ）","municipality_code":"13107","municipality_pref":"東京都","municipality_name":"墨田区","municipality_code_method":"food_exact_coord"},"geometry":{"type":"Point","coordinates":[139.812964,35.710675]}},{"type":"Feature","properties":{"layer_id":"cafe_restaurant","name":"回転寿司みさき　エキア曳舟店","category":"food","address":"東京都墨田区東向島二丁目２６番６号 ＥＱＵｉＡ曳舟","source":"厚生労働省 食品衛生申請等システム（オープンデータ）","municipality_code":"13107","municipality_pref":"東京都","municipality_name":"墨田区","municipality_code_method":"food_exact_coord"},"geometry":{"type":"Point","coordinates":[139.816565,35.717884]}},{"type":"Feature","properties":{"layer_id":"cafe_restaurant","name":"ＶＥＧＡ","category":"food","address":"東京都墨田区江東橋三丁目６番１２号 ペンシルビル７階","source":"厚生労働省 食品衛生申請等システム（オープンデータ）","municipality_code":"13107","municipality_pref":"東京都","municipality_name":"墨田区","municipality_code_method":"food_exact_coord"},"geometry":{"type":"Point","coordinates":[139.814439,35.6939]}},{"type":"Feature","properties":{"layer_id":"cafe_restaurant","name":"Ｂａｒ　Ｖｏｇｕｅ","category":"food","address":"東京都墨田区江東橋三丁目６番１２号 ペンシルビル３階","source":"厚生労働省 食品衛生申請等システム（オープンデータ）","municipality_code":"13107","municipality_pref":"東京都","municipality_name":"墨田区","municipality_code_method":"food_exact_coord"},"geometry":{"type":"Point","coordinates":[139.814439,35.6939]}},{"type":"Feature","properties":{"layer_id":"cafe_restaurant","name":"居酒屋　いけ屋","category":"food","address":"東京都墨田区江東橋三丁目１番５号 錦糸町ハイツ１階（１０１号室）","source":"厚生労働省 食品衛生申請等システム（オープンデータ）","municipality_code":"13107","municipality_pref":"東京都","municipality_name":"墨田区","municipality_code_method":"food_exact_coord"},"geometry":{"type":"Point","coordinates":[139.813994,35.693234]}},{"type":"Feature","properties":{"layer_id":"cafe_restaurant","name":"ローソン錦糸町店","category":"food","address":"東京都墨田区江東橋四丁目１１番５号","source":"厚生労働省 食品衛生申請等システム（オープンデータ）","municipality_code":"13107","municipality_pref":"東京都","municipality_name":"墨田区","municipality_code_method":"food_exact_coord"},"geometry":{"type":"Point","coordinates":[139.815919,35.694409]}},{"type":"Feature","properties":{"layer_id":"cafe_restaurant","name":"ローソン　墨田江東橋四丁目店","category":"food","address":"東京都墨田区江東橋四丁目２６番１１号","source":"厚生労働省 食品衛生申請等システム（オープンデータ）","municipality_code":"13107","municipality_pref":"東京都","municipality_name":"墨田区","municipality_code_method":"food_exact_coord"},"geometry":{"type":"Point","coordinates":[139.816406,35.695542]}},{"type":"Feature","properties":{"layer_id":"cafe_restaurant","name":"ホテル　スリーファイブ","category":"food","address":"東京都墨田区江東橋四丁目１２番９号","source":"厚生労働省 食品衛生申請等システム（オープンデータ）","municipality_code":"13107","municipality_pref":"東京都","municipality_name":"墨田区","municipality_code_method":"food_exact_coord"},"geometry":{"type":"Point","coordinates":[139.816555,35.694122]}},{"type":"Feature","properties":{"layer_id":"cafe_restaurant","name":"そじ坊","category":"food","address":"東京都墨田区江東橋四丁目２７番１４号 楽天地ビル２Ｆ","source":"厚生労働省 食品衛生申請等システム（オープンデータ）","municipality_code":"13107","municipality_pref":"東京都","municipality_name":"墨田区","municipality_code_method":"food_exact_coord"},"geometry":{"type":"Point","coordinates":[139.81566,35.696311]}},{"type":"Feature","properties":{"layer_id":"cafe_restaurant","name":"下町食菜　だいどころ","category":"food","address":"東京都墨田区両国三丁目２４番１号 尾崎ビル１０１","source":"厚生労働省 食品衛生申請等システム（オープンデータ）","municipality_code":"13107","municipality_pref":"東京都","municipality_name":"墨田区","municipality_code_method":"food_exact_coord"},"geometry":{"type":"Point","coordinates":[139.794045,35.695049]}},{"type":"Feature","properties":{"layer_id":"cafe_restaurant","name":"イトーヨーカドー曳舟店・ドトールコーヒーショップ","category":"food","address":"東京都墨田区京島一丁目２番１号 １F","source":"厚生労働省 食品衛生申請等システム（オープンデータ）","municipality_code":"13107","municipality_pref":"東京都","municipality_name":"墨田区","municipality_code_method":"food_exact_coord"},"geometry":{"type":"Point","coordinates":[139.817783,35.717455]}},{"type":"Feature","properties":{"layer_id":"cafe_restaurant","name":"松屋　押上店","category":"food","address":"東京都墨田区押上一丁目11番3号 押上滝ビル","source":"厚生労働省 食品衛生申請等システム（オープンデータ）","municipality_code":"13107","municipality_pref":"東京都","municipality_name":"墨田区","municipality_code_method":"food_exact_coord"},"geometry":{"type":"Point","coordinates":[139.814246,35.710411]}},{"type":"Feature","properties":{"layer_id":"cafe_restaurant","name":"松のや　錦糸町店","category":"food","address":"東京都墨田区江東橋三丁目9番15号 第3魚寅ビル","source":"厚生労働省 食品衛生申請等システム（オープンデータ）","municipality_code":"13107","municipality_pref":"東京都","municipality_name":"墨田区","municipality_code_method":"food_exact_coord"},"geometry":{"type":"Point","coordinates":[139.814253,35.695192]}},{"type":"Feature","properties":{"layer_id":"cafe_restaurant","name":"松屋　本所吾妻橋店","category":"food","address":"東京都墨田区吾妻橋三丁目7番4号 ライオンズマンション吾妻橋","source":"厚生労働省 食品衛生申請等システム（オープンデータ）","municipality_code":"13107","municipality_pref":"東京都","municipality_name":"墨田区","municipality_code_method":"food_exact_coord"},"geometry":{"type":"Point","coordinates":[139.804615,35.708901]}},{"type":"Feature","properties":{"layer_id":"cafe_restaurant","name":"松屋　錦糸町北口店","category":"food","address":"東京都墨田区錦糸二丁目4番10号 S川上ビル1階","source":"厚生労働省 食品衛生申請等システム（オープンデータ）","municipality_code":"13107","municipality_pref":"東京都","municipality_name":"墨田区","municipality_code_method":"food_exact_coord"},"geometry":{"type":"Point","coordinates":[139.813156,35.697882]}},{"type":"Feature","properties":{"layer_id":"cafe_restaurant","name":"松屋　錦糸町南店","category":"food","address":"東京都墨田区江東橋三丁目8番10号 井野ビル1F","source":"厚生労働省 食品衛生申請等システム（オープンデータ）","municipality_code":"13107","municipality_pref":"東京都","municipality_name":"墨田区","municipality_code_method":"food_exact_coord"},"geometry":{"type":"Point","coordinates":[139.814816,35.695256]}},{"type":"Feature","properties":{"layer_id":"cafe_restaurant","name":"ファイヤーチキン　菊川店","category":"food","address":"東京都墨田区菊川二丁目6番16号 エルム菊川","source":"厚生労働省 食品衛生申請等システム（オープンデータ）","municipality_code":"13107","municipality_pref":"東京都","municipality_name":"墨田区","municipality_code_method":"food_exact_coord"},"geometry":{"type":"Point","coordinates":[139.805135,35.688588]}},{"type":"Feature","properties":{"layer_id":"cafe_restaurant","name":"やきとん酒場　ヤマネ肉店　錦糸町店","category":"food","address":"東京都墨田区錦糸三丁目6番２号","source":"厚生労働省 食品衛生申請等システム（オープンデータ）","municipality_code":"13107","municipality_pref":"東京都","municipality_name":"墨田区","municipality_code_method":"food_exact_coord"},"geometry":{"type":"Point","coordinates":[139.813501,35.698427]}},{"type":"Feature","properties":{"layer_id":"cafe_restaurant","name":"八広亭","category":"food","address":"東京都墨田区八広五丁目29番10号","source":"厚生労働省 食品衛生申請等システム（オープンデータ）","municipality_code":"13107","municipality_pref":"東京都","municipality_name":"墨田区","municipality_code_method":"food_exact_coord"},"geometry":{"type":"Point","coordinates":[139.827423,35.724855]}},{"type":"Feature","properties":{"layer_id":"cafe_restaurant","name":"OKASHI　GAKU　ソラマチ","category":"food","address":"東京都墨田区業平三丁目１０番１０号","source":"厚生労働省 食品衛生申請等システム（オープンデータ）","municipality_code":"13107","municipality_pref":"東京都","municipality_name":"墨田区","municipality_code_method":"food_exact_coord"},"geometry":{"type":"Point","coordinates":[139.813811,35.707625]}},{"type":"Feature","properties":{"layer_id":"cafe_restaurant","name":"江戸前うなぎ　かわ祥","category":"food","address":"東京都墨田区江東橋3丁目14-5　錦糸町TERMINA　5階　たべテル","source":"厚生労働省 食品衛生申請等システム（オープンデータ）","municipality_code":"13107","municipality_pref":"東京都","municipality_name":"墨田区","municipality_code_method":"food_exact_coord"},"geometry":{"type":"Point","coordinates":[139.813974,35.696708]}},{"type":"Feature","properties":{"layer_id":"cafe_restaurant","name":"ローソンストア１００両国店","category":"food","address":"東京都墨田区両国四丁目１７番４号","source":"厚生労働省 食品衛生申請等システム（オープンデータ）","municipality_code":"13107","municipality_pref":"東京都","municipality_name":"墨田区","municipality_code_method":"food_exact_coord"},"geometry":{"type":"Point","coordinates":[139.79754,35.693321]}},{"type":"Feature","properties":{"layer_id":"cafe_restaurant","name":"錦糸町ホルモン天狗２号店","category":"food","address":"東京都墨田区錦糸二丁目14番３号 第6泰ビル１Ｆ","source":"厚生労働省 食品衛生申請等システム（オープンデータ）","municipality_code":"13107","municipality_pref":"東京都","municipality_name":"墨田区","municipality_code_method":"food_exact_coord"},"geometry":{"type":"Point","coordinates":[139.812088,35.699336]}},{"type":"Feature","properties":{"layer_id":"cafe_restaurant","name":"鳥麻(W0208-2)","category":"food","address":"東京都墨田区押上一丁目1番2号 東京スカイツリータウン東京ソラマチ2階","source":"厚生労働省 食品衛生申請等システム（オープンデータ）","municipality_code":"13107","municipality_pref":"東京都","municipality_name":"墨田区","municipality_code_method":"food_exact_coord"},"geometry":{"type":"Point","coordinates":[139.810669,35.710087]}},{"type":"Feature","properties":{"layer_id":"cafe_restaurant","name":"琉球創喜Labo","category":"food","address":"東京都墨田区菊川二丁目2番13号 大桝ビル１F","source":"厚生労働省 食品衛生申請等システム（オープンデータ）","municipality_code":"13107","municipality_pref":"東京都","municipality_name":"墨田区","municipality_code_method":"food_exact_coord"},"geometry":{"type":"Point","coordinates":[139.805774,35.686868]}},{"type":"Feature","properties":{"layer_id":"cafe_restaurant","name":"錦糸町っ子居酒屋とりとんくん","category":"food","address":"東京都墨田区江東橋三丁目８番１４号 第一錦糸ビル５Ｆ","source":"厚生労働省 食品衛生申請等システム（オープンデータ）","municipality_code":"13107","municipality_pref":"東京都","municipality_name":"墨田区","municipality_code_method":"food_exact_coord"},"geometry":{"type":"Point","coordinates":[139.814862,35.694686]}},{"type":"Feature","properties":{"layer_id":"cafe_restaurant","name":"ファミリーマート向島四丁目店","category":"food","address":"東京都墨田区向島四丁目8番5号","source":"厚生労働省 食品衛生申請等システム（オープンデータ）","municipality_code":"13107","municipality_pref":"東京都","municipality_name":"墨田区","municipality_code_method":"food_exact_coord"},"geometry":{"type":"Point","coordinates":[139.812461,35.717219]}},{"type":"Feature","properties":{"layer_id":"cafe_restaurant","name":"梅の花plus　東京スカイツリータウン・ソラマチ店（WK0202）","category":"food","address":"東京都墨田区押上一丁目1番2号 東京スカイツリータウン東京ソラマチ2階","source":"厚生労働省 食品衛生申請等システム（オープンデータ）","municipality_code":"13107","municipality_pref":"東京都","municipality_name":"墨田区","municipality_code_method":"food_exact_coord"},"geometry":{"type":"Point","coordinates":[139.812079,35.710306]}},{"type":"Feature","properties":{"layer_id":"cafe_restaurant","name":"浪花古市庵／おむすび百選(WK0207）","category":"food","address":"東京都墨田区押上一丁目1番2号 東京スカイツリータウン東京ソラマチ2階","source":"厚生労働省 食品衛生申請等システム（オープンデータ）","municipality_code":"13107","municipality_pref":"東京都","municipality_name":"墨田区","municipality_code_method":"food_exact_coord"},"geometry":{"type":"Point","coordinates":[139.810669,35.710087]}},{"type":"Feature","properties":{"layer_id":"cafe_restaurant","name":"酒場　はりや","category":"food","address":"東京都墨田区東向島五丁目３番１号","source":"厚生労働省 食品衛生申請等システム（オープンデータ）","municipality_code":"13107","municipality_pref":"東京都","municipality_name":"墨田区","municipality_code_method":"food_exact_coord"},"geometry":{"type":"Point","coordinates":[139.819682,35.724726]}},{"type":"Feature","properties":{"layer_id":"cafe_restaurant","name":"生鮮マルシェ　魚家食品センター","category":"food","address":"東京都墨田区亀沢二丁目1番3号","source":"厚生労働省 食品衛生申請等システム（オープンデータ）","municipality_code":"13107","municipality_pref":"東京都","municipality_name":"墨田区","municipality_code_method":"food_exact_coord"},"geometry":{"type":"Point","coordinates":[139.800361,35.696068]}},{"type":"Feature","properties":{"layer_id":"cafe_restaurant","name":"ゴルフクラブ　イースタン","category":"food","address":"東京都墨田区立花五丁目51番11号","source":"厚生労働省 食品衛生申請等システム（オープンデータ）","municipality_code":"13107","municipality_pref":"東京都","municipality_name":"墨田区","municipality_code_method":"food_exact_coord"},"geometry":{"type":"Point","coordinates":[139.831451,35.715073]}},{"type":"Feature","properties":{"layer_id":"cafe_restaurant","name":"たごさく（WK０２０４）","category":"food","address":"東京都墨田区押上一丁目１番２号 東京スカイツリータウン東京ソラマチ２階","source":"厚生労働省 食品衛生申請等システム（オープンデータ）","municipality_code":"13107","municipality_pref":"東京都","municipality_name":"墨田区","municipality_code_method":"food_exact_coord"},"geometry":{"type":"Point","coordinates":[139.812079,35.710306]}},{"type":"Feature","properties":{"layer_id":"cafe_restaurant","name":"イトーヨーカドー曳舟店・ミスタードーナツ","category":"food","address":"東京都墨田区京島一丁目２番１号 １Ｆ","source":"厚生労働省 食品衛生申請等システム（オープンデータ）","municipality_code":"13107","municipality_pref":"東京都","municipality_name":"墨田区","municipality_code_method":"food_exact_coord"},"geometry":{"type":"Point","coordinates":[139.817783,35.717455]}},{"type":"Feature","properties":{"layer_id":"cafe_restaurant","name":"回転寿しトリトン東京スカイツリー・ソラマチ（E0601）","category":"food","address":"東京都墨田区押上一丁目1番2号 東京スカイツリータウン東京ソラマチ6階","source":"厚生労働省 食品衛生申請等システム（オープンデータ）","municipality_code":"13107","municipality_pref":"東京都","municipality_name":"墨田区","municipality_code_method":"food_exact_coord"},"geometry":{"type":"Point","coordinates":[139.810669,35.710087]}},{"type":"Feature","properties":{"layer_id":"cafe_restaurant","name":"オホーツク　おこっぺミルクスタンド（Ｗ０３１６）","category":"food","address":"東京都墨田区押上一丁目１番２号 東京スカイツリータウン東京ソラマチ３階","source":"厚生労働省 食品衛生申請等システム（オープンデータ）","municipality_code":"13107","municipality_pref":"東京都","municipality_name":"墨田区","municipality_code_method":"food_exact_coord"},"geometry":{"type":"Point","coordinates":[139.810669,35.710087]}},{"type":"Feature","properties":{"layer_id":"cafe_restaurant","name":"ローソン向島一丁目店","category":"food","address":"東京都墨田区向島一丁目１２番３号","source":"厚生労働省 食品衛生申請等システム（オープンデータ）","municipality_code":"13107","municipality_pref":"東京都","municipality_name":"墨田区","municipality_code_method":"food_exact_coord"},"geometry":{"type":"Point","coordinates":[139.806013,35.712522]}},{"type":"Feature","properties":{"layer_id":"cafe_restaurant","name":"ローソン錦糸町北口店","category":"food","address":"東京都墨田区錦糸三丁目7番15号","source":"厚生労働省 食品衛生申請等システム（オープンデータ）","municipality_code":"13107","municipality_pref":"東京都","municipality_name":"墨田区","municipality_code_method":"food_exact_coord"},"geometry":{"type":"Point","coordinates":[139.813657,35.698586]}},{"type":"Feature","properties":{"layer_id":"cafe_restaurant","name":"ローソン　スーパーホテル錦糸町店","category":"food","address":"東京都墨田区錦糸一丁目4番12号","source":"厚生労働省 食品衛生申請等システム（オープンデータ）","municipality_code":"13107","municipality_pref":"東京都","municipality_name":"墨田区","municipality_code_method":"food_exact_coord"},"geometry":{"type":"Point","coordinates":[139.81158399999998,35.697871]}},{"type":"Feature","properties":{"layer_id":"cafe_restaurant","name":"錦糸町マルイ","category":"food","address":"東京都墨田区江東橋三丁目９番１０号 １Ｆ","source":"厚生労働省 食品衛生申請等システム（オープンデータ）","municipality_code":"13107","municipality_pref":"東京都","municipality_name":"墨田区","municipality_code_method":"food_exact_coord"},"geometry":{"type":"Point","coordinates":[139.813707,35.694943]}},{"type":"Feature","properties":{"layer_id":"cafe_restaurant","name":"錦糸町マルイ","category":"food","address":"東京都墨田区江東橋三丁目９番１０号","source":"厚生労働省 食品衛生申請等システム（オープンデータ）","municipality_code":"13107","municipality_pref":"東京都","municipality_name":"墨田区","municipality_code_method":"food_exact_coord"},"geometry":{"type":"Point","coordinates":[139.813707,35.694943]}},{"type":"Feature","properties":{"layer_id":"cafe_restaurant","name":"錦糸町マルイ","category":"food","address":"東京都墨田区江東橋三丁目９番１０号 ７Ｆ","source":"厚生労働省 食品衛生申請等システム（オープンデータ）","municipality_code":"13107","municipality_pref":"東京都","municipality_name":"墨田区","municipality_code_method":"food_exact_coord"},"geometry":{"type":"Point","coordinates":[139.813707,35.694943]}},{"type":"Feature","properties":{"layer_id":"cafe_restaurant","name":"LITTLE　SAKE　SQUARE","category":"food","address":"東京都墨田区錦糸三丁目3番9号 イーストビル3階","source":"厚生労働省 食品衛生申請等システム（オープンデータ）","municipality_code":"13107","municipality_pref":"東京都","municipality_name":"墨田区","municipality_code_method":"food_exact_coord"},"geometry":{"type":"Point","coordinates":[139.81381,35.697974]}},{"type":"Feature","properties":{"layer_id":"cafe_restaurant","name":"グランドマスト墨田文花","category":"food","address":"東京都墨田区文花二丁目9番13号","source":"厚生労働省 食品衛生申請等システム（オープンデータ）","municipality_code":"13107","municipality_pref":"東京都","municipality_name":"墨田区","municipality_code_method":"food_exact_coord"},"geometry":{"type":"Point","coordinates":[139.827578,35.709027]}},{"type":"Feature","properties":{"layer_id":"cafe_restaurant","name":"ドリーズ　バーガー　カフェ","category":"food","address":"東京都墨田区太平一丁目19番8号 A","source":"厚生労働省 食品衛生申請等システム（オープンデータ）","municipality_code":"13107","municipality_pref":"東京都","municipality_name":"墨田区","municipality_code_method":"food_exact_coord"},"geometry":{"type":"Point","coordinates":[139.809771,35.70109]}},{"type":"Feature","properties":{"layer_id":"cafe_restaurant","name":"La Padella d'Oro.1","category":"food","address":"東京都墨田区押上一丁目22番1号 スカイグランデ押上1F","source":"厚生労働省 食品衛生申請等システム（オープンデータ）","municipality_code":"13107","municipality_pref":"東京都","municipality_name":"墨田区","municipality_code_method":"food_exact_coord"},"geometry":{"type":"Point","coordinates":[139.815046,35.710745]}},{"type":"Feature","properties":{"layer_id":"cafe_restaurant","name":"ＳＡＲＡ錦糸町","category":"food","address":"東京都墨田区江東橋三丁目１番８号","source":"厚生労働省 食品衛生申請等システム（オープンデータ）","municipality_code":"13107","municipality_pref":"東京都","municipality_name":"墨田区","municipality_code_method":"food_exact_coord"},"geometry":{"type":"Point","coordinates":[139.814377,35.693252]}},{"type":"Feature","properties":{"layer_id":"cafe_restaurant","name":"庄や押上店","category":"food","address":"東京都墨田区業平四丁目17番16号","source":"厚生労働省 食品衛生申請等システム（オープンデータ）","municipality_code":"13107","municipality_pref":"東京都","municipality_name":"墨田区","municipality_code_method":"food_exact_coord"},"geometry":{"type":"Point","coordinates":[139.814148,35.709126]}},{"type":"Feature","properties":{"layer_id":"cafe_restaurant","name":"十一屋","category":"food","address":"東京都墨田区墨田三丁目23番17号","source":"厚生労働省 食品衛生申請等システム（オープンデータ）","municipality_code":"13107","municipality_pref":"東京都","municipality_name":"墨田区","municipality_code_method":"food_exact_coord"},"geometry":{"type":"Point","coordinates":[139.819962,35.730362]}},{"type":"Feature","properties":{"layer_id":"cafe_restaurant","name":"お食事処　勇","category":"food","address":"東京都墨田区墨田三丁目6番9号","source":"厚生労働省 食品衛生申請等システム（オープンデータ）","municipality_code":"13107","municipality_pref":"東京都","municipality_name":"墨田区","municipality_code_method":"food_exact_coord"},"geometry":{"type":"Point","coordinates":[139.821051,35.728547]}},{"type":"Feature","properties":{"layer_id":"cafe_restaurant","name":"ティーヌン","category":"food","address":"東京都墨田区太平四丁目1番2号 オリナスモール3F","source":"厚生労働省 食品衛生申請等システム（オープンデータ）","municipality_code":"13107","municipality_pref":"東京都","municipality_name":"墨田区","municipality_code_method":"food_exact_coord"},"geometry":{"type":"Point","coordinates":[139.815487,35.700376]}},{"type":"Feature","properties":{"layer_id":"cafe_restaurant","name":"エーム４９４６","category":"food","address":"東京都墨田区東向島四丁目２番１１号","source":"厚生労働省 食品衛生申請等システム（オープンデータ）","municipality_code":"13107","municipality_pref":"東京都","municipality_name":"墨田区","municipality_code_method":"food_exact_coord"},"geometry":{"type":"Point","coordinates":[139.814136,35.727913]}},{"type":"Feature","properties":{"layer_id":"cafe_restaurant","name":"株式会社山平屋ひぐち","category":"food","address":"東京都墨田区八広三丁目6番3号 2階","source":"厚生労働省 食品衛生申請等システム（オープンデータ）","municipality_code":"13107","municipality_pref":"東京都","municipality_name":"墨田区","municipality_code_method":"food_exact_coord"},"geometry":{"type":"Point","coordinates":[139.826038,35.720633]}},{"type":"Feature","properties":{"layer_id":"cafe_restaurant","name":"肉の山平屋","category":"food","address":"東京都墨田区八広三丁目6番3号","source":"厚生労働省 食品衛生申請等システム（オープンデータ）","municipality_code":"13107","municipality_pref":"東京都","municipality_name":"墨田区","municipality_code_method":"food_exact_coord"},"geometry":{"type":"Point","coordinates":[139.826038,35.720633]}},{"type":"Feature","properties":{"layer_id":"cafe_restaurant","name":"株式会社　山平屋","category":"food","address":"東京都墨田区八広三丁目６番３号","source":"厚生労働省 食品衛生申請等システム（オープンデータ）","municipality_code":"13107","municipality_pref":"東京都","municipality_name":"墨田区","municipality_code_method":"food_exact_coord"},"geometry":{"type":"Point","coordinates":[139.826023,35.720638]}},{"type":"Feature","properties":{"layer_id":"cafe_restaurant","name":"PLAT295","category":"food","address":"東京都墨田区業平一丁目7番9号","source":"厚生労働省 食品衛生申請等システム（オープンデータ）","municipality_code":"13107","municipality_pref":"東京都","municipality_name":"墨田区","municipality_code_method":"food_exact_coord"},"geometry":{"type":"Point","coordinates":[139.809123,35.708091]}},{"type":"Feature","properties":{"layer_id":"cafe_restaurant","name":"邦ちゃんラーメン両国店","category":"food","address":"東京都墨田区横網一丁目３番１号","source":"厚生労働省 食品衛生申請等システム（オープンデータ）","municipality_code":"13107","municipality_pref":"東京都","municipality_name":"墨田区","municipality_code_method":"food_exact_coord"},"geometry":{"type":"Point","coordinates":[139.794841,35.695682]}},{"type":"Feature","properties":{"layer_id":"cafe_restaurant","name":"向島　松むら","category":"food","address":"東京都墨田区東向島一丁目１５番１２号","source":"厚生労働省 食品衛生申請等システム（オープンデータ）","municipality_code":"13107","municipality_pref":"東京都","municipality_name":"墨田区","municipality_code_method":"food_exact_coord"},"geometry":{"type":"Point","coordinates":[139.814646,35.722064]}},{"type":"Feature","properties":{"layer_id":"cafe_restaurant","name":"櫻茶ヤ","category":"food","address":"東京都墨田区向島五丁目２４番１０号","source":"厚生労働省 食品衛生申請等システム（オープンデータ）","municipality_code":"13107","municipality_pref":"東京都","municipality_name":"墨田区","municipality_code_method":"food_exact_coord"},"geometry":{"type":"Point","coordinates":[139.809682,35.717079]}},{"type":"Feature","properties":{"layer_id":"cafe_restaurant","name":"回転すし　みさき　錦糸町店","category":"food","address":"東京都墨田区錦糸二丁目3番12号 中徳ビル１階","source":"厚生労働省 食品衛生申請等システム（オープンデータ）","municipality_code":"13107","municipality_pref":"東京都","municipality_name":"墨田区","municipality_code_method":"food_exact_coord"},"geometry":{"type":"Point","coordinates":[139.812106,35.697889]}},{"type":"Feature","properties":{"layer_id":"cafe_restaurant","name":"美吉","category":"food","address":"東京都墨田区京島三丁目２１番８号","source":"厚生労働省 食品衛生申請等システム（オープンデータ）","municipality_code":"13107","municipality_pref":"東京都","municipality_name":"墨田区","municipality_code_method":"food_exact_coord"},"geometry":{"type":"Point","coordinates":[139.824229,35.715272]}},{"type":"Feature","properties":{"layer_id":"cafe_restaurant","name":"party service omurai","category":"food","address":"東京都墨田区文花三丁目21番11号","source":"厚生労働省 食品衛生申請等システム（オープンデータ）","municipality_code":"13107","municipality_pref":"東京都","municipality_name":"墨田区","municipality_code_method":"food_exact_coord"},"geometry":{"type":"Point","coordinates":[139.827344,35.710866]}},{"type":"Feature","properties":{"layer_id":"cafe_restaurant","name":"両国すきっぷ保育園内調理室","category":"food","address":"東京都墨田区両国四丁目２５番９号 三和ビル１F・２F","source":"厚生労働省 食品衛生申請等システム（オープンデータ）","municipality_code":"13107","municipality_pref":"東京都","municipality_name":"墨田区","municipality_code_method":"food_exact_coord"},"geometry":{"type":"Point","coordinates":[139.796247,35.693892]}},{"type":"Feature","properties":{"layer_id":"cafe_restaurant","name":"有限会社玉屋","category":"food","address":"東京都墨田区両国三丁目２１番１６号","source":"厚生労働省 食品衛生申請等システム（オープンデータ）","municipality_code":"13107","municipality_pref":"東京都","municipality_name":"墨田区","municipality_code_method":"food_exact_coord"},"geometry":{"type":"Point","coordinates":[139.794199,35.694607]}},{"type":"Feature","properties":{"layer_id":"cafe_restaurant","name":"No.11 Lab 樹見","category":"food","address":"東京都墨田区業平一丁目９番１１号","source":"厚生労働省 食品衛生申請等システム（オープンデータ）","municipality_code":"13107","municipality_pref":"東京都","municipality_name":"墨田区","municipality_code_method":"food_exact_coord"},"geometry":{"type":"Point","coordinates":[139.810959,35.707952]}},{"type":"Feature","properties":{"layer_id":"cafe_restaurant","name":"タラキッチン","category":"food","address":"東京都墨田区太平三丁目18番2号 鈴友ビル1Ｆ","source":"厚生労働省 食品衛生申請等システム（オープンデータ）","municipality_code":"13107","municipality_pref":"東京都","municipality_name":"墨田区","municipality_code_method":"food_exact_coord"},"geometry":{"type":"Point","coordinates":[139.813168,35.70233]}},{"type":"Feature","properties":{"layer_id":"cafe_restaurant","name":"キッチン","category":"food","address":"東京都墨田区太平三丁目18番2号 鈴友ビル101","source":"厚生労働省 食品衛生申請等システム（オープンデータ）","municipality_code":"13107","municipality_pref":"東京都","municipality_name":"墨田区","municipality_code_method":"food_exact_coord"},"geometry":{"type":"Point","coordinates":[139.813168,35.70233]}},{"type":"Feature","properties":{"layer_id":"cafe_restaurant","name":"タリーズコーヒー錦糸町アルカウエスト店","category":"food","address":"東京都墨田区錦糸一丁目２番４号 アルカウエスト２F","source":"厚生労働省 食品衛生申請等システム（オープンデータ）","municipality_code":"13107","municipality_pref":"東京都","municipality_name":"墨田区","municipality_code_method":"food_exact_coord"},"geometry":{"type":"Point","coordinates":[139.809535,35.697216]}},{"type":"Feature","properties":{"layer_id":"cafe_restaurant","name":"インド・ハラルキッチン","category":"food","address":"東京都墨田区江東橋三丁目９番２５号 ニュー錦糸町ビル１２４","source":"厚生労働省 食品衛生申請等システム（オープンデータ）","municipality_code":"13107","municipality_pref":"東京都","municipality_name":"墨田区","municipality_code_method":"food_exact_coord"},"geometry":{"type":"Point","coordinates":[139.813565,35.694552]}},{"type":"Feature","properties":{"layer_id":"cafe_restaurant","name":"ＫＩＮＧ　ＫＥＢＡＢ","category":"food","address":"東京都墨田区業平四丁目１７番２号","source":"厚生労働省 食品衛生申請等システム（オープンデータ）","municipality_code":"13107","municipality_pref":"東京都","municipality_name":"墨田区","municipality_code_method":"food_exact_coord"},"geometry":{"type":"Point","coordinates":[139.814291,35.709188]}},{"type":"Feature","properties":{"layer_id":"cafe_restaurant","name":"スカイツリーキッチン","category":"food","address":"東京都墨田区業平四丁目１７番２号","source":"厚生労働省 食品衛生申請等システム（オープンデータ）","municipality_code":"13107","municipality_pref":"東京都","municipality_name":"墨田区","municipality_code_method":"food_exact_coord"},"geometry":{"type":"Point","coordinates":[139.813857,35.709169]}},{"type":"Feature","properties":{"layer_id":"cafe_restaurant","name":"御芋－ＯＩＭＯ－","category":"food","address":"東京都墨田区業平一丁目１０番５号","source":"厚生労働省 食品衛生申請等システム（オープンデータ）","municipality_code":"13107","municipality_pref":"東京都","municipality_name":"墨田区","municipality_code_method":"food_exact_coord"},"geometry":{"type":"Point","coordinates":[139.810599,35.708687]}},{"type":"Feature","properties":{"layer_id":"cafe_restaurant","name":"BAGUS  錦糸町","category":"food","address":"東京都墨田区江東橋二丁目19番1号 テルミナ３　3階","source":"厚生労働省 食品衛生申請等システム（オープンデータ）","municipality_code":"13107","municipality_pref":"東京都","municipality_name":"墨田区","municipality_code_method":"food_exact_coord"},"geometry":{"type":"Point","coordinates":[139.812947,35.696326]}},{"type":"Feature","properties":{"layer_id":"cafe_restaurant","name":"よしの","category":"food","address":"東京都墨田区錦糸四丁目11番6号 佐々木ビル２F","source":"厚生労働省 食品衛生申請等システム（オープンデータ）","municipality_code":"13107","municipality_pref":"東京都","municipality_name":"墨田区","municipality_code_method":"food_exact_coord"},"geometry":{"type":"Point","coordinates":[139.817719,35.697972]}},{"type":"Feature","properties":{"layer_id":"cafe_restaurant","name":"磯丸水産　両国西口店","category":"food","address":"東京都墨田区横網一丁目3番12号","source":"厚生労働省 食品衛生申請等システム（オープンデータ）","municipality_code":"13107","municipality_pref":"東京都","municipality_name":"墨田区","municipality_code_method":"food_exact_coord"},"geometry":{"type":"Point","coordinates":[139.792979,35.695806]}},{"type":"Feature","properties":{"layer_id":"cafe_restaurant","name":"ビッグエコー錦糸公園店","category":"food","address":"東京都墨田区錦糸四丁目１３番２号","source":"厚生労働省 食品衛生申請等システム（オープンデータ）","municipality_code":"13107","municipality_pref":"東京都","municipality_name":"墨田区","municipality_code_method":"food_exact_coord"},"geometry":{"type":"Point","coordinates":[139.81595,35.69788]}},{"type":"Feature","properties":{"layer_id":"cafe_restaurant","name":"Roca Coffee Roasters","category":"food","address":"東京都墨田区東向島二丁目14番12号","source":"厚生労働省 食品衛生申請等システム（オープンデータ）","municipality_code":"13107","municipality_pref":"東京都","municipality_name":"墨田区","municipality_code_method":"food_exact_coord"},"geometry":{"type":"Point","coordinates":[139.815755,35.717395]}},{"type":"Feature","properties":{"layer_id":"cafe_restaurant","name":"ＡＳＩＡＮＡ　アシアナ","category":"food","address":"東京都墨田区業平五丁目10番６号 坂森101","source":"厚生労働省 食品衛生申請等システム（オープンデータ）","municipality_code":"13107","municipality_pref":"東京都","municipality_name":"墨田区","municipality_code_method":"food_exact_coord"},"geometry":{"type":"Point","coordinates":[139.816834,35.708133]}},{"type":"Feature","properties":{"layer_id":"cafe_restaurant","name":"魚八　栄五郎","category":"food","address":"東京都墨田区東向島五丁目１２番７号","source":"厚生労働省 食品衛生申請等システム（オープンデータ）","municipality_code":"13107","municipality_pref":"東京都","municipality_name":"墨田区","municipality_code_method":"food_exact_coord"},"geometry":{"type":"Point","coordinates":[139.8201,35.727044]}},{"type":"Feature","properties":{"layer_id":"cafe_restaurant","name":"ベーカリー花火","category":"food","address":"東京都墨田区亀沢四丁目8番5号 秋葉荘西端一戸目","source":"厚生労働省 食品衛生申請等システム（オープンデータ）","municipality_code":"13107","municipality_pref":"東京都","municipality_name":"墨田区","municipality_code_method":"food_exact_coord"},"geometry":{"type":"Point","coordinates":[139.807492,35.697317]}},{"type":"Feature","properties":{"layer_id":"cafe_restaurant","name":"勝手串　花火（ハナビ）","category":"food","address":"東京都墨田区江東橋四丁目１２番５号 下町ビル１Ｆ","source":"厚生労働省 食品衛生申請等システム（オープンデータ）","municipality_code":"13107","municipality_pref":"東京都","municipality_name":"墨田区","municipality_code_method":"food_exact_coord"},"geometry":{"type":"Point","coordinates":[139.816544,35.694321]}},{"type":"Feature","properties":{"layer_id":"cafe_restaurant","name":"焼小籠包ドラゴン　本所吾妻橋店","category":"food","address":"東京都墨田区東駒形四丁目20番6号","source":"厚生労働省 食品衛生申請等システム（オープンデータ）","municipality_code":"13107","municipality_pref":"東京都","municipality_name":"墨田区","municipality_code_method":"food_exact_coord"},"geometry":{"type":"Point","coordinates":[139.804645,35.707325]}},{"type":"Feature","properties":{"layer_id":"cafe_restaurant","name":"もつ焼き横丁　ニシキ屋","category":"food","address":"東京都墨田区江東橋二丁目16番9号","source":"厚生労働省 食品衛生申請等システム（オープンデータ）","municipality_code":"13107","municipality_pref":"東京都","municipality_name":"墨田区","municipality_code_method":"food_exact_coord"},"geometry":{"type":"Point","coordinates":[139.812298,35.695662]}},{"type":"Feature","properties":{"layer_id":"cafe_restaurant","name":"キッチンKAMEYA洋食館","category":"food","address":"東京都墨田区立花二丁目1番11号","source":"厚生労働省 食品衛生申請等システム（オープンデータ）","municipality_code":"13107","municipality_pref":"東京都","municipality_name":"墨田区","municipality_code_method":"food_exact_coord"},"geometry":{"type":"Point","coordinates":[139.827588,35.70781]}},{"type":"Feature","properties":{"layer_id":"cafe_restaurant","name":"メリックス（株）錦糸町支店内食堂","category":"food","address":"東京都墨田区江東橋四丁目11番1号","source":"厚生労働省 食品衛生申請等システム（オープンデータ）","municipality_code":"13107","municipality_pref":"東京都","municipality_name":"墨田区","municipality_code_method":"food_exact_coord"},"geometry":{"type":"Point","coordinates":[139.815541,35.694347]}},{"type":"Feature","properties":{"layer_id":"cafe_restaurant","name":"メリックス（株）押上支店内食堂","category":"food","address":"東京都墨田区業平三丁目１４番５号","source":"厚生労働省 食品衛生申請等システム（オープンデータ）","municipality_code":"13107","municipality_pref":"東京都","municipality_name":"墨田区","municipality_code_method":"food_exact_coord"},"geometry":{"type":"Point","coordinates":[139.813454,35.708777]}},{"type":"Feature","properties":{"layer_id":"cafe_restaurant","name":"京成リッチモンドホテル東京押上","category":"food","address":"東京都墨田区押上一丁目8番23号","source":"厚生労働省 食品衛生申請等システム（オープンデータ）","municipality_code":"13107","municipality_pref":"東京都","municipality_name":"墨田区","municipality_code_method":"food_exact_coord"},"geometry":{"type":"Point","coordinates":[139.8141,35.710911]}},{"type":"Feature","properties":{"layer_id":"cafe_restaurant","name":"大連飯店","category":"food","address":"東京都墨田区押上一丁目15番10号","source":"厚生労働省 食品衛生申請等システム（オープンデータ）","municipality_code":"13107","municipality_pref":"東京都","municipality_name":"墨田区","municipality_code_method":"food_exact_coord"},"geometry":{"type":"Point","coordinates":[139.814837,35.711172]}},{"type":"Feature","properties":{"layer_id":"cafe_restaurant","name":"ＭＡＲＵＮＡＫＡ","category":"food","address":"東京都墨田区江東橋四丁目９番１号 ２階","source":"厚生労働省 食品衛生申請等システム（オープンデータ）","municipality_code":"13107","municipality_pref":"東京都","municipality_name":"墨田区","municipality_code_method":"food_exact_coord"},"geometry":{"type":"Point","coordinates":[139.815495,35.693515]}},{"type":"Feature","properties":{"layer_id":"cafe_restaurant","name":"居酒屋　「隼」","category":"food","address":"東京都墨田区押上三丁目21番6号","source":"厚生労働省 食品衛生申請等システム（オープンデータ）","municipality_code":"13107","municipality_pref":"東京都","municipality_name":"墨田区","municipality_code_method":"food_exact_coord"},"geometry":{"type":"Point","coordinates":[139.817849,35.713614]}},{"type":"Feature","properties":{"layer_id":"cafe_restaurant","name":"四季百選","category":"food","address":"東京都墨田区江東橋二丁目１８番７号 相鉄フレッサイン東京錦糸町１階","source":"厚生労働省 食品衛生申請等システム（オープンデータ）","municipality_code":"13107","municipality_pref":"東京都","municipality_name":"墨田区","municipality_code_method":"food_exact_coord"},"geometry":{"type":"Point","coordinates":[139.811786,35.695899]}},{"type":"Feature","properties":{"layer_id":"cafe_restaurant","name":"焼肉名菜福寿　錦糸町店","category":"food","address":"東京都墨田区錦糸二丁目2番1号 アルカキット錦糸町10F","source":"厚生労働省 食品衛生申請等システム（オープンデータ）","municipality_code":"13107","municipality_pref":"東京都","municipality_name":"墨田区","municipality_code_method":"food_exact_coord"},"geometry":{"type":"Point","coordinates":[139.812428,35.697302]}},{"type":"Feature","properties":{"layer_id":"cafe_restaurant","name":"有限会社タンポポ","category":"food","address":"東京都墨田区錦糸四丁目16番11号","source":"厚生労働省 食品衛生申請等システム（オープンデータ）","municipality_code":"13107","municipality_pref":"東京都","municipality_name":"墨田区","municipality_code_method":"food_exact_coord"},"geometry":{"type":"Point","coordinates":[139.818135,35.698827]}},{"type":"Feature","properties":{"layer_id":"cafe_restaurant","name":"藤咲","category":"food","address":"東京都墨田区錦糸四丁目5番6号 越後屋ビル102号","source":"厚生労働省 食品衛生申請等システム（オープンデータ）","municipality_code":"13107","municipality_pref":"東京都","municipality_name":"墨田区","municipality_code_method":"food_exact_coord"},"geometry":{"type":"Point","coordinates":[139.816331,35.697418]}},{"type":"Feature","properties":{"layer_id":"cafe_restaurant","name":"墨田区立寺島保育園　給食室","category":"food","address":"東京都墨田区東向島一丁目２３番１０号","source":"厚生労働省 食品衛生申請等システム（オープンデータ）","municipality_code":"13107","municipality_pref":"東京都","municipality_name":"墨田区","municipality_code_method":"food_exact_coord"},"geometry":{"type":"Point","coordinates":[139.812553,35.72017]}},{"type":"Feature","properties":{"layer_id":"cafe_restaurant","name":"いわて屋","category":"food","address":"東京都墨田区向島三丁目４６番８号","source":"厚生労働省 食品衛生申請等システム（オープンデータ）","municipality_code":"13107","municipality_pref":"東京都","municipality_name":"墨田区","municipality_code_method":"food_exact_coord"},"geometry":{"type":"Point","coordinates":[139.80952,35.711519]}},{"type":"Feature","properties":{"layer_id":"cafe_restaurant","name":"両国八百八町　花の舞　江戸東京博物館前店","category":"food","address":"東京都墨田区亀沢一丁目1番15号","source":"厚生労働省 食品衛生申請等システム（オープンデータ）","municipality_code":"13107","municipality_pref":"東京都","municipality_name":"墨田区","municipality_code_method":"food_exact_coord"},"geometry":{"type":"Point","coordinates":[139.797775,35.695832]}},{"type":"Feature","properties":{"layer_id":"cafe_restaurant","name":"ＨＡｉＬＬＯ　ＣＡＦＥ","category":"food","address":"東京都墨田区両国四丁目３７番１３号 村上ビル１０１","source":"厚生労働省 食品衛生申請等システム（オープンデータ）","municipality_code":"13107","municipality_pref":"東京都","municipality_name":"墨田区","municipality_code_method":"food_exact_coord"},"geometry":{"type":"Point","coordinates":[139.795809,35.695404]}},{"type":"Feature","properties":{"layer_id":"cafe_restaurant","name":"両国ＳＵＮＲＩＺＥ","category":"food","address":"東京都墨田区両国四丁目３６番６号 ガラス会館Ｂ１","source":"厚生労働省 食品衛生申請等システム（オープンデータ）","municipality_code":"13107","municipality_pref":"東京都","municipality_name":"墨田区","municipality_code_method":"food_exact_coord"},"geometry":{"type":"Point","coordinates":[139.795665,35.695128]}},{"type":"Feature","properties":{"layer_id":"cafe_restaurant","name":"けいすけ総本店","category":"food","address":"東京都墨田区緑四丁目20番4号","source":"厚生労働省 食品衛生申請等システム（オープンデータ）","municipality_code":"13107","municipality_pref":"東京都","municipality_name":"墨田区","municipality_code_method":"food_exact_coord"},"geometry":{"type":"Point","coordinates":[139.806923,35.69491]}},{"type":"Feature","properties":{"layer_id":"cafe_restaurant","name":"けいすけ支店　いさお農場","category":"food","address":"東京都墨田区押上二丁目33番10号","source":"厚生労働省 食品衛生申請等システム（オープンデータ）","municipality_code":"13107","municipality_pref":"東京都","municipality_name":"墨田区","municipality_code_method":"food_exact_coord"},"geometry":{"type":"Point","coordinates":[139.816439,35.716679]}},{"type":"Feature","properties":{"layer_id":"cafe_restaurant","name":"Ｔ－２０７６１０","category":"food","address":"東京都墨田区東墨田三丁目１３番４号","source":"厚生労働省 食品衛生申請等システム（オープンデータ）","municipality_code":"13107","municipality_pref":"東京都","municipality_name":"墨田区","municipality_code_method":"food_exact_coord"},"geometry":{"type":"Point","coordinates":[139.835915,35.720647]}},{"type":"Feature","properties":{"layer_id":"cafe_restaurant","name":"墨田区東駒形保育園","category":"food","address":"東京都墨田区東駒形四丁目２２番６号 03-3625-8672","source":"厚生労働省 食品衛生申請等システム（オープンデータ）","municipality_code":"13107","municipality_pref":"東京都","municipality_name":"墨田区","municipality_code_method":"food_exact_coord"},"geometry":{"type":"Point","coordinates":[139.806297,35.707841]}},{"type":"Feature","properties":{"layer_id":"cafe_restaurant","name":"墨田区立第三寺島小学校","category":"food","address":"東京都墨田区東向島六丁目8番1号","source":"厚生労働省 食品衛生申請等システム（オープンデータ）","municipality_code":"13107","municipality_pref":"東京都","municipality_name":"墨田区","municipality_code_method":"food_exact_coord"},"geometry":{"type":"Point","coordinates":[139.8205765,35.720961]}},{"type":"Feature","properties":{"layer_id":"cafe_restaurant","name":"パリパリ焼豚","category":"food","address":"東京都墨田区立川三丁目12番7号 １FA","source":"厚生労働省 食品衛生申請等システム（オープンデータ）","municipality_code":"13107","municipality_pref":"東京都","municipality_name":"墨田区","municipality_code_method":"food_exact_coord"},"geometry":{"type":"Point","coordinates":[139.804335,35.691497]}},{"type":"Feature","properties":{"layer_id":"cafe_restaurant","name":"ＲＩＧＯＬＥＴＴＯ　ＲＯＴＩＳＳＥＲＩＥ　ＡＮＤ　ＷＩＮＥ（Ｔ０２０１）","category":"food","address":"東京都墨田区押上一丁目１番２号 東京スカイツリータウン東京ソラマチ２階","source":"厚生労働省 食品衛生申請等システム（オープンデータ）","municipality_code":"13107","municipality_pref":"東京都","municipality_name":"墨田区","municipality_code_method":"food_exact_coord"},"geometry":{"type":"Point","coordinates":[139.810669,35.710087]}},{"type":"Feature","properties":{"layer_id":"cafe_restaurant","name":"三祐酒場","category":"food","address":"東京都墨田区八広二丁目2番12号","source":"厚生労働省 食品衛生申請等システム（オープンデータ）","municipality_code":"13107","municipality_pref":"東京都","municipality_name":"墨田区","municipality_code_method":"food_exact_coord"},"geometry":{"type":"Point","coordinates":[139.824429,35.716321]}},{"type":"Feature","properties":{"layer_id":"cafe_restaurant","name":"B&I 1443","category":"food","address":"東京都墨田区両国四丁目３１番１１号","source":"厚生労働省 食品衛生申請等システム（オープンデータ）","municipality_code":"13107","municipality_pref":"東京都","municipality_name":"墨田区","municipality_code_method":"food_exact_coord"},"geometry":{"type":"Point","coordinates":[139.79724,35.694818]}},{"type":"Feature","properties":{"layer_id":"cafe_restaurant","name":"居酒屋いしかわ","category":"food","address":"東京都墨田区向島三丁目８番１４号","source":"厚生労働省 食品衛生申請等システム（オープンデータ）","municipality_code":"13107","municipality_pref":"東京都","municipality_name":"墨田区","municipality_code_method":"food_exact_coord"},"geometry":{"type":"Point","coordinates":[139.80917,35.714436]}},{"type":"Feature","properties":{"layer_id":"cafe_restaurant","name":"福臨門居酒屋","category":"food","address":"東京都墨田区菊川二丁目5番４号 クレール菊川１F","source":"厚生労働省 食品衛生申請等システム（オープンデータ）","municipality_code":"13107","municipality_pref":"東京都","municipality_name":"墨田区","municipality_code_method":"food_exact_coord"},"geometry":{"type":"Point","coordinates":[139.804933,35.688172]}},{"type":"Feature","properties":{"layer_id":"cafe_restaurant","name":"オーティス","category":"food","address":"東京都墨田区東向島3-32-4 ups-1 1階","source":"厚生労働省 食品衛生申請等システム（オープンデータ）","municipality_code":"13107","municipality_pref":"東京都","municipality_name":"墨田区","municipality_code_method":"food_exact_coord"},"geometry":{"type":"Point","coordinates":[139.814496,35.722497]}},{"type":"Feature","properties":{"layer_id":"cafe_restaurant","name":"コーヒーショップタイム","category":"food","address":"東京都墨田区向島四丁目２番１４－１０４号 藤和シティコープ向島","source":"厚生労働省 食品衛生申請等システム（オープンデータ）","municipality_code":"13107","municipality_pref":"東京都","municipality_name":"墨田区","municipality_code_method":"food_exact_coord"},"geometry":{"type":"Point","coordinates":[139.811146,35.716204]}},{"type":"Feature","properties":{"layer_id":"cafe_restaurant","name":"土間土間　錦糸町店","category":"food","address":"東京都墨田区江東橋２－１９－１ テルミナウエストウイング４Ｆ","source":"厚生労働省 食品衛生申請等システム（オープンデータ）","municipality_code":"13107","municipality_pref":"東京都","municipality_name":"墨田区","municipality_code_method":"food_exact_coord"},"geometry":{"type":"Point","coordinates":[139.812947,35.696326]}},{"type":"Feature","properties":{"layer_id":"cafe_restaurant","name":"Ｐｉａ　Ｇ","category":"food","address":"東京都墨田区江東橋三丁目１０番１０号 ＹＫビル５Ｂ号室","source":"厚生労働省 食品衛生申請等システム（オープンデータ）","municipality_code":"13107","municipality_pref":"東京都","municipality_name":"墨田区","municipality_code_method":"food_exact_coord"},"geometry":{"type":"Point","coordinates":[139.812643,35.695737]}},{"type":"Feature","properties":{"layer_id":"cafe_restaurant","name":"串と肴　のんちゃん","category":"food","address":"東京都墨田区錦糸四丁目14番2号 前田ビル1F","source":"厚生労働省 食品衛生申請等システム（オープンデータ）","municipality_code":"13107","municipality_pref":"東京都","municipality_name":"墨田区","municipality_code_method":"food_exact_coord"},"geometry":{"type":"Point","coordinates":[139.815196,35.697844]}},{"type":"Feature","properties":{"layer_id":"cafe_restaurant","name":"Public AVION","category":"food","address":"東京都墨田区錦糸四丁目１４番２号 前田ビル１Ｆ","source":"厚生労働省 食品衛生申請等システム（オープンデータ）","municipality_code":"13107","municipality_pref":"東京都","municipality_name":"墨田区","municipality_code_method":"food_exact_coord"},"geometry":{"type":"Point","coordinates":[139.815136,35.697838]}},{"type":"Feature","properties":{"layer_id":"cafe_restaurant","name":"Ｃａｆｅ＆Ｋｉｔｃｈｅｎ　オリエンタルＳＡＰＡＮＡ","category":"food","address":"東京都墨田区錦糸一丁目２番４７号 錦糸町テルミナ２","source":"厚生労働省 食品衛生申請等システム（オープンデータ）","municipality_code":"13107","municipality_pref":"東京都","municipality_name":"墨田区","municipality_code_method":"food_exact_coord"},"geometry":{"type":"Point","coordinates":[139.813989,35.69686]}},{"type":"Feature","properties":{"layer_id":"cafe_restaurant","name":"比内地鶏炭火焼　ひない","category":"food","address":"東京都墨田区錦糸二丁目4番12号 元春ビル１F","source":"厚生労働省 食品衛生申請等システム（オープンデータ）","municipality_code":"13107","municipality_pref":"東京都","municipality_name":"墨田区","municipality_code_method":"food_exact_coord"},"geometry":{"type":"Point","coordinates":[139.812866,35.697915]}},{"type":"Feature","properties":{"layer_id":"cafe_restaurant","name":"世界のビール博物館（Ｅ０７０８）","category":"food","address":"東京都墨田区押上一丁目１番２号 東京スカイツリータウン東京ソラマチ７階","source":"厚生労働省 食品衛生申請等システム（オープンデータ）","municipality_code":"13107","municipality_pref":"東京都","municipality_name":"墨田区","municipality_code_method":"food_exact_coord"},"geometry":{"type":"Point","coordinates":[139.810669,35.710087]}},{"type":"Feature","properties":{"layer_id":"cafe_restaurant","name":"炭火ホルモン　サカイ食堂","category":"food","address":"東京都墨田区東向島二丁目15番3号","source":"厚生労働省 食品衛生申請等システム（オープンデータ）","municipality_code":"13107","municipality_pref":"東京都","municipality_name":"墨田区","municipality_code_method":"food_exact_coord"},"geometry":{"type":"Point","coordinates":[139.815832,35.717978]}},{"type":"Feature","properties":{"layer_id":"cafe_restaurant","name":"もつ焼きわかば","category":"food","address":"東京都墨田区本所四丁目１９番９号","source":"厚生労働省 食品衛生申請等システム（オープンデータ）","municipality_code":"13107","municipality_pref":"東京都","municipality_name":"墨田区","municipality_code_method":"food_exact_coord"},"geometry":{"type":"Point","coordinates":[139.805237,35.704511]}},{"type":"Feature","properties":{"layer_id":"cafe_restaurant","name":"ひょつとこ　しま","category":"food","address":"東京都墨田区錦糸三丁目5番１０号 石川ビル１F","source":"厚生労働省 食品衛生申請等システム（オープンデータ）","municipality_code":"13107","municipality_pref":"東京都","municipality_name":"墨田区","municipality_code_method":"food_exact_coord"},"geometry":{"type":"Point","coordinates":[139.814586,35.698335]}},{"type":"Feature","properties":{"layer_id":"cafe_restaurant","name":"こんの","category":"food","address":"東京都墨田区石原四丁目16番4号","source":"厚生労働省 食品衛生申請等システム（オープンデータ）","municipality_code":"13107","municipality_pref":"東京都","municipality_name":"墨田区","municipality_code_method":"food_exact_coord"},"geometry":{"type":"Point","coordinates":[139.806943,35.700312]}},{"type":"Feature","properties":{"layer_id":"cafe_restaurant","name":"豚丼天山","category":"food","address":"東京都墨田区京島三丁目52番3号","source":"厚生労働省 食品衛生申請等システム（オープンデータ）","municipality_code":"13107","municipality_pref":"東京都","municipality_name":"墨田区","municipality_code_method":"food_exact_coord"},"geometry":{"type":"Point","coordinates":[139.824093,35.71474]}},{"type":"Feature","properties":{"layer_id":"cafe_restaurant","name":"旅する酒屋ツグー","category":"food","address":"東京都墨田区京島一丁目39番1号 曳舟西ビューハイツ１F","source":"厚生労働省 食品衛生申請等システム（オープンデータ）","municipality_code":"13107","municipality_pref":"東京都","municipality_name":"墨田区","municipality_code_method":"food_exact_coord"},"geometry":{"type":"Point","coordinates":[139.819834,35.718547]}},{"type":"Feature","properties":{"layer_id":"cafe_restaurant","name":"さろん高遠","category":"food","address":"東京都墨田区江東橋四丁目２１番６号 錦糸町ハイタウン１階（１３１号）","source":"厚生労働省 食品衛生申請等システム（オープンデータ）","municipality_code":"13107","municipality_pref":"東京都","municipality_name":"墨田区","municipality_code_method":"food_exact_coord"},"geometry":{"type":"Point","coordinates":[139.817,35.695051]}},{"type":"Feature","properties":{"layer_id":"cafe_restaurant","name":"パステルイタリアーナ丸井錦糸町店","category":"food","address":"東京都墨田区江東橋三丁目９番１０号 丸井錦糸町店７Ｆ","source":"厚生労働省 食品衛生申請等システム（オープンデータ）","municipality_code":"13107","municipality_pref":"東京都","municipality_name":"墨田区","municipality_code_method":"food_exact_coord"},"geometry":{"type":"Point","coordinates":[139.813707,35.694943]}},{"type":"Feature","properties":{"layer_id":"cafe_restaurant","name":"南欧キッチン　ベッラベーラ","category":"food","address":"東京都墨田区錦糸二丁目2番1号 アルカキット錦糸町10F","source":"厚生労働省 食品衛生申請等システム（オープンデータ）","municipality_code":"13107","municipality_pref":"東京都","municipality_name":"墨田区","municipality_code_method":"food_exact_coord"},"geometry":{"type":"Point","coordinates":[139.812428,35.697302]}},{"type":"Feature","properties":{"layer_id":"cafe_restaurant","name":"ウッドギャラリー　樹","category":"food","address":"東京都墨田区緑四丁目１３番２号 高澤ビル１階","source":"厚生労働省 食品衛生申請等システム（オープンデータ）","municipality_code":"13107","municipality_pref":"東京都","municipality_name":"墨田区","municipality_code_method":"food_exact_coord"},"geometry":{"type":"Point","coordinates":[139.806928,35.694151]}},{"type":"Feature","properties":{"layer_id":"cafe_restaurant","name":"弁当と惣菜　竹ノ屋","category":"food","address":"東京都墨田区向島三丁目6番15号 やまとビル１F","source":"厚生労働省 食品衛生申請等システム（オープンデータ）","municipality_code":"13107","municipality_pref":"東京都","municipality_name":"墨田区","municipality_code_method":"food_exact_coord"},"geometry":{"type":"Point","coordinates":[139.809522,35.715185]}},{"type":"Feature","properties":{"layer_id":"cafe_restaurant","name":"大戸屋ごはん処　丸井錦糸町店","category":"food","address":"東京都墨田区江東橋三丁目９番１０号 丸井錦糸町店７階","source":"厚生労働省 食品衛生申請等システム（オープンデータ）","municipality_code":"13107","municipality_pref":"東京都","municipality_name":"墨田区","municipality_code_method":"food_exact_coord"},"geometry":{"type":"Point","coordinates":[139.813707,35.694943]}},{"type":"Feature","properties":{"layer_id":"cafe_restaurant","name":"アマラ　デリ（Ｗ０２１３－１）","category":"food","address":"東京都墨田区押上一丁目１番２号 東京スカイツリータウン東京ソラマチ２階","source":"厚生労働省 食品衛生申請等システム（オープンデータ）","municipality_code":"13107","municipality_pref":"東京都","municipality_name":"墨田区","municipality_code_method":"food_exact_coord"},"geometry":{"type":"Point","coordinates":[139.812079,35.710306]}},{"type":"Feature","properties":{"layer_id":"cafe_restaurant","name":"インド料理アマラデリ（厨房）（ＴＫ０２０１）","category":"food","address":"東京都墨田区押上一丁目１番２号 東京スカイツリータウン東京ソラマチ　フードマルシェ２階","source":"厚生労働省 食品衛生申請等システム（オープンデータ）","municipality_code":"13107","municipality_pref":"東京都","municipality_name":"墨田区","municipality_code_method":"food_exact_coord"},"geometry":{"type":"Point","coordinates":[139.810669,35.710087]}},{"type":"Feature","properties":{"layer_id":"cafe_restaurant","name":"インド料理　アマラ（Ｅ０６０７）","category":"food","address":"東京都墨田区押上一丁目１番２号 東京スカイツリータウン東京ソラマチ６階","source":"厚生労働省 食品衛生申請等システム（オープンデータ）","municipality_code":"13107","municipality_pref":"東京都","municipality_name":"墨田区","municipality_code_method":"food_exact_coord"},"geometry":{"type":"Point","coordinates":[139.810669,35.710087]}},{"type":"Feature","properties":{"layer_id":"cafe_restaurant","name":"ファミリーマート東京ソラマチイースト店(EB301)","category":"food","address":"東京都墨田区押上一丁目1番2号 東京スカイツリータウン東京ソラマチ地下3階","source":"厚生労働省 食品衛生申請等システム（オープンデータ）","municipality_code":"13107","municipality_pref":"東京都","municipality_name":"墨田区","municipality_code_method":"food_exact_coord"},"geometry":{"type":"Point","coordinates":[139.810669,35.710087]}},{"type":"Feature","properties":{"layer_id":"cafe_restaurant","name":"ファミリーマート東京ミズマチ店","category":"food","address":"東京都墨田区向島一丁目２３番８号","source":"厚生労働省 食品衛生申請等システム（オープンデータ）","municipality_code":"13107","municipality_pref":"東京都","municipality_name":"墨田区","municipality_code_method":"food_exact_coord"},"geometry":{"type":"Point","coordinates":[139.805558,35.710436]}},{"type":"Feature","properties":{"layer_id":"cafe_restaurant","name":"串揚げ　一喝　錦糸町店","category":"food","address":"東京都墨田区錦糸二丁目９番５号","source":"厚生労働省 食品衛生申請等システム（オープンデータ）","municipality_code":"13107","municipality_pref":"東京都","municipality_name":"墨田区","municipality_code_method":"food_exact_coord"},"geometry":{"type":"Point","coordinates":[139.813084,35.698922]}},{"type":"Feature","properties":{"layer_id":"cafe_restaurant","name":"ドミノ・ピザ菊川店","category":"food","address":"東京都墨田区菊川三丁目２１番１１号","source":"厚生労働省 食品衛生申請等システム（オープンデータ）","municipality_code":"13107","municipality_pref":"東京都","municipality_name":"墨田区","municipality_code_method":"food_exact_coord"},"geometry":{"type":"Point","coordinates":[139.808152,35.689957]}},{"type":"Feature","properties":{"layer_id":"cafe_restaurant","name":"Hawaiian Kitchen Moana","category":"food","address":"東京都墨田区両国四丁目37番13号","source":"厚生労働省 食品衛生申請等システム（オープンデータ）","municipality_code":"13107","municipality_pref":"東京都","municipality_name":"墨田区","municipality_code_method":"food_exact_coord"},"geometry":{"type":"Point","coordinates":[139.795809,35.695404]}},{"type":"Feature","properties":{"layer_id":"cafe_restaurant","name":"居酒屋　新時代　錦糸町南口店","category":"food","address":"東京都墨田区江東橋三丁目１２番３号 錦糸町Ａｒｕｔｅｍｉｓ　Ｋｅｉｙｏビル１Ｆ","source":"厚生労働省 食品衛生申請等システム（オープンデータ）","municipality_code":"13107","municipality_pref":"東京都","municipality_name":"墨田区","municipality_code_method":"food_exact_coord"},"geometry":{"type":"Point","coordinates":[139.813287,35.695977]}},{"type":"Feature","properties":{"layer_id":"cafe_restaurant","name":"沖縄地料理　波照間　東京ソラマチ店(E0602)","category":"food","address":"東京都墨田区押上一丁目1番2号 東京ソラマチ6階","source":"厚生労働省 食品衛生申請等システム（オープンデータ）","municipality_code":"13107","municipality_pref":"東京都","municipality_name":"墨田区","municipality_code_method":"food_exact_coord"},"geometry":{"type":"Point","coordinates":[139.810794,35.710256]}},{"type":"Feature","properties":{"layer_id":"cafe_restaurant","name":"ｓａｆｎ°","category":"food","address":"東京都墨田区本所二丁目16番５号 ＫＡＩＫＡ東京１Ｆ","source":"厚生労働省 食品衛生申請等システム（オープンデータ）","municipality_code":"13107","municipality_pref":"東京都","municipality_name":"墨田区","municipality_code_method":"food_exact_coord"},"geometry":{"type":"Point","coordinates":[139.80024,35.704871]}},{"type":"Feature","properties":{"layer_id":"cafe_restaurant","name":"ＴＨＥ　ＡＬＬ　ＤＡＹ","category":"food","address":"東京都墨田区東向島二丁目２４番１４号 １Ｆ","source":"厚生労働省 食品衛生申請等システム（オープンデータ）","municipality_code":"13107","municipality_pref":"東京都","municipality_name":"墨田区","municipality_code_method":"food_exact_coord"},"geometry":{"type":"Point","coordinates":[139.816644,35.719564]}},{"type":"Feature","properties":{"layer_id":"cafe_restaurant","name":"Voyage　Side　ボヤージュサイド","category":"food","address":"東京都墨田区吾妻橋三丁目1番7号 ローヤルシティ本所吾妻橋101","source":"厚生労働省 食品衛生申請等システム（オープンデータ）","municipality_code":"13107","municipality_pref":"東京都","municipality_name":"墨田区","municipality_code_method":"food_exact_coord"},"geometry":{"type":"Point","coordinates":[139.805288,35.708317]}},{"type":"Feature","properties":{"layer_id":"cafe_restaurant","name":"ＭＩＭＡＲＵ東京錦糸町","category":"food","address":"東京都墨田区江東橋四丁目１１番５号","source":"厚生労働省 食品衛生申請等システム（オープンデータ）","municipality_code":"13107","municipality_pref":"東京都","municipality_name":"墨田区","municipality_code_method":"food_exact_coord"},"geometry":{"type":"Point","coordinates":[139.815905,35.694424]}},{"type":"Feature","properties":{"layer_id":"cafe_restaurant","name":"まごころ弁当墨田店","category":"food","address":"東京都墨田区八広5-21-18","source":"厚生労働省 食品衛生申請等システム（オープンデータ）","municipality_code":"13107","municipality_pref":"東京都","municipality_name":"墨田区","municipality_code_method":"food_exact_coord"},"geometry":{"type":"Point","coordinates":[139.824828,35.722221]}},{"type":"Feature","properties":{"layer_id":"cafe_restaurant","name":"錦糸町中華そば　さん式","category":"food","address":"東京都墨田区太平四丁目2番１号 都営太平南アパート111号","source":"厚生労働省 食品衛生申請等システム（オープンデータ）","municipality_code":"13107","municipality_pref":"東京都","municipality_name":"墨田区","municipality_code_method":"food_exact_coord"},"geometry":{"type":"Point","coordinates":[139.816534,35.701125]}},{"type":"Feature","properties":{"layer_id":"cafe_restaurant","name":"信玄（シンゲン）","category":"food","address":"東京都墨田区太平四丁目4番4号","source":"厚生労働省 食品衛生申請等システム（オープンデータ）","municipality_code":"13107","municipality_pref":"東京都","municipality_name":"墨田区","municipality_code_method":"food_exact_coord"},"geometry":{"type":"Point","coordinates":[139.817894,35.701204]}},{"type":"Feature","properties":{"layer_id":"cafe_restaurant","name":"白樺","category":"food","address":"東京都墨田区江東橋二丁目８番１１号","source":"厚生労働省 食品衛生申請等システム（オープンデータ）","municipality_code":"13107","municipality_pref":"東京都","municipality_name":"墨田区","municipality_code_method":"food_exact_coord"},"geometry":{"type":"Point","coordinates":[139.811549,35.69422]}},{"type":"Feature","properties":{"layer_id":"cafe_restaurant","name":"大衆酒蔵あかし","category":"food","address":"東京都墨田区立花五丁目23番7号","source":"厚生労働省 食品衛生申請等システム（オープンデータ）","municipality_code":"13107","municipality_pref":"東京都","municipality_name":"墨田区","municipality_code_method":"food_exact_coord"},"geometry":{"type":"Point","coordinates":[139.830275,35.711673]}},{"type":"Feature","properties":{"layer_id":"cafe_restaurant","name":"居酒屋　はや川","category":"food","address":"東京都墨田区向島五丁目10番8号","source":"厚生労働省 食品衛生申請等システム（オープンデータ）","municipality_code":"13107","municipality_pref":"東京都","municipality_name":"墨田区","municipality_code_method":"food_exact_coord"},"geometry":{"type":"Point","coordinates":[139.811379,35.720765]}},{"type":"Feature","properties":{"layer_id":"cafe_restaurant","name":"もつ焼まるい","category":"food","address":"東京都墨田区業平三丁目１番１号","source":"厚生労働省 食品衛生申請等システム（オープンデータ）","municipality_code":"13107","municipality_pref":"東京都","municipality_name":"墨田区","municipality_code_method":"food_exact_coord"},"geometry":{"type":"Point","coordinates":[139.812897,35.705643]}},{"type":"Feature","properties":{"layer_id":"cafe_restaurant","name":"ジュジュ焼","category":"food","address":"東京都墨田区東駒形二丁目２０番９号","source":"厚生労働省 食品衛生申請等システム（オープンデータ）","municipality_code":"13107","municipality_pref":"東京都","municipality_name":"墨田区","municipality_code_method":"food_exact_coord"},"geometry":{"type":"Point","coordinates":[139.800609,35.707449]}},{"type":"Feature","properties":{"layer_id":"cafe_restaurant","name":"ウキウキコーヒー","category":"food","address":"東京都墨田区太平二丁目1番11号","source":"厚生労働省 食品衛生申請等システム（オープンデータ）","municipality_code":"13107","municipality_pref":"東京都","municipality_name":"墨田区","municipality_code_method":"food_exact_coord"},"geometry":{"type":"Point","coordinates":[139.812444,35.699571]}},{"type":"Feature","properties":{"layer_id":"cafe_restaurant","name":"仲よし","category":"food","address":"東京都墨田区文花三丁目23番10号","source":"厚生労働省 食品衛生申請等システム（オープンデータ）","municipality_code":"13107","municipality_pref":"東京都","municipality_name":"墨田区","municipality_code_method":"food_exact_coord"},"geometry":{"type":"Point","coordinates":[139.828372,35.710685]}},{"type":"Feature","properties":{"layer_id":"cafe_restaurant","name":"六の.  .  .（ロクノタラズ）","category":"food","address":"東京都墨田区錦糸四丁目６番７号 万正オンダビル202","source":"厚生労働省 食品衛生申請等システム（オープンデータ）","municipality_code":"13107","municipality_pref":"東京都","municipality_name":"墨田区","municipality_code_method":"food_exact_coord"},"geometry":{"type":"Point","coordinates":[139.815796,35.697622]}},{"type":"Feature","properties":{"layer_id":"cafe_restaurant","name":"縁苑","category":"food","address":"東京都墨田区太平四丁目9番13号 カスタード第１ビル１F","source":"厚生労働省 食品衛生申請等システム（オープンデータ）","municipality_code":"13107","municipality_pref":"東京都","municipality_name":"墨田区","municipality_code_method":"food_exact_coord"},"geometry":{"type":"Point","coordinates":[139.815034,35.701653]}},{"type":"Feature","properties":{"layer_id":"cafe_restaurant","name":"セブンイレブン墨田業平３丁目店","category":"food","address":"東京都墨田区業平三丁目4番10号","source":"厚生労働省 食品衛生申請等システム（オープンデータ）","municipality_code":"13107","municipality_pref":"東京都","municipality_name":"墨田区","municipality_code_method":"food_exact_coord"},"geometry":{"type":"Point","coordinates":[139.813986,35.706545]}},{"type":"Feature","properties":{"layer_id":"cafe_restaurant","name":"レストラン三好弥","category":"food","address":"東京都墨田区錦糸三丁目14番1号","source":"厚生労働省 食品衛生申請等システム（オープンデータ）","municipality_code":"13107","municipality_pref":"東京都","municipality_name":"墨田区","municipality_code_method":"food_exact_coord"},"geometry":{"type":"Point","coordinates":[139.813457,35.699283]}},{"type":"Feature","properties":{"layer_id":"cafe_restaurant","name":"九州熱中屋錦糸町ＬＩＶＥ","category":"food","address":"東京都墨田区錦糸三丁目2番1号 アルカイーストB1F","source":"厚生労働省 食品衛生申請等システム（オープンデータ）","municipality_code":"13107","municipality_pref":"東京都","municipality_name":"墨田区","municipality_code_method":"food_exact_coord"},"geometry":{"type":"Point","coordinates":[139.814379,35.697615]}},{"type":"Feature","properties":{"layer_id":"cafe_restaurant","name":"冨久井","category":"food","address":"東京都墨田区吾妻橋二丁目3番11号","source":"厚生労働省 食品衛生申請等システム（オープンデータ）","municipality_code":"13107","municipality_pref":"東京都","municipality_name":"墨田区","municipality_code_method":"food_exact_coord"},"geometry":{"type":"Point","coordinates":[139.803987,35.708769]}},{"type":"Feature","properties":{"layer_id":"cafe_restaurant","name":"サンエトワール両国店","category":"food","address":"東京都墨田区両国四丁目38番8号 若林ビル","source":"厚生労働省 食品衛生申請等システム（オープンデータ）","municipality_code":"13107","municipality_pref":"東京都","municipality_name":"墨田区","municipality_code_method":"food_exact_coord"},"geometry":{"type":"Point","coordinates":[139.797306,35.695604]}},{"type":"Feature","properties":{"layer_id":"cafe_restaurant","name":"中国料理宝園千歳店","category":"food","address":"東京都墨田区千歳三丁目16番2号","source":"厚生労働省 食品衛生申請等システム（オープンデータ）","municipality_code":"13107","municipality_pref":"東京都","municipality_name":"墨田区","municipality_code_method":"food_exact_coord"},"geometry":{"type":"Point","coordinates":[139.795964,35.691556]}},{"type":"Feature","properties":{"layer_id":"cafe_restaurant","name":"ＨＣ横網","category":"food","address":"東京都墨田区横網二丁目1番11号","source":"厚生労働省 食品衛生申請等システム（オープンデータ）","municipality_code":"13107","municipality_pref":"東京都","municipality_name":"墨田区","municipality_code_method":"food_exact_coord"},"geometry":{"type":"Point","coordinates":[139.794052,35.699256]}},{"type":"Feature","properties":{"layer_id":"cafe_restaurant","name":"錦糸町ジンギスカン　オクノ羊ヤ、　本店","category":"food","address":"東京都墨田区太平一丁目14番9号","source":"厚生労働省 食品衛生申請等システム（オープンデータ）","municipality_code":"13107","municipality_pref":"東京都","municipality_name":"墨田区","municipality_code_method":"food_exact_coord"},"geometry":{"type":"Point","coordinates":[139.810018,35.7008125]}},{"type":"Feature","properties":{"layer_id":"cafe_restaurant","name":"大人洋食　Ｂｉｓｔｒｏ　１９９６，","category":"food","address":"東京都墨田区太平一丁目１４番９号 加藤ビル２Ｆ","source":"厚生労働省 食品衛生申請等システム（オープンデータ）","municipality_code":"13107","municipality_pref":"東京都","municipality_name":"墨田区","municipality_code_method":"food_exact_coord"},"geometry":{"type":"Point","coordinates":[139.810018,35.7008125]}},{"type":"Feature","properties":{"layer_id":"cafe_restaurant","name":"鮨　奥ノ","category":"food","address":"東京都墨田区太平一丁目１４番９号 加藤ビル３Ｆ","source":"厚生労働省 食品衛生申請等システム（オープンデータ）","municipality_code":"13107","municipality_pref":"東京都","municipality_name":"墨田区","municipality_code_method":"food_exact_coord"},"geometry":{"type":"Point","coordinates":[139.810018,35.7008125]}},{"type":"Feature","properties":{"layer_id":"cafe_restaurant","name":"錦糸町ジンギスカン　オクノ羊ヤ、　ミナミ","category":"food","address":"東京都墨田区江東橋四丁目１８番２号 木原ビル１Ｆ","source":"厚生労働省 食品衛生申請等システム（オープンデータ）","municipality_code":"13107","municipality_pref":"東京都","municipality_name":"墨田区","municipality_code_method":"food_exact_coord"},"geometry":{"type":"Point","coordinates":[139.815779,35.694817]}},{"type":"Feature","properties":{"layer_id":"cafe_restaurant","name":"錦糸町カフェ＆ベーグルロジコーヒー、","category":"food","address":"東京都墨田区江東橋一丁目13番7号　荒井ビル１F","source":"厚生労働省 食品衛生申請等システム（オープンデータ）","municipality_code":"13107","municipality_pref":"東京都","municipality_name":"墨田区","municipality_code_method":"food_exact_coord"},"geometry":{"type":"Point","coordinates":[139.810842,35.695838]}},{"type":"Feature","properties":{"layer_id":"cafe_restaurant","name":"錦糸町〇〇倶楽部","category":"food","address":"東京都墨田区江東橋二丁目6番14号 エスカイヤ錦糸町プラザ５F","source":"厚生労働省 食品衛生申請等システム（オープンデータ）","municipality_code":"13107","municipality_pref":"東京都","municipality_name":"墨田区","municipality_code_method":"food_exact_coord"},"geometry":{"type":"Point","coordinates":[139.812188,35.694981]}},{"type":"Feature","properties":{"layer_id":"cafe_restaurant","name":"枯朽","category":"food","address":"東京都墨田区横川二丁目13番9号 第二杉本ビル101","source":"厚生労働省 食品衛生申請等システム（オープンデータ）","municipality_code":"13107","municipality_pref":"東京都","municipality_name":"墨田区","municipality_code_method":"food_exact_coord"},"geometry":{"type":"Point","coordinates":[139.811966,35.704835]}},{"type":"Feature","properties":{"layer_id":"cafe_restaurant","name":"まんがランド錦糸町店","category":"food","address":"東京都墨田区江東橋三丁目10番7号 小林ビル2F・3F","source":"厚生労働省 食品衛生申請等システム（オープンデータ）","municipality_code":"13107","municipality_pref":"東京都","municipality_name":"墨田区","municipality_code_method":"food_exact_coord"},"geometry":{"type":"Point","coordinates":[139.81306,35.695731]}},{"type":"Feature","properties":{"layer_id":"cafe_restaurant","name":"松屋両国店","category":"food","address":"東京都墨田区横網一丁目3番8号","source":"厚生労働省 食品衛生申請等システム（オープンデータ）","municipality_code":"13107","municipality_pref":"東京都","municipality_name":"墨田区","municipality_code_method":"food_exact_coord"},"geometry":{"type":"Point","coordinates":[139.793601,35.695738]}},{"type":"Feature","properties":{"layer_id":"cafe_restaurant","name":"らーめん味来","category":"food","address":"東京都墨田区両国四丁目32番2号","source":"厚生労働省 食品衛生申請等システム（オープンデータ）","municipality_code":"13107","municipality_pref":"東京都","municipality_name":"墨田区","municipality_code_method":"food_exact_coord"},"geometry":{"type":"Point","coordinates":[139.795055,35.694678]}},{"type":"Feature","properties":{"layer_id":"cafe_restaurant","name":"マルニ食堂","category":"food","address":"東京都墨田区菊川三丁目9番6号","source":"厚生労働省 食品衛生申請等システム（オープンデータ）","municipality_code":"13107","municipality_pref":"東京都","municipality_name":"墨田区","municipality_code_method":"food_exact_coord"},"geometry":{"type":"Point","coordinates":[139.807714,35.688315]}},{"type":"Feature","properties":{"layer_id":"cafe_restaurant","name":"摩天楼（Ｅ３１０１－２）","category":"food","address":"東京都墨田区押上一丁目1番2号 東京スカイツリータウン東京ソラマチ31階","source":"厚生労働省 食品衛生申請等システム（オープンデータ）","municipality_code":"13107","municipality_pref":"東京都","municipality_name":"墨田区","municipality_code_method":"food_exact_coord"},"geometry":{"type":"Point","coordinates":[139.810669,35.710087]}},{"type":"Feature","properties":{"layer_id":"cafe_restaurant","name":"Ｋｙａｒａ","category":"food","address":"東京都墨田区江東橋三丁目３番５号 スミワート１０１","source":"厚生労働省 食品衛生申請等システム（オープンデータ）","municipality_code":"13107","municipality_pref":"東京都","municipality_name":"墨田区","municipality_code_method":"food_exact_coord"},"geometry":{"type":"Point","coordinates":[139.813867,35.693676]}},{"type":"Feature","properties":{"layer_id":"cafe_restaurant","name":"韓国家庭料理　愛","category":"food","address":"東京都墨田区錦糸二丁目4番3号 1階","source":"厚生労働省 食品衛生申請等システム（オープンデータ）","municipality_code":"13107","municipality_pref":"東京都","municipality_name":"墨田区","municipality_code_method":"food_exact_coord"},"geometry":{"type":"Point","coordinates":[139.812884,35.698041]}},{"type":"Feature","properties":{"layer_id":"cafe_restaurant","name":"銀のさら・釜寅文花店","category":"food","address":"東京都墨田区文花一丁目24番２号","source":"厚生労働省 食品衛生申請等システム（オープンデータ）","municipality_code":"13107","municipality_pref":"東京都","municipality_name":"墨田区","municipality_code_method":"food_exact_coord"},"geometry":{"type":"Point","coordinates":[139.823024,35.709504]}},{"type":"Feature","properties":{"layer_id":"cafe_restaurant","name":"銀のさら　両国店","category":"food","address":"東京都墨田区東駒形四丁目6番9号 リバーハイツ・ワコー１０３","source":"厚生労働省 食品衛生申請等システム（オープンデータ）","municipality_code":"13107","municipality_pref":"東京都","municipality_name":"墨田区","municipality_code_method":"food_exact_coord"},"geometry":{"type":"Point","coordinates":[139.805587,35.706334]}},{"type":"Feature","properties":{"layer_id":"cafe_restaurant","name":"お好焼　ぶんぶく","category":"food","address":"東京都墨田区墨田五丁目43番9号 2階","source":"厚生労働省 食品衛生申請等システム（オープンデータ）","municipality_code":"13107","municipality_pref":"東京都","municipality_name":"墨田区","municipality_code_method":"food_exact_coord"},"geometry":{"type":"Point","coordinates":[139.819442,35.73392]}},{"type":"Feature","properties":{"layer_id":"cafe_restaurant","name":"スパゲッティーのパンチョ　錦糸町店","category":"food","address":"東京都墨田区江東橋二丁目16-9 藤岡ビル　１F","source":"厚生労働省 食品衛生申請等システム（オープンデータ）","municipality_code":"13107","municipality_pref":"東京都","municipality_name":"墨田区","municipality_code_method":"food_exact_coord"},"geometry":{"type":"Point","coordinates":[139.812292,35.69567]}},{"type":"Feature","properties":{"layer_id":"cafe_restaurant","name":"プティマルシェ","category":"food","address":"東京都墨田区両国三丁目23番7号","source":"厚生労働省 食品衛生申請等システム（オープンデータ）","municipality_code":"13107","municipality_pref":"東京都","municipality_name":"墨田区","municipality_code_method":"food_exact_coord"},"geometry":{"type":"Point","coordinates":[139.793817,35.695097]}},{"type":"Feature","properties":{"layer_id":"cafe_restaurant","name":"ハングリーライオン　１号","category":"food","address":"東京都墨田区付近","source":"厚生労働省 食品衛生申請等システム（オープンデータ）","municipality_code":"13107","municipality_pref":"東京都","municipality_name":"墨田区","municipality_code_method":"food_exact_coord"},"geometry":{"type":"Point","coordinates":[139.801639,35.710747]}},{"type":"Feature","properties":{"layer_id":"cafe_restaurant","name":"三ツ星クラス","category":"food","address":"東京都墨田区江東橋三丁目５番２号 サーストンビル６０３号室","source":"厚生労働省 食品衛生申請等システム（オープンデータ）","municipality_code":"13107","municipality_pref":"東京都","municipality_name":"墨田区","municipality_code_method":"food_exact_coord"},"geometry":{"type":"Point","coordinates":[139.813354,35.693977]}},{"type":"Feature","properties":{"layer_id":"cafe_restaurant","name":"ピザハット業平店","category":"food","address":"東京都墨田区業平三丁目4番1号","source":"厚生労働省 食品衛生申請等システム（オープンデータ）","municipality_code":"13107","municipality_pref":"東京都","municipality_name":"墨田区","municipality_code_method":"food_exact_coord"},"geometry":{"type":"Point","coordinates":[139.813855,35.705667]}},{"type":"Feature","properties":{"layer_id":"cafe_restaurant","name":"マツザキコーヒー","category":"food","address":"東京都墨田区緑一丁目14番9号 岡ビル","source":"厚生労働省 食品衛生申請等システム（オープンデータ）","municipality_code":"13107","municipality_pref":"東京都","municipality_name":"墨田区","municipality_code_method":"food_exact_coord"},"geometry":{"type":"Point","coordinates":[139.80005,35.694526]}},{"type":"Feature","properties":{"layer_id":"cafe_restaurant","name":"SHIVAM DINING","category":"food","address":"東京都墨田区亀沢一丁目3番18号 レイビル1F","source":"厚生労働省 食品衛生申請等システム（オープンデータ）","municipality_code":"13107","municipality_pref":"東京都","municipality_name":"墨田区","municipality_code_method":"food_exact_coord"},"geometry":{"type":"Point","coordinates":[139.799674,35.69619]}},{"type":"Feature","properties":{"layer_id":"cafe_restaurant","name":"株式会社THSパワーフーズ押上キッチン","category":"food","address":"東京都墨田区業平三丁目8番15号 和光会館1F","source":"厚生労働省 食品衛生申請等システム（オープンデータ）","municipality_code":"13107","municipality_pref":"東京都","municipality_name":"墨田区","municipality_code_method":"food_exact_coord"},"geometry":{"type":"Point","coordinates":[139.813077,35.706681]}},{"type":"Feature","properties":{"layer_id":"cafe_restaurant","name":"有限会社末広鮨","category":"food","address":"東京都墨田区東駒形三丁目4番10号","source":"厚生労働省 食品衛生申請等システム（オープンデータ）","municipality_code":"13107","municipality_pref":"東京都","municipality_name":"墨田区","municipality_code_method":"food_exact_coord"},"geometry":{"type":"Point","coordinates":[139.804417,35.705358]}},{"type":"Feature","properties":{"layer_id":"cafe_restaurant","name":"しゅうと","category":"food","address":"東京都墨田区錦糸三丁目11番6号","source":"厚生労働省 食品衛生申請等システム（オープンデータ）","municipality_code":"13107","municipality_pref":"東京都","municipality_name":"墨田区","municipality_code_method":"food_exact_coord"},"geometry":{"type":"Point","coordinates":[139.813906,35.699201]}},{"type":"Feature","properties":{"layer_id":"cafe_restaurant","name":"ニット","category":"food","address":"東京都墨田区江東橋四丁目２６番１２号","source":"厚生労働省 食品衛生申請等システム（オープンデータ）","municipality_code":"13107","municipality_pref":"東京都","municipality_name":"墨田区","municipality_code_method":"food_exact_coord"},"geometry":{"type":"Point","coordinates":[139.816402,35.695459]}},{"type":"Feature","properties":{"layer_id":"cafe_restaurant","name":"丸常鮨","category":"food","address":"東京都墨田区向島五丁目30番16号","source":"厚生労働省 食品衛生申請等システム（オープンデータ）","municipality_code":"13107","municipality_pref":"東京都","municipality_name":"墨田区","municipality_code_method":"food_exact_coord"},"geometry":{"type":"Point","coordinates":[139.80961,35.716174]}},{"type":"Feature","properties":{"layer_id":"cafe_restaurant","name":"天ぷら　丸中","category":"food","address":"東京都墨田区江東橋四丁目9番1号","source":"厚生労働省 食品衛生申請等システム（オープンデータ）","municipality_code":"13107","municipality_pref":"東京都","municipality_name":"墨田区","municipality_code_method":"food_exact_coord"},"geometry":{"type":"Point","coordinates":[139.815495,35.693515]}},{"type":"Feature","properties":{"layer_id":"cafe_restaurant","name":"角打ワイン　利三郎","category":"food","address":"東京都墨田区押上一丁目31番6号 スプリングハイツⅡ　1F","source":"厚生労働省 食品衛生申請等システム（オープンデータ）","municipality_code":"13107","municipality_pref":"東京都","municipality_name":"墨田区","municipality_code_method":"food_exact_coord"},"geometry":{"type":"Point","coordinates":[139.816212,35.710757]}},{"type":"Feature","properties":{"layer_id":"cafe_restaurant","name":"遠藤利三郎商店","category":"food","address":"東京都墨田区押上一丁目33番3号","source":"厚生労働省 食品衛生申請等システム（オープンデータ）","municipality_code":"13107","municipality_pref":"東京都","municipality_name":"墨田区","municipality_code_method":"food_exact_coord"},"geometry":{"type":"Point","coordinates":[139.816704,35.710745]}},{"type":"Feature","properties":{"layer_id":"cafe_restaurant","name":"THK FASTFOOD JP","category":"food","address":"東京都墨田区太平三丁目3番2号","source":"厚生労働省 食品衛生申請等システム（オープンデータ）","municipality_code":"13107","municipality_pref":"東京都","municipality_name":"墨田区","municipality_code_method":"food_exact_coord"},"geometry":{"type":"Point","coordinates":[139.814106,35.699864]}},{"type":"Feature","properties":{"layer_id":"cafe_restaurant","name":"ＳＥＶＥＮＴＹ　ＢＡＲ","category":"food","address":"東京都墨田区京島三丁目52番2号","source":"厚生労働省 食品衛生申請等システム（オープンデータ）","municipality_code":"13107","municipality_pref":"東京都","municipality_name":"墨田区","municipality_code_method":"food_exact_coord"},"geometry":{"type":"Point","coordinates":[139.824009,35.714646]}},{"type":"Feature","properties":{"layer_id":"cafe_restaurant","name":"風龍","category":"food","address":"東京都墨田区太平四丁目1番2号 オリナスモール４F","source":"厚生労働省 食品衛生申請等システム（オープンデータ）","municipality_code":"13107","municipality_pref":"東京都","municipality_name":"墨田区","municipality_code_method":"food_exact_coord"},"geometry":{"type":"Point","coordinates":[139.815487,35.700376]}},{"type":"Feature","properties":{"layer_id":"cafe_restaurant","name":"利民","category":"food","address":"東京都墨田区業平一丁目18番12号 グリーンキャピタル業平102号室","source":"厚生労働省 食品衛生申請等システム（オープンデータ）","municipality_code":"13107","municipality_pref":"東京都","municipality_name":"墨田区","municipality_code_method":"food_exact_coord"},"geometry":{"type":"Point","coordinates":[139.809091,35.709114]}},{"type":"Feature","properties":{"layer_id":"cafe_restaurant","name":"居酒屋　越後","category":"food","address":"東京都墨田区八広一丁目41番8号","source":"厚生労働省 食品衛生申請等システム（オープンデータ）","municipality_code":"13107","municipality_pref":"東京都","municipality_name":"墨田区","municipality_code_method":"food_exact_coord"},"geometry":{"type":"Point","coordinates":[139.824998,35.722011]}},{"type":"Feature","properties":{"layer_id":"cafe_restaurant","name":"特別養護老人ホーム寿老の里","category":"food","address":"東京都墨田区東墨田三丁目13番4号","source":"厚生労働省 食品衛生申請等システム（オープンデータ）","municipality_code":"13107","municipality_pref":"東京都","municipality_name":"墨田区","municipality_code_method":"food_exact_coord"},"geometry":{"type":"Point","coordinates":[139.835915,35.720647]}},{"type":"Feature","properties":{"layer_id":"cafe_restaurant","name":"ÉTAPE","category":"food","address":"東京都墨田区東駒形二丁目21番6号 ディアウィステリア102","source":"厚生労働省 食品衛生申請等システム（オープンデータ）","municipality_code":"13107","municipality_pref":"東京都","municipality_name":"墨田区","municipality_code_method":"food_exact_coord"},"geometry":{"type":"Point","coordinates":[139.799964,35.707453]}},{"type":"Feature","properties":{"layer_id":"cafe_restaurant","name":"琴富貴","category":"food","address":"東京都墨田区東駒形三丁目21番16号","source":"厚生労働省 食品衛生申請等システム（オープンデータ）","municipality_code":"13107","municipality_pref":"東京都","municipality_name":"墨田区","municipality_code_method":"food_exact_coord"},"geometry":{"type":"Point","coordinates":[139.803656,35.707225]}},{"type":"Feature","properties":{"layer_id":"cafe_restaurant","name":"風龍","category":"food","address":"東京都墨田区太平四丁目1番2号 オリナスモール4F","source":"厚生労働省 食品衛生申請等システム（オープンデータ）","municipality_code":"13107","municipality_pref":"東京都","municipality_name":"墨田区","municipality_code_method":"food_exact_coord"},"geometry":{"type":"Point","coordinates":[139.815487,35.700376]}},{"type":"Feature","properties":{"layer_id":"cafe_restaurant","name":"両国 umi-tama","category":"food","address":"東京都墨田区亀沢一丁目23番10号 遠山ビル１階","source":"厚生労働省 食品衛生申請等システム（オープンデータ）","municipality_code":"13107","municipality_pref":"東京都","municipality_name":"墨田区","municipality_code_method":"food_exact_coord"},"geometry":{"type":"Point","coordinates":[139.797917,35.698016]}},{"type":"Feature","properties":{"layer_id":"cafe_restaurant","name":"ビッグエコー　錦糸町南口駅前店","category":"food","address":"東京都墨田区江東橋三丁目１３番１号 ２階","source":"厚生労働省 食品衛生申請等システム（オープンデータ）","municipality_code":"13107","municipality_pref":"東京都","municipality_name":"墨田区","municipality_code_method":"food_exact_coord"},"geometry":{"type":"Point","coordinates":[139.813652,35.695868]}},{"type":"Feature","properties":{"layer_id":"cafe_restaurant","name":"Ｂ－ＧＡＲＡＧＥ　錦糸町南口駅前店","category":"food","address":"東京都墨田区江東橋三丁目１３番１号 ＫＳ１５ビル２階","source":"厚生労働省 食品衛生申請等システム（オープンデータ）","municipality_code":"13107","municipality_pref":"東京都","municipality_name":"墨田区","municipality_code_method":"food_exact_coord"},"geometry":{"type":"Point","coordinates":[139.813652,35.695868]}},{"type":"Feature","properties":{"layer_id":"cafe_restaurant","name":"ビリヤード・ダーツ　マグ","category":"food","address":"東京都墨田区東向島二丁目30番11号 手塚ビル2階","source":"厚生労働省 食品衛生申請等システム（オープンデータ）","municipality_code":"13107","municipality_pref":"東京都","municipality_name":"墨田区","municipality_code_method":"food_exact_coord"},"geometry":{"type":"Point","coordinates":[139.817395,35.717975]}},{"type":"Feature","properties":{"layer_id":"cafe_restaurant","name":"焼肉ライク両国店","category":"food","address":"東京都墨田区横網一丁目3番7号 ＪＲ両国駅高架下","source":"厚生労働省 食品衛生申請等システム（オープンデータ）","municipality_code":"13107","municipality_pref":"東京都","municipality_name":"墨田区","municipality_code_method":"food_exact_coord"},"geometry":{"type":"Point","coordinates":[139.793797,35.695721]}},{"type":"Feature","properties":{"layer_id":"cafe_restaurant","name":"サーティワンアイスクリーム　曳舟イトーヨーカドー店","category":"food","address":"東京都墨田区京島一丁目2番1号 イトーヨーカドー曳舟店1階","source":"厚生労働省 食品衛生申請等システム（オープンデータ）","municipality_code":"13107","municipality_pref":"東京都","municipality_name":"墨田区","municipality_code_method":"food_exact_coord"},"geometry":{"type":"Point","coordinates":[139.817783,35.717455]}},{"type":"Feature","properties":{"layer_id":"cafe_restaurant","name":"多聞","category":"food","address":"東京都墨田区墨田五丁目2番5号 ２F","source":"厚生労働省 食品衛生申請等システム（オープンデータ）","municipality_code":"13107","municipality_pref":"東京都","municipality_name":"墨田区","municipality_code_method":"food_exact_coord"},"geometry":{"type":"Point","coordinates":[139.818293,35.735208]}},{"type":"Feature","properties":{"layer_id":"cafe_restaurant","name":"言問やぶ","category":"food","address":"東京都墨田区向島一丁目11番1号","source":"厚生労働省 食品衛生申請等システム（オープンデータ）","municipality_code":"13107","municipality_pref":"東京都","municipality_name":"墨田区","municipality_code_method":"food_exact_coord"},"geometry":{"type":"Point","coordinates":[139.805496,35.712411]}},{"type":"Feature","properties":{"layer_id":"cafe_restaurant","name":"カラオケ酒場美ら海","category":"food","address":"東京都墨田区押上一丁目38番1号","source":"厚生労働省 食品衛生申請等システム（オープンデータ）","municipality_code":"13107","municipality_pref":"東京都","municipality_name":"墨田区","municipality_code_method":"food_exact_coord"},"geometry":{"type":"Point","coordinates":[139.815587,35.709915]}},{"type":"Feature","properties":{"layer_id":"cafe_restaurant","name":"らいおん酒家","category":"food","address":"東京都墨田区江東橋三丁目３番８号 三信錦糸町ビルディング４階","source":"厚生労働省 食品衛生申請等システム（オープンデータ）","municipality_code":"13107","municipality_pref":"東京都","municipality_name":"墨田区","municipality_code_method":"food_exact_coord"},"geometry":{"type":"Point","coordinates":[139.81419,35.693557]}},{"type":"Feature","properties":{"layer_id":"cafe_restaurant","name":"力士料理　琴ヶ梅","category":"food","address":"東京都墨田区錦糸三丁目4番4号 サガラビル1F","source":"厚生労働省 食品衛生申請等システム（オープンデータ）","municipality_code":"13107","municipality_pref":"東京都","municipality_name":"墨田区","municipality_code_method":"food_exact_coord"},"geometry":{"type":"Point","coordinates":[139.814453,35.698127]}},{"type":"Feature","properties":{"layer_id":"cafe_restaurant","name":"ちゃんこ増位山","category":"food","address":"東京都墨田区千歳三丁目2番12号","source":"厚生労働省 食品衛生申請等システム（オープンデータ）","municipality_code":"13107","municipality_pref":"東京都","municipality_name":"墨田区","municipality_code_method":"food_exact_coord"},"geometry":{"type":"Point","coordinates":[139.796544,35.689669]}},{"type":"Feature","properties":{"layer_id":"cafe_restaurant","name":"豚公","category":"food","address":"東京都墨田区両国二丁目18番11号","source":"厚生労働省 食品衛生申請等システム（オープンデータ）","municipality_code":"13107","municipality_pref":"東京都","municipality_name":"墨田区","municipality_code_method":"food_exact_coord"},"geometry":{"type":"Point","coordinates":[139.793108,35.694929]}},{"type":"Feature","properties":{"layer_id":"cafe_restaurant","name":"まごころ弁当　江東店","category":"food","address":"東京都墨田区石原四丁目3番6号 鳥羽田ビル1F","source":"厚生労働省 食品衛生申請等システム（オープンデータ）","municipality_code":"13107","municipality_pref":"東京都","municipality_name":"墨田区","municipality_code_method":"food_exact_coord"},"geometry":{"type":"Point","coordinates":[139.805734,35.69977]}},{"type":"Feature","properties":{"layer_id":"cafe_restaurant","name":"すみだ福祉保健センター","category":"food","address":"東京都墨田区向島三丁目３６番７号","source":"厚生労働省 食品衛生申請等システム（オープンデータ）","municipality_code":"13107","municipality_pref":"東京都","municipality_name":"墨田区","municipality_code_method":"food_exact_coord"},"geometry":{"type":"Point","coordinates":[139.810778,35.713326]}},{"type":"Feature","properties":{"layer_id":"cafe_restaurant","name":"よしかつ","category":"food","address":"東京都墨田区業平五丁目10番2号","source":"厚生労働省 食品衛生申請等システム（オープンデータ）","municipality_code":"13107","municipality_pref":"東京都","municipality_name":"墨田区","municipality_code_method":"food_exact_coord"},"geometry":{"type":"Point","coordinates":[139.816606,35.707899]}},{"type":"Feature","properties":{"layer_id":"cafe_restaurant","name":"みすず亭","category":"food","address":"東京都墨田区東駒形一丁目3番7号","source":"厚生労働省 食品衛生申請等システム（オープンデータ）","municipality_code":"13107","municipality_pref":"東京都","municipality_name":"墨田区","municipality_code_method":"food_exact_coord"},"geometry":{"type":"Point","coordinates":[139.797942,35.707161]}},{"type":"Feature","properties":{"layer_id":"cafe_restaurant","name":"ママンキッチン本所吾妻橋店","category":"food","address":"東京都墨田区本所3-11-3 ファーストホーム本所Ⅱ102","source":"厚生労働省 食品衛生申請等システム（オープンデータ）","municipality_code":"13107","municipality_pref":"東京都","municipality_name":"墨田区","municipality_code_method":"food_exact_coord"},"geometry":{"type":"Point","coordinates":[139.803696,35.703295]}},{"type":"Feature","properties":{"layer_id":"cafe_restaurant","name":"トゥラシ","category":"food","address":"東京都墨田区石原三丁目18番4号","source":"厚生労働省 食品衛生申請等システム（オープンデータ）","municipality_code":"13107","municipality_pref":"東京都","municipality_name":"墨田区","municipality_code_method":"food_exact_coord"},"geometry":{"type":"Point","coordinates":[139.802737,35.7004]}},{"type":"Feature","properties":{"layer_id":"cafe_restaurant","name":"Ｓｈａｍｂｌｅｓ","category":"food","address":"東京都墨田区江東橋三丁目5番8号 Ｋビル３階Ｆ号室","source":"厚生労働省 食品衛生申請等システム（オープンデータ）","municipality_code":"13107","municipality_pref":"東京都","municipality_name":"墨田区","municipality_code_method":"food_exact_coord"},"geometry":{"type":"Point","coordinates":[139.813857,35.694323]}},{"type":"Feature","properties":{"layer_id":"cafe_restaurant","name":"ＨＩＫＩＦＵＮＥ　ＴＡＢＬＥ","category":"food","address":"東京都墨田区京島一丁目４２番７号 タツミハウス１０１","source":"厚生労働省 食品衛生申請等システム（オープンデータ）","municipality_code":"13107","municipality_pref":"東京都","municipality_name":"墨田区","municipality_code_method":"food_exact_coord"},"geometry":{"type":"Point","coordinates":[139.820726,35.719705]}},{"type":"Feature","properties":{"layer_id":"cafe_restaurant","name":"焼肉　めいこうえん","category":"food","address":"東京都墨田区東向島五丁目19番16号","source":"厚生労働省 食品衛生申請等システム（オープンデータ）","municipality_code":"13107","municipality_pref":"東京都","municipality_name":"墨田区","municipality_code_method":"food_exact_coord"},"geometry":{"type":"Point","coordinates":[139.8218,35.725861]}},{"type":"Feature","properties":{"layer_id":"cafe_restaurant","name":"ＳＡＮＴＡ　ＷＥＳＴ","category":"food","address":"東京都墨田区錦糸三丁目８番８号 リベェールツムラ３Ｆ","source":"厚生労働省 食品衛生申請等システム（オープンデータ）","municipality_code":"13107","municipality_pref":"東京都","municipality_name":"墨田区","municipality_code_method":"food_exact_coord"},"geometry":{"type":"Point","coordinates":[139.814732,35.698598]}},{"type":"Feature","properties":{"layer_id":"cafe_restaurant","name":"大阪ホルモン　きんぎょのきんじょ","category":"food","address":"東京都墨田区錦糸二丁目9番8号 エスポワールFURUKAWA１F","source":"厚生労働省 食品衛生申請等システム（オープンデータ）","municipality_code":"13107","municipality_pref":"東京都","municipality_name":"墨田区","municipality_code_method":"food_exact_coord"},"geometry":{"type":"Point","coordinates":[139.81326,35.698821]}},{"type":"Feature","properties":{"layer_id":"cafe_restaurant","name":"おでん　きんぎょと風鈴","category":"food","address":"東京都墨田区錦糸二丁目４番３号 １Ｆ","source":"厚生労働省 食品衛生申請等システム（オープンデータ）","municipality_code":"13107","municipality_pref":"東京都","municipality_name":"墨田区","municipality_code_method":"food_exact_coord"},"geometry":{"type":"Point","coordinates":[139.812771,35.698009]}},{"type":"Feature","properties":{"layer_id":"cafe_restaurant","name":"どぜう　ひら井","category":"food","address":"東京都墨田区吾妻橋一丁目7番8号","source":"厚生労働省 食品衛生申請等システム（オープンデータ）","municipality_code":"13107","municipality_pref":"東京都","municipality_name":"墨田区","municipality_code_method":"food_exact_coord"},"geometry":{"type":"Point","coordinates":[139.801578,35.708653]}},{"type":"Feature","properties":{"layer_id":"cafe_restaurant","name":"ホテル　グランスカイ","category":"food","address":"東京都墨田区江東橋四丁目5番16号","source":"厚生労働省 食品衛生申請等システム（オープンデータ）","municipality_code":"13107","municipality_pref":"東京都","municipality_name":"墨田区","municipality_code_method":"food_exact_coord"},"geometry":{"type":"Point","coordinates":[139.817822,35.693716]}},{"type":"Feature","properties":{"layer_id":"cafe_restaurant","name":"龍苑","category":"food","address":"東京都墨田区業平四丁目1番2号","source":"厚生労働省 食品衛生申請等システム（オープンデータ）","municipality_code":"13107","municipality_pref":"東京都","municipality_name":"墨田区","municipality_code_method":"food_exact_coord"},"geometry":{"type":"Point","coordinates":[139.814563,35.70582]}},{"type":"Feature","properties":{"layer_id":"cafe_restaurant","name":"Ｓａｋｕｒａｂａｓｈｉ　ＩＣＥ　Ｓｔａｎｄ","category":"food","address":"東京都墨田区向島五丁目２７番１７号 東屋マンション１０２","source":"厚生労働省 食品衛生申請等システム（オープンデータ）","municipality_code":"13107","municipality_pref":"東京都","municipality_name":"墨田区","municipality_code_method":"food_exact_coord"},"geometry":{"type":"Point","coordinates":[139.809276,35.716388]}},{"type":"Feature","properties":{"layer_id":"cafe_restaurant","name":"ネパールインドレストラン＆バー　Ｃｕｒｒｙ　Ｓｐｏｏｎ","category":"food","address":"東京都墨田区業平四丁目1番6号 1F","source":"厚生労働省 食品衛生申請等システム（オープンデータ）","municipality_code":"13107","municipality_pref":"東京都","municipality_name":"墨田区","municipality_code_method":"food_exact_coord"},"geometry":{"type":"Point","coordinates":[139.814451,35.70638]}},{"type":"Feature","properties":{"layer_id":"cafe_restaurant","name":"牛たんと牛かつ　青葉","category":"food","address":"東京都墨田区江東橋三丁目１４番５号 錦糸町テルミナ５階","source":"厚生労働省 食品衛生申請等システム（オープンデータ）","municipality_code":"13107","municipality_pref":"東京都","municipality_name":"墨田区","municipality_code_method":"food_exact_coord"},"geometry":{"type":"Point","coordinates":[139.813926,35.696446]}},{"type":"Feature","properties":{"layer_id":"cafe_restaurant","name":"すみだ珈琲","category":"food","address":"東京都墨田区太平四丁目7番11号","source":"厚生労働省 食品衛生申請等システム（オープンデータ）","municipality_code":"13107","municipality_pref":"東京都","municipality_name":"墨田区","municipality_code_method":"food_exact_coord"},"geometry":{"type":"Point","coordinates":[139.81621,35.701403]}},{"type":"Feature","properties":{"layer_id":"cafe_restaurant","name":"小料理 錦彩","category":"food","address":"東京都墨田区錦糸二丁目12番2号 勝村ビル102号","source":"厚生労働省 食品衛生申請等システム（オープンデータ）","municipality_code":"13107","municipality_pref":"東京都","municipality_name":"墨田区","municipality_code_method":"food_exact_coord"},"geometry":{"type":"Point","coordinates":[139.812798,35.699145]}},{"type":"Feature","properties":{"layer_id":"cafe_restaurant","name":"牡蠣むかん錦糸町店","category":"food","address":"東京都墨田区江東橋２丁目１８ 第２田中ビル２階","source":"厚生労働省 食品衛生申請等システム（オープンデータ）","municipality_code":"13107","municipality_pref":"東京都","municipality_name":"墨田区","municipality_code_method":"food_exact_coord"},"geometry":{"type":"Point","coordinates":[139.811469,35.695913]}},{"type":"Feature","properties":{"layer_id":"cafe_restaurant","name":"リッチモンドホテルプレミア東京スコーレ SHARE LOUNGE押上","category":"food","address":"東京都墨田区押上一丁目10番3号 5階","source":"厚生労働省 食品衛生申請等システム（オープンデータ）","municipality_code":"13107","municipality_pref":"東京都","municipality_name":"墨田区","municipality_code_method":"food_exact_coord"},"geometry":{"type":"Point","coordinates":[139.813757,35.710234]}},{"type":"Feature","properties":{"layer_id":"cafe_restaurant","name":"横綱とんかつ　どすこい田中","category":"food","address":"東京都墨田区立川三丁目1番11号 1階","source":"厚生労働省 食品衛生申請等システム（オープンデータ）","municipality_code":"13107","municipality_pref":"東京都","municipality_name":"墨田区","municipality_code_method":"food_exact_coord"},"geometry":{"type":"Point","coordinates":[139.804334,35.690316]}},{"type":"Feature","properties":{"layer_id":"cafe_restaurant","name":"オレンジカフェ","category":"food","address":"東京都墨田区江東橋四丁目１８番７号 興亜ビル６０１","source":"厚生労働省 食品衛生申請等システム（オープンデータ）","municipality_code":"13107","municipality_pref":"東京都","municipality_name":"墨田区","municipality_code_method":"food_exact_coord"},"geometry":{"type":"Point","coordinates":[139.816046,35.694785]}},{"type":"Feature","properties":{"layer_id":"cafe_restaurant","name":"いろとりどり","category":"food","address":"東京都墨田区業平一丁目13番1号","source":"厚生労働省 食品衛生申請等システム（オープンデータ）","municipality_code":"13107","municipality_pref":"東京都","municipality_name":"墨田区","municipality_code_method":"food_exact_coord"},"geometry":{"type":"Point","coordinates":[139.808814,35.7085]}},{"type":"Feature","properties":{"layer_id":"cafe_restaurant","name":"とちまるショップ（E0443）","category":"food","address":"東京都墨田区押上1-1-2 東京スカイツリータウン東京ソラマチ4階","source":"厚生労働省 食品衛生申請等システム（オープンデータ）","municipality_code":"13107","municipality_pref":"東京都","municipality_name":"墨田区","municipality_code_method":"food_exact_coord"},"geometry":{"type":"Point","coordinates":[139.812079,35.710306]}},{"type":"Feature","properties":{"layer_id":"cafe_restaurant","name":"フジサン・デリ","category":"food","address":"東京都墨田区横川３丁目１０番７号","source":"厚生労働省 食品衛生申請等システム（オープンデータ）","municipality_code":"13107","municipality_pref":"東京都","municipality_name":"墨田区","municipality_code_method":"food_exact_coord"},"geometry":{"type":"Point","coordinates":[139.814286,35.704127]}},{"type":"Feature","properties":{"layer_id":"cafe_restaurant","name":"Ｃｈｉ　ｒｏｏｍ","category":"food","address":"東京都墨田区江東橋三丁目５番８号 Ｋビル７階Ｄ号室","source":"厚生労働省 食品衛生申請等システム（オープンデータ）","municipality_code":"13107","municipality_pref":"東京都","municipality_name":"墨田区","municipality_code_method":"food_exact_coord"},"geometry":{"type":"Point","coordinates":[139.813857,35.694323]}},{"type":"Feature","properties":{"layer_id":"cafe_restaurant","name":"ＳＮＡＣＫ　ＡＫＡＮＥ","category":"food","address":"東京都墨田区江東橋四丁目１３番１号 サニーハイツ１階（１０２号室）","source":"厚生労働省 食品衛生申請等システム（オープンデータ）","municipality_code":"13107","municipality_pref":"東京都","municipality_name":"墨田区","municipality_code_method":"food_exact_coord"},"geometry":{"type":"Point","coordinates":[139.816764,35.694068]}},{"type":"Feature","properties":{"layer_id":"cafe_restaurant","name":"スターエンジェル","category":"food","address":"東京都墨田区江東橋二丁目6番14号 エスカイア錦糸町プラザ705","source":"厚生労働省 食品衛生申請等システム（オープンデータ）","municipality_code":"13107","municipality_pref":"東京都","municipality_name":"墨田区","municipality_code_method":"food_exact_coord"},"geometry":{"type":"Point","coordinates":[139.812819,35.69383]}},{"type":"Feature","properties":{"layer_id":"cafe_restaurant","name":"ｃａｆｅ　ｃｏｃｏｎａ","category":"food","address":"東京都墨田区業平四丁目７番１４号","source":"厚生労働省 食品衛生申請等システム（オープンデータ）","municipality_code":"13107","municipality_pref":"東京都","municipality_name":"墨田区","municipality_code_method":"food_exact_coord"},"geometry":{"type":"Point","coordinates":[139.814536,35.706872]}},{"type":"Feature","properties":{"layer_id":"cafe_restaurant","name":"Cafe by FAV","category":"food","address":"東京都墨田区両国一丁目9番10号","source":"厚生労働省 食品衛生申請等システム（オープンデータ）","municipality_code":"13107","municipality_pref":"東京都","municipality_name":"墨田区","municipality_code_method":"food_exact_coord"},"geometry":{"type":"Point","coordinates":[139.790401,35.693639]}},{"type":"Feature","properties":{"layer_id":"cafe_restaurant","name":"双麺　錦糸町店","category":"food","address":"東京都墨田区錦糸一丁目4番10号","source":"厚生労働省 食品衛生申請等システム（オープンデータ）","municipality_code":"13107","municipality_pref":"東京都","municipality_name":"墨田区","municipality_code_method":"food_exact_coord"},"geometry":{"type":"Point","coordinates":[139.811738,35.697835]}},{"type":"Feature","properties":{"layer_id":"cafe_restaurant","name":"ローソン墨田緑一丁目店","category":"food","address":"東京都墨田区緑一丁目15番4号","source":"厚生労働省 食品衛生申請等システム（オープンデータ）","municipality_code":"13107","municipality_pref":"東京都","municipality_name":"墨田区","municipality_code_method":"food_exact_coord"},"geometry":{"type":"Point","coordinates":[139.798262,35.694446]}},{"type":"Feature","properties":{"layer_id":"cafe_restaurant","name":"もんじゃ・お好み焼き　玉金","category":"food","address":"東京都墨田区江東橋三丁目７番１０号","source":"厚生労働省 食品衛生申請等システム（オープンデータ）","municipality_code":"13107","municipality_pref":"東京都","municipality_name":"墨田区","municipality_code_method":"food_exact_coord"},"geometry":{"type":"Point","coordinates":[139.814937,35.693943]}},{"type":"Feature","properties":{"layer_id":"cafe_restaurant","name":"玉金　錦糸町北口店","category":"food","address":"東京都墨田区太平三丁目８番３号 ＡＴビル１Ｆ","source":"厚生労働省 食品衛生申請等システム（オープンデータ）","municipality_code":"13107","municipality_pref":"東京都","municipality_name":"墨田区","municipality_code_method":"food_exact_coord"},"geometry":{"type":"Point","coordinates":[139.814046,35.700587]}},{"type":"Feature","properties":{"layer_id":"cafe_restaurant","name":"いなか","category":"food","address":"東京都墨田区墨田三丁目30番8号","source":"厚生労働省 食品衛生申請等システム（オープンデータ）","municipality_code":"13107","municipality_pref":"東京都","municipality_name":"墨田区","municipality_code_method":"food_exact_coord"},"geometry":{"type":"Point","coordinates":[139.819682,35.73276]}},{"type":"Feature","properties":{"layer_id":"cafe_restaurant","name":"ｂａｒ　久","category":"food","address":"東京都墨田区江東橋四丁目１３番１４号 プラザＧ５ビル３Ｃ","source":"厚生労働省 食品衛生申請等システム（オープンデータ）","municipality_code":"13107","municipality_pref":"東京都","municipality_name":"墨田区","municipality_code_method":"food_exact_coord"},"geometry":{"type":"Point","coordinates":[139.816844,35.694136]}},{"type":"Feature","properties":{"layer_id":"cafe_restaurant","name":"ＶＩＣＴＯＲＩＡ","category":"food","address":"東京都墨田区江東橋三丁目５番２号 サーストンビル地下１階（００１号）","source":"厚生労働省 食品衛生申請等システム（オープンデータ）","municipality_code":"13107","municipality_pref":"東京都","municipality_name":"墨田区","municipality_code_method":"food_exact_coord"},"geometry":{"type":"Point","coordinates":[139.813357,35.693975]}},{"type":"Feature","properties":{"layer_id":"cafe_restaurant","name":"言問団子","category":"food","address":"東京都墨田区向島五丁目5番22号","source":"厚生労働省 食品衛生申請等システム（オープンデータ）","municipality_code":"13107","municipality_pref":"東京都","municipality_name":"墨田区","municipality_code_method":"food_exact_coord"},"geometry":{"type":"Point","coordinates":[139.809111,35.718539]}},{"type":"Feature","properties":{"layer_id":"cafe_restaurant","name":"ドトールコーヒーショップ東向島店","category":"food","address":"東京都墨田区東向島四丁目２９番６号 ア・ラ・モード東向島１Ｆ","source":"厚生労働省 食品衛生申請等システム（オープンデータ）","municipality_code":"13107","municipality_pref":"東京都","municipality_name":"墨田区","municipality_code_method":"food_exact_coord"},"geometry":{"type":"Point","coordinates":[139.819231,35.72524]}},{"type":"Feature","properties":{"layer_id":"cafe_restaurant","name":"宮崎辛麺　みやび　錦糸町店","category":"food","address":"東京都墨田区江東橋二丁目5番5号 恭二ビル101","source":"厚生労働省 食品衛生申請等システム（オープンデータ）","municipality_code":"13107","municipality_pref":"東京都","municipality_name":"墨田区","municipality_code_method":"food_exact_coord"},"geometry":{"type":"Point","coordinates":[139.812488,35.694043]}},{"type":"Feature","properties":{"layer_id":"cafe_restaurant","name":"シャルロッテ","category":"food","address":"東京都墨田区錦糸四丁目６番１号 ロッテホテル４Ｆ","source":"厚生労働省 食品衛生申請等システム（オープンデータ）","municipality_code":"13107","municipality_pref":"東京都","municipality_name":"墨田区","municipality_code_method":"food_exact_coord"},"geometry":{"type":"Point","coordinates":[139.815425,35.697461]}},{"type":"Feature","properties":{"layer_id":"cafe_restaurant","name":"酒の店　ななや","category":"food","address":"東京都墨田区両国三丁目23番6号","source":"厚生労働省 食品衛生申請等システム（オープンデータ）","municipality_code":"13107","municipality_pref":"東京都","municipality_name":"墨田区","municipality_code_method":"food_exact_coord"},"geometry":{"type":"Point","coordinates":[139.793797,35.69516]}},{"type":"Feature","properties":{"layer_id":"cafe_restaurant","name":"煮干中華そば　のじじＲ　本所吾妻橋店","category":"food","address":"東京都墨田区吾妻橋二丁目４番１１号 武藤ビル１Ｆ","source":"厚生労働省 食品衛生申請等システム（オープンデータ）","municipality_code":"13107","municipality_pref":"東京都","municipality_name":"墨田区","municipality_code_method":"food_exact_coord"},"geometry":{"type":"Point","coordinates":[139.802922,35.70873]}},{"type":"Feature","properties":{"layer_id":"cafe_restaurant","name":"ペッパーランチ　イトーヨーカドー曳舟店","category":"food","address":"東京都墨田区京島一丁目２番１号 イトーヨーカドー曳舟店フードコート内","source":"厚生労働省 食品衛生申請等システム（オープンデータ）","municipality_code":"13107","municipality_pref":"東京都","municipality_name":"墨田区","municipality_code_method":"food_exact_coord"},"geometry":{"type":"Point","coordinates":[139.817783,35.717455]}},{"type":"Feature","properties":{"layer_id":"cafe_restaurant","name":"ペッパーランチ両国店","category":"food","address":"東京都墨田区横網一丁目３番１６号","source":"厚生労働省 食品衛生申請等システム（オープンデータ）","municipality_code":"13107","municipality_pref":"東京都","municipality_name":"墨田区","municipality_code_method":"food_exact_coord"},"geometry":{"type":"Point","coordinates":[139.792319,35.695857]}},{"type":"Feature","properties":{"layer_id":"cafe_restaurant","name":"ちゃんこ　千代の富士","category":"food","address":"東京都墨田区石原四丁目22番4号","source":"厚生労働省 食品衛生申請等システム（オープンデータ）","municipality_code":"13107","municipality_pref":"東京都","municipality_name":"墨田区","municipality_code_method":"food_exact_coord"},"geometry":{"type":"Point","coordinates":[139.805545,35.700028]}},{"type":"Feature","properties":{"layer_id":"cafe_restaurant","name":"レストラン　きじま","category":"food","address":"東京都墨田区緑二丁目15番17号","source":"厚生労働省 食品衛生申請等システム（オープンデータ）","municipality_code":"13107","municipality_pref":"東京都","municipality_name":"墨田区","municipality_code_method":"food_exact_coord"},"geometry":{"type":"Point","coordinates":[139.802068,35.695029]}},{"type":"Feature","properties":{"layer_id":"cafe_restaurant","name":"入舟別館","category":"food","address":"東京都墨田区向島五丁目28番10号","source":"厚生労働省 食品衛生申請等システム（オープンデータ）","municipality_code":"13107","municipality_pref":"東京都","municipality_name":"墨田区","municipality_code_method":"food_exact_coord"},"geometry":{"type":"Point","coordinates":[139.810734,35.717235]}},{"type":"Feature","properties":{"layer_id":"cafe_restaurant","name":"かまくら個室ビストロ　ＫＡＭＡＫＵＲＡ錦糸町店","category":"food","address":"東京都墨田区江東橋三丁目１１番３号 ソシアル錦糸町ビルＢ１","source":"厚生労働省 食品衛生申請等システム（オープンデータ）","municipality_code":"13107","municipality_pref":"東京都","municipality_name":"墨田区","municipality_code_method":"food_exact_coord"},"geometry":{"type":"Point","coordinates":[139.812867,35.696007]}},{"type":"Feature","properties":{"layer_id":"cafe_restaurant","name":"つけ麺　七菜矢","category":"food","address":"東京都墨田区江東橋二丁目15番5号","source":"厚生労働省 食品衛生申請等システム（オープンデータ）","municipality_code":"13107","municipality_pref":"東京都","municipality_name":"墨田区","municipality_code_method":"food_exact_coord"},"geometry":{"type":"Point","coordinates":[139.811803,35.69563]}},{"type":"Feature","properties":{"layer_id":"cafe_restaurant","name":"ＢＡＲ　錦糸町劇場ＮＩＫＡ","category":"food","address":"東京都墨田区錦糸三丁目14番7-102号","source":"厚生労働省 食品衛生申請等システム（オープンデータ）","municipality_code":"13107","municipality_pref":"東京都","municipality_name":"墨田区","municipality_code_method":"food_exact_coord"},"geometry":{"type":"Point","coordinates":[139.813897,35.699334]}},{"type":"Feature","properties":{"layer_id":"cafe_restaurant","name":"ＣＡＬｂａｒ","category":"food","address":"東京都墨田区亀沢一丁目1番9号","source":"厚生労働省 食品衛生申請等システム（オープンデータ）","municipality_code":"13107","municipality_pref":"東京都","municipality_name":"墨田区","municipality_code_method":"food_exact_coord"},"geometry":{"type":"Point","coordinates":[139.798222,35.697265]}},{"type":"Feature","properties":{"layer_id":"cafe_restaurant","name":"おむすび権米衛　錦糸町テルミナ店","category":"food","address":"東京都墨田区江東橋三丁目14番5号 1階","source":"厚生労働省 食品衛生申請等システム（オープンデータ）","municipality_code":"13107","municipality_pref":"東京都","municipality_name":"墨田区","municipality_code_method":"food_exact_coord"},"geometry":{"type":"Point","coordinates":[139.814266,35.696244]}},{"type":"Feature","properties":{"layer_id":"cafe_restaurant","name":"登竜門","category":"food","address":"東京都墨田区江東橋二丁目６番１２号 三経８５ビル地下１階","source":"厚生労働省 食品衛生申請等システム（オープンデータ）","municipality_code":"13107","municipality_pref":"東京都","municipality_name":"墨田区","municipality_code_method":"food_exact_coord"},"geometry":{"type":"Point","coordinates":[139.813029,35.693994]}},{"type":"Feature","properties":{"layer_id":"cafe_restaurant","name":"東武百貨店（ＴＫ０２０３）","category":"food","address":"東京都墨田区押上一丁目１番２号 東京スカイツリータウン東京ソラマチ２階","source":"厚生労働省 食品衛生申請等システム（オープンデータ）","municipality_code":"13107","municipality_pref":"東京都","municipality_name":"墨田区","municipality_code_method":"food_exact_coord"},"geometry":{"type":"Point","coordinates":[139.810794,35.710256]}},{"type":"Feature","properties":{"layer_id":"cafe_restaurant","name":"東武百貨店（ＴＫ０２０９）","category":"food","address":"東京都墨田区押上一丁目１番２号 東京スカイツリータウン東京ソラマチ２階","source":"厚生労働省 食品衛生申請等システム（オープンデータ）","municipality_code":"13107","municipality_pref":"東京都","municipality_name":"墨田区","municipality_code_method":"food_exact_coord"},"geometry":{"type":"Point","coordinates":[139.810794,35.710256]}},{"type":"Feature","properties":{"layer_id":"cafe_restaurant","name":"ＵＬＴＲＡ　ＣＯＦＦＥＥ","category":"food","address":"東京都墨田区石原一丁目29番1号 リバーサイド石原101","source":"厚生労働省 食品衛生申請等システム（オープンデータ）","municipality_code":"13107","municipality_pref":"東京都","municipality_name":"墨田区","municipality_code_method":"food_exact_coord"},"geometry":{"type":"Point","coordinates":[139.797757,35.700445]}},{"type":"Feature","properties":{"layer_id":"cafe_restaurant","name":"広林陽","category":"food","address":"東京都墨田区墨田一丁目１番２号","source":"厚生労働省 食品衛生申請等システム（オープンデータ）","municipality_code":"13107","municipality_pref":"東京都","municipality_name":"墨田区","municipality_code_method":"food_exact_coord"},"geometry":{"type":"Point","coordinates":[139.813572,35.728371]}},{"type":"Feature","properties":{"layer_id":"cafe_restaurant","name":"ラサジエ両国","category":"food","address":"東京都墨田区両国二丁目１８番１号 野本ビル１０１号室","source":"厚生労働省 食品衛生申請等システム（オープンデータ）","municipality_code":"13107","municipality_pref":"東京都","municipality_name":"墨田区","municipality_code_method":"food_exact_coord"},"geometry":{"type":"Point","coordinates":[139.792109,35.694852]}},{"type":"Feature","properties":{"layer_id":"cafe_restaurant","name":"ＳＨヒガシムコウジマ","category":"food","address":"東京都墨田区東向島三丁目３４番４号","source":"厚生労働省 食品衛生申請等システム（オープンデータ）","municipality_code":"13107","municipality_pref":"東京都","municipality_name":"墨田区","municipality_code_method":"food_exact_coord"},"geometry":{"type":"Point","coordinates":[139.815345,35.721967]}},{"type":"Feature","properties":{"layer_id":"cafe_restaurant","name":"いちまるカフェ","category":"food","address":"東京都墨田区京島一丁目6番6-101号 アトラスタワー曳舟","source":"厚生労働省 食品衛生申請等システム（オープンデータ）","municipality_code":"13107","municipality_pref":"東京都","municipality_name":"墨田区","municipality_code_method":"food_exact_coord"},"geometry":{"type":"Point","coordinates":[139.818343,35.716454]}},{"type":"Feature","properties":{"layer_id":"cafe_restaurant","name":"ホスフェクス株式会社医療法人社団中林病院","category":"food","address":"東京都墨田区東向島三丁目29番9号","source":"厚生労働省 食品衛生申請等システム（オープンデータ）","municipality_code":"13107","municipality_pref":"東京都","municipality_name":"墨田区","municipality_code_method":"food_exact_coord"},"geometry":{"type":"Point","coordinates":[139.814946,35.723529]}},{"type":"Feature","properties":{"layer_id":"cafe_restaurant","name":"両国和食居酒屋いすず","category":"food","address":"東京都墨田区両国二丁目11番1号 パルサー両国1F","source":"厚生労働省 食品衛生申請等システム（オープンデータ）","municipality_code":"13107","municipality_pref":"東京都","municipality_name":"墨田区","municipality_code_method":"food_exact_coord"},"geometry":{"type":"Point","coordinates":[139.79118,35.694453]}},{"type":"Feature","properties":{"layer_id":"cafe_restaurant","name":"鳥政","category":"food","address":"東京都墨田区両国二丁目14番6号","source":"厚生労働省 食品衛生申請等システム（オープンデータ）","municipality_code":"13107","municipality_pref":"東京都","municipality_name":"墨田区","municipality_code_method":"food_exact_coord"},"geometry":{"type":"Point","coordinates":[139.791639,35.695068]}},{"type":"Feature","properties":{"layer_id":"cafe_restaurant","name":"ゆうか","category":"food","address":"東京都墨田区江東橋二丁目6番14号 エスカイア錦糸町プラザ505号","source":"厚生労働省 食品衛生申請等システム（オープンデータ）","municipality_code":"13107","municipality_pref":"東京都","municipality_name":"墨田区","municipality_code_method":"food_exact_coord"},"geometry":{"type":"Point","coordinates":[139.812819,35.69383]}},{"type":"Feature","properties":{"layer_id":"cafe_restaurant","name":"天婦羅忠兵衛","category":"food","address":"東京都墨田区江東橋四丁目18番8号","source":"厚生労働省 食品衛生申請等システム（オープンデータ）","municipality_code":"13107","municipality_pref":"東京都","municipality_name":"墨田区","municipality_code_method":"food_exact_coord"},"geometry":{"type":"Point","coordinates":[139.815856,35.694718]}},{"type":"Feature","properties":{"layer_id":"cafe_restaurant","name":"居酒屋　英","category":"food","address":"東京都墨田区文花三丁目24番15号","source":"厚生労働省 食品衛生申請等システム（オープンデータ）","municipality_code":"13107","municipality_pref":"東京都","municipality_name":"墨田区","municipality_code_method":"food_exact_coord"},"geometry":{"type":"Point","coordinates":[139.828437,35.711736]}},{"type":"Feature","properties":{"layer_id":"cafe_restaurant","name":"焼いた","category":"food","address":"東京都墨田区江東橋四丁目２０番１号","source":"厚生労働省 食品衛生申請等システム（オープンデータ）","municipality_code":"13107","municipality_pref":"東京都","municipality_name":"墨田区","municipality_code_method":"food_exact_coord"},"geometry":{"type":"Point","coordinates":[139.815716,35.694985]}},{"type":"Feature","properties":{"layer_id":"cafe_restaurant","name":"麺屋　中川會","category":"food","address":"東京都墨田区江東橋四丁目３０番１５号 三成ビル１Ｆ","source":"厚生労働省 食品衛生申請等システム（オープンデータ）","municipality_code":"13107","municipality_pref":"東京都","municipality_name":"墨田区","municipality_code_method":"food_exact_coord"},"geometry":{"type":"Point","coordinates":[139.817444,35.696421]}},{"type":"Feature","properties":{"layer_id":"cafe_restaurant","name":"日本マクドナルド（株）錦糸町アルカキット店","category":"food","address":"東京都墨田区錦糸二丁目2番1号 アルカキット錦糸町3階","source":"厚生労働省 食品衛生申請等システム（オープンデータ）","municipality_code":"13107","municipality_pref":"東京都","municipality_name":"墨田区","municipality_code_method":"food_exact_coord"},"geometry":{"type":"Point","coordinates":[139.812428,35.697302]}},{"type":"Feature","properties":{"layer_id":"cafe_restaurant","name":"マクドナルド　東京スカツリータウン・ソラマチ店（Ｗ０４０３））","category":"food","address":"東京都墨田区押上一丁目１番２号 東京スカイツリータウン東京ソラマチ４階","source":"厚生労働省 食品衛生申請等システム（オープンデータ）","municipality_code":"13107","municipality_pref":"東京都","municipality_name":"墨田区","municipality_code_method":"food_exact_coord"},"geometry":{"type":"Point","coordinates":[139.810669,35.710087]}},{"type":"Feature","properties":{"layer_id":"cafe_restaurant","name":"金太楼鮨錦糸町店","category":"food","address":"東京都墨田区太平一丁目27番9号","source":"厚生労働省 食品衛生申請等システム（オープンデータ）","municipality_code":"13107","municipality_pref":"東京都","municipality_name":"墨田区","municipality_code_method":"food_exact_coord"},"geometry":{"type":"Point","coordinates":[139.811361,35.702103]}},{"type":"Feature","properties":{"layer_id":"cafe_restaurant","name":"かめぱん　カフェ","category":"food","address":"東京都墨田区向島三丁目38番9号","source":"厚生労働省 食品衛生申請等システム（オープンデータ）","municipality_code":"13107","municipality_pref":"東京都","municipality_name":"墨田区","municipality_code_method":"food_exact_coord"},"geometry":{"type":"Point","coordinates":[139.811988,35.714095]}},{"type":"Feature","properties":{"layer_id":"cafe_restaurant","name":"ＰＥＡＲＬ　ＬＡＤＹ　茶ＢＡＲ　錦糸町マルイ店","category":"food","address":"東京都墨田区江東橋三丁目9番10号 丸井錦糸町店1階","source":"厚生労働省 食品衛生申請等システム（オープンデータ）","municipality_code":"13107","municipality_pref":"東京都","municipality_name":"墨田区","municipality_code_method":"food_exact_coord"},"geometry":{"type":"Point","coordinates":[139.813707,35.694943]}},{"type":"Feature","properties":{"layer_id":"cafe_restaurant","name":"竹末東京Ｐｒｅｍｉｕｍ","category":"food","address":"東京都墨田区業平五丁目14番7号 フラーリシ押上1F","source":"厚生労働省 食品衛生申請等システム（オープンデータ）","municipality_code":"13107","municipality_pref":"東京都","municipality_name":"墨田区","municipality_code_method":"food_exact_coord"},"geometry":{"type":"Point","coordinates":[139.817675,35.708182]}},{"type":"Feature","properties":{"layer_id":"cafe_restaurant","name":"ＭＥＮ　ｄｏ　ＫＩＺＡＲＵ","category":"food","address":"東京都墨田区業平一丁目１２番４号 河原塚ビル１Ｆ","source":"厚生労働省 食品衛生申請等システム（オープンデータ）","municipality_code":"13107","municipality_pref":"東京都","municipality_name":"墨田区","municipality_code_method":"food_exact_coord"},"geometry":{"type":"Point","coordinates":[139.8098,35.708654]}},{"type":"Feature","properties":{"layer_id":"cafe_restaurant","name":"東京油組総本店　錦糸町組","category":"food","address":"東京都墨田区江東橋三丁目１２番３号 Ａｒｔｅｍｉｓ　Ｋｅｉｙｏビル１階","source":"厚生労働省 食品衛生申請等システム（オープンデータ）","municipality_code":"13107","municipality_pref":"東京都","municipality_name":"墨田区","municipality_code_method":"food_exact_coord"},"geometry":{"type":"Point","coordinates":[139.813287,35.695977]}},{"type":"Feature","properties":{"layer_id":"cafe_restaurant","name":"東京油組総本店　両国組","category":"food","address":"東京都墨田区両国三丁目２５番４号","source":"厚生労働省 食品衛生申請等システム（オープンデータ）","municipality_code":"13107","municipality_pref":"東京都","municipality_name":"墨田区","municipality_code_method":"food_exact_coord"},"geometry":{"type":"Point","coordinates":[139.793907,35.6955]}},{"type":"Feature","properties":{"layer_id":"cafe_restaurant","name":"Ｓｍｏｋｅ　Ｂａｓｅ","category":"food","address":"東京都墨田区錦糸三丁目１３番１２号 ＬＹビル１Ｆ","source":"厚生労働省 食品衛生申請等システム（オープンデータ）","municipality_code":"13107","municipality_pref":"東京都","municipality_name":"墨田区","municipality_code_method":"food_exact_coord"},"geometry":{"type":"Point","coordinates":[139.814176,35.699392]}},{"type":"Feature","properties":{"layer_id":"cafe_restaurant","name":"サンエー株式会社","category":"food","address":"東京都墨田区吾妻橋二丁目11番5号","source":"厚生労働省 食品衛生申請等システム（オープンデータ）","municipality_code":"13107","municipality_pref":"東京都","municipality_name":"墨田区","municipality_code_method":"food_exact_coord"},"geometry":{"type":"Point","coordinates":[139.802587,35.709855]}},{"type":"Feature","properties":{"layer_id":"cafe_restaurant","name":"焼肉　慶","category":"food","address":"東京都墨田区本所一丁目7番5号","source":"厚生労働省 食品衛生申請等システム（オープンデータ）","municipality_code":"13107","municipality_pref":"東京都","municipality_name":"墨田区","municipality_code_method":"food_exact_coord"},"geometry":{"type":"Point","coordinates":[139.797153,35.702513]}},{"type":"Feature","properties":{"layer_id":"cafe_restaurant","name":"（有）吾嬬屋米店","category":"food","address":"東京都墨田区京島三丁目62番18号","source":"厚生労働省 食品衛生申請等システム（オープンデータ）","municipality_code":"13107","municipality_pref":"東京都","municipality_name":"墨田区","municipality_code_method":"food_exact_coord"},"geometry":{"type":"Point","coordinates":[139.823959,35.712242]}},{"type":"Feature","properties":{"layer_id":"cafe_restaurant","name":"谷記","category":"food","address":"東京都墨田区太平三丁目9番4号","source":"厚生労働省 食品衛生申請等システム（オープンデータ）","municipality_code":"13107","municipality_pref":"東京都","municipality_name":"墨田区","municipality_code_method":"food_exact_coord"},"geometry":{"type":"Point","coordinates":[139.814006,35.701001]}},{"type":"Feature","properties":{"layer_id":"cafe_restaurant","name":"谷記","category":"food","address":"東京都墨田区錦糸一丁目14番7号102","source":"厚生労働省 食品衛生申請等システム（オープンデータ）","municipality_code":"13107","municipality_pref":"東京都","municipality_name":"墨田区","municipality_code_method":"food_exact_coord"},"geometry":{"type":"Point","coordinates":[139.811681,35.699094]}},{"type":"Feature","properties":{"layer_id":"cafe_restaurant","name":"お茶とお出汁とワインｕｎ","category":"food","address":"東京都墨田区京島二丁目25番3号","source":"厚生労働省 食品衛生申請等システム（オープンデータ）","municipality_code":"13107","municipality_pref":"東京都","municipality_name":"墨田区","municipality_code_method":"food_exact_coord"},"geometry":{"type":"Point","coordinates":[139.82299,35.712839]}},{"type":"Feature","properties":{"layer_id":"cafe_restaurant","name":"麺工房武","category":"food","address":"東京都墨田区太平三丁目12番10号","source":"厚生労働省 食品衛生申請等システム（オープンデータ）","municipality_code":"13107","municipality_pref":"東京都","municipality_name":"墨田区","municipality_code_method":"food_exact_coord"},"geometry":{"type":"Point","coordinates":[139.814213,35.70137]}},{"type":"Feature","properties":{"layer_id":"cafe_restaurant","name":"セブンイレブン墨田押上１丁目店","category":"food","address":"東京都墨田区押上一丁目33番3号","source":"厚生労働省 食品衛生申請等システム（オープンデータ）","municipality_code":"13107","municipality_pref":"東京都","municipality_name":"墨田区","municipality_code_method":"food_exact_coord"},"geometry":{"type":"Point","coordinates":[139.816704,35.710745]}},{"type":"Feature","properties":{"layer_id":"cafe_restaurant","name":"横濱元町ドリア　アルカキット錦糸町店","category":"food","address":"東京都墨田区錦糸二丁目2番1号 アルカキット錦糸町10F","source":"厚生労働省 食品衛生申請等システム（オープンデータ）","municipality_code":"13107","municipality_pref":"東京都","municipality_name":"墨田区","municipality_code_method":"food_exact_coord"},"geometry":{"type":"Point","coordinates":[139.812428,35.697302]}},{"type":"Feature","properties":{"layer_id":"cafe_restaurant","name":"凸版印刷社員食堂","category":"food","address":"東京都墨田区本所一丁目32番5号 8F","source":"厚生労働省 食品衛生申請等システム（オープンデータ）","municipality_code":"13107","municipality_pref":"東京都","municipality_name":"墨田区","municipality_code_method":"food_exact_coord"},"geometry":{"type":"Point","coordinates":[139.797573,35.704488]}},{"type":"Feature","properties":{"layer_id":"cafe_restaurant","name":"二代目野口鮮魚店","category":"food","address":"東京都墨田区本所四丁目2番6号 大河内コーポ1F","source":"厚生労働省 食品衛生申請等システム（オープンデータ）","municipality_code":"13107","municipality_pref":"東京都","municipality_name":"墨田区","municipality_code_method":"food_exact_coord"},"geometry":{"type":"Point","coordinates":[139.805347,35.70298]}},{"type":"Feature","properties":{"layer_id":"cafe_restaurant","name":"二代目　野口鮮魚店","category":"food","address":"東京都墨田区江東橋四丁目２７番１４号 楽天地ビル１Ｆ","source":"厚生労働省 食品衛生申請等システム（オープンデータ）","municipality_code":"13107","municipality_pref":"東京都","municipality_name":"墨田区","municipality_code_method":"food_exact_coord"},"geometry":{"type":"Point","coordinates":[139.816498,35.69652]}},{"type":"Feature","properties":{"layer_id":"cafe_restaurant","name":"立ち呑み粋","category":"food","address":"東京都墨田区錦糸四丁目1番8号","source":"厚生労働省 食品衛生申請等システム（オープンデータ）","municipality_code":"13107","municipality_pref":"東京都","municipality_name":"墨田区","municipality_code_method":"food_exact_coord"},"geometry":{"type":"Point","coordinates":[139.815473,35.697208]}},{"type":"Feature","properties":{"layer_id":"cafe_restaurant","name":"ローソンストア１００業平店","category":"food","address":"東京都墨田区業平四丁目7番3号","source":"厚生労働省 食品衛生申請等システム（オープンデータ）","municipality_code":"13107","municipality_pref":"東京都","municipality_name":"墨田区","municipality_code_method":"food_exact_coord"},"geometry":{"type":"Point","coordinates":[139.814366,35.706992]}},{"type":"Feature","properties":{"layer_id":"cafe_restaurant","name":"都立橘高等学校定時制","category":"food","address":"東京都墨田区立花四丁目29番7号","source":"厚生労働省 食品衛生申請等システム（オープンデータ）","municipality_code":"13107","municipality_pref":"東京都","municipality_name":"墨田区","municipality_code_method":"food_exact_coord"},"geometry":{"type":"Point","coordinates":[139.833458,35.709177]}},{"type":"Feature","properties":{"layer_id":"cafe_restaurant","name":"居酒屋それゆけ！鶏ヤロー！錦糸町店","category":"food","address":"東京都墨田区江東橋三丁目１１番３号 ソシアル錦糸町ビル２Ｆ","source":"厚生労働省 食品衛生申請等システム（オープンデータ）","municipality_code":"13107","municipality_pref":"東京都","municipality_name":"墨田区","municipality_code_method":"food_exact_coord"},"geometry":{"type":"Point","coordinates":[139.812867,35.696007]}},{"type":"Feature","properties":{"layer_id":"cafe_restaurant","name":"ＭＩＳＯＪＹＵ東京ソラマチ店（E０１３２）","category":"food","address":"東京都墨田区押上一丁目１番２号 東京スカイツリータウン東京ソラマチ１階","source":"厚生労働省 食品衛生申請等システム（オープンデータ）","municipality_code":"13107","municipality_pref":"東京都","municipality_name":"墨田区","municipality_code_method":"food_exact_coord"},"geometry":{"type":"Point","coordinates":[139.810794,35.710256]}},{"type":"Feature","properties":{"layer_id":"cafe_restaurant","name":"跳ね鯛　錦糸町テルミナ店","category":"food","address":"東京都墨田区江東橋三丁目１４番５号 テルミナＢ１Ｆ","source":"厚生労働省 食品衛生申請等システム（オープンデータ）","municipality_code":"13107","municipality_pref":"東京都","municipality_name":"墨田区","municipality_code_method":"food_exact_coord"},"geometry":{"type":"Point","coordinates":[139.813926,35.696446]}},{"type":"Feature","properties":{"layer_id":"cafe_restaurant","name":"Ｓｔｏｎｅ　Ｍｉｌｌｓ　Ｃａｆｅ／石臼挽きうどん　しゅはり","category":"food","address":"東京都墨田区錦糸二丁目5番10号 私学ビルB1F","source":"厚生労働省 食品衛生申請等システム（オープンデータ）","municipality_code":"13107","municipality_pref":"東京都","municipality_name":"墨田区","municipality_code_method":"food_exact_coord"},"geometry":{"type":"Point","coordinates":[139.813209,35.698247]}},{"type":"Feature","properties":{"layer_id":"cafe_restaurant","name":"カフェテリア　ニューストン","category":"food","address":"東京都墨田区両国三丁目26番11号","source":"厚生労働省 食品衛生申請等システム（オープンデータ）","municipality_code":"13107","municipality_pref":"東京都","municipality_name":"墨田区","municipality_code_method":"food_exact_coord"},"geometry":{"type":"Point","coordinates":[139.793767,35.695319]}},{"type":"Feature","properties":{"layer_id":"cafe_restaurant","name":"ＡＫＡＴＳＵＫＩ","category":"food","address":"東京都墨田区京島三丁目６２番２０号","source":"厚生労働省 食品衛生申請等システム（オープンデータ）","municipality_code":"13107","municipality_pref":"東京都","municipality_name":"墨田区","municipality_code_method":"food_exact_coord"},"geometry":{"type":"Point","coordinates":[139.823719,35.712136]}},{"type":"Feature","properties":{"layer_id":"cafe_restaurant","name":"ピッツェリア　マルデ・ナポリ　東京スカイツリータウン・ソラマチ店","category":"food","address":"東京都墨田区押上一丁目１番２号 東京スカイツリータウン東京ソラマチ７階","source":"厚生労働省 食品衛生申請等システム（オープンデータ）","municipality_code":"13107","municipality_pref":"東京都","municipality_name":"墨田区","municipality_code_method":"food_exact_coord"},"geometry":{"type":"Point","coordinates":[139.812079,35.710306]}},{"type":"Feature","properties":{"layer_id":"cafe_restaurant","name":"居酒屋ちぐさ","category":"food","address":"東京都墨田区江東橋四丁目１３番４号","source":"厚生労働省 食品衛生申請等システム（オープンデータ）","municipality_code":"13107","municipality_pref":"東京都","municipality_name":"墨田区","municipality_code_method":"food_exact_coord"},"geometry":{"type":"Point","coordinates":[139.816755,35.694336]}},{"type":"Feature","properties":{"layer_id":"cafe_restaurant","name":"AMBIKA　Indo　Asian　Dining＆Bar","category":"food","address":"東京都墨田区立花一丁目23番5号 サンタウン立花112号","source":"厚生労働省 食品衛生申請等システム（オープンデータ）","municipality_code":"13107","municipality_pref":"東京都","municipality_name":"墨田区","municipality_code_method":"food_exact_coord"},"geometry":{"type":"Point","coordinates":[139.831152,35.706647]}},{"type":"Feature","properties":{"layer_id":"cafe_restaurant","name":"中国料理　紅和楼","category":"food","address":"東京都墨田区本所三丁目２２番１０号","source":"厚生労働省 食品衛生申請等システム（オープンデータ）","municipality_code":"13107","municipality_pref":"東京都","municipality_name":"墨田区","municipality_code_method":"food_exact_coord"},"geometry":{"type":"Point","coordinates":[139.804545,35.704182]}},{"type":"Feature","properties":{"layer_id":"cafe_restaurant","name":"蕎麦　きょうじや","category":"food","address":"東京都墨田区石原三丁目２９番５号","source":"厚生労働省 食品衛生申請等システム（オープンデータ）","municipality_code":"13107","municipality_pref":"東京都","municipality_name":"墨田区","municipality_code_method":"food_exact_coord"},"geometry":{"type":"Point","coordinates":[139.804007,35.701693]}},{"type":"Feature","properties":{"layer_id":"cafe_restaurant","name":"いちかつ両国店","category":"food","address":"東京都墨田区横網一丁目３番４号 総武線両国駅高架下","source":"厚生労働省 食品衛生申請等システム（オープンデータ）","municipality_code":"13107","municipality_pref":"東京都","municipality_name":"墨田区","municipality_code_method":"food_exact_coord"},"geometry":{"type":"Point","coordinates":[139.794164,35.695693]}},{"type":"Feature","properties":{"layer_id":"cafe_restaurant","name":"東天紅　第一ホテル両国店","category":"food","address":"東京都墨田区横網一丁目６番１号 第一ホテル両国２階","source":"厚生労働省 食品衛生申請等システム（オープンデータ）","municipality_code":"13107","municipality_pref":"東京都","municipality_name":"墨田区","municipality_code_method":"food_exact_coord"},"geometry":{"type":"Point","coordinates":[139.796923,35.698126]}},{"type":"Feature","properties":{"layer_id":"cafe_restaurant","name":"山田屋第六山田丸","category":"food","address":"東京都墨田区八広六丁目27番1号","source":"厚生労働省 食品衛生申請等システム（オープンデータ）","municipality_code":"13107","municipality_pref":"東京都","municipality_name":"墨田区","municipality_code_method":"food_exact_coord"},"geometry":{"type":"Point","coordinates":[139.829402,35.727855]}},{"type":"Feature","properties":{"layer_id":"cafe_restaurant","name":"立ち飲み　しろ","category":"food","address":"東京都墨田区菊川三丁目7番1号","source":"厚生労働省 食品衛生申請等システム（オープンデータ）","municipality_code":"13107","municipality_pref":"東京都","municipality_name":"墨田区","municipality_code_method":"food_exact_coord"},"geometry":{"type":"Point","coordinates":[139.806293,35.688047]}},{"type":"Feature","properties":{"layer_id":"cafe_restaurant","name":"墨田区立桜堤中学校","category":"food","address":"東京都墨田区堤通二丁目１９番１号","source":"厚生労働省 食品衛生申請等システム（オープンデータ）","municipality_code":"13107","municipality_pref":"東京都","municipality_name":"墨田区","municipality_code_method":"food_exact_coord"},"geometry":{"type":"Point","coordinates":[139.811933,35.730543]}},{"type":"Feature","properties":{"layer_id":"cafe_restaurant","name":"酒房きむら屋","category":"food","address":"東京都墨田区業平一丁目１０番４号","source":"厚生労働省 食品衛生申請等システム（オープンデータ）","municipality_code":"13107","municipality_pref":"東京都","municipality_name":"墨田区","municipality_code_method":"food_exact_coord"},"geometry":{"type":"Point","coordinates":[139.810334,35.708694]}},{"type":"Feature","properties":{"layer_id":"cafe_restaurant","name":"Ｂｌａｃｋ　Ａ","category":"food","address":"東京都墨田区千歳一丁目3番4号","source":"厚生労働省 食品衛生申請等システム（オープンデータ）","municipality_code":"13107","municipality_pref":"東京都","municipality_name":"墨田区","municipality_code_method":"food_exact_coord"},"geometry":{"type":"Point","coordinates":[139.79115,35.691598]}},{"type":"Feature","properties":{"layer_id":"cafe_restaurant","name":"台湾祭２０２６　１．大鶏排","category":"food","address":"東京都墨田区押上一丁目１番２号 東京スカイツリータウン東京ソラマチ４階スカイアリーナ","source":"厚生労働省 食品衛生申請等システム（オープンデータ）","municipality_code":"13107","municipality_pref":"東京都","municipality_name":"墨田区","municipality_code_method":"food_exact_coord"},"geometry":{"type":"Point","coordinates":[139.810669,35.710087]}},{"type":"Feature","properties":{"layer_id":"cafe_restaurant","name":"台湾祭２０２６　２．小籠包","category":"food","address":"東京都墨田区押上一丁目１番２号 東京スカイツリータウン東京ソラマチ４階スカイアリーナ","source":"厚生労働省 食品衛生申請等システム（オープンデータ）","municipality_code":"13107","municipality_pref":"東京都","municipality_name":"墨田区","municipality_code_method":"food_exact_coord"},"geometry":{"type":"Point","coordinates":[139.810669,35.710087]}},{"type":"Feature","properties":{"layer_id":"cafe_restaurant","name":"台湾祭２０２６　３．牛肉麺","category":"food","address":"東京都墨田区押上一丁目１番２号 東京スカイツリータウン東京ソラマチ４階スカイアリーナ","source":"厚生労働省 食品衛生申請等システム（オープンデータ）","municipality_code":"13107","municipality_pref":"東京都","municipality_name":"墨田区","municipality_code_method":"food_exact_coord"},"geometry":{"type":"Point","coordinates":[139.810669,35.710087]}},{"type":"Feature","properties":{"layer_id":"cafe_restaurant","name":"海鮮まこと","category":"food","address":"東京都墨田区江東橋四丁目27番14号 楽天地ビル2階","source":"厚生労働省 食品衛生申請等システム（オープンデータ）","municipality_code":"13107","municipality_pref":"東京都","municipality_name":"墨田区","municipality_code_method":"food_exact_coord"},"geometry":{"type":"Point","coordinates":[139.81566,35.696311]}},{"type":"Feature","properties":{"layer_id":"cafe_restaurant","name":"台湾祭２０２６　４．胡椒餅","category":"food","address":"東京都墨田区押上一丁目１番２号 東京スカイツリータウン東京ソラマチ４階スカイアリーナ","source":"厚生労働省 食品衛生申請等システム（オープンデータ）","municipality_code":"13107","municipality_pref":"東京都","municipality_name":"墨田区","municipality_code_method":"food_exact_coord"},"geometry":{"type":"Point","coordinates":[139.810669,35.710087]}},{"type":"Feature","properties":{"layer_id":"cafe_restaurant","name":"台湾祭２０２６　５．タピオカドリンク","category":"food","address":"東京都墨田区押上一丁目１番２号 東京スカイツリータウン東京ソラマチ４階スカイアリーナ","source":"厚生労働省 食品衛生申請等システム（オープンデータ）","municipality_code":"13107","municipality_pref":"東京都","municipality_name":"墨田区","municipality_code_method":"food_exact_coord"},"geometry":{"type":"Point","coordinates":[139.810669,35.710087]}},{"type":"Feature","properties":{"layer_id":"cafe_restaurant","name":"台湾祭２０２６　６．台湾デザート","category":"food","address":"東京都墨田区押上一丁目１番２号 東京スカイツリータウン東京ソラマチ４階スカイアリーナ","source":"厚生労働省 食品衛生申請等システム（オープンデータ）","municipality_code":"13107","municipality_pref":"東京都","municipality_name":"墨田区","municipality_code_method":"food_exact_coord"},"geometry":{"type":"Point","coordinates":[139.810669,35.710087]}},{"type":"Feature","properties":{"layer_id":"cafe_restaurant","name":"台湾祭２０２６　７．葱油餅","category":"food","address":"東京都墨田区押上一丁目１番２号 東京スカイツリータウン東京ソラマチ４階スカイアリーナ","source":"厚生労働省 食品衛生申請等システム（オープンデータ）","municipality_code":"13107","municipality_pref":"東京都","municipality_name":"墨田区","municipality_code_method":"food_exact_coord"},"geometry":{"type":"Point","coordinates":[139.810669,35.710087]}},{"type":"Feature","properties":{"layer_id":"cafe_restaurant","name":"台湾祭２０２６　８．台湾弁当","category":"food","address":"東京都墨田区押上一丁目１番２号 東京スカイツリータウン東京ソラマチ４階スカイアリーナ","source":"厚生労働省 食品衛生申請等システム（オープンデータ）","municipality_code":"13107","municipality_pref":"東京都","municipality_name":"墨田区","municipality_code_method":"food_exact_coord"},"geometry":{"type":"Point","coordinates":[139.810669,35.710087]}},{"type":"Feature","properties":{"layer_id":"cafe_restaurant","name":"台湾祭２０２６　９．台南担仔麺・台湾麺線","category":"food","address":"東京都墨田区押上一丁目１番２号 東京スカイツリータウン東京ソラマチ４階スカイアリーナ","source":"厚生労働省 食品衛生申請等システム（オープンデータ）","municipality_code":"13107","municipality_pref":"東京都","municipality_name":"墨田区","municipality_code_method":"food_exact_coord"},"geometry":{"type":"Point","coordinates":[139.810669,35.710087]}},{"type":"Feature","properties":{"layer_id":"cafe_restaurant","name":"台湾祭２０２６　１０．棒餃子・台南暇仁飯","category":"food","address":"東京都墨田区押上一丁目１番２号 東京スカイツリータウン東京ソラマチ４階スカイアリーナ","source":"厚生労働省 食品衛生申請等システム（オープンデータ）","municipality_code":"13107","municipality_pref":"東京都","municipality_name":"墨田区","municipality_code_method":"food_exact_coord"},"geometry":{"type":"Point","coordinates":[139.810669,35.710087]}},{"type":"Feature","properties":{"layer_id":"cafe_restaurant","name":"台湾祭２０２６　１１．焼き小籠包","category":"food","address":"東京都墨田区押上一丁目１番２号 東京スカイツリータウン東京ソラマチ４階スカイアリーナ","source":"厚生労働省 食品衛生申請等システム（オープンデータ）","municipality_code":"13107","municipality_pref":"東京都","municipality_name":"墨田区","municipality_code_method":"food_exact_coord"},"geometry":{"type":"Point","coordinates":[139.810669,35.710087]}},{"type":"Feature","properties":{"layer_id":"cafe_restaurant","name":"台湾祭２０２６　１２．イカ姿揚げ","category":"food","address":"東京都墨田区押上一丁目１番２号 東京スカイツリータウン東京ソラマチ４階スカイアリーナ","source":"厚生労働省 食品衛生申請等システム（オープンデータ）","municipality_code":"13107","municipality_pref":"東京都","municipality_name":"墨田区","municipality_code_method":"food_exact_coord"},"geometry":{"type":"Point","coordinates":[139.810669,35.710087]}},{"type":"Feature","properties":{"layer_id":"cafe_restaurant","name":"墨田区立隅田小学校","category":"food","address":"東京都墨田区墨田四丁目６番５号","source":"厚生労働省 食品衛生申請等システム（オープンデータ）","municipality_code":"13107","municipality_pref":"東京都","municipality_name":"墨田区","municipality_code_method":"food_exact_coord"},"geometry":{"type":"Point","coordinates":[139.82198,35.734026]}},{"type":"Feature","properties":{"layer_id":"cafe_restaurant","name":"馬力","category":"food","address":"東京都墨田区江東橋三丁目５番２号","source":"厚生労働省 食品衛生申請等システム（オープンデータ）","municipality_code":"13107","municipality_pref":"東京都","municipality_name":"墨田区","municipality_code_method":"food_exact_coord"},"geometry":{"type":"Point","coordinates":[139.813367,35.693964]}},{"type":"Feature","properties":{"layer_id":"cafe_restaurant","name":"馬力　北口店","category":"food","address":"東京都墨田区錦糸三丁目６番１２号","source":"厚生労働省 食品衛生申請等システム（オープンデータ）","municipality_code":"13107","municipality_pref":"東京都","municipality_name":"墨田区","municipality_code_method":"food_exact_coord"},"geometry":{"type":"Point","coordinates":[139.813577,35.698273]}},{"type":"Feature","properties":{"layer_id":"cafe_restaurant","name":"ファミリーマート東墨田二丁目店","category":"food","address":"東京都墨田区東墨田二丁目１番１３号","source":"厚生労働省 食品衛生申請等システム（オープンデータ）","municipality_code":"13107","municipality_pref":"東京都","municipality_name":"墨田区","municipality_code_method":"food_exact_coord"},"geometry":{"type":"Point","coordinates":[139.83014150000002,35.718279]}},{"type":"Feature","properties":{"layer_id":"cafe_restaurant","name":"ファミリーマート墨田両国東口店","category":"food","address":"東京都墨田区両国四丁目37番10号","source":"厚生労働省 食品衛生申請等システム（オープンデータ）","municipality_code":"13107","municipality_pref":"東京都","municipality_name":"墨田区","municipality_code_method":"food_exact_coord"},"geometry":{"type":"Point","coordinates":[139.796082,35.6953915]}},{"type":"Feature","properties":{"layer_id":"cafe_restaurant","name":"ＣＡＭＰＯ　ＳＯＬＡＲＥ（カンポ　ソラーレ）（W０２１１ー１・３・４）","category":"food","address":"東京都墨田区押上一丁目1番2号 東京スカイツリータウン東京ソラマチ2階","source":"厚生労働省 食品衛生申請等システム（オープンデータ）","municipality_code":"13107","municipality_pref":"東京都","municipality_name":"墨田区","municipality_code_method":"food_exact_coord"},"geometry":{"type":"Point","coordinates":[139.810669,35.710087]}},{"type":"Feature","properties":{"layer_id":"cafe_restaurant","name":"ロシア料理　ベルーガ","category":"food","address":"東京都墨田区業平一丁目７番２０号","source":"厚生労働省 食品衛生申請等システム（オープンデータ）","municipality_code":"13107","municipality_pref":"東京都","municipality_name":"墨田区","municipality_code_method":"food_exact_coord"},"geometry":{"type":"Point","coordinates":[139.81018,35.707676]}},{"type":"Feature","properties":{"layer_id":"cafe_restaurant","name":"サーティワンアイスクリーム　アルカキット錦糸町店","category":"food","address":"東京都墨田区錦糸二丁目2番1号 アルカキット錦糸町1階","source":"厚生労働省 食品衛生申請等システム（オープンデータ）","municipality_code":"13107","municipality_pref":"東京都","municipality_name":"墨田区","municipality_code_method":"food_exact_coord"},"geometry":{"type":"Point","coordinates":[139.812428,35.697302]}},{"type":"Feature","properties":{"layer_id":"cafe_restaurant","name":"サーティワンアイスクリーム錦糸町マルイ店","category":"food","address":"東京都墨田区江東橋三丁目９番１０号 錦糸町マルイ１階１１０区画","source":"厚生労働省 食品衛生申請等システム（オープンデータ）","municipality_code":"13107","municipality_pref":"東京都","municipality_name":"墨田区","municipality_code_method":"food_exact_coord"},"geometry":{"type":"Point","coordinates":[139.813707,35.694943]}},{"type":"Feature","properties":{"layer_id":"cafe_restaurant","name":"マグロスタンダード　錦糸町店","category":"food","address":"東京都墨田区江東橋二丁目１５番６号 １階","source":"厚生労働省 食品衛生申請等システム（オープンデータ）","municipality_code":"13107","municipality_pref":"東京都","municipality_name":"墨田区","municipality_code_method":"food_exact_coord"},"geometry":{"type":"Point","coordinates":[139.811649,35.695644]}},{"type":"Feature","properties":{"layer_id":"cafe_restaurant","name":"焼鶏メジャー錦糸町","category":"food","address":"東京都墨田区江東橋二丁目7番6号 Ｕビル1階","source":"厚生労働省 食品衛生申請等システム（オープンデータ）","municipality_code":"13107","municipality_pref":"東京都","municipality_name":"墨田区","municipality_code_method":"food_exact_coord"},"geometry":{"type":"Point","coordinates":[139.812541,35.694423]}},{"type":"Feature","properties":{"layer_id":"cafe_restaurant","name":"錦糸町炭火　成る","category":"food","address":"東京都墨田区江東橋二丁目7番6号 Ｕビル２階","source":"厚生労働省 食品衛生申請等システム（オープンデータ）","municipality_code":"13107","municipality_pref":"東京都","municipality_name":"墨田区","municipality_code_method":"food_exact_coord"},"geometry":{"type":"Point","coordinates":[139.812538,35.694413]}},{"type":"Feature","properties":{"layer_id":"cafe_restaurant","name":"ヤキトリ　ネクストサークル","category":"food","address":"東京都墨田区江東橋二丁目１６番８号 １Ｆ","source":"厚生労働省 食品衛生申請等システム（オープンデータ）","municipality_code":"13107","municipality_pref":"東京都","municipality_name":"墨田区","municipality_code_method":"food_exact_coord"},"geometry":{"type":"Point","coordinates":[139.812509,35.69579]}},{"type":"Feature","properties":{"layer_id":"cafe_restaurant","name":"街と山","category":"food","address":"東京都墨田区吾妻橋二丁目2番6号 1階","source":"厚生労働省 食品衛生申請等システム（オープンデータ）","municipality_code":"13107","municipality_pref":"東京都","municipality_name":"墨田区","municipality_code_method":"food_exact_coord"},"geometry":{"type":"Point","coordinates":[139.803826,35.708396]}},{"type":"Feature","properties":{"layer_id":"cafe_restaurant","name":"町のステーキ屋さん　加真呂","category":"food","address":"東京都墨田区千歳三丁目12番5号","source":"厚生労働省 食品衛生申請等システム（オープンデータ）","municipality_code":"13107","municipality_pref":"東京都","municipality_name":"墨田区","municipality_code_method":"food_exact_coord"},"geometry":{"type":"Point","coordinates":[139.797583,35.691053]}},{"type":"Feature","properties":{"layer_id":"cafe_restaurant","name":"笹互","category":"food","address":"東京都墨田区太平四丁目5番16号","source":"厚生労働省 食品衛生申請等システム（オープンデータ）","municipality_code":"13107","municipality_pref":"東京都","municipality_name":"墨田区","municipality_code_method":"food_exact_coord"},"geometry":{"type":"Point","coordinates":[139.817793,35.701521]}},{"type":"Feature","properties":{"layer_id":"cafe_restaurant","name":"ＣＬＵＢ　ＣＥＬＩＮＥ","category":"food","address":"東京都墨田区江東橋三丁目5番2号 サーストンビル5階503号室","source":"厚生労働省 食品衛生申請等システム（オープンデータ）","municipality_code":"13107","municipality_pref":"東京都","municipality_name":"墨田区","municipality_code_method":"food_exact_coord"},"geometry":{"type":"Point","coordinates":[139.813367,35.693964]}},{"type":"Feature","properties":{"layer_id":"cafe_restaurant","name":"フロプレステージュ 錦糸町テルミナ店","category":"food","address":"東京都墨田区錦糸１丁目２－４７ テルミナ２ １Ｆ","source":"厚生労働省 食品衛生申請等システム（オープンデータ）","municipality_code":"13107","municipality_pref":"東京都","municipality_name":"墨田区","municipality_code_method":"food_exact_coord"},"geometry":{"type":"Point","coordinates":[139.813989,35.69686]}},{"type":"Feature","properties":{"layer_id":"cafe_restaurant","name":"喜楽や","category":"food","address":"東京都墨田区両国四丁目20番5号","source":"厚生労働省 食品衛生申請等システム（オープンデータ）","municipality_code":"13107","municipality_pref":"東京都","municipality_name":"墨田区","municipality_code_method":"food_exact_coord"},"geometry":{"type":"Point","coordinates":[139.797533,35.693912]}},{"type":"Feature","properties":{"layer_id":"cafe_restaurant","name":"FoodFactory　HAMBUR","category":"food","address":"東京都墨田区緑一丁目１４番１０号","source":"厚生労働省 食品衛生申請等システム（オープンデータ）","municipality_code":"13107","municipality_pref":"東京都","municipality_name":"墨田区","municipality_code_method":"food_exact_coord"},"geometry":{"type":"Point","coordinates":[139.80022,35.694549]}},{"type":"Feature","properties":{"layer_id":"cafe_restaurant","name":"かぶら屋両国店","category":"food","address":"東京都墨田区横網一丁目３番８号","source":"厚生労働省 食品衛生申請等システム（オープンデータ）","municipality_code":"13107","municipality_pref":"東京都","municipality_name":"墨田区","municipality_code_method":"food_exact_coord"},"geometry":{"type":"Point","coordinates":[139.793601,35.695738]}},{"type":"Feature","properties":{"layer_id":"cafe_restaurant","name":"有限会社あみ清産業第一誠丸","category":"food","address":"東京都墨田区吾妻橋二丁目19番4号","source":"厚生労働省 食品衛生申請等システム（オープンデータ）","municipality_code":"13107","municipality_pref":"東京都","municipality_name":"墨田区","municipality_code_method":"food_exact_coord"},"geometry":{"type":"Point","coordinates":[139.802497,35.710922]}},{"type":"Feature","properties":{"layer_id":"cafe_restaurant","name":"船宿　あみ清　第１８美奈丸","category":"food","address":"東京都墨田区吾妻橋二丁目19番4号","source":"厚生労働省 食品衛生申請等システム（オープンデータ）","municipality_code":"13107","municipality_pref":"東京都","municipality_name":"墨田区","municipality_code_method":"food_exact_coord"},"geometry":{"type":"Point","coordinates":[139.802497,35.710922]}},{"type":"Feature","properties":{"layer_id":"cafe_restaurant","name":"ＢＡＮＡＮＡ　ＪＵＩＣＥ　ＴＯＫＹＯ","category":"food","address":"東京都墨田区江東橋三丁目9番10号","source":"厚生労働省 食品衛生申請等システム（オープンデータ）","municipality_code":"13107","municipality_pref":"東京都","municipality_name":"墨田区","municipality_code_method":"food_exact_coord"},"geometry":{"type":"Point","coordinates":[139.813367,35.695286]}},{"type":"Feature","properties":{"layer_id":"cafe_restaurant","name":"割烹　清繁","category":"food","address":"東京都墨田区石原三丁目28番7号","source":"厚生労働省 食品衛生申請等システム（オープンデータ）","municipality_code":"13107","municipality_pref":"東京都","municipality_name":"墨田区","municipality_code_method":"food_exact_coord"},"geometry":{"type":"Point","coordinates":[139.803576,35.701597]}},{"type":"Feature","properties":{"layer_id":"cafe_restaurant","name":"㊂いせや","category":"food","address":"東京都墨田区菊川三丁目9番1-106号","source":"厚生労働省 食品衛生申請等システム（オープンデータ）","municipality_code":"13107","municipality_pref":"東京都","municipality_name":"墨田区","municipality_code_method":"food_exact_coord"},"geometry":{"type":"Point","coordinates":[139.807432,35.688234]}},{"type":"Feature","properties":{"layer_id":"cafe_restaurant","name":"㊂いせや","category":"food","address":"東京都墨田区立川三丁目3番10号","source":"厚生労働省 食品衛生申請等システム（オープンデータ）","municipality_code":"13107","municipality_pref":"東京都","municipality_name":"墨田区","municipality_code_method":"food_exact_coord"},"geometry":{"type":"Point","coordinates":[139.805494,35.690167]}},{"type":"Feature","properties":{"layer_id":"cafe_restaurant","name":"Ｂａｒ　Ｌｏｕｎｇｅ　１ｓｔ","category":"food","address":"東京都墨田区東向島二丁目47番11号 ビッグウエスト向島ビル　6階604号室","source":"厚生労働省 食品衛生申請等システム（オープンデータ）","municipality_code":"13107","municipality_pref":"東京都","municipality_name":"墨田区","municipality_code_method":"food_exact_coord"},"geometry":{"type":"Point","coordinates":[139.818883,35.719204]}},{"type":"Feature","properties":{"layer_id":"cafe_restaurant","name":"花棒","category":"food","address":"東京都墨田区東向島二丁目31番15号 田澤第二ビル1F","source":"厚生労働省 食品衛生申請等システム（オープンデータ）","municipality_code":"13107","municipality_pref":"東京都","municipality_name":"墨田区","municipality_code_method":"food_exact_coord"},"geometry":{"type":"Point","coordinates":[139.818133,35.718483]}},{"type":"Feature","properties":{"layer_id":"cafe_restaurant","name":"洋食　５０ＢＡＮ","category":"food","address":"東京都墨田区八広四丁目25番8号","source":"厚生労働省 食品衛生申請等システム（オープンデータ）","municipality_code":"13107","municipality_pref":"東京都","municipality_name":"墨田区","municipality_code_method":"food_exact_coord"},"geometry":{"type":"Point","coordinates":[139.828766,35.72525]}},{"type":"Feature","properties":{"layer_id":"cafe_restaurant","name":"立呑み晩杯屋　両国店","category":"food","address":"東京都墨田区横網1丁目3-10","source":"厚生労働省 食品衛生申請等システム（オープンデータ）","municipality_code":"13107","municipality_pref":"東京都","municipality_name":"墨田区","municipality_code_method":"food_exact_coord"},"geometry":{"type":"Point","coordinates":[139.793281,35.695757]}},{"type":"Feature","properties":{"layer_id":"cafe_restaurant","name":"居酒屋ラピス","category":"food","address":"東京都墨田区東向島二丁目28番4号 第四テラシマ103号","source":"厚生労働省 食品衛生申請等システム（オープンデータ）","municipality_code":"13107","municipality_pref":"東京都","municipality_name":"墨田区","municipality_code_method":"food_exact_coord"},"geometry":{"type":"Point","coordinates":[139.817244,35.719158]}},{"type":"Feature","properties":{"layer_id":"cafe_restaurant","name":"やきとりさんきゅう　錦糸町店","category":"food","address":"東京都墨田区江東橋四丁目２０番１３号 山田ビル２階","source":"厚生労働省 食品衛生申請等システム（オープンデータ）","municipality_code":"13107","municipality_pref":"東京都","municipality_name":"墨田区","municipality_code_method":"food_exact_coord"},"geometry":{"type":"Point","coordinates":[139.815876,35.694995]}},{"type":"Feature","properties":{"layer_id":"cafe_restaurant","name":"おひつごはん四六時中　オリナス錦糸町","category":"food","address":"東京都墨田区太平四丁目１番２号 オリナスモール１Ｆ","source":"厚生労働省 食品衛生申請等システム（オープンデータ）","municipality_code":"13107","municipality_pref":"東京都","municipality_name":"墨田区","municipality_code_method":"food_exact_coord"},"geometry":{"type":"Point","coordinates":[139.815465,35.700383]}},{"type":"Feature","properties":{"layer_id":"cafe_restaurant","name":"うまいもの屋","category":"food","address":"東京都墨田区業平二丁目１６番１２号","source":"厚生労働省 食品衛生申請等システム（オープンデータ）","municipality_code":"13107","municipality_pref":"東京都","municipality_name":"墨田区","municipality_code_method":"food_exact_coord"},"geometry":{"type":"Point","coordinates":[139.811049,35.709145]}},{"type":"Feature","properties":{"layer_id":"cafe_restaurant","name":"ピリリの虎","category":"food","address":"東京都墨田区京島一丁目６番6号 アトラスタワー曳舟１０６号","source":"厚生労働省 食品衛生申請等システム（オープンデータ）","municipality_code":"13107","municipality_pref":"東京都","municipality_name":"墨田区","municipality_code_method":"food_exact_coord"},"geometry":{"type":"Point","coordinates":[139.818343,35.716454]}},{"type":"Feature","properties":{"layer_id":"cafe_restaurant","name":"すしざんまい東京スカイツリータウン・ソラマチ店（Ｅ０７１１）","category":"food","address":"東京都墨田区押上一丁目1番2号 東京スカイツリータウン東京ソラマチ7階","source":"厚生労働省 食品衛生申請等システム（オープンデータ）","municipality_code":"13107","municipality_pref":"東京都","municipality_name":"墨田区","municipality_code_method":"food_exact_coord"},"geometry":{"type":"Point","coordinates":[139.812079,35.710306]}},{"type":"Feature","properties":{"layer_id":"cafe_restaurant","name":"ラーメンガツン","category":"food","address":"東京都墨田区本所一丁目20番6号","source":"厚生労働省 食品衛生申請等システム（オープンデータ）","municipality_code":"13107","municipality_pref":"東京都","municipality_name":"墨田区","municipality_code_method":"food_exact_coord"},"geometry":{"type":"Point","coordinates":[139.797487,35.703455]}},{"type":"Feature","properties":{"layer_id":"cafe_restaurant","name":"寅ホテル　浅草","category":"food","address":"東京都墨田区東駒形二丁目13番3号","source":"厚生労働省 食品衛生申請等システム（オープンデータ）","municipality_code":"13107","municipality_pref":"東京都","municipality_name":"墨田区","municipality_code_method":"food_exact_coord"},"geometry":{"type":"Point","coordinates":[139.800947,35.7069]}},{"type":"Feature","properties":{"layer_id":"cafe_restaurant","name":"ＢＨＡＲＡＴＩ 　錦糸町","category":"food","address":"東京都墨田区太平四丁目６番１２号 小見ビル","source":"厚生労働省 食品衛生申請等システム（オープンデータ）","municipality_code":"13107","municipality_pref":"東京都","municipality_name":"墨田区","municipality_code_method":"food_exact_coord"},"geometry":{"type":"Point","coordinates":[139.817634,35.701547]}},{"type":"Feature","properties":{"layer_id":"cafe_restaurant","name":"ちゃんこＤｉｎｉｎｇ龍","category":"food","address":"東京都墨田区江東橋三丁目８番１２号 ＫＩＮＳＩＡ　ＡＮＮＥＸ２０３","source":"厚生労働省 食品衛生申請等システム（オープンデータ）","municipality_code":"13107","municipality_pref":"東京都","municipality_name":"墨田区","municipality_code_method":"food_exact_coord"},"geometry":{"type":"Point","coordinates":[139.814671,35.695109]}},{"type":"Feature","properties":{"layer_id":"cafe_restaurant","name":"居酒屋　魚銀","category":"food","address":"東京都墨田区文花二丁目10番1号 上田ビル1階","source":"厚生労働省 食品衛生申請等システム（オープンデータ）","municipality_code":"13107","municipality_pref":"東京都","municipality_name":"墨田区","municipality_code_method":"food_exact_coord"},"geometry":{"type":"Point","coordinates":[139.827916,35.710012]}},{"type":"Feature","properties":{"layer_id":"cafe_restaurant","name":"有限会社とねや","category":"food","address":"東京都墨田区向島三丁目4番2号","source":"厚生労働省 食品衛生申請等システム（オープンデータ）","municipality_code":"13107","municipality_pref":"東京都","municipality_name":"墨田区","municipality_code_method":"food_exact_coord"},"geometry":{"type":"Point","coordinates":[139.808421,35.714451]}},{"type":"Feature","properties":{"layer_id":"cafe_restaurant","name":"スクエアコーヒーロースター","category":"food","address":"東京都墨田区緑一丁目14番9号 岡ビル１Ｆ","source":"厚生労働省 食品衛生申請等システム（オープンデータ）","municipality_code":"13107","municipality_pref":"東京都","municipality_name":"墨田区","municipality_code_method":"food_exact_coord"},"geometry":{"type":"Point","coordinates":[139.79998,35.694525]}},{"type":"Feature","properties":{"layer_id":"cafe_restaurant","name":"国産牛焼肉くいどん 曳舟店","category":"food","address":"東京都墨田区京島一丁目6番15号","source":"厚生労働省 食品衛生申請等システム（オープンデータ）","municipality_code":"13107","municipality_pref":"東京都","municipality_name":"墨田区","municipality_code_method":"food_exact_coord"},"geometry":{"type":"Point","coordinates":[139.818113,35.716708]}},{"type":"Feature","properties":{"layer_id":"cafe_restaurant","name":"江戸匠苑／匠苑にくいち","category":"food","address":"東京都墨田区業平二丁目１９番３号 ＪＴＣ　ＮＥＷ　ＴＯＷＥＲ１階・２階","source":"厚生労働省 食品衛生申請等システム（オープンデータ）","municipality_code":"13107","municipality_pref":"東京都","municipality_name":"墨田区","municipality_code_method":"food_exact_coord"},"geometry":{"type":"Point","coordinates":[139.81126,35.70932]}},{"type":"Feature","properties":{"layer_id":"cafe_restaurant","name":"麦酒倶楽部ポパイ","category":"food","address":"東京都墨田区両国二丁目１８番７号 ハイツ両国駅前１階","source":"厚生労働省 食品衛生申請等システム（オープンデータ）","municipality_code":"13107","municipality_pref":"東京都","municipality_name":"墨田区","municipality_code_method":"food_exact_coord"},"geometry":{"type":"Point","coordinates":[139.792706,35.694996]}},{"type":"Feature","properties":{"layer_id":"cafe_restaurant","name":"有限会社上久商店","category":"food","address":"東京都墨田区太平一丁目２３番１２号","source":"厚生労働省 食品衛生申請等システム（オープンデータ）","municipality_code":"13107","municipality_pref":"東京都","municipality_name":"墨田区","municipality_code_method":"food_exact_coord"},"geometry":{"type":"Point","coordinates":[139.811481,35.701544]}},{"type":"Feature","properties":{"layer_id":"cafe_restaurant","name":"AILES","category":"food","address":"東京都墨田区江東橋二丁目6番10号 OTIAMU4階","source":"厚生労働省 食品衛生申請等システム（オープンデータ）","municipality_code":"13107","municipality_pref":"東京都","municipality_name":"墨田区","municipality_code_method":"food_exact_coord"},"geometry":{"type":"Point","coordinates":[139.813003,35.694188]}},{"type":"Feature","properties":{"layer_id":"cafe_restaurant","name":"ふくの鳥","category":"food","address":"東京都墨田区両国二丁目１８番１３号","source":"厚生労働省 食品衛生申請等システム（オープンデータ）","municipality_code":"13107","municipality_pref":"東京都","municipality_name":"墨田区","municipality_code_method":"food_exact_coord"},"geometry":{"type":"Point","coordinates":[139.792958,35.694896]}},{"type":"Feature","properties":{"layer_id":"cafe_restaurant","name":"中華料理　大福","category":"food","address":"東京都墨田区八広六丁目52番1号 木下ビル１F","source":"厚生労働省 食品衛生申請等システム（オープンデータ）","municipality_code":"13107","municipality_pref":"東京都","municipality_name":"墨田区","municipality_code_method":"food_exact_coord"},"geometry":{"type":"Point","coordinates":[139.829635,35.724835]}},{"type":"Feature","properties":{"layer_id":"cafe_restaurant","name":"ＶＡＬＸ　ＧＹＭ　錦糸町","category":"food","address":"東京都墨田区錦糸四丁目6番1号 ロッテシティ2階","source":"厚生労働省 食品衛生申請等システム（オープンデータ）","municipality_code":"13107","municipality_pref":"東京都","municipality_name":"墨田区","municipality_code_method":"food_exact_coord"},"geometry":{"type":"Point","coordinates":[139.815425,35.697461]}},{"type":"Feature","properties":{"layer_id":"cafe_restaurant","name":"こだわりとんかつ　かつき亭","category":"food","address":"東京都墨田区吾妻橋三丁目６番１５号","source":"厚生労働省 食品衛生申請等システム（オープンデータ）","municipality_code":"13107","municipality_pref":"東京都","municipality_name":"墨田区","municipality_code_method":"food_exact_coord"},"geometry":{"type":"Point","coordinates":[139.80631,35.708909]}},{"type":"Feature","properties":{"layer_id":"cafe_restaurant","name":"馬ぐるい","category":"food","address":"東京都墨田区江東橋三丁目３番８号 タカヨビルB１","source":"厚生労働省 食品衛生申請等システム（オープンデータ）","municipality_code":"13107","municipality_pref":"東京都","municipality_name":"墨田区","municipality_code_method":"food_exact_coord"},"geometry":{"type":"Point","coordinates":[139.814208,35.693493]}},{"type":"Feature","properties":{"layer_id":"cafe_restaurant","name":"とらふぐ亭　錦糸町店","category":"food","address":"東京都墨田区江東橋三丁目５番５号 富田金田ビル１・２F","source":"厚生労働省 食品衛生申請等システム（オープンデータ）","municipality_code":"13107","municipality_pref":"東京都","municipality_name":"墨田区","municipality_code_method":"food_exact_coord"},"geometry":{"type":"Point","coordinates":[139.813287,35.694327]}},{"type":"Feature","properties":{"layer_id":"cafe_restaurant","name":"とらふぐ亭　両国店","category":"food","address":"東京都墨田区両国二丁目１７番１７号","source":"厚生労働省 食品衛生申請等システム（オープンデータ）","municipality_code":"13107","municipality_pref":"東京都","municipality_name":"墨田区","municipality_code_method":"food_exact_coord"},"geometry":{"type":"Point","coordinates":[139.792667,35.694609]}},{"type":"Feature","properties":{"layer_id":"cafe_restaurant","name":"Ruban　De Fruits An","category":"food","address":"東京都墨田区押上1-1-2","source":"厚生労働省 食品衛生申請等システム（オープンデータ）","municipality_code":"13107","municipality_pref":"東京都","municipality_name":"墨田区","municipality_code_method":"food_exact_coord"},"geometry":{"type":"Point","coordinates":[139.810669,35.710087]}},{"type":"Feature","properties":{"layer_id":"cafe_restaurant","name":"喫茶　ロッジ","category":"food","address":"東京都墨田区江東橋三丁目５番６号 大澤ビル１階","source":"厚生労働省 食品衛生申請等システム（オープンデータ）","municipality_code":"13107","municipality_pref":"東京都","municipality_name":"墨田区","municipality_code_method":"food_exact_coord"},"geometry":{"type":"Point","coordinates":[139.814042,35.693947]}},{"type":"Feature","properties":{"layer_id":"cafe_restaurant","name":"七々","category":"food","address":"東京都墨田区東向島二丁目15番11号","source":"厚生労働省 食品衛生申請等システム（オープンデータ）","municipality_code":"13107","municipality_pref":"東京都","municipality_name":"墨田区","municipality_code_method":"food_exact_coord"},"geometry":{"type":"Point","coordinates":[139.815804,35.717747]}},{"type":"Feature","properties":{"layer_id":"cafe_restaurant","name":"シュベーネ","category":"food","address":"東京都墨田区菊川二丁目2番11号","source":"厚生労働省 食品衛生申請等システム（オープンデータ）","municipality_code":"13107","municipality_pref":"東京都","municipality_name":"墨田区","municipality_code_method":"food_exact_coord"},"geometry":{"type":"Point","coordinates":[139.805934,35.686898]}},{"type":"Feature","properties":{"layer_id":"cafe_restaurant","name":"千代田","category":"food","address":"東京都墨田区向島五丁目20番13号","source":"厚生労働省 食品衛生申請等システム（オープンデータ）","municipality_code":"13107","municipality_pref":"東京都","municipality_name":"墨田区","municipality_code_method":"food_exact_coord"},"geometry":{"type":"Point","coordinates":[139.810649,35.718276]}},{"type":"Feature","properties":{"layer_id":"cafe_restaurant","name":"オスロコーヒー　錦糸町テルミナ店","category":"food","address":"東京都墨田区江東橋三丁目１４番５号 錦糸町ステーションビル１Ｆ","source":"厚生労働省 食品衛生申請等システム（オープンデータ）","municipality_code":"13107","municipality_pref":"東京都","municipality_name":"墨田区","municipality_code_method":"food_exact_coord"},"geometry":{"type":"Point","coordinates":[139.813926,35.696446]}},{"type":"Feature","properties":{"layer_id":"cafe_restaurant","name":"SKYLOUNGE　ＰＲＩＯＲＩＴＹ","category":"food","address":"東京都墨田区江東橋三丁目14番13号 サンライズビル5階","source":"厚生労働省 食品衛生申請等システム（オープンデータ）","municipality_code":"13107","municipality_pref":"東京都","municipality_name":"墨田区","municipality_code_method":"food_exact_coord"},"geometry":{"type":"Point","coordinates":[139.813247,35.696212]}},{"type":"Feature","properties":{"layer_id":"cafe_restaurant","name":"vegeota.","category":"food","address":"東京都墨田区江東橋二丁目10番7号","source":"厚生労働省 食品衛生申請等システム（オープンデータ）","municipality_code":"13107","municipality_pref":"東京都","municipality_name":"墨田区","municipality_code_method":"food_exact_coord"},"geometry":{"type":"Point","coordinates":[139.812484,35.694655]}},{"type":"Feature","properties":{"layer_id":"cafe_restaurant","name":"ポールライト","category":"food","address":"東京都墨田区横網二丁目１番１１号 同愛記念病院内１F","source":"厚生労働省 食品衛生申請等システム（オープンデータ）","municipality_code":"13107","municipality_pref":"東京都","municipality_name":"墨田区","municipality_code_method":"food_exact_coord"},"geometry":{"type":"Point","coordinates":[139.794457,35.699109]}},{"type":"Feature","properties":{"layer_id":"cafe_restaurant","name":"アサヒ本社　フラムドール","category":"food","address":"東京都墨田区吾妻橋1－23－1 スーパードライホールB1・1F・2F・3F","source":"厚生労働省 食品衛生申請等システム（オープンデータ）","municipality_code":"13107","municipality_pref":"東京都","municipality_name":"墨田区","municipality_code_method":"food_exact_coord"},"geometry":{"type":"Point","coordinates":[139.800704,35.710114]}},{"type":"Feature","properties":{"layer_id":"cafe_restaurant","name":"アサヒ本社　ラ・ラナリータ","category":"food","address":"東京都墨田区吾妻橋1－23－1 アサヒグループ本社ビル22Ｆ","source":"厚生労働省 食品衛生申請等システム（オープンデータ）","municipality_code":"13107","municipality_pref":"東京都","municipality_name":"墨田区","municipality_code_method":"food_exact_coord"},"geometry":{"type":"Point","coordinates":[139.800526,35.710009]}},{"type":"Feature","properties":{"layer_id":"cafe_restaurant","name":"アサヒ本社　スカイルーム","category":"food","address":"東京都墨田区吾妻橋1－23－1 アサヒグループ本社ビル22Ｆ","source":"厚生労働省 食品衛生申請等システム（オープンデータ）","municipality_code":"13107","municipality_pref":"東京都","municipality_name":"墨田区","municipality_code_method":"food_exact_coord"},"geometry":{"type":"Point","coordinates":[139.800526,35.710009]}},{"type":"Feature","properties":{"layer_id":"cafe_restaurant","name":"アサヒ本社　ゲストルーム","category":"food","address":"東京都墨田区吾妻橋1－23－1 アサヒグループ本社ビル22Ｆ","source":"厚生労働省 食品衛生申請等システム（オープンデータ）","municipality_code":"13107","municipality_pref":"東京都","municipality_name":"墨田区","municipality_code_method":"food_exact_coord"},"geometry":{"type":"Point","coordinates":[139.800526,35.710009]}},{"type":"Feature","properties":{"layer_id":"cafe_restaurant","name":"アサヒ本社　本社食堂","category":"food","address":"東京都墨田区吾妻橋1－23－1 アサヒグループ本社ビル13Ｆ","source":"厚生労働省 食品衛生申請等システム（オープンデータ）","municipality_code":"13107","municipality_pref":"東京都","municipality_name":"墨田区","municipality_code_method":"food_exact_coord"},"geometry":{"type":"Point","coordinates":[139.800704,35.710114]}},{"type":"Feature","properties":{"layer_id":"cafe_restaurant","name":"アサヒ本社　アサヒテラス","category":"food","address":"東京都墨田区吾妻橋1－23－1 アサヒグループ本社ビル13Ｆ","source":"厚生労働省 食品衛生申請等システム（オープンデータ）","municipality_code":"13107","municipality_pref":"東京都","municipality_name":"墨田区","municipality_code_method":"food_exact_coord"},"geometry":{"type":"Point","coordinates":[139.800526,35.710009]}},{"type":"Feature","properties":{"layer_id":"cafe_restaurant","name":"アサヒ本社　隅田川ブルーイング","category":"food","address":"東京都墨田区吾妻橋1－23－1 アサヒビールアネックス２F","source":"厚生労働省 食品衛生申請等システム（オープンデータ）","municipality_code":"13107","municipality_pref":"東京都","municipality_name":"墨田区","municipality_code_method":"food_exact_coord"},"geometry":{"type":"Point","coordinates":[139.800526,35.710009]}},{"type":"Feature","properties":{"layer_id":"cafe_restaurant","name":"アサヒ本社　隅田川ブルーイング(バルstyle)","category":"food","address":"東京都墨田区吾妻橋1－23－1 アサヒビールアネックス1F","source":"厚生労働省 食品衛生申請等システム（オープンデータ）","municipality_code":"13107","municipality_pref":"東京都","municipality_name":"墨田区","municipality_code_method":"food_exact_coord"},"geometry":{"type":"Point","coordinates":[139.800526,35.710009]}},{"type":"Feature","properties":{"layer_id":"cafe_restaurant","name":"生粉亭","category":"food","address":"東京都墨田区墨田五丁目5番3号","source":"厚生労働省 食品衛生申請等システム（オープンデータ）","municipality_code":"13107","municipality_pref":"東京都","municipality_name":"墨田区","municipality_code_method":"food_exact_coord"},"geometry":{"type":"Point","coordinates":[139.818253,35.735694]}},{"type":"Feature","properties":{"layer_id":"cafe_restaurant","name":"天かめ","category":"food","address":"東京都墨田区両国四丁目27番5号","source":"厚生労働省 食品衛生申請等システム（オープンデータ）","municipality_code":"13107","municipality_pref":"東京都","municipality_name":"墨田区","municipality_code_method":"food_exact_coord"},"geometry":{"type":"Point","coordinates":[139.79522,35.694214]}},{"type":"Feature","properties":{"layer_id":"cafe_restaurant","name":"カフェマキネスティ　本店","category":"food","address":"東京都墨田区緑三丁目１１番５号 １階","source":"厚生労働省 食品衛生申請等システム（オープンデータ）","municipality_code":"13107","municipality_pref":"東京都","municipality_name":"墨田区","municipality_code_method":"food_exact_coord"},"geometry":{"type":"Point","coordinates":[139.805307,35.694818]}},{"type":"Feature","properties":{"layer_id":"cafe_restaurant","name":"わらび餅ドリンク　ＭＩＹＡＢＩ両国店","category":"food","address":"東京都墨田区石原一丁目28番12-103号","source":"厚生労働省 食品衛生申請等システム（オープンデータ）","municipality_code":"13107","municipality_pref":"東京都","municipality_name":"墨田区","municipality_code_method":"food_exact_coord"},"geometry":{"type":"Point","coordinates":[139.797603,35.700442]}},{"type":"Feature","properties":{"layer_id":"cafe_restaurant","name":"デリハック墨田店","category":"food","address":"東京都墨田区京島三丁目5番3号 エム・ティビル1階","source":"厚生労働省 食品衛生申請等システム（オープンデータ）","municipality_code":"13107","municipality_pref":"東京都","municipality_name":"墨田区","municipality_code_method":"food_exact_coord"},"geometry":{"type":"Point","coordinates":[139.821511,35.715638]}},{"type":"Feature","properties":{"layer_id":"cafe_restaurant","name":"ＴＨＥ　ＭＡＴＣＨＡ　ＴＯＫＹＯ　東京スカイツリータウンソラマチ（Ｅ０１０１・０１０２）","category":"food","address":"東京都墨田区押上一丁目１番２号 東京スカイツリータウン東京ソラマチ１階","source":"厚生労働省 食品衛生申請等システム（オープンデータ）","municipality_code":"13107","municipality_pref":"東京都","municipality_name":"墨田区","municipality_code_method":"food_exact_coord"},"geometry":{"type":"Point","coordinates":[139.810669,35.710087]}},{"type":"Feature","properties":{"layer_id":"cafe_restaurant","name":"もんじゃ焼き　ＣＨＩＣＯ","category":"food","address":"東京都墨田区吾妻橋三丁目６番１６号 ヴィラハイツ吾妻橋１０２","source":"厚生労働省 食品衛生申請等システム（オープンデータ）","municipality_code":"13107","municipality_pref":"東京都","municipality_name":"墨田区","municipality_code_method":"food_exact_coord"},"geometry":{"type":"Point","coordinates":[139.805916,35.709003]}},{"type":"Feature","properties":{"layer_id":"cafe_restaurant","name":"カラオケＢａｎＢａｎ錦糸町駅南口店","category":"food","address":"東京都墨田区江東橋三丁目８番１４号 第一錦糸ビル６、７Ｆ","source":"厚生労働省 食品衛生申請等システム（オープンデータ）","municipality_code":"13107","municipality_pref":"東京都","municipality_name":"墨田区","municipality_code_method":"food_exact_coord"},"geometry":{"type":"Point","coordinates":[139.814862,35.694686]}},{"type":"Feature","properties":{"layer_id":"cafe_restaurant","name":"Ｂａｒ　ＪｏｙｎＴ","category":"food","address":"東京都墨田区江東橋四丁目16番4号 かつらぎビル401号","source":"厚生労働省 食品衛生申請等システム（オープンデータ）","municipality_code":"13107","municipality_pref":"東京都","municipality_name":"墨田区","municipality_code_method":"food_exact_coord"},"geometry":{"type":"Point","coordinates":[139.816887,35.694763]}},{"type":"Feature","properties":{"layer_id":"cafe_restaurant","name":"T-coy","category":"food","address":"東京都墨田区石原一丁目19番5号 エーミン両国１F","source":"厚生労働省 食品衛生申請等システム（オープンデータ）","municipality_code":"13107","municipality_pref":"東京都","municipality_name":"墨田区","municipality_code_method":"food_exact_coord"},"geometry":{"type":"Point","coordinates":[139.798353,35.699741]}},{"type":"Feature","properties":{"layer_id":"cafe_restaurant","name":"Ｐｕｓｈ　ＵＰ　Ｗｈｉｓｋｙ","category":"food","address":"東京都墨田区押上一丁目13番10号","source":"厚生労働省 食品衛生申請等システム（オープンデータ）","municipality_code":"13107","municipality_pref":"東京都","municipality_name":"墨田区","municipality_code_method":"food_exact_coord"},"geometry":{"type":"Point","coordinates":[139.814366,35.710868]}},{"type":"Feature","properties":{"layer_id":"cafe_restaurant","name":"中国料理祥龍房","category":"food","address":"東京都墨田区吾妻橋二丁目2番8号 月川ビル1階","source":"厚生労働省 食品衛生申請等システム（オープンデータ）","municipality_code":"13107","municipality_pref":"東京都","municipality_name":"墨田区","municipality_code_method":"food_exact_coord"},"geometry":{"type":"Point","coordinates":[139.804206,35.708351]}},{"type":"Feature","properties":{"layer_id":"cafe_restaurant","name":"おでんと釜たき飯　あおちょ","category":"food","address":"東京都墨田区江東橋三丁目１１番３号 ソシアル錦糸町ビル４Ｆ","source":"厚生労働省 食品衛生申請等システム（オープンデータ）","municipality_code":"13107","municipality_pref":"東京都","municipality_name":"墨田区","municipality_code_method":"food_exact_coord"},"geometry":{"type":"Point","coordinates":[139.812867,35.696007]}},{"type":"Feature","properties":{"layer_id":"cafe_restaurant","name":"石臼挽きうどん　しゅはり","category":"food","address":"東京都墨田区錦糸二丁目５番１０号 私学ビルＢ１Ｆ","source":"厚生労働省 食品衛生申請等システム（オープンデータ）","municipality_code":"13107","municipality_pref":"東京都","municipality_name":"墨田区","municipality_code_method":"food_exact_coord"},"geometry":{"type":"Point","coordinates":[139.813204,35.698257]}},{"type":"Feature","properties":{"layer_id":"cafe_restaurant","name":"洋食堂　オレん家''","category":"food","address":"東京都墨田区太平三丁目１２番１０号 丸菱ビル１Ｆ","source":"厚生労働省 食品衛生申請等システム（オープンデータ）","municipality_code":"13107","municipality_pref":"東京都","municipality_name":"墨田区","municipality_code_method":"food_exact_coord"},"geometry":{"type":"Point","coordinates":[139.814227,35.701372]}},{"type":"Feature","properties":{"layer_id":"cafe_restaurant","name":"怪談Barガーリック・マネー・かも〜","category":"food","address":"東京都墨田区錦糸3丁目１３ー１２ L・Yビル","source":"厚生労働省 食品衛生申請等システム（オープンデータ）","municipality_code":"13107","municipality_pref":"東京都","municipality_name":"墨田区","municipality_code_method":"food_exact_coord"},"geometry":{"type":"Point","coordinates":[139.814176,35.699392]}},{"type":"Feature","properties":{"layer_id":"cafe_restaurant","name":"やよい軒　錦糸町北口店","category":"food","address":"東京都墨田区錦糸一丁目５番１７号 メゾンドール錦糸町１Ｆ","source":"厚生労働省 食品衛生申請等システム（オープンデータ）","municipality_code":"13107","municipality_pref":"東京都","municipality_name":"墨田区","municipality_code_method":"food_exact_coord"},"geometry":{"type":"Point","coordinates":[139.81001,35.697751]}},{"type":"Feature","properties":{"layer_id":"cafe_restaurant","name":"大阪王将　菊川店","category":"food","address":"東京都墨田区菊川三丁目16番1号","source":"厚生労働省 食品衛生申請等システム（オープンデータ）","municipality_code":"13107","municipality_pref":"東京都","municipality_name":"墨田区","municipality_code_method":"food_exact_coord"},"geometry":{"type":"Point","coordinates":[139.806244,35.688556]}},{"type":"Feature","properties":{"layer_id":"cafe_restaurant","name":"もつ焼　むらばやし","category":"food","address":"東京都墨田区緑一丁目4番5号","source":"厚生労働省 食品衛生申請等システム（オープンデータ）","municipality_code":"13107","municipality_pref":"東京都","municipality_name":"墨田区","municipality_code_method":"food_exact_coord"},"geometry":{"type":"Point","coordinates":[139.799498,35.692961]}},{"type":"Feature","properties":{"layer_id":"cafe_restaurant","name":"小金寿司","category":"food","address":"東京都墨田区押上一丁目19番12号","source":"厚生労働省 食品衛生申請等システム（オープンデータ）","municipality_code":"13107","municipality_pref":"東京都","municipality_name":"墨田区","municipality_code_method":"food_exact_coord"},"geometry":{"type":"Point","coordinates":[139.815805,35.711444]}},{"type":"Feature","properties":{"layer_id":"cafe_restaurant","name":"お好み焼き　花ぐるま","category":"food","address":"東京都墨田区東向島五丁目14番4号","source":"厚生労働省 食品衛生申請等システム（オープンデータ）","municipality_code":"13107","municipality_pref":"東京都","municipality_name":"墨田区","municipality_code_method":"food_exact_coord"},"geometry":{"type":"Point","coordinates":[139.821411,35.727113]}},{"type":"Feature","properties":{"layer_id":"cafe_restaurant","name":"Ｆｒａｔｔｏ　ｃａｆｅ－ふらっとカフェー","category":"food","address":"東京都墨田区東向島五丁目１６番２号","source":"厚生労働省 食品衛生申請等システム（オープンデータ）","municipality_code":"13107","municipality_pref":"東京都","municipality_name":"墨田区","municipality_code_method":"food_exact_coord"},"geometry":{"type":"Point","coordinates":[139.821077,35.725802]}},{"type":"Feature","properties":{"layer_id":"cafe_restaurant","name":"海鮮創作料理　魚河岸兄弟","category":"food","address":"東京都墨田区江東橋三丁目１２番５号 マスカットビル２Ｆ","source":"厚生労働省 食品衛生申請等システム（オープンデータ）","municipality_code":"13107","municipality_pref":"東京都","municipality_name":"墨田区","municipality_code_method":"food_exact_coord"},"geometry":{"type":"Point","coordinates":[139.813414,35.696062]}},{"type":"Feature","properties":{"layer_id":"cafe_restaurant","name":"有限会社　向島花月","category":"food","address":"東京都墨田区向島五丁目３２番７号","source":"厚生労働省 食品衛生申請等システム（オープンデータ）","municipality_code":"13107","municipality_pref":"東京都","municipality_name":"墨田区","municipality_code_method":"food_exact_coord"},"geometry":{"type":"Point","coordinates":[139.810718,35.716443]}},{"type":"Feature","properties":{"layer_id":"cafe_restaurant","name":"串かつ　でんがな　両国店","category":"food","address":"東京都墨田区両国三丁目25番9号 チサンマンション102号","source":"厚生労働省 食品衛生申請等システム（オープンデータ）","municipality_code":"13107","municipality_pref":"東京都","municipality_name":"墨田区","municipality_code_method":"food_exact_coord"},"geometry":{"type":"Point","coordinates":[139.794726,35.695344]}},{"type":"Feature","properties":{"layer_id":"cafe_restaurant","name":"高齢者専門宅配弁当　宅配クック１２３墨田店","category":"food","address":"東京都墨田区押上三丁目４２番１０号 伸東ビル１階","source":"厚生労働省 食品衛生申請等システム（オープンデータ）","municipality_code":"13107","municipality_pref":"東京都","municipality_name":"墨田区","municipality_code_method":"food_exact_coord"},"geometry":{"type":"Point","coordinates":[139.819842,35.710333]}},{"type":"Feature","properties":{"layer_id":"cafe_restaurant","name":"ｃｈｅｅｒ","category":"food","address":"東京都墨田区両国三丁目２４番５号 両国ガイビル１階","source":"厚生労働省 食品衛生申請等システム（オープンデータ）","municipality_code":"13107","municipality_pref":"東京都","municipality_name":"墨田区","municipality_code_method":"food_exact_coord"},"geometry":{"type":"Point","coordinates":[139.794306,35.695087]}},{"type":"Feature","properties":{"layer_id":"cafe_restaurant","name":"めとろ庵　錦糸町","category":"food","address":"東京都墨田区江東橋三丁目１４番６号 東京メトロ半蔵門線錦糸町駅構内","source":"厚生労働省 食品衛生申請等システム（オープンデータ）","municipality_code":"13107","municipality_pref":"東京都","municipality_name":"墨田区","municipality_code_method":"food_exact_coord"},"geometry":{"type":"Point","coordinates":[139.814426,35.694442]}},{"type":"Feature","properties":{"layer_id":"cafe_restaurant","name":"ダウン・タウン","category":"food","address":"東京都墨田区東駒形四丁目２４番１４号","source":"厚生労働省 食品衛生申請等システム（オープンデータ）","municipality_code":"13107","municipality_pref":"東京都","municipality_name":"墨田区","municipality_code_method":"food_exact_coord"},"geometry":{"type":"Point","coordinates":[139.805736,35.708024]}},{"type":"Feature","properties":{"layer_id":"cafe_restaurant","name":"株式会社　マルコシ両国店","category":"food","address":"東京都墨田区緑二丁目1番3号","source":"厚生労働省 食品衛生申請等システム（オープンデータ）","municipality_code":"13107","municipality_pref":"東京都","municipality_name":"墨田区","municipality_code_method":"food_exact_coord"},"geometry":{"type":"Point","coordinates":[139.800849,35.69255]}},{"type":"Feature","properties":{"layer_id":"cafe_restaurant","name":"アスコット","category":"food","address":"東京都墨田区江東橋二丁目６番１２号 バルビゾン３３　５Ｆ","source":"厚生労働省 食品衛生申請等システム（オープンデータ）","municipality_code":"13107","municipality_pref":"東京都","municipality_name":"墨田区","municipality_code_method":"food_exact_coord"},"geometry":{"type":"Point","coordinates":[139.813029,35.693994]}},{"type":"Feature","properties":{"layer_id":"cafe_restaurant","name":"横浜家系ラーメン赤家　小村井店","category":"food","address":"東京都墨田区文花三丁目２４番１４号 Ｆ１","source":"厚生労働省 食品衛生申請等システム（オープンデータ）","municipality_code":"13107","municipality_pref":"東京都","municipality_name":"墨田区","municipality_code_method":"food_exact_coord"},"geometry":{"type":"Point","coordinates":[139.828286,35.711748]}},{"type":"Feature","properties":{"layer_id":"cafe_restaurant","name":"夕日鍋と焼肉のお店","category":"food","address":"東京都墨田区両国二丁目18番2号","source":"厚生労働省 食品衛生申請等システム（オープンデータ）","municipality_code":"13107","municipality_pref":"東京都","municipality_name":"墨田区","municipality_code_method":"food_exact_coord"},"geometry":{"type":"Point","coordinates":[139.792079,35.695028]}},{"type":"Feature","properties":{"layer_id":"cafe_restaurant","name":"レストランようらく","category":"food","address":"東京都墨田区横網一丁目2番24号","source":"厚生労働省 食品衛生申請等システム（オープンデータ）","municipality_code":"13107","municipality_pref":"東京都","municipality_name":"墨田区","municipality_code_method":"food_exact_coord"},"geometry":{"type":"Point","coordinates":[139.791358,35.697077]}},{"type":"Feature","properties":{"layer_id":"cafe_restaurant","name":"Ｄ－Ｋｉｔｃｈｅｎ","category":"food","address":"東京都墨田区東墨田二丁目８番５号","source":"厚生労働省 食品衛生申請等システム（オープンデータ）","municipality_code":"13107","municipality_pref":"東京都","municipality_name":"墨田区","municipality_code_method":"food_exact_coord"},"geometry":{"type":"Point","coordinates":[139.831135,35.719857]}},{"type":"Feature","properties":{"layer_id":"cafe_restaurant","name":"川勇","category":"food","address":"東京都墨田区石原三丁目30番9号","source":"厚生労働省 食品衛生申請等システム（オープンデータ）","municipality_code":"13107","municipality_pref":"東京都","municipality_name":"墨田区","municipality_code_method":"food_exact_coord"},"geometry":{"type":"Point","coordinates":[139.804715,35.701497]}},{"type":"Feature","properties":{"layer_id":"cafe_restaurant","name":"比げ松","category":"food","address":"東京都墨田区業平四丁目14番14号","source":"厚生労働省 食品衛生申請等システム（オープンデータ）","municipality_code":"13107","municipality_pref":"東京都","municipality_name":"墨田区","municipality_code_method":"food_exact_coord"},"geometry":{"type":"Point","coordinates":[139.814966,35.708273]}},{"type":"Feature","properties":{"layer_id":"cafe_restaurant","name":"とり鉄　錦糸町店","category":"food","address":"東京都墨田区江東橋三丁目８番１４号","source":"厚生労働省 食品衛生申請等システム（オープンデータ）","municipality_code":"13107","municipality_pref":"東京都","municipality_name":"墨田区","municipality_code_method":"food_exact_coord"},"geometry":{"type":"Point","coordinates":[139.814853,35.694706]}},{"type":"Feature","properties":{"layer_id":"cafe_restaurant","name":"ＶＥＳＳＥＬ","category":"food","address":"東京都墨田区東向島二丁目30番11号 曳舟スカイハウス101","source":"厚生労働省 食品衛生申請等システム（オープンデータ）","municipality_code":"13107","municipality_pref":"東京都","municipality_name":"墨田区","municipality_code_method":"food_exact_coord"},"geometry":{"type":"Point","coordinates":[139.817395,35.717975]}},{"type":"Feature","properties":{"layer_id":"cafe_restaurant","name":"明神下神田川支店","category":"food","address":"東京都墨田区両国一丁目9番1号","source":"厚生労働省 食品衛生申請等システム（オープンデータ）","municipality_code":"13107","municipality_pref":"東京都","municipality_name":"墨田区","municipality_code_method":"food_exact_coord"},"geometry":{"type":"Point","coordinates":[139.790381,35.693685]}},{"type":"Feature","properties":{"layer_id":"cafe_restaurant","name":"月島もんじゃ　もへじ　両国店","category":"food","address":"東京都墨田区横網一丁目3番20号 両国江戸NOREN１F","source":"厚生労働省 食品衛生申請等システム（オープンデータ）","municipality_code":"13107","municipality_pref":"東京都","municipality_name":"墨田区","municipality_code_method":"food_exact_coord"},"geometry":{"type":"Point","coordinates":[139.792753,35.696535]}},{"type":"Feature","properties":{"layer_id":"cafe_restaurant","name":"けん玉横丁長屋　キラキラキッチン","category":"food","address":"東京都墨田区京島三丁目４８番５号","source":"厚生労働省 食品衛生申請等システム（オープンデータ）","municipality_code":"13107","municipality_pref":"東京都","municipality_name":"墨田区","municipality_code_method":"food_exact_coord"},"geometry":{"type":"Point","coordinates":[139.823989,35.713813]}},{"type":"Feature","properties":{"layer_id":"cafe_restaurant","name":"居酒屋　松ちゃん　東あずま店","category":"food","address":"東京都墨田区立花一丁目23番5-202-1号 サンタウン立花","source":"厚生労働省 食品衛生申請等システム（オープンデータ）","municipality_code":"13107","municipality_pref":"東京都","municipality_name":"墨田区","municipality_code_method":"food_exact_coord"},"geometry":{"type":"Point","coordinates":[139.831915,35.706538]}},{"type":"Feature","properties":{"layer_id":"cafe_restaurant","name":"かさねや　亀戸店","category":"food","address":"東京都墨田区立花五丁目１番２０号 カンアツ５号棟１Ｆ","source":"厚生労働省 食品衛生申請等システム（オープンデータ）","municipality_code":"13107","municipality_pref":"東京都","municipality_name":"墨田区","municipality_code_method":"food_exact_coord"},"geometry":{"type":"Point","coordinates":[139.828956,35.712904]}},{"type":"Feature","properties":{"layer_id":"cafe_restaurant","name":"sugahara","category":"food","address":"東京都墨田区江東橋二丁目14番1号","source":"厚生労働省 食品衛生申請等システム（オープンデータ）","municipality_code":"13107","municipality_pref":"東京都","municipality_name":"墨田区","municipality_code_method":"food_exact_coord"},"geometry":{"type":"Point","coordinates":[139.810646,35.69548]}},{"type":"Feature","properties":{"layer_id":"cafe_restaurant","name":"Ｒｏｍｅｏ　Ｂｒｅｗｅｒｙ","category":"food","address":"東京都墨田区押上二丁目１２番３号 サンライトビル１階","source":"厚生労働省 食品衛生申請等システム（オープンデータ）","municipality_code":"13107","municipality_pref":"東京都","municipality_name":"墨田区","municipality_code_method":"food_exact_coord"},"geometry":{"type":"Point","coordinates":[139.814644,35.711021]}},{"type":"Feature","properties":{"layer_id":"cafe_restaurant","name":"炭火焼き居酒屋　鳥錦","category":"food","address":"東京都墨田区錦糸三丁目１０番１号 三水ビル２・３Ｆ","source":"厚生労働省 食品衛生申請等システム（オープンデータ）","municipality_code":"13107","municipality_pref":"東京都","municipality_name":"墨田区","municipality_code_method":"food_exact_coord"},"geometry":{"type":"Point","coordinates":[139.813454,35.698789]}},{"type":"Feature","properties":{"layer_id":"cafe_restaurant","name":"居酒屋串楽錦糸町本店","category":"food","address":"東京都墨田区錦糸二丁目３番９号 アライビル２階","source":"厚生労働省 食品衛生申請等システム（オープンデータ）","municipality_code":"13107","municipality_pref":"東京都","municipality_name":"墨田区","municipality_code_method":"food_exact_coord"},"geometry":{"type":"Point","coordinates":[139.812559,35.697925]}},{"type":"Feature","properties":{"layer_id":"cafe_restaurant","name":"元祖　串八珍　両国店","category":"food","address":"東京都墨田区両国三丁目２４番１５号","source":"厚生労働省 食品衛生申請等システム（オープンデータ）","municipality_code":"13107","municipality_pref":"東京都","municipality_name":"墨田区","municipality_code_method":"food_exact_coord"},"geometry":{"type":"Point","coordinates":[139.793977,35.694946]}},{"type":"Feature","properties":{"layer_id":"cafe_restaurant","name":"アガシ","category":"food","address":"東京都墨田区錦糸四丁目6番７号 万正オンダビル２０１","source":"厚生労働省 食品衛生申請等システム（オープンデータ）","municipality_code":"13107","municipality_pref":"東京都","municipality_name":"墨田区","municipality_code_method":"food_exact_coord"},"geometry":{"type":"Point","coordinates":[139.815805,35.697631]}},{"type":"Feature","properties":{"layer_id":"cafe_restaurant","name":"和のごはん　みかづき","category":"food","address":"東京都墨田区太平三丁目８番９号","source":"厚生労働省 食品衛生申請等システム（オープンデータ）","municipality_code":"13107","municipality_pref":"東京都","municipality_name":"墨田区","municipality_code_method":"food_exact_coord"},"geometry":{"type":"Point","coordinates":[139.814457,35.700456]}},{"type":"Feature","properties":{"layer_id":"cafe_restaurant","name":"ＭＡＲＵＡ　Ｃａｆｅ","category":"food","address":"東京都墨田区両国一丁目1番7号","source":"厚生労働省 食品衛生申請等システム（オープンデータ）","municipality_code":"13107","municipality_pref":"東京都","municipality_name":"墨田区","municipality_code_method":"food_exact_coord"},"geometry":{"type":"Point","coordinates":[139.790711,35.691996]}},{"type":"Feature","properties":{"layer_id":"cafe_restaurant","name":"中国料理シノワ","category":"food","address":"東京都墨田区八広三丁目37番5号","source":"厚生労働省 食品衛生申請等システム（オープンデータ）","municipality_code":"13107","municipality_pref":"東京都","municipality_name":"墨田区","municipality_code_method":"food_exact_coord"},"geometry":{"type":"Point","coordinates":[139.829466,35.71839]}},{"type":"Feature","properties":{"layer_id":"cafe_restaurant","name":"とらばし","category":"food","address":"東京都墨田区京島三丁目62番17号","source":"厚生労働省 食品衛生申請等システム（オープンデータ）","municipality_code":"13107","municipality_pref":"東京都","municipality_name":"墨田区","municipality_code_method":"food_exact_coord"},"geometry":{"type":"Point","coordinates":[139.824119,35.712296]}},{"type":"Feature","properties":{"layer_id":"cafe_restaurant","name":"WithGreen錦糸町パルコ","category":"food","address":"東京都墨田区江東橋四丁目27番14号 錦糸町PARCO 1F","source":"厚生労働省 食品衛生申請等システム（オープンデータ）","municipality_code":"13107","municipality_pref":"東京都","municipality_name":"墨田区","municipality_code_method":"food_exact_coord"},"geometry":{"type":"Point","coordinates":[139.816498,35.69652]}},{"type":"Feature","properties":{"layer_id":"cafe_restaurant","name":"アジアンミントカフェ","category":"food","address":"東京都墨田区江東橋一丁目7番20号 トーカンマンション１F","source":"厚生労働省 食品衛生申請等システム（オープンデータ）","municipality_code":"13107","municipality_pref":"東京都","municipality_name":"墨田区","municipality_code_method":"food_exact_coord"},"geometry":{"type":"Point","coordinates":[139.810774,35.695125]}},{"type":"Feature","properties":{"layer_id":"cafe_restaurant","name":"株式会社マルエツ　プチ　両国緑一丁目店","category":"food","address":"東京都墨田区緑一丁目15番12号","source":"厚生労働省 食品衛生申請等システム（オープンデータ）","municipality_code":"13107","municipality_pref":"東京都","municipality_name":"墨田区","municipality_code_method":"food_exact_coord"},"geometry":{"type":"Point","coordinates":[139.798821,35.69421]}},{"type":"Feature","properties":{"layer_id":"cafe_restaurant","name":"下総屋","category":"food","address":"東京都墨田区横網一丁目12番33号","source":"厚生労働省 食品衛生申請等システム（オープンデータ）","municipality_code":"13107","municipality_pref":"東京都","municipality_name":"墨田区","municipality_code_method":"food_exact_coord"},"geometry":{"type":"Point","coordinates":[139.793148,35.697995]}},{"type":"Feature","properties":{"layer_id":"cafe_restaurant","name":"ＥＡＲＴＨＦＵＬＣＡＦＥ　ＴＯＫＹＯ","category":"food","address":"東京都墨田区本所一丁目２０番４号 ネクサスグレイス本所１Ｆ　１０１号","source":"厚生労働省 食品衛生申請等システム（オープンデータ）","municipality_code":"13107","municipality_pref":"東京都","municipality_name":"墨田区","municipality_code_method":"food_exact_coord"},"geometry":{"type":"Point","coordinates":[139.797223,35.703501]}},{"type":"Feature","properties":{"layer_id":"cafe_restaurant","name":"Ｓａｉ","category":"food","address":"東京都墨田区八広二丁目45番11号","source":"厚生労働省 食品衛生申請等システム（オープンデータ）","municipality_code":"13107","municipality_pref":"東京都","municipality_name":"墨田区","municipality_code_method":"food_exact_coord"},"geometry":{"type":"Point","coordinates":[139.825478,35.715315]}},{"type":"Feature","properties":{"layer_id":"cafe_restaurant","name":"(有)大和田","category":"food","address":"東京都墨田区向島四丁目１０番２１号","source":"厚生労働省 食品衛生申請等システム（オープンデータ）","municipality_code":"13107","municipality_pref":"東京都","municipality_name":"墨田区","municipality_code_method":"food_exact_coord"},"geometry":{"type":"Point","coordinates":[139.812808,35.716593]}},{"type":"Feature","properties":{"layer_id":"cafe_restaurant","name":"ＤＳＧ　ＳＴＡＮＤ","category":"food","address":"東京都墨田区亀沢三丁目１４番１５号 １Ｆ","source":"厚生労働省 食品衛生申請等システム（オープンデータ）","municipality_code":"13107","municipality_pref":"東京都","municipality_name":"墨田区","municipality_code_method":"food_exact_coord"},"geometry":{"type":"Point","coordinates":[139.805121,35.69752]}},{"type":"Feature","properties":{"layer_id":"cafe_restaurant","name":"ポルニック","category":"food","address":"東京都墨田区両国三丁目22番8号","source":"厚生労働省 食品衛生申請等システム（オープンデータ）","municipality_code":"13107","municipality_pref":"東京都","municipality_name":"墨田区","municipality_code_method":"food_exact_coord"},"geometry":{"type":"Point","coordinates":[139.793817,35.694738]}},{"type":"Feature","properties":{"layer_id":"cafe_restaurant","name":"mogumogu　うさぎ","category":"food","address":"東京都墨田区墨田3-39-7","source":"厚生労働省 食品衛生申請等システム（オープンデータ）","municipality_code":"13107","municipality_pref":"東京都","municipality_name":"墨田区","municipality_code_method":"food_exact_coord"},"geometry":{"type":"Point","coordinates":[139.821597,35.731459]}},{"type":"Feature","properties":{"layer_id":"cafe_restaurant","name":"米とサーカス　錦糸町ダービー通り店","category":"food","address":"東京都墨田区江東橋三丁目９番２１号 ニュー錦糸町ビル１０８","source":"厚生労働省 食品衛生申請等システム（オープンデータ）","municipality_code":"13107","municipality_pref":"東京都","municipality_name":"墨田区","municipality_code_method":"food_exact_coord"},"geometry":{"type":"Point","coordinates":[139.814112,35.694589]}},{"type":"Feature","properties":{"layer_id":"cafe_restaurant","name":"ラーメン　ガレオン","category":"food","address":"東京都墨田区東向島三丁目３５番６号 KSビル１F","source":"厚生労働省 食品衛生申請等システム（オープンデータ）","municipality_code":"13107","municipality_pref":"東京都","municipality_name":"墨田区","municipality_code_method":"food_exact_coord"},"geometry":{"type":"Point","coordinates":[139.815955,35.72109]}},{"type":"Feature","properties":{"layer_id":"cafe_restaurant","name":"多か将","category":"food","address":"東京都墨田区業平一丁目１２番５号 １Ｆ","source":"厚生労働省 食品衛生申請等システム（オープンデータ）","municipality_code":"13107","municipality_pref":"東京都","municipality_name":"墨田区","municipality_code_method":"food_exact_coord"},"geometry":{"type":"Point","coordinates":[139.80993,35.708661]}},{"type":"Feature","properties":{"layer_id":"cafe_restaurant","name":"銀座青果堂×元町食堂","category":"food","address":"東京都墨田区江東橋四丁目２７番１４号 錦糸町PARCO６階","source":"厚生労働省 食品衛生申請等システム（オープンデータ）","municipality_code":"13107","municipality_pref":"東京都","municipality_name":"墨田区","municipality_code_method":"food_exact_coord"},"geometry":{"type":"Point","coordinates":[139.816498,35.69652]}},{"type":"Feature","properties":{"layer_id":"cafe_restaurant","name":"ＭＯＮＴＥＥ　１３","category":"food","address":"東京都墨田区吾妻橋一丁目７番７号","source":"厚生労働省 食品衛生申請等システム（オープンデータ）","municipality_code":"13107","municipality_pref":"東京都","municipality_name":"墨田区","municipality_code_method":"food_exact_coord"},"geometry":{"type":"Point","coordinates":[139.801426,35.708709]}},{"type":"Feature","properties":{"layer_id":"cafe_restaurant","name":"中華料理　新僑亭","category":"food","address":"東京都墨田区墨田二丁目６番５号 １Ｆ","source":"厚生労働省 食品衛生申請等システム（オープンデータ）","municipality_code":"13107","municipality_pref":"東京都","municipality_name":"墨田区","municipality_code_method":"food_exact_coord"},"geometry":{"type":"Point","coordinates":[139.816454,35.732983]}},{"type":"Feature","properties":{"layer_id":"cafe_restaurant","name":"ユーフォリア","category":"food","address":"東京都墨田区江東橋三丁目６番３号 クリスタルビル４階２号室","source":"厚生労働省 食品衛生申請等システム（オープンデータ）","municipality_code":"13107","municipality_pref":"東京都","municipality_name":"墨田区","municipality_code_method":"food_exact_coord"},"geometry":{"type":"Point","coordinates":[139.814399,35.694238]}},{"type":"Feature","properties":{"layer_id":"cafe_restaurant","name":"ＣＯＧＯ　ＲＹＯＧＯＫＵ　１Ｆ","category":"food","address":"東京都墨田区両国四丁目３０番５号","source":"厚生労働省 食品衛生申請等システム（オープンデータ）","municipality_code":"13107","municipality_pref":"東京都","municipality_name":"墨田区","municipality_code_method":"food_exact_coord"},"geometry":{"type":"Point","coordinates":[139.796783,35.694321]}},{"type":"Feature","properties":{"layer_id":"cafe_restaurant","name":"Ｊｏｙ❜ｓ　Ｒｅｓｔａｕｒａｎｔ","category":"food","address":"東京都墨田区江東橋三丁目６番１号 ２Ｆ奥","source":"厚生労働省 食品衛生申請等システム（オープンデータ）","municipality_code":"13107","municipality_pref":"東京都","municipality_name":"墨田区","municipality_code_method":"food_exact_coord"},"geometry":{"type":"Point","coordinates":[139.814376,35.693982]}},{"type":"Feature","properties":{"layer_id":"cafe_restaurant","name":"俺の生きる道","category":"food","address":"東京都墨田区江東橋四丁目19番2号","source":"厚生労働省 食品衛生申請等システム（オープンデータ）","municipality_code":"13107","municipality_pref":"東京都","municipality_name":"墨田区","municipality_code_method":"food_exact_coord"},"geometry":{"type":"Point","coordinates":[139.815429,35.694733]}},{"type":"Feature","properties":{"layer_id":"cafe_restaurant","name":"穂乃香","category":"food","address":"東京都墨田区緑一丁目２５番７号","source":"厚生労働省 食品衛生申請等システム（オープンデータ）","municipality_code":"13107","municipality_pref":"東京都","municipality_name":"墨田区","municipality_code_method":"food_exact_coord"},"geometry":{"type":"Point","coordinates":[139.798821,35.695531]}},{"type":"Feature","properties":{"layer_id":"cafe_restaurant","name":"ＨＵＢロッテシティホテル錦糸町店","category":"food","address":"東京都墨田区錦糸四丁目６番１号 ロッテシティホテル錦糸町　Ｂ１Ｆ","source":"厚生労働省 食品衛生申請等システム（オープンデータ）","municipality_code":"13107","municipality_pref":"東京都","municipality_name":"墨田区","municipality_code_method":"food_exact_coord"},"geometry":{"type":"Point","coordinates":[139.815425,35.697461]}},{"type":"Feature","properties":{"layer_id":"cafe_restaurant","name":"82ロッテシティホテル錦糸町店","category":"food","address":"東京都墨田区錦糸四丁目6番１号 ロッテシティホテル錦糸町４F","source":"厚生労働省 食品衛生申請等システム（オープンデータ）","municipality_code":"13107","municipality_pref":"東京都","municipality_name":"墨田区","municipality_code_method":"food_exact_coord"},"geometry":{"type":"Point","coordinates":[139.815425,35.697461]}},{"type":"Feature","properties":{"layer_id":"cafe_restaurant","name":"（有）魚梅／さかなや梅","category":"food","address":"東京都墨田区吾妻橋二丁目１０番１号","source":"厚生労働省 食品衛生申請等システム（オープンデータ）","municipality_code":"13107","municipality_pref":"東京都","municipality_name":"墨田区","municipality_code_method":"food_exact_coord"},"geometry":{"type":"Point","coordinates":[139.802292,35.709385]}},{"type":"Feature","properties":{"layer_id":"cafe_restaurant","name":"イトーヨーカドー曳舟店・はなまるうどん","category":"food","address":"東京都墨田区京島一丁目２番１号 １Ｆ","source":"厚生労働省 食品衛生申請等システム（オープンデータ）","municipality_code":"13107","municipality_pref":"東京都","municipality_name":"墨田区","municipality_code_method":"food_exact_coord"},"geometry":{"type":"Point","coordinates":[139.817783,35.717455]}},{"type":"Feature","properties":{"layer_id":"cafe_restaurant","name":"ファミニューすみだ文花","category":"food","address":"東京都墨田区文花三丁目8番2号","source":"厚生労働省 食品衛生申請等システム（オープンデータ）","municipality_code":"13107","municipality_pref":"東京都","municipality_name":"墨田区","municipality_code_method":"food_exact_coord"},"geometry":{"type":"Point","coordinates":[139.825258,35.712303]}},{"type":"Feature","properties":{"layer_id":"cafe_restaurant","name":"鶏喰","category":"food","address":"東京都墨田区墨田三丁目31番3号 藤乃荘1階","source":"厚生労働省 食品衛生申請等システム（オープンデータ）","municipality_code":"13107","municipality_pref":"東京都","municipality_name":"墨田区","municipality_code_method":"food_exact_coord"},"geometry":{"type":"Point","coordinates":[139.819979,35.732623]}},{"type":"Feature","properties":{"layer_id":"cafe_restaurant","name":"羽釜おにぎり　えんむすび","category":"food","address":"東京都墨田区吾妻橋二丁目３番１４号","source":"厚生労働省 食品衛生申請等システム（オープンデータ）","municipality_code":"13107","municipality_pref":"東京都","municipality_name":"墨田区","municipality_code_method":"food_exact_coord"},"geometry":{"type":"Point","coordinates":[139.803489,35.708749]}},{"type":"Feature","properties":{"layer_id":"cafe_restaurant","name":"酒彩蕎麦　初代　東京ソラマチ店（E605)","category":"food","address":"東京都墨田区押上一丁目１番２号 東京スカイツリータウン東京ソラマチ６階","source":"厚生労働省 食品衛生申請等システム（オープンデータ）","municipality_code":"13107","municipality_pref":"東京都","municipality_name":"墨田区","municipality_code_method":"food_exact_coord"},"geometry":{"type":"Point","coordinates":[139.810669,35.710087]}},{"type":"Feature","properties":{"layer_id":"cafe_restaurant","name":"ＧＡＨＡＨＯＵＳＥ","category":"food","address":"東京都墨田区業平一丁目１０番６号 ことまちベース西棟２階","source":"厚生労働省 食品衛生申請等システム（オープンデータ）","municipality_code":"13107","municipality_pref":"東京都","municipality_name":"墨田区","municipality_code_method":"food_exact_coord"},"geometry":{"type":"Point","coordinates":[139.810699,35.708727]}},{"type":"Feature","properties":{"layer_id":"cafe_restaurant","name":"大覇道","category":"food","address":"東京都墨田区江東橋三丁目１２番８号 Ｏ・Ｔ・Ｋビル１階","source":"厚生労働省 食品衛生申請等システム（オープンデータ）","municipality_code":"13107","municipality_pref":"東京都","municipality_name":"墨田区","municipality_code_method":"food_exact_coord"},"geometry":{"type":"Point","coordinates":[139.813367,35.695722]}},{"type":"Feature","properties":{"layer_id":"cafe_restaurant","name":"イタリア食堂ジョイーレ","category":"food","address":"東京都墨田区江東橋四丁目２９番１４号 小峯ビル１Ｆ","source":"厚生労働省 食品衛生申請等システム（オープンデータ）","municipality_code":"13107","municipality_pref":"東京都","municipality_name":"墨田区","municipality_code_method":"food_exact_coord"},"geometry":{"type":"Point","coordinates":[139.816762,35.696039]}},{"type":"Feature","properties":{"layer_id":"cafe_restaurant","name":"串揚げ　依知川","category":"food","address":"東京都墨田区錦糸１丁目７番１５号 ＴＺビル１Ｆ","source":"厚生労働省 食品衛生申請等システム（オープンデータ）","municipality_code":"13107","municipality_pref":"東京都","municipality_name":"墨田区","municipality_code_method":"food_exact_coord"},"geometry":{"type":"Point","coordinates":[139.81032,35.698099]}},{"type":"Feature","properties":{"layer_id":"cafe_restaurant","name":"やきとり　鳥けい","category":"food","address":"東京都墨田区錦糸4丁目1番9号","source":"厚生労働省 食品衛生申請等システム（オープンデータ）","municipality_code":"13107","municipality_pref":"東京都","municipality_name":"墨田区","municipality_code_method":"food_exact_coord"},"geometry":{"type":"Point","coordinates":[139.815702,35.697213]}},{"type":"Feature","properties":{"layer_id":"cafe_restaurant","name":"京えび天そば","category":"food","address":"東京都墨田区江東橋三丁目９番２１号 ニュー錦糸町ビル１０３号","source":"厚生労働省 食品衛生申請等システム（オープンデータ）","municipality_code":"13107","municipality_pref":"東京都","municipality_name":"墨田区","municipality_code_method":"food_exact_coord"},"geometry":{"type":"Point","coordinates":[139.814112,35.694589]}},{"type":"Feature","properties":{"layer_id":"cafe_restaurant","name":"ニャットタン　アジアン　レストラン","category":"food","address":"東京都墨田区太平四丁目４番５号","source":"厚生労働省 食品衛生申請等システム（オープンデータ）","municipality_code":"13107","municipality_pref":"東京都","municipality_name":"墨田区","municipality_code_method":"food_exact_coord"},"geometry":{"type":"Point","coordinates":[139.818033,35.701223]}},{"type":"Feature","properties":{"layer_id":"cafe_restaurant","name":"都立墨田特別支援学校","category":"food","address":"東京都墨田区八広五丁目10番2号","source":"厚生労働省 食品衛生申請等システム（オープンデータ）","municipality_code":"13107","municipality_pref":"東京都","municipality_name":"墨田区","municipality_code_method":"food_exact_coord"},"geometry":{"type":"Point","coordinates":[139.825098,35.725226]}},{"type":"Feature","properties":{"layer_id":"cafe_restaurant","name":"株式会社バーガーキング錦糸町北口店","category":"food","address":"東京都墨田区錦糸一丁目４番８号 篠田ビル１Ｆ、２Ｆ","source":"厚生労働省 食品衛生申請等システム（オープンデータ）","municipality_code":"13107","municipality_pref":"東京都","municipality_name":"墨田区","municipality_code_method":"food_exact_coord"},"geometry":{"type":"Point","coordinates":[139.81183,35.697873]}},{"type":"Feature","properties":{"layer_id":"cafe_restaurant","name":"ZINO錦糸町店","category":"food","address":"東京都墨田区江東橋３丁目８−１１ おいてけ堀ＭＳＭビル２階","source":"厚生労働省 食品衛生申請等システム（オープンデータ）","municipality_code":"13107","municipality_pref":"東京都","municipality_name":"墨田区","municipality_code_method":"food_exact_coord"},"geometry":{"type":"Point","coordinates":[139.814826,35.695163]}},{"type":"Feature","properties":{"layer_id":"cafe_restaurant","name":"SHRIJA　ASIAN　FOOD","category":"food","address":"東京都墨田区太平一丁目19番8号","source":"厚生労働省 食品衛生申請等システム（オープンデータ）","municipality_code":"13107","municipality_pref":"東京都","municipality_name":"墨田区","municipality_code_method":"food_exact_coord"},"geometry":{"type":"Point","coordinates":[139.809715,35.701092]}},{"type":"Feature","properties":{"layer_id":"cafe_restaurant","name":"俊安堂","category":"food","address":"東京都墨田区石原二丁目１８番７号","source":"厚生労働省 食品衛生申請等システム（オープンデータ）","municipality_code":"13107","municipality_pref":"東京都","municipality_name":"墨田区","municipality_code_method":"food_exact_coord"},"geometry":{"type":"Point","coordinates":[139.800103,35.700565]}},{"type":"Feature","properties":{"layer_id":"cafe_restaurant","name":"ＴＥＴ","category":"food","address":"東京都墨田区太平四丁目１８番５号 伊勢彦ビル１Ｆ","source":"厚生労働省 食品衛生申請等システム（オープンデータ）","municipality_code":"13107","municipality_pref":"東京都","municipality_name":"墨田区","municipality_code_method":"food_exact_coord"},"geometry":{"type":"Point","coordinates":[139.816485,35.702819]}},{"type":"Feature","properties":{"layer_id":"cafe_restaurant","name":"ＰＡＬＡＺＺＯ　ＳＡＮ　ＧＵＳＴＯ","category":"food","address":"東京都墨田区業平一丁目２１番７号","source":"厚生労働省 食品衛生申請等システム（オープンデータ）","municipality_code":"13107","municipality_pref":"東京都","municipality_name":"墨田区","municipality_code_method":"food_exact_coord"},"geometry":{"type":"Point","coordinates":[139.810899,35.709115]}},{"type":"Feature","properties":{"layer_id":"cafe_restaurant","name":"有限会社尾張屋","category":"food","address":"東京都墨田区石原三丁目２０番８号","source":"厚生労働省 食品衛生申請等システム（オープンデータ）","municipality_code":"13107","municipality_pref":"東京都","municipality_name":"墨田区","municipality_code_method":"food_exact_coord"},"geometry":{"type":"Point","coordinates":[139.80359,35.700714]}},{"type":"Feature","properties":{"layer_id":"cafe_restaurant","name":"らーめんくろふね","category":"food","address":"東京都墨田区本所四丁目２０番５号","source":"厚生労働省 食品衛生申請等システム（オープンデータ）","municipality_code":"13107","municipality_pref":"東京都","municipality_name":"墨田区","municipality_code_method":"food_exact_coord"},"geometry":{"type":"Point","coordinates":[139.804825,35.705173]}},{"type":"Feature","properties":{"layer_id":"cafe_restaurant","name":"中華そば満鶏軒","category":"food","address":"東京都墨田区江東橋二丁目5番3号 井上ビル１F","source":"厚生労働省 食品衛生申請等システム（オープンデータ）","municipality_code":"13107","municipality_pref":"東京都","municipality_name":"墨田区","municipality_code_method":"food_exact_coord"},"geometry":{"type":"Point","coordinates":[139.812211,35.694005]}},{"type":"Feature","properties":{"layer_id":"cafe_restaurant","name":"麺魚","category":"food","address":"東京都墨田区江東橋二丁目８番８号","source":"厚生労働省 食品衛生申請等システム（オープンデータ）","municipality_code":"13107","municipality_pref":"東京都","municipality_name":"墨田区","municipality_code_method":"food_exact_coord"},"geometry":{"type":"Point","coordinates":[139.811836,35.694167]}},{"type":"Feature","properties":{"layer_id":"cafe_restaurant","name":"真鯛らーめん麺魚　錦糸町パルコ店","category":"food","address":"東京都墨田区江東橋四丁目２７番１４号 楽天地ビル１Ｆ","source":"厚生労働省 食品衛生申請等システム（オープンデータ）","municipality_code":"13107","municipality_pref":"東京都","municipality_name":"墨田区","municipality_code_method":"food_exact_coord"},"geometry":{"type":"Point","coordinates":[139.816498,35.69652]}},{"type":"Feature","properties":{"layer_id":"cafe_restaurant","name":"つけ麵屋ごんろく","category":"food","address":"東京都墨田区緑一丁目28番11号 イトーピア両国ステーションコート１０３","source":"厚生労働省 食品衛生申請等システム（オープンデータ）","municipality_code":"13107","municipality_pref":"東京都","municipality_name":"墨田区","municipality_code_method":"food_exact_coord"},"geometry":{"type":"Point","coordinates":[139.79786,35.695167]}},{"type":"Feature","properties":{"layer_id":"cafe_restaurant","name":"ケンタッキーフライドチキン錦糸町楽天地店","category":"food","address":"東京都墨田区江東橋四丁目２７番１４号 楽天地ビルおなかスクエア２階","source":"厚生労働省 食品衛生申請等システム（オープンデータ）","municipality_code":"13107","municipality_pref":"東京都","municipality_name":"墨田区","municipality_code_method":"food_exact_coord"},"geometry":{"type":"Point","coordinates":[139.81566,35.696311]}},{"type":"Feature","properties":{"layer_id":"cafe_restaurant","name":"ＯＮＥ＠Ｔｏｋｙｏ　ｂｙ　ｉｎｓｏｍｎｉａ","category":"food","address":"東京都墨田区押上一丁目１９番３号","source":"厚生労働省 食品衛生申請等システム（オープンデータ）","municipality_code":"13107","municipality_pref":"東京都","municipality_name":"墨田区","municipality_code_method":"food_exact_coord"},"geometry":{"type":"Point","coordinates":[139.816035,35.71178]}},{"type":"Feature","properties":{"layer_id":"cafe_restaurant","name":"与兵衛鮨","category":"food","address":"東京都墨田区業平一丁目１５番２号","source":"厚生労働省 食品衛生申請等システム（オープンデータ）","municipality_code":"13107","municipality_pref":"東京都","municipality_name":"墨田区","municipality_code_method":"food_exact_coord"},"geometry":{"type":"Point","coordinates":[139.808222,35.708596]}},{"type":"Feature","properties":{"layer_id":"cafe_restaurant","name":"タンドリーパレス　ＴＡＮＤＯＯＲＩ　ＰＡＬＡＣＥ","category":"food","address":"東京都墨田区両国二丁目１６番５号 関口印刷ビル１Ｆ","source":"厚生労働省 食品衛生申請等システム（オープンデータ）","municipality_code":"13107","municipality_pref":"東京都","municipality_name":"墨田区","municipality_code_method":"food_exact_coord"},"geometry":{"type":"Point","coordinates":[139.79151,35.694504]}},{"type":"Feature","properties":{"layer_id":"cafe_restaurant","name":"喫茶ランドリー","category":"food","address":"東京都墨田区千歳二丁目６番９号 イマケンビル１階","source":"厚生労働省 食品衛生申請等システム（オープンデータ）","municipality_code":"13107","municipality_pref":"東京都","municipality_name":"墨田区","municipality_code_method":"food_exact_coord"},"geometry":{"type":"Point","coordinates":[139.794492,35.690843]}},{"type":"Feature","properties":{"layer_id":"cafe_restaurant","name":"ＲＯＵＧＥ","category":"food","address":"東京都墨田区江東橋三丁目８番１０号 井野ビル６階","source":"厚生労働省 食品衛生申請等システム（オープンデータ）","municipality_code":"13107","municipality_pref":"東京都","municipality_name":"墨田区","municipality_code_method":"food_exact_coord"},"geometry":{"type":"Point","coordinates":[139.814826,35.695161]}},{"type":"Feature","properties":{"layer_id":"cafe_restaurant","name":"ラーメン　串焼　翼","category":"food","address":"東京都墨田区業平四丁目１番７号","source":"厚生労働省 食品衛生申請等システム（オープンデータ）","municipality_code":"13107","municipality_pref":"東京都","municipality_name":"墨田区","municipality_code_method":"food_exact_coord"},"geometry":{"type":"Point","coordinates":[139.814403,35.706509]}},{"type":"Feature","properties":{"layer_id":"cafe_restaurant","name":"オリナスモール　100時間カレー　オリナス錦糸町店","category":"food","address":"東京都墨田区太平四丁目1番2号 オリナス錦糸町 3F（FCT-5区画）","source":"厚生労働省 食品衛生申請等システム（オープンデータ）","municipality_code":"13107","municipality_pref":"東京都","municipality_name":"墨田区","municipality_code_method":"food_exact_coord"},"geometry":{"type":"Point","coordinates":[139.815945,35.700862]}},{"type":"Feature","properties":{"layer_id":"cafe_restaurant","name":"きのめ亭","category":"food","address":"東京都墨田区東駒形二丁目２番４号","source":"厚生労働省 食品衛生申請等システム（オープンデータ）","municipality_code":"13107","municipality_pref":"東京都","municipality_name":"墨田区","municipality_code_method":"food_exact_coord"},"geometry":{"type":"Point","coordinates":[139.800529,35.705534]}},{"type":"Feature","properties":{"layer_id":"cafe_restaurant","name":"Single　O　Ryogoku","category":"food","address":"東京都墨田区亀沢三丁目21番5号","source":"厚生労働省 食品衛生申請等システム（オープンデータ）","municipality_code":"13107","municipality_pref":"東京都","municipality_name":"墨田区","municipality_code_method":"food_exact_coord"},"geometry":{"type":"Point","coordinates":[139.803256,35.697989]}},{"type":"Feature","properties":{"layer_id":"cafe_restaurant","name":"スーパーダイニング　ヴェルデュール　竹園","category":"food","address":"東京都墨田区錦糸一丁目２番２号 東武ホテルレバント東京２階","source":"厚生労働省 食品衛生申請等システム（オープンデータ）","municipality_code":"13107","municipality_pref":"東京都","municipality_name":"墨田区","municipality_code_method":"food_exact_coord"},"geometry":{"type":"Point","coordinates":[139.810829,35.697236]}},{"type":"Feature","properties":{"layer_id":"cafe_restaurant","name":"スカイツリービューレストラン　簾","category":"food","address":"東京都墨田区錦糸一丁目２番２号 東武ホテルレバント東京２４階","source":"厚生労働省 食品衛生申請等システム（オープンデータ）","municipality_code":"13107","municipality_pref":"東京都","municipality_name":"墨田区","municipality_code_method":"food_exact_coord"},"geometry":{"type":"Point","coordinates":[139.810829,35.697236]}},{"type":"Feature","properties":{"layer_id":"cafe_restaurant","name":"きまま","category":"food","address":"東京都墨田区本所一丁目34番11号","source":"厚生労働省 食品衛生申請等システム（オープンデータ）","municipality_code":"13107","municipality_pref":"東京都","municipality_name":"墨田区","municipality_code_method":"food_exact_coord"},"geometry":{"type":"Point","coordinates":[139.796721,35.703887]}},{"type":"Feature","properties":{"layer_id":"cafe_restaurant","name":"黒毛和牛焼肉　うしくろ　菊川店","category":"food","address":"東京都墨田区菊川一丁目１０番２号","source":"厚生労働省 食品衛生申請等システム（オープンデータ）","municipality_code":"13107","municipality_pref":"東京都","municipality_name":"墨田区","municipality_code_method":"food_exact_coord"},"geometry":{"type":"Point","coordinates":[139.80302,35.688511]}},{"type":"Feature","properties":{"layer_id":"cafe_restaurant","name":"珈琲家","category":"food","address":"東京都墨田区東向島二丁目13番7号","source":"厚生労働省 食品衛生申請等システム（オープンデータ）","municipality_code":"13107","municipality_pref":"東京都","municipality_name":"墨田区","municipality_code_method":"food_exact_coord"},"geometry":{"type":"Point","coordinates":[139.816225,35.717297]}},{"type":"Feature","properties":{"layer_id":"cafe_restaurant","name":"ＥＭＭＡ","category":"food","address":"東京都墨田区江東橋三丁目５番１号 ザ・バレル立田ビル６０２号室","source":"厚生労働省 食品衛生申請等システム（オープンデータ）","municipality_code":"13107","municipality_pref":"東京都","municipality_name":"墨田区","municipality_code_method":"food_exact_coord"},"geometry":{"type":"Point","coordinates":[139.813363,35.69387]}},{"type":"Feature","properties":{"layer_id":"cafe_restaurant","name":"アウグスビアダイナー","category":"food","address":"東京都墨田区両国","source":"厚生労働省 食品衛生申請等システム（オープンデータ）","municipality_code":"13107","municipality_pref":"東京都","municipality_name":"墨田区","municipality_code_method":"food_exact_coord"},"geometry":{"type":"Point","coordinates":[139.792688,35.693775]}},{"type":"Feature","properties":{"layer_id":"cafe_restaurant","name":"子育てステーション　こだち","category":"food","address":"東京都墨田区立花一丁目23番5号 201-4","source":"厚生労働省 食品衛生申請等システム（オープンデータ）","municipality_code":"13107","municipality_pref":"東京都","municipality_name":"墨田区","municipality_code_method":"food_exact_coord"},"geometry":{"type":"Point","coordinates":[139.831152,35.706647]}},{"type":"Feature","properties":{"layer_id":"cafe_restaurant","name":"横浜家系ラーメン　金安商店","category":"food","address":"東京都墨田区立花四丁目２６番１８号 １Ｆ","source":"厚生労働省 食品衛生申請等システム（オープンデータ）","municipality_code":"13107","municipality_pref":"東京都","municipality_name":"墨田区","municipality_code_method":"food_exact_coord"},"geometry":{"type":"Point","coordinates":[139.832555,35.707252]}},{"type":"Feature","properties":{"layer_id":"cafe_restaurant","name":"ＴＨＥ　ＭＯＲＮＩＮＧ　ＦＯＬＫＳ　ＯＳＨＩＡＧＥ","category":"food","address":"東京都墨田区業平一丁目１０番６号 西棟１Ｆ","source":"厚生労働省 食品衛生申請等システム（オープンデータ）","municipality_code":"13107","municipality_pref":"東京都","municipality_name":"墨田区","municipality_code_method":"food_exact_coord"},"geometry":{"type":"Point","coordinates":[139.810699,35.708727]}},{"type":"Feature","properties":{"layer_id":"cafe_restaurant","name":"華林","category":"food","address":"東京都墨田区緑一丁目２０番６号 １Ｆ","source":"厚生労働省 食品衛生申請等システム（オープンデータ）","municipality_code":"13107","municipality_pref":"東京都","municipality_name":"墨田区","municipality_code_method":"food_exact_coord"},"geometry":{"type":"Point","coordinates":[139.799421,35.695054]}},{"type":"Feature","properties":{"layer_id":"cafe_restaurant","name":"ターリー屋　錦糸町店","category":"food","address":"東京都墨田区江東橋三丁目９番１０号","source":"厚生労働省 食品衛生申請等システム（オープンデータ）","municipality_code":"13107","municipality_pref":"東京都","municipality_name":"墨田区","municipality_code_method":"food_exact_coord"},"geometry":{"type":"Point","coordinates":[139.813707,35.694943]}},{"type":"Feature","properties":{"layer_id":"cafe_restaurant","name":"らーめん　せい家　錦糸町店","category":"food","address":"東京都墨田区錦糸三丁目７番３号 オフィスナカジマビル１Ｆ","source":"厚生労働省 食品衛生申請等システム（オープンデータ）","municipality_code":"13107","municipality_pref":"東京都","municipality_name":"墨田区","municipality_code_method":"food_exact_coord"},"geometry":{"type":"Point","coordinates":[139.813527,35.698692]}},{"type":"Feature","properties":{"layer_id":"cafe_restaurant","name":"政鮨","category":"food","address":"東京都墨田区石原四丁目２６番１号","source":"厚生労働省 食品衛生申請等システム（オープンデータ）","municipality_code":"13107","municipality_pref":"東京都","municipality_name":"墨田区","municipality_code_method":"food_exact_coord"},"geometry":{"type":"Point","coordinates":[139.806343,35.700884]}},{"type":"Feature","properties":{"layer_id":"cafe_restaurant","name":"(有)桔梗家","category":"food","address":"東京都墨田区両国一丁目１３番１５号","source":"厚生労働省 食品衛生申請等システム（オープンデータ）","municipality_code":"13107","municipality_pref":"東京都","municipality_name":"墨田区","municipality_code_method":"food_exact_coord"},"geometry":{"type":"Point","coordinates":[139.790307,35.694356]}},{"type":"Feature","properties":{"layer_id":"cafe_restaurant","name":"日本酒バル　ふとっぱらや　錦糸町店","category":"food","address":"東京都墨田区錦糸四丁目6番10号","source":"厚生労働省 食品衛生申請等システム（オープンデータ）","municipality_code":"13107","municipality_pref":"東京都","municipality_name":"墨田区","municipality_code_method":"food_exact_coord"},"geometry":{"type":"Point","coordinates":[139.815845,35.697432]}},{"type":"Feature","properties":{"layer_id":"cafe_restaurant","name":"uni CAFE","category":"food","address":"東京都墨田区太平三丁目13番7号 HB錦糸町1階","source":"厚生労働省 食品衛生申請等システム（オープンデータ）","municipality_code":"13107","municipality_pref":"東京都","municipality_name":"墨田区","municipality_code_method":"food_exact_coord"},"geometry":{"type":"Point","coordinates":[139.814418,35.701654]}},{"type":"Feature","properties":{"layer_id":"cafe_restaurant","name":"ＦＵＧＡＤＯＲ　ＣＯＦＦＥＥ","category":"food","address":"東京都墨田区錦糸四丁目１５番１号","source":"厚生労働省 食品衛生申請等システム（オープンデータ）","municipality_code":"13107","municipality_pref":"東京都","municipality_name":"墨田区","municipality_code_method":"food_exact_coord"},"geometry":{"type":"Point","coordinates":[139.817213,35.699532]}},{"type":"Feature","properties":{"layer_id":"cafe_restaurant","name":"大戸屋ごはん処　アルカキット錦糸町店","category":"food","address":"東京都墨田区錦糸二丁目2番1号 アルカキット錦糸町10F","source":"厚生労働省 食品衛生申請等システム（オープンデータ）","municipality_code":"13107","municipality_pref":"東京都","municipality_name":"墨田区","municipality_code_method":"food_exact_coord"},"geometry":{"type":"Point","coordinates":[139.812428,35.697302]}},{"type":"Feature","properties":{"layer_id":"cafe_restaurant","name":"ゴーゴーカレー曳舟駅前パーク","category":"food","address":"東京都墨田区京島一丁目２番２号 イーストコア曳舟3番館１１４－１","source":"厚生労働省 食品衛生申請等システム（オープンデータ）","municipality_code":"13107","municipality_pref":"東京都","municipality_name":"墨田区","municipality_code_method":"food_exact_coord"},"geometry":{"type":"Point","coordinates":[139.817488,35.717232]}},{"type":"Feature","properties":{"layer_id":"cafe_restaurant","name":"焼肉　墨火亭","category":"food","address":"東京都墨田区東向島二丁目31番13号","source":"厚生労働省 食品衛生申請等システム（オープンデータ）","municipality_code":"13107","municipality_pref":"東京都","municipality_name":"墨田区","municipality_code_method":"food_exact_coord"},"geometry":{"type":"Point","coordinates":[139.818264,35.718568]}},{"type":"Feature","properties":{"layer_id":"cafe_restaurant","name":"ＬｕＩＥＮ","category":"food","address":"東京都墨田区菊川一丁目６番７号","source":"厚生労働省 食品衛生申請等システム（オープンデータ）","municipality_code":"13107","municipality_pref":"東京都","municipality_name":"墨田区","municipality_code_method":"food_exact_coord"},"geometry":{"type":"Point","coordinates":[139.801103,35.6885]}},{"type":"Feature","properties":{"layer_id":"cafe_restaurant","name":"ＧＯＫＵ　ＧＯＫＵ","category":"food","address":"東京都墨田区江東橋四丁目２７番１号 錦糸町ＰＡＲＣＯ１階フードホール内","source":"厚生労働省 食品衛生申請等システム（オープンデータ）","municipality_code":"13107","municipality_pref":"東京都","municipality_name":"墨田区","municipality_code_method":"food_exact_coord"},"geometry":{"type":"Point","coordinates":[139.815865,35.696309]}},{"type":"Feature","properties":{"layer_id":"cafe_restaurant","name":"願（Ｅ０４０４）","category":"food","address":"東京都墨田区押上一丁目１番２号 東京スカイツリータウン東京ソラマチ４階","source":"厚生労働省 食品衛生申請等システム（オープンデータ）","municipality_code":"13107","municipality_pref":"東京都","municipality_name":"墨田区","municipality_code_method":"food_exact_coord"},"geometry":{"type":"Point","coordinates":[139.810669,35.710087]}},{"type":"Feature","properties":{"layer_id":"cafe_restaurant","name":"星乃珈琲店　東京スカイツリーソラマチ店（Ｗ０４０２）","category":"food","address":"東京都墨田区押上一丁目１番２号 東京スカイツリータウン東京ソラマチ４階","source":"厚生労働省 食品衛生申請等システム（オープンデータ）","municipality_code":"13107","municipality_pref":"東京都","municipality_name":"墨田区","municipality_code_method":"food_exact_coord"},"geometry":{"type":"Point","coordinates":[139.812079,35.710306]}},{"type":"Feature","properties":{"layer_id":"cafe_restaurant","name":"半田酒店","category":"food","address":"東京都墨田区押上二丁目１２番７号 セトル中之郷１０１","source":"厚生労働省 食品衛生申請等システム（オープンデータ）","municipality_code":"13107","municipality_pref":"東京都","municipality_name":"墨田区","municipality_code_method":"food_exact_coord"},"geometry":{"type":"Point","coordinates":[139.814644,35.711021]}},{"type":"Feature","properties":{"layer_id":"cafe_restaurant","name":"串治郎","category":"food","address":"東京都墨田区江東橋三丁目１１番５号 東洲ビル２Ｆ","source":"厚生労働省 食品衛生申請等システム（オープンデータ）","municipality_code":"13107","municipality_pref":"東京都","municipality_name":"墨田区","municipality_code_method":"food_exact_coord"},"geometry":{"type":"Point","coordinates":[139.813047,35.695989]}},{"type":"Feature","properties":{"layer_id":"cafe_restaurant","name":"てけてけ錦糸町南口店","category":"food","address":"東京都墨田区江東橋三丁目１４番１３号 サンライズビル２Ｆ","source":"厚生労働省 食品衛生申請等システム（オープンデータ）","municipality_code":"13107","municipality_pref":"東京都","municipality_name":"墨田区","municipality_code_method":"food_exact_coord"},"geometry":{"type":"Point","coordinates":[139.813247,35.696212]}},{"type":"Feature","properties":{"layer_id":"cafe_restaurant","name":"てけてけ　両国店","category":"food","address":"東京都墨田区両国三丁目２６番８号 ニューダイコクビル２階","source":"厚生労働省 食品衛生申請等システム（オープンデータ）","municipality_code":"13107","municipality_pref":"東京都","municipality_name":"墨田区","municipality_code_method":"food_exact_coord"},"geometry":{"type":"Point","coordinates":[139.793773,35.695472]}},{"type":"Feature","properties":{"layer_id":"cafe_restaurant","name":"ツリービレッジ・カフェＡ（Ｗ０４０１－１）","category":"food","address":"東京都墨田区押上一丁目１番２号 東京スカイツリータウン東京ソラマチ４階","source":"厚生労働省 食品衛生申請等システム（オープンデータ）","municipality_code":"13107","municipality_pref":"東京都","municipality_name":"墨田区","municipality_code_method":"food_exact_coord"},"geometry":{"type":"Point","coordinates":[139.812079,35.710306]}},{"type":"Feature","properties":{"layer_id":"cafe_restaurant","name":"ツリービレッジ・カフェＢ（Ｗ０４０１－１）","category":"food","address":"東京都墨田区押上一丁目１番２号 東京スカイツリータウン東京ソラマチ４階","source":"厚生労働省 食品衛生申請等システム（オープンデータ）","municipality_code":"13107","municipality_pref":"東京都","municipality_name":"墨田区","municipality_code_method":"food_exact_coord"},"geometry":{"type":"Point","coordinates":[139.812079,35.710306]}},{"type":"Feature","properties":{"layer_id":"cafe_restaurant","name":"ぐるぐるしゃかしゃか（Ｅ４０１５）","category":"food","address":"東京都墨田区押上一丁目１番２号 東京スカイツリータウン東京ソラマチ４階","source":"厚生労働省 食品衛生申請等システム（オープンデータ）","municipality_code":"13107","municipality_pref":"東京都","municipality_name":"墨田区","municipality_code_method":"food_exact_coord"},"geometry":{"type":"Point","coordinates":[139.812079,35.710306]}},{"type":"Feature","properties":{"layer_id":"cafe_restaurant","name":"ＨＥＬＬＬＯ　ＧＲＥＥＫ　東京ソラマチ店（Ｗ２０２－４）","category":"food","address":"東京都墨田区押上一丁目１番２号 東京スカイツリータウン東京ソラマチ２階","source":"厚生労働省 食品衛生申請等システム（オープンデータ）","municipality_code":"13107","municipality_pref":"東京都","municipality_name":"墨田区","municipality_code_method":"food_exact_coord"},"geometry":{"type":"Point","coordinates":[139.812079,35.710306]}},{"type":"Feature","properties":{"layer_id":"cafe_restaurant","name":"江戸蕎麦手打處　岩ぶち","category":"food","address":"東京都墨田区両国三丁目２１番７号","source":"厚生労働省 食品衛生申請等システム（オープンデータ）","municipality_code":"13107","municipality_pref":"東京都","municipality_name":"墨田区","municipality_code_method":"food_exact_coord"},"geometry":{"type":"Point","coordinates":[139.794506,35.694808]}},{"type":"Feature","properties":{"layer_id":"cafe_restaurant","name":"ＡＳＩＡＮ　ＳＨＯＰ","category":"food","address":"東京都墨田区菊川三丁目15番2号-1F","source":"厚生労働省 食品衛生申請等システム（オープンデータ）","municipality_code":"13107","municipality_pref":"東京都","municipality_name":"墨田区","municipality_code_method":"food_exact_coord"},"geometry":{"type":"Point","coordinates":[139.807395,35.688757]}},{"type":"Feature","properties":{"layer_id":"cafe_restaurant","name":"ＴＨＡＩ　ＫＩＴＣＨＥＮ","category":"food","address":"東京都墨田区錦糸四丁目１１番６号","source":"厚生労働省 食品衛生申請等システム（オープンデータ）","municipality_code":"13107","municipality_pref":"東京都","municipality_name":"墨田区","municipality_code_method":"food_exact_coord"},"geometry":{"type":"Point","coordinates":[139.817773,35.697979]}},{"type":"Feature","properties":{"layer_id":"cafe_restaurant","name":"ゼッテリア錦糸町店","category":"food","address":"東京都墨田区錦糸四丁目1番6号","source":"厚生労働省 食品衛生申請等システム（オープンデータ）","municipality_code":"13107","municipality_pref":"東京都","municipality_name":"墨田区","municipality_code_method":"food_exact_coord"},"geometry":{"type":"Point","coordinates":[139.815194,35.697202]}},{"type":"Feature","properties":{"layer_id":"cafe_restaurant","name":"イベントスペース","category":"food","address":"東京都墨田区東向島五丁目13番10号","source":"厚生労働省 食品衛生申請等システム（オープンデータ）","municipality_code":"13107","municipality_pref":"東京都","municipality_name":"墨田区","municipality_code_method":"food_exact_coord"},"geometry":{"type":"Point","coordinates":[139.820286,35.727342]}},{"type":"Feature","properties":{"layer_id":"cafe_restaurant","name":"カフェ＆バー　モンパ","category":"food","address":"東京都墨田区錦糸四丁目１４番９号 チグサビル２０３","source":"厚生労働省 食品衛生申請等システム（オープンデータ）","municipality_code":"13107","municipality_pref":"東京都","municipality_name":"墨田区","municipality_code_method":"food_exact_coord"},"geometry":{"type":"Point","coordinates":[139.815475,35.697782]}},{"type":"Feature","properties":{"layer_id":"cafe_restaurant","name":"株式会社ローソンストア１００東駒形二丁目","category":"food","address":"東京都墨田区東駒形二丁目9番11号","source":"厚生労働省 食品衛生申請等システム（オープンデータ）","municipality_code":"13107","municipality_pref":"東京都","municipality_name":"墨田区","municipality_code_method":"food_exact_coord"},"geometry":{"type":"Point","coordinates":[139.800692,35.706023]}},{"type":"Feature","properties":{"layer_id":"cafe_restaurant","name":"新鮮家","category":"food","address":"東京都墨田区押上二丁目１番１号 押上２丁目アパート１号棟１１１","source":"厚生労働省 食品衛生申請等システム（オープンデータ）","municipality_code":"13107","municipality_pref":"東京都","municipality_name":"墨田区","municipality_code_method":"food_exact_coord"},"geometry":{"type":"Point","coordinates":[139.809167,35.710715]}},{"type":"Feature","properties":{"layer_id":"cafe_restaurant","name":"鶏林らーめん","category":"food","address":"東京都墨田区両国四丁目３２番２号","source":"厚生労働省 食品衛生申請等システム（オープンデータ）","municipality_code":"13107","municipality_pref":"東京都","municipality_name":"墨田区","municipality_code_method":"food_exact_coord"},"geometry":{"type":"Point","coordinates":[139.795042,35.694681]}},{"type":"Feature","properties":{"layer_id":"cafe_restaurant","name":"らーめん　なりたけ","category":"food","address":"東京都墨田区錦糸三丁目3番２号","source":"厚生労働省 食品衛生申請等システム（オープンデータ）","municipality_code":"13107","municipality_pref":"東京都","municipality_name":"墨田区","municipality_code_method":"food_exact_coord"},"geometry":{"type":"Point","coordinates":[139.813577,35.69804]}},{"type":"Feature","properties":{"layer_id":"cafe_restaurant","name":"牛角　錦糸町テルミナ店","category":"food","address":"東京都墨田区江東橋二丁目19番1号 テルミナウエストウイング４階","source":"厚生労働省 食品衛生申請等システム（オープンデータ）","municipality_code":"13107","municipality_pref":"東京都","municipality_name":"墨田区","municipality_code_method":"food_exact_coord"},"geometry":{"type":"Point","coordinates":[139.812947,35.696326]}},{"type":"Feature","properties":{"layer_id":"cafe_restaurant","name":"ＣＡＦＥ　ＧＲＡＮＤＤＡＤ","category":"food","address":"東京都墨田区菊川三丁目１４番２号","source":"厚生労働省 食品衛生申請等システム（オープンデータ）","municipality_code":"13107","municipality_pref":"東京都","municipality_name":"墨田区","municipality_code_method":"food_exact_coord"},"geometry":{"type":"Point","coordinates":[139.808538,35.688854]}},{"type":"Feature","properties":{"layer_id":"cafe_restaurant","name":"ＬＡＮＤ＿Ａ","category":"food","address":"東京都墨田区向島一丁目２番４号","source":"厚生労働省 食品衛生申請等システム（オープンデータ）","municipality_code":"13107","municipality_pref":"東京都","municipality_name":"墨田区","municipality_code_method":"food_exact_coord"},"geometry":{"type":"Point","coordinates":[139.802724,35.711301]}},{"type":"Feature","properties":{"layer_id":"cafe_restaurant","name":"廻る元祖寿司錦糸町駅前店","category":"food","address":"東京都墨田区江東橋三丁目１１番４号","source":"厚生労働省 食品衛生申請等システム（オープンデータ）","municipality_code":"13107","municipality_pref":"東京都","municipality_name":"墨田区","municipality_code_method":"food_exact_coord"},"geometry":{"type":"Point","coordinates":[139.812971,35.696044]}},{"type":"Feature","properties":{"layer_id":"cafe_restaurant","name":"SAHANJI オリナス錦糸町","category":"food","address":"東京都墨田区太平四丁目１番２号 オリナス錦糸町","source":"厚生労働省 食品衛生申請等システム（オープンデータ）","municipality_code":"13107","municipality_pref":"東京都","municipality_name":"墨田区","municipality_code_method":"food_exact_coord"},"geometry":{"type":"Point","coordinates":[139.815465,35.700383]}},{"type":"Feature","properties":{"layer_id":"cafe_restaurant","name":"ASIAN　RESTAURANT　BASUDEV","category":"food","address":"東京都墨田区緑一丁目18番3号 メインステージ１F","source":"厚生労働省 食品衛生申請等システム（オープンデータ）","municipality_code":"13107","municipality_pref":"東京都","municipality_name":"墨田区","municipality_code_method":"food_exact_coord"},"geometry":{"type":"Point","coordinates":[139.79801,35.695036]}},{"type":"Feature","properties":{"layer_id":"cafe_restaurant","name":"八方美人居酒屋","category":"food","address":"東京都墨田区江東橋三丁目５番４号 富田金田ビル２Ｆ","source":"厚生労働省 食品衛生申請等システム（オープンデータ）","municipality_code":"13107","municipality_pref":"東京都","municipality_name":"墨田区","municipality_code_method":"food_exact_coord"},"geometry":{"type":"Point","coordinates":[139.813302,35.694256]}},{"type":"Feature","properties":{"layer_id":"cafe_restaurant","name":"リムターン","category":"food","address":"東京都墨田区東向島二丁目１１番２１号 ２Ｆ","source":"厚生労働省 食品衛生申請等システム（オープンデータ）","municipality_code":"13107","municipality_pref":"東京都","municipality_name":"墨田区","municipality_code_method":"food_exact_coord"},"geometry":{"type":"Point","coordinates":[139.814606,35.715914]}},{"type":"Feature","properties":{"layer_id":"cafe_restaurant","name":"千寿司吾妻橋店","category":"food","address":"東京都墨田区吾妻橋一丁目４番４号","source":"厚生労働省 食品衛生申請等システム（オープンデータ）","municipality_code":"13107","municipality_pref":"東京都","municipality_name":"墨田区","municipality_code_method":"food_exact_coord"},"geometry":{"type":"Point","coordinates":[139.800891,35.708022]}},{"type":"Feature","properties":{"layer_id":"cafe_restaurant","name":"甘者屋","category":"food","address":"東京都墨田区菊川二丁目１８番１２号","source":"厚生労働省 食品衛生申請等システム（オープンデータ）","municipality_code":"13107","municipality_pref":"東京都","municipality_name":"墨田区","municipality_code_method":"food_exact_coord"},"geometry":{"type":"Point","coordinates":[139.805563,35.68903]}},{"type":"Feature","properties":{"layer_id":"cafe_restaurant","name":"カレーハウスＣｏＣｏ壱番屋　ＪＲ錦糸町駅南口店","category":"food","address":"東京都墨田区江東橋三丁目７番９号 ＣＤビル１Ｆ","source":"厚生労働省 食品衛生申請等システム（オープンデータ）","municipality_code":"13107","municipality_pref":"東京都","municipality_name":"墨田区","municipality_code_method":"food_exact_coord"},"geometry":{"type":"Point","coordinates":[139.814702,35.694001]}},{"type":"Feature","properties":{"layer_id":"cafe_restaurant","name":"築地銀だこ（Ｗ０３１０）","category":"food","address":"東京都墨田区押上一丁目１番２号 東京スカイツリータウン東京ソラマチ３階","source":"厚生労働省 食品衛生申請等システム（オープンデータ）","municipality_code":"13107","municipality_pref":"東京都","municipality_name":"墨田区","municipality_code_method":"food_exact_coord"},"geometry":{"type":"Point","coordinates":[139.810669,35.710087]}},{"type":"Feature","properties":{"layer_id":"cafe_restaurant","name":"ふぐちゃんこ鳥義","category":"food","address":"東京都墨田区石原三丁目17番3号","source":"厚生労働省 食品衛生申請等システム（オープンデータ）","municipality_code":"13107","municipality_pref":"東京都","municipality_name":"墨田区","municipality_code_method":"food_exact_coord"},"geometry":{"type":"Point","coordinates":[139.803207,35.7004]}},{"type":"Feature","properties":{"layer_id":"cafe_restaurant","name":"よりみちcafe","category":"food","address":"東京都墨田区本所四丁目4番11-101号 ヴェルステージ本所吾妻橋","source":"厚生労働省 食品衛生申請等システム（オープンデータ）","municipality_code":"13107","municipality_pref":"東京都","municipality_name":"墨田区","municipality_code_method":"food_exact_coord"},"geometry":{"type":"Point","coordinates":[139.806513,35.702463]}},{"type":"Feature","properties":{"layer_id":"cafe_restaurant","name":"ポポラマーマ　曳舟店","category":"food","address":"東京都墨田区京島一丁目１番１‐２１１号","source":"厚生労働省 食品衛生申請等システム（オープンデータ）","municipality_code":"13107","municipality_pref":"東京都","municipality_name":"墨田区","municipality_code_method":"food_exact_coord"},"geometry":{"type":"Point","coordinates":[139.817184,35.716462]}},{"type":"Feature","properties":{"layer_id":"cafe_restaurant","name":"串真","category":"food","address":"東京都墨田区本所四丁目19番14号 竹内ビル１０１号","source":"厚生労働省 食品衛生申請等システム（オープンデータ）","municipality_code":"13107","municipality_pref":"東京都","municipality_name":"墨田区","municipality_code_method":"food_exact_coord"},"geometry":{"type":"Point","coordinates":[139.805254,35.704063]}},{"type":"Feature","properties":{"layer_id":"cafe_restaurant","name":"サーティワンアイスクリーム　菊川駅前店","category":"food","address":"東京都墨田区菊川3丁目7-4","source":"厚生労働省 食品衛生申請等システム（オープンデータ）","municipality_code":"13107","municipality_pref":"東京都","municipality_name":"墨田区","municipality_code_method":"food_exact_coord"},"geometry":{"type":"Point","coordinates":[139.80631,35.688226]}},{"type":"Feature","properties":{"layer_id":"cafe_restaurant","name":"ろすとんハウス","category":"food","address":"東京都墨田区江東橋二丁目６番１４号 エスカイア錦糸町プラザ２０２号","source":"厚生労働省 食品衛生申請等システム（オープンデータ）","municipality_code":"13107","municipality_pref":"東京都","municipality_name":"墨田区","municipality_code_method":"food_exact_coord"},"geometry":{"type":"Point","coordinates":[139.812188,35.694981]}},{"type":"Feature","properties":{"layer_id":"cafe_restaurant","name":"小森店","category":"food","address":"東京都墨田区吾妻橋三丁目１１番１号 小森コーポレーション地下２階","source":"厚生労働省 食品衛生申請等システム（オープンデータ）","municipality_code":"13107","municipality_pref":"東京都","municipality_name":"墨田区","municipality_code_method":"food_exact_coord"},"geometry":{"type":"Point","coordinates":[139.805714,35.709394]}},{"type":"Feature","properties":{"layer_id":"cafe_restaurant","name":"サブウェイ","category":"food","address":"東京都墨田区太平四丁目1番5号 オリナスコアB1階","source":"厚生労働省 食品衛生申請等システム（オープンデータ）","municipality_code":"13107","municipality_pref":"東京都","municipality_name":"墨田区","municipality_code_method":"food_exact_coord"},"geometry":{"type":"Point","coordinates":[139.817144,35.700553]}},{"type":"Feature","properties":{"layer_id":"cafe_restaurant","name":"MMC","category":"food","address":"東京都墨田区亀沢二丁目10番7号 レジデンスホクサイ１F","source":"厚生労働省 食品衛生申請等システム（オープンデータ）","municipality_code":"13107","municipality_pref":"東京都","municipality_name":"墨田区","municipality_code_method":"food_exact_coord"},"geometry":{"type":"Point","coordinates":[139.802652,35.697004]}},{"type":"Feature","properties":{"layer_id":"cafe_restaurant","name":"ホテル　レイフィールド","category":"food","address":"東京都墨田区江東橋四丁目６番１３号","source":"厚生労働省 食品衛生申請等システム（オープンデータ）","municipality_code":"13107","municipality_pref":"東京都","municipality_name":"墨田区","municipality_code_method":"food_exact_coord"},"geometry":{"type":"Point","coordinates":[139.817232,35.693646]}},{"type":"Feature","properties":{"layer_id":"cafe_restaurant","name":"ほっともっと横川店","category":"food","address":"東京都墨田区横川四丁目１番６号","source":"厚生労働省 食品衛生申請等システム（オープンデータ）","municipality_code":"13107","municipality_pref":"東京都","municipality_name":"墨田区","municipality_code_method":"food_exact_coord"},"geometry":{"type":"Point","coordinates":[139.814692,35.703521]}},{"type":"Feature","properties":{"layer_id":"cafe_restaurant","name":"居酒屋　うまし","category":"food","address":"東京都墨田区江東橋二丁目７番７号 和助ビル１０２","source":"厚生労働省 食品衛生申請等システム（オープンデータ）","municipality_code":"13107","municipality_pref":"東京都","municipality_name":"墨田区","municipality_code_method":"food_exact_coord"},"geometry":{"type":"Point","coordinates":[139.812529,35.69419]}},{"type":"Feature","properties":{"layer_id":"cafe_restaurant","name":"名代　富士そば錦糸町店","category":"food","address":"東京都墨田区江東橋三丁目１３番１号 ＫＳビル１階","source":"厚生労働省 食品衛生申請等システム（オープンデータ）","municipality_code":"13107","municipality_pref":"東京都","municipality_name":"墨田区","municipality_code_method":"food_exact_coord"},"geometry":{"type":"Point","coordinates":[139.813652,35.695868]}},{"type":"Feature","properties":{"layer_id":"cafe_restaurant","name":"深川ホルモン焼肉蔵　押上店","category":"food","address":"東京都墨田区押上一丁目24番3号 押上ビル1階","source":"厚生労働省 食品衛生申請等システム（オープンデータ）","municipality_code":"13107","municipality_pref":"東京都","municipality_name":"墨田区","municipality_code_method":"food_exact_coord"},"geometry":{"type":"Point","coordinates":[139.814539,35.710045]}},{"type":"Feature","properties":{"layer_id":"cafe_restaurant","name":"焼鳥　奥尻","category":"food","address":"東京都墨田区文花一丁目２４番１２号","source":"厚生労働省 食品衛生申請等システム（オープンデータ）","municipality_code":"13107","municipality_pref":"東京都","municipality_name":"墨田区","municipality_code_method":"food_exact_coord"},"geometry":{"type":"Point","coordinates":[139.823229,35.709258]}},{"type":"Feature","properties":{"layer_id":"cafe_restaurant","name":"ｓａｍａｓａｍａ","category":"food","address":"東京都墨田区両国三丁目２４番１５号 ２Ｆ","source":"厚生労働省 食品衛生申請等システム（オープンデータ）","municipality_code":"13107","municipality_pref":"東京都","municipality_name":"墨田区","municipality_code_method":"food_exact_coord"},"geometry":{"type":"Point","coordinates":[139.793977,35.694946]}},{"type":"Feature","properties":{"layer_id":"cafe_restaurant","name":"時譚","category":"food","address":"東京都墨田区錦糸一丁目10番17号","source":"厚生労働省 食品衛生申請等システム（オープンデータ）","municipality_code":"13107","municipality_pref":"東京都","municipality_name":"墨田区","municipality_code_method":"food_exact_coord"},"geometry":{"type":"Point","coordinates":[139.81002,35.698428]}},{"type":"Feature","properties":{"layer_id":"cafe_restaurant","name":"平岡","category":"food","address":"東京都墨田区向島五丁目１９番１２号","source":"厚生労働省 食品衛生申請等システム（オープンデータ）","municipality_code":"13107","municipality_pref":"東京都","municipality_name":"墨田区","municipality_code_method":"food_exact_coord"},"geometry":{"type":"Point","coordinates":[139.81007,35.717687]}},{"type":"Feature","properties":{"layer_id":"cafe_restaurant","name":"ラパンドォール","category":"food","address":"東京都墨田区吾妻橋一丁目６番５号","source":"厚生労働省 食品衛生申請等システム（オープンデータ）","municipality_code":"13107","municipality_pref":"東京都","municipality_name":"墨田区","municipality_code_method":"food_exact_coord"},"geometry":{"type":"Point","coordinates":[139.802098,35.708251]}},{"type":"Feature","properties":{"layer_id":"cafe_restaurant","name":"ドミノ・ピザ東向島店","category":"food","address":"東京都墨田区東向島四丁目２５番２号","source":"厚生労働省 食品衛生申請等システム（オープンデータ）","municipality_code":"13107","municipality_pref":"東京都","municipality_name":"墨田区","municipality_code_method":"food_exact_coord"},"geometry":{"type":"Point","coordinates":[139.817323,35.72376]}},{"type":"Feature","properties":{"layer_id":"cafe_restaurant","name":"Ｖａｇｕｅ","category":"food","address":"東京都墨田区錦糸四丁目６番７号 万正オンダビル１０２","source":"厚生労働省 食品衛生申請等システム（オープンデータ）","municipality_code":"13107","municipality_pref":"東京都","municipality_name":"墨田区","municipality_code_method":"food_exact_coord"},"geometry":{"type":"Point","coordinates":[139.815812,35.697618]}},{"type":"Feature","properties":{"layer_id":"cafe_restaurant","name":"ＡＶＩＯＮ","category":"food","address":"東京都墨田区錦糸四丁目６番７号 万正オンダビル１０２","source":"厚生労働省 食品衛生申請等システム（オープンデータ）","municipality_code":"13107","municipality_pref":"東京都","municipality_name":"墨田区","municipality_code_method":"food_exact_coord"},"geometry":{"type":"Point","coordinates":[139.815812,35.697618]}},{"type":"Feature","properties":{"layer_id":"cafe_restaurant","name":"ドミノ・ピザ　文花店","category":"food","address":"東京都墨田区文花三丁目１６番６号 １Ｆ","source":"厚生労働省 食品衛生申請等システム（オープンデータ）","municipality_code":"13107","municipality_pref":"東京都","municipality_name":"墨田区","municipality_code_method":"food_exact_coord"},"geometry":{"type":"Point","coordinates":[139.827332,35.712828]}},{"type":"Feature","properties":{"layer_id":"cafe_restaurant","name":"タイ国料理　タイランド","category":"food","address":"東京都墨田区錦糸三丁目12番10号","source":"厚生労働省 食品衛生申請等システム（オープンデータ）","municipality_code":"13107","municipality_pref":"東京都","municipality_name":"墨田区","municipality_code_method":"food_exact_coord"},"geometry":{"type":"Point","coordinates":[139.814146,35.699174]}},{"type":"Feature","properties":{"layer_id":"cafe_restaurant","name":"セブンイレブン墨田錦糸３丁目店","category":"food","address":"東京都墨田区錦糸三丁目６番９号","source":"厚生労働省 食品衛生申請等システム（オープンデータ）","municipality_code":"13107","municipality_pref":"東京都","municipality_name":"墨田区","municipality_code_method":"food_exact_coord"},"geometry":{"type":"Point","coordinates":[139.813992,35.698298]}},{"type":"Feature","properties":{"layer_id":"cafe_restaurant","name":"両国シーシャカフェ＆バー　ＫＡＧＡＲＩＢＩ","category":"food","address":"東京都墨田区両国一丁目１４番６号 両国１丁目ビル１階","source":"厚生労働省 食品衛生申請等システム（オープンデータ）","municipality_code":"13107","municipality_pref":"東京都","municipality_name":"墨田区","municipality_code_method":"food_exact_coord"},"geometry":{"type":"Point","coordinates":[139.790131,35.693899]}},{"type":"Feature","properties":{"layer_id":"cafe_restaurant","name":"ｔｕｋｉ","category":"food","address":"東京都墨田区太平三丁目１３番６号","source":"厚生労働省 食品衛生申請等システム（オープンデータ）","municipality_code":"13107","municipality_pref":"東京都","municipality_name":"墨田区","municipality_code_method":"food_exact_coord"},"geometry":{"type":"Point","coordinates":[139.814356,35.701778]}},{"type":"Feature","properties":{"layer_id":"cafe_restaurant","name":"セブンイレブン墨田八広北店","category":"food","address":"東京都墨田区八広五丁目８番１５号","source":"厚生労働省 食品衛生申請等システム（オープンデータ）","municipality_code":"13107","municipality_pref":"東京都","municipality_name":"墨田区","municipality_code_method":"food_exact_coord"},"geometry":{"type":"Point","coordinates":[139.82417,35.724485]}},{"type":"Feature","properties":{"layer_id":"cafe_restaurant","name":"Ｋａｄ　Ｋｏｋｏａ　Ｃｈｏｃｏｌａｔｅ＆Ｂａｋｅｄ　Ｓｗｅｅｔｓ","category":"food","address":"東京都墨田区緑二丁目１６番９号 リヴドピエール１Ｆ","source":"厚生労働省 食品衛生申請等システム（オープンデータ）","municipality_code":"13107","municipality_pref":"東京都","municipality_name":"墨田区","municipality_code_method":"food_exact_coord"},"geometry":{"type":"Point","coordinates":[139.801422,35.695006]}},{"type":"Feature","properties":{"layer_id":"cafe_restaurant","name":"カンナムキンパ","category":"food","address":"東京都墨田区錦糸一丁目2番47号 テルミナ2　1Ｆ","source":"厚生労働省 食品衛生申請等システム（オープンデータ）","municipality_code":"13107","municipality_pref":"東京都","municipality_name":"墨田区","municipality_code_method":"food_exact_coord"},"geometry":{"type":"Point","coordinates":[139.813989,35.69686]}},{"type":"Feature","properties":{"layer_id":"cafe_restaurant","name":"ＨＡＷＡＩＩ","category":"food","address":"東京都墨田区文花三丁目２４番１４号 ２Ｆ","source":"厚生労働省 食品衛生申請等システム（オープンデータ）","municipality_code":"13107","municipality_pref":"東京都","municipality_name":"墨田区","municipality_code_method":"food_exact_coord"},"geometry":{"type":"Point","coordinates":[139.828286,35.711748]}},{"type":"Feature","properties":{"layer_id":"cafe_restaurant","name":"焼肉や漫遊亭押上店","category":"food","address":"東京都墨田区押上一丁目12番8号 2階","source":"厚生労働省 食品衛生申請等システム（オープンデータ）","municipality_code":"13107","municipality_pref":"東京都","municipality_name":"墨田区","municipality_code_method":"food_exact_coord"},"geometry":{"type":"Point","coordinates":[139.814653,35.710829]}},{"type":"Feature","properties":{"layer_id":"cafe_restaurant","name":"SUNSHINE　STATE　ESPRESSO","category":"food","address":"東京都墨田区本所一丁目34番7号 岡安ビル１F","source":"厚生労働省 食品衛生申請等システム（オープンデータ）","municipality_code":"13107","municipality_pref":"東京都","municipality_name":"墨田区","municipality_code_method":"food_exact_coord"},"geometry":{"type":"Point","coordinates":[139.796835,35.704126]}},{"type":"Feature","properties":{"layer_id":"cafe_restaurant","name":"焼肉　富士","category":"food","address":"東京都墨田区業平四丁目１６番５号 進富ビル１Ｆ","source":"厚生労働省 食品衛生申請等システム（オープンデータ）","municipality_code":"13107","municipality_pref":"東京都","municipality_name":"墨田区","municipality_code_method":"food_exact_coord"},"geometry":{"type":"Point","coordinates":[139.814236,35.708762]}},{"type":"Feature","properties":{"layer_id":"cafe_restaurant","name":"ゆで太郎・もつ次郎本所吾妻橋店","category":"food","address":"東京都墨田区吾妻橋三丁目７番４号 ライオンズマンション吾妻橋１０２","source":"厚生労働省 食品衛生申請等システム（オープンデータ）","municipality_code":"13107","municipality_pref":"東京都","municipality_name":"墨田区","municipality_code_method":"food_exact_coord"},"geometry":{"type":"Point","coordinates":[139.804615,35.708901]}},{"type":"Feature","properties":{"layer_id":"cafe_restaurant","name":"錦糸町クボタクリニック調理室","category":"food","address":"東京都墨田区錦糸三丁目5番1号","source":"厚生労働省 食品衛生申請等システム（オープンデータ）","municipality_code":"13107","municipality_pref":"東京都","municipality_name":"墨田区","municipality_code_method":"food_exact_coord"},"geometry":{"type":"Point","coordinates":[139.81423,35.698345]}},{"type":"Feature","properties":{"layer_id":"cafe_restaurant","name":"トリキチ商店","category":"food","address":"東京都墨田区両国三丁目２１番８号 ＭＫビル１Ｆ","source":"厚生労働省 食品衛生申請等システム（オープンデータ）","municipality_code":"13107","municipality_pref":"東京都","municipality_name":"墨田区","municipality_code_method":"food_exact_coord"},"geometry":{"type":"Point","coordinates":[139.794626,35.69482]}},{"type":"Feature","properties":{"layer_id":"cafe_restaurant","name":"名代　宇奈とと　錦糸町店","category":"food","address":"東京都墨田区江東橋三丁目９番２５号","source":"厚生労働省 食品衛生申請等システム（オープンデータ）","municipality_code":"13107","municipality_pref":"東京都","municipality_name":"墨田区","municipality_code_method":"food_exact_coord"},"geometry":{"type":"Point","coordinates":[139.813477,35.694555]}},{"type":"Feature","properties":{"layer_id":"cafe_restaurant","name":"ＳＡＫＵ　ＳＡＫＵ","category":"food","address":"東京都墨田区江東橋四丁目１６番１０号 ハミング錦糸町１階（１０１号室）","source":"厚生労働省 食品衛生申請等システム（オープンデータ）","municipality_code":"13107","municipality_pref":"東京都","municipality_name":"墨田区","municipality_code_method":"food_exact_coord"},"geometry":{"type":"Point","coordinates":[139.816952,35.694561]}},{"type":"Feature","properties":{"layer_id":"cafe_restaurant","name":"とんかつ　すみ田","category":"food","address":"東京都墨田区江東橋四丁目２７番１４号 楽天地ビル２Ｆ","source":"厚生労働省 食品衛生申請等システム（オープンデータ）","municipality_code":"13107","municipality_pref":"東京都","municipality_name":"墨田区","municipality_code_method":"food_exact_coord"},"geometry":{"type":"Point","coordinates":[139.81566,35.696311]}},{"type":"Feature","properties":{"layer_id":"cafe_restaurant","name":"胡麻団子　蓉","category":"food","address":"東京都墨田区東向島二丁目31番18号","source":"厚生労働省 食品衛生申請等システム（オープンデータ）","municipality_code":"13107","municipality_pref":"東京都","municipality_name":"墨田区","municipality_code_method":"food_exact_coord"},"geometry":{"type":"Point","coordinates":[139.817854,35.718874]}},{"type":"Feature","properties":{"layer_id":"cafe_restaurant","name":"ほっともっと　本所吾妻橋店","category":"food","address":"東京都墨田区吾妻橋三丁目６番１７号","source":"厚生労働省 食品衛生申請等システム（オープンデータ）","municipality_code":"13107","municipality_pref":"東京都","municipality_name":"墨田区","municipality_code_method":"food_exact_coord"},"geometry":{"type":"Point","coordinates":[139.805785,35.708856]}},{"type":"Feature","properties":{"layer_id":"cafe_restaurant","name":"Ｉｎｄｉａｎ　Ｎｅｐａｌｉ　Ｒｅｓｔａｕｒａｎｔ　＆　Ｂａｒ　ＬＡＸＭＩ","category":"food","address":"東京都墨田区堤通二丁目７番２７号","source":"厚生労働省 食品衛生申請等システム（オープンデータ）","municipality_code":"13107","municipality_pref":"東京都","municipality_name":"墨田区","municipality_code_method":"food_exact_coord"},"geometry":{"type":"Point","coordinates":[139.816529,35.733892]}},{"type":"Feature","properties":{"layer_id":"cafe_restaurant","name":"ニューもこや","category":"food","address":"東京都墨田区東向島三丁目33番1号 テラスハウス地蔵坂A","source":"厚生労働省 食品衛生申請等システム（オープンデータ）","municipality_code":"13107","municipality_pref":"東京都","municipality_name":"墨田区","municipality_code_method":"food_exact_coord"},"geometry":{"type":"Point","coordinates":[139.814959,35.722]}},{"type":"Feature","properties":{"layer_id":"cafe_restaurant","name":"はらにわ小町","category":"food","address":"東京都墨田区吾妻橋一丁目１９番８号","source":"厚生労働省 食品衛生申請等システム（オープンデータ）","municipality_code":"13107","municipality_pref":"東京都","municipality_name":"墨田区","municipality_code_method":"food_exact_coord"},"geometry":{"type":"Point","coordinates":[139.802078,35.708763]}},{"type":"Feature","properties":{"layer_id":"cafe_restaurant","name":"肉そばけいすけ錦糸町店","category":"food","address":"東京都墨田区錦糸三丁目8番7号","source":"厚生労働省 食品衛生申請等システム（オープンデータ）","municipality_code":"13107","municipality_pref":"東京都","municipality_name":"墨田区","municipality_code_method":"food_exact_coord"},"geometry":{"type":"Point","coordinates":[139.814692,35.698761]}},{"type":"Feature","properties":{"layer_id":"cafe_restaurant","name":"ＣＬＵＢ　Ｆｌｏｗｅｒ　Ｓｅａ","category":"food","address":"東京都墨田区江東橋三丁目５番２号 サーストンビル３階３０３号室","source":"厚生労働省 食品衛生申請等システム（オープンデータ）","municipality_code":"13107","municipality_pref":"東京都","municipality_name":"墨田区","municipality_code_method":"food_exact_coord"},"geometry":{"type":"Point","coordinates":[139.813357,35.693975]}},{"type":"Feature","properties":{"layer_id":"cafe_restaurant","name":"大衆酒場　亀屋","category":"food","address":"東京都墨田区東向島五丁目42番11号","source":"厚生労働省 食品衛生申請等システム（オープンデータ）","municipality_code":"13107","municipality_pref":"東京都","municipality_name":"墨田区","municipality_code_method":"food_exact_coord"},"geometry":{"type":"Point","coordinates":[139.824069,35.729217]}},{"type":"Feature","properties":{"layer_id":"cafe_restaurant","name":"ケンタッキーフライドチキンイトーヨーカドー曳舟店","category":"food","address":"東京都墨田区京島一丁目２番１号 １Ｆ","source":"厚生労働省 食品衛生申請等システム（オープンデータ）","municipality_code":"13107","municipality_pref":"東京都","municipality_name":"墨田区","municipality_code_method":"food_exact_coord"},"geometry":{"type":"Point","coordinates":[139.817783,35.717455]}},{"type":"Feature","properties":{"layer_id":"cafe_restaurant","name":"お弁当キッチン築武士","category":"food","address":"東京都墨田区東向島四丁目40番11号 東向島四丁目ビル1F","source":"厚生労働省 食品衛生申請等システム（オープンデータ）","municipality_code":"13107","municipality_pref":"東京都","municipality_name":"墨田区","municipality_code_method":"food_exact_coord"},"geometry":{"type":"Point","coordinates":[139.817803,35.727023]}},{"type":"Feature","properties":{"layer_id":"cafe_restaurant","name":"刀削麺荘　唐家　錦糸町店","category":"food","address":"東京都墨田区江東橋四丁目２１番６号 錦糸町ハイタウン１０９","source":"厚生労働省 食品衛生申請等システム（オープンデータ）","municipality_code":"13107","municipality_pref":"東京都","municipality_name":"墨田区","municipality_code_method":"food_exact_coord"},"geometry":{"type":"Point","coordinates":[139.817016,35.695234]}},{"type":"Feature","properties":{"layer_id":"cafe_restaurant","name":"コーヒー園","category":"food","address":"東京都墨田区向島一丁目６番９号","source":"厚生労働省 食品衛生申請等システム（オープンデータ）","municipality_code":"13107","municipality_pref":"東京都","municipality_name":"墨田区","municipality_code_method":"food_exact_coord"},"geometry":{"type":"Point","coordinates":[139.804826,35.711903]}},{"type":"Feature","properties":{"layer_id":"cafe_restaurant","name":"ＴＯＨＯシネマズ錦糸町　オリナスコンセッション","category":"food","address":"東京都墨田区太平四丁目１番２号 オリナスモール４階","source":"厚生労働省 食品衛生申請等システム（オープンデータ）","municipality_code":"13107","municipality_pref":"東京都","municipality_name":"墨田区","municipality_code_method":"food_exact_coord"},"geometry":{"type":"Point","coordinates":[139.815465,35.700383]}},{"type":"Feature","properties":{"layer_id":"cafe_restaurant","name":"ＴＯＨＯシネマズ錦糸町　楽天地ビル４階","category":"food","address":"東京都墨田区江東橋四丁目２７番１４号 楽天地ビル４階","source":"厚生労働省 食品衛生申請等システム（オープンデータ）","municipality_code":"13107","municipality_pref":"東京都","municipality_name":"墨田区","municipality_code_method":"food_exact_coord"},"geometry":{"type":"Point","coordinates":[139.816498,35.69652]}},{"type":"Feature","properties":{"layer_id":"cafe_restaurant","name":"ＴＯＨＯシネマズ錦糸町　楽天地ビル６階","category":"food","address":"東京都墨田区江東橋四丁目２７番１４号 楽天地ビル６階","source":"厚生労働省 食品衛生申請等システム（オープンデータ）","municipality_code":"13107","municipality_pref":"東京都","municipality_name":"墨田区","municipality_code_method":"food_exact_coord"},"geometry":{"type":"Point","coordinates":[139.816498,35.69652]}},{"type":"Feature","properties":{"layer_id":"cafe_restaurant","name":"お好み焼もんじゃ沢屋中沢","category":"food","address":"東京都墨田区八広一丁目１９番１号","source":"厚生労働省 食品衛生申請等システム（オープンデータ）","municipality_code":"13107","municipality_pref":"東京都","municipality_name":"墨田区","municipality_code_method":"food_exact_coord"},"geometry":{"type":"Point","coordinates":[139.822541,35.718988]}},{"type":"Feature","properties":{"layer_id":"cafe_restaurant","name":"きんでん曳舟寮","category":"food","address":"東京都墨田区八広一丁目２５番１２号","source":"厚生労働省 食品衛生申請等システム（オープンデータ）","municipality_code":"13107","municipality_pref":"東京都","municipality_name":"墨田区","municipality_code_method":"food_exact_coord"},"geometry":{"type":"Point","coordinates":[139.823031,35.717927]}},{"type":"Feature","properties":{"layer_id":"cafe_restaurant","name":"ファーストクラブ","category":"food","address":"東京都墨田区江東橋三丁目７番１１号 桂昇錦糸町ビル２階","source":"厚生労働省 食品衛生申請等システム（オープンデータ）","municipality_code":"13107","municipality_pref":"東京都","municipality_name":"墨田区","municipality_code_method":"food_exact_coord"},"geometry":{"type":"Point","coordinates":[139.814942,35.693993]}},{"type":"Feature","properties":{"layer_id":"cafe_restaurant","name":"コトモノミチ","category":"food","address":"東京都墨田区業平四丁目７番１号","source":"厚生労働省 食品衛生申請等システム（オープンデータ）","municipality_code":"13107","municipality_pref":"東京都","municipality_name":"墨田区","municipality_code_method":"food_exact_coord"},"geometry":{"type":"Point","coordinates":[139.814375,35.706736]}},{"type":"Feature","properties":{"layer_id":"cafe_restaurant","name":"ジンギスカン札幌大一","category":"food","address":"東京都墨田区押上二丁目２番１号","source":"厚生労働省 食品衛生申請等システム（オープンデータ）","municipality_code":"13107","municipality_pref":"東京都","municipality_name":"墨田区","municipality_code_method":"food_exact_coord"},"geometry":{"type":"Point","coordinates":[139.80959,35.711198]}},{"type":"Feature","properties":{"layer_id":"cafe_restaurant","name":"私立珈琲小学校","category":"food","address":"東京都墨田区錦糸四丁目9番９号 宮本マンション２　102","source":"厚生労働省 食品衛生申請等システム（オープンデータ）","municipality_code":"13107","municipality_pref":"東京都","municipality_name":"墨田区","municipality_code_method":"food_exact_coord"},"geometry":{"type":"Point","coordinates":[139.817933,35.69772]}},{"type":"Feature","properties":{"layer_id":"cafe_restaurant","name":"中華そば　青葉　錦糸町店","category":"food","address":"東京都墨田区錦糸一丁目２番４７号","source":"厚生労働省 食品衛生申請等システム（オープンデータ）","municipality_code":"13107","municipality_pref":"東京都","municipality_name":"墨田区","municipality_code_method":"food_exact_coord"},"geometry":{"type":"Point","coordinates":[139.813989,35.69686]}},{"type":"Feature","properties":{"layer_id":"cafe_restaurant","name":"美味千成","category":"food","address":"東京都墨田区錦糸四丁目１番９号","source":"厚生労働省 食品衛生申請等システム（オープンデータ）","municipality_code":"13107","municipality_pref":"東京都","municipality_name":"墨田区","municipality_code_method":"food_exact_coord"},"geometry":{"type":"Point","coordinates":[139.815702,35.697213]}},{"type":"Feature","properties":{"layer_id":"cafe_restaurant","name":"割烹　多じ万","category":"food","address":"東京都墨田区江東橋四丁目１９番１２号","source":"厚生労働省 食品衛生申請等システム（オープンデータ）","municipality_code":"13107","municipality_pref":"東京都","municipality_name":"墨田区","municipality_code_method":"food_exact_coord"},"geometry":{"type":"Point","coordinates":[139.815646,35.694697]}},{"type":"Feature","properties":{"layer_id":"cafe_restaurant","name":"大銀杏","category":"food","address":"東京都墨田区両国二丁目19番1号 両国ビューホテル２階","source":"厚生労働省 食品衛生申請等システム（オープンデータ）","municipality_code":"13107","municipality_pref":"東京都","municipality_name":"墨田区","municipality_code_method":"food_exact_coord"},"geometry":{"type":"Point","coordinates":[139.792003,35.695635]}},{"type":"Feature","properties":{"layer_id":"cafe_restaurant","name":"唐紅花","category":"food","address":"東京都墨田区両国二丁目19番1号 両国ビューホテル２階","source":"厚生労働省 食品衛生申請等システム（オープンデータ）","municipality_code":"13107","municipality_pref":"東京都","municipality_name":"墨田区","municipality_code_method":"food_exact_coord"},"geometry":{"type":"Point","coordinates":[139.792003,35.695635]}},{"type":"Feature","properties":{"layer_id":"cafe_restaurant","name":"酒蔵　季ＴＯＫＩ","category":"food","address":"東京都墨田区錦糸3丁目2-1 アルカイーストＢ１","source":"厚生労働省 食品衛生申請等システム（オープンデータ）","municipality_code":"13107","municipality_pref":"東京都","municipality_name":"墨田区","municipality_code_method":"food_exact_coord"},"geometry":{"type":"Point","coordinates":[139.814379,35.697615]}},{"type":"Feature","properties":{"layer_id":"cafe_restaurant","name":"焼肉　時流","category":"food","address":"東京都墨田区江東橋四丁目２６番１８号 １階","source":"厚生労働省 食品衛生申請等システム（オープンデータ）","municipality_code":"13107","municipality_pref":"東京都","municipality_name":"墨田区","municipality_code_method":"food_exact_coord"},"geometry":{"type":"Point","coordinates":[139.815715,35.695303]}},{"type":"Feature","properties":{"layer_id":"cafe_restaurant","name":"ウェンディーズ・ファーストキッチン錦糸町店","category":"food","address":"東京都墨田区江東橋四丁目２７番１４号 楽天地ビル１Ｆ","source":"厚生労働省 食品衛生申請等システム（オープンデータ）","municipality_code":"13107","municipality_pref":"東京都","municipality_name":"墨田区","municipality_code_method":"food_exact_coord"},"geometry":{"type":"Point","coordinates":[139.816498,35.69652]}},{"type":"Feature","properties":{"layer_id":"cafe_restaurant","name":"ねぎし　錦糸町テルミ店","category":"food","address":"東京都墨田区錦糸一丁目２番４７号 錦糸町ステーションビル　テルミナ２","source":"厚生労働省 食品衛生申請等システム（オープンデータ）","municipality_code":"13107","municipality_pref":"東京都","municipality_name":"墨田区","municipality_code_method":"food_exact_coord"},"geometry":{"type":"Point","coordinates":[139.813989,35.69686]}},{"type":"Feature","properties":{"layer_id":"cafe_restaurant","name":"麺と肴　担々麺　ぺん坊","category":"food","address":"東京都墨田区吾妻橋三丁目６番１５号 サンサーラ吾妻橋１０５","source":"厚生労働省 食品衛生申請等システム（オープンデータ）","municipality_code":"13107","municipality_pref":"東京都","municipality_name":"墨田区","municipality_code_method":"food_exact_coord"},"geometry":{"type":"Point","coordinates":[139.806295,35.708926]}},{"type":"Feature","properties":{"layer_id":"cafe_restaurant","name":"ＮＯＭＡＤ　ＣＯＦＦＥＥ　ＴＯＫＹＯ","category":"food","address":"東京都墨田区業平一丁目１４番９号","source":"厚生労働省 食品衛生申請等システム（オープンデータ）","municipality_code":"13107","municipality_pref":"東京都","municipality_name":"墨田区","municipality_code_method":"food_exact_coord"},"geometry":{"type":"Point","coordinates":[139.809348,35.708324]}},{"type":"Feature","properties":{"layer_id":"cafe_restaurant","name":"インド　アジア料理店ナラン2号店","category":"food","address":"東京都墨田区文花二丁目9番11号","source":"厚生労働省 食品衛生申請等システム（オープンデータ）","municipality_code":"13107","municipality_pref":"東京都","municipality_name":"墨田区","municipality_code_method":"food_exact_coord"},"geometry":{"type":"Point","coordinates":[139.827727,35.709301]}},{"type":"Feature","properties":{"layer_id":"cafe_restaurant","name":"ONO　bldg（小野ビル）","category":"food","address":"東京都墨田区京島三丁目５７番４号","source":"厚生労働省 食品衛生申請等システム（オープンデータ）","municipality_code":"13107","municipality_pref":"東京都","municipality_name":"墨田区","municipality_code_method":"food_exact_coord"},"geometry":{"type":"Point","coordinates":[139.826307,35.713934]}},{"type":"Feature","properties":{"layer_id":"cafe_restaurant","name":"セブンイレブン墨田東駒形1丁目店","category":"food","address":"東京都墨田区東駒形一丁目3番9号","source":"厚生労働省 食品衛生申請等システム（オープンデータ）","municipality_code":"13107","municipality_pref":"東京都","municipality_name":"墨田区","municipality_code_method":"food_exact_coord"},"geometry":{"type":"Point","coordinates":[139.798163,35.707458]}},{"type":"Feature","properties":{"layer_id":"cafe_restaurant","name":"麺やわた邉","category":"food","address":"東京都墨田区江東橋三丁目９番２３号 ニュー錦糸町ビル１１３号室","source":"厚生労働省 食品衛生申請等システム（オープンデータ）","municipality_code":"13107","municipality_pref":"東京都","municipality_name":"墨田区","municipality_code_method":"food_exact_coord"},"geometry":{"type":"Point","coordinates":[139.813772,35.694569]}},{"type":"Feature","properties":{"layer_id":"cafe_restaurant","name":"つきじ喜代村すしざんまい錦糸町店","category":"food","address":"東京都墨田区江東橋三丁目８番１３号","source":"厚生労働省 食品衛生申請等システム（オープンデータ）","municipality_code":"13107","municipality_pref":"東京都","municipality_name":"墨田区","municipality_code_method":"food_exact_coord"},"geometry":{"type":"Point","coordinates":[139.814846,35.694951]}},{"type":"Feature","properties":{"layer_id":"cafe_restaurant","name":"小料理　花　家","category":"food","address":"東京都墨田区向島一丁目１１番８号","source":"厚生労働省 食品衛生申請等システム（オープンデータ）","municipality_code":"13107","municipality_pref":"東京都","municipality_name":"墨田区","municipality_code_method":"food_exact_coord"},"geometry":{"type":"Point","coordinates":[139.805801,35.712528]}},{"type":"Feature","properties":{"layer_id":"cafe_restaurant","name":"タイ国料理タイランド","category":"food","address":"東京都墨田区錦糸三丁目７番５号","source":"厚生労働省 食品衛生申請等システム（オープンデータ）","municipality_code":"13107","municipality_pref":"東京都","municipality_name":"墨田区","municipality_code_method":"food_exact_coord"},"geometry":{"type":"Point","coordinates":[139.813808,35.698704]}},{"type":"Feature","properties":{"layer_id":"cafe_restaurant","name":"レストランカタヤマ","category":"food","address":"東京都墨田区東向島四丁目2番6号","source":"厚生労働省 食品衛生申請等システム（オープンデータ）","municipality_code":"13107","municipality_pref":"東京都","municipality_name":"墨田区","municipality_code_method":"food_exact_coord"},"geometry":{"type":"Point","coordinates":[139.813421,35.727903]}},{"type":"Feature","properties":{"layer_id":"cafe_restaurant","name":"サブウェイ錦糸町オリナス店","category":"food","address":"東京都墨田区太平四丁目１番５号","source":"厚生労働省 食品衛生申請等システム（オープンデータ）","municipality_code":"13107","municipality_pref":"東京都","municipality_name":"墨田区","municipality_code_method":"food_exact_coord"},"geometry":{"type":"Point","coordinates":[139.817144,35.700553]}},{"type":"Feature","properties":{"layer_id":"cafe_restaurant","name":"梅寿司","category":"food","address":"東京都墨田区東向島五丁目12番3号","source":"厚生労働省 食品衛生申請等システム（オープンデータ）","municipality_code":"13107","municipality_pref":"東京都","municipality_name":"墨田区","municipality_code_method":"food_exact_coord"},"geometry":{"type":"Point","coordinates":[139.820107,35.727223]}},{"type":"Feature","properties":{"layer_id":"cafe_restaurant","name":"三代目　鳥メロ　錦糸町南口駅前店","category":"food","address":"東京都墨田区江東橋三丁目１２番８号 Ｏ・Ｔ・Ｋビル３Ｆ","source":"厚生労働省 食品衛生申請等システム（オープンデータ）","municipality_code":"13107","municipality_pref":"東京都","municipality_name":"墨田区","municipality_code_method":"food_exact_coord"},"geometry":{"type":"Point","coordinates":[139.813367,35.695722]}},{"type":"Feature","properties":{"layer_id":"cafe_restaurant","name":"らーめん　麦笑","category":"food","address":"東京都墨田区吾妻橋二丁目2番4号 フェスティワン１F","source":"厚生労働省 食品衛生申請等システム（オープンデータ）","municipality_code":"13107","municipality_pref":"東京都","municipality_name":"墨田区","municipality_code_method":"food_exact_coord"},"geometry":{"type":"Point","coordinates":[139.803386,35.708328]}},{"type":"Feature","properties":{"layer_id":"cafe_restaurant","name":"CLUB　Marley","category":"food","address":"東京都墨田区江東橋二丁目6番9号 HB錦糸町4階","source":"厚生労働省 食品衛生申請等システム（オープンデータ）","municipality_code":"13107","municipality_pref":"東京都","municipality_name":"墨田区","municipality_code_method":"food_exact_coord"},"geometry":{"type":"Point","coordinates":[139.813022,35.694313]}},{"type":"Feature","properties":{"layer_id":"cafe_restaurant","name":"天ぷらすずき　錦糸町","category":"food","address":"東京都墨田区江東橋三丁目11番9号 CENTURION３２　１F","source":"厚生労働省 食品衛生申請等システム（オープンデータ）","municipality_code":"13107","municipality_pref":"東京都","municipality_name":"墨田区","municipality_code_method":"food_exact_coord"},"geometry":{"type":"Point","coordinates":[139.812654,35.696068]}},{"type":"Feature","properties":{"layer_id":"cafe_restaurant","name":"ラーメン熊ぼっこ","category":"food","address":"東京都墨田区文花三丁目２４番１４号","source":"厚生労働省 食品衛生申請等システム（オープンデータ）","municipality_code":"13107","municipality_pref":"東京都","municipality_name":"墨田区","municipality_code_method":"food_exact_coord"},"geometry":{"type":"Point","coordinates":[139.828286,35.711748]}},{"type":"Feature","properties":{"layer_id":"cafe_restaurant","name":"ONE　VISION","category":"food","address":"東京都墨田区江東橋二丁目6番５号 まるビル錦糸町３０２","source":"厚生労働省 食品衛生申請等システム（オープンデータ）","municipality_code":"13107","municipality_pref":"東京都","municipality_name":"墨田区","municipality_code_method":"food_exact_coord"},"geometry":{"type":"Point","coordinates":[139.812722,35.694332]}},{"type":"Feature","properties":{"layer_id":"cafe_restaurant","name":"博多とり皮　しなの５１","category":"food","address":"東京都墨田区東向島二丁目１４番２号 メゾン・アイナ１０２","source":"厚生労働省 食品衛生申請等システム（オープンデータ）","municipality_code":"13107","municipality_pref":"東京都","municipality_name":"墨田区","municipality_code_method":"food_exact_coord"},"geometry":{"type":"Point","coordinates":[139.815885,35.717538]}},{"type":"Feature","properties":{"layer_id":"cafe_restaurant","name":"愛はカツ","category":"food","address":"東京都墨田区業平二丁目１６番１１号 ストークメゾン業平１Ｆ","source":"厚生労働省 食品衛生申請等システム（オープンデータ）","municipality_code":"13107","municipality_pref":"東京都","municipality_name":"墨田区","municipality_code_method":"food_exact_coord"},"geometry":{"type":"Point","coordinates":[139.811273,35.709127]}},{"type":"Feature","properties":{"layer_id":"cafe_restaurant","name":"サンマルクカフェ　両国西口店","category":"food","address":"東京都墨田区両国2-19-1　両国ﾋﾞｭｰﾎﾃﾙ1F","source":"厚生労働省 食品衛生申請等システム（オープンデータ）","municipality_code":"13107","municipality_pref":"東京都","municipality_name":"墨田区","municipality_code_method":"food_exact_coord"},"geometry":{"type":"Point","coordinates":[139.792109,35.695473]}},{"type":"Feature","properties":{"layer_id":"cafe_restaurant","name":"クラブ　サンクチュアリ","category":"food","address":"東京都墨田区江東橋四丁目２０番１号 平山ビル２階","source":"厚生労働省 食品衛生申請等システム（オープンデータ）","municipality_code":"13107","municipality_pref":"東京都","municipality_name":"墨田区","municipality_code_method":"food_exact_coord"},"geometry":{"type":"Point","coordinates":[139.815705,35.694984]}},{"type":"Feature","properties":{"layer_id":"cafe_restaurant","name":"エル‐アンド‐シー　キッチン","category":"food","address":"東京都墨田区墨田二丁目３３番２号","source":"厚生労働省 食品衛生申請等システム（オープンデータ）","municipality_code":"13107","municipality_pref":"東京都","municipality_name":"墨田区","municipality_code_method":"food_exact_coord"},"geometry":{"type":"Point","coordinates":[139.817314,35.730082]}},{"type":"Feature","properties":{"layer_id":"cafe_restaurant","name":"麺処直久　オリナス錦糸町店","category":"food","address":"東京都墨田区太平四丁目１番２号 モール３階３０１ＦＣＴ－４区画","source":"厚生労働省 食品衛生申請等システム（オープンデータ）","municipality_code":"13107","municipality_pref":"東京都","municipality_name":"墨田区","municipality_code_method":"food_exact_coord"},"geometry":{"type":"Point","coordinates":[139.815465,35.700383]}},{"type":"Feature","properties":{"layer_id":"cafe_restaurant","name":"カプセルホステル鈴森屋","category":"food","address":"東京都墨田区江東橋四丁目６番５号 カプセルホステル鈴森屋","source":"厚生労働省 食品衛生申請等システム（オープンデータ）","municipality_code":"13107","municipality_pref":"東京都","municipality_name":"墨田区","municipality_code_method":"food_exact_coord"},"geometry":{"type":"Point","coordinates":[139.817114,35.69384]}},{"type":"Feature","properties":{"layer_id":"cafe_restaurant","name":"美なと","category":"food","address":"東京都墨田区向島五丁目２２番５号 大沼ビル１・２階","source":"厚生労働省 食品衛生申請等システム（オープンデータ）","municipality_code":"13107","municipality_pref":"東京都","municipality_name":"墨田区","municipality_code_method":"food_exact_coord"},"geometry":{"type":"Point","coordinates":[139.810763,35.717594]}},{"type":"Feature","properties":{"layer_id":"cafe_restaurant","name":"蓬莱春","category":"food","address":"東京都墨田区錦糸二丁目１３番１号","source":"厚生労働省 食品衛生申請等システム（オープンデータ）","municipality_code":"13107","municipality_pref":"東京都","municipality_name":"墨田区","municipality_code_method":"food_exact_coord"},"geometry":{"type":"Point","coordinates":[139.812719,35.699285]}},{"type":"Feature","properties":{"layer_id":"cafe_restaurant","name":"天下一品　錦糸町店","category":"food","address":"東京都墨田区太平四丁目２番１号 １０７号","source":"厚生労働省 食品衛生申請等システム（オープンデータ）","municipality_code":"13107","municipality_pref":"東京都","municipality_name":"墨田区","municipality_code_method":"food_exact_coord"},"geometry":{"type":"Point","coordinates":[139.816534,35.701125]}},{"type":"Feature","properties":{"layer_id":"cafe_restaurant","name":"GARCIA","category":"food","address":"東京都墨田区江東橋二丁目7番5号 ザバレル立田ビルⅡ　3階","source":"厚生労働省 食品衛生申請等システム（オープンデータ）","municipality_code":"13107","municipality_pref":"東京都","municipality_name":"墨田区","municipality_code_method":"food_exact_coord"},"geometry":{"type":"Point","coordinates":[139.812418,35.694382]}},{"type":"Feature","properties":{"layer_id":"cafe_restaurant","name":"和食処　大政","category":"food","address":"東京都墨田区東向島五丁目１１番１号","source":"厚生労働省 食品衛生申請等システム（オープンデータ）","municipality_code":"13107","municipality_pref":"東京都","municipality_name":"墨田区","municipality_code_method":"food_exact_coord"},"geometry":{"type":"Point","coordinates":[139.819932,35.7267]}},{"type":"Feature","properties":{"layer_id":"cafe_restaurant","name":"（株）尾張屋","category":"food","address":"東京都墨田区東向島六丁目３１番４号","source":"厚生労働省 食品衛生申請等システム（オープンデータ）","municipality_code":"13107","municipality_pref":"東京都","municipality_name":"墨田区","municipality_code_method":"food_exact_coord"},"geometry":{"type":"Point","coordinates":[139.820531,35.724232]}},{"type":"Feature","properties":{"layer_id":"cafe_restaurant","name":"株式会社　尾張屋","category":"food","address":"東京都墨田区東向島五丁目３番８号","source":"厚生労働省 食品衛生申請等システム（オープンデータ）","municipality_code":"13107","municipality_pref":"東京都","municipality_name":"墨田区","municipality_code_method":"food_exact_coord"},"geometry":{"type":"Point","coordinates":[139.820242,35.725093]}},{"type":"Feature","properties":{"layer_id":"cafe_restaurant","name":"レストラン　サイゴン　マジェスティック","category":"food","address":"東京都墨田区錦糸三丁目３番９号 イーストビル錦糸町４階","source":"厚生労働省 食品衛生申請等システム（オープンデータ）","municipality_code":"13107","municipality_pref":"東京都","municipality_name":"墨田区","municipality_code_method":"food_exact_coord"},"geometry":{"type":"Point","coordinates":[139.81381,35.697974]}},{"type":"Feature","properties":{"layer_id":"cafe_restaurant","name":"Ｇ－フォレスト","category":"food","address":"東京都墨田区両国四丁目３７番１３号 村上ビル１Ｆ","source":"厚生労働省 食品衛生申請等システム（オープンデータ）","municipality_code":"13107","municipality_pref":"東京都","municipality_name":"墨田区","municipality_code_method":"food_exact_coord"},"geometry":{"type":"Point","coordinates":[139.795871,35.695382]}},{"type":"Feature","properties":{"layer_id":"cafe_restaurant","name":"ＧＲＡＢ　ａｎｄ　ＧＯ　ＧＯＯＤＩＥＳ","category":"food","address":"東京都墨田区向島三丁目２６番７号","source":"厚生労働省 食品衛生申請等システム（オープンデータ）","municipality_code":"13107","municipality_pref":"東京都","municipality_name":"墨田区","municipality_code_method":"food_exact_coord"},"geometry":{"type":"Point","coordinates":[139.810475,35.713852]}},{"type":"Feature","properties":{"layer_id":"cafe_restaurant","name":"ＰＥＲＴＨ　Ｓａｎｄｗｉｃｈ ＆Ｂｒｅａｋｆａｓｔ","category":"food","address":"東京都墨田区押上一丁目３１番１０号 メティオつくし野１Ｆ","source":"厚生労働省 食品衛生申請等システム（オープンデータ）","municipality_code":"13107","municipality_pref":"東京都","municipality_name":"墨田区","municipality_code_method":"food_exact_coord"},"geometry":{"type":"Point","coordinates":[139.815995,35.711116]}},{"type":"Feature","properties":{"layer_id":"cafe_restaurant","name":"アジアンビール×居酒屋　しゃんどーる","category":"food","address":"東京都墨田区両国四丁目３１番２号 枝ビル１Ｆ","source":"厚生労働省 食品衛生申請等システム（オープンデータ）","municipality_code":"13107","municipality_pref":"東京都","municipality_name":"墨田区","municipality_code_method":"food_exact_coord"},"geometry":{"type":"Point","coordinates":[139.796374,35.694787]}},{"type":"Feature","properties":{"layer_id":"cafe_restaurant","name":"天福　餃子酒場","category":"food","address":"東京都墨田区東向島五丁目７番１５号","source":"厚生労働省 食品衛生申請等システム（オープンデータ）","municipality_code":"13107","municipality_pref":"東京都","municipality_name":"墨田区","municipality_code_method":"food_exact_coord"},"geometry":{"type":"Point","coordinates":[139.820032,35.725305]}},{"type":"Feature","properties":{"layer_id":"cafe_restaurant","name":"こひる庵","category":"food","address":"東京都墨田区両国二丁目１７番１９号 ＰＡＺ両国１階","source":"厚生労働省 食品衛生申請等システム（オープンデータ）","municipality_code":"13107","municipality_pref":"東京都","municipality_name":"墨田区","municipality_code_method":"food_exact_coord"},"geometry":{"type":"Point","coordinates":[139.792269,35.69445]}},{"type":"Feature","properties":{"layer_id":"cafe_restaurant","name":"しゃぶしゃぶ温野菜錦糸町北口店","category":"food","address":"東京都墨田区錦糸三丁目４番４号 サガラビル２階","source":"厚生労働省 食品衛生申請等システム（オープンデータ）","municipality_code":"13107","municipality_pref":"東京都","municipality_name":"墨田区","municipality_code_method":"food_exact_coord"},"geometry":{"type":"Point","coordinates":[139.81446,35.698113]}},{"type":"Feature","properties":{"layer_id":"cafe_restaurant","name":"鮨そば京","category":"food","address":"東京都墨田区江東橋三丁目5番7号 ソシアルビル１F","source":"厚生労働省 食品衛生申請等システム（オープンデータ）","municipality_code":"13107","municipality_pref":"東京都","municipality_name":"墨田区","municipality_code_method":"food_exact_coord"},"geometry":{"type":"Point","coordinates":[139.813562,35.694318]}},{"type":"Feature","properties":{"layer_id":"cafe_restaurant","name":"ＨａｎＢｕｎＬｏｎｇ　ｓｔｕｄｉｏ","category":"food","address":"東京都墨田区業平二丁目９番１３号 マサカネＭＭビル１階","source":"厚生労働省 食品衛生申請等システム（オープンデータ）","municipality_code":"13107","municipality_pref":"東京都","municipality_name":"墨田区","municipality_code_method":"food_exact_coord"},"geometry":{"type":"Point","coordinates":[139.812153,35.707572]}},{"type":"Feature","properties":{"layer_id":"cafe_restaurant","name":"食酒　秀","category":"food","address":"東京都墨田区東向島二丁目15番10号","source":"厚生労働省 食品衛生申請等システム（オープンデータ）","municipality_code":"13107","municipality_pref":"東京都","municipality_name":"墨田区","municipality_code_method":"food_exact_coord"},"geometry":{"type":"Point","coordinates":[139.816009,35.717734]}},{"type":"Feature","properties":{"layer_id":"cafe_restaurant","name":"NepKo　RESTAURANT","category":"food","address":"東京都墨田区立花四丁目23番7号","source":"厚生労働省 食品衛生申請等システム（オープンデータ）","municipality_code":"13107","municipality_pref":"東京都","municipality_name":"墨田区","municipality_code_method":"food_exact_coord"},"geometry":{"type":"Point","coordinates":[139.831844,35.707215]}},{"type":"Feature","properties":{"layer_id":"cafe_restaurant","name":"ＮＯＭＥＥＸ","category":"food","address":"東京都墨田区江東橋四丁目１６番４号 かつらぎビル５０２号","source":"厚生労働省 食品衛生申請等システム（オープンデータ）","municipality_code":"13107","municipality_pref":"東京都","municipality_name":"墨田区","municipality_code_method":"food_exact_coord"},"geometry":{"type":"Point","coordinates":[139.816902,35.694729]}},{"type":"Feature","properties":{"layer_id":"cafe_restaurant","name":"空色（Ｅ３００４）","category":"food","address":"東京都墨田区押上一丁目１番２号 東京スカイツリータウン東京ソラマチ　イーストヤード３０階","source":"厚生労働省 食品衛生申請等システム（オープンデータ）","municipality_code":"13107","municipality_pref":"東京都","municipality_name":"墨田区","municipality_code_method":"food_exact_coord"},"geometry":{"type":"Point","coordinates":[139.810669,35.710087]}},{"type":"Feature","properties":{"layer_id":"cafe_restaurant","name":"ビストロガフ","category":"food","address":"東京都墨田区江東橋四丁目１５番１号 第六小崎ビル１０２","source":"厚生労働省 食品衛生申請等システム（オープンデータ）","municipality_code":"13107","municipality_pref":"東京都","municipality_name":"墨田区","municipality_code_method":"food_exact_coord"},"geometry":{"type":"Point","coordinates":[139.817504,35.694633]}},{"type":"Feature","properties":{"layer_id":"cafe_restaurant","name":"錦糸町ＺＩＯＮ","category":"food","address":"東京都墨田区錦糸三丁目３番２号 Ａ＆Ｒビル１Ｆ・２Ｆ","source":"厚生労働省 食品衛生申請等システム（オープンデータ）","municipality_code":"13107","municipality_pref":"東京都","municipality_name":"墨田区","municipality_code_method":"food_exact_coord"},"geometry":{"type":"Point","coordinates":[139.813577,35.69804]}},{"type":"Feature","properties":{"layer_id":"cafe_restaurant","name":"バケット　アルカキット錦糸町","category":"food","address":"東京都墨田区錦糸二丁目２番１号 アルカキット錦糸町１０Ｆ","source":"厚生労働省 食品衛生申請等システム（オープンデータ）","municipality_code":"13107","municipality_pref":"東京都","municipality_name":"墨田区","municipality_code_method":"food_exact_coord"},"geometry":{"type":"Point","coordinates":[139.812428,35.697302]}},{"type":"Feature","properties":{"layer_id":"cafe_restaurant","name":"ベーカリーカフェＣ東京ソラマチ店（Ｗ０２０１）","category":"food","address":"東京都墨田区押上一丁目１番２号 東京スカイツリータウン東京ソラマチ２Ｆ","source":"厚生労働省 食品衛生申請等システム（オープンデータ）","municipality_code":"13107","municipality_pref":"東京都","municipality_name":"墨田区","municipality_code_method":"food_exact_coord"},"geometry":{"type":"Point","coordinates":[139.810669,35.710087]}},{"type":"Feature","properties":{"layer_id":"cafe_restaurant","name":"POKEBOWL　Kanaloa","category":"food","address":"東京都墨田区業平二丁目11番10号 秋本ビル１階","source":"厚生労働省 食品衛生申請等システム（オープンデータ）","municipality_code":"13107","municipality_pref":"東京都","municipality_name":"墨田区","municipality_code_method":"food_exact_coord"},"geometry":{"type":"Point","coordinates":[139.811387,35.707964]}},{"type":"Feature","properties":{"layer_id":"cafe_restaurant","name":"向島七福すずめの御宿","category":"food","address":"東京都墨田区向島二丁目１５番１３号","source":"厚生労働省 食品衛生申請等システム（オープンデータ）","municipality_code":"13107","municipality_pref":"東京都","municipality_name":"墨田区","municipality_code_method":"food_exact_coord"},"geometry":{"type":"Point","coordinates":[139.80821550000002,35.715759]}},{"type":"Feature","properties":{"layer_id":"cafe_restaurant","name":"向島七福すずめの御宿","category":"food","address":"東京都墨田区向島二丁目１５番１３号","source":"厚生労働省 食品衛生申請等システム（オープンデータ）","municipality_code":"13107","municipality_pref":"東京都","municipality_name":"墨田区","municipality_code_method":"food_exact_coord"},"geometry":{"type":"Point","coordinates":[139.80821550000002,35.715759]}},{"type":"Feature","properties":{"layer_id":"cafe_restaurant","name":"猫と杓子","category":"food","address":"東京都墨田区菊川二丁目１５番１号","source":"厚生労働省 食品衛生申請等システム（オープンデータ）","municipality_code":"13107","municipality_pref":"東京都","municipality_name":"墨田区","municipality_code_method":"food_exact_coord"},"geometry":{"type":"Point","coordinates":[139.804762,35.689301]}},{"type":"Feature","properties":{"layer_id":"cafe_restaurant","name":"イタ　ジャポ　チハラ","category":"food","address":"東京都墨田区東向島一丁目３３番１２号","source":"厚生労働省 食品衛生申請等システム（オープンデータ）","municipality_code":"13107","municipality_pref":"東京都","municipality_name":"墨田区","municipality_code_method":"food_exact_coord"},"geometry":{"type":"Point","coordinates":[139.814909,35.71984]}},{"type":"Feature","properties":{"layer_id":"cafe_restaurant","name":"からあげ　Ａｃｈｉ²ああ！","category":"food","address":"東京都墨田区墨田四丁目13番7号","source":"厚生労働省 食品衛生申請等システム（オープンデータ）","municipality_code":"13107","municipality_pref":"東京都","municipality_name":"墨田区","municipality_code_method":"food_exact_coord"},"geometry":{"type":"Point","coordinates":[139.82204,35.731337]}},{"type":"Feature","properties":{"layer_id":"cafe_restaurant","name":"Natty","category":"food","address":"東京都墨田区江東橋三丁目10番10号 YKビル5階（A)","source":"厚生労働省 食品衛生申請等システム（オープンデータ）","municipality_code":"13107","municipality_pref":"東京都","municipality_name":"墨田区","municipality_code_method":"food_exact_coord"},"geometry":{"type":"Point","coordinates":[139.812648,35.695744]}},{"type":"Feature","properties":{"layer_id":"cafe_restaurant","name":"しあわせ日和","category":"food","address":"東京都墨田区両国二丁目７番７号","source":"厚生労働省 食品衛生申請等システム（オープンデータ）","municipality_code":"13107","municipality_pref":"東京都","municipality_name":"墨田区","municipality_code_method":"food_exact_coord"},"geometry":{"type":"Point","coordinates":[139.79205,35.693118]}},{"type":"Feature","properties":{"layer_id":"cafe_restaurant","name":"有限会社丸栄フーズ","category":"food","address":"東京都墨田区本所四丁目3番12号","source":"厚生労働省 食品衛生申請等システム（オープンデータ）","municipality_code":"13107","municipality_pref":"東京都","municipality_name":"墨田区","municipality_code_method":"food_exact_coord"},"geometry":{"type":"Point","coordinates":[139.806014,35.702467]}},{"type":"Feature","properties":{"layer_id":"cafe_restaurant","name":"焼肉だんらん　上田屋　本所吾妻橋店","category":"food","address":"東京都墨田区東駒形四丁目23番11号","source":"厚生労働省 食品衛生申請等システム（オープンデータ）","municipality_code":"13107","municipality_pref":"東京都","municipality_name":"墨田区","municipality_code_method":"food_exact_coord"},"geometry":{"type":"Point","coordinates":[139.807576,35.707806]}},{"type":"Feature","properties":{"layer_id":"cafe_restaurant","name":"ミスタードーナツ錦糸町マルイ","category":"food","address":"東京都墨田区江東橋三丁目9番10号　１F","source":"厚生労働省 食品衛生申請等システム（オープンデータ）","municipality_code":"13107","municipality_pref":"東京都","municipality_name":"墨田区","municipality_code_method":"food_exact_coord"},"geometry":{"type":"Point","coordinates":[139.813707,35.694943]}},{"type":"Feature","properties":{"layer_id":"cafe_restaurant","name":"中華惣菜　Mr.PANDA","category":"food","address":"東京都墨田区江東橋三丁目14番2号 テルミナB1F-B-22区画","source":"厚生労働省 食品衛生申請等システム（オープンデータ）","municipality_code":"13107","municipality_pref":"東京都","municipality_name":"墨田区","municipality_code_method":"food_exact_coord"},"geometry":{"type":"Point","coordinates":[139.814426,35.694442]}},{"type":"Feature","properties":{"layer_id":"cafe_restaurant","name":"カフェ真美い庵","category":"food","address":"東京都墨田区文花三丁目９番１号","source":"厚生労働省 食品衛生申請等システム（オープンデータ）","municipality_code":"13107","municipality_pref":"東京都","municipality_name":"墨田区","municipality_code_method":"food_exact_coord"},"geometry":{"type":"Point","coordinates":[139.825677,35.712588]}},{"type":"Feature","properties":{"layer_id":"cafe_restaurant","name":"串カツ田中　菊川店","category":"food","address":"東京都墨田区菊川三丁目７番２号","source":"厚生労働省 食品衛生申請等システム（オープンデータ）","municipality_code":"13107","municipality_pref":"東京都","municipality_name":"墨田区","municipality_code_method":"food_exact_coord"},"geometry":{"type":"Point","coordinates":[139.806215,35.688141]}},{"type":"Feature","properties":{"layer_id":"cafe_restaurant","name":"串カツ田中　両国店","category":"food","address":"東京都墨田区緑一丁目１７番９号","source":"厚生労働省 食品衛生申請等システム（オープンデータ）","municipality_code":"13107","municipality_pref":"東京都","municipality_name":"墨田区","municipality_code_method":"food_exact_coord"},"geometry":{"type":"Point","coordinates":[139.79822,35.69483]}},{"type":"Feature","properties":{"layer_id":"cafe_restaurant","name":"個室居酒屋　咲くら・鳥吟","category":"food","address":"東京都墨田区江東橋三丁目12番3号 ARUTEMISKEIYO　４F","source":"厚生労働省 食品衛生申請等システム（オープンデータ）","municipality_code":"13107","municipality_pref":"東京都","municipality_name":"墨田区","municipality_code_method":"food_exact_coord"},"geometry":{"type":"Point","coordinates":[139.813349,35.695996]}},{"type":"Feature","properties":{"layer_id":"cafe_restaurant","name":"Oh!!酒ばぁ～おかん","category":"food","address":"東京都墨田区押上二丁目28番10号","source":"厚生労働省 食品衛生申請等システム（オープンデータ）","municipality_code":"13107","municipality_pref":"東京都","municipality_name":"墨田区","municipality_code_method":"food_exact_coord"},"geometry":{"type":"Point","coordinates":[139.814841,35.71356]}},{"type":"Feature","properties":{"layer_id":"cafe_restaurant","name":"ぽっちゃりＡＳＫ","category":"food","address":"東京都墨田区江東橋四丁目１６番５号 ＳＫビル５階（５０２号室）","source":"厚生労働省 食品衛生申請等システム（オープンデータ）","municipality_code":"13107","municipality_pref":"東京都","municipality_name":"墨田区","municipality_code_method":"food_exact_coord"},"geometry":{"type":"Point","coordinates":[139.817087,35.694735]}},{"type":"Feature","properties":{"layer_id":"cafe_restaurant","name":"好味来","category":"food","address":"東京都墨田区文花二丁目２番１２号 吉田ビル101","source":"厚生労働省 食品衛生申請等システム（オープンデータ）","municipality_code":"13107","municipality_pref":"東京都","municipality_name":"墨田区","municipality_code_method":"food_exact_coord"},"geometry":{"type":"Point","coordinates":[139.826631,35.707298]}},{"type":"Feature","properties":{"layer_id":"cafe_restaurant","name":"両国湯屋江戸遊","category":"food","address":"東京都墨田区亀沢一丁目５番８号","source":"厚生労働省 食品衛生申請等システム（オープンデータ）","municipality_code":"13107","municipality_pref":"東京都","municipality_name":"墨田区","municipality_code_method":"food_exact_coord"},"geometry":{"type":"Point","coordinates":[139.798468,35.696656]}},{"type":"Feature","properties":{"layer_id":"cafe_restaurant","name":"炭火焼肉ジンギスカンもんも","category":"food","address":"東京都墨田区江東橋三丁目9番10号","source":"厚生労働省 食品衛生申請等システム（オープンデータ）","municipality_code":"13107","municipality_pref":"東京都","municipality_name":"墨田区","municipality_code_method":"food_exact_coord"},"geometry":{"type":"Point","coordinates":[139.813696,35.694943]}},{"type":"Feature","properties":{"layer_id":"cafe_restaurant","name":"おかずや　ｌｅｐｏ","category":"food","address":"東京都墨田区墨田五丁目４１番９号 和ハイツ１０３号室","source":"厚生労働省 食品衛生申請等システム（オープンデータ）","municipality_code":"13107","municipality_pref":"東京都","municipality_name":"墨田区","municipality_code_method":"food_exact_coord"},"geometry":{"type":"Point","coordinates":[139.819539,35.734375]}},{"type":"Feature","properties":{"layer_id":"cafe_restaurant","name":"一期一会　よねさん","category":"food","address":"東京都墨田区菊川二丁目５番８号 ＹＳＹビル　２０１","source":"厚生労働省 食品衛生申請等システム（オープンデータ）","municipality_code":"13107","municipality_pref":"東京都","municipality_name":"墨田区","municipality_code_method":"food_exact_coord"},"geometry":{"type":"Point","coordinates":[139.805524,35.688196]}},{"type":"Feature","properties":{"layer_id":"cafe_restaurant","name":"餃子のかっちゃん　錦糸町店","category":"food","address":"東京都墨田区江東橋一丁目１２番７号 まこと商事江東橋１丁目ビル","source":"厚生労働省 食品衛生申請等システム（オープンデータ）","municipality_code":"13107","municipality_pref":"東京都","municipality_name":"墨田区","municipality_code_method":"food_exact_coord"},"geometry":{"type":"Point","coordinates":[139.810962,35.69561]}},{"type":"Feature","properties":{"layer_id":"cafe_restaurant","name":"まめったい商店　東向島店","category":"food","address":"東京都墨田区東向島五丁目７番１４号","source":"厚生労働省 食品衛生申請等システム（オープンデータ）","municipality_code":"13107","municipality_pref":"東京都","municipality_name":"墨田区","municipality_code_method":"food_exact_coord"},"geometry":{"type":"Point","coordinates":[139.820259,35.725326]}},{"type":"Feature","properties":{"layer_id":"cafe_restaurant","name":"中華料理谷記　錦糸町南口店","category":"food","address":"東京都墨田区江東橋二丁目17番2号","source":"厚生労働省 食品衛生申請等システム（オープンデータ）","municipality_code":"13107","municipality_pref":"東京都","municipality_name":"墨田区","municipality_code_method":"food_exact_coord"},"geometry":{"type":"Point","coordinates":[139.812338,35.696019]}},{"type":"Feature","properties":{"layer_id":"cafe_restaurant","name":"ＢＲＯＷＮ　ＴＡＢＢＹ　吾妻橋","category":"food","address":"東京都墨田区吾妻橋三丁目１番７号 ローヤルシティ本所吾妻橋１０１","source":"厚生労働省 食品衛生申請等システム（オープンデータ）","municipality_code":"13107","municipality_pref":"東京都","municipality_name":"墨田区","municipality_code_method":"food_exact_coord"},"geometry":{"type":"Point","coordinates":[139.805274,35.708322]}},{"type":"Feature","properties":{"layer_id":"cafe_restaurant","name":"もつ焼隅田","category":"food","address":"東京都墨田区東向島四丁目22番7号","source":"厚生労働省 食品衛生申請等システム（オープンデータ）","municipality_code":"13107","municipality_pref":"東京都","municipality_name":"墨田区","municipality_code_method":"food_exact_coord"},"geometry":{"type":"Point","coordinates":[139.816734,35.725133]}},{"type":"Feature","properties":{"layer_id":"cafe_restaurant","name":"もつ煮とおにぎり　かま田","category":"food","address":"東京都墨田区堤通2-7-16","source":"厚生労働省 食品衛生申請等システム（オープンデータ）","municipality_code":"13107","municipality_pref":"東京都","municipality_name":"墨田区","municipality_code_method":"food_exact_coord"},"geometry":{"type":"Point","coordinates":[139.816392,35.73417]}},{"type":"Feature","properties":{"layer_id":"cafe_restaurant","name":"やきとんひなた　とうきょうスカイツリー駅店","category":"food","address":"東京都墨田区押上二丁目１番１号 押上二丁目アパート１階　１０６号室","source":"厚生労働省 食品衛生申請等システム（オープンデータ）","municipality_code":"13107","municipality_pref":"東京都","municipality_name":"墨田区","municipality_code_method":"food_exact_coord"},"geometry":{"type":"Point","coordinates":[139.809167,35.710715]}},{"type":"Feature","properties":{"layer_id":"cafe_restaurant","name":"alala","category":"food","address":"東京都墨田区両国二丁目14番5号 渡辺ビル1F","source":"厚生労働省 食品衛生申請等システム（オープンデータ）","municipality_code":"13107","municipality_pref":"東京都","municipality_name":"墨田区","municipality_code_method":"food_exact_coord"},"geometry":{"type":"Point","coordinates":[139.7916,35.695236]}},{"type":"Feature","properties":{"layer_id":"cafe_restaurant","name":"ＰＡＯ　ＰＡＯ（Ｗ０２０２－３）","category":"food","address":"東京都墨田区押上一丁目１番２号 東京スカイツリータウン東京ソラマチ２階","source":"厚生労働省 食品衛生申請等システム（オープンデータ）","municipality_code":"13107","municipality_pref":"東京都","municipality_name":"墨田区","municipality_code_method":"food_exact_coord"},"geometry":{"type":"Point","coordinates":[139.810669,35.710087]}},{"type":"Feature","properties":{"layer_id":"cafe_restaurant","name":"居食屋　幸","category":"food","address":"東京都墨田区八広一丁目37番12号","source":"厚生労働省 食品衛生申請等システム（オープンデータ）","municipality_code":"13107","municipality_pref":"東京都","municipality_name":"墨田区","municipality_code_method":"food_exact_coord"},"geometry":{"type":"Point","coordinates":[139.825548,35.720966]}},{"type":"Feature","properties":{"layer_id":"cafe_restaurant","name":"焼肉明川","category":"food","address":"東京都墨田区両国三丁目１２番８号","source":"厚生労働省 食品衛生申請等システム（オープンデータ）","municipality_code":"13107","municipality_pref":"東京都","municipality_name":"墨田区","municipality_code_method":"food_exact_coord"},"geometry":{"type":"Point","coordinates":[139.793412,35.693426]}},{"type":"Feature","properties":{"layer_id":"cafe_restaurant","name":"ＳＮＡＣＫ　秘密の部屋","category":"food","address":"東京都墨田区江東橋四丁目１３番１４号 プラザＧ５ビル４階４Ｃ","source":"厚生労働省 食品衛生申請等システム（オープンデータ）","municipality_code":"13107","municipality_pref":"東京都","municipality_name":"墨田区","municipality_code_method":"food_exact_coord"},"geometry":{"type":"Point","coordinates":[139.816837,35.694123]}},{"type":"Feature","properties":{"layer_id":"cafe_restaurant","name":"酒処　とうちゃん","category":"food","address":"東京都墨田区東駒形二丁目４番４号","source":"厚生労働省 食品衛生申請等システム（オープンデータ）","municipality_code":"13107","municipality_pref":"東京都","municipality_name":"墨田区","municipality_code_method":"food_exact_coord"},"geometry":{"type":"Point","coordinates":[139.801468,35.705587]}},{"type":"Feature","properties":{"layer_id":"cafe_restaurant","name":"寿々喜屋","category":"food","address":"東京都墨田区石原二丁目１５番１号","source":"厚生労働省 食品衛生申請等システム（オープンデータ）","municipality_code":"13107","municipality_pref":"東京都","municipality_name":"墨田区","municipality_code_method":"food_exact_coord"},"geometry":{"type":"Point","coordinates":[139.801868,35.700671]}},{"type":"Feature","properties":{"layer_id":"cafe_restaurant","name":"魚喜代","category":"food","address":"東京都墨田区東向島五丁目２６番２号","source":"厚生労働省 食品衛生申請等システム（オープンデータ）","municipality_code":"13107","municipality_pref":"東京都","municipality_name":"墨田区","municipality_code_method":"food_exact_coord"},"geometry":{"type":"Point","coordinates":[139.820491,35.727584]}},{"type":"Feature","properties":{"layer_id":"cafe_restaurant","name":"デリカぱくぱく向島店","category":"food","address":"東京都墨田区東向島一丁目２番７号","source":"厚生労働省 食品衛生申請等システム（オープンデータ）","municipality_code":"13107","municipality_pref":"東京都","municipality_name":"墨田区","municipality_code_method":"food_exact_coord"},"geometry":{"type":"Point","coordinates":[139.812488,35.72285]}},{"type":"Feature","properties":{"layer_id":"cafe_restaurant","name":"回向院喫茶","category":"food","address":"東京都墨田区両国二丁目８番１０号","source":"厚生労働省 食品衛生申請等システム（オープンデータ）","municipality_code":"13107","municipality_pref":"東京都","municipality_name":"墨田区","municipality_code_method":"food_exact_coord"},"geometry":{"type":"Point","coordinates":[139.792018,35.693329]}},{"type":"Feature","properties":{"layer_id":"cafe_restaurant","name":"餃子のかっちゃん　錦糸町店","category":"food","address":"東京都墨田区江東橋一丁目１２番７号","source":"厚生労働省 食品衛生申請等システム（オープンデータ）","municipality_code":"13107","municipality_pref":"東京都","municipality_name":"墨田区","municipality_code_method":"food_exact_coord"},"geometry":{"type":"Point","coordinates":[139.810962,35.69561]}},{"type":"Feature","properties":{"layer_id":"cafe_restaurant","name":"南国酒家　原宿麺飯房　東京ソラマチ店（Ｗ０３１５）","category":"food","address":"東京都墨田区押上一丁目１番２号 東京スカイツリータウン東京ソラマチ３階","source":"厚生労働省 食品衛生申請等システム（オープンデータ）","municipality_code":"13107","municipality_pref":"東京都","municipality_name":"墨田区","municipality_code_method":"food_exact_coord"},"geometry":{"type":"Point","coordinates":[139.810669,35.710087]}},{"type":"Feature","properties":{"layer_id":"cafe_restaurant","name":"Asian　dinning　Sagun","category":"food","address":"東京都墨田区立花五丁目２８番１号 ミズンヒル立花１０２","source":"厚生労働省 食品衛生申請等システム（オープンデータ）","municipality_code":"13107","municipality_pref":"東京都","municipality_name":"墨田区","municipality_code_method":"food_exact_coord"},"geometry":{"type":"Point","coordinates":[139.832357,35.710781]}},{"type":"Feature","properties":{"layer_id":"cafe_restaurant","name":"かよちゃん家","category":"food","address":"東京都墨田区東向島二丁目１３番１６号","source":"厚生労働省 食品衛生申請等システム（オープンデータ）","municipality_code":"13107","municipality_pref":"東京都","municipality_name":"墨田区","municipality_code_method":"food_exact_coord"},"geometry":{"type":"Point","coordinates":[139.815828,35.717298]}},{"type":"Feature","properties":{"layer_id":"cafe_restaurant","name":"sico","category":"food","address":"東京都墨田区緑一丁目19番9号","source":"厚生労働省 食品衛生申請等システム（オープンデータ）","municipality_code":"13107","municipality_pref":"東京都","municipality_name":"墨田区","municipality_code_method":"food_exact_coord"},"geometry":{"type":"Point","coordinates":[139.798575,35.694908]}},{"type":"Feature","properties":{"layer_id":"cafe_restaurant","name":"ペッパーランチ　とうきょうスカイツリー駅前店","category":"food","address":"東京都墨田区押上二丁目１番１号 都営押上二丁目アパート１号棟","source":"厚生労働省 食品衛生申請等システム（オープンデータ）","municipality_code":"13107","municipality_pref":"東京都","municipality_name":"墨田区","municipality_code_method":"food_exact_coord"},"geometry":{"type":"Point","coordinates":[139.809053,35.710855]}},{"type":"Feature","properties":{"layer_id":"cafe_restaurant","name":"ＰＵＢ　ＭＩＮＥ＆Ｒｅｓｔｏ　Ｂａｒ","category":"food","address":"東京都墨田区江東橋四丁目１６番５号 ＳＫビル３階３０１号室","source":"厚生労働省 食品衛生申請等システム（オープンデータ）","municipality_code":"13107","municipality_pref":"東京都","municipality_name":"墨田区","municipality_code_method":"food_exact_coord"},"geometry":{"type":"Point","coordinates":[139.817087,35.694735]}},{"type":"Feature","properties":{"layer_id":"cafe_restaurant","name":"とんかつ　いなば和幸","category":"food","address":"東京都墨田区錦糸二丁目２番１号 アルカキット錦糸町１０階","source":"厚生労働省 食品衛生申請等システム（オープンデータ）","municipality_code":"13107","municipality_pref":"東京都","municipality_name":"墨田区","municipality_code_method":"food_exact_coord"},"geometry":{"type":"Point","coordinates":[139.812428,35.697302]}},{"type":"Feature","properties":{"layer_id":"cafe_restaurant","name":"ちゃんこダイニング安美　両国総本店","category":"food","address":"東京都墨田区両国三丁目２６番６号 伸和ビル　２階","source":"厚生労働省 食品衛生申請等システム（オープンデータ）","municipality_code":"13107","municipality_pref":"東京都","municipality_name":"墨田区","municipality_code_method":"food_exact_coord"},"geometry":{"type":"Point","coordinates":[139.793612,35.695504]}},{"type":"Feature","properties":{"layer_id":"cafe_restaurant","name":"稲毛屋","category":"food","address":"東京都墨田区京島三丁目１番１２号","source":"厚生労働省 食品衛生申請等システム（オープンデータ）","municipality_code":"13107","municipality_pref":"東京都","municipality_name":"墨田区","municipality_code_method":"food_exact_coord"},"geometry":{"type":"Point","coordinates":[139.820631,35.715106]}},{"type":"Feature","properties":{"layer_id":"cafe_restaurant","name":"マーナビル４F","category":"food","address":"東京都墨田区東駒形一丁目３番１５号","source":"厚生労働省 食品衛生申請等システム（オープンデータ）","municipality_code":"13107","municipality_pref":"東京都","municipality_name":"墨田区","municipality_code_method":"food_exact_coord"},"geometry":{"type":"Point","coordinates":[139.797944,35.70697]}},{"type":"Feature","properties":{"layer_id":"cafe_restaurant","name":"カレーの市民　アルバ錦糸町店","category":"food","address":"東京都墨田区江東橋三丁目７番１０号","source":"厚生労働省 食品衛生申請等システム（オープンデータ）","municipality_code":"13107","municipality_pref":"東京都","municipality_name":"墨田区","municipality_code_method":"food_exact_coord"},"geometry":{"type":"Point","coordinates":[139.814937,35.693943]}},{"type":"Feature","properties":{"layer_id":"cafe_restaurant","name":"ビッグウェーブ東向島","category":"food","address":"東京都墨田区東向島五丁目２７番４号","source":"厚生労働省 食品衛生申請等システム（オープンデータ）","municipality_code":"13107","municipality_pref":"東京都","municipality_name":"墨田区","municipality_code_method":"food_exact_coord"},"geometry":{"type":"Point","coordinates":[139.821062,35.728002]}},{"type":"Feature","properties":{"layer_id":"cafe_restaurant","name":"居酒屋　大ちゃん","category":"food","address":"東京都墨田区錦糸三丁目３番８号 長谷川ビル１階","source":"厚生労働省 食品衛生申請等システム（オープンデータ）","municipality_code":"13107","municipality_pref":"東京都","municipality_name":"墨田区","municipality_code_method":"food_exact_coord"},"geometry":{"type":"Point","coordinates":[139.813992,35.697941]}},{"type":"Feature","properties":{"layer_id":"cafe_restaurant","name":"墨田区立吾嬬第二中学校","category":"food","address":"東京都墨田区八広四丁目4番4号","source":"厚生労働省 食品衛生申請等システム（オープンデータ）","municipality_code":"13107","municipality_pref":"東京都","municipality_name":"墨田区","municipality_code_method":"food_exact_coord"},"geometry":{"type":"Point","coordinates":[139.827278,35.722054]}},{"type":"Feature","properties":{"layer_id":"cafe_restaurant","name":"酒処「まる大」","category":"food","address":"東京都墨田区墨田二丁目３番１号","source":"厚生労働省 食品衛生申請等システム（オープンデータ）","municipality_code":"13107","municipality_pref":"東京都","municipality_name":"墨田区","municipality_code_method":"food_exact_coord"},"geometry":{"type":"Point","coordinates":[139.815086,35.73135]}},{"type":"Feature","properties":{"layer_id":"cafe_restaurant","name":"光寿司","category":"food","address":"東京都墨田区東向島四丁目４１番５号","source":"厚生労働省 食品衛生申請等システム（オープンデータ）","municipality_code":"13107","municipality_pref":"東京都","municipality_name":"墨田区","municipality_code_method":"food_exact_coord"},"geometry":{"type":"Point","coordinates":[139.818153,35.72701]}},{"type":"Feature","properties":{"layer_id":"cafe_restaurant","name":"ｔｈｅ　３ｒｄ　ｔｉｍｅ","category":"food","address":"東京都墨田区京島一丁目６番６号 アトラスタワー曳舟１０６号","source":"厚生労働省 食品衛生申請等システム（オープンデータ）","municipality_code":"13107","municipality_pref":"東京都","municipality_name":"墨田区","municipality_code_method":"food_exact_coord"},"geometry":{"type":"Point","coordinates":[139.818365,35.716466]}},{"type":"Feature","properties":{"layer_id":"cafe_restaurant","name":"築地海鮮虎杖／鳥一味（W0311）","category":"food","address":"東京都墨田区押上一丁目1番2号 東京スカイツリータウン東京ソラマチ3階","source":"厚生労働省 食品衛生申請等システム（オープンデータ）","municipality_code":"13107","municipality_pref":"東京都","municipality_name":"墨田区","municipality_code_method":"food_exact_coord"},"geometry":{"type":"Point","coordinates":[139.810669,35.710087]}},{"type":"Feature","properties":{"layer_id":"cafe_restaurant","name":"六厘舎（Ｅ０６１８）","category":"food","address":"東京都墨田区押上一丁目1番2号 東京スカイツリータウン東京ソラマチ６階","source":"厚生労働省 食品衛生申請等システム（オープンデータ）","municipality_code":"13107","municipality_pref":"東京都","municipality_name":"墨田区","municipality_code_method":"food_exact_coord"},"geometry":{"type":"Point","coordinates":[139.810669,35.710087]}},{"type":"Feature","properties":{"layer_id":"cafe_restaurant","name":"ＫＦＣ　Ｈａｌｌ＆Ｒｏｏｍｓ","category":"food","address":"東京都墨田区横網一丁目６番１号","source":"厚生労働省 食品衛生申請等システム（オープンデータ）","municipality_code":"13107","municipality_pref":"東京都","municipality_name":"墨田区","municipality_code_method":"food_exact_coord"},"geometry":{"type":"Point","coordinates":[139.797052,35.697967]}},{"type":"Feature","properties":{"layer_id":"cafe_restaurant","name":"小料理　和","category":"food","address":"東京都墨田区錦糸二丁目５番５号","source":"厚生労働省 食品衛生申請等システム（オープンデータ）","municipality_code":"13107","municipality_pref":"東京都","municipality_name":"墨田区","municipality_code_method":"food_exact_coord"},"geometry":{"type":"Point","coordinates":[139.813151,35.698364]}},{"type":"Feature","properties":{"layer_id":"cafe_restaurant","name":"カラオケ　Ｂａｒ　ＡＰＥ","category":"food","address":"東京都墨田区江東橋四丁目５番３号 第５東栄ビル５階","source":"厚生労働省 食品衛生申請等システム（オープンデータ）","municipality_code":"13107","municipality_pref":"東京都","municipality_name":"墨田区","municipality_code_method":"food_exact_coord"},"geometry":{"type":"Point","coordinates":[139.817859,35.693892]}},{"type":"Feature","properties":{"layer_id":"cafe_restaurant","name":"ＢＡＲ　ＲＵＳＨ","category":"food","address":"東京都墨田区江東橋三丁目３番８号 タカヨビル１階Ａ室","source":"厚生労働省 食品衛生申請等システム（オープンデータ）","municipality_code":"13107","municipality_pref":"東京都","municipality_name":"墨田区","municipality_code_method":"food_exact_coord"},"geometry":{"type":"Point","coordinates":[139.814198,35.693553]}},{"type":"Feature","properties":{"layer_id":"cafe_restaurant","name":"さかなの福助","category":"food","address":"東京都墨田区京島一丁目３６番１号 マークフロントタワー１Ｆ","source":"厚生労働省 食品衛生申請等システム（オープンデータ）","municipality_code":"13107","municipality_pref":"東京都","municipality_name":"墨田区","municipality_code_method":"food_exact_coord"},"geometry":{"type":"Point","coordinates":[139.819436,35.717015]}},{"type":"Feature","properties":{"layer_id":"cafe_restaurant","name":"喫茶店　ポピー","category":"food","address":"東京都墨田区本所一丁目３１番５号","source":"厚生労働省 食品衛生申請等システム（オープンデータ）","municipality_code":"13107","municipality_pref":"東京都","municipality_name":"墨田区","municipality_code_method":"food_exact_coord"},"geometry":{"type":"Point","coordinates":[139.798344,35.704747]}},{"type":"Feature","properties":{"layer_id":"cafe_restaurant","name":"本格石窯パン工房　トムトム吾妻橋","category":"food","address":"東京都墨田区吾妻橋一丁目２３番３０号","source":"厚生労働省 食品衛生申請等システム（オープンデータ）","municipality_code":"13107","municipality_pref":"東京都","municipality_name":"墨田区","municipality_code_method":"food_exact_coord"},"geometry":{"type":"Point","coordinates":[139.80093,35.709608]}},{"type":"Feature","properties":{"layer_id":"cafe_restaurant","name":"すし処橋本","category":"food","address":"東京都墨田区江東橋二丁目７番５号 辻村ビル１F","source":"厚生労働省 食品衛生申請等システム（オープンデータ）","municipality_code":"13107","municipality_pref":"東京都","municipality_name":"墨田区","municipality_code_method":"food_exact_coord"},"geometry":{"type":"Point","coordinates":[139.812475,35.69441]}},{"type":"Feature","properties":{"layer_id":"cafe_restaurant","name":"世界の山ちゃん錦糸町南口店","category":"food","address":"東京都墨田区江東橋三丁目１４番１３号 サンライズビル３階","source":"厚生労働省 食品衛生申請等システム（オープンデータ）","municipality_code":"13107","municipality_pref":"東京都","municipality_name":"墨田区","municipality_code_method":"food_exact_coord"},"geometry":{"type":"Point","coordinates":[139.813247,35.696212]}},{"type":"Feature","properties":{"layer_id":"cafe_restaurant","name":"Ｔｏｋｅｎ　Ａｒｔ　Ｃｅｎｔｅｒ","category":"food","address":"東京都墨田区東向島三丁目３１番１４号","source":"厚生労働省 食品衛生申請等システム（オープンデータ）","municipality_code":"13107","municipality_pref":"東京都","municipality_name":"墨田区","municipality_code_method":"food_exact_coord"},"geometry":{"type":"Point","coordinates":[139.813713,35.723072]}},{"type":"Feature","properties":{"layer_id":"cafe_restaurant","name":"元祖どないや　錦糸町店","category":"food","address":"東京都墨田区江東橋四丁目２１番６号 錦糸町ハイタウン１２０","source":"厚生労働省 食品衛生申請等システム（オープンデータ）","municipality_code":"13107","municipality_pref":"東京都","municipality_name":"墨田区","municipality_code_method":"food_exact_coord"},"geometry":{"type":"Point","coordinates":[139.817016,35.695234]}},{"type":"Feature","properties":{"layer_id":"cafe_restaurant","name":"季節料理　勇魚","category":"food","address":"東京都墨田区八広四丁目３８番９号","source":"厚生労働省 食品衛生申請等システム（オープンデータ）","municipality_code":"13107","municipality_pref":"東京都","municipality_name":"墨田区","municipality_code_method":"food_exact_coord"},"geometry":{"type":"Point","coordinates":[139.830541,35.723078]}},{"type":"Feature","properties":{"layer_id":"cafe_restaurant","name":"まいづる","category":"food","address":"東京都墨田区向島二丁目１４番１４号","source":"厚生労働省 食品衛生申請等システム（オープンデータ）","municipality_code":"13107","municipality_pref":"東京都","municipality_name":"墨田区","municipality_code_method":"food_exact_coord"},"geometry":{"type":"Point","coordinates":[139.808262,35.71532]}},{"type":"Feature","properties":{"layer_id":"cafe_restaurant","name":"居酒屋きじむなー","category":"food","address":"東京都墨田区京島一丁目2番2-115号","source":"厚生労働省 食品衛生申請等システム（オープンデータ）","municipality_code":"13107","municipality_pref":"東京都","municipality_name":"墨田区","municipality_code_method":"food_exact_coord"},"geometry":{"type":"Point","coordinates":[139.817656,35.716615]}},{"type":"Feature","properties":{"layer_id":"cafe_restaurant","name":"Ｑｕｅｅｎｓ","category":"food","address":"東京都墨田区江東橋三丁目５番１号 第一立田ビル地下１階","source":"厚生労働省 食品衛生申請等システム（オープンデータ）","municipality_code":"13107","municipality_pref":"東京都","municipality_name":"墨田区","municipality_code_method":"food_exact_coord"},"geometry":{"type":"Point","coordinates":[139.813363,35.69387]}},{"type":"Feature","properties":{"layer_id":"cafe_restaurant","name":"安藝’ｓ　ｃａｆ’ｅ","category":"food","address":"東京都墨田区吾妻橋二丁目３番１４号","source":"厚生労働省 食品衛生申請等システム（オープンデータ）","municipality_code":"13107","municipality_pref":"東京都","municipality_name":"墨田区","municipality_code_method":"food_exact_coord"},"geometry":{"type":"Point","coordinates":[139.803489,35.708749]}},{"type":"Feature","properties":{"layer_id":"cafe_restaurant","name":"鉄板焼　倶楽部　エイジ","category":"food","address":"東京都墨田区錦糸二丁目１３番１号 堀越第１ビルＢ１Ｆ","source":"厚生労働省 食品衛生申請等システム（オープンデータ）","municipality_code":"13107","municipality_pref":"東京都","municipality_name":"墨田区","municipality_code_method":"food_exact_coord"},"geometry":{"type":"Point","coordinates":[139.812719,35.699285]}},{"type":"Feature","properties":{"layer_id":"cafe_restaurant","name":"峰屋","category":"food","address":"東京都墨田区東駒形三丁目１９番１３号","source":"厚生労働省 食品衛生申請等システム（オープンデータ）","municipality_code":"13107","municipality_pref":"東京都","municipality_name":"墨田区","municipality_code_method":"food_exact_coord"},"geometry":{"type":"Point","coordinates":[139.804013,35.707259]}},{"type":"Feature","properties":{"layer_id":"cafe_restaurant","name":"丸八そば菊川店","category":"food","address":"東京都墨田区菊川三丁目１７番１号","source":"厚生労働省 食品衛生申請等システム（オープンデータ）","municipality_code":"13107","municipality_pref":"東京都","municipality_name":"墨田区","municipality_code_method":"food_exact_coord"},"geometry":{"type":"Point","coordinates":[139.80626,35.68901]}},{"type":"Feature","properties":{"layer_id":"cafe_restaurant","name":"有限会社　政屋商店","category":"food","address":"東京都墨田区八広二丁目50番11号","source":"厚生労働省 食品衛生申請等システム（オープンデータ）","municipality_code":"13107","municipality_pref":"東京都","municipality_name":"墨田区","municipality_code_method":"food_exact_coord"},"geometry":{"type":"Point","coordinates":[139.827551,35.714293]}},{"type":"Feature","properties":{"layer_id":"cafe_restaurant","name":"ｓｔａｙ　ｗｏｒｋ　ｃａｆｅ　＆　ｂａｒ","category":"food","address":"東京都墨田区東駒形一丁目１８番８号","source":"厚生労働省 食品衛生申請等システム（オープンデータ）","municipality_code":"13107","municipality_pref":"東京都","municipality_name":"墨田区","municipality_code_method":"food_exact_coord"},"geometry":{"type":"Point","coordinates":[139.799314,35.706699]}},{"type":"Feature","properties":{"layer_id":"cafe_restaurant","name":"ＵＭＡＭＩ  ＢＵＲＧＥＲ","category":"food","address":"東京都墨田区江東橋四丁目２７番１４号 楽天地ビル１Ｆ","source":"厚生労働省 食品衛生申請等システム（オープンデータ）","municipality_code":"13107","municipality_pref":"東京都","municipality_name":"墨田区","municipality_code_method":"food_exact_coord"},"geometry":{"type":"Point","coordinates":[139.816498,35.69652]}},{"type":"Feature","properties":{"layer_id":"cafe_restaurant","name":"ＩＭＡＤＥＹＡ　ＳＵＭＩＤＡ","category":"food","address":"東京都墨田区江東橋四丁目２７番１４号 楽天地ビル１Ｆ","source":"厚生労働省 食品衛生申請等システム（オープンデータ）","municipality_code":"13107","municipality_pref":"東京都","municipality_name":"墨田区","municipality_code_method":"food_exact_coord"},"geometry":{"type":"Point","coordinates":[139.816498,35.69652]}},{"type":"Feature","properties":{"layer_id":"cafe_restaurant","name":"ｎａｎａ’ｓ　ｇｒｅｅｎ　ｔｅａ　錦糸町パルコ店","category":"food","address":"東京都墨田区江東橋四丁目２７番１４号 楽天地ビル６Ｆ","source":"厚生労働省 食品衛生申請等システム（オープンデータ）","municipality_code":"13107","municipality_pref":"東京都","municipality_name":"墨田区","municipality_code_method":"food_exact_coord"},"geometry":{"type":"Point","coordinates":[139.816498,35.69652]}},{"type":"Feature","properties":{"layer_id":"cafe_restaurant","name":"ファミリーマート墨田亀沢四丁目店","category":"food","address":"東京都墨田区亀沢四丁目16番16号","source":"厚生労働省 食品衛生申請等システム（オープンデータ）","municipality_code":"13107","municipality_pref":"東京都","municipality_name":"墨田区","municipality_code_method":"food_exact_coord"},"geometry":{"type":"Point","coordinates":[139.807452,35.698234]}},{"type":"Feature","properties":{"layer_id":"cafe_restaurant","name":"ＧＥＯＲＧＩＡＮ　ＨＯＵＳＥ","category":"food","address":"東京都墨田区吾妻橋二丁目３番７号","source":"厚生労働省 食品衛生申請等システム（オープンデータ）","municipality_code":"13107","municipality_pref":"東京都","municipality_name":"墨田区","municipality_code_method":"food_exact_coord"},"geometry":{"type":"Point","coordinates":[139.803936,35.708916]}},{"type":"Feature","properties":{"layer_id":"cafe_restaurant","name":"ほろばしゃ","category":"food","address":"東京都墨田区東向島二丁目１３番７号 ＹＭＫ曳舟１Ｆ","source":"厚生労働省 食品衛生申請等システム（オープンデータ）","municipality_code":"13107","municipality_pref":"東京都","municipality_name":"墨田区","municipality_code_method":"food_exact_coord"},"geometry":{"type":"Point","coordinates":[139.816296,35.717159]}},{"type":"Feature","properties":{"layer_id":"cafe_restaurant","name":"丸亀製麺両国店","category":"food","address":"東京都墨田区横網一丁目３番１３号","source":"厚生労働省 食品衛生申請等システム（オープンデータ）","municipality_code":"13107","municipality_pref":"東京都","municipality_name":"墨田区","municipality_code_method":"food_exact_coord"},"geometry":{"type":"Point","coordinates":[139.792505,35.695812]}},{"type":"Feature","properties":{"layer_id":"cafe_restaurant","name":"わかくさ","category":"food","address":"東京都墨田区太平三丁目４番７号 ＬＩＶＥＲＡ若草１階","source":"厚生労働省 食品衛生申請等システム（オープンデータ）","municipality_code":"13107","municipality_pref":"東京都","municipality_name":"墨田区","municipality_code_method":"food_exact_coord"},"geometry":{"type":"Point","coordinates":[139.814496,35.700264]}},{"type":"Feature","properties":{"layer_id":"cafe_restaurant","name":"大衆ステーキビリーザキッド墨田本店","category":"food","address":"東京都墨田区立花五丁目２番３号","source":"厚生労働省 食品衛生申請等システム（オープンデータ）","municipality_code":"13107","municipality_pref":"東京都","municipality_name":"墨田区","municipality_code_method":"food_exact_coord"},"geometry":{"type":"Point","coordinates":[139.829169,35.711503]}},{"type":"Feature","properties":{"layer_id":"cafe_restaurant","name":"三四郎","category":"food","address":"東京都墨田区江東橋三丁目５番４号","source":"厚生労働省 食品衛生申請等システム（オープンデータ）","municipality_code":"13107","municipality_pref":"東京都","municipality_name":"墨田区","municipality_code_method":"food_exact_coord"},"geometry":{"type":"Point","coordinates":[139.8133,35.694254]}},{"type":"Feature","properties":{"layer_id":"cafe_restaurant","name":"チルイン　錦糸町１号店","category":"food","address":"東京都墨田区江東橋三丁目８番１２号 Kinsia Annex３Ｆ","source":"厚生労働省 食品衛生申請等システム（オープンデータ）","municipality_code":"13107","municipality_pref":"東京都","municipality_name":"墨田区","municipality_code_method":"food_exact_coord"},"geometry":{"type":"Point","coordinates":[139.814671,35.695109]}},{"type":"Feature","properties":{"layer_id":"cafe_restaurant","name":"稲ノ和・渦潮","category":"food","address":"東京都墨田区江東橋二丁目６番７号 ６F","source":"厚生労働省 食品衛生申請等システム（オープンデータ）","municipality_code":"13107","municipality_pref":"東京都","municipality_name":"墨田区","municipality_code_method":"food_exact_coord"},"geometry":{"type":"Point","coordinates":[139.812924,35.694362]}},{"type":"Feature","properties":{"layer_id":"cafe_restaurant","name":"べレール向島","category":"food","address":"東京都墨田区東向島二丁目３６番１１号","source":"厚生労働省 食品衛生申請等システム（オープンデータ）","municipality_code":"13107","municipality_pref":"東京都","municipality_name":"墨田区","municipality_code_method":"food_exact_coord"},"geometry":{"type":"Point","coordinates":[139.81814,35.721593]}},{"type":"Feature","properties":{"layer_id":"cafe_restaurant","name":"ストロベリーマニア　東京スカイツリータウンソラマチ店（Ｅ０４１１）","category":"food","address":"東京都墨田区押上一丁目１番２号 東京スカイツリータウン東京ソラマチ４階","source":"厚生労働省 食品衛生申請等システム（オープンデータ）","municipality_code":"13107","municipality_pref":"東京都","municipality_name":"墨田区","municipality_code_method":"food_exact_coord"},"geometry":{"type":"Point","coordinates":[139.810669,35.710087]}},{"type":"Feature","properties":{"layer_id":"cafe_restaurant","name":"洋食屋　銀座グリルカーディナル（Ｅ０７０４）","category":"food","address":"東京都墨田区押上一丁目１番２号 東京スカイツリータウン東京ソラマチ７階","source":"厚生労働省 食品衛生申請等システム（オープンデータ）","municipality_code":"13107","municipality_pref":"東京都","municipality_name":"墨田区","municipality_code_method":"food_exact_coord"},"geometry":{"type":"Point","coordinates":[139.810669,35.710087]}},{"type":"Feature","properties":{"layer_id":"cafe_restaurant","name":"アフタヌーンティー・ティールーム（Ｅ０３４０）","category":"food","address":"東京都墨田区押上一丁目１番２号 東京スカイツリータウン東京ソラマチ３階","source":"厚生労働省 食品衛生申請等システム（オープンデータ）","municipality_code":"13107","municipality_pref":"東京都","municipality_name":"墨田区","municipality_code_method":"food_exact_coord"},"geometry":{"type":"Point","coordinates":[139.810669,35.710087]}},{"type":"Feature","properties":{"layer_id":"cafe_restaurant","name":"宮武讃岐うどん（Ｗ０３０９）","category":"food","address":"東京都墨田区押上一丁目１番２号 東京スカイツリータウン東京ソラマチ３階","source":"厚生労働省 食品衛生申請等システム（オープンデータ）","municipality_code":"13107","municipality_pref":"東京都","municipality_name":"墨田区","municipality_code_method":"food_exact_coord"},"geometry":{"type":"Point","coordinates":[139.810669,35.710087]}},{"type":"Feature","properties":{"layer_id":"cafe_restaurant","name":"ぴょんぴょん舎　Ｔｅ－ｓｕ（Ｅ０６１７）","category":"food","address":"東京都墨田区押上一丁目１番２号 東京スカイツリータウン東京ソラマチ６階","source":"厚生労働省 食品衛生申請等システム（オープンデータ）","municipality_code":"13107","municipality_pref":"東京都","municipality_name":"墨田区","municipality_code_method":"food_exact_coord"},"geometry":{"type":"Point","coordinates":[139.810669,35.710087]}},{"type":"Feature","properties":{"layer_id":"cafe_restaurant","name":"妻家房　東京スカイツリータウン・ソラマチ店（Ｅ０６０９）","category":"food","address":"東京都墨田区押上一丁目１番２号 東京スカイツリータウン東京ソラマチ６階","source":"厚生労働省 食品衛生申請等システム（オープンデータ）","municipality_code":"13107","municipality_pref":"東京都","municipality_name":"墨田区","municipality_code_method":"food_exact_coord"},"geometry":{"type":"Point","coordinates":[139.810669,35.710087]}},{"type":"Feature","properties":{"layer_id":"cafe_restaurant","name":"Ｓｋｙ　Ｒｅｓｔａｕｒａｎｔ　６３４（Ｈ３４５－２）","category":"food","address":"東京都墨田区押上一丁目１番２号 東京スカイツリータウン東京ソラマチ１７階","source":"厚生労働省 食品衛生申請等システム（オープンデータ）","municipality_code":"13107","municipality_pref":"東京都","municipality_name":"墨田区","municipality_code_method":"food_exact_coord"},"geometry":{"type":"Point","coordinates":[139.810669,35.710087]}},{"type":"Feature","properties":{"layer_id":"cafe_restaurant","name":"ＴＯＰ　ｏｆ　ＴＲＥＥ　（Ｅ３１０３）","category":"food","address":"東京都墨田区押上一丁目１番２号 東京スカイツリータウン東京ソラマチ３１階","source":"厚生労働省 食品衛生申請等システム（オープンデータ）","municipality_code":"13107","municipality_pref":"東京都","municipality_name":"墨田区","municipality_code_method":"food_exact_coord"},"geometry":{"type":"Point","coordinates":[139.810669,35.710087]}},{"type":"Feature","properties":{"layer_id":"cafe_restaurant","name":"つるとんたん　ＴＨＥ　ＳＫＹ　ＴＯＫＹＯ（Ｅ０７１２・０７１３）","category":"food","address":"東京都墨田区押上一丁目１番２号 東京スカイツリータウン東京ソラマチ７Ｆ","source":"厚生労働省 食品衛生申請等システム（オープンデータ）","municipality_code":"13107","municipality_pref":"東京都","municipality_name":"墨田区","municipality_code_method":"food_exact_coord"},"geometry":{"type":"Point","coordinates":[139.810669,35.710087]}},{"type":"Feature","properties":{"layer_id":"cafe_restaurant","name":"ＣＬＵＢ　ＬＩＥＮ","category":"food","address":"東京都墨田区江東橋三丁目５番２号 サーストンビル３階３０３号室","source":"厚生労働省 食品衛生申請等システム（オープンデータ）","municipality_code":"13107","municipality_pref":"東京都","municipality_name":"墨田区","municipality_code_method":"food_exact_coord"},"geometry":{"type":"Point","coordinates":[139.813357,35.693975]}},{"type":"Feature","properties":{"layer_id":"cafe_restaurant","name":"肉のヤマ牛両国","category":"food","address":"東京都墨田区横網1-3-9","source":"厚生労働省 食品衛生申請等システム（オープンデータ）","municipality_code":"13107","municipality_pref":"東京都","municipality_name":"墨田区","municipality_code_method":"food_exact_coord"},"geometry":{"type":"Point","coordinates":[139.793434,35.695746]}},{"type":"Feature","properties":{"layer_id":"cafe_restaurant","name":"ippuku cafe","category":"food","address":"東京都墨田区横網一丁目４番１号 ＜江戸東京博物館内＞","source":"厚生労働省 食品衛生申請等システム（オープンデータ）","municipality_code":"13107","municipality_pref":"東京都","municipality_name":"墨田区","municipality_code_method":"food_exact_coord"},"geometry":{"type":"Point","coordinates":[139.794926,35.69668]}},{"type":"Feature","properties":{"layer_id":"cafe_restaurant","name":"こよみ","category":"food","address":"東京都墨田区横網一丁目４番１号 ＜江戸東京博物館内＞","source":"厚生労働省 食品衛生申請等システム（オープンデータ）","municipality_code":"13107","municipality_pref":"東京都","municipality_name":"墨田区","municipality_code_method":"food_exact_coord"},"geometry":{"type":"Point","coordinates":[139.795805,35.69653]}},{"type":"Feature","properties":{"layer_id":"cafe_restaurant","name":"ｍｅｒｉｐｐａ　ｈｏｕｓｅ","category":"food","address":"東京都墨田区亀沢二丁目１８番１０号","source":"厚生労働省 食品衛生申請等システム（オープンデータ）","municipality_code":"13107","municipality_pref":"東京都","municipality_name":"墨田区","municipality_code_method":"food_exact_coord"},"geometry":{"type":"Point","coordinates":[139.800421,35.697782]}},{"type":"Feature","properties":{"layer_id":"cafe_restaurant","name":"ひつまぶし名古屋備長（Ｅ０６１４）","category":"food","address":"東京都墨田区押上一丁目１番２号 東京スカイツリータウン東京ソラマチ６階","source":"厚生労働省 食品衛生申請等システム（オープンデータ）","municipality_code":"13107","municipality_pref":"東京都","municipality_name":"墨田区","municipality_code_method":"food_exact_coord"},"geometry":{"type":"Point","coordinates":[139.810669,35.710087]}},{"type":"Feature","properties":{"layer_id":"cafe_restaurant","name":"そんぽの家S　東墨田","category":"food","address":"東京都墨田区東墨田二丁目3番18号","source":"厚生労働省 食品衛生申請等システム（オープンデータ）","municipality_code":"13107","municipality_pref":"東京都","municipality_name":"墨田区","municipality_code_method":"food_exact_coord"},"geometry":{"type":"Point","coordinates":[139.832547,35.718312]}},{"type":"Feature","properties":{"layer_id":"cafe_restaurant","name":"SOMPOケア　ラヴィーレ錦糸町","category":"food","address":"東京都墨田区江東橋5-9-1","source":"厚生労働省 食品衛生申請等システム（オープンデータ）","municipality_code":"13107","municipality_pref":"東京都","municipality_name":"墨田区","municipality_code_method":"food_exact_coord"},"geometry":{"type":"Point","coordinates":[139.810384,35.690494]}},{"type":"Feature","properties":{"layer_id":"cafe_restaurant","name":"Ｂｉｓｔｒｏ　ｓｔａｎｄ　Ｌｉｅｎ","category":"food","address":"東京都墨田区石原一丁目２９番１号 リバーサイド石原１０２","source":"厚生労働省 食品衛生申請等システム（オープンデータ）","municipality_code":"13107","municipality_pref":"東京都","municipality_name":"墨田区","municipality_code_method":"food_exact_coord"},"geometry":{"type":"Point","coordinates":[139.797757,35.700445]}},{"type":"Feature","properties":{"layer_id":"cafe_restaurant","name":"カラオケ＆ゲームＢａｒ　非常識","category":"food","address":"東京都墨田区江東橋二丁目６番１４号 エスカイア錦糸町プラザ６階（６０３号）","source":"厚生労働省 食品衛生申請等システム（オープンデータ）","municipality_code":"13107","municipality_pref":"東京都","municipality_name":"墨田区","municipality_code_method":"food_exact_coord"},"geometry":{"type":"Point","coordinates":[139.812188,35.694981]}},{"type":"Feature","properties":{"layer_id":"cafe_restaurant","name":"ニュー鳥正","category":"food","address":"東京都墨田区両国三丁目２４番６号","source":"厚生労働省 食品衛生申請等システム（オープンデータ）","municipality_code":"13107","municipality_pref":"東京都","municipality_name":"墨田区","municipality_code_method":"food_exact_coord"},"geometry":{"type":"Point","coordinates":[139.794499,35.695159]}},{"type":"Feature","properties":{"layer_id":"cafe_restaurant","name":"賛育会病院","category":"food","address":"東京都墨田区太平三丁目２０番２号","source":"厚生労働省 食品衛生申請等システム（オープンデータ）","municipality_code":"13107","municipality_pref":"東京都","municipality_name":"墨田区","municipality_code_method":"food_exact_coord"},"geometry":{"type":"Point","coordinates":[139.8134185,35.702639000000005]}},{"type":"Feature","properties":{"layer_id":"cafe_restaurant","name":"麺屋旭","category":"food","address":"東京都墨田区江東橋二丁目１７番２号 １Ｆ","source":"厚生労働省 食品衛生申請等システム（オープンデータ）","municipality_code":"13107","municipality_pref":"東京都","municipality_name":"墨田区","municipality_code_method":"food_exact_coord"},"geometry":{"type":"Point","coordinates":[139.812341,35.696018]}},{"type":"Feature","properties":{"layer_id":"cafe_restaurant","name":"菜来軒","category":"food","address":"東京都墨田区石原四丁目１９番４号","source":"厚生労働省 食品衛生申請等システム（オープンデータ）","municipality_code":"13107","municipality_pref":"東京都","municipality_name":"墨田区","municipality_code_method":"food_exact_coord"},"geometry":{"type":"Point","coordinates":[139.806143,35.700556]}},{"type":"Feature","properties":{"layer_id":"cafe_restaurant","name":"ＢＡＫＥ　ＳＨＯＰ　アンとルイ","category":"food","address":"東京都墨田区向島四丁目２８番３号","source":"厚生労働省 食品衛生申請等システム（オープンデータ）","municipality_code":"13107","municipality_pref":"東京都","municipality_name":"墨田区","municipality_code_method":"food_exact_coord"},"geometry":{"type":"Point","coordinates":[139.81282,35.714225]}},{"type":"Feature","properties":{"layer_id":"cafe_restaurant","name":"ＢＵＺＺｄａｒｔｓ＆sports錦糸町店","category":"food","address":"東京都墨田区江東橋三丁目１１番５号 東州ビル３F","source":"厚生労働省 食品衛生申請等システム（オープンデータ）","municipality_code":"13107","municipality_pref":"東京都","municipality_name":"墨田区","municipality_code_method":"food_exact_coord"},"geometry":{"type":"Point","coordinates":[139.813045,35.695989]}},{"type":"Feature","properties":{"layer_id":"cafe_restaurant","name":"錦のはりく","category":"food","address":"東京都墨田区江東橋二丁目１７番１号 ＢＦＢⅡ　２階","source":"厚生労働省 食品衛生申請等システム（オープンデータ）","municipality_code":"13107","municipality_pref":"東京都","municipality_name":"墨田区","municipality_code_method":"food_exact_coord"},"geometry":{"type":"Point","coordinates":[139.812268,35.695899]}},{"type":"Feature","properties":{"layer_id":"cafe_restaurant","name":"ダイヨンコウバ","category":"food","address":"東京都墨田区八広二丁目１５番１９号","source":"厚生労働省 食品衛生申請等システム（オープンデータ）","municipality_code":"13107","municipality_pref":"東京都","municipality_name":"墨田区","municipality_code_method":"food_exact_coord"},"geometry":{"type":"Point","coordinates":[139.824823,35.715958]}},{"type":"Feature","properties":{"layer_id":"cafe_restaurant","name":"七宝麻辣湯　錦糸町店","category":"food","address":"東京都墨田区錦糸三丁目８番７号 水嶋ビル１階","source":"厚生労働省 食品衛生申請等システム（オープンデータ）","municipality_code":"13107","municipality_pref":"東京都","municipality_name":"墨田区","municipality_code_method":"food_exact_coord"},"geometry":{"type":"Point","coordinates":[139.814692,35.698761]}},{"type":"Feature","properties":{"layer_id":"cafe_restaurant","name":"イン　チャン","category":"food","address":"東京都墨田区錦糸一丁目８番７号","source":"厚生労働省 食品衛生申請等システム（オープンデータ）","municipality_code":"13107","municipality_pref":"東京都","municipality_name":"墨田区","municipality_code_method":"food_exact_coord"},"geometry":{"type":"Point","coordinates":[139.811786,35.698308]}},{"type":"Feature","properties":{"layer_id":"cafe_restaurant","name":"横浜家系ラーメン　池田家　東向島店","category":"food","address":"東京都墨田区東向島三丁目17番7号 第3安井ビル","source":"厚生労働省 食品衛生申請等システム（オープンデータ）","municipality_code":"13107","municipality_pref":"東京都","municipality_name":"墨田区","municipality_code_method":"food_exact_coord"},"geometry":{"type":"Point","coordinates":[139.815294,35.725373]}},{"type":"Feature","properties":{"layer_id":"cafe_restaurant","name":"七輪焼肉　安安　両国店","category":"food","address":"東京都墨田区両国三丁目２５番６号 白井ビル２階","source":"厚生労働省 食品衛生申請等システム（オープンデータ）","municipality_code":"13107","municipality_pref":"東京都","municipality_name":"墨田区","municipality_code_method":"food_exact_coord"},"geometry":{"type":"Point","coordinates":[139.794322,35.695485]}},{"type":"Feature","properties":{"layer_id":"cafe_restaurant","name":"寅さん","category":"food","address":"東京都墨田区京島三丁目６８番４号","source":"厚生労働省 食品衛生申請等システム（オープンデータ）","municipality_code":"13107","municipality_pref":"東京都","municipality_name":"墨田区","municipality_code_method":"food_exact_coord"},"geometry":{"type":"Point","coordinates":[139.826577,35.713653]}},{"type":"Feature","properties":{"layer_id":"cafe_restaurant","name":"有限会社山田家","category":"food","address":"東京都墨田区東駒形二丁目２番９号","source":"厚生労働省 食品衛生申請等システム（オープンデータ）","municipality_code":"13107","municipality_pref":"東京都","municipality_name":"墨田区","municipality_code_method":"food_exact_coord"},"geometry":{"type":"Point","coordinates":[139.800651,35.705611]}},{"type":"Feature","properties":{"layer_id":"cafe_restaurant","name":"ＨＯＴＥＬ　ＢＡＭＢＯＯ　ＧＡＲＤＥＮ","category":"food","address":"東京都墨田区江東橋四丁目１４番１号","source":"厚生労働省 食品衛生申請等システム（オープンデータ）","municipality_code":"13107","municipality_pref":"東京都","municipality_name":"墨田区","municipality_code_method":"food_exact_coord"},"geometry":{"type":"Point","coordinates":[139.81753,35.694136]}},{"type":"Feature","properties":{"layer_id":"cafe_restaurant","name":"ＬＡ　ＭＩＨＡＩ","category":"food","address":"東京都墨田区江東橋四丁目１９番１０号 末続ビル１階","source":"厚生労働省 食品衛生申請等システム（オープンデータ）","municipality_code":"13107","municipality_pref":"東京都","municipality_name":"墨田区","municipality_code_method":"food_exact_coord"},"geometry":{"type":"Point","coordinates":[139.815587,35.694887]}},{"type":"Feature","properties":{"layer_id":"cafe_restaurant","name":"(有)武藤水産","category":"food","address":"東京都墨田区京島三丁目５２番４号","source":"厚生労働省 食品衛生申請等システム（オープンデータ）","municipality_code":"13107","municipality_pref":"東京都","municipality_name":"墨田区","municipality_code_method":"food_exact_coord"},"geometry":{"type":"Point","coordinates":[139.82428,35.714685]}},{"type":"Feature","properties":{"layer_id":"cafe_restaurant","name":"錦糸町　松月庵","category":"food","address":"東京都墨田区錦糸三丁目1３番６号","source":"厚生労働省 食品衛生申請等システム（オープンデータ）","municipality_code":"13107","municipality_pref":"東京都","municipality_name":"墨田区","municipality_code_method":"food_exact_coord"},"geometry":{"type":"Point","coordinates":[139.814573,35.699488]}},{"type":"Feature","properties":{"layer_id":"cafe_restaurant","name":"イオンフードスタイル墨田横川店","category":"food","address":"東京都墨田区横川五丁目６番４号","source":"厚生労働省 食品衛生申請等システム（オープンデータ）","municipality_code":"13107","municipality_pref":"東京都","municipality_name":"墨田区","municipality_code_method":"food_exact_coord"},"geometry":{"type":"Point","coordinates":[139.818177,35.704381]}},{"type":"Feature","properties":{"layer_id":"cafe_restaurant","name":"ダイエー立花団地店","category":"food","address":"東京都墨田区立花一丁目23番3号","source":"厚生労働省 食品衛生申請等システム（オープンデータ）","municipality_code":"13107","municipality_pref":"東京都","municipality_name":"墨田区","municipality_code_method":"food_exact_coord"},"geometry":{"type":"Point","coordinates":[139.830344,35.706583]}},{"type":"Feature","properties":{"layer_id":"cafe_restaurant","name":"グルメシティ東向島駅前店","category":"food","address":"東京都墨田区東向島五丁目１番８号","source":"厚生労働省 食品衛生申請等システム（オープンデータ）","municipality_code":"13107","municipality_pref":"東京都","municipality_name":"墨田区","municipality_code_method":"food_exact_coord"},"geometry":{"type":"Point","coordinates":[139.819667,35.724537]}},{"type":"Feature","properties":{"layer_id":"cafe_restaurant","name":"グルメシティ東向島駅前店","category":"food","address":"東京都墨田区東向島五丁目１番８号","source":"厚生労働省 食品衛生申請等システム（オープンデータ）","municipality_code":"13107","municipality_pref":"東京都","municipality_name":"墨田区","municipality_code_method":"food_exact_coord"},"geometry":{"type":"Point","coordinates":[139.819667,35.724537]}},{"type":"Feature","properties":{"layer_id":"cafe_restaurant","name":"Ｍａｉｓｏｎ　Ｈｏｔａｒｕ","category":"food","address":"東京都墨田区江東橋３丁目５番２号 サーストンビル３階３０１号","source":"厚生労働省 食品衛生申請等システム（オープンデータ）","municipality_code":"13107","municipality_pref":"東京都","municipality_name":"墨田区","municipality_code_method":"food_exact_coord"},"geometry":{"type":"Point","coordinates":[139.813357,35.693975]}},{"type":"Feature","properties":{"layer_id":"cafe_restaurant","name":"すみだ　つむぎ食堂","category":"food","address":"東京都墨田区吾妻橋二丁目９番８号 町田第２ファミール１０３","source":"厚生労働省 食品衛生申請等システム（オープンデータ）","municipality_code":"13107","municipality_pref":"東京都","municipality_name":"墨田区","municipality_code_method":"food_exact_coord"},"geometry":{"type":"Point","coordinates":[139.802975,35.709433]}},{"type":"Feature","properties":{"layer_id":"cafe_restaurant","name":"キッチン東向島","category":"food","address":"東京都墨田区墨田一丁目15番13号","source":"厚生労働省 食品衛生申請等システム（オープンデータ）","municipality_code":"13107","municipality_pref":"東京都","municipality_name":"墨田区","municipality_code_method":"food_exact_coord"},"geometry":{"type":"Point","coordinates":[139.81976,35.727227]}},{"type":"Feature","properties":{"layer_id":"cafe_restaurant","name":"錦糸町　馬喰ろう","category":"food","address":"東京都墨田区江東橋三丁目2番2号 ドルミ錦糸町町大興ビル103","source":"厚生労働省 食品衛生申請等システム（オープンデータ）","municipality_code":"13107","municipality_pref":"東京都","municipality_name":"墨田区","municipality_code_method":"food_exact_coord"},"geometry":{"type":"Point","coordinates":[139.814506,35.693541]}},{"type":"Feature","properties":{"layer_id":"cafe_restaurant","name":"カメカフェ","category":"food","address":"東京都墨田区石原一丁目２３番４号","source":"厚生労働省 食品衛生申請等システム（オープンデータ）","municipality_code":"13107","municipality_pref":"東京都","municipality_name":"墨田区","municipality_code_method":"food_exact_coord"},"geometry":{"type":"Point","coordinates":[139.798836,35.700171]}},{"type":"Feature","properties":{"layer_id":"cafe_restaurant","name":"川湘小厨","category":"food","address":"東京都墨田区立川三丁目１２番７号 １０２号","source":"厚生労働省 食品衛生申請等システム（オープンデータ）","municipality_code":"13107","municipality_pref":"東京都","municipality_name":"墨田区","municipality_code_method":"food_exact_coord"},"geometry":{"type":"Point","coordinates":[139.804299,35.691502]}},{"type":"Feature","properties":{"layer_id":"cafe_restaurant","name":"オイスターマーケット牡蠣市場とうきょうスカイツリー駅前店","category":"food","address":"東京都墨田区業平二丁目１９番４号","source":"厚生労働省 食品衛生申請等システム（オープンデータ）","municipality_code":"13107","municipality_pref":"東京都","municipality_name":"墨田区","municipality_code_method":"food_exact_coord"},"geometry":{"type":"Point","coordinates":[139.811449,35.709341]}},{"type":"Feature","properties":{"layer_id":"cafe_restaurant","name":"錦治郎","category":"food","address":"東京都墨田区江東橋二丁目6番7号 マーキュリー錦糸町ビルⅡ　7階","source":"厚生労働省 食品衛生申請等システム（オープンデータ）","municipality_code":"13107","municipality_pref":"東京都","municipality_name":"墨田区","municipality_code_method":"food_exact_coord"},"geometry":{"type":"Point","coordinates":[139.812924,35.694362]}},{"type":"Feature","properties":{"layer_id":"cafe_restaurant","name":"まめ吉","category":"food","address":"東京都墨田区錦糸四丁目１４番５号","source":"厚生労働省 食品衛生申請等システム（オープンデータ）","municipality_code":"13107","municipality_pref":"東京都","municipality_name":"墨田区","municipality_code_method":"food_exact_coord"},"geometry":{"type":"Point","coordinates":[139.815657,35.697862]}},{"type":"Feature","properties":{"layer_id":"cafe_restaurant","name":"カフェ　タイフー","category":"food","address":"東京都墨田区江東橋三丁目５番１０号 瑞穂ビル1階","source":"厚生労働省 食品衛生申請等システム（オープンデータ）","municipality_code":"13107","municipality_pref":"東京都","municipality_name":"墨田区","municipality_code_method":"food_exact_coord"},"geometry":{"type":"Point","coordinates":[139.814166,35.694356]}},{"type":"Feature","properties":{"layer_id":"cafe_restaurant","name":"𠮷野家立花店","category":"food","address":"東京都墨田区立花五丁目２番１号","source":"厚生労働省 食品衛生申請等システム（オープンデータ）","municipality_code":"13107","municipality_pref":"東京都","municipality_name":"墨田区","municipality_code_method":"food_exact_coord"},"geometry":{"type":"Point","coordinates":[139.829234,35.711363]}},{"type":"Feature","properties":{"layer_id":"cafe_restaurant","name":"𠮷野家曳舟店","category":"food","address":"東京都墨田区京島一丁目一番１－１０１号","source":"厚生労働省 食品衛生申請等システム（オープンデータ）","municipality_code":"13107","municipality_pref":"東京都","municipality_name":"墨田区","municipality_code_method":"food_exact_coord"},"geometry":{"type":"Point","coordinates":[139.817184,35.716462]}},{"type":"Feature","properties":{"layer_id":"cafe_restaurant","name":"𠮷野家菊川駅前店","category":"food","address":"東京都墨田区菊川二丁目６番１３号","source":"厚生労働省 食品衛生申請等システム（オープンデータ）","municipality_code":"13107","municipality_pref":"東京都","municipality_name":"墨田区","municipality_code_method":"food_exact_coord"},"geometry":{"type":"Point","coordinates":[139.805527,35.688551]}},{"type":"Feature","properties":{"layer_id":"cafe_restaurant","name":"𠮷野家両国駅前店","category":"food","address":"東京都墨田区両国三丁目２５番６号","source":"厚生労働省 食品衛生申請等システム（オープンデータ）","municipality_code":"13107","municipality_pref":"東京都","municipality_name":"墨田区","municipality_code_method":"food_exact_coord"},"geometry":{"type":"Point","coordinates":[139.794322,35.695485]}},{"type":"Feature","properties":{"layer_id":"cafe_restaurant","name":"𠮷野家錦糸町北口店","category":"food","address":"東京都墨田区錦糸二丁目4番10号 ライオンズマンション1階","source":"厚生労働省 食品衛生申請等システム（オープンデータ）","municipality_code":"13107","municipality_pref":"東京都","municipality_name":"墨田区","municipality_code_method":"food_exact_coord"},"geometry":{"type":"Point","coordinates":[139.813156,35.697882]}},{"type":"Feature","properties":{"layer_id":"cafe_restaurant","name":"𠮷野家　錦糸町南口店","category":"food","address":"東京都墨田区江東橋三丁目１４番１３号 サンライズビル","source":"厚生労働省 食品衛生申請等システム（オープンデータ）","municipality_code":"13107","municipality_pref":"東京都","municipality_name":"墨田区","municipality_code_method":"food_exact_coord"},"geometry":{"type":"Point","coordinates":[139.813247,35.696212]}},{"type":"Feature","properties":{"layer_id":"cafe_restaurant","name":"Dartsbar　T’ｓ　錦糸町店","category":"food","address":"東京都墨田区江東橋四丁目１５番4号 第９大澤ビル３階","source":"厚生労働省 食品衛生申請等システム（オープンデータ）","municipality_code":"13107","municipality_pref":"東京都","municipality_name":"墨田区","municipality_code_method":"food_exact_coord"},"geometry":{"type":"Point","coordinates":[139.817593,35.694776]}},{"type":"Feature","properties":{"layer_id":"cafe_restaurant","name":"焼肉ホルモン上田屋　両国清澄通り店","category":"food","address":"東京都墨田区両国四丁目３８番１２号 両国サンハイツ１Ｆ","source":"厚生労働省 食品衛生申請等システム（オープンデータ）","municipality_code":"13107","municipality_pref":"東京都","municipality_name":"墨田区","municipality_code_method":"food_exact_coord"},"geometry":{"type":"Point","coordinates":[139.797296,35.695439]}},{"type":"Feature","properties":{"layer_id":"cafe_restaurant","name":"しらかば","category":"food","address":"東京都墨田区押上一丁目１３番９号","source":"厚生労働省 食品衛生申請等システム（オープンデータ）","municipality_code":"13107","municipality_pref":"東京都","municipality_name":"墨田区","municipality_code_method":"food_exact_coord"},"geometry":{"type":"Point","coordinates":[139.814394,35.710956]}},{"type":"Feature","properties":{"layer_id":"cafe_restaurant","name":"興華楼","category":"food","address":"東京都墨田区東向島五丁目２８番２号","source":"厚生労働省 食品衛生申請等システム（オープンデータ）","municipality_code":"13107","municipality_pref":"東京都","municipality_name":"墨田区","municipality_code_method":"food_exact_coord"},"geometry":{"type":"Point","coordinates":[139.821398,35.728198]}},{"type":"Feature","properties":{"layer_id":"cafe_restaurant","name":"墨田蒸スル","category":"food","address":"東京都墨田区八広二丁目16番10号 タイガーアパートメント９階","source":"厚生労働省 食品衛生申請等システム（オープンデータ）","municipality_code":"13107","municipality_pref":"東京都","municipality_name":"墨田区","municipality_code_method":"food_exact_coord"},"geometry":{"type":"Point","coordinates":[139.825236,35.715599]}},{"type":"Feature","properties":{"layer_id":"cafe_restaurant","name":"串焼き　げん　菊川店","category":"food","address":"東京都墨田区菊川二丁目５番５号","source":"厚生労働省 食品衛生申請等システム（オープンデータ）","municipality_code":"13107","municipality_pref":"東京都","municipality_name":"墨田区","municipality_code_method":"food_exact_coord"},"geometry":{"type":"Point","coordinates":[139.805017,35.688176]}},{"type":"Feature","properties":{"layer_id":"cafe_restaurant","name":"９ＳＴＡＹ　菊川","category":"food","address":"東京都墨田区菊川二丁目３番８号","source":"厚生労働省 食品衛生申請等システム（オープンデータ）","municipality_code":"13107","municipality_pref":"東京都","municipality_name":"墨田区","municipality_code_method":"food_exact_coord"},"geometry":{"type":"Point","coordinates":[139.805872,35.68758]}},{"type":"Feature","properties":{"layer_id":"cafe_restaurant","name":"えび豚骨真面目ラーメン","category":"food","address":"東京都墨田区業平三丁目１６番６号 ＹＭＫ押上","source":"厚生労働省 食品衛生申請等システム（オープンデータ）","municipality_code":"13107","municipality_pref":"東京都","municipality_name":"墨田区","municipality_code_method":"food_exact_coord"},"geometry":{"type":"Point","coordinates":[139.813175,35.709517]}},{"type":"Feature","properties":{"layer_id":"cafe_restaurant","name":"シロウマ","category":"food","address":"東京都墨田区業平五丁目１４番６号","source":"厚生労働省 食品衛生申請等システム（オープンデータ）","municipality_code":"13107","municipality_pref":"東京都","municipality_name":"墨田区","municipality_code_method":"food_exact_coord"},"geometry":{"type":"Point","coordinates":[139.817765,35.708167]}},{"type":"Feature","properties":{"layer_id":"cafe_restaurant","name":"三　松","category":"food","address":"東京都墨田区業平五丁目１５番３号","source":"厚生労働省 食品衛生申請等システム（オープンデータ）","municipality_code":"13107","municipality_pref":"東京都","municipality_name":"墨田区","municipality_code_method":"food_exact_coord"},"geometry":{"type":"Point","coordinates":[139.818059,35.708061]}},{"type":"Feature","properties":{"layer_id":"cafe_restaurant","name":"ウール倶楽部","category":"food","address":"東京都墨田区両国三丁目２１番５号","source":"厚生労働省 食品衛生申請等システム（オープンデータ）","municipality_code":"13107","municipality_pref":"東京都","municipality_name":"墨田区","municipality_code_method":"food_exact_coord"},"geometry":{"type":"Point","coordinates":[139.794264,35.694782]}},{"type":"Feature","properties":{"layer_id":"cafe_restaurant","name":"資さんうどん両国店","category":"food","address":"東京都墨田区緑2丁目16-2 ライオンズプラザ両国","source":"厚生労働省 食品衛生申請等システム（オープンデータ）","municipality_code":"13107","municipality_pref":"東京都","municipality_name":"墨田区","municipality_code_method":"food_exact_coord"},"geometry":{"type":"Point","coordinates":[139.801016,35.69504]}},{"type":"Feature","properties":{"layer_id":"cafe_restaurant","name":"川越屋","category":"food","address":"東京都墨田区太平二丁目15番2号","source":"厚生労働省 食品衛生申請等システム（オープンデータ）","municipality_code":"13107","municipality_pref":"東京都","municipality_name":"墨田区","municipality_code_method":"food_exact_coord"},"geometry":{"type":"Point","coordinates":[139.811687,35.701913]}},{"type":"Feature","properties":{"layer_id":"cafe_restaurant","name":"ヨシコ","category":"food","address":"東京都墨田区東向島二丁目１０番１０号","source":"厚生労働省 食品衛生申請等システム（オープンデータ）","municipality_code":"13107","municipality_pref":"東京都","municipality_name":"墨田区","municipality_code_method":"food_exact_coord"},"geometry":{"type":"Point","coordinates":[139.814952,35.716436]}},{"type":"Feature","properties":{"layer_id":"cafe_restaurant","name":"宝町サケスクエア","category":"food","address":"東京都墨田区石原二丁目１８番７号 クレドハイツリー両国１０２号室","source":"厚生労働省 食品衛生申請等システム（オープンデータ）","municipality_code":"13107","municipality_pref":"東京都","municipality_name":"墨田区","municipality_code_method":"food_exact_coord"},"geometry":{"type":"Point","coordinates":[139.800105,35.700568]}},{"type":"Feature","properties":{"layer_id":"cafe_restaurant","name":"焼肉ホルモン　でかのれん","category":"food","address":"東京都墨田区立花三丁目１４番１号 カヤマビル","source":"厚生労働省 食品衛生申請等システム（オープンデータ）","municipality_code":"13107","municipality_pref":"東京都","municipality_name":"墨田区","municipality_code_method":"food_exact_coord"},"geometry":{"type":"Point","coordinates":[139.832616,35.707072]}},{"type":"Feature","properties":{"layer_id":"cafe_restaurant","name":"ジンギスカンゆきだるま中野部屋一門　両国部屋","category":"food","address":"東京都墨田区両国三丁目２４番１号 両国尾崎ビル３０３、３０４号室","source":"厚生労働省 食品衛生申請等システム（オープンデータ）","municipality_code":"13107","municipality_pref":"東京都","municipality_name":"墨田区","municipality_code_method":"food_exact_coord"},"geometry":{"type":"Point","coordinates":[139.794007,35.695056]}},{"type":"Feature","properties":{"layer_id":"cafe_restaurant","name":"居酒屋たっちゃん","category":"food","address":"東京都墨田区墨田三丁目6番12号 足立ビル1Ｆ","source":"厚生労働省 食品衛生申請等システム（オープンデータ）","municipality_code":"13107","municipality_pref":"東京都","municipality_name":"墨田区","municipality_code_method":"food_exact_coord"},"geometry":{"type":"Point","coordinates":[139.821251,35.728322]}},{"type":"Feature","properties":{"layer_id":"public_facilities","name":"東墨田うめぞの集会所","category":"public","address":"墨田区東墨田3-19-1","source":"国土交通省 国土数値情報","municipality_code":"13107","municipality_pref":"東京都","municipality_name":"墨田区","municipality_code_method":"source_exact_coord"},"geometry":{"type":"Point","coordinates":[139.837683194607,35.71844882476133]}},{"type":"Feature","properties":{"layer_id":"public_facilities","name":"両国駅前会館","category":"public","address":"墨田区両国2-20-12-101号室","source":"国土交通省 国土数値情報","municipality_code":"13107","municipality_pref":"東京都","municipality_name":"墨田区","municipality_code_method":"source_exact_coord"},"geometry":{"type":"Point","coordinates":[139.79262388675718,35.69534489122333]}},{"type":"Feature","properties":{"layer_id":"public_facilities","name":"横川出張所","category":"public","address":"墨田区横川5-10-1-111号室","source":"国土交通省 国土数値情報","municipality_code":"13107","municipality_pref":"東京都","municipality_name":"墨田区","municipality_code_method":"source_exact_coord"},"geometry":{"type":"Point","coordinates":[139.81634504497828,35.70591085679722]}},{"type":"Feature","properties":{"layer_id":"public_facilities","name":"寺島集会所","category":"public","address":"墨田区東向島1-23-10","source":"国土交通省 国土数値情報","municipality_code":"13107","municipality_pref":"東京都","municipality_name":"墨田区","municipality_code_method":"source_exact_coord"},"geometry":{"type":"Point","coordinates":[139.81260512258456,35.72018085702722]}},{"type":"Feature","properties":{"layer_id":"public_facilities","name":"きらきら会館","category":"public","address":"墨田区京島3-52-8","source":"国土交通省 国土数値情報","municipality_code":"13107","municipality_pref":"東京都","municipality_name":"墨田区","municipality_code_method":"source_exact_coord"},"geometry":{"type":"Point","coordinates":[139.82433512841405,35.71483484316923]}},{"type":"Feature","properties":{"layer_id":"public_facilities","name":"墨田区保健所","category":"public","address":"墨田区吾妻橋1-23-20","source":"国土交通省 国土数値情報","municipality_code":"13107","municipality_pref":"東京都","municipality_name":"墨田区","municipality_code_method":"source_exact_coord"},"geometry":{"type":"Point","coordinates":[139.80150002393813,35.71072369234095]}},{"type":"Feature","properties":{"layer_id":"public_facilities","name":"さくら橋コミュニティセンター","category":"public","address":"墨田区向島2-3-8","source":"国土交通省 国土数値情報","municipality_code":"13107","municipality_pref":"東京都","municipality_name":"墨田区","municipality_code_method":"source_exact_coord"},"geometry":{"type":"Point","coordinates":[139.80584805837415,35.71368086672411]}},{"type":"Feature","properties":{"layer_id":"public_facilities","name":"地域包括支援センター","category":"public","address":"墨田区八広5-18-23","source":"国土交通省 国土数値情報","municipality_code":"13107","municipality_pref":"東京都","municipality_name":"墨田区","municipality_code_method":"source_exact_coord"},"geometry":{"type":"Point","coordinates":[139.82642619702074,35.72510283730498]}},{"type":"Feature","properties":{"layer_id":"public_facilities","name":"一寺言問集会所","category":"public","address":"墨田区東向島1-20-6","source":"国土交通省 国土数値情報","municipality_code":"13107","municipality_pref":"東京都","municipality_name":"墨田区","municipality_code_method":"source_exact_coord"},"geometry":{"type":"Point","coordinates":[139.81389312974164,35.72065485515189]}},{"type":"Feature","properties":{"layer_id":"public_facilities","name":"すみだ産業会館","category":"public","address":"墨田区江東橋3-9-10","source":"国土交通省 国土数値情報","municipality_code":"13107","municipality_pref":"東京都","municipality_name":"墨田区","municipality_code_method":"source_exact_coord"},"geometry":{"type":"Point","coordinates":[139.8138029634736,35.695008863647665]}},{"type":"Feature","properties":{"layer_id":"public_facilities","name":"すみだ生涯学習センター","category":"public","address":"墨田区東向島2-38-7","source":"国土交通省 国土数値情報","municipality_code":"13107","municipality_pref":"東京都","municipality_name":"墨田区","municipality_code_method":"source_exact_coord"},"geometry":{"type":"Point","coordinates":[139.8183101464296,35.72104884913122]}},{"type":"Feature","properties":{"layer_id":"public_facilities","name":"墨田区総合体育館","category":"public","address":"墨田区錦糸4-15-1","source":"国土交通省 国土数値情報","municipality_code":"13107","municipality_pref":"東京都","municipality_name":"墨田区","municipality_code_method":"source_exact_coord"},"geometry":{"type":"Point","coordinates":[139.81719200555654,35.69941585775988]}},{"type":"Feature","properties":{"layer_id":"public_facilities","name":"梅若ゆうゆう館","category":"public","address":"墨田区墨田1-4-4","source":"国土交通省 国土数値情報","municipality_code":"13107","municipality_pref":"東京都","municipality_name":"墨田区","municipality_code_method":"source_exact_coord"},"geometry":{"type":"Point","coordinates":[139.81546518799541,35.72915785054986]}},{"type":"Feature","properties":{"layer_id":"public_facilities","name":"曳舟集会所","category":"public","address":"墨田区東向島2-17-14","source":"国土交通省 国土数値情報","municipality_code":"13107","municipality_pref":"東京都","municipality_name":"墨田区","municipality_code_method":"source_exact_coord"},"geometry":{"type":"Point","coordinates":[139.8155671215713,35.718483853643555]}},{"type":"Feature","properties":{"layer_id":"public_facilities","name":"うめわか高齢者支援総合センター","category":"public","address":"墨田区墨田1-4-4シルバープラザ梅若内","source":"国土交通省 国土数値情報","municipality_code":"13107","municipality_pref":"東京都","municipality_name":"墨田区","municipality_code_method":"source_exact_coord"},"geometry":{"type":"Point","coordinates":[139.8154461887328,35.72928485054072]}},{"type":"Feature","properties":{"layer_id":"public_facilities","name":"すみだリバーサイドホール","category":"public","address":"墨田区吾妻橋1-23-20","source":"国土交通省 国土数値情報","municipality_code":"13107","municipality_pref":"東京都","municipality_name":"墨田区","municipality_code_method":"source_exact_coord"},"geometry":{"type":"Point","coordinates":[139.80160302101348,35.71022787259178]}},{"type":"Feature","properties":{"layer_id":"public_facilities","name":"東向島出張所","category":"public","address":"墨田区東向島2-38-7","source":"国土交通省 国土数値情報","municipality_code":"13107","municipality_pref":"東京都","municipality_name":"墨田区","municipality_code_method":"source_exact_coord"},"geometry":{"type":"Point","coordinates":[139.8184451478765,35.721212848896556]}},{"type":"Feature","properties":{"layer_id":"public_facilities","name":"社会福祉会館","category":"public","address":"墨田区東墨田2-7-1","source":"国土交通省 国土数値情報","municipality_code":"13107","municipality_pref":"東京都","municipality_name":"墨田区","municipality_code_method":"source_exact_coord"},"geometry":{"type":"Point","coordinates":[139.83034517338604,35.71898583410256]}},{"type":"Feature","properties":{"layer_id":"public_facilities","name":"スポーツプラザ梅若体育館","category":"public","address":"墨田区墨田1-4-4","source":"国土交通省 国土数値情報","municipality_code":"13107","municipality_pref":"東京都","municipality_name":"墨田区","municipality_code_method":"source_exact_coord"},"geometry":{"type":"Point","coordinates":[139.81547518802543,35.729157850537646]}},{"type":"Feature","properties":{"layer_id":"public_facilities","name":"みどり地域包括支援センター","category":"public","address":"墨田区緑2-5-12オウトピアみどり苑内","source":"国土交通省 国土数値情報","municipality_code":"13107","municipality_pref":"東京都","municipality_name":"墨田区","municipality_code_method":"source_exact_coord"},"geometry":{"type":"Point","coordinates":[139.80128190191817,35.69284388123689]}},{"type":"Feature","properties":{"layer_id":"public_facilities","name":"千歳集会所","category":"public","address":"墨田区千歳2-2-5","source":"国土交通省 国土数値情報","municipality_code":"13107","municipality_pref":"東京都","municipality_name":"墨田区","municipality_code_method":"source_exact_coord"},"geometry":{"type":"Point","coordinates":[139.7952768642367,35.69069589008191]}},{"type":"Feature","properties":{"layer_id":"public_facilities","name":"すみだふれあいセンター福祉作業所","category":"public","address":"墨田区緑4-35-6","source":"国土交通省 国土数値情報","municipality_code":"13107","municipality_pref":"東京都","municipality_name":"墨田区","municipality_code_method":"source_exact_coord"},"geometry":{"type":"Point","coordinates":[139.8074119451616,35.69582487206989]}},{"type":"Feature","properties":{"layer_id":"public_facilities","name":"みどり高齢者支援総合センター","category":"public","address":"墨田区緑2-5-12オウトピアみどり苑内","source":"国土交通省 国土数値情報","municipality_code":"13107","municipality_pref":"東京都","municipality_name":"墨田区","municipality_code_method":"source_exact_coord"},"geometry":{"type":"Point","coordinates":[139.80129190195566,35.69284388122356]}},{"type":"Feature","properties":{"layer_id":"public_facilities","name":"横川コミュニティ会館","category":"public","address":"墨田区横川5-9-1","source":"国土交通省 国土数値情報","municipality_code":"13107","municipality_pref":"東京都","municipality_name":"墨田区","municipality_code_method":"source_exact_coord"},"geometry":{"type":"Point","coordinates":[139.81760404434417,35.705115855383546]}},{"type":"Feature","properties":{"layer_id":"public_facilities","name":"墨田二丁目出張所","category":"public","address":"墨田区墨田2-36-11","source":"国土交通省 国土数値情報","municipality_code":"13107","municipality_pref":"東京都","municipality_name":"墨田区","municipality_code_method":"source_exact_coord"},"geometry":{"type":"Point","coordinates":[139.81829620825988,35.73106284674834]}},{"type":"Feature","properties":{"layer_id":"public_facilities","name":"すみだトリフォニーホール","category":"public","address":"墨田区錦糸1-2-3","source":"国土交通省 国土数値情報","municipality_code":"13107","municipality_pref":"東京都","municipality_name":"墨田区","municipality_code_method":"source_exact_coord"},"geometry":{"type":"Point","coordinates":[139.81011396440456,35.69721186800489]}},{"type":"Feature","properties":{"layer_id":"public_facilities","name":"梅若橋集会所","category":"public","address":"墨田区堤通2-9-1","source":"国土交通省 国土数値情報","municipality_code":"13107","municipality_pref":"東京都","municipality_name":"墨田区","municipality_code_method":"source_exact_coord"},"geometry":{"type":"Point","coordinates":[139.81670023004733,35.73539484742833]}},{"type":"Feature","properties":{"layer_id":"public_facilities","name":"東駒形コミュニティ会館","category":"public","address":"墨田区東駒形4-14-1","source":"国土交通省 国土数値情報","municipality_code":"13107","municipality_pref":"東京都","municipality_name":"墨田区","municipality_code_method":"source_exact_coord"},"geometry":{"type":"Point","coordinates":[139.80775001154353,35.70551686768915]}},{"type":"Feature","properties":{"layer_id":"public_facilities","name":"江東橋集会所","category":"public","address":"墨田区江東橋5-16-15","source":"国土交通省 国土数値情報","municipality_code":"13107","municipality_pref":"東京都","municipality_name":"墨田区","municipality_code_method":"source_exact_coord"},"geometry":{"type":"Point","coordinates":[139.81078693601052,35.6926178686389]}},{"type":"Feature","properties":{"layer_id":"public_facilities","name":"八広一丁目集会所","category":"public","address":"墨田区八広1-19-14","source":"国土交通省 国土数値情報","municipality_code":"13107","municipality_pref":"東京都","municipality_name":"墨田区","municipality_code_method":"source_exact_coord"},"geometry":{"type":"Point","coordinates":[139.8229461477359,35.71880184369889]}},{"type":"Feature","properties":{"layer_id":"public_facilities","name":"みどりコミュニティセンター","category":"public","address":"墨田区緑3-7-3","source":"国土交通省 国土数値情報","municipality_code":"13107","municipality_pref":"東京都","municipality_name":"墨田区","municipality_code_method":"source_exact_coord"},"geometry":{"type":"Point","coordinates":[139.80328191462303,35.69359787831889]}},{"type":"Feature","properties":{"layer_id":"public_facilities","name":"緑出張所","category":"public","address":"墨田区緑3-7-3","source":"国土交通省 国土数値情報","municipality_code":"13107","municipality_pref":"東京都","municipality_name":"墨田区","municipality_code_method":"source_exact_coord"},"geometry":{"type":"Point","coordinates":[139.80329291547966,35.69371587826489]}},{"type":"Feature","properties":{"layer_id":"public_facilities","name":"こうめ地域包括支援センター","category":"public","address":"墨田区向島3-36-7すみだ福祉保健センター内","source":"国土交通省 国土数値情報","municipality_code":"13107","municipality_pref":"東京都","municipality_name":"墨田区","municipality_code_method":"source_exact_coord"},"geometry":{"type":"Point","coordinates":[139.8108800736287,35.713379861233335]}},{"type":"Feature","properties":{"layer_id":"public_facilities","name":"文花出張所","category":"public","address":"墨田区文花1-32-1-102号室","source":"国土交通省 国土数値情報","municipality_code":"13107","municipality_pref":"東京都","municipality_name":"墨田区","municipality_code_method":"source_exact_coord"},"geometry":{"type":"Point","coordinates":[139.82466008892555,35.70809384498289]}},{"type":"Feature","properties":{"layer_id":"public_facilities","name":"外手集会所","category":"public","address":"墨田区本所2-6-9","source":"国土交通省 国土数値情報","municipality_code":"13107","municipality_pref":"東京都","municipality_name":"墨田区","municipality_code_method":"source_exact_coord"},"geometry":{"type":"Point","coordinates":[139.8007599699502,35.70300587760416]}},{"type":"Feature","properties":{"layer_id":"public_facilities","name":"ぶんか地域包括支援センター","category":"public","address":"墨田区文花1-29-5都営文花1-アパ-ト5号棟1F","source":"国土交通省 国土数値情報","municipality_code":"13107","municipality_pref":"東京都","municipality_name":"墨田区","municipality_code_method":"source_exact_coord"},"geometry":{"type":"Point","coordinates":[139.8200100732355,35.70822885113789]}},{"type":"Feature","properties":{"layer_id":"public_facilities","name":"横川三丁目集会所","category":"public","address":"墨田区横川3-12-12","source":"国土交通省 国土数値情報","municipality_code":"13107","municipality_pref":"東京都","municipality_name":"墨田区","municipality_code_method":"source_exact_coord"},"geometry":{"type":"Point","coordinates":[139.81366203160908,35.70535986055822]}},{"type":"Feature","properties":{"layer_id":"public_facilities","name":"同愛高齢者支援総合センター","category":"public","address":"墨田区亀沢2-23-7","source":"国土交通省 国土数値情報","municipality_code":"13107","municipality_pref":"東京都","municipality_name":"墨田区","municipality_code_method":"source_exact_coord"},"geometry":{"type":"Point","coordinates":[139.80176094043912,35.69812587883756]}},{"type":"Feature","properties":{"layer_id":"public_facilities","name":"いきいきプラザ","category":"public","address":"墨田区文花1-32-2","source":"国土交通省 国土数値情報","municipality_code":"13107","municipality_pref":"東京都","municipality_name":"墨田区","municipality_code_method":"source_exact_coord"},"geometry":{"type":"Point","coordinates":[139.823442081253,35.707570846781216]}},{"type":"Feature","properties":{"layer_id":"public_facilities","name":"むこうじま地域包括支援センター","category":"public","address":"墨田区東向島2-36-11ベレ-ル向島内","source":"国土交通省 国土数値情報","municipality_code":"13107","municipality_pref":"東京都","municipality_name":"墨田区","municipality_code_method":"source_exact_coord"},"geometry":{"type":"Point","coordinates":[139.8182591497448,35.72161184901156]}},{"type":"Feature","properties":{"layer_id":"public_facilities","name":"梅若橋コミュニティ会館","category":"public","address":"墨田区堤通2-9-1","source":"国土交通省 国土数値情報","municipality_code":"13107","municipality_pref":"東京都","municipality_name":"墨田区","municipality_code_method":"source_exact_coord"},"geometry":{"type":"Point","coordinates":[139.81675022983177,35.73533484739278]}},{"type":"Feature","properties":{"layer_id":"public_facilities","name":"墨田区役所","category":"public","address":"墨田区吾妻橋1-23-20","source":"国土交通省 国土数値情報","municipality_code":"13107","municipality_pref":"東京都","municipality_name":"墨田区","municipality_code_method":"source_exact_coord"},"geometry":{"type":"Point","coordinates":[139.80150102392957,35.71072187254044]}},{"type":"Feature","properties":{"layer_id":"public_facilities","name":"むこうじま高齢者支援総合センター","category":"public","address":"墨田区東向島2-36-11ベレ-ル向島内","source":"国土交通省 国土数値情報","municipality_code":"13107","municipality_pref":"東京都","municipality_name":"墨田区","municipality_code_method":"source_exact_coord"},"geometry":{"type":"Point","coordinates":[139.81826914977682,35.72161184899822]}},{"type":"Feature","properties":{"layer_id":"public_facilities","name":"柳島集会室長寿室","category":"public","address":"墨田区横川5-2-17","source":"国土交通省 国土数値情報","municipality_code":"13107","municipality_pref":"東京都","municipality_name":"墨田区","municipality_code_method":"source_exact_coord"},"geometry":{"type":"Point","coordinates":[139.81668003091062,35.70357985712756]}},{"type":"Feature","properties":{"layer_id":"public_facilities","name":"すみだ女性センター","category":"public","address":"墨田区押上2-12-7-111号室","source":"国土交通省 国土数値情報","municipality_code":"13107","municipality_pref":"東京都","municipality_name":"墨田区","municipality_code_method":"source_exact_coord"},"geometry":{"type":"Point","coordinates":[139.8119860731343,35.7127058602291]}},{"type":"Feature","properties":{"layer_id":"public_facilities","name":"太平四丁目集会所","category":"public","address":"墨田区太平4-1-4","source":"国土交通省 国土数値情報","municipality_code":"13107","municipality_pref":"東京都","municipality_name":"墨田区","municipality_code_method":"source_exact_coord"},"geometry":{"type":"Point","coordinates":[139.8175840164354,35.70085385683089]}},{"type":"Feature","properties":{"layer_id":"public_facilities","name":"京島会館長寿室","category":"public","address":"墨田区京島2-15-5","source":"国土交通省 国土数値情報","municipality_code":"13107","municipality_pref":"東京都","municipality_name":"墨田区","municipality_code_method":"source_exact_coord"},"geometry":{"type":"Point","coordinates":[139.82108510703205,35.71313284806989]}},{"type":"Feature","properties":{"layer_id":"public_facilities","name":"すみだスポーツ健康センター","category":"public","address":"墨田区東墨田1-6-1","source":"国土交通省 国土数値情報","municipality_code":"13107","municipality_pref":"東京都","municipality_name":"墨田区","municipality_code_method":"source_exact_coord"},"geometry":{"type":"Point","coordinates":[139.83055915897987,35.71646083432856]}},{"type":"Feature","properties":{"layer_id":"public_facilities","name":"曳舟文化センター","category":"public","address":"墨田区京島1-38-11","source":"国土交通省 国土数値情報","municipality_code":"13107","municipality_pref":"東京都","municipality_name":"墨田区","municipality_code_method":"source_exact_coord"},"geometry":{"type":"Point","coordinates":[139.81876613090185,35.718292849441895]}},{"type":"Feature","properties":{"layer_id":"public_facilities","name":"東駒形集会所","category":"public","address":"墨田区東駒形4-14-1","source":"国土交通省 国土数値情報","municipality_code":"13107","municipality_pref":"東京都","municipality_name":"墨田区","municipality_code_method":"source_exact_coord"},"geometry":{"type":"Point","coordinates":[139.80775801161863,35.70552386767643]}},{"type":"Feature","properties":{"layer_id":"public_facilities","name":"立花ゆうゆう館","category":"public","address":"墨田区立花6-8-1-102号室","source":"国土交通省 国土数値情報","municipality_code":"13107","municipality_pref":"東京都","municipality_name":"墨田区","municipality_code_method":"source_exact_coord"},"geometry":{"type":"Point","coordinates":[139.83406213801376,35.71078883154855]}},{"type":"Feature","properties":{"layer_id":"public_facilities","name":"八広図書館集会室","category":"public","address":"墨田区八広5-10-1-104号室","source":"国土交通省 国土数値情報","municipality_code":"13107","municipality_pref":"東京都","municipality_name":"墨田区","municipality_code_method":"source_exact_coord"},"geometry":{"type":"Point","coordinates":[139.8257591931093,35.72482083810606]}},{"type":"Feature","properties":{"layer_id":"public_facilities","name":"立川集会所","category":"public","address":"墨田区立川1-5-2","source":"国土交通省 国土数値情報","municipality_code":"13107","municipality_pref":"東京都","municipality_name":"墨田区","municipality_code_method":"source_exact_coord"},"geometry":{"type":"Point","coordinates":[139.79953487895054,35.69049988436215]}},{"type":"Feature","properties":{"layer_id":"public_facilities","name":"東あずま公園集会所","category":"public","address":"墨田区立花2-32-12","source":"国土交通省 国土数値情報","municipality_code":"13107","municipality_pref":"東京都","municipality_name":"墨田区","municipality_code_method":"source_exact_coord"},"geometry":{"type":"Point","coordinates":[139.83071211256217,35.70843583679955]}},{"type":"Feature","properties":{"layer_id":"public_facilities","name":"なりひら高齢者支援総合センター","category":"public","address":"墨田区業平5-6-2なりひらホ-ム内","source":"国土交通省 国土数値情報","municipality_code":"13107","municipality_pref":"東京都","municipality_name":"墨田区","municipality_code_method":"source_exact_coord"},"geometry":{"type":"Point","coordinates":[139.81813805922377,35.70710085400989]}},{"type":"Feature","properties":{"layer_id":"public_facilities","name":"同愛地域包括支援センター","category":"public","address":"墨田区亀沢2-23-7","source":"国土交通省 国土数値情報","municipality_code":"13107","municipality_pref":"東京都","municipality_name":"墨田区","municipality_code_method":"source_exact_coord"},"geometry":{"type":"Point","coordinates":[139.80175094040305,35.698125878850895]}},{"type":"Feature","properties":{"layer_id":"public_facilities","name":"なりひら神明橋集会所","category":"public","address":"墨田区業平5-6-2","source":"国土交通省 国土数値情報","municipality_code":"13107","municipality_pref":"東京都","municipality_name":"墨田区","municipality_code_method":"source_exact_coord"},"geometry":{"type":"Point","coordinates":[139.8179890585652,35.707081854214884]}},{"type":"Feature","properties":{"layer_id":"public_facilities","name":"業平三丁目集会所","category":"public","address":"墨田区業平3-2-5","source":"国土交通省 国土数値情報","municipality_code":"13107","municipality_pref":"東京都","municipality_name":"墨田区","municipality_code_method":"source_exact_coord"},"geometry":{"type":"Point","coordinates":[139.81306903597883,35.706340861021886]}},{"type":"Feature","properties":{"layer_id":"public_facilities","name":"八広中央集会所","category":"public","address":"墨田区八広3-14-5","source":"国土交通省 国土数値情報","municipality_code":"13107","municipality_pref":"東京都","municipality_name":"墨田区","municipality_code_method":"source_exact_coord"},"geometry":{"type":"Point","coordinates":[139.82684316245673,35.71910983852005]}},{"type":"Feature","properties":{"layer_id":"public_facilities","name":"八広はなみずき高齢者支援総合センター","category":"public","address":"墨田区八広5-18-23","source":"国土交通省 国土数値情報","municipality_code":"13107","municipality_pref":"東京都","municipality_name":"墨田区","municipality_code_method":"source_exact_coord"},"geometry":{"type":"Point","coordinates":[139.82641619698742,35.72510283731612]}},{"type":"Feature","properties":{"layer_id":"public_facilities","name":"墨田児童会館","category":"public","address":"墨田区墨田2-30-15","source":"国土交通省 国土数値情報","municipality_code":"13107","municipality_pref":"東京都","municipality_name":"墨田区","municipality_code_method":"source_exact_coord"},"geometry":{"type":"Point","coordinates":[139.81893619924725,35.72929384628473]}},{"type":"Feature","properties":{"layer_id":"public_facilities","name":"すみだ福祉サービス権利擁護センター","category":"public","address":"墨田区東向島2-17-14すみだボランティアセンター内","source":"国土交通省 国土数値情報","municipality_code":"13107","municipality_pref":"東京都","municipality_name":"墨田区","municipality_code_method":"source_exact_coord"},"geometry":{"type":"Point","coordinates":[139.8155681212745,35.71843585365822]}},{"type":"Feature","properties":{"layer_id":"public_facilities","name":"立花四丁目集会所","category":"public","address":"墨田区立花4-8-10","source":"国土交通省 国土数値情報","municipality_code":"13107","municipality_pref":"東京都","municipality_name":"墨田区","municipality_code_method":"source_exact_coord"},"geometry":{"type":"Point","coordinates":[139.83090412550808,35.71053483584389]}},{"type":"Feature","properties":{"layer_id":"public_facilities","name":"こうめ高齢者支援総合センター","category":"public","address":"墨田区向島3-36-7すみだ福祉保健センター内","source":"国土交通省 国土数値情報","municipality_code":"13107","municipality_pref":"東京都","municipality_name":"墨田区","municipality_code_method":"source_exact_coord"},"geometry":{"type":"Point","coordinates":[139.81089007366293,35.71337986122222]}},{"type":"Feature","properties":{"layer_id":"public_facilities","name":"なりひら地域包括支援センター","category":"public","address":"墨田区業平5-6-2なりひらホ-ム内","source":"国土交通省 国土数値情報","municipality_code":"13107","municipality_pref":"東京都","municipality_name":"墨田区","municipality_code_method":"source_exact_coord"},"geometry":{"type":"Point","coordinates":[139.8181280591879,35.70710085402322]}},{"type":"Feature","properties":{"layer_id":"public_facilities","name":"高齢者福祉センター","category":"public","address":"墨田区立花6-8-1-102号室","source":"国土交通省 国土数値情報","municipality_code":"13107","municipality_pref":"東京都","municipality_name":"墨田区","municipality_code_method":"source_exact_coord"},"geometry":{"type":"Point","coordinates":[139.8154161886429,35.729284850577294]}},{"type":"Feature","properties":{"layer_id":"public_facilities","name":"うめわか地域包括支援センター","category":"public","address":"墨田区墨田1-4-4シルバープラザ梅若内","source":"国土交通省 国土数値情報","municipality_code":"13107","municipality_pref":"東京都","municipality_name":"墨田区","municipality_code_method":"source_exact_coord"},"geometry":{"type":"Point","coordinates":[139.81543618870285,35.729284850552915]}},{"type":"Feature","properties":{"layer_id":"public_facilities","name":"ぶんか高齢者支援総合センター","category":"public","address":"墨田区文花1-29-5都営文花1-アパ-ト5号棟1F","source":"国土交通省 国土数値情報","municipality_code":"13107","municipality_pref":"東京都","municipality_name":"墨田区","municipality_code_method":"source_exact_coord"},"geometry":{"type":"Point","coordinates":[139.82002007327108,35.70822885112455]}},{"type":"Feature","properties":{"layer_id":"public_facilities","name":"東向島集会所","category":"public","address":"墨田区東向島4-8-12","source":"国土交通省 国土数値情報","municipality_code":"13107","municipality_pref":"東京都","municipality_name":"墨田区","municipality_code_method":"source_exact_coord"},"geometry":{"type":"Point","coordinates":[139.81548017805906,35.72756185093687]}},{"type":"Feature","properties":{"layer_id":"public_facilities","name":"押上集会所","category":"public","address":"墨田区押上1-47-6","source":"国土交通省 国土数値情報","municipality_code":"13107","municipality_pref":"東京都","municipality_name":"墨田区","municipality_code_method":"source_exact_coord"},"geometry":{"type":"Point","coordinates":[139.81754707103968,35.70928285407055]}},{"type":"Feature","properties":{"layer_id":"public_facilities","name":"京島第一集会所","category":"public","address":"墨田区京島3-3-6","source":"国土交通省 国土数値情報","municipality_code":"13107","municipality_pref":"東京都","municipality_name":"墨田区","municipality_code_method":"source_exact_coord"},"geometry":{"type":"Point","coordinates":[139.82139312046326,35.71516284698256]}},{"type":"Feature","properties":{"layer_id":"public_facilities","name":"横川集会所","category":"public","address":"墨田区横川5-9-1","source":"国土交通省 国土数値情報","municipality_code":"13107","municipality_pref":"東京都","municipality_name":"墨田区","municipality_code_method":"source_exact_coord"},"geometry":{"type":"Point","coordinates":[139.81758404427134,35.70511585541021]}},{"type":"Feature","properties":{"layer_id":"public_facilities","name":"東墨田会館","category":"public","address":"墨田区東墨田2-12-9","source":"国土交通省 国土数値情報","municipality_code":"13107","municipality_pref":"東京都","municipality_name":"墨田区","municipality_code_method":"source_exact_coord"},"geometry":{"type":"Point","coordinates":[139.83260019529064,35.72138383092176]}},{"type":"Feature","properties":{"layer_id":"public_facilities","name":"菊川分室長寿室","category":"public","address":"墨田区菊川3-21-6-102号室","source":"国土交通省 国土数値情報","municipality_code":"13107","municipality_pref":"東京都","municipality_name":"墨田区","municipality_code_method":"source_exact_coord"},"geometry":{"type":"Point","coordinates":[139.8076309059666,35.68993987373956]}},{"type":"Feature","properties":{"layer_id":"public_facilities","name":"京島第二集会所","category":"public","address":"墨田区京島3-52-8","source":"国土交通省 国土数値情報","municipality_code":"13107","municipality_pref":"東京都","municipality_name":"墨田区","municipality_code_method":"source_exact_coord"},"geometry":{"type":"Point","coordinates":[139.82455412848742,35.71472384291423]}},{"type":"Feature","properties":{"layer_id":"public_facilities","name":"吾妻橋会館","category":"public","address":"墨田区吾妻橋1-23-27","source":"国土交通省 国土数値情報","municipality_code":"13107","municipality_pref":"東京都","municipality_name":"墨田区","municipality_code_method":"source_exact_coord"},"geometry":{"type":"Point","coordinates":[139.80142901719532,35.70974387294645]}},{"type":"Feature","properties":{"layer_id":"cultural_facilities","name":"墨田区総合体育館","category":"public","address":"錦糸4-17-1錦糸公園内","source":"国土交通省 国土数値情報","municipality_code":"13107","municipality_pref":"東京都","municipality_name":"墨田区","municipality_code_method":"nearest_centroid"},"geometry":{"type":"Point","coordinates":[139.817172,35.699448]}},{"type":"Feature","properties":{"layer_id":"cultural_facilities","name":"スポーツプラザ梅若","category":"public","address":"墨田1-4-4","source":"国土交通省 国土数値情報","municipality_code":"13107","municipality_pref":"東京都","municipality_name":"墨田区","municipality_code_method":"nearest_centroid"},"geometry":{"type":"Point","coordinates":[139.815849,35.728974]}},{"type":"Feature","properties":{"layer_id":"cultural_facilities","name":"すみだスポーツ健康センター","category":"public","address":"東墨田1-6-1","source":"国土交通省 国土数値情報","municipality_code":"13107","municipality_pref":"東京都","municipality_name":"墨田区","municipality_code_method":"nearest_centroid"},"geometry":{"type":"Point","coordinates":[139.830536,35.71643]}},{"type":"Feature","properties":{"layer_id":"cultural_facilities","name":"スポーツプラザ梅若","category":"public","address":"墨田1-4-4","source":"国土交通省 国土数値情報","municipality_code":"13107","municipality_pref":"東京都","municipality_name":"墨田区","municipality_code_method":"nearest_centroid"},"geometry":{"type":"Point","coordinates":[139.815855,35.729126]}},{"type":"Feature","properties":{"layer_id":"cultural_facilities","name":"錦糸公園野球場","category":"public","address":"錦糸4-15-1","source":"国土交通省 国土数値情報","municipality_code":"13107","municipality_pref":"東京都","municipality_name":"墨田区","municipality_code_method":"nearest_centroid"},"geometry":{"type":"Point","coordinates":[139.817102,35.698636]}},{"type":"Feature","properties":{"layer_id":"cultural_facilities","name":"荒川河川敷運動場","category":"public","address":"八広6-35先","source":"国土交通省 国土数値情報","municipality_code":"13107","municipality_pref":"東京都","municipality_name":"墨田区","municipality_code_method":"nearest_centroid"},"geometry":{"type":"Point","coordinates":[139.826865,35.731697]}},{"type":"Feature","properties":{"layer_id":"cultural_facilities","name":"墨田区立ひきふね図書館","category":"public","address":"京島1-36-5","source":"国土交通省 国土数値情報","municipality_code":"13107","municipality_pref":"東京都","municipality_name":"墨田区","municipality_code_method":"nearest_centroid"},"geometry":{"type":"Point","coordinates":[139.819282,35.71719]}},{"type":"Feature","properties":{"layer_id":"cultural_facilities","name":"東武博物館","category":"public","address":"東向島4-28-16","source":"国土交通省 国土数値情報","municipality_code":"13107","municipality_pref":"東京都","municipality_name":"墨田区","municipality_code_method":"nearest_centroid"},"geometry":{"type":"Point","coordinates":[139.818985,35.723464]}},{"type":"Feature","properties":{"layer_id":"cultural_facilities","name":"墨田区総合体育館","category":"public","address":"錦糸4-17-1錦糸公園内","source":"国土交通省 国土数値情報","municipality_code":"13107","municipality_pref":"東京都","municipality_name":"墨田区","municipality_code_method":"nearest_centroid"},"geometry":{"type":"Point","coordinates":[139.817172,35.699404]}},{"type":"Feature","properties":{"layer_id":"cultural_facilities","name":"東白鬚公園","category":"public","address":"堤通2-2-1","source":"国土交通省 国土数値情報","municipality_code":"13107","municipality_pref":"東京都","municipality_name":"墨田区","municipality_code_method":"nearest_centroid"},"geometry":{"type":"Point","coordinates":[139.813562,35.732299]}},{"type":"Feature","properties":{"layer_id":"cultural_facilities","name":"すみだスポーツ健康センター","category":"public","address":"東墨田1-6-1","source":"国土交通省 国土数値情報","municipality_code":"13107","municipality_pref":"東京都","municipality_name":"墨田区","municipality_code_method":"nearest_centroid"},"geometry":{"type":"Point","coordinates":[139.830536,35.716512]}},{"type":"Feature","properties":{"layer_id":"cultural_facilities","name":"文花テニスコート","category":"public","address":"文花1-19-12","source":"国土交通省 国土数値情報","municipality_code":"13107","municipality_pref":"東京都","municipality_name":"墨田区","municipality_code_method":"nearest_centroid"},"geometry":{"type":"Point","coordinates":[139.823755,35.709952]}},{"type":"Feature","properties":{"layer_id":"cultural_facilities","name":"東墨田公園少年野球場","category":"public","address":"東墨田3-4-14","source":"国土交通省 国土数値情報","municipality_code":"13107","municipality_pref":"東京都","municipality_name":"墨田区","municipality_code_method":"nearest_centroid"},"geometry":{"type":"Point","coordinates":[139.834815,35.719748]}},{"type":"Feature","properties":{"layer_id":"cultural_facilities","name":"立花体育館","category":"public","address":"立花1-25-10","source":"国土交通省 国土数値情報","municipality_code":"13107","municipality_pref":"東京都","municipality_name":"墨田区","municipality_code_method":"nearest_centroid"},"geometry":{"type":"Point","coordinates":[139.83202,35.705176]}},{"type":"Feature","properties":{"layer_id":"cultural_facilities","name":"墨田区総合体育館","category":"public","address":"錦糸4-17-1錦糸公園内","source":"国土交通省 国土数値情報","municipality_code":"13107","municipality_pref":"東京都","municipality_name":"墨田区","municipality_code_method":"nearest_centroid"},"geometry":{"type":"Point","coordinates":[139.817175,35.699356]}},{"type":"Feature","properties":{"layer_id":"cultural_facilities","name":"墨田区総合体育館","category":"public","address":"錦糸4-17-1錦糸公園内","source":"国土交通省 国土数値情報","municipality_code":"13107","municipality_pref":"東京都","municipality_name":"墨田区","municipality_code_method":"nearest_centroid"},"geometry":{"type":"Point","coordinates":[139.817172,35.699583]}},{"type":"Feature","properties":{"layer_id":"cultural_facilities","name":"立花体育館","category":"public","address":"立花1-25-10","source":"国土交通省 国土数値情報","municipality_code":"13107","municipality_pref":"東京都","municipality_name":"墨田区","municipality_code_method":"nearest_centroid"},"geometry":{"type":"Point","coordinates":[139.832008,35.705253]}},{"type":"Feature","properties":{"layer_id":"cultural_facilities","name":"荒川河川敷運動場","category":"public","address":"八広6-35先","source":"国土交通省 国土数値情報","municipality_code":"13107","municipality_pref":"東京都","municipality_name":"墨田区","municipality_code_method":"nearest_centroid"},"geometry":{"type":"Point","coordinates":[139.824137,35.734591]}},{"type":"Feature","properties":{"layer_id":"cultural_facilities","name":"墨田区総合体育館","category":"public","address":"錦糸4-17-1錦糸公園内","source":"国土交通省 国土数値情報","municipality_code":"13107","municipality_pref":"東京都","municipality_name":"墨田区","municipality_code_method":"nearest_centroid"},"geometry":{"type":"Point","coordinates":[139.817175,35.699716]}},{"type":"Feature","properties":{"layer_id":"cultural_facilities","name":"墨田区総合体育館","category":"public","address":"錦糸4-17-1錦糸公園内","source":"国土交通省 国土数値情報","municipality_code":"13107","municipality_pref":"東京都","municipality_name":"墨田区","municipality_code_method":"nearest_centroid"},"geometry":{"type":"Point","coordinates":[139.817172,35.699672]}},{"type":"Feature","properties":{"layer_id":"cultural_facilities","name":"墨田区総合体育館","category":"public","address":"錦糸4-17-1錦糸公園内","source":"国土交通省 国土数値情報","municipality_code":"13107","municipality_pref":"東京都","municipality_name":"墨田区","municipality_code_method":"nearest_centroid"},"geometry":{"type":"Point","coordinates":[139.817172,35.699535]}},{"type":"Feature","properties":{"layer_id":"cultural_facilities","name":"墨田区立八広図書館","category":"public","address":"八広5-10-1-104","source":"国土交通省 国土数値情報","municipality_code":"13107","municipality_pref":"東京都","municipality_name":"墨田区","municipality_code_method":"nearest_centroid"},"geometry":{"type":"Point","coordinates":[139.825587,35.724707]}},{"type":"Feature","properties":{"layer_id":"cultural_facilities","name":"墨田区立緑図書館","category":"public","address":"緑2-24-5","source":"国土交通省 国土数値情報","municipality_code":"13107","municipality_pref":"東京都","municipality_name":"墨田区","municipality_code_method":"nearest_centroid"},"geometry":{"type":"Point","coordinates":[139.80062,35.695742]}},{"type":"Feature","properties":{"layer_id":"cultural_facilities","name":"墨田区総合体育館","category":"public","address":"錦糸4-17-1錦糸公園内","source":"国土交通省 国土数値情報","municipality_code":"13107","municipality_pref":"東京都","municipality_name":"墨田区","municipality_code_method":"nearest_centroid"},"geometry":{"type":"Point","coordinates":[139.817175,35.699494]}},{"type":"Feature","properties":{"layer_id":"cultural_facilities","name":"すみだスポーツ健康センター","category":"public","address":"東墨田1-6-1","source":"国土交通省 国土数値情報","municipality_code":"13107","municipality_pref":"東京都","municipality_name":"墨田区","municipality_code_method":"nearest_centroid"},"geometry":{"type":"Point","coordinates":[139.830524,35.716353]}},{"type":"Feature","properties":{"layer_id":"cultural_facilities","name":"錦糸公園テニスコート","category":"public","address":"錦糸4-15-1","source":"国土交通省 国土数値情報","municipality_code":"13107","municipality_pref":"東京都","municipality_name":"墨田区","municipality_code_method":"nearest_centroid"},"geometry":{"type":"Point","coordinates":[139.816437,35.699521]}},{"type":"Feature","properties":{"layer_id":"cultural_facilities","name":"セイコー時計資料館","category":"public","address":"東向島3-9-7","source":"国土交通省 国土数値情報","municipality_code":"13107","municipality_pref":"東京都","municipality_name":"墨田区","municipality_code_method":"nearest_centroid"},"geometry":{"type":"Point","coordinates":[139.813256,35.726726]}},{"type":"Feature","properties":{"layer_id":"cultural_facilities","name":"堤通公園テニスコート","category":"public","address":"堤通1-8-1","source":"国土交通省 国土数値情報","municipality_code":"13107","municipality_pref":"東京都","municipality_name":"墨田区","municipality_code_method":"nearest_centroid"},"geometry":{"type":"Point","coordinates":[139.810797,35.723917]}},{"type":"Feature","properties":{"layer_id":"cultural_facilities","name":"東白鬚公園","category":"public","address":"堤通2-2-1","source":"国土交通省 国土数値情報","municipality_code":"13107","municipality_pref":"東京都","municipality_name":"墨田区","municipality_code_method":"nearest_centroid"},"geometry":{"type":"Point","coordinates":[139.814284,35.733003]}},{"type":"Feature","properties":{"layer_id":"cultural_facilities","name":"隅田公園少年野球場","category":"public","address":"向島5-6-13","source":"国土交通省 国土数値情報","municipality_code":"13107","municipality_pref":"東京都","municipality_name":"墨田区","municipality_code_method":"nearest_centroid"},"geometry":{"type":"Point","coordinates":[139.809344,35.718891]}},{"type":"Feature","properties":{"layer_id":"cultural_facilities","name":"スポーツプラザ梅若","category":"public","address":"墨田1-4-4","source":"国土交通省 国土数値情報","municipality_code":"13107","municipality_pref":"東京都","municipality_name":"墨田区","municipality_code_method":"nearest_centroid"},"geometry":{"type":"Point","coordinates":[139.815852,35.729196]}},{"type":"Feature","properties":{"layer_id":"cultural_facilities","name":"墨田区総合体育館","category":"public","address":"錦糸4-17-1錦糸公園内","source":"国土交通省 国土数値情報","municipality_code":"13107","municipality_pref":"東京都","municipality_name":"墨田区","municipality_code_method":"nearest_centroid"},"geometry":{"type":"Point","coordinates":[139.817175,35.699759]}},{"type":"Feature","properties":{"layer_id":"cultural_facilities","name":"墨田区総合体育館","category":"public","address":"錦糸4-17-1錦糸公園内","source":"国土交通省 国土数値情報","municipality_code":"13107","municipality_pref":"東京都","municipality_name":"墨田区","municipality_code_method":"nearest_centroid"},"geometry":{"type":"Point","coordinates":[139.817172,35.699629]}},{"type":"Feature","properties":{"layer_id":"cultural_facilities","name":"東墨田テニスコート","category":"public","address":"東墨田3-19-6","source":"国土交通省 国土数値情報","municipality_code":"13107","municipality_pref":"東京都","municipality_name":"墨田区","municipality_code_method":"nearest_centroid"},"geometry":{"type":"Point","coordinates":[139.837235,35.718605]}},{"type":"Feature","properties":{"layer_id":"cultural_facilities","name":"スポーツプラザ梅若","category":"public","address":"墨田1-4-4","source":"国土交通省 国土数値情報","municipality_code":"13107","municipality_pref":"東京都","municipality_name":"墨田区","municipality_code_method":"nearest_centroid"},"geometry":{"type":"Point","coordinates":[139.815843,35.729051]}},{"type":"Feature","properties":{"layer_id":"cultural_facilities","name":"墨田区立立花図書館","category":"public","address":"立花6-8-1-101","source":"国土交通省 国土数値情報","municipality_code":"13107","municipality_pref":"東京都","municipality_name":"墨田区","municipality_code_method":"nearest_centroid"},"geometry":{"type":"Point","coordinates":[139.835039,35.710658]}},{"type":"Feature","properties":{"layer_id":"cultural_facilities","name":"すみだ郷土文化資料館","category":"public","address":"向島2-3-5","source":"国土交通省 国土数値情報","municipality_code":"13107","municipality_pref":"東京都","municipality_name":"墨田区","municipality_code_method":"nearest_centroid"},"geometry":{"type":"Point","coordinates":[139.805924,35.713886]}},{"type":"Feature","properties":{"layer_id":"parks_playgrounds","name":"白鬚児童遊園","category":"nature","address":"墨田区","source":"国土交通省 国土数値情報","municipality_code":"13107","municipality_pref":"東京都","municipality_name":"墨田区","municipality_code_method":"nearest_centroid"},"geometry":{"type":"Point","coordinates":[139.81406523,35.72982713]}},{"type":"Feature","properties":{"layer_id":"parks_playgrounds","name":"堤通公園","category":"nature","address":"墨田区","source":"国土交通省 国土数値情報","municipality_code":"13107","municipality_pref":"東京都","municipality_name":"墨田区","municipality_code_method":"nearest_centroid"},"geometry":{"type":"Point","coordinates":[139.81075,35.72387]}},{"type":"Feature","properties":{"layer_id":"parks_playgrounds","name":"吾嬬西公園","category":"nature","address":"墨田区","source":"国土交通省 国土数値情報","municipality_code":"13107","municipality_pref":"東京都","municipality_name":"墨田区","municipality_code_method":"nearest_centroid"},"geometry":{"type":"Point","coordinates":[139.83058,35.72422]}},{"type":"Feature","properties":{"layer_id":"parks_playgrounds","name":"たちばな児童遊園","category":"nature","address":"墨田区","source":"国土交通省 国土数値情報","municipality_code":"13107","municipality_pref":"東京都","municipality_name":"墨田区","municipality_code_method":"nearest_centroid"},"geometry":{"type":"Point","coordinates":[139.83464286,35.70687123]}},{"type":"Feature","properties":{"layer_id":"parks_playgrounds","name":"きねがわ公園","category":"nature","address":"墨田区","source":"国土交通省 国土数値情報","municipality_code":"13107","municipality_pref":"東京都","municipality_name":"墨田区","municipality_code_method":"nearest_centroid"},"geometry":{"type":"Point","coordinates":[139.8329,35.72403]}},{"type":"Feature","properties":{"layer_id":"parks_playgrounds","name":"隅田西児童遊園","category":"nature","address":"墨田区","source":"国土交通省 国土数値情報","municipality_code":"13107","municipality_pref":"東京都","municipality_name":"墨田区","municipality_code_method":"nearest_centroid"},"geometry":{"type":"Point","coordinates":[139.82013313,35.73248928]}},{"type":"Feature","properties":{"layer_id":"parks_playgrounds","name":"香取児童遊園","category":"nature","address":"墨田区","source":"国土交通省 国土数値情報","municipality_code":"13107","municipality_pref":"東京都","municipality_name":"墨田区","municipality_code_method":"nearest_centroid"},"geometry":{"type":"Point","coordinates":[139.831854,35.70476173]}},{"type":"Feature","properties":{"layer_id":"parks_playgrounds","name":"くるみ児童遊園","category":"nature","address":"墨田区","source":"国土交通省 国土数値情報","municipality_code":"13107","municipality_pref":"東京都","municipality_name":"墨田区","municipality_code_method":"nearest_centroid"},"geometry":{"type":"Point","coordinates":[139.81618037,35.70639953]}},{"type":"Feature","properties":{"layer_id":"parks_playgrounds","name":"柳島児童遊園","category":"nature","address":"墨田区","source":"国土交通省 国土数値情報","municipality_code":"13107","municipality_pref":"東京都","municipality_name":"墨田区","municipality_code_method":"nearest_centroid"},"geometry":{"type":"Point","coordinates":[139.8162916,35.70515696]}},{"type":"Feature","properties":{"layer_id":"parks_playgrounds","name":"東あずま公園","category":"nature","address":"墨田区","source":"国土交通省 国土数値情報","municipality_code":"13107","municipality_pref":"東京都","municipality_name":"墨田区","municipality_code_method":"nearest_centroid"},"geometry":{"type":"Point","coordinates":[139.83033122,35.70817529]}},{"type":"Feature","properties":{"layer_id":"parks_playgrounds","name":"やまぶき児童遊園","category":"nature","address":"墨田区","source":"国土交通省 国土数値情報","municipality_code":"13107","municipality_pref":"東京都","municipality_name":"墨田区","municipality_code_method":"nearest_centroid"},"geometry":{"type":"Point","coordinates":[139.82420323,35.72753507]}},{"type":"Feature","properties":{"layer_id":"parks_playgrounds","name":"かしわ児童遊園","category":"nature","address":"墨田区","source":"国土交通省 国土数値情報","municipality_code":"13107","municipality_pref":"東京都","municipality_name":"墨田区","municipality_code_method":"nearest_centroid"},"geometry":{"type":"Point","coordinates":[139.80112,35.70599]}},{"type":"Feature","properties":{"layer_id":"parks_playgrounds","name":"さくら児童遊園","category":"nature","address":"墨田区","source":"国土交通省 国土数値情報","municipality_code":"13107","municipality_pref":"東京都","municipality_name":"墨田区","municipality_code_method":"nearest_centroid"},"geometry":{"type":"Point","coordinates":[139.81224732,35.72615043]}},{"type":"Feature","properties":{"layer_id":"parks_playgrounds","name":"横川北児童遊園","category":"nature","address":"墨田区","source":"国土交通省 国土数値情報","municipality_code":"13107","municipality_pref":"東京都","municipality_name":"墨田区","municipality_code_method":"nearest_centroid"},"geometry":{"type":"Point","coordinates":[139.81355,35.70501]}},{"type":"Feature","properties":{"layer_id":"parks_playgrounds","name":"横川南児童遊園","category":"nature","address":"墨田区","source":"国土交通省 国土数値情報","municipality_code":"13107","municipality_pref":"東京都","municipality_name":"墨田区","municipality_code_method":"nearest_centroid"},"geometry":{"type":"Point","coordinates":[139.81404,35.70344]}},{"type":"Feature","properties":{"layer_id":"parks_playgrounds","name":"曳舟さくら公園","category":"nature","address":"墨田区","source":"国土交通省 国土数値情報","municipality_code":"13107","municipality_pref":"東京都","municipality_name":"墨田区","municipality_code_method":"nearest_centroid"},"geometry":{"type":"Point","coordinates":[139.82035123,35.71899428]}},{"type":"Feature","properties":{"layer_id":"parks_playgrounds","name":"福寿公園","category":"nature","address":"墨田区","source":"国土交通省 国土数値情報","municipality_code":"13107","municipality_pref":"東京都","municipality_name":"墨田区","municipality_code_method":"nearest_centroid"},"geometry":{"type":"Point","coordinates":[139.83473,35.70781]}},{"type":"Feature","properties":{"layer_id":"parks_playgrounds","name":"なつめ公園","category":"nature","address":"墨田区","source":"国土交通省 国土数値情報","municipality_code":"13107","municipality_pref":"東京都","municipality_name":"墨田区","municipality_code_method":"nearest_centroid"},"geometry":{"type":"Point","coordinates":[139.82242,35.72459]}},{"type":"Feature","properties":{"layer_id":"parks_playgrounds","name":"立花第一児童遊園","category":"nature","address":"墨田区","source":"国土交通省 国土数値情報","municipality_code":"13107","municipality_pref":"東京都","municipality_name":"墨田区","municipality_code_method":"nearest_centroid"},"geometry":{"type":"Point","coordinates":[139.83144,35.71014]}},{"type":"Feature","properties":{"layer_id":"parks_playgrounds","name":"文花宮前橋公園","category":"nature","address":"墨田区","source":"国土交通省 国土数値情報","municipality_code":"13107","municipality_pref":"東京都","municipality_name":"墨田区","municipality_code_method":"nearest_centroid"},"geometry":{"type":"Point","coordinates":[139.82423855,35.7089133]}},{"type":"Feature","properties":{"layer_id":"parks_playgrounds","name":"さつき公園","category":"nature","address":"墨田区","source":"国土交通省 国土数値情報","municipality_code":"13107","municipality_pref":"東京都","municipality_name":"墨田区","municipality_code_method":"nearest_centroid"},"geometry":{"type":"Point","coordinates":[139.82054,35.72245]}},{"type":"Feature","properties":{"layer_id":"parks_playgrounds","name":"法恩寺橋児童遊園","category":"nature","address":"墨田区","source":"国土交通省 国土数値情報","municipality_code":"13107","municipality_pref":"東京都","municipality_name":"墨田区","municipality_code_method":"nearest_centroid"},"geometry":{"type":"Point","coordinates":[139.808697,35.70103977]}},{"type":"Feature","properties":{"layer_id":"parks_playgrounds","name":"京島南公園","category":"nature","address":"墨田区","source":"国土交通省 国土数値情報","municipality_code":"13107","municipality_pref":"東京都","municipality_name":"墨田区","municipality_code_method":"nearest_centroid"},"geometry":{"type":"Point","coordinates":[139.82239078,35.71313974]}},{"type":"Feature","properties":{"layer_id":"parks_playgrounds","name":"中之郷児童遊園","category":"nature","address":"墨田区","source":"国土交通省 国土数値情報","municipality_code":"13107","municipality_pref":"東京都","municipality_name":"墨田区","municipality_code_method":"nearest_centroid"},"geometry":{"type":"Point","coordinates":[139.81230103,35.7123495]}},{"type":"Feature","properties":{"layer_id":"parks_playgrounds","name":"たちばな仲よし公園","category":"nature","address":"墨田区","source":"国土交通省 国土数値情報","municipality_code":"13107","municipality_pref":"東京都","municipality_name":"墨田区","municipality_code_method":"nearest_centroid"},"geometry":{"type":"Point","coordinates":[139.83012,35.71256]}},{"type":"Feature","properties":{"layer_id":"parks_playgrounds","name":"長浦児童遊園","category":"nature","address":"墨田区","source":"国土交通省 国土数値情報","municipality_code":"13107","municipality_pref":"東京都","municipality_name":"墨田区","municipality_code_method":"nearest_centroid"},"geometry":{"type":"Point","coordinates":[139.82310923,35.72178566]}},{"type":"Feature","properties":{"layer_id":"parks_playgrounds","name":"六軒児童遊園","category":"nature","address":"墨田区","source":"国土交通省 国土数値情報","municipality_code":"13107","municipality_pref":"東京都","municipality_name":"墨田区","municipality_code_method":"nearest_centroid"},"geometry":{"type":"Point","coordinates":[139.83422497,35.7061062]}},{"type":"Feature","properties":{"layer_id":"parks_playgrounds","name":"大横川親水公園","category":"nature","address":"墨田区","source":"国土交通省 国土数値情報","municipality_code":"13107","municipality_pref":"東京都","municipality_name":"墨田区","municipality_code_method":"nearest_centroid"},"geometry":{"type":"Point","coordinates":[139.80738383,35.70829114]}},{"type":"Feature","properties":{"layer_id":"parks_playgrounds","name":"墨田第六児童遊園","category":"nature","address":"墨田区","source":"国土交通省 国土数値情報","municipality_code":"13107","municipality_pref":"東京都","municipality_name":"墨田区","municipality_code_method":"nearest_centroid"},"geometry":{"type":"Point","coordinates":[139.81716288,35.73059319]}},{"type":"Feature","properties":{"layer_id":"parks_playgrounds","name":"新平井橋公園","category":"nature","address":"墨田区","source":"国土交通省 国土数値情報","municipality_code":"13107","municipality_pref":"東京都","municipality_name":"墨田区","municipality_code_method":"nearest_centroid"},"geometry":{"type":"Point","coordinates":[139.83069,35.71625]}},{"type":"Feature","properties":{"layer_id":"parks_playgrounds","name":"こぶし児童遊園","category":"nature","address":"墨田区","source":"国土交通省 国土数値情報","municipality_code":"13107","municipality_pref":"東京都","municipality_name":"墨田区","municipality_code_method":"nearest_centroid"},"geometry":{"type":"Point","coordinates":[139.81693,35.73241]}},{"type":"Feature","properties":{"layer_id":"parks_playgrounds","name":"八広中央公園","category":"nature","address":"墨田区","source":"国土交通省 国土数値情報","municipality_code":"13107","municipality_pref":"東京都","municipality_name":"墨田区","municipality_code_method":"nearest_centroid"},"geometry":{"type":"Point","coordinates":[139.82721,35.71946]}},{"type":"Feature","properties":{"layer_id":"parks_playgrounds","name":"八広公園","category":"nature","address":"墨田区","source":"国土交通省 国土数値情報","municipality_code":"13107","municipality_pref":"東京都","municipality_name":"墨田区","municipality_code_method":"nearest_centroid"},"geometry":{"type":"Point","coordinates":[139.82509752,35.72599069]}},{"type":"Feature","properties":{"layer_id":"parks_playgrounds","name":"東墨田公園","category":"nature","address":"墨田区","source":"国土交通省 国土数値情報","municipality_code":"13107","municipality_pref":"東京都","municipality_name":"墨田区","municipality_code_method":"nearest_centroid"},"geometry":{"type":"Point","coordinates":[139.83514,35.71936]}},{"type":"Feature","properties":{"layer_id":"parks_playgrounds","name":"立花公園","category":"nature","address":"墨田区","source":"国土交通省 国土数値情報","municipality_code":"13107","municipality_pref":"東京都","municipality_name":"墨田区","municipality_code_method":"nearest_centroid"},"geometry":{"type":"Point","coordinates":[139.82845847,35.70470832]}},{"type":"Feature","properties":{"layer_id":"parks_playgrounds","name":"境児童遊園","category":"nature","address":"墨田区","source":"国土交通省 国土数値情報","municipality_code":"13107","municipality_pref":"東京都","municipality_name":"墨田区","municipality_code_method":"nearest_centroid"},"geometry":{"type":"Point","coordinates":[139.81805,35.72839]}},{"type":"Feature","properties":{"layer_id":"parks_playgrounds","name":"隅田公園","category":"nature","address":"墨田区","source":"国土交通省 国土数値情報","municipality_code":"13107","municipality_pref":"東京都","municipality_name":"墨田区","municipality_code_method":"nearest_centroid"},"geometry":{"type":"Point","coordinates":[139.80428756,35.71275357]}},{"type":"Feature","properties":{"layer_id":"parks_playgrounds","name":"けやき児童遊園","category":"nature","address":"墨田区","source":"国土交通省 国土数値情報","municipality_code":"13107","municipality_pref":"東京都","municipality_name":"墨田区","municipality_code_method":"nearest_centroid"},"geometry":{"type":"Point","coordinates":[139.82234737,35.7216377]}},{"type":"Feature","properties":{"layer_id":"parks_playgrounds","name":"すずかけ児童遊園","category":"nature","address":"墨田区","source":"国土交通省 国土数値情報","municipality_code":"13107","municipality_pref":"東京都","municipality_name":"墨田区","municipality_code_method":"nearest_centroid"},"geometry":{"type":"Point","coordinates":[139.82432418,35.72851252]}},{"type":"Feature","properties":{"layer_id":"parks_playgrounds","name":"立花いこい公園","category":"nature","address":"墨田区","source":"国土交通省 国土数値情報","municipality_code":"13107","municipality_pref":"東京都","municipality_name":"墨田区","municipality_code_method":"nearest_centroid"},"geometry":{"type":"Point","coordinates":[139.83618016,35.71075765]}},{"type":"Feature","properties":{"layer_id":"parks_playgrounds","name":"隅田第二児童遊園","category":"nature","address":"墨田区","source":"国土交通省 国土数値情報","municipality_code":"13107","municipality_pref":"東京都","municipality_name":"墨田区","municipality_code_method":"nearest_centroid"},"geometry":{"type":"Point","coordinates":[139.82140791,35.73263548]}},{"type":"Feature","properties":{"layer_id":"parks_playgrounds","name":"舟原公園","category":"nature","address":"墨田区","source":"国土交通省 国土数値情報","municipality_code":"13107","municipality_pref":"東京都","municipality_name":"墨田区","municipality_code_method":"nearest_centroid"},"geometry":{"type":"Point","coordinates":[139.82687,35.7154]}},{"type":"Feature","properties":{"layer_id":"parks_playgrounds","name":"露伴児童遊園","category":"nature","address":"墨田区","source":"国土交通省 国土数値情報","municipality_code":"13107","municipality_pref":"東京都","municipality_name":"墨田区","municipality_code_method":"nearest_centroid"},"geometry":{"type":"Point","coordinates":[139.81321281,35.72197458]}},{"type":"Feature","properties":{"layer_id":"parks_playgrounds","name":"八広第二児童遊園","category":"nature","address":"墨田区","source":"国土交通省 国土数値情報","municipality_code":"13107","municipality_pref":"東京都","municipality_name":"墨田区","municipality_code_method":"nearest_centroid"},"geometry":{"type":"Point","coordinates":[139.82520019,35.72389328]}},{"type":"Feature","properties":{"layer_id":"parks_playgrounds","name":"小梅児童遊園","category":"nature","address":"墨田区","source":"国土交通省 国土数値情報","municipality_code":"13107","municipality_pref":"東京都","municipality_name":"墨田区","municipality_code_method":"nearest_centroid"},"geometry":{"type":"Point","coordinates":[139.80817,35.71034]}},{"type":"Feature","properties":{"layer_id":"parks_playgrounds","name":"東墨田東公園","category":"nature","address":"墨田区","source":"国土交通省 国土数値情報","municipality_code":"13107","municipality_pref":"東京都","municipality_name":"墨田区","municipality_code_method":"nearest_centroid"},"geometry":{"type":"Point","coordinates":[139.83737275,35.71843888]}},{"type":"Feature","properties":{"layer_id":"parks_playgrounds","name":"日進公園","category":"nature","address":"墨田区","source":"国土交通省 国土数値情報","municipality_code":"13107","municipality_pref":"東京都","municipality_name":"墨田区","municipality_code_method":"nearest_centroid"},"geometry":{"type":"Point","coordinates":[139.80424,35.69863]}},{"type":"Feature","properties":{"layer_id":"parks_playgrounds","name":"ごあずま児童遊園","category":"nature","address":"墨田区","source":"国土交通省 国土数値情報","municipality_code":"13107","municipality_pref":"東京都","municipality_name":"墨田区","municipality_code_method":"nearest_centroid"},"geometry":{"type":"Point","coordinates":[139.82964458,35.72268269]}},{"type":"Feature","properties":{"layer_id":"parks_playgrounds","name":"あかしや児童遊園","category":"nature","address":"墨田区","source":"国土交通省 国土数値情報","municipality_code":"13107","municipality_pref":"東京都","municipality_name":"墨田区","municipality_code_method":"nearest_centroid"},"geometry":{"type":"Point","coordinates":[139.81822,35.70238]}},{"type":"Feature","properties":{"layer_id":"parks_playgrounds","name":"緑町公園","category":"nature","address":"墨田区","source":"国土交通省 国土数値情報","municipality_code":"13107","municipality_pref":"東京都","municipality_name":"墨田区","municipality_code_method":"nearest_centroid"},"geometry":{"type":"Point","coordinates":[139.80046,35.69659]}},{"type":"Feature","properties":{"layer_id":"parks_playgrounds","name":"東向島ふじ公園","category":"nature","address":"墨田区","source":"国土交通省 国土数値情報","municipality_code":"13107","municipality_pref":"東京都","municipality_name":"墨田区","municipality_code_method":"nearest_centroid"},"geometry":{"type":"Point","coordinates":[139.81844552,35.72019811]}},{"type":"Feature","properties":{"layer_id":"parks_playgrounds","name":"請地児童遊園","category":"nature","address":"墨田区","source":"国土交通省 国土数値情報","municipality_code":"13107","municipality_pref":"東京都","municipality_name":"墨田区","municipality_code_method":"nearest_centroid"},"geometry":{"type":"Point","coordinates":[139.81339854,35.71708291]}},{"type":"Feature","properties":{"layer_id":"parks_playgrounds","name":"長寿庭園","category":"nature","address":"墨田区","source":"国土交通省 国土数値情報","municipality_code":"13107","municipality_pref":"東京都","municipality_name":"墨田区","municipality_code_method":"nearest_centroid"},"geometry":{"type":"Point","coordinates":[139.81534,35.72709]}},{"type":"Feature","properties":{"layer_id":"parks_playgrounds","name":"宮元児童遊園","category":"nature","address":"墨田区","source":"国土交通省 国土数値情報","municipality_code":"13107","municipality_pref":"東京都","municipality_name":"墨田区","municipality_code_method":"nearest_centroid"},"geometry":{"type":"Point","coordinates":[139.82638834,35.70929002]}},{"type":"Feature","properties":{"layer_id":"parks_playgrounds","name":"東公園","category":"nature","address":"墨田区","source":"国土交通省 国土数値情報","municipality_code":"13107","municipality_pref":"東京都","municipality_name":"墨田区","municipality_code_method":"nearest_centroid"},"geometry":{"type":"Point","coordinates":[139.83567479,35.72114208]}},{"type":"Feature","properties":{"layer_id":"parks_playgrounds","name":"もみじばし児童遊園","category":"nature","address":"墨田区","source":"国土交通省 国土数値情報","municipality_code":"13107","municipality_pref":"東京都","municipality_name":"墨田区","municipality_code_method":"nearest_centroid"},"geometry":{"type":"Point","coordinates":[139.8079435,35.70314109]}},{"type":"Feature","properties":{"layer_id":"parks_playgrounds","name":"業平公園","category":"nature","address":"墨田区","source":"国土交通省 国土数値情報","municipality_code":"13107","municipality_pref":"東京都","municipality_name":"墨田区","municipality_code_method":"nearest_centroid"},"geometry":{"type":"Point","coordinates":[139.81235,35.70635]}},{"type":"Feature","properties":{"layer_id":"parks_playgrounds","name":"平井橋第二公園","category":"nature","address":"墨田区","source":"国土交通省 国土数値情報","municipality_code":"13107","municipality_pref":"東京都","municipality_name":"墨田区","municipality_code_method":"nearest_centroid"},"geometry":{"type":"Point","coordinates":[139.83604435,35.71018338]}},{"type":"Feature","properties":{"layer_id":"parks_playgrounds","name":"東向島北公園","category":"nature","address":"墨田区","source":"国土交通省 国土数値情報","municipality_code":"13107","municipality_pref":"東京都","municipality_name":"墨田区","municipality_code_method":"nearest_centroid"},"geometry":{"type":"Point","coordinates":[139.8159,35.72576]}},{"type":"Feature","properties":{"layer_id":"parks_playgrounds","name":"隅田東児童遊園","category":"nature","address":"墨田区","source":"国土交通省 国土数値情報","municipality_code":"13107","municipality_pref":"東京都","municipality_name":"墨田区","municipality_code_method":"nearest_centroid"},"geometry":{"type":"Point","coordinates":[139.82507099,35.72946384]}},{"type":"Feature","properties":{"layer_id":"parks_playgrounds","name":"横川橋児童遊園","category":"nature","address":"墨田区","source":"国土交通省 国土数値情報","municipality_code":"13107","municipality_pref":"東京都","municipality_name":"墨田区","municipality_code_method":"nearest_centroid"},"geometry":{"type":"Point","coordinates":[139.80872,35.70328]}},{"type":"Feature","properties":{"layer_id":"parks_playgrounds","name":"くすのき児童遊園","category":"nature","address":"墨田区","source":"国土交通省 国土数値情報","municipality_code":"13107","municipality_pref":"東京都","municipality_name":"墨田区","municipality_code_method":"nearest_centroid"},"geometry":{"type":"Point","coordinates":[139.81861364,35.72361622]}},{"type":"Feature","properties":{"layer_id":"parks_playgrounds","name":"あおぎり児童遊園","category":"nature","address":"墨田区","source":"国土交通省 国土数値情報","municipality_code":"13107","municipality_pref":"東京都","municipality_name":"墨田区","municipality_code_method":"nearest_centroid"},"geometry":{"type":"Point","coordinates":[139.82706,35.72249]}},{"type":"Feature","properties":{"layer_id":"parks_playgrounds","name":"しいのき児童遊園","category":"nature","address":"墨田区","source":"国土交通省 国土数値情報","municipality_code":"13107","municipality_pref":"東京都","municipality_name":"墨田区","municipality_code_method":"nearest_centroid"},"geometry":{"type":"Point","coordinates":[139.80493,35.70972]}},{"type":"Feature","properties":{"layer_id":"parks_playgrounds","name":"つくし児童遊園","category":"nature","address":"墨田区","source":"国土交通省 国土数値情報","municipality_code":"13107","municipality_pref":"東京都","municipality_name":"墨田区","municipality_code_method":"nearest_centroid"},"geometry":{"type":"Point","coordinates":[139.80444,35.6965]}},{"type":"Feature","properties":{"layer_id":"parks_playgrounds","name":"あすなろ児童遊園","category":"nature","address":"墨田区","source":"国土交通省 国土数値情報","municipality_code":"13107","municipality_pref":"東京都","municipality_name":"墨田区","municipality_code_method":"nearest_centroid"},"geometry":{"type":"Point","coordinates":[139.81536472,35.72018192]}},{"type":"Feature","properties":{"layer_id":"parks_playgrounds","name":"隅田東第二児童遊園","category":"nature","address":"墨田区","source":"国土交通省 国土数値情報","municipality_code":"13107","municipality_pref":"東京都","municipality_name":"墨田区","municipality_code_method":"nearest_centroid"},"geometry":{"type":"Point","coordinates":[139.8239301,35.73307031]}},{"type":"Feature","properties":{"layer_id":"parks_playgrounds","name":"八広六西児童遊園","category":"nature","address":"墨田区","source":"国土交通省 国土数値情報","municipality_code":"13107","municipality_pref":"東京都","municipality_name":"墨田区","municipality_code_method":"nearest_centroid"},"geometry":{"type":"Point","coordinates":[139.82743384,35.72847732]}},{"type":"Feature","properties":{"layer_id":"parks_playgrounds","name":"からたち児童遊園","category":"nature","address":"墨田区","source":"国土交通省 国土数値情報","municipality_code":"13107","municipality_pref":"東京都","municipality_name":"墨田区","municipality_code_method":"nearest_centroid"},"geometry":{"type":"Point","coordinates":[139.82256,35.71674]}},{"type":"Feature","properties":{"layer_id":"parks_playgrounds","name":"押上第二児童遊園","category":"nature","address":"墨田区","source":"国土交通省 国土数値情報","municipality_code":"13107","municipality_pref":"東京都","municipality_name":"墨田区","municipality_code_method":"nearest_centroid"},"geometry":{"type":"Point","coordinates":[139.82132713,35.71178067]}},{"type":"Feature","properties":{"layer_id":"parks_playgrounds","name":"押上公園","category":"nature","address":"墨田区","source":"国土交通省 国土数値情報","municipality_code":"13107","municipality_pref":"東京都","municipality_name":"墨田区","municipality_code_method":"nearest_centroid"},"geometry":{"type":"Point","coordinates":[139.81718,35.70934]}},{"type":"Feature","properties":{"layer_id":"parks_playgrounds","name":"八広一丁目児童遊園","category":"nature","address":"墨田区","source":"国土交通省 国土数値情報","municipality_code":"13107","municipality_pref":"東京都","municipality_name":"墨田区","municipality_code_method":"nearest_centroid"},"geometry":{"type":"Point","coordinates":[139.82285,35.71902]}},{"type":"Feature","properties":{"layer_id":"parks_playgrounds","name":"押上第一児童遊園","category":"nature","address":"墨田区","source":"国土交通省 国土数値情報","municipality_code":"13107","municipality_pref":"東京都","municipality_name":"墨田区","municipality_code_method":"nearest_centroid"},"geometry":{"type":"Point","coordinates":[139.82019,35.71157]}},{"type":"Feature","properties":{"layer_id":"parks_playgrounds","name":"隅田児童遊園","category":"nature","address":"墨田区","source":"国土交通省 国土数値情報","municipality_code":"13107","municipality_pref":"東京都","municipality_name":"墨田区","municipality_code_method":"nearest_centroid"},"geometry":{"type":"Point","coordinates":[139.82321,35.73253]}},{"type":"Feature","properties":{"layer_id":"parks_playgrounds","name":"横川公園","category":"nature","address":"墨田区","source":"国土交通省 国土数値情報","municipality_code":"13107","municipality_pref":"東京都","municipality_name":"墨田区","municipality_code_method":"nearest_centroid"},"geometry":{"type":"Point","coordinates":[139.80671963,35.70678507]}},{"type":"Feature","properties":{"layer_id":"parks_playgrounds","name":"錦糸公園","category":"nature","address":"墨田区","source":"国土交通省 国土数値情報","municipality_code":"13107","municipality_pref":"東京都","municipality_name":"墨田区","municipality_code_method":"nearest_centroid"},"geometry":{"type":"Point","coordinates":[139.81644,35.69903]}},{"type":"Feature","properties":{"layer_id":"parks_playgrounds","name":"あじさい児童遊園","category":"nature","address":"墨田区","source":"国土交通省 国土数値情報","municipality_code":"13107","municipality_pref":"東京都","municipality_name":"墨田区","municipality_code_method":"nearest_centroid"},"geometry":{"type":"Point","coordinates":[139.83529785,35.72151533]}},{"type":"Feature","properties":{"layer_id":"parks_playgrounds","name":"さくらんぼ児童遊園","category":"nature","address":"墨田区","source":"国土交通省 国土数値情報","municipality_code":"13107","municipality_pref":"東京都","municipality_name":"墨田区","municipality_code_method":"nearest_centroid"},"geometry":{"type":"Point","coordinates":[139.81265642,35.7179323]}},{"type":"Feature","properties":{"layer_id":"parks_playgrounds","name":"東墨田二丁目公園","category":"nature","address":"墨田区","source":"国土交通省 国土数値情報","municipality_code":"13107","municipality_pref":"東京都","municipality_name":"墨田区","municipality_code_method":"nearest_centroid"},"geometry":{"type":"Point","coordinates":[139.83273012,35.72105044]}},{"type":"Feature","properties":{"layer_id":"parks_playgrounds","name":"つばき公園","category":"nature","address":"墨田区","source":"国土交通省 国土数値情報","municipality_code":"13107","municipality_pref":"東京都","municipality_name":"墨田区","municipality_code_method":"nearest_centroid"},"geometry":{"type":"Point","coordinates":[139.82006857,35.73744712]}},{"type":"Feature","properties":{"layer_id":"parks_playgrounds","name":"荒川四ツ木橋緑地","category":"nature","address":"墨田区","source":"国土交通省 国土数値情報","municipality_code":"13107","municipality_pref":"東京都","municipality_name":"墨田区","municipality_code_method":"nearest_centroid"},"geometry":{"type":"Point","coordinates":[139.8243634,35.73395012]}},{"type":"Feature","properties":{"layer_id":"parks_playgrounds","name":"本四三ツ目児童遊園","category":"nature","address":"墨田区","source":"国土交通省 国土数値情報","municipality_code":"13107","municipality_pref":"東京都","municipality_name":"墨田区","municipality_code_method":"nearest_centroid"},"geometry":{"type":"Point","coordinates":[139.80515086,35.70274998]}},{"type":"Feature","properties":{"layer_id":"parks_playgrounds","name":"ささのは児童遊園","category":"nature","address":"墨田区","source":"国土交通省 国土数値情報","municipality_code":"13107","municipality_pref":"東京都","municipality_name":"墨田区","municipality_code_method":"nearest_centroid"},"geometry":{"type":"Point","coordinates":[139.80830556,35.69848193]}},{"type":"Feature","properties":{"layer_id":"parks_playgrounds","name":"東墨田第一公園","category":"nature","address":"墨田区","source":"国土交通省 国土数値情報","municipality_code":"13107","municipality_pref":"東京都","municipality_name":"墨田区","municipality_code_method":"nearest_centroid"},"geometry":{"type":"Point","coordinates":[139.83005655,35.71867487]}},{"type":"Feature","properties":{"layer_id":"parks_playgrounds","name":"八広あずま公園","category":"nature","address":"墨田区","source":"国土交通省 国土数値情報","municipality_code":"13107","municipality_pref":"東京都","municipality_name":"墨田区","municipality_code_method":"nearest_centroid"},"geometry":{"type":"Point","coordinates":[139.82805,35.72382]}},{"type":"Feature","properties":{"layer_id":"parks_playgrounds","name":"墨田二丁目児童遊園","category":"nature","address":"墨田区","source":"国土交通省 国土数値情報","municipality_code":"13107","municipality_pref":"東京都","municipality_name":"墨田区","municipality_code_method":"nearest_centroid"},"geometry":{"type":"Point","coordinates":[139.81881756,35.73220816]}},{"type":"Feature","properties":{"layer_id":"parks_playgrounds","name":"緑と花の学習園","category":"nature","address":"墨田区","source":"国土交通省 国土数値情報","municipality_code":"13107","municipality_pref":"東京都","municipality_name":"墨田区","municipality_code_method":"nearest_centroid"},"geometry":{"type":"Point","coordinates":[139.82539716,35.70903345]}},{"type":"Feature","properties":{"layer_id":"parks_playgrounds","name":"亀沢第一児童遊園","category":"nature","address":"墨田区","source":"国土交通省 国土数値情報","municipality_code":"13107","municipality_pref":"東京都","municipality_name":"墨田区","municipality_code_method":"nearest_centroid"},"geometry":{"type":"Point","coordinates":[139.80185593,35.69788034]}},{"type":"Feature","properties":{"layer_id":"parks_playgrounds","name":"若宮公園","category":"nature","address":"墨田区","source":"国土交通省 国土数値情報","municipality_code":"13107","municipality_pref":"東京都","municipality_name":"墨田区","municipality_code_method":"nearest_centroid"},"geometry":{"type":"Point","coordinates":[139.80153,35.70252]}},{"type":"Feature","properties":{"layer_id":"parks_playgrounds","name":"梅若公園","category":"nature","address":"墨田区","source":"国土交通省 国土数値情報","municipality_code":"13107","municipality_pref":"東京都","municipality_name":"墨田区","municipality_code_method":"nearest_centroid"},"geometry":{"type":"Point","coordinates":[139.81612831,35.73374845]}},{"type":"Feature","properties":{"layer_id":"parks_playgrounds","name":"白鬚公園","category":"nature","address":"墨田区","source":"国土交通省 国土数値情報","municipality_code":"13107","municipality_pref":"東京都","municipality_name":"墨田区","municipality_code_method":"nearest_centroid"},"geometry":{"type":"Point","coordinates":[139.81642296,35.72865098]}},{"type":"Feature","properties":{"layer_id":"parks_playgrounds","name":"かつら児童遊園","category":"nature","address":"墨田区","source":"国土交通省 国土数値情報","municipality_code":"13107","municipality_pref":"東京都","municipality_name":"墨田区","municipality_code_method":"nearest_centroid"},"geometry":{"type":"Point","coordinates":[139.82067552,35.73114338]}},{"type":"Feature","properties":{"layer_id":"parks_playgrounds","name":"ひいらぎ公園","category":"nature","address":"墨田区","source":"国土交通省 国土数値情報","municipality_code":"13107","municipality_pref":"東京都","municipality_name":"墨田区","municipality_code_method":"nearest_centroid"},"geometry":{"type":"Point","coordinates":[139.82239078,35.72017665]}},{"type":"Feature","properties":{"layer_id":"parks_playgrounds","name":"銅像堀公園","category":"nature","address":"墨田区","source":"国土交通省 国土数値情報","municipality_code":"13107","municipality_pref":"東京都","municipality_name":"墨田区","municipality_code_method":"nearest_centroid"},"geometry":{"type":"Point","coordinates":[139.80999569,35.72129827]}},{"type":"Feature","properties":{"layer_id":"parks_playgrounds","name":"東白鬚公園","category":"nature","address":"墨田区","source":"国土交通省 国土数値情報","municipality_code":"13107","municipality_pref":"東京都","municipality_name":"墨田区","municipality_code_method":"nearest_centroid"},"geometry":{"type":"Point","coordinates":[139.81453,35.73306]}},{"type":"Feature","properties":{"layer_id":"parks_playgrounds","name":"曳舟児童遊園","category":"nature","address":"墨田区","source":"国土交通省 国土数値情報","municipality_code":"13107","municipality_pref":"東京都","municipality_name":"墨田区","municipality_code_method":"nearest_centroid"},"geometry":{"type":"Point","coordinates":[139.81635,35.71912]}},{"type":"Feature","properties":{"layer_id":"parks_playgrounds","name":"京島西公園","category":"nature","address":"墨田区","source":"国土交通省 国土数値情報","municipality_code":"13107","municipality_pref":"東京都","municipality_name":"墨田区","municipality_code_method":"nearest_centroid"},"geometry":{"type":"Point","coordinates":[139.81896989,35.71577858]}},{"type":"Feature","properties":{"layer_id":"parks_playgrounds","name":"墨田第三児童遊園","category":"nature","address":"墨田区","source":"国土交通省 国土数値情報","municipality_code":"13107","municipality_pref":"東京都","municipality_name":"墨田区","municipality_code_method":"nearest_centroid"},"geometry":{"type":"Point","coordinates":[139.81625,35.73152]}},{"type":"Feature","properties":{"layer_id":"parks_playgrounds","name":"横川東公園","category":"nature","address":"墨田区","source":"国土交通省 国土数値情報","municipality_code":"13107","municipality_pref":"東京都","municipality_name":"墨田区","municipality_code_method":"nearest_centroid"},"geometry":{"type":"Point","coordinates":[139.81724696,35.70307782]}},{"type":"Feature","properties":{"layer_id":"parks_playgrounds","name":"中川公園","category":"nature","address":"墨田区","source":"国土交通省 国土数値情報","municipality_code":"13107","municipality_pref":"東京都","municipality_name":"墨田区","municipality_code_method":"nearest_centroid"},"geometry":{"type":"Point","coordinates":[139.83205,35.71207]}},{"type":"Feature","properties":{"layer_id":"parks_playgrounds","name":"あづま児童遊園","category":"nature","address":"墨田区","source":"国土交通省 国土数値情報","municipality_code":"13107","municipality_pref":"東京都","municipality_name":"墨田区","municipality_code_method":"nearest_centroid"},"geometry":{"type":"Point","coordinates":[139.82697,35.70535]}},{"type":"Feature","properties":{"layer_id":"parks_playgrounds","name":"立花大正民家園","category":"nature","address":"墨田区","source":"国土交通省 国土数値情報","municipality_code":"13107","municipality_pref":"東京都","municipality_name":"墨田区","municipality_code_method":"nearest_centroid"},"geometry":{"type":"Point","coordinates":[139.83819676,35.70977146]}},{"type":"Feature","properties":{"layer_id":"parks_playgrounds","name":"こでまり児童遊園","category":"nature","address":"墨田区","source":"国土交通省 国土数値情報","municipality_code":"13107","municipality_pref":"東京都","municipality_name":"墨田区","municipality_code_method":"nearest_centroid"},"geometry":{"type":"Point","coordinates":[139.8218368,35.72758456]}},{"type":"Feature","properties":{"layer_id":"parks_playgrounds","name":"八広第一児童遊園","category":"nature","address":"墨田区","source":"国土交通省 国土数値情報","municipality_code":"13107","municipality_pref":"東京都","municipality_name":"墨田区","municipality_code_method":"nearest_centroid"},"geometry":{"type":"Point","coordinates":[139.82408115,35.72442743]}},{"type":"Feature","properties":{"layer_id":"parks_playgrounds","name":"ふじのき公園","category":"nature","address":"墨田区","source":"国土交通省 国土数値情報","municipality_code":"13107","municipality_pref":"東京都","municipality_name":"墨田区","municipality_code_method":"nearest_centroid"},"geometry":{"type":"Point","coordinates":[139.81557398,35.71728036]}},{"type":"Feature","properties":{"layer_id":"parks_playgrounds","name":"八広つるかめ児童遊園","category":"nature","address":"墨田区","source":"国土交通省 国土数値情報","municipality_code":"13107","municipality_pref":"東京都","municipality_name":"墨田区","municipality_code_method":"nearest_centroid"},"geometry":{"type":"Point","coordinates":[139.82923984,35.72421279]}},{"type":"Feature","properties":{"layer_id":"parks_playgrounds","name":"あずま百樹園","category":"nature","address":"墨田区","source":"国土交通省 国土数値情報","municipality_code":"13107","municipality_pref":"東京都","municipality_name":"墨田区","municipality_code_method":"nearest_centroid"},"geometry":{"type":"Point","coordinates":[139.82385,35.71022]}},{"type":"Feature","properties":{"layer_id":"parks_playgrounds","name":"原公園","category":"nature","address":"墨田区","source":"国土交通省 国土数値情報","municipality_code":"13107","municipality_pref":"東京都","municipality_name":"墨田区","municipality_code_method":"nearest_centroid"},"geometry":{"type":"Point","coordinates":[139.82348346,35.71289517]}},{"type":"Feature","properties":{"layer_id":"parks_playgrounds","name":"向島百花園","category":"nature","address":"墨田区","source":"国土交通省 国土数値情報","municipality_code":"13107","municipality_pref":"東京都","municipality_name":"墨田区","municipality_code_method":"nearest_centroid"},"geometry":{"type":"Point","coordinates":[139.81548,35.72305]}},{"type":"Feature","properties":{"layer_id":"parks_playgrounds","name":"とらばし児童遊園","category":"nature","address":"墨田区","source":"国土交通省 国土数値情報","municipality_code":"13107","municipality_pref":"東京都","municipality_name":"墨田区","municipality_code_method":"nearest_centroid"},"geometry":{"type":"Point","coordinates":[139.81978538,35.71535908]}},{"type":"Feature","properties":{"layer_id":"parks_playgrounds","name":"みわさと公園","category":"nature","address":"墨田区","source":"国土交通省 国土数値情報","municipality_code":"13107","municipality_pref":"東京都","municipality_name":"墨田区","municipality_code_method":"nearest_centroid"},"geometry":{"type":"Point","coordinates":[139.82523735,35.72120644]}},{"type":"Feature","properties":{"layer_id":"parks_playgrounds","name":"横川さんかく公園","category":"nature","address":"墨田区","source":"国土交通省 国土数値情報","municipality_code":"13107","municipality_pref":"東京都","municipality_name":"墨田区","municipality_code_method":"nearest_centroid"},"geometry":{"type":"Point","coordinates":[139.81767145,35.7054163]}},{"type":"Feature","properties":{"layer_id":"parks_playgrounds","name":"文花公園","category":"nature","address":"墨田区","source":"国土交通省 国土数値情報","municipality_code":"13107","municipality_pref":"東京都","municipality_name":"墨田区","municipality_code_method":"nearest_centroid"},"geometry":{"type":"Point","coordinates":[139.82175,35.70881]}},{"type":"Feature","properties":{"layer_id":"parks_playgrounds","name":"平井橋第一公園","category":"nature","address":"墨田区","source":"国土交通省 国土数値情報","municipality_code":"13107","municipality_pref":"東京都","municipality_name":"墨田区","municipality_code_method":"nearest_centroid"},"geometry":{"type":"Point","coordinates":[139.83362726,35.71068111]}},{"type":"Feature","properties":{"layer_id":"parks_playgrounds","name":"立花六丁目児童遊園","category":"nature","address":"墨田区","source":"国土交通省 国土数値情報","municipality_code":"13107","municipality_pref":"東京都","municipality_name":"墨田区","municipality_code_method":"nearest_centroid"},"geometry":{"type":"Point","coordinates":[139.83784496,35.71026018]}}],"display_comment_original":"墨田区周辺には、近世村の記憶として小梅村、柳島村、押上村などの旧村名が見える。 この地域には史跡や遺跡、寺社や信仰の場に関わる場所が見え、錦糸町駅北口遺跡、江東橋二丁目遺跡、鐘淵紡績工場跡のような地点が探索の入口になる。 現地では史跡説明板、小梅村、柳島村ゆかりの旧境石標や村の歴史案内板が手がかりになりそうだ。さらに水辺の暮らしや堤防整備の歴史を示す案内板に加え、治水碑や河川改修の記念碑が狙い目になる。","story_enrichment":{"samurai_priority_people":["勝海舟","榎本武揚","遠山景元"],"notable_people":["勝海舟","榎本武揚","遠山景元","松尾芭蕉","葛飾北斎"],"honorary_citizens":[],"tourism_landmarks":["水の郷百選","東京スカイツリー","東京ミズマチ","江戸東京博物館","両国国技館","東京都慰霊堂","すみだ郷土文化資料館","東武博物館"],"specialties":["硝子","言問団子"],"food_culture":[],"historical_domains":[],"heian_place_names":["下総国"],"japan_search_support":["勝海舟像 https://jpsearch.go.jp/item/michi-D0004190016_00000","海舟とすみだ : 墨田区に遺る勝海舟の足跡 https://jpsearch.go.jp/item/bibnl-01062056","両国公園　勝海舟生誕地の碑 https://jpsearch.go.jp/item/michi-D0004090037_00000"],"enrichment_sources":["https://ja.wikipedia.org/wiki/%E5%A2%A8%E7%94%B0%E5%8C%BA","https://www.wikidata.org/wiki/Q700470","https://www.wikidata.org/wiki/Q532959","https://www.wikidata.org/wiki/Q7862747","https://www.wikidata.org/wiki/Q5676","https://www.wikidata.org/wiki/Q5586","https://www.wikidata.org/wiki/Q451991","https://www.wikidata.org/wiki/Q3122125","https://www.wikidata.org/wiki/Q11653796","https://www.wikidata.org/wiki/Q2458613","https://www.wikidata.org/wiki/Q3543472","https://www.wikidata.org/wiki/Q11551532","https://www.wikidata.org/wiki/Q7582610","https://www.wikidata.org/wiki/Q3550828","https://www.wikidata.org/wiki/Q11460426","https://www.wikidata.org/wiki/Q6389359","https://jpsearch.go.jp/csearch/jps-cross?csid=jps-cross&keyword=%E5%8B%9D%E6%B5%B7%E8%88%9F&keyword=%E5%A2%A8%E7%94%B0%E5%8C%BA"],"enrichment_errors":[],"wikipedia_title":"墨田区","wikipedia_revision_id":"110950745","wikidata_qid":"Q235135","wikipedia_url":"https://ja.wikipedia.org/wiki/%E5%A2%A8%E7%94%B0%E5%8C%BA","japan_search_query_url":"https://jpsearch.go.jp/csearch/jps-cross?csid=jps-cross&keyword=%E5%8B%9D%E6%B5%B7%E8%88%9F&keyword=%E5%A2%A8%E7%94%B0%E5%8C%BA","status":"wikipedia_ok"}}