{"type":"FeatureCollection","municipality_code":"20208","pref":"長野県","city":"小諸市","display_comment":"小諸市には、江戸期の小諸藩と小諸城に連なる領主・城下の記憶が残っています。 周辺には城跡や陣屋跡、寺社や信仰の場、史跡や遺跡にまつわる場所が点在し、「小諸城」、「楽巌寺城跡」、「耳取城跡」などを起点に歩くと、地域の歴史がぐっと見えやすくなります。 現地では城跡・陣屋跡、史跡説明板、市町、加増村ゆかりの旧境石標や村の歴史案内板が、地域の歴史を読み解く手がかりになるでしょう。 田・新田・用水にちなむ地名が多い場所では、土地改良碑や用水記念碑も注目したい探索対象です。 小諸藩にゆかりのある領主碑や旧領境のしるべも、現地で探してみたい歴史の手がかりです。 人物に目を向けるなら、武将・武士の呑竜や真木重遠との縁をたどることで、街の歴史をより立体的に楽しめます。 「小諸城址懐古園」や「旧小諸本陣」などの名所も、地域の物語を深掘りする絶好の入口です。","layer_counts":{"cafe_restaurant":241,"public_facilities":10,"cultural_facilities":30,"parks_playgrounds":10,"tourism_resources":3},"total_features":294,"features":[{"type":"Feature","properties":{"layer_id":"cafe_restaurant","name":"めん六や　長野小諸店","category":"food","address":"長野県小諸市和田和田原９１６番地１　ダイナム内","source":"厚生労働省 食品衛生申請等システム（オープンデータ）","municipality_code":"20208","municipality_pref":"長野県","municipality_name":"小諸市","municipality_code_method":"food_exact_coord"},"geometry":{"type":"Point","coordinates":[138.469083,36.29559]}},{"type":"Feature","properties":{"layer_id":"cafe_restaurant","name":"お食事処　やまへい","category":"food","address":"長野県小諸市平原１１７２－１","source":"厚生労働省 食品衛生申請等システム（オープンデータ）","municipality_code":"20208","municipality_pref":"長野県","municipality_name":"小諸市","municipality_code_method":"food_exact_coord"},"geometry":{"type":"Point","coordinates":[138.461665,36.314273]}},{"type":"Feature","properties":{"layer_id":"cafe_restaurant","name":"ガスト 小諸店","category":"food","address":"長野県小諸市大字諸１丁目５番２１号","source":"厚生労働省 食品衛生申請等システム（オープンデータ）","municipality_code":"20208","municipality_pref":"長野県","municipality_name":"小諸市","municipality_code_method":"food_exact_coord"},"geometry":{"type":"Point","coordinates":[138.4154795,36.336718000000005]}},{"type":"Feature","properties":{"layer_id":"cafe_restaurant","name":"小諸ラボ　GABRIELE　RIVA　MILANO　NAGANO","category":"food","address":"長野県小諸市大手１丁目６－８","source":"厚生労働省 食品衛生申請等システム（オープンデータ）","municipality_code":"20208","municipality_pref":"長野県","municipality_name":"小諸市","municipality_code_method":"food_exact_coord"},"geometry":{"type":"Point","coordinates":[138.421219,36.328496]}},{"type":"Feature","properties":{"layer_id":"cafe_restaurant","name":"ほっともっと　小諸東店","category":"food","address":"長野県小諸市御幸町２－３－７","source":"厚生労働省 食品衛生申請等システム（オープンデータ）","municipality_code":"20208","municipality_pref":"長野県","municipality_name":"小諸市","municipality_code_method":"food_exact_coord"},"geometry":{"type":"Point","coordinates":[138.437689,36.315797]}},{"type":"Feature","properties":{"layer_id":"cafe_restaurant","name":"ほっともっと小諸坂の上店","category":"food","address":"長野県小諸市三和１丁目８－５","source":"厚生労働省 食品衛生申請等システム（オープンデータ）","municipality_code":"20208","municipality_pref":"長野県","municipality_name":"小諸市","municipality_code_method":"food_exact_coord"},"geometry":{"type":"Point","coordinates":[138.431315,36.330729]}},{"type":"Feature","properties":{"layer_id":"cafe_restaurant","name":"さがみ典礼　小諸法事センター","category":"food","address":"長野県小諸市甲３５－２","source":"厚生労働省 食品衛生申請等システム（オープンデータ）","municipality_code":"20208","municipality_pref":"長野県","municipality_name":"小諸市","municipality_code_method":"food_exact_coord"},"geometry":{"type":"Point","coordinates":[138.444398,36.309211]}},{"type":"Feature","properties":{"layer_id":"cafe_restaurant","name":"さがみ典礼　小諸法事センター","category":"food","address":"長野県小諸市甲３５－２","source":"厚生労働省 食品衛生申請等システム（オープンデータ）","municipality_code":"20208","municipality_pref":"長野県","municipality_name":"小諸市","municipality_code_method":"food_exact_coord"},"geometry":{"type":"Point","coordinates":[138.444398,36.309211]}},{"type":"Feature","properties":{"layer_id":"cafe_restaurant","name":"OLENO　COFFEE","category":"food","address":"長野県小諸市与良町3丁目10-7","source":"厚生労働省 食品衛生申請等システム（オープンデータ）","municipality_code":"20208","municipality_pref":"長野県","municipality_name":"小諸市","municipality_code_method":"food_exact_coord"},"geometry":{"type":"Point","coordinates":[138.4315035,36.319615999999996]}},{"type":"Feature","properties":{"layer_id":"cafe_restaurant","name":"中部電力株式会社　小諸寮内レパスト","category":"food","address":"長野県小諸市紺屋町２－８－３０","source":"厚生労働省 食品衛生申請等システム（オープンデータ）","municipality_code":"20208","municipality_pref":"長野県","municipality_name":"小諸市","municipality_code_method":"food_exact_coord"},"geometry":{"type":"Point","coordinates":[138.432417,36.32885]}},{"type":"Feature","properties":{"layer_id":"cafe_restaurant","name":"ルルパ小諸愛の郷","category":"food","address":"長野県小諸市甲字北原田１６９３－６","source":"厚生労働省 食品衛生申請等システム（オープンデータ）","municipality_code":"20208","municipality_pref":"長野県","municipality_name":"小諸市","municipality_code_method":"food_exact_coord"},"geometry":{"type":"Point","coordinates":[138.463734,36.390054]}},{"type":"Feature","properties":{"layer_id":"cafe_restaurant","name":"さくから","category":"food","address":"長野県小諸市和田811-1","source":"厚生労働省 食品衛生申請等システム（オープンデータ）","municipality_code":"20208","municipality_pref":"長野県","municipality_name":"小諸市","municipality_code_method":"food_exact_coord"},"geometry":{"type":"Point","coordinates":[138.458055,36.293667]}},{"type":"Feature","properties":{"layer_id":"cafe_restaurant","name":"カラオケ　まねきねこ　小諸店","category":"food","address":"長野県小諸市滋野甲１１７１－３","source":"厚生労働省 食品衛生申請等システム（オープンデータ）","municipality_code":"20208","municipality_pref":"長野県","municipality_name":"小諸市","municipality_code_method":"food_exact_coord"},"geometry":{"type":"Point","coordinates":[138.381204,36.344644]}},{"type":"Feature","properties":{"layer_id":"cafe_restaurant","name":"メフォス０１０６５６号店","category":"food","address":"長野県小諸市甲１９９１","source":"厚生労働省 食品衛生申請等システム（オープンデータ）","municipality_code":"20208","municipality_pref":"長野県","municipality_name":"小諸市","municipality_code_method":"food_exact_coord"},"geometry":{"type":"Point","coordinates":[138.422752,36.315747]}},{"type":"Feature","properties":{"layer_id":"cafe_restaurant","name":"メフォス　１０７７６　号店","category":"food","address":"長野県小諸市大字八満７０番地","source":"厚生労働省 食品衛生申請等システム（オープンデータ）","municipality_code":"20208","municipality_pref":"長野県","municipality_name":"小諸市","municipality_code_method":"food_exact_coord"},"geometry":{"type":"Point","coordinates":[138.454854,36.321046]}},{"type":"Feature","properties":{"layer_id":"cafe_restaurant","name":"メフォス　１０７７７　号店","category":"food","address":"長野県小諸市大字市６６２番地１０","source":"厚生労働省 食品衛生申請等システム（オープンデータ）","municipality_code":"20208","municipality_pref":"長野県","municipality_name":"小諸市","municipality_code_method":"food_exact_coord"},"geometry":{"type":"Point","coordinates":[138.442395,36.292091]}},{"type":"Feature","properties":{"layer_id":"cafe_restaurant","name":"メフォス　１０７７８　号店","category":"food","address":"長野県小諸市大字御影新田１２６５番地１","source":"厚生労働省 食品衛生申請等システム（オープンデータ）","municipality_code":"20208","municipality_pref":"長野県","municipality_name":"小諸市","municipality_code_method":"food_exact_coord"},"geometry":{"type":"Point","coordinates":[138.473181,36.309047]}},{"type":"Feature","properties":{"layer_id":"cafe_restaurant","name":"さくら保育園","category":"food","address":"長野県小諸市六供１－７－１","source":"厚生労働省 食品衛生申請等システム（オープンデータ）","municipality_code":"20208","municipality_pref":"長野県","municipality_name":"小諸市","municipality_code_method":"food_exact_coord"},"geometry":{"type":"Point","coordinates":[138.425683,36.331077]}},{"type":"Feature","properties":{"layer_id":"cafe_restaurant","name":"株式会社西友　小諸小原店　若菜","category":"food","address":"長野県小諸市甲東原田1649-6 西友内","source":"厚生労働省 食品衛生申請等システム（オープンデータ）","municipality_code":"20208","municipality_pref":"長野県","municipality_name":"小諸市","municipality_code_method":"food_exact_coord"},"geometry":{"type":"Point","coordinates":[138.423523,36.32743]}},{"type":"Feature","properties":{"layer_id":"cafe_restaurant","name":"ポッコ","category":"food","address":"長野県小諸市大手1-4-8 NKビル","source":"厚生労働省 食品衛生申請等システム（オープンデータ）","municipality_code":"20208","municipality_pref":"長野県","municipality_name":"小諸市","municipality_code_method":"food_exact_coord"},"geometry":{"type":"Point","coordinates":[138.42247,36.328083]}},{"type":"Feature","properties":{"layer_id":"cafe_restaurant","name":"サエーラ　あさま","category":"food","address":"長野県小諸市大字加増５３２－１","source":"厚生労働省 食品衛生申請等システム（オープンデータ）","municipality_code":"20208","municipality_pref":"長野県","municipality_name":"小諸市","municipality_code_method":"food_exact_coord"},"geometry":{"type":"Point","coordinates":[138.443362,36.317538]}},{"type":"Feature","properties":{"layer_id":"cafe_restaurant","name":"サエーラ　あさま　別館","category":"food","address":"長野県小諸市大字加増５３２－１","source":"厚生労働省 食品衛生申請等システム（オープンデータ）","municipality_code":"20208","municipality_pref":"長野県","municipality_name":"小諸市","municipality_code_method":"food_exact_coord"},"geometry":{"type":"Point","coordinates":[138.443362,36.317538]}},{"type":"Feature","properties":{"layer_id":"cafe_restaurant","name":"すき家　18号小諸店","category":"food","address":"長野県小諸市諸1-5-11","source":"厚生労働省 食品衛生申請等システム（オープンデータ）","municipality_code":"20208","municipality_pref":"長野県","municipality_name":"小諸市","municipality_code_method":"food_exact_coord"},"geometry":{"type":"Point","coordinates":[138.417283,36.336535]}},{"type":"Feature","properties":{"layer_id":"cafe_restaurant","name":"小諸駅そば　清野商店","category":"food","address":"長野県小諸市相生町１丁目１　しなの鉄道小諸駅舎待合室内","source":"厚生労働省 食品衛生申請等システム（オープンデータ）","municipality_code":"20208","municipality_pref":"長野県","municipality_name":"小諸市","municipality_code_method":"food_exact_coord"},"geometry":{"type":"Point","coordinates":[138.421732,36.3271]}},{"type":"Feature","properties":{"layer_id":"cafe_restaurant","name":"ホテル　愛花夢小諸","category":"food","address":"長野県小諸市西原大道添839-5","source":"厚生労働省 食品衛生申請等システム（オープンデータ）","municipality_code":"20208","municipality_pref":"長野県","municipality_name":"小諸市","municipality_code_method":"food_exact_coord"},"geometry":{"type":"Point","coordinates":[138.401314,36.343386]}},{"type":"Feature","properties":{"layer_id":"cafe_restaurant","name":"Ｒｏａｓｔ　Ｊｏｋｅｒ　本店","category":"food","address":"長野県小諸市大手１－４－８　　ＮＫビル２Ｆ","source":"厚生労働省 食品衛生申請等システム（オープンデータ）","municipality_code":"20208","municipality_pref":"長野県","municipality_name":"小諸市","municipality_code_method":"food_exact_coord"},"geometry":{"type":"Point","coordinates":[138.42247,36.328083]}},{"type":"Feature","properties":{"layer_id":"cafe_restaurant","name":"（株）あんでーくっく　佐久工場","category":"food","address":"長野県小諸市御影新田香久保２６０８","source":"厚生労働省 食品衛生申請等システム（オープンデータ）","municipality_code":"20208","municipality_pref":"長野県","municipality_name":"小諸市","municipality_code_method":"food_exact_coord"},"geometry":{"type":"Point","coordinates":[138.469168,36.301957]}},{"type":"Feature","properties":{"layer_id":"cafe_restaurant","name":"ハグリコ　ファクトリー","category":"food","address":"長野県小諸市古城2丁目2-28","source":"厚生労働省 食品衛生申請等システム（オープンデータ）","municipality_code":"20208","municipality_pref":"長野県","municipality_name":"小諸市","municipality_code_method":"food_exact_coord"},"geometry":{"type":"Point","coordinates":[138.420515,36.326672]}},{"type":"Feature","properties":{"layer_id":"cafe_restaurant","name":"カフェ　GABRIELE　RIVA　MILANO　NAGANO","category":"food","address":"長野県小諸市大手１丁目６－８","source":"厚生労働省 食品衛生申請等システム（オープンデータ）","municipality_code":"20208","municipality_pref":"長野県","municipality_name":"小諸市","municipality_code_method":"food_exact_coord"},"geometry":{"type":"Point","coordinates":[138.421219,36.328496]}},{"type":"Feature","properties":{"layer_id":"cafe_restaurant","name":"（有）常盤館","category":"food","address":"長野県小諸市菱平７６２－２","source":"厚生労働省 食品衛生申請等システム（オープンデータ）","municipality_code":"20208","municipality_pref":"長野県","municipality_name":"小諸市","municipality_code_method":"food_exact_coord"},"geometry":{"type":"Point","coordinates":[138.446418,36.362511]}},{"type":"Feature","properties":{"layer_id":"cafe_restaurant","name":"（有）常盤館","category":"food","address":"長野県小諸市菱平762-2","source":"厚生労働省 食品衛生申請等システム（オープンデータ）","municipality_code":"20208","municipality_pref":"長野県","municipality_name":"小諸市","municipality_code_method":"food_exact_coord"},"geometry":{"type":"Point","coordinates":[138.446418,36.362511]}},{"type":"Feature","properties":{"layer_id":"cafe_restaurant","name":"常盤館　雲の助","category":"food","address":"長野県小諸市菱平762-2","source":"厚生労働省 食品衛生申請等システム（オープンデータ）","municipality_code":"20208","municipality_pref":"長野県","municipality_name":"小諸市","municipality_code_method":"food_exact_coord"},"geometry":{"type":"Point","coordinates":[138.446418,36.362511]}},{"type":"Feature","properties":{"layer_id":"cafe_restaurant","name":"セブンイレブン小諸芦原店","category":"food","address":"長野県小諸市新町一丁目5番13号","source":"厚生労働省 食品衛生申請等システム（オープンデータ）","municipality_code":"20208","municipality_pref":"長野県","municipality_name":"小諸市","municipality_code_method":"food_exact_coord"},"geometry":{"type":"Point","coordinates":[138.416181,36.33259]}},{"type":"Feature","properties":{"layer_id":"cafe_restaurant","name":"菱屋海賊船","category":"food","address":"長野県小諸市御影新田２７４６－１","source":"厚生労働省 食品衛生申請等システム（オープンデータ）","municipality_code":"20208","municipality_pref":"長野県","municipality_name":"小諸市","municipality_code_method":"food_exact_coord"},"geometry":{"type":"Point","coordinates":[138.468282,36.296723]}},{"type":"Feature","properties":{"layer_id":"cafe_restaurant","name":"民家カフェ　散歩道","category":"food","address":"長野県小諸市六供１丁目２番１１号","source":"厚生労働省 食品衛生申請等システム（オープンデータ）","municipality_code":"20208","municipality_pref":"長野県","municipality_name":"小諸市","municipality_code_method":"food_exact_coord"},"geometry":{"type":"Point","coordinates":[138.426874,36.329904]}},{"type":"Feature","properties":{"layer_id":"cafe_restaurant","name":"ステーキレストランＨｉｓｈｉｙａ海賊船","category":"food","address":"長野県小諸市相生町１－３－１","source":"厚生労働省 食品衛生申請等システム（オープンデータ）","municipality_code":"20208","municipality_pref":"長野県","municipality_name":"小諸市","municipality_code_method":"food_exact_coord"},"geometry":{"type":"Point","coordinates":[138.423465,36.327186]}},{"type":"Feature","properties":{"layer_id":"cafe_restaurant","name":"NUKAJI　WINE　HOUSE（糠地ワインハウス）","category":"food","address":"長野県小諸市大字滋野甲字北山４１６２－５１２","source":"厚生労働省 食品衛生申請等システム（オープンデータ）","municipality_code":"20208","municipality_pref":"長野県","municipality_name":"小諸市","municipality_code_method":"food_exact_coord"},"geometry":{"type":"Point","coordinates":[138.393828,36.351454]}},{"type":"Feature","properties":{"layer_id":"cafe_restaurant","name":"あさま苑　小諸センター","category":"food","address":"長野県小諸市加増５１２ー６","source":"厚生労働省 食品衛生申請等システム（オープンデータ）","municipality_code":"20208","municipality_pref":"長野県","municipality_name":"小諸市","municipality_code_method":"food_exact_coord"},"geometry":{"type":"Point","coordinates":[138.443716,36.316949]}},{"type":"Feature","properties":{"layer_id":"cafe_restaurant","name":"ラミヤーキッチン　スリランカフード","category":"food","address":"長野県小諸市大字塩野１９８７","source":"厚生労働省 食品衛生申請等システム（オープンデータ）","municipality_code":"20208","municipality_pref":"長野県","municipality_name":"小諸市","municipality_code_method":"food_exact_coord"},"geometry":{"type":"Point","coordinates":[138.477525,36.32735]}},{"type":"Feature","properties":{"layer_id":"cafe_restaurant","name":"学校法人福島学園　みすず幼稚園","category":"food","address":"長野県小諸市東雲三丁目15番４号","source":"厚生労働省 食品衛生申請等システム（オープンデータ）","municipality_code":"20208","municipality_pref":"長野県","municipality_name":"小諸市","municipality_code_method":"food_exact_coord"},"geometry":{"type":"Point","coordinates":[138.443044,36.331562]}},{"type":"Feature","properties":{"layer_id":"cafe_restaurant","name":"株式会社ユウワ従業員食堂","category":"food","address":"長野県小諸市西原７００番地１","source":"厚生労働省 食品衛生申請等システム（オープンデータ）","municipality_code":"20208","municipality_pref":"長野県","municipality_name":"小諸市","municipality_code_method":"food_exact_coord"},"geometry":{"type":"Point","coordinates":[138.403575,36.348349]}},{"type":"Feature","properties":{"layer_id":"cafe_restaurant","name":"麺賊　夢我夢中本店","category":"food","address":"長野県小諸市御影新田２５９５－５","source":"厚生労働省 食品衛生申請等システム（オープンデータ）","municipality_code":"20208","municipality_pref":"長野県","municipality_name":"小諸市","municipality_code_method":"food_exact_coord"},"geometry":{"type":"Point","coordinates":[138.467423,36.298436]}},{"type":"Feature","properties":{"layer_id":"cafe_restaurant","name":"中華そば　やまさだ","category":"food","address":"長野県小諸市本町２－３－７","source":"厚生労働省 食品衛生申請等システム（オープンデータ）","municipality_code":"20208","municipality_pref":"長野県","municipality_name":"小諸市","municipality_code_method":"food_exact_coord"},"geometry":{"type":"Point","coordinates":[138.4229745,36.329171]}},{"type":"Feature","properties":{"layer_id":"cafe_restaurant","name":"豚骨醤油ラーメン尽者","category":"food","address":"長野県小諸市三和１－７－３０２０－５","source":"厚生労働省 食品衛生申請等システム（オープンデータ）","municipality_code":"20208","municipality_pref":"長野県","municipality_name":"小諸市","municipality_code_method":"food_exact_coord"},"geometry":{"type":"Point","coordinates":[138.43091,36.329957]}},{"type":"Feature","properties":{"layer_id":"cafe_restaurant","name":"Ｍille・Beauté（ミリ・ボーテ）","category":"food","address":"長野県小諸市菱平１０７２－２","source":"厚生労働省 食品衛生申請等システム（オープンデータ）","municipality_code":"20208","municipality_pref":"長野県","municipality_name":"小諸市","municipality_code_method":"food_exact_coord"},"geometry":{"type":"Point","coordinates":[138.431923,36.343293]}},{"type":"Feature","properties":{"layer_id":"cafe_restaurant","name":"パスタとワインの店　暖","category":"food","address":"長野県小諸市御影新田２２７０－１","source":"厚生労働省 食品衛生申請等システム（オープンデータ）","municipality_code":"20208","municipality_pref":"長野県","municipality_name":"小諸市","municipality_code_method":"food_exact_coord"},"geometry":{"type":"Point","coordinates":[138.468658,36.30044650000001]}},{"type":"Feature","properties":{"layer_id":"cafe_restaurant","name":"Ｋｕｒｏｓｈｉｓｈｉ　Ｋｉｔｃｈｅｎ","category":"food","address":"長野県小諸市和田８７７－１","source":"厚生労働省 食品衛生申請等システム（オープンデータ）","municipality_code":"20208","municipality_pref":"長野県","municipality_name":"小諸市","municipality_code_method":"food_exact_coord"},"geometry":{"type":"Point","coordinates":[138.460201,36.29264]}},{"type":"Feature","properties":{"layer_id":"cafe_restaurant","name":"本陣主屋","category":"food","address":"長野県小諸市大手1-6-14","source":"厚生労働省 食品衛生申請等システム（オープンデータ）","municipality_code":"20208","municipality_pref":"長野県","municipality_name":"小諸市","municipality_code_method":"food_exact_coord"},"geometry":{"type":"Point","coordinates":[138.420461,36.328551]}},{"type":"Feature","properties":{"layer_id":"cafe_restaurant","name":"和風らあめん　都奈","category":"food","address":"長野県小諸市大手１－１－５","source":"厚生労働省 食品衛生申請等システム（オープンデータ）","municipality_code":"20208","municipality_pref":"長野県","municipality_name":"小諸市","municipality_code_method":"food_exact_coord"},"geometry":{"type":"Point","coordinates":[138.422105,36.327964]}},{"type":"Feature","properties":{"layer_id":"cafe_restaurant","name":"セブン-イレブン　小諸水押店","category":"food","address":"長野県小諸市丙字青木４０７－１","source":"厚生労働省 食品衛生申請等システム（オープンデータ）","municipality_code":"20208","municipality_pref":"長野県","municipality_name":"小諸市","municipality_code_method":"food_exact_coord"},"geometry":{"type":"Point","coordinates":[138.405057,36.334853]}},{"type":"Feature","properties":{"layer_id":"cafe_restaurant","name":"満天星","category":"food","address":"長野県小諸市大字山浦９１３－１","source":"厚生労働省 食品衛生申請等システム（オープンデータ）","municipality_code":"20208","municipality_pref":"長野県","municipality_name":"小諸市","municipality_code_method":"food_exact_coord"},"geometry":{"type":"Point","coordinates":[138.417253,36.304213]}},{"type":"Feature","properties":{"layer_id":"cafe_restaurant","name":"ラ・カフェ　ノルウェイの森","category":"food","address":"長野県小諸市柏木上出間１４５４－３","source":"厚生労働省 食品衛生申請等システム（オープンデータ）","municipality_code":"20208","municipality_pref":"長野県","municipality_name":"小諸市","municipality_code_method":"food_exact_coord"},"geometry":{"type":"Point","coordinates":[138.451244,36.324037]}},{"type":"Feature","properties":{"layer_id":"cafe_restaurant","name":"天麩羅割烹　懐","category":"food","address":"長野県小諸市相生町１－２－７","source":"厚生労働省 食品衛生申請等システム（オープンデータ）","municipality_code":"20208","municipality_pref":"長野県","municipality_name":"小諸市","municipality_code_method":"food_exact_coord"},"geometry":{"type":"Point","coordinates":[138.422548,36.327343]}},{"type":"Feature","properties":{"layer_id":"cafe_restaurant","name":"酒・酒家","category":"food","address":"長野県小諸市大手１－４－９","source":"厚生労働省 食品衛生申請等システム（オープンデータ）","municipality_code":"20208","municipality_pref":"長野県","municipality_name":"小諸市","municipality_code_method":"food_exact_coord"},"geometry":{"type":"Point","coordinates":[138.422335,36.328004]}},{"type":"Feature","properties":{"layer_id":"cafe_restaurant","name":"くるまやラーメン　小諸店","category":"food","address":"長野県小諸市与良町６－１－３","source":"厚生労働省 食品衛生申請等システム（オープンデータ）","municipality_code":"20208","municipality_pref":"長野県","municipality_name":"小諸市","municipality_code_method":"food_exact_coord"},"geometry":{"type":"Point","coordinates":[138.435656,36.32544]}},{"type":"Feature","properties":{"layer_id":"cafe_restaurant","name":"居酒屋　紫陽花","category":"food","address":"長野県小諸市大手１－２－１","source":"厚生労働省 食品衛生申請等システム（オープンデータ）","municipality_code":"20208","municipality_pref":"長野県","municipality_name":"小諸市","municipality_code_method":"food_exact_coord"},"geometry":{"type":"Point","coordinates":[138.42211,36.327666]}},{"type":"Feature","properties":{"layer_id":"cafe_restaurant","name":"小料理　凛","category":"food","address":"長野県小諸市相生町１－２－１５","source":"厚生労働省 食品衛生申請等システム（オープンデータ）","municipality_code":"20208","municipality_pref":"長野県","municipality_name":"小諸市","municipality_code_method":"food_exact_coord"},"geometry":{"type":"Point","coordinates":[138.423055,36.327628]}},{"type":"Feature","properties":{"layer_id":"cafe_restaurant","name":"酒蔵大学　千なり","category":"food","address":"長野県小諸市鶴巻２－１－１","source":"厚生労働省 食品衛生申請等システム（オープンデータ）","municipality_code":"20208","municipality_pref":"長野県","municipality_name":"小諸市","municipality_code_method":"food_exact_coord"},"geometry":{"type":"Point","coordinates":[138.428467,36.324867]}},{"type":"Feature","properties":{"layer_id":"cafe_restaurant","name":"そらいろの丘","category":"food","address":"長野県小諸市山浦虚空蔵４２９３－１","source":"厚生労働省 食品衛生申請等システム（オープンデータ）","municipality_code":"20208","municipality_pref":"長野県","municipality_name":"小諸市","municipality_code_method":"food_exact_coord"},"geometry":{"type":"Point","coordinates":[138.406305,36.305016]}},{"type":"Feature","properties":{"layer_id":"cafe_restaurant","name":"中華　杏亭","category":"food","address":"長野県小諸市御影新田２７４６－１","source":"厚生労働省 食品衛生申請等システム（オープンデータ）","municipality_code":"20208","municipality_pref":"長野県","municipality_name":"小諸市","municipality_code_method":"food_exact_coord"},"geometry":{"type":"Point","coordinates":[138.468282,36.296723]}},{"type":"Feature","properties":{"layer_id":"cafe_restaurant","name":"ＳＡＫＵＲＡ　Ｃａｆｅ","category":"food","address":"長野県小諸市甲１１４－１０","source":"厚生労働省 食品衛生申請等システム（オープンデータ）","municipality_code":"20208","municipality_pref":"長野県","municipality_name":"小諸市","municipality_code_method":"food_exact_coord"},"geometry":{"type":"Point","coordinates":[138.437918,36.308749]}},{"type":"Feature","properties":{"layer_id":"cafe_restaurant","name":"SAKURA　Cafe","category":"food","address":"長野県小諸市甲１１４－１０","source":"厚生労働省 食品衛生申請等システム（オープンデータ）","municipality_code":"20208","municipality_pref":"長野県","municipality_name":"小諸市","municipality_code_method":"food_exact_coord"},"geometry":{"type":"Point","coordinates":[138.437918,36.308749]}},{"type":"Feature","properties":{"layer_id":"cafe_restaurant","name":"宮嶋林檎園","category":"food","address":"長野県小諸市森山９５９－１１","source":"厚生労働省 食品衛生申請等システム（オープンデータ）","municipality_code":"20208","municipality_pref":"長野県","municipality_name":"小諸市","municipality_code_method":"food_exact_coord"},"geometry":{"type":"Point","coordinates":[138.437996,36.294892]}},{"type":"Feature","properties":{"layer_id":"cafe_restaurant","name":"小諸なる小宮山酒店","category":"food","address":"長野県小諸市鶴巻一丁目４番１４号","source":"厚生労働省 食品衛生申請等システム（オープンデータ）","municipality_code":"20208","municipality_pref":"長野県","municipality_name":"小諸市","municipality_code_method":"food_exact_coord"},"geometry":{"type":"Point","coordinates":[138.4279,36.323882]}},{"type":"Feature","properties":{"layer_id":"cafe_restaurant","name":"小諸なる小宮山酒店","category":"food","address":"長野県小諸市鶴巻一丁目４番１４号","source":"厚生労働省 食品衛生申請等システム（オープンデータ）","municipality_code":"20208","municipality_pref":"長野県","municipality_name":"小諸市","municipality_code_method":"food_exact_coord"},"geometry":{"type":"Point","coordinates":[138.4279,36.323882]}},{"type":"Feature","properties":{"layer_id":"cafe_restaurant","name":"浅間兄弟","category":"food","address":"長野県小諸市南町２－１－９","source":"厚生労働省 食品衛生申請等システム（オープンデータ）","municipality_code":"20208","municipality_pref":"長野県","municipality_name":"小諸市","municipality_code_method":"food_exact_coord"},"geometry":{"type":"Point","coordinates":[138.426995,36.322653]}},{"type":"Feature","properties":{"layer_id":"cafe_restaurant","name":"PORKY","category":"food","address":"長野県小諸市山浦９３９－５","source":"厚生労働省 食品衛生申請等システム（オープンデータ）","municipality_code":"20208","municipality_pref":"長野県","municipality_name":"小諸市","municipality_code_method":"food_exact_coord"},"geometry":{"type":"Point","coordinates":[138.418071,36.302176]}},{"type":"Feature","properties":{"layer_id":"cafe_restaurant","name":"ＣＬｏｕｄ９","category":"food","address":"長野県小諸市御影新田１５３９－１","source":"厚生労働省 食品衛生申請等システム（オープンデータ）","municipality_code":"20208","municipality_pref":"長野県","municipality_name":"小諸市","municipality_code_method":"food_exact_coord"},"geometry":{"type":"Point","coordinates":[138.446522,36.306182]}},{"type":"Feature","properties":{"layer_id":"cafe_restaurant","name":"相生会館","category":"food","address":"長野県小諸市相生町二丁目１番５号","source":"厚生労働省 食品衛生申請等システム（オープンデータ）","municipality_code":"20208","municipality_pref":"長野県","municipality_name":"小諸市","municipality_code_method":"food_exact_coord"},"geometry":{"type":"Point","coordinates":[138.423582,36.327763]}},{"type":"Feature","properties":{"layer_id":"cafe_restaurant","name":"小諸町並みミュージアム","category":"food","address":"長野県小諸市荒町一丁目５番７号","source":"厚生労働省 食品衛生申請等システム（オープンデータ）","municipality_code":"20208","municipality_pref":"長野県","municipality_name":"小諸市","municipality_code_method":"food_exact_coord"},"geometry":{"type":"Point","coordinates":[138.42717,36.328439]}},{"type":"Feature","properties":{"layer_id":"cafe_restaurant","name":"小諸町並みミュージアム","category":"food","address":"長野県小諸市荒町一丁目５番７号","source":"厚生労働省 食品衛生申請等システム（オープンデータ）","municipality_code":"20208","municipality_pref":"長野県","municipality_name":"小諸市","municipality_code_method":"food_exact_coord"},"geometry":{"type":"Point","coordinates":[138.42717,36.328439]}},{"type":"Feature","properties":{"layer_id":"cafe_restaurant","name":"あさま高原マルシェ","category":"food","address":"長野県小諸市甲４４７９－９","source":"厚生労働省 食品衛生申請等システム（オープンデータ）","municipality_code":"20208","municipality_pref":"長野県","municipality_name":"小諸市","municipality_code_method":"food_exact_coord"},"geometry":{"type":"Point","coordinates":[138.445457,36.340287]}},{"type":"Feature","properties":{"layer_id":"cafe_restaurant","name":"四海浪　売店","category":"food","address":"長野県小諸市丁３１５－イ　懐古園内","source":"厚生労働省 食品衛生申請等システム（オープンデータ）","municipality_code":"20208","municipality_pref":"長野県","municipality_name":"小諸市","municipality_code_method":"food_exact_coord"},"geometry":{"type":"Point","coordinates":[138.417546,36.327109]}},{"type":"Feature","properties":{"layer_id":"cafe_restaurant","name":"喰い処　末廣","category":"food","address":"長野県小諸市南町１－９－１２","source":"厚生労働省 食品衛生申請等システム（オープンデータ）","municipality_code":"20208","municipality_pref":"長野県","municipality_name":"小諸市","municipality_code_method":"food_exact_coord"},"geometry":{"type":"Point","coordinates":[138.426917,36.324729]}},{"type":"Feature","properties":{"layer_id":"cafe_restaurant","name":"エメラルド","category":"food","address":"長野県小諸市相生町１－３－５","source":"厚生労働省 食品衛生申請等システム（オープンデータ）","municipality_code":"20208","municipality_pref":"長野県","municipality_name":"小諸市","municipality_code_method":"food_exact_coord"},"geometry":{"type":"Point","coordinates":[138.422995,36.327207]}},{"type":"Feature","properties":{"layer_id":"cafe_restaurant","name":"東京電力パワーグリッド（株）千曲川事務所","category":"food","address":"長野県小諸市田町２－３－２","source":"厚生労働省 食品衛生申請等システム（オープンデータ）","municipality_code":"20208","municipality_pref":"長野県","municipality_name":"小諸市","municipality_code_method":"food_exact_coord"},"geometry":{"type":"Point","coordinates":[138.421826,36.331483]}},{"type":"Feature","properties":{"layer_id":"cafe_restaurant","name":"城下寮　食堂","category":"food","address":"長野県小諸市甲２１７１","source":"厚生労働省 食品衛生申請等システム（オープンデータ）","municipality_code":"20208","municipality_pref":"長野県","municipality_name":"小諸市","municipality_code_method":"food_exact_coord"},"geometry":{"type":"Point","coordinates":[138.414923,36.323605]}},{"type":"Feature","properties":{"layer_id":"cafe_restaurant","name":"凱","category":"food","address":"長野県小諸市大字滋野甲５９１－１","source":"厚生労働省 食品衛生申請等システム（オープンデータ）","municipality_code":"20208","municipality_pref":"長野県","municipality_name":"小諸市","municipality_code_method":"food_exact_coord"},"geometry":{"type":"Point","coordinates":[138.38973,36.35301]}},{"type":"Feature","properties":{"layer_id":"cafe_restaurant","name":"菖蒲庵","category":"food","address":"長野県小諸市山浦１０７５","source":"厚生労働省 食品衛生申請等システム（オープンデータ）","municipality_code":"20208","municipality_pref":"長野県","municipality_name":"小諸市","municipality_code_method":"food_exact_coord"},"geometry":{"type":"Point","coordinates":[138.416853,36.305142]}},{"type":"Feature","properties":{"layer_id":"cafe_restaurant","name":"井泉庵","category":"food","address":"長野県小諸市新町１－３－３１","source":"厚生労働省 食品衛生申請等システム（オープンデータ）","municipality_code":"20208","municipality_pref":"長野県","municipality_name":"小諸市","municipality_code_method":"food_exact_coord"},"geometry":{"type":"Point","coordinates":[138.414903,36.331381]}},{"type":"Feature","properties":{"layer_id":"cafe_restaurant","name":"小諸商工会議所","category":"food","address":"長野県小諸市","source":"厚生労働省 食品衛生申請等システム（オープンデータ）","municipality_code":"20208","municipality_pref":"長野県","municipality_name":"小諸市","municipality_code_method":"food_exact_coord"},"geometry":{"type":"Point","coordinates":[138.425825,36.327141]}},{"type":"Feature","properties":{"layer_id":"cafe_restaurant","name":"小諸商工会議所","category":"food","address":"長野県小諸市相生町３－３－１２","source":"厚生労働省 食品衛生申請等システム（オープンデータ）","municipality_code":"20208","municipality_pref":"長野県","municipality_name":"小諸市","municipality_code_method":"food_exact_coord"},"geometry":{"type":"Point","coordinates":[138.42561,36.327989]}},{"type":"Feature","properties":{"layer_id":"cafe_restaurant","name":"古久清","category":"food","address":"長野県小諸市甲３３５５－２","source":"厚生労働省 食品衛生申請等システム（オープンデータ）","municipality_code":"20208","municipality_pref":"長野県","municipality_name":"小諸市","municipality_code_method":"food_exact_coord"},"geometry":{"type":"Point","coordinates":[138.463734,36.390054]}},{"type":"Feature","properties":{"layer_id":"cafe_restaurant","name":"浅間兄弟","category":"food","address":"長野県小諸市","source":"厚生労働省 食品衛生申請等システム（オープンデータ）","municipality_code":"20208","municipality_pref":"長野県","municipality_name":"小諸市","municipality_code_method":"food_exact_coord"},"geometry":{"type":"Point","coordinates":[138.425825,36.327141]}},{"type":"Feature","properties":{"layer_id":"cafe_restaurant","name":"レストラン　八億","category":"food","address":"長野県小諸市滋野甲１１９７－３","source":"厚生労働省 食品衛生申請等システム（オープンデータ）","municipality_code":"20208","municipality_pref":"長野県","municipality_name":"小諸市","municipality_code_method":"food_exact_coord"},"geometry":{"type":"Point","coordinates":[138.382543,36.344544]}},{"type":"Feature","properties":{"layer_id":"cafe_restaurant","name":"かるく一杯　ちどり","category":"food","address":"長野県小諸市和田８５３－１１","source":"厚生労働省 食品衛生申請等システム（オープンデータ）","municipality_code":"20208","municipality_pref":"長野県","municipality_name":"小諸市","municipality_code_method":"food_exact_coord"},"geometry":{"type":"Point","coordinates":[138.461294,36.293841]}},{"type":"Feature","properties":{"layer_id":"cafe_restaurant","name":"ちゃんちき","category":"food","address":"長野県小諸市山浦７４６","source":"厚生労働省 食品衛生申請等システム（オープンデータ）","municipality_code":"20208","municipality_pref":"長野県","municipality_name":"小諸市","municipality_code_method":"food_exact_coord"},"geometry":{"type":"Point","coordinates":[138.416463,36.30002]}},{"type":"Feature","properties":{"layer_id":"cafe_restaurant","name":"ちゃんちき","category":"food","address":"長野県小諸市山浦７４６","source":"厚生労働省 食品衛生申請等システム（オープンデータ）","municipality_code":"20208","municipality_pref":"長野県","municipality_name":"小諸市","municipality_code_method":"food_exact_coord"},"geometry":{"type":"Point","coordinates":[138.416463,36.30002]}},{"type":"Feature","properties":{"layer_id":"cafe_restaurant","name":"花川堂","category":"food","address":"長野県小諸市大手１－１－６","source":"厚生労働省 食品衛生申請等システム（オープンデータ）","municipality_code":"20208","municipality_pref":"長野県","municipality_name":"小諸市","municipality_code_method":"food_exact_coord"},"geometry":{"type":"Point","coordinates":[138.422198,36.32791]}},{"type":"Feature","properties":{"layer_id":"cafe_restaurant","name":"喫茶　いけの","category":"food","address":"長野県小諸市相生町２－２－５","source":"厚生労働省 食品衛生申請等システム（オープンデータ）","municipality_code":"20208","municipality_pref":"長野県","municipality_name":"小諸市","municipality_code_method":"food_exact_coord"},"geometry":{"type":"Point","coordinates":[138.424157,36.327682]}},{"type":"Feature","properties":{"layer_id":"cafe_restaurant","name":"あそび場","category":"food","address":"長野県小諸市塩野２１４５","source":"厚生労働省 食品衛生申請等システム（オープンデータ）","municipality_code":"20208","municipality_pref":"長野県","municipality_name":"小諸市","municipality_code_method":"food_exact_coord"},"geometry":{"type":"Point","coordinates":[138.476227,36.330098]}},{"type":"Feature","properties":{"layer_id":"cafe_restaurant","name":"居酒屋　ぶらいかん","category":"food","address":"長野県小諸市柏木２０７－１４","source":"厚生労働省 食品衛生申請等システム（オープンデータ）","municipality_code":"20208","municipality_pref":"長野県","municipality_name":"小諸市","municipality_code_method":"food_exact_coord"},"geometry":{"type":"Point","coordinates":[138.449908,36.314462]}},{"type":"Feature","properties":{"layer_id":"cafe_restaurant","name":"居酒屋　ぶらいかん","category":"food","address":"長野県小諸市柏木２０７－１４","source":"厚生労働省 食品衛生申請等システム（オープンデータ）","municipality_code":"20208","municipality_pref":"長野県","municipality_name":"小諸市","municipality_code_method":"food_exact_coord"},"geometry":{"type":"Point","coordinates":[138.449908,36.314462]}},{"type":"Feature","properties":{"layer_id":"cafe_restaurant","name":"komoro-street","category":"food","address":"長野県小諸市相生町２－２－２","source":"厚生労働省 食品衛生申請等システム（オープンデータ）","municipality_code":"20208","municipality_pref":"長野県","municipality_name":"小諸市","municipality_code_method":"food_exact_coord"},"geometry":{"type":"Point","coordinates":[138.423869,36.327586]}},{"type":"Feature","properties":{"layer_id":"cafe_restaurant","name":"ケアハウスのぞみ","category":"food","address":"長野県小諸市大字和田９６６番地１５１","source":"厚生労働省 食品衛生申請等システム（オープンデータ）","municipality_code":"20208","municipality_pref":"長野県","municipality_name":"小諸市","municipality_code_method":"food_exact_coord"},"geometry":{"type":"Point","coordinates":[138.46169,36.296944]}},{"type":"Feature","properties":{"layer_id":"cafe_restaurant","name":"ＧＡＬＡ","category":"food","address":"長野県小諸市","source":"厚生労働省 食品衛生申請等システム（オープンデータ）","municipality_code":"20208","municipality_pref":"長野県","municipality_name":"小諸市","municipality_code_method":"food_exact_coord"},"geometry":{"type":"Point","coordinates":[138.425825,36.327141]}},{"type":"Feature","properties":{"layer_id":"cafe_restaurant","name":"山野草","category":"food","address":"長野県小諸市大字大久保１９８","source":"厚生労働省 食品衛生申請等システム（オープンデータ）","municipality_code":"20208","municipality_pref":"長野県","municipality_name":"小諸市","municipality_code_method":"food_exact_coord"},"geometry":{"type":"Point","coordinates":[138.401801,36.331312]}},{"type":"Feature","properties":{"layer_id":"cafe_restaurant","name":"Ｄｒｅｓｓｉｎｇ　ｋｉｔｃｈｅｎ","category":"food","address":"長野県小諸市相生町３丁目２－３　１階","source":"厚生労働省 食品衛生申請等システム（オープンデータ）","municipality_code":"20208","municipality_pref":"長野県","municipality_name":"小諸市","municipality_code_method":"food_exact_coord"},"geometry":{"type":"Point","coordinates":[138.424931,36.327988]}},{"type":"Feature","properties":{"layer_id":"cafe_restaurant","name":"ハイビスカス","category":"food","address":"長野県小諸市田町１－７－１０","source":"厚生労働省 食品衛生申請等システム（オープンデータ）","municipality_code":"20208","municipality_pref":"長野県","municipality_name":"小諸市","municipality_code_method":"food_exact_coord"},"geometry":{"type":"Point","coordinates":[138.423531,36.330744]}},{"type":"Feature","properties":{"layer_id":"cafe_restaurant","name":"小諸蕎麦切道場　草笛　明日香","category":"food","address":"長野県小諸市古城丁２６４－１カラ４、２６５－３","source":"厚生労働省 食品衛生申請等システム（オープンデータ）","municipality_code":"20208","municipality_pref":"長野県","municipality_name":"小諸市","municipality_code_method":"food_exact_coord"},"geometry":{"type":"Point","coordinates":[138.420656,36.325154]}},{"type":"Feature","properties":{"layer_id":"cafe_restaurant","name":"（有）草笛","category":"food","address":"長野県小諸市古城一丁目１番１０号","source":"厚生労働省 食品衛生申請等システム（オープンデータ）","municipality_code":"20208","municipality_pref":"長野県","municipality_name":"小諸市","municipality_code_method":"food_exact_coord"},"geometry":{"type":"Point","coordinates":[138.41857,36.328259]}},{"type":"Feature","properties":{"layer_id":"cafe_restaurant","name":"中華そば　やまさだ","category":"food","address":"長野県小諸市本町二丁目３番７号","source":"厚生労働省 食品衛生申請等システム（オープンデータ）","municipality_code":"20208","municipality_pref":"長野県","municipality_name":"小諸市","municipality_code_method":"food_exact_coord"},"geometry":{"type":"Point","coordinates":[138.4229745,36.329171]}},{"type":"Feature","properties":{"layer_id":"cafe_restaurant","name":"本町実業会","category":"food","address":"長野県小諸市本町２－３－９ ほんまち町屋館内","source":"厚生労働省 食品衛生申請等システム（オープンデータ）","municipality_code":"20208","municipality_pref":"長野県","municipality_name":"小諸市","municipality_code_method":"food_exact_coord"},"geometry":{"type":"Point","coordinates":[138.423367,36.329025]}},{"type":"Feature","properties":{"layer_id":"cafe_restaurant","name":"ねこのや","category":"food","address":"長野県小諸市相生町１－３－１ 小諸ロイヤルビル宮坂食品２Ｆ","source":"厚生労働省 食品衛生申請等システム（オープンデータ）","municipality_code":"20208","municipality_pref":"長野県","municipality_name":"小諸市","municipality_code_method":"food_exact_coord"},"geometry":{"type":"Point","coordinates":[138.422451,36.326968]}},{"type":"Feature","properties":{"layer_id":"cafe_restaurant","name":"マンズワイン株式会社　小諸ワイナリー","category":"food","address":"長野県小諸市諸３７５","source":"厚生労働省 食品衛生申請等システム（オープンデータ）","municipality_code":"20208","municipality_pref":"長野県","municipality_name":"小諸市","municipality_code_method":"food_exact_coord"},"geometry":{"type":"Point","coordinates":[138.41097150000002,36.341809]}},{"type":"Feature","properties":{"layer_id":"cafe_restaurant","name":"ＭＩＣＣＬＥ","category":"food","address":"長野県小諸市相生町３丁目１－６","source":"厚生労働省 食品衛生申請等システム（オープンデータ）","municipality_code":"20208","municipality_pref":"長野県","municipality_name":"小諸市","municipality_code_method":"food_exact_coord"},"geometry":{"type":"Point","coordinates":[138.425288,36.328406]}},{"type":"Feature","properties":{"layer_id":"cafe_restaurant","name":"ユニコーンドーナツカフェプラス","category":"food","address":"長野県小諸市塩野３６３９","source":"厚生労働省 食品衛生申請等システム（オープンデータ）","municipality_code":"20208","municipality_pref":"長野県","municipality_name":"小諸市","municipality_code_method":"food_exact_coord"},"geometry":{"type":"Point","coordinates":[138.476227,36.330098]}},{"type":"Feature","properties":{"layer_id":"cafe_restaurant","name":"佐々木珈琲店","category":"food","address":"長野県小諸市荒町１－４－８","source":"厚生労働省 食品衛生申請等システム（オープンデータ）","municipality_code":"20208","municipality_pref":"長野県","municipality_name":"小諸市","municipality_code_method":"food_exact_coord"},"geometry":{"type":"Point","coordinates":[138.426702,36.32803]}},{"type":"Feature","properties":{"layer_id":"cafe_restaurant","name":"デリカテッセン山吹","category":"food","address":"長野県小諸市荒町１－７－１２","source":"厚生労働省 食品衛生申請等システム（オープンデータ）","municipality_code":"20208","municipality_pref":"長野県","municipality_name":"小諸市","municipality_code_method":"food_exact_coord"},"geometry":{"type":"Point","coordinates":[138.42717,36.326963]}},{"type":"Feature","properties":{"layer_id":"cafe_restaurant","name":"こうじや商店","category":"food","address":"長野県小諸市御影新田１７７６－１","source":"厚生労働省 食品衛生申請等システム（オープンデータ）","municipality_code":"20208","municipality_pref":"長野県","municipality_name":"小諸市","municipality_code_method":"food_exact_coord"},"geometry":{"type":"Point","coordinates":[138.462895,36.305069]}},{"type":"Feature","properties":{"layer_id":"cafe_restaurant","name":"彩本堂","category":"food","address":"長野県小諸市荒町２丁目５番３号","source":"厚生労働省 食品衛生申請等システム（オープンデータ）","municipality_code":"20208","municipality_pref":"長野県","municipality_name":"小諸市","municipality_code_method":"food_exact_coord"},"geometry":{"type":"Point","coordinates":[138.429457,36.32539]}},{"type":"Feature","properties":{"layer_id":"cafe_restaurant","name":"nine　nine　wine","category":"food","address":"長野県小諸市市４９２","source":"厚生労働省 食品衛生申請等システム（オープンデータ）","municipality_code":"20208","municipality_pref":"長野県","municipality_name":"小諸市","municipality_code_method":"food_exact_coord"},"geometry":{"type":"Point","coordinates":[138.443186,36.285833]}},{"type":"Feature","properties":{"layer_id":"cafe_restaurant","name":"金桝屋製パン","category":"food","address":"長野県小諸市新町１－４－２９","source":"厚生労働省 食品衛生申請等システム（オープンデータ）","municipality_code":"20208","municipality_pref":"長野県","municipality_name":"小諸市","municipality_code_method":"food_exact_coord"},"geometry":{"type":"Point","coordinates":[138.415761,36.332236]}},{"type":"Feature","properties":{"layer_id":"cafe_restaurant","name":"ジェラートのちるちる","category":"food","address":"長野県小諸市滋野甲４１５－１","source":"厚生労働省 食品衛生申請等システム（オープンデータ）","municipality_code":"20208","municipality_pref":"長野県","municipality_name":"小諸市","municipality_code_method":"food_exact_coord"},"geometry":{"type":"Point","coordinates":[138.397889,36.352049]}},{"type":"Feature","properties":{"layer_id":"cafe_restaurant","name":"邑楽屋商事（株）","category":"food","address":"長野県小諸市南町２－２－１","source":"厚生労働省 食品衛生申請等システム（オープンデータ）","municipality_code":"20208","municipality_pref":"長野県","municipality_name":"小諸市","municipality_code_method":"food_exact_coord"},"geometry":{"type":"Point","coordinates":[138.427092,36.323415]}},{"type":"Feature","properties":{"layer_id":"cafe_restaurant","name":"信州味噌ラーメン　山吹","category":"food","address":"長野県小諸市荒町一丁目７番１１号","source":"厚生労働省 食品衛生申請等システム（オープンデータ）","municipality_code":"20208","municipality_pref":"長野県","municipality_name":"小諸市","municipality_code_method":"food_exact_coord"},"geometry":{"type":"Point","coordinates":[138.427353,36.327189]}},{"type":"Feature","properties":{"layer_id":"cafe_restaurant","name":"旅籠　つるやホテル","category":"food","address":"長野県小諸市本町３－２－１９","source":"厚生労働省 食品衛生申請等システム（オープンデータ）","municipality_code":"20208","municipality_pref":"長野県","municipality_name":"小諸市","municipality_code_method":"food_exact_coord"},"geometry":{"type":"Point","coordinates":[138.425542,36.329441]}},{"type":"Feature","properties":{"layer_id":"cafe_restaurant","name":"HOTEL　BALS　RESORT","category":"food","address":"長野県小諸市大字西原字若宮８９番地１","source":"厚生労働省 食品衛生申請等システム（オープンデータ）","municipality_code":"20208","municipality_pref":"長野県","municipality_name":"小諸市","municipality_code_method":"food_exact_coord"},"geometry":{"type":"Point","coordinates":[138.401314,36.343386]}},{"type":"Feature","properties":{"layer_id":"cafe_restaurant","name":"焼肉の家　マルコポーロ小諸店","category":"food","address":"長野県小諸市諸１１１－５","source":"厚生労働省 食品衛生申請等システム（オープンデータ）","municipality_code":"20208","municipality_pref":"長野県","municipality_name":"小諸市","municipality_code_method":"food_exact_coord"},"geometry":{"type":"Point","coordinates":[138.417205,36.3371]}},{"type":"Feature","properties":{"layer_id":"cafe_restaurant","name":"安藤百福記念　アウトドア　アクティビティセンター","category":"food","address":"長野県小諸市大久保馬場１１００","source":"厚生労働省 食品衛生申請等システム（オープンデータ）","municipality_code":"20208","municipality_pref":"長野県","municipality_name":"小諸市","municipality_code_method":"food_exact_coord"},"geometry":{"type":"Point","coordinates":[138.393828,36.324472]}},{"type":"Feature","properties":{"layer_id":"cafe_restaurant","name":"カネマン　田村屋","category":"food","address":"長野県小諸市大字森山７３９番地","source":"厚生労働省 食品衛生申請等システム（オープンデータ）","municipality_code":"20208","municipality_pref":"長野県","municipality_name":"小諸市","municipality_code_method":"food_exact_coord"},"geometry":{"type":"Point","coordinates":[138.436689,36.298858]}},{"type":"Feature","properties":{"layer_id":"cafe_restaurant","name":"餃子の店　龍苑","category":"food","address":"長野県小諸市乙６３９－１０","source":"厚生労働省 食品衛生申請等システム（オープンデータ）","municipality_code":"20208","municipality_pref":"長野県","municipality_name":"小諸市","municipality_code_method":"food_exact_coord"},"geometry":{"type":"Point","coordinates":[138.428219,36.332885]}},{"type":"Feature","properties":{"layer_id":"cafe_restaurant","name":"こもろ布引いちご園加工部","category":"food","address":"長野県小諸市大久保１１７３－１","source":"厚生労働省 食品衛生申請等システム（オープンデータ）","municipality_code":"20208","municipality_pref":"長野県","municipality_name":"小諸市","municipality_code_method":"food_exact_coord"},"geometry":{"type":"Point","coordinates":[138.398689,36.32448]}},{"type":"Feature","properties":{"layer_id":"cafe_restaurant","name":"ベリーアイ水野直営店　コッペリー","category":"food","address":"長野県小諸市山浦５３７４－１３１","source":"厚生労働省 食品衛生申請等システム（オープンデータ）","municipality_code":"20208","municipality_pref":"長野県","municipality_name":"小諸市","municipality_code_method":"food_exact_coord"},"geometry":{"type":"Point","coordinates":[138.393906,36.307349]}},{"type":"Feature","properties":{"layer_id":"cafe_restaurant","name":"STARRACE　KOMORO（レストラン棟）","category":"food","address":"長野県小諸市諸１６３－４","source":"厚生労働省 食品衛生申請等システム（オープンデータ）","municipality_code":"20208","municipality_pref":"長野県","municipality_name":"小諸市","municipality_code_method":"food_exact_coord"},"geometry":{"type":"Point","coordinates":[138.416288,36.340735]}},{"type":"Feature","properties":{"layer_id":"cafe_restaurant","name":"STARRACE　KOMORO（ワイナリー棟）","category":"food","address":"長野県小諸市菱平２７８８－１","source":"厚生労働省 食品衛生申請等システム（オープンデータ）","municipality_code":"20208","municipality_pref":"長野県","municipality_name":"小諸市","municipality_code_method":"food_exact_coord"},"geometry":{"type":"Point","coordinates":[138.443752,36.363608]}},{"type":"Feature","properties":{"layer_id":"cafe_restaurant","name":"STARRACE　KOMORO","category":"food","address":"長野県小諸市諸東房１５１－１","source":"厚生労働省 食品衛生申請等システム（オープンデータ）","municipality_code":"20208","municipality_pref":"長野県","municipality_name":"小諸市","municipality_code_method":"food_exact_coord"},"geometry":{"type":"Point","coordinates":[138.416288,36.340735]}},{"type":"Feature","properties":{"layer_id":"cafe_restaurant","name":"STARRACE　KOMORO","category":"food","address":"長野県小諸市諸東房１５１－１","source":"厚生労働省 食品衛生申請等システム（オープンデータ）","municipality_code":"20208","municipality_pref":"長野県","municipality_name":"小諸市","municipality_code_method":"food_exact_coord"},"geometry":{"type":"Point","coordinates":[138.416288,36.340735]}},{"type":"Feature","properties":{"layer_id":"cafe_restaurant","name":"STARRACE　KOMORO","category":"food","address":"長野県小諸市諸東房１５１－１","source":"厚生労働省 食品衛生申請等システム（オープンデータ）","municipality_code":"20208","municipality_pref":"長野県","municipality_name":"小諸市","municipality_code_method":"food_exact_coord"},"geometry":{"type":"Point","coordinates":[138.416288,36.340735]}},{"type":"Feature","properties":{"layer_id":"cafe_restaurant","name":"リストランテ　イリス","category":"food","address":"長野県小諸市市６７６－１４","source":"厚生労働省 食品衛生申請等システム（オープンデータ）","municipality_code":"20208","municipality_pref":"長野県","municipality_name":"小諸市","municipality_code_method":"food_exact_coord"},"geometry":{"type":"Point","coordinates":[138.443966,36.29165]}},{"type":"Feature","properties":{"layer_id":"cafe_restaurant","name":"停車場ガーデン","category":"food","address":"長野県小諸市相生町１－１－９","source":"厚生労働省 食品衛生申請等システム（オープンデータ）","municipality_code":"20208","municipality_pref":"長野県","municipality_name":"小諸市","municipality_code_method":"food_exact_coord"},"geometry":{"type":"Point","coordinates":[138.421534,36.327687]}},{"type":"Feature","properties":{"layer_id":"cafe_restaurant","name":"ハッピーチャッピー","category":"food","address":"長野県小諸市","source":"厚生労働省 食品衛生申請等システム（オープンデータ）","municipality_code":"20208","municipality_pref":"長野県","municipality_name":"小諸市","municipality_code_method":"food_exact_coord"},"geometry":{"type":"Point","coordinates":[138.425825,36.327141]}},{"type":"Feature","properties":{"layer_id":"cafe_restaurant","name":"郷ごころ","category":"food","address":"長野県小諸市森山６６－３","source":"厚生労働省 食品衛生申請等システム（オープンデータ）","municipality_code":"20208","municipality_pref":"長野県","municipality_name":"小諸市","municipality_code_method":"food_exact_coord"},"geometry":{"type":"Point","coordinates":[138.448327,36.303772]}},{"type":"Feature","properties":{"layer_id":"cafe_restaurant","name":"Ｅ’ｃｕｖｅ　こもろ","category":"food","address":"長野県小諸市相生町１－１－１ しなの鉄道小諸駅内","source":"厚生労働省 食品衛生申請等システム（オープンデータ）","municipality_code":"20208","municipality_pref":"長野県","municipality_name":"小諸市","municipality_code_method":"food_exact_coord"},"geometry":{"type":"Point","coordinates":[138.421844,36.32703]}},{"type":"Feature","properties":{"layer_id":"cafe_restaurant","name":"ガーディアン","category":"food","address":"長野県小諸市御影新田１９４９－２","source":"厚生労働省 食品衛生申請等システム（オープンデータ）","municipality_code":"20208","municipality_pref":"長野県","municipality_name":"小諸市","municipality_code_method":"food_exact_coord"},"geometry":{"type":"Point","coordinates":[138.454868,36.303575]}},{"type":"Feature","properties":{"layer_id":"cafe_restaurant","name":"Ｂａｒ　Ｚｉｚｚ","category":"food","address":"長野県小諸市与良町２－５－１９","source":"厚生労働省 食品衛生申請等システム（オープンデータ）","municipality_code":"20208","municipality_pref":"長野県","municipality_name":"小諸市","municipality_code_method":"food_exact_coord"},"geometry":{"type":"Point","coordinates":[138.432207,36.324265]}},{"type":"Feature","properties":{"layer_id":"cafe_restaurant","name":"小諸駅前停車場ガーデン、せせらぎの丘","category":"food","address":"長野県小諸市乙６５６番地２５","source":"厚生労働省 食品衛生申請等システム（オープンデータ）","municipality_code":"20208","municipality_pref":"長野県","municipality_name":"小諸市","municipality_code_method":"food_exact_coord"},"geometry":{"type":"Point","coordinates":[138.430623,36.333503]}},{"type":"Feature","properties":{"layer_id":"cafe_restaurant","name":"小諸蒸留所　１F","category":"food","address":"長野県小諸市甲字軽石４６３０－１","source":"厚生労働省 食品衛生申請等システム（オープンデータ）","municipality_code":"20208","municipality_pref":"長野県","municipality_name":"小諸市","municipality_code_method":"food_exact_coord"},"geometry":{"type":"Point","coordinates":[138.444437,36.345093]}},{"type":"Feature","properties":{"layer_id":"cafe_restaurant","name":"小諸蒸留所　２F","category":"food","address":"長野県小諸市甲字軽石４６３０－１","source":"厚生労働省 食品衛生申請等システム（オープンデータ）","municipality_code":"20208","municipality_pref":"長野県","municipality_name":"小諸市","municipality_code_method":"food_exact_coord"},"geometry":{"type":"Point","coordinates":[138.444437,36.345093]}},{"type":"Feature","properties":{"layer_id":"cafe_restaurant","name":"小諸蒸留所　熟成庫","category":"food","address":"長野県小諸市甲字軽石４６３０－１","source":"厚生労働省 食品衛生申請等システム（オープンデータ）","municipality_code":"20208","municipality_pref":"長野県","municipality_name":"小諸市","municipality_code_method":"food_exact_coord"},"geometry":{"type":"Point","coordinates":[138.444437,36.345093]}},{"type":"Feature","properties":{"layer_id":"cafe_restaurant","name":"ケンタッキーフライドチキン　小諸店","category":"food","address":"長野県小諸市三和１丁目３０４４－１","source":"厚生労働省 食品衛生申請等システム（オープンデータ）","municipality_code":"20208","municipality_pref":"長野県","municipality_name":"小諸市","municipality_code_method":"food_exact_coord"},"geometry":{"type":"Point","coordinates":[138.430447,36.331091]}},{"type":"Feature","properties":{"layer_id":"cafe_restaurant","name":"Ｃａｆｅ　風鈴","category":"food","address":"長野県小諸市己１１２－２","source":"厚生労働省 食品衛生申請等システム（オープンデータ）","municipality_code":"20208","municipality_pref":"長野県","municipality_name":"小諸市","municipality_code_method":"food_exact_coord"},"geometry":{"type":"Point","coordinates":[138.481224,36.390705]}},{"type":"Feature","properties":{"layer_id":"cafe_restaurant","name":"パンプキンズコーポレーション　花岡ＬＣ内厨房","category":"food","address":"長野県小諸市市町５－４－１６","source":"厚生労働省 食品衛生申請等システム（オープンデータ）","municipality_code":"20208","municipality_pref":"長野県","municipality_name":"小諸市","municipality_code_method":"food_exact_coord"},"geometry":{"type":"Point","coordinates":[138.414903,36.336441]}},{"type":"Feature","properties":{"layer_id":"cafe_restaurant","name":"居酒屋　いろり","category":"food","address":"長野県小諸市相生町１－２－４","source":"厚生労働省 食品衛生申請等システム（オープンデータ）","municipality_code":"20208","municipality_pref":"長野県","municipality_name":"小諸市","municipality_code_method":"food_exact_coord"},"geometry":{"type":"Point","coordinates":[138.422314,36.32742]}},{"type":"Feature","properties":{"layer_id":"cafe_restaurant","name":"北国街道　ほんまち　町屋館","category":"food","address":"長野県小諸市本町２－２－９","source":"厚生労働省 食品衛生申請等システム（オープンデータ）","municipality_code":"20208","municipality_pref":"長野県","municipality_name":"小諸市","municipality_code_method":"food_exact_coord"},"geometry":{"type":"Point","coordinates":[138.423465,36.329436]}},{"type":"Feature","properties":{"layer_id":"cafe_restaurant","name":"中棚荘","category":"food","address":"長野県小諸市乙１２１０番地","source":"厚生労働省 食品衛生申請等システム（オープンデータ）","municipality_code":"20208","municipality_pref":"長野県","municipality_name":"小諸市","municipality_code_method":"food_exact_coord"},"geometry":{"type":"Point","coordinates":[138.417309,36.322664]}},{"type":"Feature","properties":{"layer_id":"cafe_restaurant","name":"居酒屋　酔心","category":"food","address":"長野県小諸市大手２－１－１７","source":"厚生労働省 食品衛生申請等システム（オープンデータ）","municipality_code":"20208","municipality_pref":"長野県","municipality_name":"小諸市","municipality_code_method":"food_exact_coord"},"geometry":{"type":"Point","coordinates":[138.42266,36.328618]}},{"type":"Feature","properties":{"layer_id":"cafe_restaurant","name":"あじと","category":"food","address":"長野県小諸市大手２－１－５　２階","source":"厚生労働省 食品衛生申請等システム（オープンデータ）","municipality_code":"20208","municipality_pref":"長野県","municipality_name":"小諸市","municipality_code_method":"food_exact_coord"},"geometry":{"type":"Point","coordinates":[138.423495,36.327975]}},{"type":"Feature","properties":{"layer_id":"cafe_restaurant","name":"ＣＡＴ’Ｓ　ＥＹＥ","category":"food","address":"長野県小諸市相生町２－２－２５","source":"厚生労働省 食品衛生申請等システム（オープンデータ）","municipality_code":"20208","municipality_pref":"長野県","municipality_name":"小諸市","municipality_code_method":"food_exact_coord"},"geometry":{"type":"Point","coordinates":[138.423601,36.327121]}},{"type":"Feature","properties":{"layer_id":"cafe_restaurant","name":"浅間寿司","category":"food","address":"長野県小諸市甲東原田１６４９－６ 西友　小諸小原店内","source":"厚生労働省 食品衛生申請等システム（オープンデータ）","municipality_code":"20208","municipality_pref":"長野県","municipality_name":"小諸市","municipality_code_method":"food_exact_coord"},"geometry":{"type":"Point","coordinates":[138.403661,36.338067]}},{"type":"Feature","properties":{"layer_id":"cafe_restaurant","name":"中吉","category":"food","address":"長野県小諸市与良町４－１－５","source":"厚生労働省 食品衛生申請等システム（オープンデータ）","municipality_code":"20208","municipality_pref":"長野県","municipality_name":"小諸市","municipality_code_method":"food_exact_coord"},"geometry":{"type":"Point","coordinates":[138.431841,36.322582]}},{"type":"Feature","properties":{"layer_id":"cafe_restaurant","name":"クレッセント","category":"food","address":"長野県小諸市市６７７－３","source":"厚生労働省 食品衛生申請等システム（オープンデータ）","municipality_code":"20208","municipality_pref":"長野県","municipality_name":"小諸市","municipality_code_method":"food_exact_coord"},"geometry":{"type":"Point","coordinates":[138.443704,36.292067]}},{"type":"Feature","properties":{"layer_id":"cafe_restaurant","name":"食堂　マモー","category":"food","address":"長野県小諸市大手１－２－１","source":"厚生労働省 食品衛生申請等システム（オープンデータ）","municipality_code":"20208","municipality_pref":"長野県","municipality_name":"小諸市","municipality_code_method":"food_exact_coord"},"geometry":{"type":"Point","coordinates":[138.422412,36.327689]}},{"type":"Feature","properties":{"layer_id":"cafe_restaurant","name":"麦の家","category":"food","address":"長野県小諸市塩野南ケ原４１０７－４７","source":"厚生労働省 食品衛生申請等システム（オープンデータ）","municipality_code":"20208","municipality_pref":"長野県","municipality_name":"小諸市","municipality_code_method":"food_exact_coord"},"geometry":{"type":"Point","coordinates":[138.469673,36.34393]}},{"type":"Feature","properties":{"layer_id":"cafe_restaurant","name":"地域交流スペースのぞみ食堂","category":"food","address":"長野県小諸市大字和田９６６番地１５１","source":"厚生労働省 食品衛生申請等システム（オープンデータ）","municipality_code":"20208","municipality_pref":"長野県","municipality_name":"小諸市","municipality_code_method":"food_exact_coord"},"geometry":{"type":"Point","coordinates":[138.461665,36.296969]}},{"type":"Feature","properties":{"layer_id":"cafe_restaurant","name":"ピザカルフォルニア　小諸・御代田店","category":"food","address":"長野県小諸市甲１３－１－１　佐藤油脂ビル","source":"厚生労働省 食品衛生申請等システム（オープンデータ）","municipality_code":"20208","municipality_pref":"長野県","municipality_name":"小諸市","municipality_code_method":"food_exact_coord"},"geometry":{"type":"Point","coordinates":[138.443199,36.310452]}},{"type":"Feature","properties":{"layer_id":"cafe_restaurant","name":"イタリアンキッチン　ローリエ","category":"food","address":"長野県小諸市本町２丁目１－１","source":"厚生労働省 食品衛生申請等システム（オープンデータ）","municipality_code":"20208","municipality_pref":"長野県","municipality_name":"小諸市","municipality_code_method":"food_exact_coord"},"geometry":{"type":"Point","coordinates":[138.422236,36.329566]}},{"type":"Feature","properties":{"layer_id":"cafe_restaurant","name":"手打ちら～めん　まるはち","category":"food","address":"長野県小諸市大字和田８３８－６","source":"厚生労働省 食品衛生申請等システム（オープンデータ）","municipality_code":"20208","municipality_pref":"長野県","municipality_name":"小諸市","municipality_code_method":"food_exact_coord"},"geometry":{"type":"Point","coordinates":[138.46145,36.295665]}},{"type":"Feature","properties":{"layer_id":"cafe_restaurant","name":"浅間高原農場　小諸ファーム","category":"food","address":"長野県小諸市甲字田代４４５２－３","source":"厚生労働省 食品衛生申請等システム（オープンデータ）","municipality_code":"20208","municipality_pref":"長野県","municipality_name":"小諸市","municipality_code_method":"food_exact_coord"},"geometry":{"type":"Point","coordinates":[138.463734,36.390054]}},{"type":"Feature","properties":{"layer_id":"cafe_restaurant","name":"ＴＳＵＧＵＭＯＲＩ　Ｃａｆｅ","category":"food","address":"長野県小諸市柏木１３８９","source":"厚生労働省 食品衛生申請等システム（オープンデータ）","municipality_code":"20208","municipality_pref":"長野県","municipality_name":"小諸市","municipality_code_method":"food_exact_coord"},"geometry":{"type":"Point","coordinates":[138.459205,36.337931]}},{"type":"Feature","properties":{"layer_id":"cafe_restaurant","name":"ちゃん家","category":"food","address":"長野県小諸市古城１－４－４５","source":"厚生労働省 食品衛生申請等システム（オープンデータ）","municipality_code":"20208","municipality_pref":"長野県","municipality_name":"小諸市","municipality_code_method":"food_exact_coord"},"geometry":{"type":"Point","coordinates":[138.418492,36.328718]}},{"type":"Feature","properties":{"layer_id":"cafe_restaurant","name":"酒場ライマ","category":"food","address":"長野県小諸市相生町一丁目２番１４号　辻ビル２Ｆ","source":"厚生労働省 食品衛生申請等システム（オープンデータ）","municipality_code":"20208","municipality_pref":"長野県","municipality_name":"小諸市","municipality_code_method":"food_exact_coord"},"geometry":{"type":"Point","coordinates":[138.425825,36.327141]}},{"type":"Feature","properties":{"layer_id":"cafe_restaurant","name":"酒場ライマ","category":"food","address":"長野県小諸市菱平１８１８","source":"厚生労働省 食品衛生申請等システム（オープンデータ）","municipality_code":"20208","municipality_pref":"長野県","municipality_name":"小諸市","municipality_code_method":"food_exact_coord"},"geometry":{"type":"Point","coordinates":[138.430701,36.354692]}},{"type":"Feature","properties":{"layer_id":"cafe_restaurant","name":"原田そば本店","category":"food","address":"長野県小諸市相生町２－２－１","source":"厚生労働省 食品衛生申請等システム（オープンデータ）","municipality_code":"20208","municipality_pref":"長野県","municipality_name":"小諸市","municipality_code_method":"food_exact_coord"},"geometry":{"type":"Point","coordinates":[138.423586,36.327381]}},{"type":"Feature","properties":{"layer_id":"cafe_restaurant","name":"ひよこ商店","category":"food","address":"長野県小諸市和田８１１－１","source":"厚生労働省 食品衛生申請等システム（オープンデータ）","municipality_code":"20208","municipality_pref":"長野県","municipality_name":"小諸市","municipality_code_method":"food_exact_coord"},"geometry":{"type":"Point","coordinates":[138.458055,36.293667]}},{"type":"Feature","properties":{"layer_id":"cafe_restaurant","name":"KOMOROBI　Athletic＆Camp　コモロビカフェ","category":"food","address":"長野県小諸市甲４７１７","source":"厚生労働省 食品衛生申請等システム（オープンデータ）","municipality_code":"20208","municipality_pref":"長野県","municipality_name":"小諸市","municipality_code_method":"food_exact_coord"},"geometry":{"type":"Point","coordinates":[138.440183,36.346081]}},{"type":"Feature","properties":{"layer_id":"cafe_restaurant","name":"ｐｉｇ　ｐｉｇ","category":"food","address":"長野県小諸市赤坂２－２－５","source":"厚生労働省 食品衛生申請等システム（オープンデータ）","municipality_code":"20208","municipality_pref":"長野県","municipality_name":"小諸市","municipality_code_method":"food_exact_coord"},"geometry":{"type":"Point","coordinates":[138.423143,36.324176]}},{"type":"Feature","properties":{"layer_id":"cafe_restaurant","name":"ｐｉｇ　ｐｉｇ","category":"food","address":"長野県小諸市赤坂２－２－５","source":"厚生労働省 食品衛生申請等システム（オープンデータ）","municipality_code":"20208","municipality_pref":"長野県","municipality_name":"小諸市","municipality_code_method":"food_exact_coord"},"geometry":{"type":"Point","coordinates":[138.423143,36.324176]}},{"type":"Feature","properties":{"layer_id":"cafe_restaurant","name":"ｐｉｇ　ｐｉｇ","category":"food","address":"長野県小諸市赤坂２－２－５","source":"厚生労働省 食品衛生申請等システム（オープンデータ）","municipality_code":"20208","municipality_pref":"長野県","municipality_name":"小諸市","municipality_code_method":"food_exact_coord"},"geometry":{"type":"Point","coordinates":[138.423143,36.324176]}},{"type":"Feature","properties":{"layer_id":"cafe_restaurant","name":"ＵP　Ｓｔａｒ","category":"food","address":"長野県小諸市丙１０２０－３","source":"厚生労働省 食品衛生申請等システム（オープンデータ）","municipality_code":"20208","municipality_pref":"長野県","municipality_name":"小諸市","municipality_code_method":"food_exact_coord"},"geometry":{"type":"Point","coordinates":[138.405827,36.327132]}},{"type":"Feature","properties":{"layer_id":"cafe_restaurant","name":"ＵP　Ｓｔａｒ","category":"food","address":"長野県小諸市丙１０２０－３","source":"厚生労働省 食品衛生申請等システム（オープンデータ）","municipality_code":"20208","municipality_pref":"長野県","municipality_name":"小諸市","municipality_code_method":"food_exact_coord"},"geometry":{"type":"Point","coordinates":[138.405827,36.327132]}},{"type":"Feature","properties":{"layer_id":"cafe_restaurant","name":"ＵP　Ｓｔａｒ","category":"food","address":"長野県小諸市丙１０２０－３","source":"厚生労働省 食品衛生申請等システム（オープンデータ）","municipality_code":"20208","municipality_pref":"長野県","municipality_name":"小諸市","municipality_code_method":"food_exact_coord"},"geometry":{"type":"Point","coordinates":[138.405827,36.327132]}},{"type":"Feature","properties":{"layer_id":"cafe_restaurant","name":"マル志","category":"food","address":"長野県小諸市","source":"厚生労働省 食品衛生申請等システム（オープンデータ）","municipality_code":"20208","municipality_pref":"長野県","municipality_name":"小諸市","municipality_code_method":"food_exact_coord"},"geometry":{"type":"Point","coordinates":[138.425825,36.327141]}},{"type":"Feature","properties":{"layer_id":"cafe_restaurant","name":"マル志","category":"food","address":"長野県小諸市相生町２－１－１０","source":"厚生労働省 食品衛生申請等システム（オープンデータ）","municipality_code":"20208","municipality_pref":"長野県","municipality_name":"小諸市","municipality_code_method":"food_exact_coord"},"geometry":{"type":"Point","coordinates":[138.421294,36.331126]}},{"type":"Feature","properties":{"layer_id":"cafe_restaurant","name":"ｃａｆｅ'　ももちゃんチ","category":"food","address":"長野県小諸市塩野３８７６－６","source":"厚生労働省 食品衛生申請等システム（オープンデータ）","municipality_code":"20208","municipality_pref":"長野県","municipality_name":"小諸市","municipality_code_method":"food_exact_coord"},"geometry":{"type":"Point","coordinates":[138.474165,36.349537]}},{"type":"Feature","properties":{"layer_id":"cafe_restaurant","name":"夢ハーベスト農場（露店）","category":"food","address":"長野県小諸市八満２１５７－２","source":"厚生労働省 食品衛生申請等システム（オープンデータ）","municipality_code":"20208","municipality_pref":"長野県","municipality_name":"小諸市","municipality_code_method":"food_exact_coord"},"geometry":{"type":"Point","coordinates":[138.468786,36.342252]}},{"type":"Feature","properties":{"layer_id":"cafe_restaurant","name":"獨協大学　日新寮内　ＧＨＦＳ","category":"food","address":"長野県小諸市菱平下小姓５９５","source":"厚生労働省 食品衛生申請等システム（オープンデータ）","municipality_code":"20208","municipality_pref":"長野県","municipality_name":"小諸市","municipality_code_method":"food_exact_coord"},"geometry":{"type":"Point","coordinates":[138.443752,36.363608]}},{"type":"Feature","properties":{"layer_id":"cafe_restaurant","name":"スパイスカリー　C's Curry","category":"food","address":"長野県小諸市柏木121番地10","source":"厚生労働省 食品衛生申請等システム（オープンデータ）","municipality_code":"20208","municipality_pref":"長野県","municipality_name":"小諸市","municipality_code_method":"food_exact_coord"},"geometry":{"type":"Point","coordinates":[138.451244,36.324037]}},{"type":"Feature","properties":{"layer_id":"cafe_restaurant","name":"C's Curry","category":"food","address":"長野県小諸市柏木１２１番地１","source":"厚生労働省 食品衛生申請等システム（オープンデータ）","municipality_code":"20208","municipality_pref":"長野県","municipality_name":"小諸市","municipality_code_method":"food_exact_coord"},"geometry":{"type":"Point","coordinates":[138.447852,36.309555]}},{"type":"Feature","properties":{"layer_id":"cafe_restaurant","name":"（株）かのを屋","category":"food","address":"長野県小諸市大字山浦１８－１","source":"厚生労働省 食品衛生申請等システム（オープンデータ）","municipality_code":"20208","municipality_pref":"長野県","municipality_name":"小諸市","municipality_code_method":"food_exact_coord"},"geometry":{"type":"Point","coordinates":[138.419983,36.292817]}},{"type":"Feature","properties":{"layer_id":"cafe_restaurant","name":"お食事処のなか","category":"food","address":"長野県小諸市和田８６５－３","source":"厚生労働省 食品衛生申請等システム（オープンデータ）","municipality_code":"20208","municipality_pref":"長野県","municipality_name":"小諸市","municipality_code_method":"food_exact_coord"},"geometry":{"type":"Point","coordinates":[138.459772,36.293267]}},{"type":"Feature","properties":{"layer_id":"cafe_restaurant","name":"（一社）こもろ観光局","category":"food","address":"長野県小諸市大手一丁目６番１６号","source":"厚生労働省 食品衛生申請等システム（オープンデータ）","municipality_code":"20208","municipality_pref":"長野県","municipality_name":"小諸市","municipality_code_method":"food_exact_coord"},"geometry":{"type":"Point","coordinates":[138.421355,36.327991]}},{"type":"Feature","properties":{"layer_id":"cafe_restaurant","name":"白","category":"food","address":"長野県小諸市大手１丁目４－４","source":"厚生労働省 食品衛生申請等システム（オープンデータ）","municipality_code":"20208","municipality_pref":"長野県","municipality_name":"小諸市","municipality_code_method":"food_exact_coord"},"geometry":{"type":"Point","coordinates":[138.422353,36.328139]}},{"type":"Feature","properties":{"layer_id":"cafe_restaurant","name":"高峰高原ホテル","category":"food","address":"長野県小諸市菱平高峰国有林７０４","source":"厚生労働省 食品衛生申請等システム（オープンデータ）","municipality_code":"20208","municipality_pref":"長野県","municipality_name":"小諸市","municipality_code_method":"food_exact_coord"},"geometry":{"type":"Point","coordinates":[138.439238,36.368159]}},{"type":"Feature","properties":{"layer_id":"cafe_restaurant","name":"ｃｌｕｂ　ｇｌｉｔｔｅｒ","category":"food","address":"長野県小諸市相生町１丁目３－７　小諸中央一番館ビル２Ｆ","source":"厚生労働省 食品衛生申請等システム（オープンデータ）","municipality_code":"20208","municipality_pref":"長野県","municipality_name":"小諸市","municipality_code_method":"food_exact_coord"},"geometry":{"type":"Point","coordinates":[138.423946,36.327996]}},{"type":"Feature","properties":{"layer_id":"cafe_restaurant","name":"セブンイレブン　小諸耳取店","category":"food","address":"長野県小諸市大字耳取３７３－３","source":"厚生労働省 食品衛生申請等システム（オープンデータ）","municipality_code":"20208","municipality_pref":"長野県","municipality_name":"小諸市","municipality_code_method":"food_exact_coord"},"geometry":{"type":"Point","coordinates":[138.439449,36.293314]}},{"type":"Feature","properties":{"layer_id":"cafe_restaurant","name":"ナパキッチンカー","category":"food","address":"長野県小諸市八幡町１丁目２番８号","source":"厚生労働省 食品衛生申請等システム（オープンデータ）","municipality_code":"20208","municipality_pref":"長野県","municipality_name":"小諸市","municipality_code_method":"food_exact_coord"},"geometry":{"type":"Point","coordinates":[138.4289,36.326252]}},{"type":"Feature","properties":{"layer_id":"cafe_restaurant","name":"getta wines","category":"food","address":"長野県小諸市滋野甲1647-1","source":"厚生労働省 食品衛生申請等システム（オープンデータ）","municipality_code":"20208","municipality_pref":"長野県","municipality_name":"小諸市","municipality_code_method":"food_exact_coord"},"geometry":{"type":"Point","coordinates":[138.392093,36.334085]}},{"type":"Feature","properties":{"layer_id":"cafe_restaurant","name":"望山ガーデン","category":"food","address":"長野県小諸市己１０４番地２","source":"厚生労働省 食品衛生申請等システム（オープンデータ）","municipality_code":"20208","municipality_pref":"長野県","municipality_name":"小諸市","municipality_code_method":"food_exact_coord"},"geometry":{"type":"Point","coordinates":[138.450201,36.352135]}},{"type":"Feature","properties":{"layer_id":"cafe_restaurant","name":"カラベラ","category":"food","address":"長野県小諸市本町３丁目１－３","source":"厚生労働省 食品衛生申請等システム（オープンデータ）","municipality_code":"20208","municipality_pref":"長野県","municipality_name":"小諸市","municipality_code_method":"food_exact_coord"},"geometry":{"type":"Point","coordinates":[138.424615,36.329097]}},{"type":"Feature","properties":{"layer_id":"cafe_restaurant","name":"小諸高原病院","category":"food","address":"長野県小諸市甲４５９８","source":"厚生労働省 食品衛生申請等システム（オープンデータ）","municipality_code":"20208","municipality_pref":"長野県","municipality_name":"小諸市","municipality_code_method":"food_exact_coord"},"geometry":{"type":"Point","coordinates":[138.452529,36.347658]}},{"type":"Feature","properties":{"layer_id":"cafe_restaurant","name":"有限会社松井農園","category":"food","address":"長野県小諸市甲４３８５","source":"厚生労働省 食品衛生申請等システム（オープンデータ）","municipality_code":"20208","municipality_pref":"長野県","municipality_name":"小諸市","municipality_code_method":"food_exact_coord"},"geometry":{"type":"Point","coordinates":[138.444649,36.339]}},{"type":"Feature","properties":{"layer_id":"cafe_restaurant","name":"そば蔵　丁子庵","category":"food","address":"長野県小諸市本町２－１－３","source":"厚生労働省 食品衛生申請等システム（オープンデータ）","municipality_code":"20208","municipality_pref":"長野県","municipality_name":"小諸市","municipality_code_method":"food_exact_coord"},"geometry":{"type":"Point","coordinates":[138.422357,36.329922]}},{"type":"Feature","properties":{"layer_id":"cafe_restaurant","name":"CLOVE CAFE","category":"food","address":"長野県小諸市大手1-5-22","source":"厚生労働省 食品衛生申請等システム（オープンデータ）","municipality_code":"20208","municipality_pref":"長野県","municipality_name":"小諸市","municipality_code_method":"food_exact_coord"},"geometry":{"type":"Point","coordinates":[138.42211,36.328482]}},{"type":"Feature","properties":{"layer_id":"cafe_restaurant","name":"空の家　Garden","category":"food","address":"長野県小諸市大字滝原１０９－３","source":"厚生労働省 食品衛生申請等システム（オープンデータ）","municipality_code":"20208","municipality_pref":"長野県","municipality_name":"小諸市","municipality_code_method":"food_exact_coord"},"geometry":{"type":"Point","coordinates":[138.419155,36.352201]}},{"type":"Feature","properties":{"layer_id":"cafe_restaurant","name":"蜃気楼珈琲","category":"food","address":"長野県小諸市大手1-6-8","source":"厚生労働省 食品衛生申請等システム（オープンデータ）","municipality_code":"20208","municipality_pref":"長野県","municipality_name":"小諸市","municipality_code_method":"food_exact_coord"},"geometry":{"type":"Point","coordinates":[138.420923,36.328968]}},{"type":"Feature","properties":{"layer_id":"cafe_restaurant","name":"大地","category":"food","address":"長野県小諸市大手１－４－６　２階　アミューズメント鹿島","source":"厚生労働省 食品衛生申請等システム（オープンデータ）","municipality_code":"20208","municipality_pref":"長野県","municipality_name":"小諸市","municipality_code_method":"food_exact_coord"},"geometry":{"type":"Point","coordinates":[138.421592,36.328643]}},{"type":"Feature","properties":{"layer_id":"cafe_restaurant","name":"紀元会　食堂","category":"food","address":"長野県小諸市東雲７－６－１","source":"厚生労働省 食品衛生申請等システム（オープンデータ）","municipality_code":"20208","municipality_pref":"長野県","municipality_name":"小諸市","municipality_code_method":"food_exact_coord"},"geometry":{"type":"Point","coordinates":[138.437153,36.333839]}},{"type":"Feature","properties":{"layer_id":"cafe_restaurant","name":"喰い処飲み処　いき亭","category":"food","address":"長野県小諸市柏木５３８","source":"厚生労働省 食品衛生申請等システム（オープンデータ）","municipality_code":"20208","municipality_pref":"長野県","municipality_name":"小諸市","municipality_code_method":"food_exact_coord"},"geometry":{"type":"Point","coordinates":[138.453879,36.321231]}},{"type":"Feature","properties":{"layer_id":"cafe_restaurant","name":"すみちゃん","category":"food","address":"長野県小諸市鶴巻１－１－１９","source":"厚生労働省 食品衛生申請等システム（オープンデータ）","municipality_code":"20208","municipality_pref":"長野県","municipality_name":"小諸市","municipality_code_method":"food_exact_coord"},"geometry":{"type":"Point","coordinates":[138.42768,36.324271]}},{"type":"Feature","properties":{"layer_id":"cafe_restaurant","name":"やきとり　街あわせ","category":"food","address":"長野県小諸市加増３－７－１３","source":"厚生労働省 食品衛生申請等システム（オープンデータ）","municipality_code":"20208","municipality_pref":"長野県","municipality_name":"小諸市","municipality_code_method":"food_exact_coord"},"geometry":{"type":"Point","coordinates":[138.441118,36.314462]}},{"type":"Feature","properties":{"layer_id":"cafe_restaurant","name":"ブルーベリーガーデン　黒岩","category":"food","address":"長野県小諸市御影新田９６６－１","source":"厚生労働省 食品衛生申請等システム（オープンデータ）","municipality_code":"20208","municipality_pref":"長野県","municipality_name":"小諸市","municipality_code_method":"food_exact_coord"},"geometry":{"type":"Point","coordinates":[138.478309,36.304593]}},{"type":"Feature","properties":{"layer_id":"cafe_restaurant","name":"中華居酒屋　萬祥酒楼","category":"food","address":"長野県小諸市大手１－３－３ 萬祥第一ビルＢ１階","source":"厚生労働省 食品衛生申請等システム（オープンデータ）","municipality_code":"20208","municipality_pref":"長野県","municipality_name":"小諸市","municipality_code_method":"food_exact_coord"},"geometry":{"type":"Point","coordinates":[138.422493,36.327861]}},{"type":"Feature","properties":{"layer_id":"cafe_restaurant","name":"美桜","category":"food","address":"長野県小諸市大手町１－４－６　１階Ｃ号室","source":"厚生労働省 食品衛生申請等システム（オープンデータ）","municipality_code":"20208","municipality_pref":"長野県","municipality_name":"小諸市","municipality_code_method":"food_exact_coord"},"geometry":{"type":"Point","coordinates":[138.425825,36.327141]}},{"type":"Feature","properties":{"layer_id":"cafe_restaurant","name":"カフェ　ラバス","category":"food","address":"長野県小諸市松井１－２－１０","source":"厚生労働省 食品衛生申請等システム（オープンデータ）","municipality_code":"20208","municipality_pref":"長野県","municipality_name":"小諸市","municipality_code_method":"food_exact_coord"},"geometry":{"type":"Point","coordinates":[138.441509,36.334993]}},{"type":"Feature","properties":{"layer_id":"cafe_restaurant","name":"ａｇｉｌｅ","category":"food","address":"長野県小諸市相生町一丁目３－７　Ｂ１　中央一番館ビル","source":"厚生労働省 食品衛生申請等システム（オープンデータ）","municipality_code":"20208","municipality_pref":"長野県","municipality_name":"小諸市","municipality_code_method":"food_exact_coord"},"geometry":{"type":"Point","coordinates":[138.425825,36.327141]}},{"type":"Feature","properties":{"layer_id":"cafe_restaurant","name":"そば処　江川","category":"food","address":"長野県小諸市大久保２３６５－５３　イトーピア小諸１０５３","source":"厚生労働省 食品衛生申請等システム（オープンデータ）","municipality_code":"20208","municipality_pref":"長野県","municipality_name":"小諸市","municipality_code_method":"food_exact_coord"},"geometry":{"type":"Point","coordinates":[138.374438,36.321358]}},{"type":"Feature","properties":{"layer_id":"cafe_restaurant","name":"（有）金寿し","category":"food","address":"長野県小諸市鶴巻２－２－２３","source":"厚生労働省 食品衛生申請等システム（オープンデータ）","municipality_code":"20208","municipality_pref":"長野県","municipality_name":"小諸市","municipality_code_method":"food_exact_coord"},"geometry":{"type":"Point","coordinates":[138.429246,36.323685]}},{"type":"Feature","properties":{"layer_id":"cafe_restaurant","name":"浅間食堂","category":"food","address":"長野県小諸市和田８６２－９","source":"厚生労働省 食品衛生申請等システム（オープンデータ）","municipality_code":"20208","municipality_pref":"長野県","municipality_name":"小諸市","municipality_code_method":"food_exact_coord"},"geometry":{"type":"Point","coordinates":[138.460277,36.293324]}},{"type":"Feature","properties":{"layer_id":"cafe_restaurant","name":"長野県小諸養護学校","category":"food","address":"長野県小諸市中原８２４－３","source":"厚生労働省 食品衛生申請等システム（オープンデータ）","municipality_code":"20208","municipality_pref":"長野県","municipality_name":"小諸市","municipality_code_method":"food_exact_coord"},"geometry":{"type":"Point","coordinates":[138.425825,36.327141]}},{"type":"Feature","properties":{"layer_id":"cafe_restaurant","name":"ちょい呑み　ター坊","category":"food","address":"長野県小諸市田町１－３－１０","source":"厚生労働省 食品衛生申請等システム（オープンデータ）","municipality_code":"20208","municipality_pref":"長野県","municipality_name":"小諸市","municipality_code_method":"food_exact_coord"},"geometry":{"type":"Point","coordinates":[138.422811,36.331241]}},{"type":"Feature","properties":{"layer_id":"cafe_restaurant","name":"ローソン小諸乙女","category":"food","address":"長野県小諸市乙女９－１２","source":"厚生労働省 食品衛生申請等システム（オープンデータ）","municipality_code":"20208","municipality_pref":"長野県","municipality_name":"小諸市","municipality_code_method":"food_exact_coord"},"geometry":{"type":"Point","coordinates":[138.439518,36.314453]}},{"type":"Feature","properties":{"layer_id":"cafe_restaurant","name":"ギャラリー　むぎ草","category":"food","address":"長野県小諸市加増１００５－２６","source":"厚生労働省 食品衛生申請等システム（オープンデータ）","municipality_code":"20208","municipality_pref":"長野県","municipality_name":"小諸市","municipality_code_method":"food_exact_coord"},"geometry":{"type":"Point","coordinates":[138.452997,36.341507]}},{"type":"Feature","properties":{"layer_id":"cafe_restaurant","name":"カフェ　湘南","category":"food","address":"長野県小諸市和田８２","source":"厚生労働省 食品衛生申請等システム（オープンデータ）","municipality_code":"20208","municipality_pref":"長野県","municipality_name":"小諸市","municipality_code_method":"food_exact_coord"},"geometry":{"type":"Point","coordinates":[138.466634,36.294387]}},{"type":"Feature","properties":{"layer_id":"cafe_restaurant","name":"ｋｏｚｏｒｉｔｅ","category":"food","address":"長野県小諸市大手一丁目４－７","source":"厚生労働省 食品衛生申請等システム（オープンデータ）","municipality_code":"20208","municipality_pref":"長野県","municipality_name":"小諸市","municipality_code_method":"food_exact_coord"},"geometry":{"type":"Point","coordinates":[138.422574,36.328116]}},{"type":"Feature","properties":{"layer_id":"cafe_restaurant","name":"ローソン小諸御影東店","category":"food","address":"長野県小諸市御影新田９５４－１８","source":"厚生労働省 食品衛生申請等システム（オープンデータ）","municipality_code":"20208","municipality_pref":"長野県","municipality_name":"小諸市","municipality_code_method":"food_exact_coord"},"geometry":{"type":"Point","coordinates":[138.47733,36.304581]}},{"type":"Feature","properties":{"layer_id":"cafe_restaurant","name":"Ｃａｆè　ＧＡＫＵ","category":"food","address":"長野県小諸市新町一丁目３番３４号","source":"厚生労働省 食品衛生申請等システム（オープンデータ）","municipality_code":"20208","municipality_pref":"長野県","municipality_name":"小諸市","municipality_code_method":"food_exact_coord"},"geometry":{"type":"Point","coordinates":[138.41582,36.3314]}},{"type":"Feature","properties":{"layer_id":"cafe_restaurant","name":"マンズワイン株式会社　小諸ワイナリー　地下セラー","category":"food","address":"長野県小諸市大字諸字寺内３７６番地１","source":"厚生労働省 食品衛生申請等システム（オープンデータ）","municipality_code":"20208","municipality_pref":"長野県","municipality_name":"小諸市","municipality_code_method":"food_exact_coord"},"geometry":{"type":"Point","coordinates":[138.416288,36.340735]}},{"type":"Feature","properties":{"layer_id":"cafe_restaurant","name":"リトルスターマックス","category":"food","address":"長野県小諸市山浦久保１７８５","source":"厚生労働省 食品衛生申請等システム（オープンデータ）","municipality_code":"20208","municipality_pref":"長野県","municipality_name":"小諸市","municipality_code_method":"food_exact_coord"},"geometry":{"type":"Point","coordinates":[138.414749,36.310515]}},{"type":"Feature","properties":{"layer_id":"cafe_restaurant","name":"リトルスターマックス","category":"food","address":"長野県小諸市山浦久保１７８５","source":"厚生労働省 食品衛生申請等システム（オープンデータ）","municipality_code":"20208","municipality_pref":"長野県","municipality_name":"小諸市","municipality_code_method":"food_exact_coord"},"geometry":{"type":"Point","coordinates":[138.415926,36.307374]}},{"type":"Feature","properties":{"layer_id":"cafe_restaurant","name":"中華ビストロ太一","category":"food","address":"長野県小諸市相生町１－２－１２　エイワンビル１階","source":"厚生労働省 食品衛生申請等システム（オープンデータ）","municipality_code":"20208","municipality_pref":"長野県","municipality_name":"小諸市","municipality_code_method":"food_exact_coord"},"geometry":{"type":"Point","coordinates":[138.42293,36.32746]}},{"type":"Feature","properties":{"layer_id":"cafe_restaurant","name":"好の味（このみ）","category":"food","address":"長野県小諸市大字山浦６０９－１","source":"厚生労働省 食品衛生申請等システム（オープンデータ）","municipality_code":"20208","municipality_pref":"長野県","municipality_name":"小諸市","municipality_code_method":"food_exact_coord"},"geometry":{"type":"Point","coordinates":[138.418102,36.302084]}},{"type":"Feature","properties":{"layer_id":"cafe_restaurant","name":"Ｓｈｉｒａｆ","category":"food","address":"長野県小諸市相生町一丁目２番４号　地下１階","source":"厚生労働省 食品衛生申請等システム（オープンデータ）","municipality_code":"20208","municipality_pref":"長野県","municipality_name":"小諸市","municipality_code_method":"food_exact_coord"},"geometry":{"type":"Point","coordinates":[138.425825,36.327141]}},{"type":"Feature","properties":{"layer_id":"cafe_restaurant","name":"ダイニングレストラン　ｕｊｏ","category":"food","address":"長野県小諸市菱平７４０","source":"厚生労働省 食品衛生申請等システム（オープンデータ）","municipality_code":"20208","municipality_pref":"長野県","municipality_name":"小諸市","municipality_code_method":"food_exact_coord"},"geometry":{"type":"Point","coordinates":[138.448093,36.363157]}},{"type":"Feature","properties":{"layer_id":"cafe_restaurant","name":"乗瀬高原荘","category":"food","address":"長野県小諸市塩野乗瀬２６１５","source":"厚生労働省 食品衛生申請等システム（オープンデータ）","municipality_code":"20208","municipality_pref":"長野県","municipality_name":"小諸市","municipality_code_method":"food_exact_coord"},"geometry":{"type":"Point","coordinates":[138.481195,36.327435]}},{"type":"Feature","properties":{"layer_id":"cafe_restaurant","name":"おむすび＆ｃａｆé　揚羽屋","category":"food","address":"長野県小諸市大手１丁目３－１７","source":"厚生労働省 食品衛生申請等システム（オープンデータ）","municipality_code":"20208","municipality_pref":"長野県","municipality_name":"小諸市","municipality_code_method":"food_exact_coord"},"geometry":{"type":"Point","coordinates":[138.423001,36.327712]}},{"type":"Feature","properties":{"layer_id":"cafe_restaurant","name":"セブンーイレブン　小諸三岡店","category":"food","address":"長野県小諸市大字御影新田字向原１５８１－２","source":"厚生労働省 食品衛生申請等システム（オープンデータ）","municipality_code":"20208","municipality_pref":"長野県","municipality_name":"小諸市","municipality_code_method":"food_exact_coord"},"geometry":{"type":"Point","coordinates":[138.469168,36.301957]}},{"type":"Feature","properties":{"layer_id":"cafe_restaurant","name":"Ｌａｃ　Ｂｌａｎｃ（ラック　ブラン）","category":"food","address":"長野県小諸市相生町１－２－２ ユーニックビル２Ｆ","source":"厚生労働省 食品衛生申請等システム（オープンデータ）","municipality_code":"20208","municipality_pref":"長野県","municipality_name":"小諸市","municipality_code_method":"food_exact_coord"},"geometry":{"type":"Point","coordinates":[138.422207,36.327524]}},{"type":"Feature","properties":{"layer_id":"cafe_restaurant","name":"ＫＥＹーＤｉｃｅ","category":"food","address":"長野県小諸市相生町１－４－１４","source":"厚生労働省 食品衛生申請等システム（オープンデータ）","municipality_code":"20208","municipality_pref":"長野県","municipality_name":"小諸市","municipality_code_method":"food_exact_coord"},"geometry":{"type":"Point","coordinates":[138.423483,36.326824]}},{"type":"Feature","properties":{"layer_id":"cafe_restaurant","name":"みゆき生活舎　地域交流カフェ　こひつじ","category":"food","address":"長野県小諸市御幸町１丁目５番２４号","source":"厚生労働省 食品衛生申請等システム（オープンデータ）","municipality_code":"20208","municipality_pref":"長野県","municipality_name":"小諸市","municipality_code_method":"food_exact_coord"},"geometry":{"type":"Point","coordinates":[138.433976,36.317215]}},{"type":"Feature","properties":{"layer_id":"cafe_restaurant","name":"B＆I　2120","category":"food","address":"長野県小諸市耳取９６５","source":"厚生労働省 食品衛生申請等システム（オープンデータ）","municipality_code":"20208","municipality_pref":"長野県","municipality_name":"小諸市","municipality_code_method":"food_exact_coord"},"geometry":{"type":"Point","coordinates":[138.439325,36.291595]}},{"type":"Feature","properties":{"layer_id":"cafe_restaurant","name":"Ｆｒｉｅｎｄ","category":"food","address":"長野県小諸市大手１－１－５","source":"厚生労働省 食品衛生申請等システム（オープンデータ）","municipality_code":"20208","municipality_pref":"長野県","municipality_name":"小諸市","municipality_code_method":"food_exact_coord"},"geometry":{"type":"Point","coordinates":[138.422105,36.327964]}},{"type":"Feature","properties":{"layer_id":"cafe_restaurant","name":"小諸愛昇殿","category":"food","address":"長野県小諸市八幡町3-1-11","source":"厚生労働省 食品衛生申請等システム（オープンデータ）","municipality_code":"20208","municipality_pref":"長野県","municipality_name":"小諸市","municipality_code_method":"food_exact_coord"},"geometry":{"type":"Point","coordinates":[138.434097,36.328501]}},{"type":"Feature","properties":{"layer_id":"cafe_restaurant","name":"魚河岸","category":"food","address":"長野県小諸市大手１－３－３","source":"厚生労働省 食品衛生申請等システム（オープンデータ）","municipality_code":"20208","municipality_pref":"長野県","municipality_name":"小諸市","municipality_code_method":"food_exact_coord"},"geometry":{"type":"Point","coordinates":[138.422493,36.327861]}},{"type":"Feature","properties":{"layer_id":"cafe_restaurant","name":"まごころ弁当","category":"food","address":"長野県小諸市大字市９０７番地","source":"厚生労働省 食品衛生申請等システム（オープンデータ）","municipality_code":"20208","municipality_pref":"長野県","municipality_name":"小諸市","municipality_code_method":"food_exact_coord"},"geometry":{"type":"Point","coordinates":[138.455025,36.293109]}},{"type":"Feature","properties":{"layer_id":"cafe_restaurant","name":"文化ノ台所","category":"food","address":"長野県小諸市大手１丁目２番２号","source":"厚生労働省 食品衛生申請等システム（オープンデータ）","municipality_code":"20208","municipality_pref":"長野県","municipality_name":"小諸市","municipality_code_method":"food_exact_coord"},"geometry":{"type":"Point","coordinates":[138.422327,36.327747]}},{"type":"Feature","properties":{"layer_id":"cafe_restaurant","name":"Pâtisserie　ＫＡＧＥＲÔ","category":"food","address":"長野県小諸市御影新田１９４７－６","source":"厚生労働省 食品衛生申請等システム（オープンデータ）","municipality_code":"20208","municipality_pref":"長野県","municipality_name":"小諸市","municipality_code_method":"food_exact_coord"},"geometry":{"type":"Point","coordinates":[138.455557,36.303163]}},{"type":"Feature","properties":{"layer_id":"cafe_restaurant","name":"３ＹＵＵ","category":"food","address":"長野県小諸市相生町１－２－２　市松ビル１Ｆ","source":"厚生労働省 食品衛生申請等システム（オープンデータ）","municipality_code":"20208","municipality_pref":"長野県","municipality_name":"小諸市","municipality_code_method":"food_exact_coord"},"geometry":{"type":"Point","coordinates":[138.423465,36.327186]}},{"type":"Feature","properties":{"layer_id":"cafe_restaurant","name":"ホテル　ルートイン小諸","category":"food","address":"長野県小諸市紺屋町２－７－１６","source":"厚生労働省 食品衛生申請等システム（オープンデータ）","municipality_code":"20208","municipality_pref":"長野県","municipality_name":"小諸市","municipality_code_method":"food_exact_coord"},"geometry":{"type":"Point","coordinates":[138.43326,36.328675]}},{"type":"Feature","properties":{"layer_id":"cafe_restaurant","name":"小諸ユースホステル","category":"food","address":"長野県小諸市塩野３８７６－４","source":"厚生労働省 食品衛生申請等システム（オープンデータ）","municipality_code":"20208","municipality_pref":"長野県","municipality_name":"小諸市","municipality_code_method":"food_exact_coord"},"geometry":{"type":"Point","coordinates":[138.474054,36.349803]}},{"type":"Feature","properties":{"layer_id":"cafe_restaurant","name":"もんじゃ焼き　お好み焼き　鉄板焼き　竹りん","category":"food","address":"長野県小諸市大字滋野甲１１７１－３","source":"厚生労働省 食品衛生申請等システム（オープンデータ）","municipality_code":"20208","municipality_pref":"長野県","municipality_name":"小諸市","municipality_code_method":"food_exact_coord"},"geometry":{"type":"Point","coordinates":[138.380835,36.344731]}},{"type":"Feature","properties":{"layer_id":"public_facilities","name":"北国街道ほんまち町屋館","category":"public","address":"小諸市本町2-2-9","source":"国土交通省 国土数値情報","municipality_code":"20208","municipality_pref":"長野県","municipality_name":"小諸市","municipality_code_method":"source_exact_coord"},"geometry":{"type":"Point","coordinates":[138.42367589374743,36.32936865073732]}},{"type":"Feature","properties":{"layer_id":"public_facilities","name":"小諸市文化センター","category":"public","address":"小諸市甲1275-2","source":"国土交通省 国土数値情報","municipality_code":"20208","municipality_pref":"長野県","municipality_name":"小諸市","municipality_code_method":"source_exact_coord"},"geometry":{"type":"Point","coordinates":[138.43832879284375,36.31031268566445]}},{"type":"Feature","properties":{"layer_id":"public_facilities","name":"北国街道荒町館","category":"public","address":"小諸市荒町1-6-7","source":"国土交通省 国土数値情報","municipality_code":"20208","municipality_pref":"長野県","municipality_name":"小諸市","municipality_code_method":"source_exact_coord"},"geometry":{"type":"Point","coordinates":[138.42761588614528,36.32736865824189]}},{"type":"Feature","properties":{"layer_id":"public_facilities","name":"人権センター","category":"public","address":"小諸市御幸町1-10-11","source":"国土交通省 国土数値情報","municipality_code":"20208","municipality_pref":"長野県","municipality_name":"小諸市","municipality_code_method":"source_exact_coord"},"geometry":{"type":"Point","coordinates":[138.43454482554677,36.31637567748448]}},{"type":"Feature","properties":{"layer_id":"public_facilities","name":"市民交流センター","category":"public","address":"小諸市相生町3-3-3","source":"国土交通省 国土数値情報","municipality_code":"20208","municipality_pref":"長野県","municipality_name":"小諸市","municipality_code_method":"source_exact_coord"},"geometry":{"type":"Point","coordinates":[138.4252058831362,36.32724965556989]}},{"type":"Feature","properties":{"layer_id":"public_facilities","name":"小諸市役所","category":"public","address":"小諸市相生町3-3-3","source":"国土交通省 国土数値情報","municipality_code":"20208","municipality_pref":"長野県","municipality_name":"小諸市","municipality_code_method":"source_exact_coord"},"geometry":{"type":"Point","coordinates":[138.42602488164707,36.326873657020116]}},{"type":"Feature","properties":{"layer_id":"public_facilities","name":"和田体育館","category":"public","address":"小諸市和田556-1","source":"国土交通省 国土数値情報","municipality_code":"20208","municipality_pref":"長野県","municipality_name":"小諸市","municipality_code_method":"source_exact_coord"},"geometry":{"type":"Point","coordinates":[138.4526856722894,36.287671713094745]}},{"type":"Feature","properties":{"layer_id":"public_facilities","name":"一ツ谷老人憩の家","category":"public","address":"小諸市御影新田1632-2","source":"国土交通省 国土数値情報","municipality_code":"20208","municipality_pref":"長野県","municipality_name":"小諸市","municipality_code_method":"source_exact_coord"},"geometry":{"type":"Point","coordinates":[138.45205777601404,36.30640870265223]}},{"type":"Feature","properties":{"layer_id":"public_facilities","name":"総合体育館・武道館","category":"public","address":"小諸市乙1189-1","source":"国土交通省 国土数値情報","municipality_code":"20208","municipality_pref":"長野県","municipality_name":"小諸市","municipality_code_method":"source_exact_coord"},"geometry":{"type":"Point","coordinates":[138.41896483462293,36.32076965519253]}},{"type":"Feature","properties":{"layer_id":"public_facilities","name":"荒堀老人憩の家","category":"public","address":"小諸市加増1-3-20","source":"国土交通省 国土数値情報","municipality_code":"20208","municipality_pref":"長野県","municipality_name":"小諸市","municipality_code_method":"source_exact_coord"},"geometry":{"type":"Point","coordinates":[138.43454986067823,36.322161671777984]}},{"type":"Feature","properties":{"layer_id":"cultural_facilities","name":"小諸市総合運動場","category":"public","address":"己2-173","source":"国土交通省 国土数値情報","municipality_code":"20208","municipality_pref":"長野県","municipality_name":"小諸市","municipality_code_method":"nearest_centroid"},"geometry":{"type":"Point","coordinates":[138.455565,36.349698]}},{"type":"Feature","properties":{"layer_id":"cultural_facilities","name":"乙女湖公園テニスコート","category":"public","address":"甲1273","source":"国土交通省 国土数値情報","municipality_code":"20208","municipality_pref":"長野県","municipality_name":"小諸市","municipality_code_method":"nearest_centroid"},"geometry":{"type":"Point","coordinates":[138.434693,36.310799]}},{"type":"Feature","properties":{"layer_id":"cultural_facilities","name":"南城公園野球場","category":"public","address":"甲1856","source":"国土交通省 国土数値情報","municipality_code":"20208","municipality_pref":"長野県","municipality_name":"小諸市","municipality_code_method":"nearest_centroid"},"geometry":{"type":"Point","coordinates":[138.42296,36.317146]}},{"type":"Feature","properties":{"layer_id":"cultural_facilities","name":"小諸図書館","category":"public","address":"相生町3-3-3","source":"国土交通省 国土数値情報","municipality_code":"20208","municipality_pref":"長野県","municipality_name":"小諸市","municipality_code_method":"nearest_centroid"},"geometry":{"type":"Point","coordinates":[138.426066,36.326788]}},{"type":"Feature","properties":{"layer_id":"cultural_facilities","name":"小諸市動物園","category":"public","address":"丁311","source":"国土交通省 国土数値情報","municipality_code":"20208","municipality_pref":"長野県","municipality_name":"小諸市","municipality_code_method":"nearest_centroid"},"geometry":{"type":"Point","coordinates":[138.420159,36.327257]}},{"type":"Feature","properties":{"layer_id":"cultural_facilities","name":"総合体育館","category":"public","address":"乙1189-1","source":"国土交通省 国土数値情報","municipality_code":"20208","municipality_pref":"長野県","municipality_name":"小諸市","municipality_code_method":"nearest_centroid"},"geometry":{"type":"Point","coordinates":[138.418943,36.320775]}},{"type":"Feature","properties":{"layer_id":"cultural_facilities","name":"小諸市立藤村記念館","category":"public","address":"大字丁315","source":"国土交通省 国土数値情報","municipality_code":"20208","municipality_pref":"長野県","municipality_name":"小諸市","municipality_code_method":"nearest_centroid"},"geometry":{"type":"Point","coordinates":[138.417694,36.327262]}},{"type":"Feature","properties":{"layer_id":"cultural_facilities","name":"乙女湖体育館","category":"public","address":"甲1273","source":"国土交通省 国土数値情報","municipality_code":"20208","municipality_pref":"長野県","municipality_name":"小諸市","municipality_code_method":"nearest_centroid"},"geometry":{"type":"Point","coordinates":[138.437381,36.31077]}},{"type":"Feature","properties":{"layer_id":"cultural_facilities","name":"小諸市アーチェリー場","category":"public","address":"乙1189-1","source":"国土交通省 国土数値情報","municipality_code":"20208","municipality_pref":"長野県","municipality_name":"小諸市","municipality_code_method":"nearest_centroid"},"geometry":{"type":"Point","coordinates":[138.418949,36.320626]}},{"type":"Feature","properties":{"layer_id":"cultural_facilities","name":"総合体育館","category":"public","address":"乙1189-1","source":"国土交通省 国土数値情報","municipality_code":"20208","municipality_pref":"長野県","municipality_name":"小諸市","municipality_code_method":"nearest_centroid"},"geometry":{"type":"Point","coordinates":[138.418943,36.320698]}},{"type":"Feature","properties":{"layer_id":"cultural_facilities","name":"総合体育館","category":"public","address":"乙1189-1","source":"国土交通省 国土数値情報","municipality_code":"20208","municipality_pref":"長野県","municipality_name":"小諸市","municipality_code_method":"nearest_centroid"},"geometry":{"type":"Point","coordinates":[138.418949,36.321006]}},{"type":"Feature","properties":{"layer_id":"cultural_facilities","name":"市営野球場","category":"public","address":"御幸町1-18","source":"国土交通省 国土数値情報","municipality_code":"20208","municipality_pref":"長野県","municipality_name":"小諸市","municipality_code_method":"nearest_centroid"},"geometry":{"type":"Point","coordinates":[138.434954,36.315159]}},{"type":"Feature","properties":{"layer_id":"cultural_facilities","name":"屋内ゲートボール場（すぱーく小諸）","category":"public","address":"乙1189-1","source":"国土交通省 国土数値情報","municipality_code":"20208","municipality_pref":"長野県","municipality_name":"小諸市","municipality_code_method":"nearest_centroid"},"geometry":{"type":"Point","coordinates":[138.420727,36.32002]}},{"type":"Feature","properties":{"layer_id":"cultural_facilities","name":"南城公園プール","category":"public","address":"甲1984","source":"国土交通省 国土数値情報","municipality_code":"20208","municipality_pref":"長野県","municipality_name":"小諸市","municipality_code_method":"nearest_centroid"},"geometry":{"type":"Point","coordinates":[138.422608,36.315652]}},{"type":"Feature","properties":{"layer_id":"cultural_facilities","name":"小諸高原美術館・白鳥映雪館","category":"public","address":"大字菱平2805-1","source":"国土交通省 国土数値情報","municipality_code":"20208","municipality_pref":"長野県","municipality_name":"小諸市","municipality_code_method":"nearest_centroid"},"geometry":{"type":"Point","coordinates":[138.419734,36.347003]}},{"type":"Feature","properties":{"layer_id":"cultural_facilities","name":"小諸市くらしかる浪漫館","category":"public","address":"大手1-5-4","source":"国土交通省 国土数値情報","municipality_code":"20208","municipality_pref":"長野県","municipality_name":"小諸市","municipality_code_method":"nearest_centroid"},"geometry":{"type":"Point","coordinates":[138.421711,36.32849]}},{"type":"Feature","properties":{"layer_id":"cultural_facilities","name":"総合体育館","category":"public","address":"乙1189-1","source":"国土交通省 国土数値情報","municipality_code":"20208","municipality_pref":"長野県","municipality_name":"小諸市","municipality_code_method":"nearest_centroid"},"geometry":{"type":"Point","coordinates":[138.418949,36.320852]}},{"type":"Feature","properties":{"layer_id":"cultural_facilities","name":"小諸市立郷土博物館","category":"public","address":"丁221","source":"国土交通省 国土数値情報","municipality_code":"20208","municipality_pref":"長野県","municipality_name":"小諸市","municipality_code_method":"nearest_centroid"},"geometry":{"type":"Point","coordinates":[138.415009,36.328602]}},{"type":"Feature","properties":{"layer_id":"cultural_facilities","name":"小諸市総合運動場","category":"public","address":"己2-173","source":"国土交通省 国土数値情報","municipality_code":"20208","municipality_pref":"長野県","municipality_name":"小諸市","municipality_code_method":"nearest_centroid"},"geometry":{"type":"Point","coordinates":[138.455756,36.348492]}},{"type":"Feature","properties":{"layer_id":"cultural_facilities","name":"小諸懐古射院","category":"public","address":"丁313-1","source":"国土交通省 国土数値情報","municipality_code":"20208","municipality_pref":"長野県","municipality_name":"小諸市","municipality_code_method":"nearest_centroid"},"geometry":{"type":"Point","coordinates":[138.418654,36.327366]}},{"type":"Feature","properties":{"layer_id":"cultural_facilities","name":"小諸市立歴史資料館小諸宿本陣主屋","category":"public","address":"大手1-6-14","source":"国土交通省 国土数値情報","municipality_code":"20208","municipality_pref":"長野県","municipality_name":"小諸市","municipality_code_method":"nearest_centroid"},"geometry":{"type":"Point","coordinates":[138.420522,36.328542]}},{"type":"Feature","properties":{"layer_id":"cultural_facilities","name":"屋内ゲートボール場（すぱーく小諸）","category":"public","address":"乙1189-1","source":"国土交通省 国土数値情報","municipality_code":"20208","municipality_pref":"長野県","municipality_name":"小諸市","municipality_code_method":"nearest_centroid"},"geometry":{"type":"Point","coordinates":[138.420733,36.319938]}},{"type":"Feature","properties":{"layer_id":"cultural_facilities","name":"総合体育館","category":"public","address":"乙1189-1","source":"国土交通省 国土数値情報","municipality_code":"20208","municipality_pref":"長野県","municipality_name":"小諸市","municipality_code_method":"nearest_centroid"},"geometry":{"type":"Point","coordinates":[138.418949,36.320929]}},{"type":"Feature","properties":{"layer_id":"cultural_facilities","name":"和田体育館","category":"public","address":"大字和田556-1","source":"国土交通省 国土数値情報","municipality_code":"20208","municipality_pref":"長野県","municipality_name":"小諸市","municipality_code_method":"nearest_centroid"},"geometry":{"type":"Point","coordinates":[138.45267,36.287682]}},{"type":"Feature","properties":{"layer_id":"cultural_facilities","name":"南城公園プール","category":"public","address":"甲1984","source":"国土交通省 国土数値情報","municipality_code":"20208","municipality_pref":"長野県","municipality_name":"小諸市","municipality_code_method":"nearest_centroid"},"geometry":{"type":"Point","coordinates":[138.424138,36.315633]}},{"type":"Feature","properties":{"layer_id":"cultural_facilities","name":"小諸市立小山敬三美術館","category":"public","address":"丁221","source":"国土交通省 国土数値情報","municipality_code":"20208","municipality_pref":"長野県","municipality_name":"小諸市","municipality_code_method":"nearest_centroid"},"geometry":{"type":"Point","coordinates":[138.414984,36.328291]}},{"type":"Feature","properties":{"layer_id":"cultural_facilities","name":"小諸市総合運動場","category":"public","address":"己2-173","source":"国土交通省 国土数値情報","municipality_code":"20208","municipality_pref":"長野県","municipality_name":"小諸市","municipality_code_method":"nearest_centroid"},"geometry":{"type":"Point","coordinates":[138.455559,36.349794]}},{"type":"Feature","properties":{"layer_id":"cultural_facilities","name":"乙女湖ゲートボール場","category":"public","address":"甲1273","source":"国土交通省 国土数値情報","municipality_code":"20208","municipality_pref":"長野県","municipality_name":"小諸市","municipality_code_method":"nearest_centroid"},"geometry":{"type":"Point","coordinates":[138.435022,36.31127]}},{"type":"Feature","properties":{"layer_id":"cultural_facilities","name":"武道館","category":"public","address":"乙1189-1","source":"国土交通省 国土数値情報","municipality_code":"20208","municipality_pref":"長野県","municipality_name":"小諸市","municipality_code_method":"nearest_centroid"},"geometry":{"type":"Point","coordinates":[138.419612,36.320462]}},{"type":"Feature","properties":{"layer_id":"cultural_facilities","name":"小諸市総合運動場","category":"public","address":"己2-173","source":"国土交通省 国土数値情報","municipality_code":"20208","municipality_pref":"長野県","municipality_name":"小諸市","municipality_code_method":"nearest_centroid"},"geometry":{"type":"Point","coordinates":[138.454807,36.349203]}},{"type":"Feature","properties":{"layer_id":"parks_playgrounds","name":"飯綱山公園","category":"nature","address":"小諸市","source":"国土交通省 国土数値情報","municipality_code":"20208","municipality_pref":"長野県","municipality_name":"小諸市","municipality_code_method":"nearest_centroid"},"geometry":{"type":"Point","coordinates":[138.41888524,36.34313464]}},{"type":"Feature","properties":{"layer_id":"parks_playgrounds","name":"平原公園","category":"nature","address":"小諸市","source":"国土交通省 国土数値情報","municipality_code":"20208","municipality_pref":"長野県","municipality_name":"小諸市","municipality_code_method":"nearest_centroid"},"geometry":{"type":"Point","coordinates":[138.46259436,36.3121302]}},{"type":"Feature","properties":{"layer_id":"parks_playgrounds","name":"南城公園","category":"nature","address":"小諸市","source":"国土交通省 国土数値情報","municipality_code":"20208","municipality_pref":"長野県","municipality_name":"小諸市","municipality_code_method":"nearest_centroid"},"geometry":{"type":"Point","coordinates":[138.42324544,36.31563151]}},{"type":"Feature","properties":{"layer_id":"parks_playgrounds","name":"加増公園","category":"nature","address":"小諸市","source":"国土交通省 国土数値情報","municipality_code":"20208","municipality_pref":"長野県","municipality_name":"小諸市","municipality_code_method":"nearest_centroid"},"geometry":{"type":"Point","coordinates":[138.4328777,36.31974037]}},{"type":"Feature","properties":{"layer_id":"parks_playgrounds","name":"大手門公園","category":"nature","address":"小諸市","source":"国土交通省 国土数値情報","municipality_code":"20208","municipality_pref":"長野県","municipality_name":"小諸市","municipality_code_method":"nearest_centroid"},"geometry":{"type":"Point","coordinates":[138.42167817,36.32860628]}},{"type":"Feature","properties":{"layer_id":"parks_playgrounds","name":"押出公園","category":"nature","address":"小諸市","source":"国土交通省 国土数値情報","municipality_code":"20208","municipality_pref":"長野県","municipality_name":"小諸市","municipality_code_method":"nearest_centroid"},"geometry":{"type":"Point","coordinates":[138.39298338,36.33528428]}},{"type":"Feature","properties":{"layer_id":"parks_playgrounds","name":"中松井公園","category":"nature","address":"小諸市","source":"国土交通省 国土数値情報","municipality_code":"20208","municipality_pref":"長野県","municipality_name":"小諸市","municipality_code_method":"nearest_centroid"},"geometry":{"type":"Point","coordinates":[138.44372193,36.33268078]}},{"type":"Feature","properties":{"layer_id":"parks_playgrounds","name":"四ツ谷公園","category":"nature","address":"小諸市","source":"国土交通省 国土数値情報","municipality_code":"20208","municipality_pref":"長野県","municipality_name":"小諸市","municipality_code_method":"nearest_centroid"},"geometry":{"type":"Point","coordinates":[138.44403,36.31441]}},{"type":"Feature","properties":{"layer_id":"parks_playgrounds","name":"乙女湖公園","category":"nature","address":"小諸市","source":"国土交通省 国土数値情報","municipality_code":"20208","municipality_pref":"長野県","municipality_name":"小諸市","municipality_code_method":"nearest_centroid"},"geometry":{"type":"Point","coordinates":[138.43423942,36.30970137]}},{"type":"Feature","properties":{"layer_id":"parks_playgrounds","name":"小諸公園","category":"nature","address":"小諸市","source":"国土交通省 国土数値情報","municipality_code":"20208","municipality_pref":"長野県","municipality_name":"小諸市","municipality_code_method":"nearest_centroid"},"geometry":{"type":"Point","coordinates":[138.41803929,36.32697461]}},{"type":"Feature","properties":{"layer_id":"tourism_resources","name":"高峰山","category":"nature","address":"火山景観 / 火山","source":"国土交通省 国土数値情報","municipality_code":"20208","municipality_pref":"長野県","municipality_name":"小諸市","municipality_code_method":"nearest_centroid","resource_code":"102"},"geometry":{"type":"Point","coordinates":[138.4571075439453,36.399757385253906]}},{"type":"Feature","properties":{"layer_id":"tourism_resources","name":"高峰山","category":"nature","address":"火山景観 / 火山","source":"国土交通省 国土数値情報","municipality_code":"20208","municipality_pref":"長野県","municipality_name":"小諸市","municipality_code_method":"nearest_centroid","resource_code":"102"},"geometry":{"type":"Point","coordinates":[138.45706176757812,36.39977264404297]}},{"type":"Feature","properties":{"layer_id":"tourism_resources","name":"高峰渓谷","category":"nature","address":"河川景観 / 峡谷・渓谷","source":"国土交通省 国土数値情報","municipality_code":"20208","municipality_pref":"長野県","municipality_name":"小諸市","municipality_code_method":"nearest_centroid","resource_code":"601"},"geometry":{"type":"Point","coordinates":[138.44456481933594,36.39744186401367]}}],"display_comment_original":"小諸市には、江戸期の小諸藩と小諸城に連なる領主・城下の記憶が残る。 この地域には城跡や陣屋跡、寺社や信仰の場、史跡や遺跡に関わる場所が見え、小諸城、楽巌寺城跡、耳取城跡のような地点が探索の入口になる。 現地では城跡・陣屋跡、史跡説明板、市町、加増村ゆかりの旧境石標や村の歴史案内板が手がかりになりそうだ。さらに田・新田・用水の地名が多く、土地改良碑や用水記念碑が見つかる可能性がある。小諸藩ゆかりの領主碑や旧領境を示すしるべにも期待できる。","story_enrichment":{"samurai_priority_people":["呑竜","真木重遠","牧野康哉"],"notable_people":["呑竜","真木重遠","牧野康哉","渥美清","伊東深水"],"honorary_citizens":[],"tourism_landmarks":["小諸城址懐古園","旧小諸本陣","小諸宿本陣主屋","小諸義塾記念館","小諸高濱虚子記念館","御影陣屋跡","天領の里・御影用水史料館","乙女湖公園"],"specialties":[],"food_culture":[],"historical_domains":[],"heian_place_names":[],"japan_search_support":[],"enrichment_sources":["https://ja.wikipedia.org/wiki/%E5%B0%8F%E8%AB%B8%E5%B8%82","https://www.wikidata.org/wiki/Q11416851","https://www.wikidata.org/wiki/Q28356920","https://www.wikidata.org/wiki/Q10860164","https://www.wikidata.org/wiki/Q1370742","https://www.wikidata.org/wiki/Q2060569","https://www.wikidata.org/wiki/Q743767","https://www.wikidata.org/wiki/Q707985","https://www.wikidata.org/wiki/Q532557","https://www.wikidata.org/wiki/Q11380477","https://www.wikidata.org/wiki/Q7360115","https://www.wikidata.org/wiki/Q11519001","https://www.wikidata.org/wiki/Q11461363","https://www.wikidata.org/wiki/Q104013264","https://www.wikidata.org/wiki/Q11578454","https://www.wikidata.org/wiki/Q11540205","https://www.wikidata.org/wiki/Q18233230","https://jpsearch.go.jp/csearch/jps-cross?csid=jps-cross&keyword=%E5%91%91%E7%AB%9C&keyword=%E5%B0%8F%E8%AB%B8%E5%B8%82"],"enrichment_errors":[],"wikipedia_title":"小諸市","wikipedia_revision_id":"110696551","wikidata_qid":"Q838657","wikipedia_url":"https://ja.wikipedia.org/wiki/%E5%B0%8F%E8%AB%B8%E5%B8%82","japan_search_query_url":"https://jpsearch.go.jp/csearch/jps-cross?csid=jps-cross&keyword=%E5%91%91%E7%AB%9C&keyword=%E5%B0%8F%E8%AB%B8%E5%B8%82","status":"wikipedia_ok"}}