{"type":"FeatureCollection","municipality_code":"20211","pref":"長野県","city":"中野市","display_comment":"中野市には、桜沢村、大熊村、小沼村など、近世の村々の記憶を伝える地名が残っています。 周辺には寺社や信仰の場、史跡や遺跡、古墳や貝塚にまつわる場所が点在し、「壁田城跡」、「替佐城跡」、「坪井遺跡」などを起点に歩くと、地域の歴史がぐっと見えやすくなります。 現地では史跡説明板に加え、桜沢村や大熊村にゆかりのある旧境石標、村の歴史を紹介する案内板にも注目してみてください。 川沿いや水辺では、その土地の暮らしや水との関わりを伝える歴史案内板が見つかるかもしれません。 ゆかりの人物では青木賢一郎や青木太郎に注目すると、地域に残る文化や時代背景をさらに深く知るきっかけになります。 「中野市立博物館」や「中山晋平記念館」などの名所も、地域の物語を深掘りする絶好の入口です。","layer_counts":{"cafe_restaurant":278,"cultural_facilities":33,"parks_playgrounds":14,"public_facilities":156,"tourism_resources":2},"total_features":483,"features":[{"type":"Feature","properties":{"layer_id":"cafe_restaurant","name":"めん六や　中野店","category":"food","address":"長野県中野市江部字砂山４２７番地","source":"厚生労働省 食品衛生申請等システム（オープンデータ）","municipality_code":"20211","municipality_pref":"長野県","municipality_name":"中野市","municipality_code_method":"food_exact_coord"},"geometry":{"type":"Point","coordinates":[138.341908,36.730423]}},{"type":"Feature","properties":{"layer_id":"cafe_restaurant","name":"かっぱ寿司  信州中野店","category":"food","address":"長野県中野市片塩字松崎58-2","source":"厚生労働省 食品衛生申請等システム（オープンデータ）","municipality_code":"20211","municipality_pref":"長野県","municipality_name":"中野市","municipality_code_method":"food_exact_coord"},"geometry":{"type":"Point","coordinates":[138.341457,36.743995]}},{"type":"Feature","properties":{"layer_id":"cafe_restaurant","name":"ツルヤ一本木店","category":"food","address":"長野県中野市竹原１１６－１","source":"厚生労働省 食品衛生申請等システム（オープンデータ）","municipality_code":"20211","municipality_pref":"長野県","municipality_name":"中野市","municipality_code_method":"food_exact_coord"},"geometry":{"type":"Point","coordinates":[138.380385,36.759409]}},{"type":"Feature","properties":{"layer_id":"cafe_restaurant","name":"ツルヤ一本木店","category":"food","address":"長野県中野市竹原１１６－１","source":"厚生労働省 食品衛生申請等システム（オープンデータ）","municipality_code":"20211","municipality_pref":"長野県","municipality_name":"中野市","municipality_code_method":"food_exact_coord"},"geometry":{"type":"Point","coordinates":[138.380385,36.759409]}},{"type":"Feature","properties":{"layer_id":"cafe_restaurant","name":"(株)サンエー","category":"food","address":"長野県中野市新井３６７－４","source":"厚生労働省 食品衛生申請等システム（オープンデータ）","municipality_code":"20211","municipality_pref":"長野県","municipality_name":"中野市","municipality_code_method":"food_exact_coord"},"geometry":{"type":"Point","coordinates":[138.366116,36.759924]}},{"type":"Feature","properties":{"layer_id":"cafe_restaurant","name":"多目的ホールしゃぼん玉館","category":"food","address":"長野県中野市大字吉田立石木１０７－１","source":"厚生労働省 食品衛生申請等システム（オープンデータ）","municipality_code":"20211","municipality_pref":"長野県","municipality_name":"中野市","municipality_code_method":"food_exact_coord"},"geometry":{"type":"Point","coordinates":[138.356415,36.750373]}},{"type":"Feature","properties":{"layer_id":"cafe_restaurant","name":"ジェイエイ・アップル（株）","category":"food","address":"長野県中野市吉田５１９番地","source":"厚生労働省 食品衛生申請等システム（オープンデータ）","municipality_code":"20211","municipality_pref":"長野県","municipality_name":"中野市","municipality_code_method":"food_exact_coord"},"geometry":{"type":"Point","coordinates":[138.357048,36.754128]}},{"type":"Feature","properties":{"layer_id":"cafe_restaurant","name":"アップルシティーなかの２階","category":"food","address":"長野県中野市大字吉田５１９番地","source":"厚生労働省 食品衛生申請等システム（オープンデータ）","municipality_code":"20211","municipality_pref":"長野県","municipality_name":"中野市","municipality_code_method":"food_exact_coord"},"geometry":{"type":"Point","coordinates":[138.357048,36.754128]}},{"type":"Feature","properties":{"layer_id":"cafe_restaurant","name":"ジェイエイ・アップル(株)","category":"food","address":"長野県中野市吉田５１９","source":"厚生労働省 食品衛生申請等システム（オープンデータ）","municipality_code":"20211","municipality_pref":"長野県","municipality_name":"中野市","municipality_code_method":"food_exact_coord"},"geometry":{"type":"Point","coordinates":[138.357048,36.754128]}},{"type":"Feature","properties":{"layer_id":"cafe_restaurant","name":"ジェイエイ・アップル株式会社","category":"food","address":"長野県中野市大字吉田５１９番地","source":"厚生労働省 食品衛生申請等システム（オープンデータ）","municipality_code":"20211","municipality_pref":"長野県","municipality_name":"中野市","municipality_code_method":"food_exact_coord"},"geometry":{"type":"Point","coordinates":[138.357048,36.754128]}},{"type":"Feature","properties":{"layer_id":"cafe_restaurant","name":"やま家","category":"food","address":"長野県中野市大字吉田１２２－４","source":"厚生労働省 食品衛生申請等システム（オープンデータ）","municipality_code":"20211","municipality_pref":"長野県","municipality_name":"中野市","municipality_code_method":"food_exact_coord"},"geometry":{"type":"Point","coordinates":[138.353259,36.753605]}},{"type":"Feature","properties":{"layer_id":"cafe_restaurant","name":"くつろぎ処よっちゃん","category":"food","address":"長野県中野市三好町１丁目３－４","source":"厚生労働省 食品衛生申請等システム（オープンデータ）","municipality_code":"20211","municipality_pref":"長野県","municipality_name":"中野市","municipality_code_method":"food_exact_coord"},"geometry":{"type":"Point","coordinates":[138.370358,36.74345]}},{"type":"Feature","properties":{"layer_id":"cafe_restaurant","name":"株式会社　原信　中野店","category":"food","address":"長野県中野市大字西条字吉原５７２番地１","source":"厚生労働省 食品衛生申請等システム（オープンデータ）","municipality_code":"20211","municipality_pref":"長野県","municipality_name":"中野市","municipality_code_method":"food_exact_coord"},"geometry":{"type":"Point","coordinates":[138.356415,36.736953]}},{"type":"Feature","properties":{"layer_id":"cafe_restaurant","name":"株式会社　原信　中野店","category":"food","address":"長野県中野市大字西条字吉原５７２番地１","source":"厚生労働省 食品衛生申請等システム（オープンデータ）","municipality_code":"20211","municipality_pref":"長野県","municipality_name":"中野市","municipality_code_method":"food_exact_coord"},"geometry":{"type":"Point","coordinates":[138.356415,36.736953]}},{"type":"Feature","properties":{"layer_id":"cafe_restaurant","name":"焼肉乃上　本店","category":"food","address":"長野県中野市中央３丁目１－２３","source":"厚生労働省 食品衛生申請等システム（オープンデータ）","municipality_code":"20211","municipality_pref":"長野県","municipality_name":"中野市","municipality_code_method":"food_exact_coord"},"geometry":{"type":"Point","coordinates":[138.36976,36.746502]}},{"type":"Feature","properties":{"layer_id":"cafe_restaurant","name":"焼肉乃上　本店","category":"food","address":"長野県中野市中央３丁目１－２３","source":"厚生労働省 食品衛生申請等システム（オープンデータ）","municipality_code":"20211","municipality_pref":"長野県","municipality_name":"中野市","municipality_code_method":"food_exact_coord"},"geometry":{"type":"Point","coordinates":[138.36976,36.746502]}},{"type":"Feature","properties":{"layer_id":"cafe_restaurant","name":"ファームさとう　きよみキッチン","category":"food","address":"長野県中野市金井1208-1","source":"厚生労働省 食品衛生申請等システム（オープンデータ）","municipality_code":"20211","municipality_pref":"長野県","municipality_name":"中野市","municipality_code_method":"food_exact_coord"},"geometry":{"type":"Point","coordinates":[138.364616,36.769191]}},{"type":"Feature","properties":{"layer_id":"cafe_restaurant","name":"ファームさとう　きよみキッチン","category":"food","address":"長野県中野市金井１２０８－１","source":"厚生労働省 食品衛生申請等システム（オープンデータ）","municipality_code":"20211","municipality_pref":"長野県","municipality_name":"中野市","municipality_code_method":"food_exact_coord"},"geometry":{"type":"Point","coordinates":[138.364616,36.769191]}},{"type":"Feature","properties":{"layer_id":"cafe_restaurant","name":"ミールケア　もえぎ事業所","category":"food","address":"長野県中野市吉田123-1","source":"厚生労働省 食品衛生申請等システム（オープンデータ）","municipality_code":"20211","municipality_pref":"長野県","municipality_name":"中野市","municipality_code_method":"food_exact_coord"},"geometry":{"type":"Point","coordinates":[138.351935,36.752551]}},{"type":"Feature","properties":{"layer_id":"cafe_restaurant","name":"株式会社西友　中野駅前店　若菜","category":"food","address":"長野県中野市岩船西条境420","source":"厚生労働省 食品衛生申請等システム（オープンデータ）","municipality_code":"20211","municipality_pref":"長野県","municipality_name":"中野市","municipality_code_method":"food_exact_coord"},"geometry":{"type":"Point","coordinates":[138.356415,36.736953]}},{"type":"Feature","properties":{"layer_id":"cafe_restaurant","name":"屯","category":"food","address":"長野県中野市中央１－１－１０","source":"厚生労働省 食品衛生申請等システム（オープンデータ）","municipality_code":"20211","municipality_pref":"長野県","municipality_name":"中野市","municipality_code_method":"food_exact_coord"},"geometry":{"type":"Point","coordinates":[138.372624,36.744979]}},{"type":"Feature","properties":{"layer_id":"cafe_restaurant","name":"株式会社タカギセイコー","category":"food","address":"長野県中野市岩船３３０－２","source":"厚生労働省 食品衛生申請等システム（オープンデータ）","municipality_code":"20211","municipality_pref":"長野県","municipality_name":"中野市","municipality_code_method":"food_exact_coord"},"geometry":{"type":"Point","coordinates":[138.359122,36.74466]}},{"type":"Feature","properties":{"layer_id":"cafe_restaurant","name":"荒井青果店","category":"food","address":"長野県中野市中央４丁目３の２６","source":"厚生労働省 食品衛生申請等システム（オープンデータ）","municipality_code":"20211","municipality_pref":"長野県","municipality_name":"中野市","municipality_code_method":"food_exact_coord"},"geometry":{"type":"Point","coordinates":[138.374319,36.744985]}},{"type":"Feature","properties":{"layer_id":"cafe_restaurant","name":"ｎａｎａ－ｍａｒ","category":"food","address":"長野県中野市中央２－２－６","source":"厚生労働省 食品衛生申請等システム（オープンデータ）","municipality_code":"20211","municipality_pref":"長野県","municipality_name":"中野市","municipality_code_method":"food_exact_coord"},"geometry":{"type":"Point","coordinates":[138.371981,36.744723]}},{"type":"Feature","properties":{"layer_id":"cafe_restaurant","name":"ｎａｎａ－ｍａｒ","category":"food","address":"長野県中野市諏訪町２－２１","source":"厚生労働省 食品衛生申請等システム（オープンデータ）","municipality_code":"20211","municipality_pref":"長野県","municipality_name":"中野市","municipality_code_method":"food_exact_coord"},"geometry":{"type":"Point","coordinates":[138.377057,36.745478]}},{"type":"Feature","properties":{"layer_id":"cafe_restaurant","name":"すき家　403号中野江部店","category":"food","address":"長野県中野市江部1371番地5","source":"厚生労働省 食品衛生申請等システム（オープンデータ）","municipality_code":"20211","municipality_pref":"長野県","municipality_name":"中野市","municipality_code_method":"food_exact_coord"},"geometry":{"type":"Point","coordinates":[138.350855,36.74376]}},{"type":"Feature","properties":{"layer_id":"cafe_restaurant","name":"ｋｉｔｃｈｅｎ　ｖｉｃｋｙ","category":"food","address":"長野県中野市中野１７８５－１","source":"厚生労働省 食品衛生申請等システム（オープンデータ）","municipality_code":"20211","municipality_pref":"長野県","municipality_name":"中野市","municipality_code_method":"food_exact_coord"},"geometry":{"type":"Point","coordinates":[138.371932,36.749456]}},{"type":"Feature","properties":{"layer_id":"cafe_restaurant","name":"ｋｉｔｃｈｅｎ　ｖｉｃｋｙ","category":"food","address":"長野県中野市壁田１５７２ ＨＵＢＬＩＣ　ＮＡＫＡＮＯ","source":"厚生労働省 食品衛生申請等システム（オープンデータ）","municipality_code":"20211","municipality_pref":"長野県","municipality_name":"中野市","municipality_code_method":"food_exact_coord"},"geometry":{"type":"Point","coordinates":[138.34839,36.778709]}},{"type":"Feature","properties":{"layer_id":"cafe_restaurant","name":"東京食堂","category":"food","address":"長野県中野市江部２８８－１","source":"厚生労働省 食品衛生申請等システム（オープンデータ）","municipality_code":"20211","municipality_pref":"長野県","municipality_name":"中野市","municipality_code_method":"food_exact_coord"},"geometry":{"type":"Point","coordinates":[138.343092,36.731623]}},{"type":"Feature","properties":{"layer_id":"cafe_restaurant","name":"ジンギスカン","category":"food","address":"長野県中野市中央４－３－２番地","source":"厚生労働省 食品衛生申請等システム（オープンデータ）","municipality_code":"20211","municipality_pref":"長野県","municipality_name":"中野市","municipality_code_method":"food_exact_coord"},"geometry":{"type":"Point","coordinates":[138.37384550000002,36.745283]}},{"type":"Feature","properties":{"layer_id":"cafe_restaurant","name":"信州フルーツランド　信州中野インター店　１F","category":"food","address":"長野県中野市草間安源寺境１３５６－１","source":"厚生労働省 食品衛生申請等システム（オープンデータ）","municipality_code":"20211","municipality_pref":"長野県","municipality_name":"中野市","municipality_code_method":"food_exact_coord"},"geometry":{"type":"Point","coordinates":[138.325527,36.741132]}},{"type":"Feature","properties":{"layer_id":"cafe_restaurant","name":"信州フルーツランド　信州中野インター店　２F","category":"food","address":"長野県中野市草間安源寺境１３５６－１","source":"厚生労働省 食品衛生申請等システム（オープンデータ）","municipality_code":"20211","municipality_pref":"長野県","municipality_name":"中野市","municipality_code_method":"food_exact_coord"},"geometry":{"type":"Point","coordinates":[138.325527,36.741132]}},{"type":"Feature","properties":{"layer_id":"cafe_restaurant","name":"信州フルーツランド","category":"food","address":"長野県中野市草間安源寺境１３５６－１","source":"厚生労働省 食品衛生申請等システム（オープンデータ）","municipality_code":"20211","municipality_pref":"長野県","municipality_name":"中野市","municipality_code_method":"food_exact_coord"},"geometry":{"type":"Point","coordinates":[138.325527,36.741132]}},{"type":"Feature","properties":{"layer_id":"cafe_restaurant","name":"築地銀だこイオン中野店","category":"food","address":"長野県中野市一本木若宮２５２－１","source":"厚生労働省 食品衛生申請等システム（オープンデータ）","municipality_code":"20211","municipality_pref":"長野県","municipality_name":"中野市","municipality_code_method":"food_exact_coord"},"geometry":{"type":"Point","coordinates":[138.367636,36.765219]}},{"type":"Feature","properties":{"layer_id":"cafe_restaurant","name":"魚がし","category":"food","address":"長野県中野市西１－５－３９","source":"厚生労働省 食品衛生申請等システム（オープンデータ）","municipality_code":"20211","municipality_pref":"長野県","municipality_name":"中野市","municipality_code_method":"food_exact_coord"},"geometry":{"type":"Point","coordinates":[138.367675,36.747099]}},{"type":"Feature","properties":{"layer_id":"cafe_restaurant","name":"旬菜懐石　吟","category":"food","address":"長野県中野市間山９９８－８","source":"厚生労働省 食品衛生申請等システム（オープンデータ）","municipality_code":"20211","municipality_pref":"長野県","municipality_name":"中野市","municipality_code_method":"food_exact_coord"},"geometry":{"type":"Point","coordinates":[138.382621,36.712686]}},{"type":"Feature","properties":{"layer_id":"cafe_restaurant","name":"金太僂","category":"food","address":"長野県中野市大字吉田字柿ノ木７６８－１１","source":"厚生労働省 食品衛生申請等システム（オープンデータ）","municipality_code":"20211","municipality_pref":"長野県","municipality_name":"中野市","municipality_code_method":"food_exact_coord"},"geometry":{"type":"Point","coordinates":[138.365833,36.753888]}},{"type":"Feature","properties":{"layer_id":"cafe_restaurant","name":"居食屋　菜游季","category":"food","address":"長野県中野市大字吉田１２８２－２８","source":"厚生労働省 食品衛生申請等システム（オープンデータ）","municipality_code":"20211","municipality_pref":"長野県","municipality_name":"中野市","municipality_code_method":"food_exact_coord"},"geometry":{"type":"Point","coordinates":[138.370578,36.751185]}},{"type":"Feature","properties":{"layer_id":"cafe_restaurant","name":"ローソン中野運動公園前店","category":"food","address":"長野県中野市一本木３６７番地３","source":"厚生労働省 食品衛生申請等システム（オープンデータ）","municipality_code":"20211","municipality_pref":"長野県","municipality_name":"中野市","municipality_code_method":"food_exact_coord"},"geometry":{"type":"Point","coordinates":[138.378845,36.75834]}},{"type":"Feature","properties":{"layer_id":"cafe_restaurant","name":"中よう","category":"food","address":"長野県中野市中央１－１１－１６","source":"厚生労働省 食品衛生申請等システム（オープンデータ）","municipality_code":"20211","municipality_pref":"長野県","municipality_name":"中野市","municipality_code_method":"food_exact_coord"},"geometry":{"type":"Point","coordinates":[138.368873,36.746133]}},{"type":"Feature","properties":{"layer_id":"cafe_restaurant","name":"らーめん文太　３号車","category":"food","address":"長野県中野市壁田１０３０－５","source":"厚生労働省 食品衛生申請等システム（オープンデータ）","municipality_code":"20211","municipality_pref":"長野県","municipality_name":"中野市","municipality_code_method":"food_exact_coord"},"geometry":{"type":"Point","coordinates":[138.349308,36.788837]}},{"type":"Feature","properties":{"layer_id":"cafe_restaurant","name":"ソワレ","category":"food","address":"長野県中野市中央１丁目４－６ ポエムビル","source":"厚生労働省 食品衛生申請等システム（オープンデータ）","municipality_code":"20211","municipality_pref":"長野県","municipality_name":"中野市","municipality_code_method":"food_exact_coord"},"geometry":{"type":"Point","coordinates":[138.369182,36.744541]}},{"type":"Feature","properties":{"layer_id":"cafe_restaurant","name":"うまのす家","category":"food","address":"長野県中野市西１－３－２","source":"厚生労働省 食品衛生申請等システム（オープンデータ）","municipality_code":"20211","municipality_pref":"長野県","municipality_name":"中野市","municipality_code_method":"food_exact_coord"},"geometry":{"type":"Point","coordinates":[138.365512,36.745112]}},{"type":"Feature","properties":{"layer_id":"cafe_restaurant","name":"ゲストハウスかのか","category":"food","address":"長野県中野市金井５３０－４，５４８－１，５４８－６","source":"厚生労働省 食品衛生申請等システム（オープンデータ）","municipality_code":"20211","municipality_pref":"長野県","municipality_name":"中野市","municipality_code_method":"food_exact_coord"},"geometry":{"type":"Point","coordinates":[138.367422,36.772622]}},{"type":"Feature","properties":{"layer_id":"cafe_restaurant","name":"田りた麺之助","category":"food","address":"長野県中野市安源寺４２９","source":"厚生労働省 食品衛生申請等システム（オープンデータ）","municipality_code":"20211","municipality_pref":"長野県","municipality_name":"中野市","municipality_code_method":"food_exact_coord"},"geometry":{"type":"Point","coordinates":[138.334622,36.738826]}},{"type":"Feature","properties":{"layer_id":"cafe_restaurant","name":"今どきの笹","category":"food","address":"長野県中野市吉田１１０５","source":"厚生労働省 食品衛生申請等システム（オープンデータ）","municipality_code":"20211","municipality_pref":"長野県","municipality_name":"中野市","municipality_code_method":"food_exact_coord"},"geometry":{"type":"Point","coordinates":[138.361378,36.748387]}},{"type":"Feature","properties":{"layer_id":"cafe_restaurant","name":"スターズ","category":"food","address":"長野県中野市中央１－８－２６","source":"厚生労働省 食品衛生申請等システム（オープンデータ）","municipality_code":"20211","municipality_pref":"長野県","municipality_name":"中野市","municipality_code_method":"food_exact_coord"},"geometry":{"type":"Point","coordinates":[138.369575,36.745908]}},{"type":"Feature","properties":{"layer_id":"cafe_restaurant","name":"酒処くらうん","category":"food","address":"長野県中野市中央１－２－５","source":"厚生労働省 食品衛生申請等システム（オープンデータ）","municipality_code":"20211","municipality_pref":"長野県","municipality_name":"中野市","municipality_code_method":"food_exact_coord"},"geometry":{"type":"Point","coordinates":[138.372624,36.744979]}},{"type":"Feature","properties":{"layer_id":"cafe_restaurant","name":"エコレットカンパニー合同会社","category":"food","address":"長野県中野市東山３－１","source":"厚生労働省 食品衛生申請等システム（オープンデータ）","municipality_code":"20211","municipality_pref":"長野県","municipality_name":"中野市","municipality_code_method":"food_exact_coord"},"geometry":{"type":"Point","coordinates":[138.379384,36.744897]}},{"type":"Feature","properties":{"layer_id":"cafe_restaurant","name":"台湾料理　四季香","category":"food","address":"長野県中野市新保７９７番地","source":"厚生労働省 食品衛生申請等システム（オープンデータ）","municipality_code":"20211","municipality_pref":"長野県","municipality_name":"中野市","municipality_code_method":"food_exact_coord"},"geometry":{"type":"Point","coordinates":[138.351233,36.729188]}},{"type":"Feature","properties":{"layer_id":"cafe_restaurant","name":"(有)神農素","category":"food","address":"長野県中野市若宮５６４－３","source":"厚生労働省 食品衛生申請等システム（オープンデータ）","municipality_code":"20211","municipality_pref":"長野県","municipality_name":"中野市","municipality_code_method":"food_exact_coord"},"geometry":{"type":"Point","coordinates":[138.368575,36.758569]}},{"type":"Feature","properties":{"layer_id":"cafe_restaurant","name":"レストランカフェ　マッシュルーム","category":"food","address":"長野県中野市越６７６－１","source":"厚生労働省 食品衛生申請等システム（オープンデータ）","municipality_code":"20211","municipality_pref":"長野県","municipality_name":"中野市","municipality_code_method":"food_exact_coord"},"geometry":{"type":"Point","coordinates":[138.373072,36.777098]}},{"type":"Feature","properties":{"layer_id":"cafe_restaurant","name":"レストラン＆カフェ　マッシュルーム","category":"food","address":"長野県中野市大字越６７６番地１","source":"厚生労働省 食品衛生申請等システム（オープンデータ）","municipality_code":"20211","municipality_pref":"長野県","municipality_name":"中野市","municipality_code_method":"food_exact_coord"},"geometry":{"type":"Point","coordinates":[138.373072,36.777098]}},{"type":"Feature","properties":{"layer_id":"cafe_restaurant","name":"ランタン　リルン","category":"food","address":"長野県中野市岩船３０２－５","source":"厚生労働省 食品衛生申請等システム（オープンデータ）","municipality_code":"20211","municipality_pref":"長野県","municipality_name":"中野市","municipality_code_method":"food_exact_coord"},"geometry":{"type":"Point","coordinates":[138.360515,36.745407]}},{"type":"Feature","properties":{"layer_id":"cafe_restaurant","name":"コーヒーショップ　ター坊","category":"food","address":"長野県中野市中央２－４－１４","source":"厚生労働省 食品衛生申請等システム（オープンデータ）","municipality_code":"20211","municipality_pref":"長野県","municipality_name":"中野市","municipality_code_method":"food_exact_coord"},"geometry":{"type":"Point","coordinates":[138.373345,36.745164]}},{"type":"Feature","properties":{"layer_id":"cafe_restaurant","name":"セブンイレブン　信州中野店","category":"food","address":"長野県中野市中野西浦１７５３","source":"厚生労働省 食品衛生申請等システム（オープンデータ）","municipality_code":"20211","municipality_pref":"長野県","municipality_name":"中野市","municipality_code_method":"food_exact_coord"},"geometry":{"type":"Point","coordinates":[138.381354,36.752053]}},{"type":"Feature","properties":{"layer_id":"cafe_restaurant","name":"セブン－イレブン　中野市江部北店","category":"food","address":"長野県中野市岩船江部境１８－２","source":"厚生労働省 食品衛生申請等システム（オープンデータ）","municipality_code":"20211","municipality_pref":"長野県","municipality_name":"中野市","municipality_code_method":"food_exact_coord"},"geometry":{"type":"Point","coordinates":[138.355168,36.742014]}},{"type":"Feature","properties":{"layer_id":"cafe_restaurant","name":"マクドナルドイオン中野店","category":"food","address":"長野県中野市一本木宮前２５２－１","source":"厚生労働省 食品衛生申請等システム（オープンデータ）","municipality_code":"20211","municipality_pref":"長野県","municipality_name":"中野市","municipality_code_method":"food_exact_coord"},"geometry":{"type":"Point","coordinates":[138.377612,36.756051]}},{"type":"Feature","properties":{"layer_id":"cafe_restaurant","name":"株式会社井賀屋酒造場","category":"food","address":"長野県中野市中野１５９７","source":"厚生労働省 食品衛生申請等システム（オープンデータ）","municipality_code":"20211","municipality_pref":"長野県","municipality_name":"中野市","municipality_code_method":"food_exact_coord"},"geometry":{"type":"Point","coordinates":[138.381354,36.752053]}},{"type":"Feature","properties":{"layer_id":"cafe_restaurant","name":"PLAYCE","category":"food","address":"長野県中野市間山956","source":"厚生労働省 食品衛生申請等システム（オープンデータ）","municipality_code":"20211","municipality_pref":"長野県","municipality_name":"中野市","municipality_code_method":"food_exact_coord"},"geometry":{"type":"Point","coordinates":[138.386265,36.710023]}},{"type":"Feature","properties":{"layer_id":"cafe_restaurant","name":"信州中野観光センター","category":"food","address":"長野県中野市草間１５３９番地１","source":"厚生労働省 食品衛生申請等システム（オープンデータ）","municipality_code":"20211","municipality_pref":"長野県","municipality_name":"中野市","municipality_code_method":"food_exact_coord"},"geometry":{"type":"Point","coordinates":[138.318988,36.733605]}},{"type":"Feature","properties":{"layer_id":"cafe_restaurant","name":"信州中野観光センター","category":"food","address":"長野県中野市草間１５３９－１","source":"厚生労働省 食品衛生申請等システム（オープンデータ）","municipality_code":"20211","municipality_pref":"長野県","municipality_name":"中野市","municipality_code_method":"food_exact_coord"},"geometry":{"type":"Point","coordinates":[138.318988,36.733605]}},{"type":"Feature","properties":{"layer_id":"cafe_restaurant","name":"信州中野観光センター","category":"food","address":"長野県中野市草間１５３９－１","source":"厚生労働省 食品衛生申請等システム（オープンデータ）","municipality_code":"20211","municipality_pref":"長野県","municipality_name":"中野市","municipality_code_method":"food_exact_coord"},"geometry":{"type":"Point","coordinates":[138.318988,36.733605]}},{"type":"Feature","properties":{"layer_id":"cafe_restaurant","name":"Ｃｈｉｌｌ　Ｓｐｏｔ　Ｄｅｌ　Ｂａｒｒｉｏ","category":"food","address":"長野県中野市岩船４５２－３","source":"厚生労働省 食品衛生申請等システム（オープンデータ）","municipality_code":"20211","municipality_pref":"長野県","municipality_name":"中野市","municipality_code_method":"food_exact_coord"},"geometry":{"type":"Point","coordinates":[138.363408,36.745194]}},{"type":"Feature","properties":{"layer_id":"cafe_restaurant","name":"ＮＡＫＡＮＯ　ＤＲＯＰ","category":"food","address":"長野県中野市中央２丁目４－１７","source":"厚生労働省 食品衛生申請等システム（オープンデータ）","municipality_code":"20211","municipality_pref":"長野県","municipality_name":"中野市","municipality_code_method":"food_exact_coord"},"geometry":{"type":"Point","coordinates":[138.373384,36.745041]}},{"type":"Feature","properties":{"layer_id":"cafe_restaurant","name":"新鮮屋　オタギリ","category":"food","address":"長野県中野市一本木３７５","source":"厚生労働省 食品衛生申請等システム（オープンデータ）","municipality_code":"20211","municipality_pref":"長野県","municipality_name":"中野市","municipality_code_method":"food_exact_coord"},"geometry":{"type":"Point","coordinates":[138.378832,36.757346]}},{"type":"Feature","properties":{"layer_id":"cafe_restaurant","name":"牛角信州中野店","category":"food","address":"長野県中野市吉田片塩境１２－７","source":"厚生労働省 食品衛生申請等システム（オープンデータ）","municipality_code":"20211","municipality_pref":"長野県","municipality_name":"中野市","municipality_code_method":"food_exact_coord"},"geometry":{"type":"Point","coordinates":[138.356415,36.750373]}},{"type":"Feature","properties":{"layer_id":"cafe_restaurant","name":"北信濃ふるさとの森　文化公園","category":"food","address":"長野県中野市片塩１２２１","source":"厚生労働省 食品衛生申請等システム（オープンデータ）","municipality_code":"20211","municipality_pref":"長野県","municipality_name":"中野市","municipality_code_method":"food_exact_coord"},"geometry":{"type":"Point","coordinates":[138.340765,36.751081]}},{"type":"Feature","properties":{"layer_id":"cafe_restaurant","name":"北信濃ふるさとの森　文化公園　ボブスレー乗り場","category":"food","address":"長野県中野市片塩１２２１","source":"厚生労働省 食品衛生申請等システム（オープンデータ）","municipality_code":"20211","municipality_pref":"長野県","municipality_name":"中野市","municipality_code_method":"food_exact_coord"},"geometry":{"type":"Point","coordinates":[138.340765,36.751081]}},{"type":"Feature","properties":{"layer_id":"cafe_restaurant","name":"中野市南部学校給食センター","category":"food","address":"長野県中野市大字西条１３８番地","source":"厚生労働省 食品衛生申請等システム（オープンデータ）","municipality_code":"20211","municipality_pref":"長野県","municipality_name":"中野市","municipality_code_method":"food_exact_coord"},"geometry":{"type":"Point","coordinates":[138.35753499999998,36.7348635]}},{"type":"Feature","properties":{"layer_id":"cafe_restaurant","name":"おおぎやラーメン　中野店","category":"food","address":"長野県中野市大字岩船字道添３００－３","source":"厚生労働省 食品衛生申請等システム（オープンデータ）","municipality_code":"20211","municipality_pref":"長野県","municipality_name":"中野市","municipality_code_method":"food_exact_coord"},"geometry":{"type":"Point","coordinates":[138.355168,36.742014]}},{"type":"Feature","properties":{"layer_id":"cafe_restaurant","name":"ママちきん（株式会社クロスロード）","category":"food","address":"長野県中野市吉田９３－２","source":"厚生労働省 食品衛生申請等システム（オープンデータ）","municipality_code":"20211","municipality_pref":"長野県","municipality_name":"中野市","municipality_code_method":"food_exact_coord"},"geometry":{"type":"Point","coordinates":[138.353571,36.753389]}},{"type":"Feature","properties":{"layer_id":"cafe_restaurant","name":"信州なかの　高梨亭","category":"food","address":"長野県中野市小田中３９４－１ グランフォーレＴＴＫ１０７","source":"厚生労働省 食品衛生申請等システム（オープンデータ）","municipality_code":"20211","municipality_pref":"長野県","municipality_name":"中野市","municipality_code_method":"food_exact_coord"},"geometry":{"type":"Point","coordinates":[138.375001,36.736659]}},{"type":"Feature","properties":{"layer_id":"cafe_restaurant","name":"信州なかの高梨亭","category":"food","address":"長野県中野市小館２－１８","source":"厚生労働省 食品衛生申請等システム（オープンデータ）","municipality_code":"20211","municipality_pref":"長野県","municipality_name":"中野市","municipality_code_method":"food_exact_coord"},"geometry":{"type":"Point","coordinates":[138.375498,36.743818]}},{"type":"Feature","properties":{"layer_id":"cafe_restaurant","name":"ARTSQUARE宮前","category":"food","address":"長野県中野市大字田上９９５","source":"厚生労働省 食品衛生申請等システム（オープンデータ）","municipality_code":"20211","municipality_pref":"長野県","municipality_name":"中野市","municipality_code_method":"food_exact_coord"},"geometry":{"type":"Point","coordinates":[138.376916,36.817273]}},{"type":"Feature","properties":{"layer_id":"cafe_restaurant","name":"みかづきや","category":"food","address":"長野県中野市中野１９５－２","source":"厚生労働省 食品衛生申請等システム（オープンデータ）","municipality_code":"20211","municipality_pref":"長野県","municipality_name":"中野市","municipality_code_method":"food_exact_coord"},"geometry":{"type":"Point","coordinates":[138.367938,36.736455]}},{"type":"Feature","properties":{"layer_id":"cafe_restaurant","name":"みかづきや珈琲","category":"food","address":"長野県中野市中野195-2 開土荘２号","source":"厚生労働省 食品衛生申請等システム（オープンデータ）","municipality_code":"20211","municipality_pref":"長野県","municipality_name":"中野市","municipality_code_method":"food_exact_coord"},"geometry":{"type":"Point","coordinates":[138.367938,36.736455]}},{"type":"Feature","properties":{"layer_id":"cafe_restaurant","name":"TEPPAN CAFE 50’s","category":"food","address":"長野県中野市西１丁目４ー３４","source":"厚生労働省 食品衛生申請等システム（オープンデータ）","municipality_code":"20211","municipality_pref":"長野県","municipality_name":"中野市","municipality_code_method":"food_exact_coord"},"geometry":{"type":"Point","coordinates":[138.366212,36.745327]}},{"type":"Feature","properties":{"layer_id":"cafe_restaurant","name":"（株）ミールケア　ケアハウス聖峰事業所","category":"food","address":"長野県中野市上今井６０１","source":"厚生労働省 食品衛生申請等システム（オープンデータ）","municipality_code":"20211","municipality_pref":"長野県","municipality_name":"中野市","municipality_code_method":"food_exact_coord"},"geometry":{"type":"Point","coordinates":[138.318787,36.750866]}},{"type":"Feature","properties":{"layer_id":"cafe_restaurant","name":"（株）ミールケア　佐藤病院","category":"food","address":"長野県中野市上今井６０１","source":"厚生労働省 食品衛生申請等システム（オープンデータ）","municipality_code":"20211","municipality_pref":"長野県","municipality_name":"中野市","municipality_code_method":"food_exact_coord"},"geometry":{"type":"Point","coordinates":[138.318787,36.750866]}},{"type":"Feature","properties":{"layer_id":"cafe_restaurant","name":"屋台","category":"food","address":"長野県中野市上今井２８７５－３","source":"厚生労働省 食品衛生申請等システム（オープンデータ）","municipality_code":"20211","municipality_pref":"長野県","municipality_name":"中野市","municipality_code_method":"food_exact_coord"},"geometry":{"type":"Point","coordinates":[138.317545,36.756215]}},{"type":"Feature","properties":{"layer_id":"cafe_restaurant","name":"リヤカー屋台","category":"food","address":"長野県中野市上今井６６７","source":"厚生労働省 食品衛生申請等システム（オープンデータ）","municipality_code":"20211","municipality_pref":"長野県","municipality_name":"中野市","municipality_code_method":"food_exact_coord"},"geometry":{"type":"Point","coordinates":[138.317377,36.749665]}},{"type":"Feature","properties":{"layer_id":"cafe_restaurant","name":"さんかくまるしかく","category":"food","address":"長野県中野市西二丁目１７１３－１５","source":"厚生労働省 食品衛生申請等システム（オープンデータ）","municipality_code":"20211","municipality_pref":"長野県","municipality_name":"中野市","municipality_code_method":"food_exact_coord"},"geometry":{"type":"Point","coordinates":[138.367013,36.748739]}},{"type":"Feature","properties":{"layer_id":"cafe_restaurant","name":"配食サービス我逢人","category":"food","address":"長野県中野市立ケ花７２９－１","source":"厚生労働省 食品衛生申請等システム（オープンデータ）","municipality_code":"20211","municipality_pref":"長野県","municipality_name":"中野市","municipality_code_method":"food_exact_coord"},"geometry":{"type":"Point","coordinates":[138.313402,36.729981]}},{"type":"Feature","properties":{"layer_id":"cafe_restaurant","name":"有限会社カクアゲ本店","category":"food","address":"長野県中野市中央１丁目８番６号","source":"厚生労働省 食品衛生申請等システム（オープンデータ）","municipality_code":"20211","municipality_pref":"長野県","municipality_name":"中野市","municipality_code_method":"food_exact_coord"},"geometry":{"type":"Point","coordinates":[138.369845,36.746126000000004]}},{"type":"Feature","properties":{"layer_id":"cafe_restaurant","name":"マサノリ園ジェラート店","category":"food","address":"長野県中野市大字草間字中原１５４９－１","source":"厚生労働省 食品衛生申請等システム（オープンデータ）","municipality_code":"20211","municipality_pref":"長野県","municipality_name":"中野市","municipality_code_method":"food_exact_coord"},"geometry":{"type":"Point","coordinates":[138.326503,36.728671]}},{"type":"Feature","properties":{"layer_id":"cafe_restaurant","name":"ごはん処　條屋（屋台）","category":"food","address":"長野県中野市小田中１０１７－９","source":"厚生労働省 食品衛生申請等システム（オープンデータ）","municipality_code":"20211","municipality_pref":"長野県","municipality_name":"中野市","municipality_code_method":"food_exact_coord"},"geometry":{"type":"Point","coordinates":[138.380701,36.736998]}},{"type":"Feature","properties":{"layer_id":"cafe_restaurant","name":"ごはん処　條屋","category":"food","address":"長野県中野市若宮５６３－１","source":"厚生労働省 食品衛生申請等システム（オープンデータ）","municipality_code":"20211","municipality_pref":"長野県","municipality_name":"中野市","municipality_code_method":"food_exact_coord"},"geometry":{"type":"Point","coordinates":[138.368454,36.758335]}},{"type":"Feature","properties":{"layer_id":"cafe_restaurant","name":"つけめん丸長","category":"food","address":"長野県中野市新保５６－２","source":"厚生労働省 食品衛生申請等システム（オープンデータ）","municipality_code":"20211","municipality_pref":"長野県","municipality_name":"中野市","municipality_code_method":"food_exact_coord"},"geometry":{"type":"Point","coordinates":[138.359512,36.730672]}},{"type":"Feature","properties":{"layer_id":"cafe_restaurant","name":"三幸軒","category":"food","address":"長野県中野市大字中野２６２－５","source":"厚生労働省 食品衛生申請等システム（オープンデータ）","municipality_code":"20211","municipality_pref":"長野県","municipality_name":"中野市","municipality_code_method":"food_exact_coord"},"geometry":{"type":"Point","coordinates":[138.367889,36.73861]}},{"type":"Feature","properties":{"layer_id":"cafe_restaurant","name":"BLESS","category":"food","address":"長野県中野市","source":"厚生労働省 食品衛生申請等システム（オープンデータ）","municipality_code":"20211","municipality_pref":"長野県","municipality_name":"中野市","municipality_code_method":"food_exact_coord"},"geometry":{"type":"Point","coordinates":[138.369355,36.741999]}},{"type":"Feature","properties":{"layer_id":"cafe_restaurant","name":"ＢＬＥＳＳ","category":"food","address":"長野県中野市西１‐３‐３４ ブラジルビル２Ｆ Ｃ号室","source":"厚生労働省 食品衛生申請等システム（オープンデータ）","municipality_code":"20211","municipality_pref":"長野県","municipality_name":"中野市","municipality_code_method":"food_exact_coord"},"geometry":{"type":"Point","coordinates":[138.365434,36.745044]}},{"type":"Feature","properties":{"layer_id":"cafe_restaurant","name":"満留古農場","category":"food","address":"長野県中野市栗林96","source":"厚生労働省 食品衛生申請等システム（オープンデータ）","municipality_code":"20211","municipality_pref":"長野県","municipality_name":"中野市","municipality_code_method":"food_exact_coord"},"geometry":{"type":"Point","coordinates":[138.318112,36.740586]}},{"type":"Feature","properties":{"layer_id":"cafe_restaurant","name":"龍晴食堂","category":"food","address":"長野県中野市一本木696-3","source":"厚生労働省 食品衛生申請等システム（オープンデータ）","municipality_code":"20211","municipality_pref":"長野県","municipality_name":"中野市","municipality_code_method":"food_exact_coord"},"geometry":{"type":"Point","coordinates":[138.388487,36.758481]}},{"type":"Feature","properties":{"layer_id":"cafe_restaurant","name":"有限会社山崎精肉店","category":"food","address":"長野県中野市江部351-1","source":"厚生労働省 食品衛生申請等システム（オープンデータ）","municipality_code":"20211","municipality_pref":"長野県","municipality_name":"中野市","municipality_code_method":"food_exact_coord"},"geometry":{"type":"Point","coordinates":[138.343686,36.729749]}},{"type":"Feature","properties":{"layer_id":"cafe_restaurant","name":"アゼリア","category":"food","address":"長野県中野市中央３丁目４―１２","source":"厚生労働省 食品衛生申請等システム（オープンデータ）","municipality_code":"20211","municipality_pref":"長野県","municipality_name":"中野市","municipality_code_method":"food_exact_coord"},"geometry":{"type":"Point","coordinates":[138.371874,36.74715]}},{"type":"Feature","properties":{"layer_id":"cafe_restaurant","name":"金長食堂","category":"food","address":"長野県中野市中央１－１０－３","source":"厚生労働省 食品衛生申請等システム（オープンデータ）","municipality_code":"20211","municipality_pref":"長野県","municipality_name":"中野市","municipality_code_method":"food_exact_coord"},"geometry":{"type":"Point","coordinates":[138.36898,36.745786]}},{"type":"Feature","properties":{"layer_id":"cafe_restaurant","name":"新川三","category":"food","address":"長野県中野市中央１丁目２―７","source":"厚生労働省 食品衛生申請等システム（オープンデータ）","municipality_code":"20211","municipality_pref":"長野県","municipality_name":"中野市","municipality_code_method":"food_exact_coord"},"geometry":{"type":"Point","coordinates":[138.368591,36.74534]}},{"type":"Feature","properties":{"layer_id":"cafe_restaurant","name":"とんかつ都美多","category":"food","address":"長野県中野市大字吉田４４―７","source":"厚生労働省 食品衛生申請等システム（オープンデータ）","municipality_code":"20211","municipality_pref":"長野県","municipality_name":"中野市","municipality_code_method":"food_exact_coord"},"geometry":{"type":"Point","coordinates":[138.350766,36.749887]}},{"type":"Feature","properties":{"layer_id":"cafe_restaurant","name":"多恋人","category":"food","address":"長野県中野市小田中１０１７―３７","source":"厚生労働省 食品衛生申請等システム（オープンデータ）","municipality_code":"20211","municipality_pref":"長野県","municipality_name":"中野市","municipality_code_method":"food_exact_coord"},"geometry":{"type":"Point","coordinates":[138.381373,36.737118]}},{"type":"Feature","properties":{"layer_id":"cafe_restaurant","name":"坂本屋","category":"food","address":"長野県中野市中央１丁目１―１０","source":"厚生労働省 食品衛生申請等システム（オープンデータ）","municipality_code":"20211","municipality_pref":"長野県","municipality_name":"中野市","municipality_code_method":"food_exact_coord"},"geometry":{"type":"Point","coordinates":[138.368123,36.745316]}},{"type":"Feature","properties":{"layer_id":"cafe_restaurant","name":"くまごろう食堂","category":"food","address":"長野県中野市草間１５１１―６","source":"厚生労働省 食品衛生申請等システム（オープンデータ）","municipality_code":"20211","municipality_pref":"長野県","municipality_name":"中野市","municipality_code_method":"food_exact_coord"},"geometry":{"type":"Point","coordinates":[138.321967,36.733916]}},{"type":"Feature","properties":{"layer_id":"cafe_restaurant","name":"ピューピル","category":"food","address":"長野県中野市中央１－１２－１３ 湯町ビル１Ｆ","source":"厚生労働省 食品衛生申請等システム（オープンデータ）","municipality_code":"20211","municipality_pref":"長野県","municipality_name":"中野市","municipality_code_method":"food_exact_coord"},"geometry":{"type":"Point","coordinates":[138.368436,36.745438]}},{"type":"Feature","properties":{"layer_id":"cafe_restaurant","name":"喜楽亭","category":"food","address":"長野県中野市吉田片塩３５－１ Ｋ－１ビル１階","source":"厚生労働省 食品衛生申請等システム（オープンデータ）","municipality_code":"20211","municipality_pref":"長野県","municipality_name":"中野市","municipality_code_method":"food_exact_coord"},"geometry":{"type":"Point","coordinates":[138.356415,36.750373]}},{"type":"Feature","properties":{"layer_id":"cafe_restaurant","name":"カマリ","category":"food","address":"長野県中野市中央１－４－３","source":"厚生労働省 食品衛生申請等システム（オープンデータ）","municipality_code":"20211","municipality_pref":"長野県","municipality_name":"中野市","municipality_code_method":"food_exact_coord"},"geometry":{"type":"Point","coordinates":[138.368834,36.744492]}},{"type":"Feature","properties":{"layer_id":"cafe_restaurant","name":"ピザハウス　カラコルム","category":"food","address":"長野県中野市大字西条１００１","source":"厚生労働省 食品衛生申請等システム（オープンデータ）","municipality_code":"20211","municipality_pref":"長野県","municipality_name":"中野市","municipality_code_method":"food_exact_coord"},"geometry":{"type":"Point","coordinates":[138.366418,36.742746]}},{"type":"Feature","properties":{"layer_id":"cafe_restaurant","name":"ティールーム","category":"food","address":"長野県中野市三好町２－４－２２","source":"厚生労働省 食品衛生申請等システム（オープンデータ）","municipality_code":"20211","municipality_pref":"長野県","municipality_name":"中野市","municipality_code_method":"food_exact_coord"},"geometry":{"type":"Point","coordinates":[138.372877,36.739827]}},{"type":"Feature","properties":{"layer_id":"cafe_restaurant","name":"旬彩房","category":"food","address":"長野県中野市大字新井４３５ー３","source":"厚生労働省 食品衛生申請等システム（オープンデータ）","municipality_code":"20211","municipality_pref":"長野県","municipality_name":"中野市","municipality_code_method":"food_exact_coord"},"geometry":{"type":"Point","coordinates":[138.369058,36.756199]}},{"type":"Feature","properties":{"layer_id":"cafe_restaurant","name":"有限会社　たかやしろファーム","category":"food","address":"長野県中野市大字竹原１６０９－７","source":"厚生労働省 食品衛生申請等システム（オープンデータ）","municipality_code":"20211","municipality_pref":"長野県","municipality_name":"中野市","municipality_code_method":"food_exact_coord"},"geometry":{"type":"Point","coordinates":[138.381471,36.770031]}},{"type":"Feature","properties":{"layer_id":"cafe_restaurant","name":"有限会社　たかやしろファーム","category":"food","address":"長野県中野市大字竹原１６０９－７","source":"厚生労働省 食品衛生申請等システム（オープンデータ）","municipality_code":"20211","municipality_pref":"長野県","municipality_name":"中野市","municipality_code_method":"food_exact_coord"},"geometry":{"type":"Point","coordinates":[138.381471,36.770031]}},{"type":"Feature","properties":{"layer_id":"cafe_restaurant","name":"ミケーレ","category":"food","address":"長野県中野市西条６２７－４","source":"厚生労働省 食品衛生申請等システム（オープンデータ）","municipality_code":"20211","municipality_pref":"長野県","municipality_name":"中野市","municipality_code_method":"food_exact_coord"},"geometry":{"type":"Point","coordinates":[138.361617,36.739763]}},{"type":"Feature","properties":{"layer_id":"cafe_restaurant","name":"鳥げん","category":"food","address":"長野県中野市安源寺４０８－１","source":"厚生労働省 食品衛生申請等システム（オープンデータ）","municipality_code":"20211","municipality_pref":"長野県","municipality_name":"中野市","municipality_code_method":"food_exact_coord"},"geometry":{"type":"Point","coordinates":[138.336296,36.73982]}},{"type":"Feature","properties":{"layer_id":"cafe_restaurant","name":"だるま矢","category":"food","address":"長野県中野市岩船３０３－１ 中野グランドガーデン内","source":"厚生労働省 食品衛生申請等システム（オープンデータ）","municipality_code":"20211","municipality_pref":"長野県","municipality_name":"中野市","municipality_code_method":"food_exact_coord"},"geometry":{"type":"Point","coordinates":[138.361221,36.745882]}},{"type":"Feature","properties":{"layer_id":"cafe_restaurant","name":"川合屋精肉店","category":"food","address":"長野県中野市中野１６３２－ハ","source":"厚生労働省 食品衛生申請等システム（オープンデータ）","municipality_code":"20211","municipality_pref":"長野県","municipality_name":"中野市","municipality_code_method":"food_exact_coord"},"geometry":{"type":"Point","coordinates":[138.37241,36.747492]}},{"type":"Feature","properties":{"layer_id":"cafe_restaurant","name":"川合屋　精肉店","category":"food","address":"長野県中野市大字中野１６３２－ハ","source":"厚生労働省 食品衛生申請等システム（オープンデータ）","municipality_code":"20211","municipality_pref":"長野県","municipality_name":"中野市","municipality_code_method":"food_exact_coord"},"geometry":{"type":"Point","coordinates":[138.37241,36.747492]}},{"type":"Feature","properties":{"layer_id":"cafe_restaurant","name":"ローソン中野岩船店","category":"food","address":"長野県中野市大字岩船３０２－１","source":"厚生労働省 食品衛生申請等システム（オープンデータ）","municipality_code":"20211","municipality_pref":"長野県","municipality_name":"中野市","municipality_code_method":"food_exact_coord"},"geometry":{"type":"Point","coordinates":[138.36033,36.745909]}},{"type":"Feature","properties":{"layer_id":"cafe_restaurant","name":"ラーメン文太　長野８８す３８０９ＫＣ－ＬＹ１５１改","category":"food","address":"長野県中野市壁田１０３０－５","source":"厚生労働省 食品衛生申請等システム（オープンデータ）","municipality_code":"20211","municipality_pref":"長野県","municipality_name":"中野市","municipality_code_method":"food_exact_coord"},"geometry":{"type":"Point","coordinates":[138.349308,36.788837]}},{"type":"Feature","properties":{"layer_id":"cafe_restaurant","name":"マルタケヤ","category":"food","address":"長野県中野市小田中６５９","source":"厚生労働省 食品衛生申請等システム（オープンデータ）","municipality_code":"20211","municipality_pref":"長野県","municipality_name":"中野市","municipality_code_method":"food_exact_coord"},"geometry":{"type":"Point","coordinates":[138.37163,36.734576]}},{"type":"Feature","properties":{"layer_id":"cafe_restaurant","name":"北信ビアンモール","category":"food","address":"長野県中野市西１－５－６３ 北信総合病院内","source":"厚生労働省 食品衛生申請等システム（オープンデータ）","municipality_code":"20211","municipality_pref":"長野県","municipality_name":"中野市","municipality_code_method":"food_exact_coord"},"geometry":{"type":"Point","coordinates":[138.36561,36.746883]}},{"type":"Feature","properties":{"layer_id":"cafe_restaurant","name":"原豆腐園","category":"food","address":"長野県中野市中央２－６－１１","source":"厚生労働省 食品衛生申請等システム（オープンデータ）","municipality_code":"20211","municipality_pref":"長野県","municipality_name":"中野市","municipality_code_method":"food_exact_coord"},"geometry":{"type":"Point","coordinates":[138.372624,36.744979]}},{"type":"Feature","properties":{"layer_id":"cafe_restaurant","name":"（有）和喜多","category":"food","address":"長野県中野市中央１―１０―４","source":"厚生労働省 食品衛生申請等システム（オープンデータ）","municipality_code":"20211","municipality_pref":"長野県","municipality_name":"中野市","municipality_code_method":"food_exact_coord"},"geometry":{"type":"Point","coordinates":[138.369097,36.745906]}},{"type":"Feature","properties":{"layer_id":"cafe_restaurant","name":"さけふぇち","category":"food","address":"長野県中野市新野３４９","source":"厚生労働省 食品衛生申請等システム（オープンデータ）","municipality_code":"20211","municipality_pref":"長野県","municipality_name":"中野市","municipality_code_method":"food_exact_coord"},"geometry":{"type":"Point","coordinates":[138.367529,36.726126]}},{"type":"Feature","properties":{"layer_id":"cafe_restaurant","name":"さけふぇち","category":"food","address":"長野県中野市新野３４９","source":"厚生労働省 食品衛生申請等システム（オープンデータ）","municipality_code":"20211","municipality_pref":"長野県","municipality_name":"中野市","municipality_code_method":"food_exact_coord"},"geometry":{"type":"Point","coordinates":[138.367529,36.726126]}},{"type":"Feature","properties":{"layer_id":"cafe_restaurant","name":"そうげんラーメン","category":"food","address":"長野県中野市草間１５５４－１","source":"厚生労働省 食品衛生申請等システム（オープンデータ）","municipality_code":"20211","municipality_pref":"長野県","municipality_name":"中野市","municipality_code_method":"food_exact_coord"},"geometry":{"type":"Point","coordinates":[138.318657,36.735368]}},{"type":"Feature","properties":{"layer_id":"cafe_restaurant","name":"株式会社　そうげん","category":"food","address":"長野県中野市草間１５５４番地１","source":"厚生労働省 食品衛生申請等システム（オープンデータ）","municipality_code":"20211","municipality_pref":"長野県","municipality_name":"中野市","municipality_code_method":"food_exact_coord"},"geometry":{"type":"Point","coordinates":[138.318657,36.735368]}},{"type":"Feature","properties":{"layer_id":"cafe_restaurant","name":"株式会社デリシア　ユーパレット中野西店","category":"food","address":"長野県中野市大字江部字松ノ木１２３６","source":"厚生労働省 食品衛生申請等システム（オープンデータ）","municipality_code":"20211","municipality_pref":"長野県","municipality_name":"中野市","municipality_code_method":"food_exact_coord"},"geometry":{"type":"Point","coordinates":[138.341457,36.730576]}},{"type":"Feature","properties":{"layer_id":"cafe_restaurant","name":"わかば農園","category":"food","address":"長野県中野市若宮５２０","source":"厚生労働省 食品衛生申請等システム（オープンデータ）","municipality_code":"20211","municipality_pref":"長野県","municipality_name":"中野市","municipality_code_method":"food_exact_coord"},"geometry":{"type":"Point","coordinates":[138.370977,36.760779]}},{"type":"Feature","properties":{"layer_id":"cafe_restaurant","name":"序章","category":"food","address":"長野県中野市柳沢1151-1","source":"厚生労働省 食品衛生申請等システム（オープンデータ）","municipality_code":"20211","municipality_pref":"長野県","municipality_name":"中野市","municipality_code_method":"food_exact_coord"},"geometry":{"type":"Point","coordinates":[138.360805,36.804003]}},{"type":"Feature","properties":{"layer_id":"cafe_restaurant","name":"らーめん文太","category":"food","address":"長野県中野市片塩1104","source":"厚生労働省 食品衛生申請等システム（オープンデータ）","municipality_code":"20211","municipality_pref":"長野県","municipality_name":"中野市","municipality_code_method":"food_exact_coord"},"geometry":{"type":"Point","coordinates":[138.341457,36.743995]}},{"type":"Feature","properties":{"layer_id":"cafe_restaurant","name":"らーめん文太　長野８００す１９９６　ＫＫ－ＢＵ２８","category":"food","address":"長野県中野市壁田１０３０－５","source":"厚生労働省 食品衛生申請等システム（オープンデータ）","municipality_code":"20211","municipality_pref":"長野県","municipality_name":"中野市","municipality_code_method":"food_exact_coord"},"geometry":{"type":"Point","coordinates":[138.349308,36.788837]}},{"type":"Feature","properties":{"layer_id":"cafe_restaurant","name":"（有）小泉屋","category":"food","address":"長野県中野市大字江部１３２９番地２","source":"厚生労働省 食品衛生申請等システム（オープンデータ）","municipality_code":"20211","municipality_pref":"長野県","municipality_name":"中野市","municipality_code_method":"food_exact_coord"},"geometry":{"type":"Point","coordinates":[138.346403,36.742715]}},{"type":"Feature","properties":{"layer_id":"cafe_restaurant","name":"川合屋　精肉店","category":"food","address":"長野県中野市中野１６３２－ハ","source":"厚生労働省 食品衛生申請等システム（オープンデータ）","municipality_code":"20211","municipality_pref":"長野県","municipality_name":"中野市","municipality_code_method":"food_exact_coord"},"geometry":{"type":"Point","coordinates":[138.37241,36.747492]}},{"type":"Feature","properties":{"layer_id":"cafe_restaurant","name":"セブン－イレブン　中野市七瀬店","category":"food","address":"長野県中野市七瀬街渠３７８","source":"厚生労働省 食品衛生申請等システム（オープンデータ）","municipality_code":"20211","municipality_pref":"長野県","municipality_name":"中野市","municipality_code_method":"food_exact_coord"},"geometry":{"type":"Point","coordinates":[138.346442,36.755066]}},{"type":"Feature","properties":{"layer_id":"cafe_restaurant","name":"中野陣屋・県庁記念館　カフェー陣屋","category":"food","address":"長野県中野市中央２－４－４","source":"厚生労働省 食品衛生申請等システム（オープンデータ）","municipality_code":"20211","municipality_pref":"長野県","municipality_name":"中野市","municipality_code_method":"food_exact_coord"},"geometry":{"type":"Point","coordinates":[138.372708,36.744646]}},{"type":"Feature","properties":{"layer_id":"cafe_restaurant","name":"中野陣屋・県庁記念館　カフェー陣屋","category":"food","address":"長野県中野市中央２－４－４","source":"厚生労働省 食品衛生申請等システム（オープンデータ）","municipality_code":"20211","municipality_pref":"長野県","municipality_name":"中野市","municipality_code_method":"food_exact_coord"},"geometry":{"type":"Point","coordinates":[138.372708,36.744646]}},{"type":"Feature","properties":{"layer_id":"cafe_restaurant","name":"中野陣屋・県庁記念館　カフェー陣屋","category":"food","address":"長野県中野市中央二丁目４－４","source":"厚生労働省 食品衛生申請等システム（オープンデータ）","municipality_code":"20211","municipality_pref":"長野県","municipality_name":"中野市","municipality_code_method":"food_exact_coord"},"geometry":{"type":"Point","coordinates":[138.372708,36.744646]}},{"type":"Feature","properties":{"layer_id":"cafe_restaurant","name":"中野陣屋・県庁記念館　カフェー陣屋","category":"food","address":"長野県中野市中央二丁目４－４","source":"厚生労働省 食品衛生申請等システム（オープンデータ）","municipality_code":"20211","municipality_pref":"長野県","municipality_name":"中野市","municipality_code_method":"food_exact_coord"},"geometry":{"type":"Point","coordinates":[138.372708,36.744646]}},{"type":"Feature","properties":{"layer_id":"cafe_restaurant","name":"中野陣屋・県庁記念館　カフェー陣屋","category":"food","address":"長野県中野市中央二丁目４－４","source":"厚生労働省 食品衛生申請等システム（オープンデータ）","municipality_code":"20211","municipality_pref":"長野県","municipality_name":"中野市","municipality_code_method":"food_exact_coord"},"geometry":{"type":"Point","coordinates":[138.372708,36.744646]}},{"type":"Feature","properties":{"layer_id":"cafe_restaurant","name":"やきそばや","category":"food","address":"長野県中野市中央","source":"厚生労働省 食品衛生申請等システム（オープンデータ）","municipality_code":"20211","municipality_pref":"長野県","municipality_name":"中野市","municipality_code_method":"food_exact_coord"},"geometry":{"type":"Point","coordinates":[138.372624,36.744979]}},{"type":"Feature","properties":{"layer_id":"cafe_restaurant","name":"鉄板焼屋","category":"food","address":"長野県中野市中央１－１２－６","source":"厚生労働省 食品衛生申請等システム（オープンデータ）","municipality_code":"20211","municipality_pref":"長野県","municipality_name":"中野市","municipality_code_method":"food_exact_coord"},"geometry":{"type":"Point","coordinates":[138.368318,36.745923]}},{"type":"Feature","properties":{"layer_id":"cafe_restaurant","name":"新鮮屋　オタギリ","category":"food","address":"長野県中野市一本木３７５","source":"厚生労働省 食品衛生申請等システム（オープンデータ）","municipality_code":"20211","municipality_pref":"長野県","municipality_name":"中野市","municipality_code_method":"food_exact_coord"},"geometry":{"type":"Point","coordinates":[138.378832,36.757346]}},{"type":"Feature","properties":{"layer_id":"cafe_restaurant","name":"焼肉　おたぎり","category":"food","address":"長野県中野市一本木３７５","source":"厚生労働省 食品衛生申請等システム（オープンデータ）","municipality_code":"20211","municipality_pref":"長野県","municipality_name":"中野市","municipality_code_method":"food_exact_coord"},"geometry":{"type":"Point","coordinates":[138.378832,36.757346]}},{"type":"Feature","properties":{"layer_id":"cafe_restaurant","name":"HUBLIC NAKANO","category":"food","address":"長野県中野市壁田1572","source":"厚生労働省 食品衛生申請等システム（オープンデータ）","municipality_code":"20211","municipality_pref":"長野県","municipality_name":"中野市","municipality_code_method":"food_exact_coord"},"geometry":{"type":"Point","coordinates":[138.348384,36.778779]}},{"type":"Feature","properties":{"layer_id":"cafe_restaurant","name":"飲料店","category":"food","address":"長野県中野市岩船","source":"厚生労働省 食品衛生申請等システム（オープンデータ）","municipality_code":"20211","municipality_pref":"長野県","municipality_name":"中野市","municipality_code_method":"food_exact_coord"},"geometry":{"type":"Point","coordinates":[138.355168,36.742014]}},{"type":"Feature","properties":{"layer_id":"cafe_restaurant","name":"有限会社フレッシュファクトリー","category":"food","address":"長野県中野市片塩229","source":"厚生労働省 食品衛生申請等システム（オープンデータ）","municipality_code":"20211","municipality_pref":"長野県","municipality_name":"中野市","municipality_code_method":"food_exact_coord"},"geometry":{"type":"Point","coordinates":[138.344923,36.746347]}},{"type":"Feature","properties":{"layer_id":"cafe_restaurant","name":"フィオーレ一本木公園店","category":"food","address":"長野県中野市一本木４９５－６ （一本木公園内）","source":"厚生労働省 食品衛生申請等システム（オープンデータ）","municipality_code":"20211","municipality_pref":"長野県","municipality_name":"中野市","municipality_code_method":"food_exact_coord"},"geometry":{"type":"Point","coordinates":[138.376011,36.753743]}},{"type":"Feature","properties":{"layer_id":"cafe_restaurant","name":"めぐてらす","category":"food","address":"長野県中野市諏訪町3-30","source":"厚生労働省 食品衛生申請等システム（オープンデータ）","municipality_code":"20211","municipality_pref":"長野県","municipality_name":"中野市","municipality_code_method":"food_exact_coord"},"geometry":{"type":"Point","coordinates":[138.377037,36.745872]}},{"type":"Feature","properties":{"layer_id":"cafe_restaurant","name":"高社珈琲","category":"food","address":"長野県中野市大字赤岩６２４－５","source":"厚生労働省 食品衛生申請等システム（オープンデータ）","municipality_code":"20211","municipality_pref":"長野県","municipality_name":"中野市","municipality_code_method":"food_exact_coord"},"geometry":{"type":"Point","coordinates":[138.369593,36.787706]}},{"type":"Feature","properties":{"layer_id":"cafe_restaurant","name":"ｓｐｉｃｅ　ｋｉｔｃｈｅｎ　ｈｏｍａ","category":"food","address":"長野県中野市壁田１５７２","source":"厚生労働省 食品衛生申請等システム（オープンデータ）","municipality_code":"20211","municipality_pref":"長野県","municipality_name":"中野市","municipality_code_method":"food_exact_coord"},"geometry":{"type":"Point","coordinates":[138.348384,36.778779]}},{"type":"Feature","properties":{"layer_id":"cafe_restaurant","name":"ｓｐｉｃｅ　ｋｉｔｃｈｅｎ　ｈｏｍａ","category":"food","address":"長野県中野市壁田１５７２","source":"厚生労働省 食品衛生申請等システム（オープンデータ）","municipality_code":"20211","municipality_pref":"長野県","municipality_name":"中野市","municipality_code_method":"food_exact_coord"},"geometry":{"type":"Point","coordinates":[138.348384,36.778779]}},{"type":"Feature","properties":{"layer_id":"cafe_restaurant","name":"ちえこキッチン","category":"food","address":"長野県中野市大字草間1044-3","source":"厚生労働省 食品衛生申請等システム（オープンデータ）","municipality_code":"20211","municipality_pref":"長野県","municipality_name":"中野市","municipality_code_method":"food_exact_coord"},"geometry":{"type":"Point","coordinates":[138.32732,36.735554]}},{"type":"Feature","properties":{"layer_id":"cafe_restaurant","name":"キンタロウキッチン","category":"food","address":"長野県中野市江部１１４１－１５","source":"厚生労働省 食品衛生申請等システム（オープンデータ）","municipality_code":"20211","municipality_pref":"長野県","municipality_name":"中野市","municipality_code_method":"food_exact_coord"},"geometry":{"type":"Point","coordinates":[138.34655,36.737191]}},{"type":"Feature","properties":{"layer_id":"cafe_restaurant","name":"カラオケＪＯＹＪＯＹ信州中野店","category":"food","address":"長野県中野市大字一本木桜木６","source":"厚生労働省 食品衛生申請等システム（オープンデータ）","municipality_code":"20211","municipality_pref":"長野県","municipality_name":"中野市","municipality_code_method":"food_exact_coord"},"geometry":{"type":"Point","coordinates":[138.377612,36.756051]}},{"type":"Feature","properties":{"layer_id":"cafe_restaurant","name":"三宝亭　信州中野店","category":"food","address":"長野県中野市大字片塩７１－２","source":"厚生労働省 食品衛生申請等システム（オープンデータ）","municipality_code":"20211","municipality_pref":"長野県","municipality_name":"中野市","municipality_code_method":"food_exact_coord"},"geometry":{"type":"Point","coordinates":[138.349442,36.743941]}},{"type":"Feature","properties":{"layer_id":"cafe_restaurant","name":"有限会社芋川糀店","category":"food","address":"長野県中野市大字牛出２１５","source":"厚生労働省 食品衛生申請等システム（オープンデータ）","municipality_code":"20211","municipality_pref":"長野県","municipality_name":"中野市","municipality_code_method":"food_exact_coord"},"geometry":{"type":"Point","coordinates":[138.312,36.738186]}},{"type":"Feature","properties":{"layer_id":"cafe_restaurant","name":"東町祭りの会","category":"food","address":"長野県中野市諏訪町４－２０","source":"厚生労働省 食品衛生申請等システム（オープンデータ）","municipality_code":"20211","municipality_pref":"長野県","municipality_name":"中野市","municipality_code_method":"food_exact_coord"},"geometry":{"type":"Point","coordinates":[138.378041,36.745015]}},{"type":"Feature","properties":{"layer_id":"cafe_restaurant","name":"東町祭りの会","category":"food","address":"長野県中野市中央４－２－２８","source":"厚生労働省 食品衛生申請等システム（オープンデータ）","municipality_code":"20211","municipality_pref":"長野県","municipality_name":"中野市","municipality_code_method":"food_exact_coord"},"geometry":{"type":"Point","coordinates":[138.372624,36.744979]}},{"type":"Feature","properties":{"layer_id":"cafe_restaurant","name":"インザヴィレッジファーム","category":"food","address":"長野県中野市南宮１－４０ ドリームハイツ２０６","source":"厚生労働省 食品衛生申請等システム（オープンデータ）","municipality_code":"20211","municipality_pref":"長野県","municipality_name":"中野市","municipality_code_method":"food_exact_coord"},"geometry":{"type":"Point","coordinates":[138.371942,36.737995]}},{"type":"Feature","properties":{"layer_id":"cafe_restaurant","name":"株式会社小池えのき","category":"food","address":"長野県中野市大字七瀬４５番地１","source":"厚生労働省 食品衛生申請等システム（オープンデータ）","municipality_code":"20211","municipality_pref":"長野県","municipality_name":"中野市","municipality_code_method":"food_exact_coord"},"geometry":{"type":"Point","coordinates":[138.347054,36.753477]}},{"type":"Feature","properties":{"layer_id":"cafe_restaurant","name":"ＳＵＮＭＯＯＮ　ＣＯＦＦＥＥ","category":"food","address":"長野県中野市中野２２０３－１","source":"厚生労働省 食品衛生申請等システム（オープンデータ）","municipality_code":"20211","municipality_pref":"長野県","municipality_name":"中野市","municipality_code_method":"food_exact_coord"},"geometry":{"type":"Point","coordinates":[138.381354,36.752053]}},{"type":"Feature","properties":{"layer_id":"cafe_restaurant","name":"（名）柳南閣　割烹柳長","category":"food","address":"長野県中野市中央２丁目４―６","source":"厚生労働省 食品衛生申請等システム（オープンデータ）","municipality_code":"20211","municipality_pref":"長野県","municipality_name":"中野市","municipality_code_method":"food_exact_coord"},"geometry":{"type":"Point","coordinates":[138.372819,36.745027]}},{"type":"Feature","properties":{"layer_id":"cafe_restaurant","name":"江戸寿し　中野店","category":"food","address":"長野県中野市吉田１７－３","source":"厚生労働省 食品衛生申請等システム（オープンデータ）","municipality_code":"20211","municipality_pref":"長野県","municipality_name":"中野市","municipality_code_method":"food_exact_coord"},"geometry":{"type":"Point","coordinates":[138.35063,36.747575]}},{"type":"Feature","properties":{"layer_id":"cafe_restaurant","name":"旬季亭　あのね","category":"food","address":"長野県中野市岩船３０３－１ なかのグランドガーデン１Ｆ","source":"厚生労働省 食品衛生申請等システム（オープンデータ）","municipality_code":"20211","municipality_pref":"長野県","municipality_name":"中野市","municipality_code_method":"food_exact_coord"},"geometry":{"type":"Point","coordinates":[138.361221,36.745882]}},{"type":"Feature","properties":{"layer_id":"cafe_restaurant","name":"ローソン中野西条店","category":"food","address":"長野県中野市中野２７３－７","source":"厚生労働省 食品衛生申請等システム（オープンデータ）","municipality_code":"20211","municipality_pref":"長野県","municipality_name":"中野市","municipality_code_method":"food_exact_coord"},"geometry":{"type":"Point","coordinates":[138.366977,36.736846]}},{"type":"Feature","properties":{"layer_id":"cafe_restaurant","name":"Ｌｏｖｅ’ｓ　Ｐｉａｔｔｏ","category":"food","address":"長野県中野市中央３－１－１０","source":"厚生労働省 食品衛生申請等システム（オープンデータ）","municipality_code":"20211","municipality_pref":"長野県","municipality_name":"中野市","municipality_code_method":"food_exact_coord"},"geometry":{"type":"Point","coordinates":[138.36956,36.74656]}},{"type":"Feature","properties":{"layer_id":"cafe_restaurant","name":"ものがたりふーど舎","category":"food","address":"長野県中野市小館２－２８","source":"厚生労働省 食品衛生申請等システム（オープンデータ）","municipality_code":"20211","municipality_pref":"長野県","municipality_name":"中野市","municipality_code_method":"food_exact_coord"},"geometry":{"type":"Point","coordinates":[138.375449,36.742915]}},{"type":"Feature","properties":{"layer_id":"cafe_restaurant","name":"（有）亀屋製菓","category":"food","address":"長野県中野市吉田２９９","source":"厚生労働省 食品衛生申請等システム（オープンデータ）","municipality_code":"20211","municipality_pref":"長野県","municipality_name":"中野市","municipality_code_method":"food_exact_coord"},"geometry":{"type":"Point","coordinates":[138.354584,36.745574]}},{"type":"Feature","properties":{"layer_id":"cafe_restaurant","name":"（有）カネシメ渡辺商店","category":"food","address":"長野県中野市吉田１２８０－２９","source":"厚生労働省 食品衛生申請等システム（オープンデータ）","municipality_code":"20211","municipality_pref":"長野県","municipality_name":"中野市","municipality_code_method":"food_exact_coord"},"geometry":{"type":"Point","coordinates":[138.370968,36.750337]}},{"type":"Feature","properties":{"layer_id":"cafe_restaurant","name":"レストラン　ミューズ　シェ　シゲ","category":"food","address":"長野県中野市大字竹原１８８５－４","source":"厚生労働省 食品衛生申請等システム（オープンデータ）","municipality_code":"20211","municipality_pref":"長野県","municipality_name":"中野市","municipality_code_method":"food_exact_coord"},"geometry":{"type":"Point","coordinates":[138.395914,36.76264]}},{"type":"Feature","properties":{"layer_id":"cafe_restaurant","name":"鳥志ん","category":"food","address":"長野県中野市小田中４５３－１","source":"厚生労働省 食品衛生申請等システム（オープンデータ）","municipality_code":"20211","municipality_pref":"長野県","municipality_name":"中野市","municipality_code_method":"food_exact_coord"},"geometry":{"type":"Point","coordinates":[138.372254,36.737673]}},{"type":"Feature","properties":{"layer_id":"cafe_restaurant","name":"蘭蘭","category":"food","address":"長野県中野市金井１０１－１","source":"厚生労働省 食品衛生申請等システム（オープンデータ）","municipality_code":"20211","municipality_pref":"長野県","municipality_name":"中野市","municipality_code_method":"food_exact_coord"},"geometry":{"type":"Point","coordinates":[138.370916,36.767255]}},{"type":"Feature","properties":{"layer_id":"cafe_restaurant","name":"ｎｉｃｏ－ｓｉｍｐｌｙ","category":"food","address":"長野県中野市吉田森下９００－１","source":"厚生労働省 食品衛生申請等システム（オープンデータ）","municipality_code":"20211","municipality_pref":"長野県","municipality_name":"中野市","municipality_code_method":"food_exact_coord"},"geometry":{"type":"Point","coordinates":[138.356415,36.750373]}},{"type":"Feature","properties":{"layer_id":"cafe_restaurant","name":"長嶺温泉","category":"food","address":"長野県中野市田麦３３８","source":"厚生労働省 食品衛生申請等システム（オープンデータ）","municipality_code":"20211","municipality_pref":"長野県","municipality_name":"中野市","municipality_code_method":"food_exact_coord"},"geometry":{"type":"Point","coordinates":[138.348041,36.772342]}},{"type":"Feature","properties":{"layer_id":"cafe_restaurant","name":"Ｐｉｚｚａ　ｍａｒ　Ｍａｚｚｏ","category":"food","address":"長野県中野市一本木７１２－６","source":"厚生労働省 食品衛生申請等システム（オープンデータ）","municipality_code":"20211","municipality_pref":"長野県","municipality_name":"中野市","municipality_code_method":"food_exact_coord"},"geometry":{"type":"Point","coordinates":[138.391497,36.758543]}},{"type":"Feature","properties":{"layer_id":"cafe_restaurant","name":"carina carino","category":"food","address":"長野県中野市大字一本木７１２－６","source":"厚生労働省 食品衛生申請等システム（オープンデータ）","municipality_code":"20211","municipality_pref":"長野県","municipality_name":"中野市","municipality_code_method":"food_exact_coord"},"geometry":{"type":"Point","coordinates":[138.391497,36.758543]}},{"type":"Feature","properties":{"layer_id":"cafe_restaurant","name":"天領誉酒造（株）","category":"food","address":"長野県中野市岩船１９０","source":"厚生労働省 食品衛生申請等システム（オープンデータ）","municipality_code":"20211","municipality_pref":"長野県","municipality_name":"中野市","municipality_code_method":"food_exact_coord"},"geometry":{"type":"Point","coordinates":[138.35661,36.745459]}},{"type":"Feature","properties":{"layer_id":"cafe_restaurant","name":"セブンイレブン中野市南宮店","category":"food","address":"長野県中野市中野南宮３５４－１","source":"厚生労働省 食品衛生申請等システム（オープンデータ）","municipality_code":"20211","municipality_pref":"長野県","municipality_name":"中野市","municipality_code_method":"food_exact_coord"},"geometry":{"type":"Point","coordinates":[138.370753,36.739149]}},{"type":"Feature","properties":{"layer_id":"cafe_restaurant","name":"赤岩農業青年","category":"food","address":"長野県中野市赤岩６２３－２","source":"厚生労働省 食品衛生申請等システム（オープンデータ）","municipality_code":"20211","municipality_pref":"長野県","municipality_name":"中野市","municipality_code_method":"food_exact_coord"},"geometry":{"type":"Point","coordinates":[138.36955,36.787856]}},{"type":"Feature","properties":{"layer_id":"cafe_restaurant","name":"マルタケヤ","category":"food","address":"長野県中野市小田中６５９","source":"厚生労働省 食品衛生申請等システム（オープンデータ）","municipality_code":"20211","municipality_pref":"長野県","municipality_name":"中野市","municipality_code_method":"food_exact_coord"},"geometry":{"type":"Point","coordinates":[138.37163,36.734576]}},{"type":"Feature","properties":{"layer_id":"cafe_restaurant","name":"マルタケヤ","category":"food","address":"長野県中野市小田中６５９","source":"厚生労働省 食品衛生申請等システム（オープンデータ）","municipality_code":"20211","municipality_pref":"長野県","municipality_name":"中野市","municipality_code_method":"food_exact_coord"},"geometry":{"type":"Point","coordinates":[138.37163,36.734576]}},{"type":"Feature","properties":{"layer_id":"cafe_restaurant","name":"一般社団法人　一本木公園バラの会","category":"food","address":"長野県中野市一本木４９５－６","source":"厚生労働省 食品衛生申請等システム（オープンデータ）","municipality_code":"20211","municipality_pref":"長野県","municipality_name":"中野市","municipality_code_method":"food_exact_coord"},"geometry":{"type":"Point","coordinates":[138.376011,36.753743]}},{"type":"Feature","properties":{"layer_id":"cafe_restaurant","name":"ベルハウス　アスビーリビング","category":"food","address":"長野県中野市西２－３－９","source":"厚生労働省 食品衛生申請等システム（オープンデータ）","municipality_code":"20211","municipality_pref":"長野県","municipality_name":"中野市","municipality_code_method":"food_exact_coord"},"geometry":{"type":"Point","coordinates":[138.368328,36.748924]}},{"type":"Feature","properties":{"layer_id":"cafe_restaurant","name":"cafe Teco","category":"food","address":"長野県中野市三ツ和１８４９","source":"厚生労働省 食品衛生申請等システム（オープンデータ）","municipality_code":"20211","municipality_pref":"長野県","municipality_name":"中野市","municipality_code_method":"food_exact_coord"},"geometry":{"type":"Point","coordinates":[138.360737,36.715774]}},{"type":"Feature","properties":{"layer_id":"cafe_restaurant","name":"デリシア　中野店","category":"food","address":"長野県中野市吉田柿ノ木７２６","source":"厚生労働省 食品衛生申請等システム（オープンデータ）","municipality_code":"20211","municipality_pref":"長野県","municipality_name":"中野市","municipality_code_method":"food_exact_coord"},"geometry":{"type":"Point","coordinates":[138.356415,36.750373]}},{"type":"Feature","properties":{"layer_id":"cafe_restaurant","name":"セブンイレブンＫＯＹＯ北信総合病院店","category":"food","address":"長野県中野市西１－５－６３ 北信総合病院１Ｆ","source":"厚生労働省 食品衛生申請等システム（オープンデータ）","municipality_code":"20211","municipality_pref":"長野県","municipality_name":"中野市","municipality_code_method":"food_exact_coord"},"geometry":{"type":"Point","coordinates":[138.364212,36.734705]}},{"type":"Feature","properties":{"layer_id":"cafe_restaurant","name":"ＳＨＩＯＮ中野","category":"food","address":"長野県中野市片塩７２－１","source":"厚生労働省 食品衛生申請等システム（オープンデータ）","municipality_code":"20211","municipality_pref":"長野県","municipality_name":"中野市","municipality_code_method":"food_exact_coord"},"geometry":{"type":"Point","coordinates":[138.349584,36.744653]}},{"type":"Feature","properties":{"layer_id":"cafe_restaurant","name":"ｈａｐｐｙ　ｃｒｅｐｅ","category":"food","address":"長野県中野市大字安源寺６７０－１０","source":"厚生労働省 食品衛生申請等システム（オープンデータ）","municipality_code":"20211","municipality_pref":"長野県","municipality_name":"中野市","municipality_code_method":"food_exact_coord"},"geometry":{"type":"Point","coordinates":[138.331541,36.741175]}},{"type":"Feature","properties":{"layer_id":"cafe_restaurant","name":"Ｍａｄａｒａｏ　Ｍｏｕｎｔａｉｎ　Ｌｏｄｇｅ","category":"food","address":"長野県中野市豊津３３１７","source":"厚生労働省 食品衛生申請等システム（オープンデータ）","municipality_code":"20211","municipality_pref":"長野県","municipality_name":"中野市","municipality_code_method":"food_exact_coord"},"geometry":{"type":"Point","coordinates":[138.332808,36.778556]}},{"type":"Feature","properties":{"layer_id":"cafe_restaurant","name":"ガスト　信州中野店","category":"food","address":"長野県中野市吉田５４８－３","source":"厚生労働省 食品衛生申請等システム（オープンデータ）","municipality_code":"20211","municipality_pref":"長野県","municipality_name":"中野市","municipality_code_method":"food_exact_coord"},"geometry":{"type":"Point","coordinates":[138.357146,36.75528]}},{"type":"Feature","properties":{"layer_id":"cafe_restaurant","name":"+M","category":"food","address":"長野県中野市江部1148-4","source":"厚生労働省 食品衛生申請等システム（オープンデータ）","municipality_code":"20211","municipality_pref":"長野県","municipality_name":"中野市","municipality_code_method":"food_exact_coord"},"geometry":{"type":"Point","coordinates":[138.347543,36.737919]}},{"type":"Feature","properties":{"layer_id":"cafe_restaurant","name":"＋М","category":"food","address":"長野県中野市江部１１４８－４","source":"厚生労働省 食品衛生申請等システム（オープンデータ）","municipality_code":"20211","municipality_pref":"長野県","municipality_name":"中野市","municipality_code_method":"food_exact_coord"},"geometry":{"type":"Point","coordinates":[138.347543,36.737919]}},{"type":"Feature","properties":{"layer_id":"cafe_restaurant","name":"＋М","category":"food","address":"長野県中野市江部１１４８－４","source":"厚生労働省 食品衛生申請等システム（オープンデータ）","municipality_code":"20211","municipality_pref":"長野県","municipality_name":"中野市","municipality_code_method":"food_exact_coord"},"geometry":{"type":"Point","coordinates":[138.347543,36.737919]}},{"type":"Feature","properties":{"layer_id":"cafe_restaurant","name":"和み処　温","category":"food","address":"長野県中野市中央一丁目１０－１３","source":"厚生労働省 食品衛生申請等システム（オープンデータ）","municipality_code":"20211","municipality_pref":"長野県","municipality_name":"中野市","municipality_code_method":"food_exact_coord"},"geometry":{"type":"Point","coordinates":[138.369187,36.745902]}},{"type":"Feature","properties":{"layer_id":"cafe_restaurant","name":"はちみつとネコ","category":"food","address":"長野県中野市大字牛出２１３番地","source":"厚生労働省 食品衛生申請等システム（オープンデータ）","municipality_code":"20211","municipality_pref":"長野県","municipality_name":"中野市","municipality_code_method":"food_exact_coord"},"geometry":{"type":"Point","coordinates":[138.312935,36.737782]}},{"type":"Feature","properties":{"layer_id":"cafe_restaurant","name":"はちみつとネコ","category":"food","address":"長野県中野市大字牛出２１３番地","source":"厚生労働省 食品衛生申請等システム（オープンデータ）","municipality_code":"20211","municipality_pref":"長野県","municipality_name":"中野市","municipality_code_method":"food_exact_coord"},"geometry":{"type":"Point","coordinates":[138.312935,36.737782]}},{"type":"Feature","properties":{"layer_id":"cafe_restaurant","name":"ホテル　トラベルイン","category":"food","address":"長野県中野市草間１０４０－１","source":"厚生労働省 食品衛生申請等システム（オープンデータ）","municipality_code":"20211","municipality_pref":"長野県","municipality_name":"中野市","municipality_code_method":"food_exact_coord"},"geometry":{"type":"Point","coordinates":[138.327476,36.736319]}},{"type":"Feature","properties":{"layer_id":"cafe_restaurant","name":"デリシア中野店","category":"food","address":"長野県中野市吉田柿の木７２６","source":"厚生労働省 食品衛生申請等システム（オープンデータ）","municipality_code":"20211","municipality_pref":"長野県","municipality_name":"中野市","municipality_code_method":"food_exact_coord"},"geometry":{"type":"Point","coordinates":[138.356415,36.750373]}},{"type":"Feature","properties":{"layer_id":"cafe_restaurant","name":"しなの","category":"food","address":"長野県中野市大字片塩４０３－１","source":"厚生労働省 食品衛生申請等システム（オープンデータ）","municipality_code":"20211","municipality_pref":"長野県","municipality_name":"中野市","municipality_code_method":"food_exact_coord"},"geometry":{"type":"Point","coordinates":[138.338633,36.740572]}},{"type":"Feature","properties":{"layer_id":"cafe_restaurant","name":"まだらおの湯　喫茶コーナー","category":"food","address":"長野県中野市永江８１５６－６４９","source":"厚生労働省 食品衛生申請等システム（オープンデータ）","municipality_code":"20211","municipality_pref":"長野県","municipality_name":"中野市","municipality_code_method":"food_exact_coord"},"geometry":{"type":"Point","coordinates":[138.297641,36.834739]}},{"type":"Feature","properties":{"layer_id":"cafe_restaurant","name":"中野市斑尾高原体験交流施設　まだらおの湯","category":"food","address":"長野県中野市永江８１５６－６４９","source":"厚生労働省 食品衛生申請等システム（オープンデータ）","municipality_code":"20211","municipality_pref":"長野県","municipality_name":"中野市","municipality_code_method":"food_exact_coord"},"geometry":{"type":"Point","coordinates":[138.297641,36.834739]}},{"type":"Feature","properties":{"layer_id":"cafe_restaurant","name":"有限会社水橋酒店","category":"food","address":"長野県中野市三好町２－２－２６","source":"厚生労働省 食品衛生申請等システム（オープンデータ）","municipality_code":"20211","municipality_pref":"長野県","municipality_name":"中野市","municipality_code_method":"food_exact_coord"},"geometry":{"type":"Point","coordinates":[138.371426,36.74303]}},{"type":"Feature","properties":{"layer_id":"cafe_restaurant","name":"ｉｗｉｓｅａ","category":"food","address":"長野県中野市竹原３７４－５","source":"厚生労働省 食品衛生申請等システム（オープンデータ）","municipality_code":"20211","municipality_pref":"長野県","municipality_name":"中野市","municipality_code_method":"food_exact_coord"},"geometry":{"type":"Point","coordinates":[138.385452,36.762862]}},{"type":"Feature","properties":{"layer_id":"cafe_restaurant","name":"ママちきん","category":"food","address":"長野県中野市吉田７６３－６","source":"厚生労働省 食品衛生申請等システム（オープンデータ）","municipality_code":"20211","municipality_pref":"長野県","municipality_name":"中野市","municipality_code_method":"food_exact_coord"},"geometry":{"type":"Point","coordinates":[138.366181,36.752814]}},{"type":"Feature","properties":{"layer_id":"cafe_restaurant","name":"ｎｉｃｏ－ｓｉｍｐｌｙ","category":"food","address":"長野県中野市吉田９００－１","source":"厚生労働省 食品衛生申請等システム（オープンデータ）","municipality_code":"20211","municipality_pref":"長野県","municipality_name":"中野市","municipality_code_method":"food_exact_coord"},"geometry":{"type":"Point","coordinates":[138.358148,36.754729]}},{"type":"Feature","properties":{"layer_id":"cafe_restaurant","name":"胡蝶庵中野店","category":"food","address":"長野県中野市三ツ和８７ 綿半スーパーセンター中野店内","source":"厚生労働省 食品衛生申請等システム（オープンデータ）","municipality_code":"20211","municipality_pref":"長野県","municipality_name":"中野市","municipality_code_method":"food_exact_coord"},"geometry":{"type":"Point","coordinates":[138.337748,36.723341]}},{"type":"Feature","properties":{"layer_id":"cafe_restaurant","name":"ＪＡ中野市青年部","category":"food","address":"長野県中野市三好町1丁目2-8","source":"厚生労働省 食品衛生申請等システム（オープンデータ）","municipality_code":"20211","municipality_pref":"長野県","municipality_name":"中野市","municipality_code_method":"food_exact_coord"},"geometry":{"type":"Point","coordinates":[138.369219,36.743686]}},{"type":"Feature","properties":{"layer_id":"cafe_restaurant","name":"ルートインＧｒａｎｄ中野小布施","category":"food","address":"長野県中野市西一丁目３番２７号","source":"厚生労働省 食品衛生申請等システム（オープンデータ）","municipality_code":"20211","municipality_pref":"長野県","municipality_name":"中野市","municipality_code_method":"food_exact_coord"},"geometry":{"type":"Point","coordinates":[138.366374,36.744807]}},{"type":"Feature","properties":{"layer_id":"cafe_restaurant","name":"シンクコーヒー","category":"food","address":"長野県中野市中央２丁目８０９番地１","source":"厚生労働省 食品衛生申請等システム（オープンデータ）","municipality_code":"20211","municipality_pref":"長野県","municipality_name":"中野市","municipality_code_method":"food_exact_coord"},"geometry":{"type":"Point","coordinates":[138.373025,36.7439]}},{"type":"Feature","properties":{"layer_id":"cafe_restaurant","name":"ｃａｆｅ　ＲＵＳＴＩＣ","category":"food","address":"長野県中野市中野１９３３－７","source":"厚生労働省 食品衛生申請等システム（オープンデータ）","municipality_code":"20211","municipality_pref":"長野県","municipality_name":"中野市","municipality_code_method":"food_exact_coord"},"geometry":{"type":"Point","coordinates":[138.378294,36.754018]}},{"type":"Feature","properties":{"layer_id":"cafe_restaurant","name":"ｃａｆｅ’　ＳＴＡＹＧＯＬＤ","category":"food","address":"長野県中野市中央１－５－１９","source":"厚生労働省 食品衛生申請等システム（オープンデータ）","municipality_code":"20211","municipality_pref":"長野県","municipality_name":"中野市","municipality_code_method":"food_exact_coord"},"geometry":{"type":"Point","coordinates":[138.370534,36.743664]}},{"type":"Feature","properties":{"layer_id":"cafe_restaurant","name":"宅配クック　ワン・ツゥ・スリー　信州中野店","category":"food","address":"長野県中野市三好町１－３－３","source":"厚生労働省 食品衛生申請等システム（オープンデータ）","municipality_code":"20211","municipality_pref":"長野県","municipality_name":"中野市","municipality_code_method":"food_exact_coord"},"geometry":{"type":"Point","coordinates":[138.370244,36.743436]}},{"type":"Feature","properties":{"layer_id":"cafe_restaurant","name":"信州中野商工会議所青年部","category":"food","address":"長野県中野市中央１－７－１２","source":"厚生労働省 食品衛生申請等システム（オープンデータ）","municipality_code":"20211","municipality_pref":"長野県","municipality_name":"中野市","municipality_code_method":"food_exact_coord"},"geometry":{"type":"Point","coordinates":[138.37159,36.74541]}},{"type":"Feature","properties":{"layer_id":"cafe_restaurant","name":"信州中野商工会議所青年部","category":"food","address":"長野県中野市中央１－７－１２","source":"厚生労働省 食品衛生申請等システム（オープンデータ）","municipality_code":"20211","municipality_pref":"長野県","municipality_name":"中野市","municipality_code_method":"food_exact_coord"},"geometry":{"type":"Point","coordinates":[138.37159,36.74541]}},{"type":"Feature","properties":{"layer_id":"cafe_restaurant","name":"信州中野商工会議所青年部","category":"food","address":"長野県中野市中央１－７－１２","source":"厚生労働省 食品衛生申請等システム（オープンデータ）","municipality_code":"20211","municipality_pref":"長野県","municipality_name":"中野市","municipality_code_method":"food_exact_coord"},"geometry":{"type":"Point","coordinates":[138.37159,36.74541]}},{"type":"Feature","properties":{"layer_id":"cafe_restaurant","name":"トヨツヤ分店","category":"food","address":"長野県中野市中央１丁目５－１３","source":"厚生労働省 食品衛生申請等システム（オープンデータ）","municipality_code":"20211","municipality_pref":"長野県","municipality_name":"中野市","municipality_code_method":"food_exact_coord"},"geometry":{"type":"Point","coordinates":[138.370869,36.744089]}},{"type":"Feature","properties":{"layer_id":"cafe_restaurant","name":"麺倶楽亭（グッディーズ）","category":"food","address":"長野県中野市一本木２５２－１","source":"厚生労働省 食品衛生申請等システム（オープンデータ）","municipality_code":"20211","municipality_pref":"長野県","municipality_name":"中野市","municipality_code_method":"food_exact_coord"},"geometry":{"type":"Point","coordinates":[138.372468,36.758752]}},{"type":"Feature","properties":{"layer_id":"cafe_restaurant","name":"ハートネットしんしゅうなかの","category":"food","address":"長野県中野市西１－６－５","source":"厚生労働省 食品衛生申請等システム（オープンデータ）","municipality_code":"20211","municipality_pref":"長野県","municipality_name":"中野市","municipality_code_method":"food_exact_coord"},"geometry":{"type":"Point","coordinates":[138.36429,36.745833]}},{"type":"Feature","properties":{"layer_id":"cafe_restaurant","name":"まんま屋","category":"food","address":"長野県中野市西１－５－１","source":"厚生労働省 食品衛生申請等システム（オープンデータ）","municipality_code":"20211","municipality_pref":"長野県","municipality_name":"中野市","municipality_code_method":"food_exact_coord"},"geometry":{"type":"Point","coordinates":[138.365608,36.745666]}},{"type":"Feature","properties":{"layer_id":"cafe_restaurant","name":"あ・うん","category":"food","address":"長野県中野市新井３４３－３","source":"厚生労働省 食品衛生申請等システム（オープンデータ）","municipality_code":"20211","municipality_pref":"長野県","municipality_name":"中野市","municipality_code_method":"food_exact_coord"},"geometry":{"type":"Point","coordinates":[138.360155,36.762031]}},{"type":"Feature","properties":{"layer_id":"cafe_restaurant","name":"ビストロＫＵＵ","category":"food","address":"長野県中野市南宮１－４０ ドリームハイツ２０３","source":"厚生労働省 食品衛生申請等システム（オープンデータ）","municipality_code":"20211","municipality_pref":"長野県","municipality_name":"中野市","municipality_code_method":"food_exact_coord"},"geometry":{"type":"Point","coordinates":[138.371937,36.738011]}},{"type":"Feature","properties":{"layer_id":"cafe_restaurant","name":"セブンイレブン中野市吉田店","category":"food","address":"長野県中野市大字吉田字南新田２８０－２","source":"厚生労働省 食品衛生申請等システム（オープンデータ）","municipality_code":"20211","municipality_pref":"長野県","municipality_name":"中野市","municipality_code_method":"food_exact_coord"},"geometry":{"type":"Point","coordinates":[138.356415,36.750373]}},{"type":"Feature","properties":{"layer_id":"cafe_restaurant","name":"セブンイレブン　中野市若宮店","category":"food","address":"長野県中野市若宮１２２－１","source":"厚生労働省 食品衛生申請等システム（オープンデータ）","municipality_code":"20211","municipality_pref":"長野県","municipality_name":"中野市","municipality_code_method":"food_exact_coord"},"geometry":{"type":"Point","coordinates":[138.365416,36.764934]}},{"type":"Feature","properties":{"layer_id":"cafe_restaurant","name":"フェリシア","category":"food","address":"長野県中野市中央１－２－５ センターツリービル２Ｆ","source":"厚生労働省 食品衛生申請等システム（オープンデータ）","municipality_code":"20211","municipality_pref":"長野県","municipality_name":"中野市","municipality_code_method":"food_exact_coord"},"geometry":{"type":"Point","coordinates":[138.36842,36.745039]}},{"type":"Feature","properties":{"layer_id":"cafe_restaurant","name":"食事処　しんしゅう","category":"food","address":"長野県中野市中央４－２－３２","source":"厚生労働省 食品衛生申請等システム（オープンデータ）","municipality_code":"20211","municipality_pref":"長野県","municipality_name":"中野市","municipality_code_method":"food_exact_coord"},"geometry":{"type":"Point","coordinates":[138.372897,36.74555]}},{"type":"Feature","properties":{"layer_id":"cafe_restaurant","name":"喰庵　しゅう坊","category":"food","address":"長野県中野市小田中市道４２０－１","source":"厚生労働省 食品衛生申請等システム（オープンデータ）","municipality_code":"20211","municipality_pref":"長野県","municipality_name":"中野市","municipality_code_method":"food_exact_coord"},"geometry":{"type":"Point","coordinates":[138.372624,36.736031]}},{"type":"Feature","properties":{"layer_id":"cafe_restaurant","name":"ＪＡ中野市　女性部","category":"food","address":"長野県中野市金井５１０","source":"厚生労働省 食品衛生申請等システム（オープンデータ）","municipality_code":"20211","municipality_pref":"長野県","municipality_name":"中野市","municipality_code_method":"food_exact_coord"},"geometry":{"type":"Point","coordinates":[138.365934,36.770605]}},{"type":"Feature","properties":{"layer_id":"cafe_restaurant","name":"特別養護老人ホーム　高社の家","category":"food","address":"長野県中野市新井３５３","source":"厚生労働省 食品衛生申請等システム（オープンデータ）","municipality_code":"20211","municipality_pref":"長野県","municipality_name":"中野市","municipality_code_method":"food_exact_coord"},"geometry":{"type":"Point","coordinates":[138.365781,36.761286]}},{"type":"Feature","properties":{"layer_id":"cafe_restaurant","name":"Ｈ’ｓ　ｃｒｅｐｅ","category":"food","address":"長野県中野市大字上今井１３１","source":"厚生労働省 食品衛生申請等システム（オープンデータ）","municipality_code":"20211","municipality_pref":"長野県","municipality_name":"中野市","municipality_code_method":"food_exact_coord"},"geometry":{"type":"Point","coordinates":[138.314496,36.745972]}},{"type":"Feature","properties":{"layer_id":"cafe_restaurant","name":"Ｌｏｕｎｇｅ　Ｘ","category":"food","address":"長野県中野市中央１丁目９－７ プロ―ジェⅡ　２Ｆ","source":"厚生労働省 食品衛生申請等システム（オープンデータ）","municipality_code":"20211","municipality_pref":"長野県","municipality_name":"中野市","municipality_code_method":"food_exact_coord"},"geometry":{"type":"Point","coordinates":[138.369813,36.745725]}},{"type":"Feature","properties":{"layer_id":"cafe_restaurant","name":"居酒屋　華と月","category":"food","address":"長野県中野市中央一丁目１１－２４","source":"厚生労働省 食品衛生申請等システム（オープンデータ）","municipality_code":"20211","municipality_pref":"長野県","municipality_name":"中野市","municipality_code_method":"food_exact_coord"},"geometry":{"type":"Point","coordinates":[138.367967,36.746298]}},{"type":"Feature","properties":{"layer_id":"cafe_restaurant","name":"ドミノ・ピザ　中野江部店","category":"food","address":"長野県中野市江部1370-1","source":"厚生労働省 食品衛生申請等システム（オープンデータ）","municipality_code":"20211","municipality_pref":"長野県","municipality_name":"中野市","municipality_code_method":"food_exact_coord"},"geometry":{"type":"Point","coordinates":[138.35063,36.743486]}},{"type":"Feature","properties":{"layer_id":"cafe_restaurant","name":"麺堂そうげん","category":"food","address":"長野県中野市大字草間１５１１－６","source":"厚生労働省 食品衛生申請等システム（オープンデータ）","municipality_code":"20211","municipality_pref":"長野県","municipality_name":"中野市","municipality_code_method":"food_exact_coord"},"geometry":{"type":"Point","coordinates":[138.322025,36.734203]}},{"type":"Feature","properties":{"layer_id":"cafe_restaurant","name":"ほっともっと中野吉田店","category":"food","address":"長野県中野市吉田２８－１","source":"厚生労働省 食品衛生申請等システム（オープンデータ）","municipality_code":"20211","municipality_pref":"長野県","municipality_name":"中野市","municipality_code_method":"food_exact_coord"},"geometry":{"type":"Point","coordinates":[138.350474,36.748102]}},{"type":"Feature","properties":{"layer_id":"cafe_restaurant","name":"ほっともっと中野西条店","category":"food","address":"長野県中野市大字西条３３０－１５","source":"厚生労働省 食品衛生申請等システム（オープンデータ）","municipality_code":"20211","municipality_pref":"長野県","municipality_name":"中野市","municipality_code_method":"food_exact_coord"},"geometry":{"type":"Point","coordinates":[138.356415,36.736953]}},{"type":"Feature","properties":{"layer_id":"cafe_restaurant","name":"博多焼とり　鶏ぷる","category":"food","address":"長野県中野市小田中１８３－１","source":"厚生労働省 食品衛生申請等システム（オープンデータ）","municipality_code":"20211","municipality_pref":"長野県","municipality_name":"中野市","municipality_code_method":"food_exact_coord"},"geometry":{"type":"Point","coordinates":[138.37399,36.741407]}},{"type":"Feature","properties":{"layer_id":"cafe_restaurant","name":"Ｐｕｒｅ","category":"food","address":"長野県中野市中央１丁目１－１２","source":"厚生労働省 食品衛生申請等システム（オープンデータ）","municipality_code":"20211","municipality_pref":"長野県","municipality_name":"中野市","municipality_code_method":"food_exact_coord"},"geometry":{"type":"Point","coordinates":[138.368279,36.745312]}},{"type":"Feature","properties":{"layer_id":"cafe_restaurant","name":"ＰＩＥＣＥ","category":"food","address":"長野県中野市中央１丁目９－６ なかのプロージェ１階","source":"厚生労働省 食品衛生申請等システム（オープンデータ）","municipality_code":"20211","municipality_pref":"長野県","municipality_name":"中野市","municipality_code_method":"food_exact_coord"},"geometry":{"type":"Point","coordinates":[138.369605,36.745758]}},{"type":"Feature","properties":{"layer_id":"cafe_restaurant","name":"ＭＡＹＡＭＡＹＡ","category":"food","address":"長野県中野市大字間山１０１０－１","source":"厚生労働省 食品衛生申請等システム（オープンデータ）","municipality_code":"20211","municipality_pref":"長野県","municipality_name":"中野市","municipality_code_method":"food_exact_coord"},"geometry":{"type":"Point","coordinates":[138.380953,36.712415]}},{"type":"Feature","properties":{"layer_id":"cafe_restaurant","name":"Ｂｌｕｅ　Ｓｔａｒ","category":"food","address":"長野県中野市田上牧の入２４９２－１２","source":"厚生労働省 食品衛生申請等システム（オープンデータ）","municipality_code":"20211","municipality_pref":"長野県","municipality_name":"中野市","municipality_code_method":"food_exact_coord"},"geometry":{"type":"Point","coordinates":[138.369355,36.741999]}},{"type":"Feature","properties":{"layer_id":"cafe_restaurant","name":"カフェ＆スイーツ　らぱん","category":"food","address":"長野県中野市一本木４９５－６ 一本木公園内","source":"厚生労働省 食品衛生申請等システム（オープンデータ）","municipality_code":"20211","municipality_pref":"長野県","municipality_name":"中野市","municipality_code_method":"food_exact_coord"},"geometry":{"type":"Point","coordinates":[138.376076,36.7539175]}},{"type":"Feature","properties":{"layer_id":"cafe_restaurant","name":"ｂｏｕｒｇｅｒｅ","category":"food","address":"長野県中野市七瀬４０２－１","source":"厚生労働省 食品衛生申請等システム（オープンデータ）","municipality_code":"20211","municipality_pref":"長野県","municipality_name":"中野市","municipality_code_method":"food_exact_coord"},"geometry":{"type":"Point","coordinates":[138.346442,36.755066]}},{"type":"Feature","properties":{"layer_id":"cafe_restaurant","name":"Ｖａｌｍ","category":"food","address":"長野県中野市七瀬１６０８－１","source":"厚生労働省 食品衛生申請等システム（オープンデータ）","municipality_code":"20211","municipality_pref":"長野県","municipality_name":"中野市","municipality_code_method":"food_exact_coord"},"geometry":{"type":"Point","coordinates":[138.34411,36.759708]}},{"type":"Feature","properties":{"layer_id":"cafe_restaurant","name":"中野市豊田温泉公園もみじ荘","category":"food","address":"長野県中野市大字上今井３４６０－１","source":"厚生労働省 食品衛生申請等システム（オープンデータ）","municipality_code":"20211","municipality_pref":"長野県","municipality_name":"中野市","municipality_code_method":"food_exact_coord"},"geometry":{"type":"Point","coordinates":[138.316064,36.767931]}},{"type":"Feature","properties":{"layer_id":"cafe_restaurant","name":"中野市豊田ふるさと交流館　道の駅ふるさと豊田","category":"food","address":"長野県中野市大字永江２１３６番地","source":"厚生労働省 食品衛生申請等システム（オープンデータ）","municipality_code":"20211","municipality_pref":"長野県","municipality_name":"中野市","municipality_code_method":"food_exact_coord"},"geometry":{"type":"Point","coordinates":[138.299781,36.810816]}},{"type":"Feature","properties":{"layer_id":"cafe_restaurant","name":"ZENYA","category":"food","address":"長野県中野市中央２－２－３","source":"厚生労働省 食品衛生申請等システム（オープンデータ）","municipality_code":"20211","municipality_pref":"長野県","municipality_name":"中野市","municipality_code_method":"food_exact_coord"},"geometry":{"type":"Point","coordinates":[138.371758,36.744822]}},{"type":"Feature","properties":{"layer_id":"cafe_restaurant","name":"斑尾高原カントリー倶楽部","category":"food","address":"長野県中野市豊津赤坂８１５６","source":"厚生労働省 食品衛生申請等システム（オープンデータ）","municipality_code":"20211","municipality_pref":"長野県","municipality_name":"中野市","municipality_code_method":"food_exact_coord"},"geometry":{"type":"Point","coordinates":[138.330937,36.784232]}},{"type":"Feature","properties":{"layer_id":"cafe_restaurant","name":"ファミリーマート中野一本木公園南店","category":"food","address":"長野県中野市中野１８４７－１","source":"厚生労働省 食品衛生申請等システム（オープンデータ）","municipality_code":"20211","municipality_pref":"長野県","municipality_name":"中野市","municipality_code_method":"food_exact_coord"},"geometry":{"type":"Point","coordinates":[138.381354,36.752053]}},{"type":"Feature","properties":{"layer_id":"cafe_restaurant","name":"Ｈａｒｕ’ｓ　Ｋｉｔｃｈｅｎ","category":"food","address":"長野県中野市","source":"厚生労働省 食品衛生申請等システム（オープンデータ）","municipality_code":"20211","municipality_pref":"長野県","municipality_name":"中野市","municipality_code_method":"food_exact_coord"},"geometry":{"type":"Point","coordinates":[138.369355,36.741999]}},{"type":"Feature","properties":{"layer_id":"cafe_restaurant","name":"ＴＡＭＣＵＲＲＹ","category":"food","address":"長野県中野市三好町１丁目１番８号","source":"厚生労働省 食品衛生申請等システム（オープンデータ）","municipality_code":"20211","municipality_pref":"長野県","municipality_name":"中野市","municipality_code_method":"food_exact_coord"},"geometry":{"type":"Point","coordinates":[138.367832,36.744452]}},{"type":"Feature","properties":{"layer_id":"cafe_restaurant","name":"喫茶　Ａｎｋｉ","category":"food","address":"長野県中野市中央２丁目２－６","source":"厚生労働省 食品衛生申請等システム（オープンデータ）","municipality_code":"20211","municipality_pref":"長野県","municipality_name":"中野市","municipality_code_method":"food_exact_coord"},"geometry":{"type":"Point","coordinates":[138.371993,36.744721]}},{"type":"Feature","properties":{"layer_id":"cafe_restaurant","name":"金沢カレー　ガレージ中野店","category":"food","address":"長野県中野市吉田５９６－２","source":"厚生労働省 食品衛生申請等システム（オープンデータ）","municipality_code":"20211","municipality_pref":"長野県","municipality_name":"中野市","municipality_code_method":"food_exact_coord"},"geometry":{"type":"Point","coordinates":[138.360435,36.755466]}},{"type":"Feature","properties":{"layer_id":"cafe_restaurant","name":"ピアノ","category":"food","address":"長野県中野市中野２０７４－３３","source":"厚生労働省 食品衛生申請等システム（オープンデータ）","municipality_code":"20211","municipality_pref":"長野県","municipality_name":"中野市","municipality_code_method":"food_exact_coord"},"geometry":{"type":"Point","coordinates":[138.378001,36.750585]}},{"type":"Feature","properties":{"layer_id":"cafe_restaurant","name":"ラブ　リブ","category":"food","address":"長野県中野市中央１－９－２","source":"厚生労働省 食品衛生申請等システム（オープンデータ）","municipality_code":"20211","municipality_pref":"長野県","municipality_name":"中野市","municipality_code_method":"food_exact_coord"},"geometry":{"type":"Point","coordinates":[138.369253,36.745623]}},{"type":"Feature","properties":{"layer_id":"cafe_restaurant","name":"いなや","category":"food","address":"長野県中野市西２丁目２－４５","source":"厚生労働省 食品衛生申請等システム（オープンデータ）","municipality_code":"20211","municipality_pref":"長野県","municipality_name":"中野市","municipality_code_method":"food_exact_coord"},"geometry":{"type":"Point","coordinates":[138.367509,36.747649]}},{"type":"Feature","properties":{"layer_id":"cafe_restaurant","name":"（有）カクアゲ本店","category":"food","address":"長野県中野市中央１―８―６","source":"厚生労働省 食品衛生申請等システム（オープンデータ）","municipality_code":"20211","municipality_pref":"長野県","municipality_name":"中野市","municipality_code_method":"food_exact_coord"},"geometry":{"type":"Point","coordinates":[138.369845,36.746126000000004]}},{"type":"Feature","properties":{"layer_id":"cafe_restaurant","name":"富藤","category":"food","address":"長野県中野市岩船道添３０３―１","source":"厚生労働省 食品衛生申請等システム（オープンデータ）","municipality_code":"20211","municipality_pref":"長野県","municipality_name":"中野市","municipality_code_method":"food_exact_coord"},"geometry":{"type":"Point","coordinates":[138.355168,36.742014]}},{"type":"Feature","properties":{"layer_id":"cafe_restaurant","name":"酒処　峰","category":"food","address":"長野県中野市間長瀬４７９―３","source":"厚生労働省 食品衛生申請等システム（オープンデータ）","municipality_code":"20211","municipality_pref":"長野県","municipality_name":"中野市","municipality_code_method":"food_exact_coord"},"geometry":{"type":"Point","coordinates":[138.357343,36.777118]}},{"type":"Feature","properties":{"layer_id":"cafe_restaurant","name":"戸隠伊勢屋そば店","category":"food","address":"長野県中野市西１丁目４―１３","source":"厚生労働省 食品衛生申請等システム（オープンデータ）","municipality_code":"20211","municipality_pref":"長野県","municipality_name":"中野市","municipality_code_method":"food_exact_coord"},"geometry":{"type":"Point","coordinates":[138.367618,36.746194]}},{"type":"Feature","properties":{"layer_id":"cafe_restaurant","name":"三ツ葉屋","category":"food","address":"長野県中野市西１－５－６９","source":"厚生労働省 食品衛生申請等システム（オープンデータ）","municipality_code":"20211","municipality_pref":"長野県","municipality_name":"中野市","municipality_code_method":"food_exact_coord"},"geometry":{"type":"Point","coordinates":[138.365783,36.745536]}},{"type":"Feature","properties":{"layer_id":"cafe_restaurant","name":"小料理　海谷","category":"food","address":"長野県中野市中野中川原１７８５－１９","source":"厚生労働省 食品衛生申請等システム（オープンデータ）","municipality_code":"20211","municipality_pref":"長野県","municipality_name":"中野市","municipality_code_method":"food_exact_coord"},"geometry":{"type":"Point","coordinates":[138.381354,36.752053]}},{"type":"Feature","properties":{"layer_id":"cafe_restaurant","name":"鳥元坊","category":"food","address":"長野県中野市中央１丁目９－２９","source":"厚生労働省 食品衛生申請等システム（オープンデータ）","municipality_code":"20211","municipality_pref":"長野県","municipality_name":"中野市","municipality_code_method":"food_exact_coord"},"geometry":{"type":"Point","coordinates":[138.369376,36.745357]}},{"type":"Feature","properties":{"layer_id":"cafe_restaurant","name":"アローン","category":"food","address":"長野県中野市中央１－２－５ センターツリービル１Ｆ","source":"厚生労働省 食品衛生申請等システム（オープンデータ）","municipality_code":"20211","municipality_pref":"長野県","municipality_name":"中野市","municipality_code_method":"food_exact_coord"},"geometry":{"type":"Point","coordinates":[138.36842,36.745039]}},{"type":"Feature","properties":{"layer_id":"cafe_restaurant","name":"ながでんハートネット中野江部","category":"food","address":"長野県中野市江部４５０－１","source":"厚生労働省 食品衛生申請等システム（オープンデータ）","municipality_code":"20211","municipality_pref":"長野県","municipality_name":"中野市","municipality_code_method":"food_exact_coord"},"geometry":{"type":"Point","coordinates":[138.339217,36.728241]}},{"type":"Feature","properties":{"layer_id":"cafe_restaurant","name":"旭製パン（資）","category":"food","address":"長野県中野市中野１８６０","source":"厚生労働省 食品衛生申請等システム（オープンデータ）","municipality_code":"20211","municipality_pref":"長野県","municipality_name":"中野市","municipality_code_method":"food_exact_coord"},"geometry":{"type":"Point","coordinates":[138.381354,36.752053]}},{"type":"Feature","properties":{"layer_id":"cafe_restaurant","name":"セブンイレブン　中野市壁田店","category":"food","address":"長野県中野市壁田１４８５－１","source":"厚生労働省 食品衛生申請等システム（オープンデータ）","municipality_code":"20211","municipality_pref":"長野県","municipality_name":"中野市","municipality_code_method":"food_exact_coord"},"geometry":{"type":"Point","coordinates":[138.350128,36.780979]}},{"type":"Feature","properties":{"layer_id":"cafe_restaurant","name":"リバティ","category":"food","address":"長野県中野市中央１－１２－１３","source":"厚生労働省 食品衛生申請等システム（オープンデータ）","municipality_code":"20211","municipality_pref":"長野県","municipality_name":"中野市","municipality_code_method":"food_exact_coord"},"geometry":{"type":"Point","coordinates":[138.368436,36.745438]}},{"type":"Feature","properties":{"layer_id":"cafe_restaurant","name":"ファミリーマート中野東吉田店","category":"food","address":"長野県中野市吉田６８４－１","source":"厚生労働省 食品衛生申請等システム（オープンデータ）","municipality_code":"20211","municipality_pref":"長野県","municipality_name":"中野市","municipality_code_method":"food_exact_coord"},"geometry":{"type":"Point","coordinates":[138.364813,36.754319]}},{"type":"Feature","properties":{"layer_id":"cafe_restaurant","name":"セブン‐イレブン　中野市高丘店","category":"food","address":"長野県中野市草間字中原１５３４－１","source":"厚生労働省 食品衛生申請等システム（オープンデータ）","municipality_code":"20211","municipality_pref":"長野県","municipality_name":"中野市","municipality_code_method":"food_exact_coord"},"geometry":{"type":"Point","coordinates":[138.326503,36.728671]}},{"type":"Feature","properties":{"layer_id":"cafe_restaurant","name":"松栄寿司　中野駅前店","category":"food","address":"長野県中野市西１丁目５－１０","source":"厚生労働省 食品衛生申請等システム（オープンデータ）","municipality_code":"20211","municipality_pref":"長野県","municipality_name":"中野市","municipality_code_method":"food_exact_coord"},"geometry":{"type":"Point","coordinates":[138.365006,36.746294]}},{"type":"Feature","properties":{"layer_id":"cafe_restaurant","name":"ホテル国際２１　ＴＨＥ　ＦＩＶＥ　ＳＥＡＳＯＮＳ","category":"food","address":"長野県中野市吉田１０５５","source":"厚生労働省 食品衛生申請等システム（オープンデータ）","municipality_code":"20211","municipality_pref":"長野県","municipality_name":"中野市","municipality_code_method":"food_exact_coord"},"geometry":{"type":"Point","coordinates":[138.360028,36.746884]}},{"type":"Feature","properties":{"layer_id":"cafe_restaurant","name":"ツルヤ一本木店","category":"food","address":"長野県中野市竹原１１６－１","source":"厚生労働省 食品衛生申請等システム（オープンデータ）","municipality_code":"20211","municipality_pref":"長野県","municipality_name":"中野市","municipality_code_method":"food_exact_coord"},"geometry":{"type":"Point","coordinates":[138.380385,36.759409]}},{"type":"Feature","properties":{"layer_id":"cafe_restaurant","name":"蛍　そば＆dining","category":"food","address":"長野県中野市中野１８４６－５","source":"厚生労働省 食品衛生申請等システム（オープンデータ）","municipality_code":"20211","municipality_pref":"長野県","municipality_name":"中野市","municipality_code_method":"food_exact_coord"},"geometry":{"type":"Point","coordinates":[138.374904,36.751001]}},{"type":"Feature","properties":{"layer_id":"cafe_restaurant","name":"ホテル　ルートイン中野","category":"food","address":"長野県中野市字吉田立石木９９－１","source":"厚生労働省 食品衛生申請等システム（オープンデータ）","municipality_code":"20211","municipality_pref":"長野県","municipality_name":"中野市","municipality_code_method":"food_exact_coord"},"geometry":{"type":"Point","coordinates":[138.369355,36.741999]}},{"type":"Feature","properties":{"layer_id":"cafe_restaurant","name":"ベルタカギ　ベルカフェ","category":"food","address":"長野県中野市中央２丁目２番３号","source":"厚生労働省 食品衛生申請等システム（オープンデータ）","municipality_code":"20211","municipality_pref":"長野県","municipality_name":"中野市","municipality_code_method":"food_exact_coord"},"geometry":{"type":"Point","coordinates":[138.371758,36.744822]}},{"type":"Feature","properties":{"layer_id":"cafe_restaurant","name":"喫茶　ロザナ","category":"food","address":"長野県中野市中央１丁目９番２号 ブルータウン２Ｆ２０１号室","source":"厚生労働省 食品衛生申請等システム（オープンデータ）","municipality_code":"20211","municipality_pref":"長野県","municipality_name":"中野市","municipality_code_method":"food_exact_coord"},"geometry":{"type":"Point","coordinates":[138.369253,36.745623]}},{"type":"Feature","properties":{"layer_id":"cafe_restaurant","name":"セブンイレブン中野市吉田北店","category":"food","address":"長野県中野市大字吉田８９５番地１","source":"厚生労働省 食品衛生申請等システム（オープンデータ）","municipality_code":"20211","municipality_pref":"長野県","municipality_name":"中野市","municipality_code_method":"food_exact_coord"},"geometry":{"type":"Point","coordinates":[138.359059,36.753668]}},{"type":"Feature","properties":{"layer_id":"cafe_restaurant","name":"丸亀製麺信州中野","category":"food","address":"長野県中野市一本木７－１","source":"厚生労働省 食品衛生申請等システム（オープンデータ）","municipality_code":"20211","municipality_pref":"長野県","municipality_name":"中野市","municipality_code_method":"food_exact_coord"},"geometry":{"type":"Point","coordinates":[138.369837,36.757918]}},{"type":"Feature","properties":{"layer_id":"cafe_restaurant","name":"ベトナムホーム料理レストラン","category":"food","address":"長野県中野市西１丁目２－１０","source":"厚生労働省 食品衛生申請等システム（オープンデータ）","municipality_code":"20211","municipality_pref":"長野県","municipality_name":"中野市","municipality_code_method":"food_exact_coord"},"geometry":{"type":"Point","coordinates":[138.36523,36.745325]}},{"type":"Feature","properties":{"layer_id":"public_facilities","name":"中央公民館東山分館","category":"public","address":"中野市小田中1005","source":"国土交通省 国土数値情報","municipality_code":"20211","municipality_pref":"長野県","municipality_name":"中野市","municipality_code_method":"source_exact_coord"},"geometry":{"type":"Point","coordinates":[138.38278738032614,36.73687300343087]}},{"type":"Feature","properties":{"layer_id":"public_facilities","name":"中央公民館硲分館","category":"public","address":"中野市豊津5585-2","source":"国土交通省 国土数値情報","municipality_code":"20211","municipality_pref":"長野県","municipality_name":"中野市","municipality_code_method":"source_exact_coord"},"geometry":{"type":"Point","coordinates":[138.33468157180027,36.78869502657393]}},{"type":"Feature","properties":{"layer_id":"public_facilities","name":"中央公民館桜沢分館","category":"public","address":"中野市桜沢506-1","source":"国土交通省 国土数値情報","municipality_code":"20211","municipality_pref":"長野県","municipality_name":"中野市","municipality_code_method":"source_exact_coord"},"geometry":{"type":"Point","coordinates":[138.34880225465974,36.708482064813346]}},{"type":"Feature","properties":{"layer_id":"public_facilities","name":"農村環境改善センター","category":"public","address":"中野市東山1307-1","source":"国土交通省 国土数値情報","municipality_code":"20211","municipality_pref":"長野県","municipality_name":"中野市","municipality_code_method":"source_exact_coord"},"geometry":{"type":"Point","coordinates":[138.38210740271836,36.74626099464732]}},{"type":"Feature","properties":{"layer_id":"public_facilities","name":"栗林集会所","category":"public","address":"中野市栗林682","source":"国土交通省 国土数値情報","municipality_code":"20211","municipality_pref":"長野県","municipality_name":"中野市","municipality_code_method":"source_exact_coord"},"geometry":{"type":"Point","coordinates":[138.33301144369287,36.74755205106913]}},{"type":"Feature","properties":{"layer_id":"public_facilities","name":"中央公民館小沼分館","category":"public","address":"中野市大字三ツ和271","source":"国土交通省 国土数値情報","municipality_code":"20211","municipality_pref":"長野県","municipality_name":"中野市","municipality_code_method":"source_exact_coord"},"geometry":{"type":"Point","coordinates":[138.34717491733213,36.71986302550312]}},{"type":"Feature","properties":{"layer_id":"public_facilities","name":"西部公民館","category":"public","address":"中野市安源寺666-1","source":"国土交通省 国土数値情報","municipality_code":"20211","municipality_pref":"長野県","municipality_name":"中野市","municipality_code_method":"source_exact_coord"},"geometry":{"type":"Point","coordinates":[138.3364434042844,36.74008005223712]}},{"type":"Feature","properties":{"layer_id":"public_facilities","name":"上宿農家組合生活改善センター","category":"public","address":"中野市豊津2467-5","source":"国土交通省 国土数値情報","municipality_code":"20211","municipality_pref":"長野県","municipality_name":"中野市","municipality_code_method":"source_exact_coord"},"geometry":{"type":"Point","coordinates":[138.32360456624767,36.7736140472358]}},{"type":"Feature","properties":{"layer_id":"public_facilities","name":"中央公民館普代分館","category":"public","address":"中野市東山9-7","source":"国土交通省 国土数値情報","municipality_code":"20211","municipality_pref":"長野県","municipality_name":"中野市","municipality_code_method":"source_exact_coord"},"geometry":{"type":"Point","coordinates":[138.38073739645947,36.743173998952095]}},{"type":"Feature","properties":{"layer_id":"public_facilities","name":"東江部研修センター","category":"public","address":"中野市江部104","source":"国土交通省 国土数値情報","municipality_code":"20211","municipality_pref":"長野県","municipality_name":"中野市","municipality_code_method":"source_exact_coord"},"geometry":{"type":"Point","coordinates":[138.34701337969574,36.73563704287034]}},{"type":"Feature","properties":{"layer_id":"public_facilities","name":"北永江農家組合集会所","category":"public","address":"中野市永江3697-1","source":"国土交通省 国土数値情報","municipality_code":"20211","municipality_pref":"長野県","municipality_name":"中野市","municipality_code_method":"source_exact_coord"},"geometry":{"type":"Point","coordinates":[138.31015564593167,36.798698046960006]}},{"type":"Feature","properties":{"layer_id":"public_facilities","name":"中央公民館一本木分館","category":"public","address":"中野市一本木408-2","source":"国土交通省 国土数値情報","municipality_code":"20211","municipality_pref":"長野県","municipality_name":"中野市","municipality_code_method":"source_exact_coord"},"geometry":{"type":"Point","coordinates":[138.3748814279353,36.75597499337601]}},{"type":"Feature","properties":{"layer_id":"public_facilities","name":"荒山集会所","category":"public","address":"中野市上今井3341-4","source":"国土交通省 国土数値情報","municipality_code":"20211","municipality_pref":"長野県","municipality_name":"中野市","municipality_code_method":"source_exact_coord"},"geometry":{"type":"Point","coordinates":[138.3191775518005,36.76553905852178]}},{"type":"Feature","properties":{"layer_id":"public_facilities","name":"豊田ふるさと交流館","category":"public","address":"中野市永江2136","source":"国土交通省 国土数値情報","municipality_code":"20211","municipality_pref":"長野県","municipality_name":"中野市","municipality_code_method":"source_exact_coord"},"geometry":{"type":"Point","coordinates":[138.3223296211182,36.80051503332006]}},{"type":"Feature","properties":{"layer_id":"public_facilities","name":"松川区民会館","category":"public","address":"中野市中野1862-5","source":"国土交通省 国土数値情報","municipality_code":"20211","municipality_pref":"長野県","municipality_name":"中野市","municipality_code_method":"source_exact_coord"},"geometry":{"type":"Point","coordinates":[138.37468541332657,36.749668997907776]}},{"type":"Feature","properties":{"layer_id":"public_facilities","name":"北部公民館","category":"public","address":"中野市赤岩1447","source":"国土交通省 国土数値情報","municipality_code":"20211","municipality_pref":"長野県","municipality_name":"中野市","municipality_code_method":"source_exact_coord"},"geometry":{"type":"Point","coordinates":[138.36259849780689,36.785987991556766]}},{"type":"Feature","properties":{"layer_id":"public_facilities","name":"中央公民館長元坊分館","category":"public","address":"中野市竹原1892-11","source":"国土交通省 国土数値情報","municipality_code":"20211","municipality_pref":"長野県","municipality_name":"中野市","municipality_code_method":"source_exact_coord"},"geometry":{"type":"Point","coordinates":[138.39117843101766,36.76771796743956]}},{"type":"Feature","properties":{"layer_id":"public_facilities","name":"松川東部コミュニティセンター","category":"public","address":"中野市中野1475-1","source":"国土交通省 国土数値情報","municipality_code":"20211","municipality_pref":"長野県","municipality_name":"中野市","municipality_code_method":"source_exact_coord"},"geometry":{"type":"Point","coordinates":[138.37664640885055,36.748116997645546]}},{"type":"Feature","properties":{"layer_id":"public_facilities","name":"片塩公会堂","category":"public","address":"中野市片塩348-1","source":"国土交通省 国土数値情報","municipality_code":"20211","municipality_pref":"長野県","municipality_name":"中野市","municipality_code_method":"source_exact_coord"},"geometry":{"type":"Point","coordinates":[138.3404944141937,36.74281204525045]}},{"type":"Feature","properties":{"layer_id":"public_facilities","name":"中央公民館越分館","category":"public","address":"中野市越1113","source":"国土交通省 国土数値情報","municipality_code":"20211","municipality_pref":"長野県","municipality_name":"中野市","municipality_code_method":"source_exact_coord"},"geometry":{"type":"Point","coordinates":[138.3692544765406,36.779359986101085]}},{"type":"Feature","properties":{"layer_id":"public_facilities","name":"中央公民館篠井分館","category":"public","address":"中野市篠井274-3","source":"国土交通省 国土数値情報","municipality_code":"20211","municipality_pref":"長野県","municipality_name":"中野市","municipality_code_method":"source_exact_coord"},"geometry":{"type":"Point","coordinates":[138.36101133804954,36.72495603503635]}},{"type":"Feature","properties":{"layer_id":"public_facilities","name":"壁田転作促進研修センター","category":"public","address":"中野市壁田1135-1","source":"国土交通省 国土数値情報","municipality_code":"20211","municipality_pref":"長野県","municipality_name":"中野市","municipality_code_method":"source_exact_coord"},"geometry":{"type":"Point","coordinates":[138.34826453371934,36.787445009283786]}},{"type":"Feature","properties":{"layer_id":"public_facilities","name":"北部給食センター","category":"public","address":"中野市新井332-1","source":"国土交通省 国土数値情報","municipality_code":"20211","municipality_pref":"長野県","municipality_name":"中野市","municipality_code_method":"source_exact_coord"},"geometry":{"type":"Point","coordinates":[138.36548444828185,36.76100300046512]}},{"type":"Feature","properties":{"layer_id":"public_facilities","name":"中央公民館美沢分館","category":"public","address":"中野市大字穴田31-15","source":"国土交通省 国土数値情報","municipality_code":"20211","municipality_pref":"長野県","municipality_name":"中野市","municipality_code_method":"source_exact_coord"},"geometry":{"type":"Point","coordinates":[138.32172970787803,36.77610132834859]}},{"type":"Feature","properties":{"layer_id":"public_facilities","name":"豊田支所","category":"public","address":"中野市豊津2508","source":"国土交通省 国土数値情報","municipality_code":"20211","municipality_pref":"長野県","municipality_name":"中野市","municipality_code_method":"source_exact_coord"},"geometry":{"type":"Point","coordinates":[138.32470756370532,36.77374704567647]}},{"type":"Feature","properties":{"layer_id":"public_facilities","name":"上の山生活改善センター","category":"public","address":"中野市上今井463-25","source":"国土交通省 国土数値情報","municipality_code":"20211","municipality_pref":"長野県","municipality_name":"中野市","municipality_code_method":"source_exact_coord"},"geometry":{"type":"Point","coordinates":[138.31578646867422,36.74871307116653]}},{"type":"Feature","properties":{"layer_id":"public_facilities","name":"岩船公会堂","category":"public","address":"中野市岩船223-4","source":"国土交通省 国土数値情報","municipality_code":"20211","municipality_pref":"長野県","municipality_name":"中野市","municipality_code_method":"source_exact_coord"},"geometry":{"type":"Point","coordinates":[138.35707940449,36.7431420242106]}},{"type":"Feature","properties":{"layer_id":"public_facilities","name":"日和ケ丘集会所","category":"public","address":"中野市草間1833-17","source":"国土交通省 国土数値情報","municipality_code":"20211","municipality_pref":"長野県","municipality_name":"中野市","municipality_code_method":"source_exact_coord"},"geometry":{"type":"Point","coordinates":[138.32037535488934,36.73077307526622]}},{"type":"Feature","properties":{"layer_id":"public_facilities","name":"中央公民館草間分館","category":"public","address":"中野市草間736","source":"国土交通省 国土数値情報","municipality_code":"20211","municipality_pref":"長野県","municipality_name":"中野市","municipality_code_method":"source_exact_coord"},"geometry":{"type":"Point","coordinates":[138.3262163349459,36.72705207228579]}},{"type":"Feature","properties":{"layer_id":"public_facilities","name":"深沢コミュニティセンター","category":"public","address":"中野市深沢18-1","source":"国土交通省 国土数値情報","municipality_code":"20211","municipality_pref":"長野県","municipality_name":"中野市","municipality_code_method":"source_exact_coord"},"geometry":{"type":"Point","coordinates":[138.3792744541912,36.77480497594156]}},{"type":"Feature","properties":{"layer_id":"public_facilities","name":"中央公民館更科分館","category":"public","address":"中野市更科480","source":"国土交通省 国土数値情報","municipality_code":"20211","municipality_pref":"長野県","municipality_name":"中野市","municipality_code_method":"source_exact_coord"},"geometry":{"type":"Point","coordinates":[138.38003636410377,36.73096801178121]}},{"type":"Feature","properties":{"layer_id":"public_facilities","name":"篠井生活改善研修センター","category":"public","address":"中野市篠井274-3","source":"国土交通省 国土数値情報","municipality_code":"20211","municipality_pref":"長野県","municipality_name":"中野市","municipality_code_method":"source_exact_coord"},"geometry":{"type":"Point","coordinates":[138.3609983385227,36.725080034930045]}},{"type":"Feature","properties":{"layer_id":"public_facilities","name":"中央公民館七瀬分館","category":"public","address":"中野市七瀬241-1","source":"国土交通省 国土数値情報","municipality_code":"20211","municipality_pref":"長野県","municipality_name":"中野市","municipality_code_method":"source_exact_coord"},"geometry":{"type":"Point","coordinates":[138.34966645439138,36.75560502449243]}},{"type":"Feature","properties":{"layer_id":"public_facilities","name":"草間転作促進研修センター","category":"public","address":"中野市草間1078","source":"国土交通省 国土数値情報","municipality_code":"20211","municipality_pref":"長野県","municipality_name":"中野市","municipality_code_method":"source_exact_coord"},"geometry":{"type":"Point","coordinates":[138.32280236980347,36.73302007161091]}},{"type":"Feature","properties":{"layer_id":"public_facilities","name":"中央公民館南間長瀬分館","category":"public","address":"中野市間長瀬31","source":"国土交通省 国土数値情報","municipality_code":"20211","municipality_pref":"長野県","municipality_name":"中野市","municipality_code_method":"source_exact_coord"},"geometry":{"type":"Point","coordinates":[138.35728448899596,36.773970004526554]}},{"type":"Feature","properties":{"layer_id":"public_facilities","name":"豊田文化センター","category":"public","address":"中野市豊津2509","source":"国土交通省 国土数値情報","municipality_code":"20211","municipality_pref":"長野県","municipality_name":"中野市","municipality_code_method":"source_exact_coord"},"geometry":{"type":"Point","coordinates":[138.32482456493534,36.77426104517781]}},{"type":"Feature","properties":{"layer_id":"public_facilities","name":"中央公民館深沢分館","category":"public","address":"中野市深沢18-1","source":"国土交通省 国土数値情報","municipality_code":"20211","municipality_pref":"長野県","municipality_name":"中野市","municipality_code_method":"source_exact_coord"},"geometry":{"type":"Point","coordinates":[138.37927045419596,36.774803975946675]}},{"type":"Feature","properties":{"layer_id":"public_facilities","name":"吉田研修センター","category":"public","address":"中野市吉田1032","source":"国土交通省 国土数値情報","municipality_code":"20211","municipality_pref":"長野県","municipality_name":"中野市","municipality_code_method":"source_exact_coord"},"geometry":{"type":"Point","coordinates":[138.3589944208554,36.74859101706859]}},{"type":"Feature","properties":{"layer_id":"public_facilities","name":"中央公民館壁田分館","category":"public","address":"中野市壁田1133-3","source":"国土交通省 国土数値情報","municipality_code":"20211","municipality_pref":"長野県","municipality_name":"中野市","municipality_code_method":"source_exact_coord"},"geometry":{"type":"Point","coordinates":[138.348234533771,36.78742800932945]}},{"type":"Feature","properties":{"layer_id":"public_facilities","name":"中央公民館岩船分館","category":"public","address":"中野市岩船223-4","source":"国土交通省 国土数値情報","municipality_code":"20211","municipality_pref":"長野県","municipality_name":"中野市","municipality_code_method":"source_exact_coord"},"geometry":{"type":"Point","coordinates":[138.3571794043884,36.74312702410842]}},{"type":"Feature","properties":{"layer_id":"public_facilities","name":"中央公民館西条分館","category":"public","address":"中野市西条802-ノ1","source":"国土交通省 国土数値情報","municipality_code":"20211","municipality_pref":"長野県","municipality_name":"中野市","municipality_code_method":"source_exact_coord"},"geometry":{"type":"Point","coordinates":[138.3631373828752,36.737382021670186]}},{"type":"Feature","properties":{"layer_id":"public_facilities","name":"中央公民館西組分館","category":"public","address":"中野市永江6105","source":"国土交通省 国土数値情報","municipality_code":"20211","municipality_pref":"長野県","municipality_name":"中野市","municipality_code_method":"source_exact_coord"},"geometry":{"type":"Point","coordinates":[138.29260669317483,36.810466050732444]}},{"type":"Feature","properties":{"layer_id":"public_facilities","name":"中央公民館片塩分館","category":"public","address":"中野市片塩348-1","source":"国土交通省 国土数値情報","municipality_code":"20211","municipality_pref":"長野県","municipality_name":"中野市","municipality_code_method":"source_exact_coord"},"geometry":{"type":"Point","coordinates":[138.3404944141893,36.74281104525112]}},{"type":"Feature","properties":{"layer_id":"public_facilities","name":"平野児童センター","category":"public","address":"中野市岩船43","source":"国土交通省 国土数値情報","municipality_code":"20211","municipality_pref":"長野県","municipality_name":"中野市","municipality_code_method":"source_exact_coord"},"geometry":{"type":"Point","coordinates":[138.35086340126279,36.74137903266012]}},{"type":"Feature","properties":{"layer_id":"public_facilities","name":"中央公民館泉分館","category":"public","address":"中野市江部1379","source":"国土交通省 国土数値情報","municipality_code":"20211","municipality_pref":"長野県","municipality_name":"中野市","municipality_code_method":"source_exact_coord"},"geometry":{"type":"Point","coordinates":[138.35314640917198,36.74389202817262]}},{"type":"Feature","properties":{"layer_id":"public_facilities","name":"中央公民館毛野川分館","category":"public","address":"中野市大字穴田1097-2","source":"国土交通省 国土数値情報","municipality_code":"20211","municipality_pref":"長野県","municipality_name":"中野市","municipality_code_method":"source_exact_coord"},"geometry":{"type":"Point","coordinates":[138.30473726944638,36.783749712182555]}},{"type":"Feature","properties":{"layer_id":"public_facilities","name":"豊田公民館","category":"public","address":"中野市豊津2509","source":"国土交通省 国土数値情報","municipality_code":"20211","municipality_pref":"長野県","municipality_name":"中野市","municipality_code_method":"source_exact_coord"},"geometry":{"type":"Point","coordinates":[138.32483456490866,36.77426104516447]}},{"type":"Feature","properties":{"layer_id":"public_facilities","name":"中央公民館若宮分館","category":"public","address":"中野市大字若宮619","source":"国土交通省 国土数値情報","municipality_code":"20211","municipality_pref":"長野県","municipality_name":"中野市","municipality_code_method":"source_exact_coord"},"geometry":{"type":"Point","coordinates":[138.3672050221146,36.76350428688584]}},{"type":"Feature","properties":{"layer_id":"public_facilities","name":"南永江地域交流センター","category":"public","address":"中野市永江305-1","source":"国土交通省 国土数値情報","municipality_code":"20211","municipality_pref":"長野県","municipality_name":"中野市","municipality_code_method":"source_exact_coord"},"geometry":{"type":"Point","coordinates":[138.30457664386162,36.792249056535795]}},{"type":"Feature","properties":{"layer_id":"public_facilities","name":"新田構造改善センター","category":"public","address":"中野市竹原309-1","source":"国土交通省 国土数値情報","municipality_code":"20211","municipality_pref":"長野県","municipality_name":"中野市","municipality_code_method":"source_exact_coord"},"geometry":{"type":"Point","coordinates":[138.38859742633886,36.762046974222486]}},{"type":"Feature","properties":{"layer_id":"public_facilities","name":"大俣公民館","category":"public","address":"中野市大俣1350-7","source":"国土交通省 国土数値情報","municipality_code":"20211","municipality_pref":"長野県","municipality_name":"中野市","municipality_code_method":"source_exact_coord"},"geometry":{"type":"Point","coordinates":[138.3292155154747,36.76268704703911]}},{"type":"Feature","properties":{"layer_id":"public_facilities","name":"中央公民館松川分館","category":"public","address":"中野市中野1862-ノ5","source":"国土交通省 国土数値情報","municipality_code":"20211","municipality_pref":"長野県","municipality_name":"中野市","municipality_code_method":"source_exact_coord"},"geometry":{"type":"Point","coordinates":[138.37482041314522,36.74962899779778]}},{"type":"Feature","properties":{"layer_id":"public_facilities","name":"中央公民館吉田分館","category":"public","address":"中野市吉田1032","source":"国土交通省 国土数値情報","municipality_code":"20211","municipality_pref":"長野県","municipality_name":"中野市","municipality_code_method":"source_exact_coord"},"geometry":{"type":"Point","coordinates":[138.35900942062332,36.74852201711172]}},{"type":"Feature","properties":{"layer_id":"public_facilities","name":"中央公民館東町分館","category":"public","address":"中野市中央4-4-8","source":"国土交通省 国土数値情報","municipality_code":"20211","municipality_pref":"長野県","municipality_name":"中野市","municipality_code_method":"source_exact_coord"},"geometry":{"type":"Point","coordinates":[138.37511640401232,36.74578200134055]}},{"type":"Feature","properties":{"layer_id":"public_facilities","name":"中央公民館西笠原分館","category":"public","address":"中野市笠原500","source":"国土交通省 国土数値情報","municipality_code":"20211","municipality_pref":"長野県","municipality_name":"中野市","municipality_code_method":"source_exact_coord"},"geometry":{"type":"Point","coordinates":[138.3599904879954,36.77638899964889]}},{"type":"Feature","properties":{"layer_id":"public_facilities","name":"東山区集会所","category":"public","address":"中野市小田中14014-1","source":"国土交通省 国土数値情報","municipality_code":"20211","municipality_pref":"長野県","municipality_name":"中野市","municipality_code_method":"source_exact_coord"},"geometry":{"type":"Point","coordinates":[138.38282338029117,36.73685900341287]}},{"type":"Feature","properties":{"layer_id":"public_facilities","name":"越構造改善センター","category":"public","address":"中野市越1113","source":"国土交通省 国土数値情報","municipality_code":"20211","municipality_pref":"長野県","municipality_name":"中野市","municipality_code_method":"source_exact_coord"},"geometry":{"type":"Point","coordinates":[138.3692314764571,36.779277986169035]}},{"type":"Feature","properties":{"layer_id":"public_facilities","name":"西部窓口サービスステーション","category":"public","address":"中野市安源寺666-1","source":"国土交通省 国土数値情報","municipality_code":"20211","municipality_pref":"長野県","municipality_name":"中野市","municipality_code_method":"source_exact_coord"},"geometry":{"type":"Point","coordinates":[138.33193141159745,36.74103405661443]}},{"type":"Feature","properties":{"layer_id":"public_facilities","name":"中央公民館新井分館","category":"public","address":"中野市新井633-ロ","source":"国土交通省 国土数値情報","municipality_code":"20211","municipality_pref":"長野県","municipality_name":"中野市","municipality_code_method":"source_exact_coord"},"geometry":{"type":"Point","coordinates":[138.3625974434427,36.757987005683546]}},{"type":"Feature","properties":{"layer_id":"public_facilities","name":"栗和田公会堂","category":"public","address":"中野市中野2368-5","source":"国土交通省 国土数値情報","municipality_code":"20211","municipality_pref":"長野県","municipality_name":"中野市","municipality_code_method":"source_exact_coord"},"geometry":{"type":"Point","coordinates":[138.38264641735267,36.753560987329756]}},{"type":"Feature","properties":{"layer_id":"public_facilities","name":"中央公民館金井分館","category":"public","address":"中野市金井1083-2","source":"国土交通省 国土数値情報","municipality_code":"20211","municipality_pref":"長野県","municipality_name":"中野市","municipality_code_method":"source_exact_coord"},"geometry":{"type":"Point","coordinates":[138.36546747084472,36.77193699453541]}},{"type":"Feature","properties":{"layer_id":"public_facilities","name":"中央公民館東笠原分館","category":"public","address":"中野市笠原129-イ","source":"国土交通省 国土数値情報","municipality_code":"20211","municipality_pref":"長野県","municipality_name":"中野市","municipality_code_method":"source_exact_coord"},"geometry":{"type":"Point","coordinates":[138.36351448217698,36.77694499463192]}},{"type":"Feature","properties":{"layer_id":"public_facilities","name":"中央公民館西町分館","category":"public","address":"中野市中央1-3-10","source":"国土交通省 国土数値情報","municipality_code":"20211","municipality_pref":"長野県","municipality_name":"中野市","municipality_code_method":"source_exact_coord"},"geometry":{"type":"Point","coordinates":[138.36946140471585,36.74510400827721]}},{"type":"Feature","properties":{"layer_id":"public_facilities","name":"大熊区民会館","category":"public","address":"中野市三ツ和1574","source":"国土交通省 国土数値情報","municipality_code":"20211","municipality_pref":"長野県","municipality_name":"中野市","municipality_code_method":"source_exact_coord"},"geometry":{"type":"Point","coordinates":[138.35604328638811,36.713576051936336]}},{"type":"Feature","properties":{"layer_id":"public_facilities","name":"中央公民館中町分館","category":"public","address":"中野市中央2-2-7","source":"国土交通省 国土数値情報","municipality_code":"20211","municipality_pref":"長野県","municipality_name":"中野市","municipality_code_method":"source_exact_coord"},"geometry":{"type":"Point","coordinates":[138.37222440264966,36.74472300558821]}},{"type":"Feature","properties":{"layer_id":"public_facilities","name":"中央公民館奥手山分館","category":"public","address":"中野市豊津7071-1","source":"国土交通省 国土数値情報","municipality_code":"20211","municipality_pref":"長野県","municipality_name":"中野市","municipality_code_method":"source_exact_coord"},"geometry":{"type":"Point","coordinates":[138.34204356439696,36.79695601328486]}},{"type":"Feature","properties":{"layer_id":"public_facilities","name":"中央公民館牛出分館","category":"public","address":"中野市牛出593","source":"国土交通省 国土数値情報","municipality_code":"20211","municipality_pref":"長野県","municipality_name":"中野市","municipality_code_method":"source_exact_coord"},"geometry":{"type":"Point","coordinates":[138.31337439990972,36.737921078147224]}},{"type":"Feature","properties":{"layer_id":"public_facilities","name":"中央公民館三俣分館","category":"public","address":"中野市大字永江2280","source":"国土交通省 国土数値情報","municipality_code":"20211","municipality_pref":"長野県","municipality_name":"中野市","municipality_code_method":"source_exact_coord"},"geometry":{"type":"Point","coordinates":[138.3105420438585,36.797814807324066]}},{"type":"Feature","properties":{"layer_id":"public_facilities","name":"中央公民館豊田深沢分館","category":"public","address":"中野市永江2480-349","source":"国土交通省 国土数値情報","municipality_code":"20211","municipality_pref":"長野県","municipality_name":"中野市","municipality_code_method":"source_exact_coord"},"geometry":{"type":"Point","coordinates":[138.33376759783016,36.80547901899333]}},{"type":"Feature","properties":{"layer_id":"public_facilities","name":"赤坂生活改善センター","category":"public","address":"中野市豊津8151-7","source":"国土交通省 国土数値情報","municipality_code":"20211","municipality_pref":"長野県","municipality_name":"中野市","municipality_code_method":"source_exact_coord"},"geometry":{"type":"Point","coordinates":[138.32495460735598,36.79501103393754]}},{"type":"Feature","properties":{"layer_id":"public_facilities","name":"奥出山公会堂","category":"public","address":"中野市豊津7071-1","source":"国土交通省 国土数値情報","municipality_code":"20211","municipality_pref":"長野県","municipality_name":"中野市","municipality_code_method":"source_exact_coord"},"geometry":{"type":"Point","coordinates":[138.34224156312362,36.79639701335087]}},{"type":"Feature","properties":{"layer_id":"public_facilities","name":"中野市役所","category":"public","address":"中野市三好町1-3-19","source":"国土交通省 国土数値情報","municipality_code":"20211","municipality_pref":"長野県","municipality_name":"中野市","municipality_code_method":"source_exact_coord"},"geometry":{"type":"Point","coordinates":[138.3694753966204,36.742026011339654]}},{"type":"Feature","properties":{"layer_id":"public_facilities","name":"涌井集会所","category":"public","address":"中野市永江7944-1","source":"国土交通省 国土数値情報","municipality_code":"20211","municipality_pref":"長野県","municipality_name":"中野市","municipality_code_method":"source_exact_coord"},"geometry":{"type":"Point","coordinates":[138.28107572333587,36.81752605243174]}},{"type":"Feature","properties":{"layer_id":"public_facilities","name":"米山集会所","category":"public","address":"中野市豊津1510-2","source":"国土交通省 国土数値情報","municipality_code":"20211","municipality_pref":"長野県","municipality_name":"中野市","municipality_code_method":"source_exact_coord"},"geometry":{"type":"Point","coordinates":[138.30325961499614,36.77326307296981]}},{"type":"Feature","properties":{"layer_id":"public_facilities","name":"下小田中公会堂","category":"public","address":"中野市小田中517","source":"国土交通省 国土数値情報","municipality_code":"20211","municipality_pref":"長野県","municipality_name":"中野市","municipality_code_method":"source_exact_coord"},"geometry":{"type":"Point","coordinates":[138.37082237458068,36.73498301614057]}},{"type":"Feature","properties":{"layer_id":"public_facilities","name":"中央公民館厚貝分館","category":"public","address":"中野市厚貝175-1","source":"国土交通省 国土数値情報","municipality_code":"20211","municipality_pref":"長野県","municipality_name":"中野市","municipality_code_method":"source_exact_coord"},"geometry":{"type":"Point","coordinates":[138.34715551048905,36.77418101796155]}},{"type":"Feature","properties":{"layer_id":"public_facilities","name":"市民会館","category":"public","address":"中野市三好町1-3-12","source":"国土交通省 国土数値情報","municipality_code":"20211","municipality_pref":"長野県","municipality_name":"中野市","municipality_code_method":"source_exact_coord"},"geometry":{"type":"Point","coordinates":[138.36955339792937,36.742532010746984]}},{"type":"Feature","properties":{"layer_id":"public_facilities","name":"中央公民館北永江分館","category":"public","address":"中野市大字永江3697-1","source":"国土交通省 国土数値情報","municipality_code":"20211","municipality_pref":"長野県","municipality_name":"中野市","municipality_code_method":"source_exact_coord"},"geometry":{"type":"Point","coordinates":[138.3101559759311,36.79869801695979]}},{"type":"Feature","properties":{"layer_id":"public_facilities","name":"中央公民館竹原分館","category":"public","address":"中野市竹原440-2","source":"国土交通省 国土数値情報","municipality_code":"20211","municipality_pref":"長野県","municipality_name":"中野市","municipality_code_method":"source_exact_coord"},"geometry":{"type":"Point","coordinates":[138.38378643321866,36.76370097833088]}},{"type":"Feature","properties":{"layer_id":"public_facilities","name":"東吉田コミュニティセンター","category":"public","address":"中野市吉田1258-2","source":"国土交通省 国土数値情報","municipality_code":"20211","municipality_pref":"長野県","municipality_name":"中野市","municipality_code_method":"source_exact_coord"},"geometry":{"type":"Point","coordinates":[138.36937542286492,36.752102002075766]}},{"type":"Feature","properties":{"layer_id":"public_facilities","name":"若宮公民館","category":"public","address":"中野市若宮617","source":"国土交通省 国土数値情報","municipality_code":"20211","municipality_pref":"長野県","municipality_name":"中野市","municipality_code_method":"source_exact_coord"},"geometry":{"type":"Point","coordinates":[138.3671004526916,36.763695996874226]}},{"type":"Feature","properties":{"layer_id":"public_facilities","name":"永田窓口サービスステーション","category":"public","address":"中野市永江3751-1","source":"国土交通省 国土数値情報","municipality_code":"20211","municipality_pref":"長野県","municipality_name":"中野市","municipality_code_method":"source_exact_coord"},"geometry":{"type":"Point","coordinates":[138.3077816459962,36.796521050350606]}},{"type":"Feature","properties":{"layer_id":"public_facilities","name":"中央公民館替佐分館","category":"public","address":"中野市大字豊津399-2","source":"国土交通省 国土数値情報","municipality_code":"20211","municipality_pref":"長野県","municipality_name":"中野市","municipality_code_method":"source_exact_coord"},"geometry":{"type":"Point","coordinates":[138.3231769551788,36.76954431051909]}},{"type":"Feature","properties":{"layer_id":"public_facilities","name":"更科構造改善センター","category":"public","address":"中野市更科480","source":"国土交通省 国土数値情報","municipality_code":"20211","municipality_pref":"長野県","municipality_name":"中野市","municipality_code_method":"source_exact_coord"},"geometry":{"type":"Point","coordinates":[138.3800933640527,36.73094201175655]}},{"type":"Feature","properties":{"layer_id":"public_facilities","name":"西条区民会館","category":"public","address":"中野市西条802","source":"国土交通省 国土数値情報","municipality_code":"20211","municipality_pref":"長野県","municipality_name":"中野市","municipality_code_method":"source_exact_coord"},"geometry":{"type":"Point","coordinates":[138.3631803828308,36.73737002163554]}},{"type":"Feature","properties":{"layer_id":"public_facilities","name":"豊田公民館永田地区館","category":"public","address":"中野市永江3751-1","source":"国土交通省 国土数値情報","municipality_code":"20211","municipality_pref":"長野県","municipality_name":"中野市","municipality_code_method":"source_exact_coord"},"geometry":{"type":"Point","coordinates":[138.3077616460273,36.7965210503658]}},{"type":"Feature","properties":{"layer_id":"public_facilities","name":"穴田公民館","category":"public","address":"中野市穴田141-3","source":"国土交通省 国土数値情報","municipality_code":"20211","municipality_pref":"長野県","municipality_name":"中野市","municipality_code_method":"source_exact_coord"},"geometry":{"type":"Point","coordinates":[138.3155526167461,36.78763904929889]}},{"type":"Feature","properties":{"layer_id":"public_facilities","name":"七瀬公会堂","category":"public","address":"中野市七瀬241-1","source":"国土交通省 国土数値情報","municipality_code":"20211","municipality_pref":"長野県","municipality_name":"中野市","municipality_code_method":"source_exact_coord"},"geometry":{"type":"Point","coordinates":[138.34960345423474,36.75553702462176]}},{"type":"Feature","properties":{"layer_id":"public_facilities","name":"中央公民館上今井分館","category":"public","address":"中野市上今井2637-3","source":"国土交通省 国土数値情報","municipality_code":"20211","municipality_pref":"長野県","municipality_name":"中野市","municipality_code_method":"source_exact_coord"},"geometry":{"type":"Point","coordinates":[138.31847749230434,36.75342706589466]}},{"type":"Feature","properties":{"layer_id":"public_facilities","name":"コミュニティスポーツセンター","category":"public","address":"中野市一本木522","source":"国土交通省 国土数値情報","municipality_code":"20211","municipality_pref":"長野県","municipality_name":"中野市","municipality_code_method":"source_exact_coord"},"geometry":{"type":"Point","coordinates":[138.3798984253359,36.756571987633244]}},{"type":"Feature","properties":{"layer_id":"public_facilities","name":"中央公民館古牧分館","category":"public","address":"中野市壁田42-1","source":"国土交通省 国土数値情報","municipality_code":"20211","municipality_pref":"長野県","municipality_name":"中野市","municipality_code_method":"source_exact_coord"},"geometry":{"type":"Point","coordinates":[138.34837955430754,36.802061004495016]}},{"type":"Feature","properties":{"layer_id":"public_facilities","name":"普代公会堂","category":"public","address":"中野市東山9-7","source":"国土交通省 国土数値情報","municipality_code":"20211","municipality_pref":"長野県","municipality_name":"中野市","municipality_code_method":"source_exact_coord"},"geometry":{"type":"Point","coordinates":[138.38075739645421,36.74317399893431]}},{"type":"Feature","properties":{"layer_id":"public_facilities","name":"中央公民館南永江分館","category":"public","address":"中野市永江305-1","source":"国土交通省 国土数値情報","municipality_code":"20211","municipality_pref":"長野県","municipality_name":"中野市","municipality_code_method":"source_exact_coord"},"geometry":{"type":"Point","coordinates":[138.3045996441875,36.792466056325296]}},{"type":"Feature","properties":{"layer_id":"public_facilities","name":"泉団地集会室","category":"public","address":"中野市江部1379","source":"国土交通省 国土数値情報","municipality_code":"20211","municipality_pref":"長野県","municipality_name":"中野市","municipality_code_method":"source_exact_coord"},"geometry":{"type":"Point","coordinates":[138.35275740777897,36.74343402896689]}},{"type":"Feature","properties":{"layer_id":"public_facilities","name":"中央公民館新野分館","category":"public","address":"中野市新野497-1","source":"国土交通省 国土数値情報","municipality_code":"20211","municipality_pref":"長野県","municipality_name":"中野市","municipality_code_method":"source_exact_coord"},"geometry":{"type":"Point","coordinates":[138.371936332869,36.722079027870215]}},{"type":"Feature","properties":{"layer_id":"public_facilities","name":"北間長瀬構造改善センター","category":"public","address":"中野市間長瀬533-1","source":"国土交通省 国土数値情報","municipality_code":"20211","municipality_pref":"長野県","municipality_name":"中野市","municipality_code_method":"source_exact_coord"},"geometry":{"type":"Point","coordinates":[138.35705949455487,36.776714003340224]}},{"type":"Feature","properties":{"layer_id":"public_facilities","name":"西部生活改善センター","category":"public","address":"中野市上今井2787-3","source":"国土交通省 国土数値情報","municipality_code":"20211","municipality_pref":"長野県","municipality_name":"中野市","municipality_code_method":"source_exact_coord"},"geometry":{"type":"Point","coordinates":[138.3162114990079,36.754026068716335]}},{"type":"Feature","properties":{"layer_id":"public_facilities","name":"中央公民館下小田中分館","category":"public","address":"中野市小田中517","source":"国土交通省 国土数値情報","municipality_code":"20211","municipality_pref":"長野県","municipality_name":"中野市","municipality_code_method":"source_exact_coord"},"geometry":{"type":"Point","coordinates":[138.37083937447727,36.734950016154045]}},{"type":"Feature","properties":{"layer_id":"public_facilities","name":"中央公民館東江部分館","category":"public","address":"中野市江部104","source":"国土交通省 国土数値情報","municipality_code":"20211","municipality_pref":"長野県","municipality_name":"中野市","municipality_code_method":"source_exact_coord"},"geometry":{"type":"Point","coordinates":[138.3472013807803,36.7359140423936]}},{"type":"Feature","properties":{"layer_id":"public_facilities","name":"福祉ふれあいセンター","category":"public","address":"中野市西条70-1","source":"国土交通省 国土数値情報","municipality_code":"20211","municipality_pref":"長野県","municipality_name":"中野市","municipality_code_method":"source_exact_coord"},"geometry":{"type":"Point","coordinates":[138.35958136824684,36.73301902918758]}},{"type":"Feature","properties":{"layer_id":"public_facilities","name":"中央公民館東松川分館","category":"public","address":"中野市東山5-27","source":"国土交通省 国土数値情報","municipality_code":"20211","municipality_pref":"長野県","municipality_name":"中野市","municipality_code_method":"source_exact_coord"},"geometry":{"type":"Point","coordinates":[138.37884040643053,36.74741999639232]}},{"type":"Feature","properties":{"layer_id":"public_facilities","name":"栗林公会堂","category":"public","address":"中野市栗林331","source":"国土交通省 国土数値情報","municipality_code":"20211","municipality_pref":"長野県","municipality_name":"中野市","municipality_code_method":"source_exact_coord"},"geometry":{"type":"Point","coordinates":[138.32349142410106,36.742354065140006]}},{"type":"Feature","properties":{"layer_id":"public_facilities","name":"中央公民館長嶺分館","category":"public","address":"中野市七瀬1608-7","source":"国土交通省 国土数値情報","municipality_code":"20211","municipality_pref":"長野県","municipality_name":"中野市","municipality_code_method":"source_exact_coord"},"geometry":{"type":"Point","coordinates":[138.3446924731055,36.7586550290911]}},{"type":"Feature","properties":{"layer_id":"public_facilities","name":"一本木研修センター","category":"public","address":"中野市一本木408-2","source":"国土交通省 国土数値情報","municipality_code":"20211","municipality_pref":"長野県","municipality_name":"中野市","municipality_code_method":"source_exact_coord"},"geometry":{"type":"Point","coordinates":[138.37488042813007,36.75605799332179]}},{"type":"Feature","properties":{"layer_id":"public_facilities","name":"荒川農事集会所","category":"public","address":"中野市竹原93","source":"国土交通省 国土数値情報","municipality_code":"20211","municipality_pref":"長野県","municipality_name":"中野市","municipality_code_method":"source_exact_coord"},"geometry":{"type":"Point","coordinates":[138.37988443395287,36.761557984095106]}},{"type":"Feature","properties":{"layer_id":"public_facilities","name":"小田中集落センター","category":"public","address":"中野市小田中333","source":"国土交通省 国土数値情報","municipality_code":"20211","municipality_pref":"長野県","municipality_name":"中野市","municipality_code_method":"source_exact_coord"},"geometry":{"type":"Point","coordinates":[138.37797738616683,36.73898500559443]}},{"type":"Feature","properties":{"layer_id":"public_facilities","name":"田上生活改善研修センター","category":"public","address":"中野市田上1067-1","source":"国土交通省 国土数値情報","municipality_code":"20211","municipality_pref":"長野県","municipality_name":"中野市","municipality_code_method":"source_exact_coord"},"geometry":{"type":"Point","coordinates":[138.36270752801633,36.8178409914998]}},{"type":"Feature","properties":{"layer_id":"public_facilities","name":"笠倉公会堂","category":"public","address":"中野市豊津3330-1","source":"国土交通省 国土数値情報","municipality_code":"20211","municipality_pref":"長野県","municipality_name":"中野市","municipality_code_method":"source_exact_coord"},"geometry":{"type":"Point","coordinates":[138.33202955923846,36.779174034466344]}},{"type":"Feature","properties":{"layer_id":"public_facilities","name":"立ヶ花公会堂","category":"public","address":"中野市立ヶ花260","source":"国土交通省 国土数値情報","municipality_code":"20211","municipality_pref":"長野県","municipality_name":"中野市","municipality_code_method":"source_exact_coord"},"geometry":{"type":"Point","coordinates":[138.31322934960994,36.73045208183221]}},{"type":"Feature","properties":{"layer_id":"public_facilities","name":"中央公民館","category":"public","address":"中野市三好町1-4-27","source":"国土交通省 国土数値情報","municipality_code":"20211","municipality_pref":"長野県","municipality_name":"中野市","municipality_code_method":"source_exact_coord"},"geometry":{"type":"Point","coordinates":[138.36761839686696,36.74195201347698]}},{"type":"Feature","properties":{"layer_id":"public_facilities","name":"Ｂ＆Ｇ海洋センター体育館","category":"public","address":"中野市穴田3697-2","source":"国土交通省 国土数値情報","municipality_code":"20211","municipality_pref":"長野県","municipality_name":"中野市","municipality_code_method":"source_exact_coord"},"geometry":{"type":"Point","coordinates":[138.32369358065267,36.779562044513156]}},{"type":"Feature","properties":{"layer_id":"public_facilities","name":"中央公民館西江部分館","category":"public","address":"中野市江部1291-1","source":"国土交通省 国土数値情報","municipality_code":"20211","municipality_pref":"長野県","municipality_name":"中野市","municipality_code_method":"source_exact_coord"},"geometry":{"type":"Point","coordinates":[138.34611640334376,36.741184038950394]}},{"type":"Feature","properties":{"layer_id":"public_facilities","name":"中央公民館笠倉分館","category":"public","address":"中野市豊津3201","source":"国土交通省 国土数値情報","municipality_code":"20211","municipality_pref":"長野県","municipality_name":"中野市","municipality_code_method":"source_exact_coord"},"geometry":{"type":"Point","coordinates":[138.33207355891858,36.77908303446004]}},{"type":"Feature","properties":{"layer_id":"public_facilities","name":"中野児童センター","category":"public","address":"中野市中央2-1-27","source":"国土交通省 国土数値情報","municipality_code":"20211","municipality_pref":"長野県","municipality_name":"中野市","municipality_code_method":"source_exact_coord"},"geometry":{"type":"Point","coordinates":[138.37212439875128,36.74314000728232]}},{"type":"Feature","properties":{"layer_id":"public_facilities","name":"岩船宮上公会堂","category":"public","address":"中野市岩船343-3","source":"国土交通省 国土数値情報","municipality_code":"20211","municipality_pref":"長野県","municipality_name":"中野市","municipality_code_method":"source_exact_coord"},"geometry":{"type":"Point","coordinates":[138.360997408561,36.74512901779592]}},{"type":"Feature","properties":{"layer_id":"public_facilities","name":"中央公民館赤坂分館","category":"public","address":"中野市豊津8149-2","source":"国土交通省 国土数値情報","municipality_code":"20211","municipality_pref":"長野県","municipality_name":"中野市","municipality_code_method":"source_exact_coord"},"geometry":{"type":"Point","coordinates":[138.3250126071701,36.79497403389776]}},{"type":"Feature","properties":{"layer_id":"public_facilities","name":"中央公民館岩井分館","category":"public","address":"中野市岩井652-7","source":"国土交通省 国土数値情報","municipality_code":"20211","municipality_pref":"長野県","municipality_name":"中野市","municipality_code_method":"source_exact_coord"},"geometry":{"type":"Point","coordinates":[138.36161853851746,36.82833999337167]}},{"type":"Feature","properties":{"layer_id":"public_facilities","name":"中央公民館新保分館","category":"public","address":"中野市新保476","source":"国土交通省 国土数値情報","municipality_code":"20211","municipality_pref":"長野県","municipality_name":"中野市","municipality_code_method":"source_exact_coord"},"geometry":{"type":"Point","coordinates":[138.35662635489555,36.72967703592096]}},{"type":"Feature","properties":{"layer_id":"public_facilities","name":"新保構造改善センター","category":"public","address":"中野市新保469","source":"国土交通省 国土数値情報","municipality_code":"20211","municipality_pref":"長野県","municipality_name":"中野市","municipality_code_method":"source_exact_coord"},"geometry":{"type":"Point","coordinates":[138.3563033408256,36.726173039244614]}},{"type":"Feature","properties":{"layer_id":"public_facilities","name":"中央公民館高遠分館","category":"public","address":"中野市新野960","source":"国土交通省 国土数値情報","municipality_code":"20211","municipality_pref":"長野県","municipality_name":"中野市","municipality_code_method":"source_exact_coord"},"geometry":{"type":"Point","coordinates":[138.377240354378,36.727930017304544]}},{"type":"Feature","properties":{"layer_id":"public_facilities","name":"金井農事集会所","category":"public","address":"中野市金井1083","source":"国土交通省 国土数値情報","municipality_code":"20211","municipality_pref":"長野県","municipality_name":"中野市","municipality_code_method":"source_exact_coord"},"geometry":{"type":"Point","coordinates":[138.36548947082218,36.77194399450499]}},{"type":"Feature","properties":{"layer_id":"public_facilities","name":"中央公民館栗和田分館","category":"public","address":"中野市中野2368","source":"国土交通省 国土数値情報","municipality_code":"20211","municipality_pref":"長野県","municipality_name":"中野市","municipality_code_method":"source_exact_coord"},"geometry":{"type":"Point","coordinates":[138.38269741724528,36.753521987313576]}},{"type":"Feature","properties":{"layer_id":"public_facilities","name":"西条転作促進研修センター","category":"public","address":"中野市西条1012","source":"国土交通省 国土数値情報","municipality_code":"20211","municipality_pref":"長野県","municipality_name":"中野市","municipality_code_method":"source_exact_coord"},"geometry":{"type":"Point","coordinates":[138.36547939635423,36.74160201618747]}},{"type":"Feature","properties":{"layer_id":"public_facilities","name":"中央公民館大熊分館","category":"public","address":"中野市三ツ和1574","source":"国土交通省 国土数値情報","municipality_code":"20211","municipality_pref":"長野県","municipality_name":"中野市","municipality_code_method":"source_exact_coord"},"geometry":{"type":"Point","coordinates":[138.35604128639903,36.713579051935554]}},{"type":"Feature","properties":{"layer_id":"public_facilities","name":"中央公民館岩井東分館","category":"public","address":"中野市岩井1591","source":"国土交通省 国土数値情報","municipality_code":"20211","municipality_pref":"長野県","municipality_name":"中野市","municipality_code_method":"source_exact_coord"},"geometry":{"type":"Point","coordinates":[138.3697205121732,36.824330988202945]}},{"type":"Feature","properties":{"layer_id":"public_facilities","name":"硲生活改善センター","category":"public","address":"中野市豊津5584-1","source":"国土交通省 国土数値情報","municipality_code":"20211","municipality_pref":"長野県","municipality_name":"中野市","municipality_code_method":"source_exact_coord"},"geometry":{"type":"Point","coordinates":[138.3346475719754,36.78874502659393]}},{"type":"Feature","properties":{"layer_id":"public_facilities","name":"赤岩公民館","category":"public","address":"中野市赤岩563","source":"国土交通省 国土数値情報","municipality_code":"20211","municipality_pref":"長野県","municipality_name":"中野市","municipality_code_method":"source_exact_coord"},"geometry":{"type":"Point","coordinates":[138.3674494889354,36.78639898576903]}},{"type":"Feature","properties":{"layer_id":"public_facilities","name":"岩井東生活改善研修センター","category":"public","address":"中野市岩井1591","source":"国土交通省 国土数値情報","municipality_code":"20211","municipality_pref":"長野県","municipality_name":"中野市","municipality_code_method":"source_exact_coord"},"geometry":{"type":"Point","coordinates":[138.36971651218798,36.82433798820757]}},{"type":"Feature","properties":{"layer_id":"public_facilities","name":"新井構造改善センター","category":"public","address":"中野市新井633-1","source":"国土交通省 国土数値情報","municipality_code":"20211","municipality_pref":"長野県","municipality_name":"中野市","municipality_code_method":"source_exact_coord"},"geometry":{"type":"Point","coordinates":[138.36260644344011,36.757989005672215]}},{"type":"Feature","properties":{"layer_id":"public_facilities","name":"北大熊公民館","category":"public","address":"中野市三ツ和1929-5","source":"国土交通省 国土数値情報","municipality_code":"20211","municipality_pref":"長野県","municipality_name":"中野市","municipality_code_method":"source_exact_coord"},"geometry":{"type":"Point","coordinates":[138.35762930637313,36.71787504587511]}},{"type":"Feature","properties":{"layer_id":"public_facilities","name":"古牧生活改善研修センター","category":"public","address":"中野市壁田42-1","source":"国土交通省 国土数値情報","municipality_code":"20211","municipality_pref":"長野県","municipality_name":"中野市","municipality_code_method":"source_exact_coord"},"geometry":{"type":"Point","coordinates":[138.3483995542542,36.80206100447389]}},{"type":"Feature","properties":{"layer_id":"public_facilities","name":"城下集会所","category":"public","address":"中野市上今井2985-2","source":"国土交通省 国土数値情報","municipality_code":"20211","municipality_pref":"長野県","municipality_name":"中野市","municipality_code_method":"source_exact_coord"},"geometry":{"type":"Point","coordinates":[138.31609353168406,36.759978066341105]}},{"type":"Feature","properties":{"layer_id":"public_facilities","name":"安源寺公会堂","category":"public","address":"中野市安源寺571-1","source":"国土交通省 国土数値情報","municipality_code":"20211","municipality_pref":"長野県","municipality_name":"中野市","municipality_code_method":"source_exact_coord"},"geometry":{"type":"Point","coordinates":[138.33260239882003,36.73859005749822]}},{"type":"Feature","properties":{"layer_id":"public_facilities","name":"中央公民館日和分館","category":"public","address":"中野市草間1833-17","source":"国土交通省 国土数値情報","municipality_code":"20211","municipality_pref":"長野県","municipality_name":"中野市","municipality_code_method":"source_exact_coord"},"geometry":{"type":"Point","coordinates":[138.3203443550163,36.73079507527912]}},{"type":"Feature","properties":{"layer_id":"public_facilities","name":"中央公民館田麦分館","category":"public","address":"中野市田麦914","source":"国土交通省 国土数値情報","municipality_code":"20211","municipality_pref":"長野県","municipality_name":"中野市","municipality_code_method":"source_exact_coord"},"geometry":{"type":"Point","coordinates":[138.34782149323368,36.7677900192039]}},{"type":"Feature","properties":{"layer_id":"public_facilities","name":"人権センター南部集会所","category":"public","address":"中野市新野476-2","source":"国土交通省 国土数値情報","municipality_code":"20211","municipality_pref":"長野県","municipality_name":"中野市","municipality_code_method":"source_exact_coord"},"geometry":{"type":"Point","coordinates":[138.37058333837803,36.72385002730189]}},{"type":"Feature","properties":{"layer_id":"public_facilities","name":"東松川公会堂","category":"public","address":"中野市東山5-27","source":"国土交通省 国土数値情報","municipality_code":"20211","municipality_pref":"長野県","municipality_name":"中野市","municipality_code_method":"source_exact_coord"},"geometry":{"type":"Point","coordinates":[138.378860406423,36.747419996374546]}},{"type":"Feature","properties":{"layer_id":"public_facilities","name":"長嶺ニュータウン集会所","category":"public","address":"中野市七瀬1608-7","source":"国土交通省 国土数値情報","municipality_code":"20211","municipality_pref":"長野県","municipality_name":"中野市","municipality_code_method":"source_exact_coord"},"geometry":{"type":"Point","coordinates":[138.34467247313697,36.75865502911777]}},{"type":"Feature","properties":{"layer_id":"public_facilities","name":"牡丹沢韮山公会堂","category":"public","address":"中野市上今井78-2","source":"国土交通省 国土数値情報","municipality_code":"20211","municipality_pref":"長野県","municipality_name":"中野市","municipality_code_method":"source_exact_coord"},"geometry":{"type":"Point","coordinates":[138.31291744903214,36.74531607606314]}},{"type":"Feature","properties":{"layer_id":"public_facilities","name":"中町公会堂","category":"public","address":"中野市中央2-2-7","source":"国土交通省 国土数値情報","municipality_code":"20211","municipality_pref":"長野県","municipality_name":"中野市","municipality_code_method":"source_exact_coord"},"geometry":{"type":"Point","coordinates":[138.37224440264194,36.74472300556599]}},{"type":"Feature","properties":{"layer_id":"public_facilities","name":"高遠生活改善研修センター","category":"public","address":"中野市新野960-2","source":"国土交通省 国土数値情報","municipality_code":"20211","municipality_pref":"長野県","municipality_name":"中野市","municipality_code_method":"source_exact_coord"},"geometry":{"type":"Point","coordinates":[138.3772993544196,36.7279340172481]}},{"type":"Feature","properties":{"layer_id":"public_facilities","name":"西部文化センター","category":"public","address":"中野市安源寺666-1","source":"国土交通省 国土数値情報","municipality_code":"20211","municipality_pref":"長野県","municipality_name":"中野市","municipality_code_method":"source_exact_coord"},"geometry":{"type":"Point","coordinates":[138.33192141160362,36.741034056625544]}},{"type":"Feature","properties":{"layer_id":"public_facilities","name":"中央公民館安源寺分館","category":"public","address":"中野市安源寺575-ノ壱","source":"国土交通省 国土数値情報","municipality_code":"20211","municipality_pref":"長野県","municipality_name":"中野市","municipality_code_method":"source_exact_coord"},"geometry":{"type":"Point","coordinates":[138.33255539904232,36.73863005752378]}},{"type":"Feature","properties":{"layer_id":"public_facilities","name":"飯綱平農家組合生活改善センター","category":"public","address":"中野市豊津4195-23","source":"国土交通省 国土数値情報","municipality_code":"20211","municipality_pref":"長野県","municipality_name":"中野市","municipality_code_method":"source_exact_coord"},"geometry":{"type":"Point","coordinates":[138.32675656591906,36.77651304192355]}},{"type":"Feature","properties":{"layer_id":"public_facilities","name":"北部窓口サービスステーション","category":"public","address":"中野市赤岩1447","source":"国土交通省 国土数値情報","municipality_code":"20211","municipality_pref":"長野県","municipality_name":"中野市","municipality_code_method":"source_exact_coord"},"geometry":{"type":"Point","coordinates":[138.36243649838124,36.78616599175347]}},{"type":"Feature","properties":{"layer_id":"public_facilities","name":"中央公民館柳沢分館","category":"public","address":"中野市大字柳沢1073-1","source":"国土交通省 国土数値情報","municipality_code":"20211","municipality_pref":"長野県","municipality_name":"中野市","municipality_code_method":"source_exact_coord"},"geometry":{"type":"Point","coordinates":[138.3595262143508,36.80048532219922]}},{"type":"Feature","properties":{"layer_id":"public_facilities","name":"中央公民館上小田中分館","category":"public","address":"中野市小田中333","source":"国土交通省 国土数値情報","municipality_code":"20211","municipality_pref":"長野県","municipality_name":"中野市","municipality_code_method":"source_exact_coord"},"geometry":{"type":"Point","coordinates":[138.37799738616528,36.73898500557665]}},{"type":"Feature","properties":{"layer_id":"public_facilities","name":"中央公民館間山分館","category":"public","address":"中野市間山262","source":"国土交通省 国土数値情報","municipality_code":"20211","municipality_pref":"長野県","municipality_name":"中野市","municipality_code_method":"source_exact_coord"},"geometry":{"type":"Point","coordinates":[138.3778553204165,36.716849027838876]}},{"type":"Feature","properties":{"layer_id":"public_facilities","name":"市民体育館","category":"public","address":"中野市一本木590-1","source":"国土交通省 国土数値情報","municipality_code":"20211","municipality_pref":"長野県","municipality_name":"中野市","municipality_code_method":"source_exact_coord"},"geometry":{"type":"Point","coordinates":[138.380137427395,36.75766398650147]}},{"type":"Feature","properties":{"layer_id":"public_facilities","name":"中央公民館東吉田分館","category":"public","address":"中野市吉田1258-2","source":"国土交通省 国土数値情報","municipality_code":"20211","municipality_pref":"長野県","municipality_name":"中野市","municipality_code_method":"source_exact_coord"},"geometry":{"type":"Point","coordinates":[138.36931642301442,36.75214500211266]}},{"type":"Feature","properties":{"layer_id":"public_facilities","name":"笠原地区高齢者・若者活性化センター","category":"public","address":"中野市笠原500","source":"国土交通省 国土数値情報","municipality_code":"20211","municipality_pref":"長野県","municipality_name":"中野市","municipality_code_method":"source_exact_coord"},"geometry":{"type":"Point","coordinates":[138.35997048803614,36.776388999675554]}},{"type":"Feature","properties":{"layer_id":"public_facilities","name":"中央公民館牧ノ入分館","category":"public","address":"中野市大字田上2463-6","source":"国土交通省 国土数値情報","municipality_code":"20211","municipality_pref":"長野県","municipality_name":"中野市","municipality_code_method":"source_exact_coord"},"geometry":{"type":"Point","coordinates":[138.39134791115384,36.822175537153505]}},{"type":"Feature","properties":{"layer_id":"public_facilities","name":"中央公民館田上分館","category":"public","address":"中野市田上1067-1","source":"国土交通省 国土数値情報","municipality_code":"20211","municipality_pref":"長野県","municipality_name":"中野市","municipality_code_method":"source_exact_coord"},"geometry":{"type":"Point","coordinates":[138.36275352789022,36.817837991461744]}},{"type":"Feature","properties":{"layer_id":"public_facilities","name":"浜津ケ池公園市民センター","category":"public","address":"中野市片塩1103","source":"国土交通省 国土数値情報","municipality_code":"20211","municipality_pref":"長野県","municipality_name":"中野市","municipality_code_method":"source_exact_coord"},"geometry":{"type":"Point","coordinates":[138.3394894383792,36.74800804312647]}},{"type":"Feature","properties":{"layer_id":"public_facilities","name":"中央公民館栗林分館","category":"public","address":"中野市栗林331-ノ1","source":"国土交通省 国土数値情報","municipality_code":"20211","municipality_pref":"長野県","municipality_name":"中野市","municipality_code_method":"source_exact_coord"},"geometry":{"type":"Point","coordinates":[138.3234414241492,36.742358065193976]}},{"type":"Feature","properties":{"layer_id":"public_facilities","name":"中央公民館北間長瀬分館","category":"public","address":"中野市間長瀬533-3","source":"国土交通省 国土数値情報","municipality_code":"20211","municipality_pref":"長野県","municipality_name":"中野市","municipality_code_method":"source_exact_coord"},"geometry":{"type":"Point","coordinates":[138.3570394945958,36.77671400336689]}},{"type":"Feature","properties":{"layer_id":"cultural_facilities","name":"中野市武道場","category":"public","address":"大字一本木590-1","source":"国土交通省 国土数値情報","municipality_code":"20211","municipality_pref":"長野県","municipality_name":"中野市","municipality_code_method":"nearest_centroid"},"geometry":{"type":"Point","coordinates":[138.380712,36.757895]}},{"type":"Feature","properties":{"layer_id":"cultural_facilities","name":"中野市民プール","category":"public","address":"大字岩船51-8","source":"国土交通省 国土数値情報","municipality_code":"20211","municipality_pref":"長野県","municipality_name":"中野市","municipality_code_method":"nearest_centroid"},"geometry":{"type":"Point","coordinates":[138.352455,36.741881]}},{"type":"Feature","properties":{"layer_id":"cultural_facilities","name":"中野市営豊田テニス場","category":"public","address":"大字穴田3548","source":"国土交通省 国土数値情報","municipality_code":"20211","municipality_pref":"長野県","municipality_name":"中野市","municipality_code_method":"nearest_centroid"},"geometry":{"type":"Point","coordinates":[138.322254,36.781023]}},{"type":"Feature","properties":{"layer_id":"cultural_facilities","name":"中野市永田社会体育運動場","category":"public","address":"大字永江1809","source":"国土交通省 国土数値情報","municipality_code":"20211","municipality_pref":"長野県","municipality_name":"中野市","municipality_code_method":"nearest_centroid"},"geometry":{"type":"Point","coordinates":[138.307587,36.795211]}},{"type":"Feature","properties":{"layer_id":"cultural_facilities","name":"中野市営運動場","category":"public","address":"大字一本木550-1","source":"国土交通省 国土数値情報","municipality_code":"20211","municipality_pref":"長野県","municipality_name":"中野市","municipality_code_method":"nearest_centroid"},"geometry":{"type":"Point","coordinates":[138.382876,36.757411]}},{"type":"Feature","properties":{"layer_id":"cultural_facilities","name":"中野市営運動場","category":"public","address":"大字一本木550-1","source":"国土交通省 国土数値情報","municipality_code":"20211","municipality_pref":"長野県","municipality_name":"中野市","municipality_code_method":"nearest_centroid"},"geometry":{"type":"Point","coordinates":[138.382888,36.757058]}},{"type":"Feature","properties":{"layer_id":"cultural_facilities","name":"中野市Ｂ＆Ｇ海洋センター","category":"public","address":"大字穴田3697-2","source":"国土交通省 国土数値情報","municipality_code":"20211","municipality_pref":"長野県","municipality_name":"中野市","municipality_code_method":"nearest_centroid"},"geometry":{"type":"Point","coordinates":[138.323644,36.779661]}},{"type":"Feature","properties":{"layer_id":"cultural_facilities","name":"中野市多目的サッカー場","category":"public","address":"大字西条116","source":"国土交通省 国土数値情報","municipality_code":"20211","municipality_pref":"長野県","municipality_name":"中野市","municipality_code_method":"nearest_centroid"},"geometry":{"type":"Point","coordinates":[138.359101,36.734562]}},{"type":"Feature","properties":{"layer_id":"cultural_facilities","name":"中野市立図書館西部分館","category":"public","address":"大字安源寺666-1","source":"国土交通省 国土数値情報","municipality_code":"20211","municipality_pref":"長野県","municipality_name":"中野市","municipality_code_method":"nearest_centroid"},"geometry":{"type":"Point","coordinates":[138.332109,36.74101]}},{"type":"Feature","properties":{"layer_id":"cultural_facilities","name":"中野市営テニス場","category":"public","address":"大字中野2517","source":"国土交通省 国土数値情報","municipality_code":"20211","municipality_pref":"長野県","municipality_name":"中野市","municipality_code_method":"nearest_centroid"},"geometry":{"type":"Point","coordinates":[138.383562,36.756547]}},{"type":"Feature","properties":{"layer_id":"cultural_facilities","name":"高野辰之記念館","category":"public","address":"永江1809","source":"国土交通省 国土数値情報","municipality_code":"20211","municipality_pref":"長野県","municipality_name":"中野市","municipality_code_method":"nearest_centroid"},"geometry":{"type":"Point","coordinates":[138.307777,36.795749]}},{"type":"Feature","properties":{"layer_id":"cultural_facilities","name":"中野市コミュニティスポーツセンター","category":"public","address":"大字一本木522","source":"国土交通省 国土数値情報","municipality_code":"20211","municipality_pref":"長野県","municipality_name":"中野市","municipality_code_method":"nearest_centroid"},"geometry":{"type":"Point","coordinates":[138.379878,36.756611]}},{"type":"Feature","properties":{"layer_id":"cultural_facilities","name":"中野市営野球場","category":"public","address":"大字一本木522","source":"国土交通省 国土数値情報","municipality_code":"20211","municipality_pref":"長野県","municipality_name":"中野市","municipality_code_method":"nearest_centroid"},"geometry":{"type":"Point","coordinates":[138.381233,36.757166]}},{"type":"Feature","properties":{"layer_id":"cultural_facilities","name":"中野市立図書館","category":"public","address":"大字西条1000","source":"国土交通省 国土数値情報","municipality_code":"20211","municipality_pref":"長野県","municipality_name":"中野市","municipality_code_method":"nearest_centroid"},"geometry":{"type":"Point","coordinates":[138.365078,36.74324]}},{"type":"Feature","properties":{"layer_id":"cultural_facilities","name":"中野市弓道場","category":"public","address":"大字一本木556-1","source":"国土交通省 国土数値情報","municipality_code":"20211","municipality_pref":"長野県","municipality_name":"中野市","municipality_code_method":"nearest_centroid"},"geometry":{"type":"Point","coordinates":[138.383303,36.757811]}},{"type":"Feature","properties":{"layer_id":"cultural_facilities","name":"中野市立図書館北部分館","category":"public","address":"大字赤岩1447","source":"国土交通省 国土数値情報","municipality_code":"20211","municipality_pref":"長野県","municipality_name":"中野市","municipality_code_method":"nearest_centroid"},"geometry":{"type":"Point","coordinates":[138.362516,36.786164]}},{"type":"Feature","properties":{"layer_id":"cultural_facilities","name":"中野市屋内運動場","category":"public","address":"大字栗林857-10","source":"国土交通省 国土数値情報","municipality_code":"20211","municipality_pref":"長野県","municipality_name":"中野市","municipality_code_method":"nearest_centroid"},"geometry":{"type":"Point","coordinates":[138.337142,36.749926]}},{"type":"Feature","properties":{"layer_id":"cultural_facilities","name":"中野市Ｂ＆Ｇ海洋センター","category":"public","address":"大字穴田3697-2","source":"国土交通省 国土数値情報","municipality_code":"20211","municipality_pref":"長野県","municipality_name":"中野市","municipality_code_method":"nearest_centroid"},"geometry":{"type":"Point","coordinates":[138.323644,36.779733]}},{"type":"Feature","properties":{"layer_id":"cultural_facilities","name":"佐藤博物館","category":"public","address":"大字上今井291-11","source":"国土交通省 国土数値情報","municipality_code":"20211","municipality_pref":"長野県","municipality_name":"中野市","municipality_code_method":"nearest_centroid"},"geometry":{"type":"Point","coordinates":[138.31442,36.748247]}},{"type":"Feature","properties":{"layer_id":"cultural_facilities","name":"中野市営豊田野球場","category":"public","address":"大字穴田3535","source":"国土交通省 国土数値情報","municipality_code":"20211","municipality_pref":"長野県","municipality_name":"中野市","municipality_code_method":"nearest_centroid"},"geometry":{"type":"Point","coordinates":[138.32345,36.781177]}},{"type":"Feature","properties":{"layer_id":"cultural_facilities","name":"中野市武道場","category":"public","address":"大字一本木590-1","source":"国土交通省 国土数値情報","municipality_code":"20211","municipality_pref":"長野県","municipality_name":"中野市","municipality_code_method":"nearest_centroid"},"geometry":{"type":"Point","coordinates":[138.380715,36.757855]}},{"type":"Feature","properties":{"layer_id":"cultural_facilities","name":"中野市営運動場","category":"public","address":"大字一本木550-1","source":"国土交通省 国土数値情報","municipality_code":"20211","municipality_pref":"長野県","municipality_name":"中野市","municipality_code_method":"nearest_centroid"},"geometry":{"type":"Point","coordinates":[138.382888,36.757239]}},{"type":"Feature","properties":{"layer_id":"cultural_facilities","name":"中野市民プール","category":"public","address":"大字岩船51-8","source":"国土交通省 国土数値情報","municipality_code":"20211","municipality_pref":"長野県","municipality_name":"中野市","municipality_code_method":"nearest_centroid"},"geometry":{"type":"Point","coordinates":[138.351727,36.741888]}},{"type":"Feature","properties":{"layer_id":"cultural_facilities","name":"中野市コミュニティスポーツセンター","category":"public","address":"大字一本木522","source":"国土交通省 国土数値情報","municipality_code":"20211","municipality_pref":"長野県","municipality_name":"中野市","municipality_code_method":"nearest_centroid"},"geometry":{"type":"Point","coordinates":[138.379878,36.756535]}},{"type":"Feature","properties":{"layer_id":"cultural_facilities","name":"中野市コミュニティスポーツセンター","category":"public","address":"大字一本木522","source":"国土交通省 国土数値情報","municipality_code":"20211","municipality_pref":"長野県","municipality_name":"中野市","municipality_code_method":"nearest_centroid"},"geometry":{"type":"Point","coordinates":[138.379878,36.756573]}},{"type":"Feature","properties":{"layer_id":"cultural_facilities","name":"中野市永田テニス場","category":"public","address":"大字永江1809","source":"国土交通省 国土数値情報","municipality_code":"20211","municipality_pref":"長野県","municipality_name":"中野市","municipality_code_method":"nearest_centroid"},"geometry":{"type":"Point","coordinates":[138.307433,36.795506]}},{"type":"Feature","properties":{"layer_id":"cultural_facilities","name":"中野市Ｂ＆Ｇ海洋センター","category":"public","address":"大字穴田3697-2","source":"国土交通省 国土数値情報","municipality_code":"20211","municipality_pref":"長野県","municipality_name":"中野市","municipality_code_method":"nearest_centroid"},"geometry":{"type":"Point","coordinates":[138.323549,36.780061]}},{"type":"Feature","properties":{"layer_id":"cultural_facilities","name":"中野市Ｂ＆Ｇ海洋センター","category":"public","address":"大字穴田3697-2","source":"国土交通省 国土数値情報","municipality_code":"20211","municipality_pref":"長野県","municipality_name":"中野市","municipality_code_method":"nearest_centroid"},"geometry":{"type":"Point","coordinates":[138.323638,36.77959]}},{"type":"Feature","properties":{"layer_id":"cultural_facilities","name":"日本土人形資料館","category":"public","address":"大字中野1150","source":"国土交通省 国土数値情報","municipality_code":"20211","municipality_pref":"長野県","municipality_name":"中野市","municipality_code_method":"nearest_centroid"},"geometry":{"type":"Point","coordinates":[138.38198,36.741861]}},{"type":"Feature","properties":{"layer_id":"cultural_facilities","name":"中野市民体育館","category":"public","address":"大字一本木590-1","source":"国土交通省 国土数値情報","municipality_code":"20211","municipality_pref":"長野県","municipality_name":"中野市","municipality_code_method":"nearest_centroid"},"geometry":{"type":"Point","coordinates":[138.380132,36.75757]}},{"type":"Feature","properties":{"layer_id":"cultural_facilities","name":"中野小学校旧校舎・信州中野銅石版画ミュージアム","category":"public","address":"大字一本木479-5","source":"国土交通省 国土数値情報","municipality_code":"20211","municipality_pref":"長野県","municipality_name":"中野市","municipality_code_method":"nearest_centroid"},"geometry":{"type":"Point","coordinates":[138.375714,36.754297]}},{"type":"Feature","properties":{"layer_id":"cultural_facilities","name":"中野市立図書館豊田分館","category":"public","address":"大字豊津2509","source":"国土交通省 国土数値情報","municipality_code":"20211","municipality_pref":"長野県","municipality_name":"中野市","municipality_code_method":"nearest_centroid"},"geometry":{"type":"Point","coordinates":[138.324799,36.774155]}},{"type":"Feature","properties":{"layer_id":"cultural_facilities","name":"中野市立博物館","category":"public","address":"片塩1221","source":"国土交通省 国土数値情報","municipality_code":"20211","municipality_pref":"長野県","municipality_name":"中野市","municipality_code_method":"nearest_centroid"},"geometry":{"type":"Point","coordinates":[138.342487,36.750154]}},{"type":"Feature","properties":{"layer_id":"parks_playgrounds","name":"原町公園","category":"nature","address":"中野市","source":"国土交通省 国土数値情報","municipality_code":"20211","municipality_pref":"長野県","municipality_name":"中野市","municipality_code_method":"nearest_centroid"},"geometry":{"type":"Point","coordinates":[138.37869217,36.75614226]}},{"type":"Feature","properties":{"layer_id":"parks_playgrounds","name":"西条宮の森公園","category":"nature","address":"中野市","source":"国土交通省 国土数値情報","municipality_code":"20211","municipality_pref":"長野県","municipality_name":"中野市","municipality_code_method":"nearest_centroid"},"geometry":{"type":"Point","coordinates":[138.36507195,36.74207112]}},{"type":"Feature","properties":{"layer_id":"parks_playgrounds","name":"高梨館跡公園","category":"nature","address":"中野市","source":"国土交通省 国土数値情報","municipality_code":"20211","municipality_pref":"長野県","municipality_name":"中野市","municipality_code_method":"nearest_centroid"},"geometry":{"type":"Point","coordinates":[138.37661052,36.74457072]}},{"type":"Feature","properties":{"layer_id":"parks_playgrounds","name":"北信濃ふるさとの森文化公園","category":"nature","address":"中野市","source":"国土交通省 国土数値情報","municipality_code":"20211","municipality_pref":"長野県","municipality_name":"中野市","municipality_code_method":"nearest_centroid"},"geometry":{"type":"Point","coordinates":[138.34151118,36.75310405]}},{"type":"Feature","properties":{"layer_id":"parks_playgrounds","name":"岩船公園","category":"nature","address":"中野市","source":"国土交通省 国土数値情報","municipality_code":"20211","municipality_pref":"長野県","municipality_name":"中野市","municipality_code_method":"nearest_centroid"},"geometry":{"type":"Point","coordinates":[138.3615499,36.74503392]}},{"type":"Feature","properties":{"layer_id":"parks_playgrounds","name":"一本木公園","category":"nature","address":"中野市","source":"国土交通省 国土数値情報","municipality_code":"20211","municipality_pref":"長野県","municipality_name":"中野市","municipality_code_method":"nearest_centroid"},"geometry":{"type":"Point","coordinates":[138.37635485,36.75463228]}},{"type":"Feature","properties":{"layer_id":"parks_playgrounds","name":"高丘公園","category":"nature","address":"中野市","source":"国土交通省 国土数値情報","municipality_code":"20211","municipality_pref":"長野県","municipality_name":"中野市","municipality_code_method":"nearest_centroid"},"geometry":{"type":"Point","coordinates":[138.3234642,36.73256001]}},{"type":"Feature","properties":{"layer_id":"parks_playgrounds","name":"西条公園","category":"nature","address":"中野市","source":"国土交通省 国土数値情報","municipality_code":"20211","municipality_pref":"長野県","municipality_name":"中野市","municipality_code_method":"nearest_centroid"},"geometry":{"type":"Point","coordinates":[138.35982,36.7401]}},{"type":"Feature","properties":{"layer_id":"parks_playgrounds","name":"東吉田公園","category":"nature","address":"中野市","source":"国土交通省 国土数値情報","municipality_code":"20211","municipality_pref":"長野県","municipality_name":"中野市","municipality_code_method":"nearest_centroid"},"geometry":{"type":"Point","coordinates":[138.37007353,36.75146525]}},{"type":"Feature","properties":{"layer_id":"parks_playgrounds","name":"延徳公園","category":"nature","address":"中野市","source":"国土交通省 国土数値情報","municipality_code":"20211","municipality_pref":"長野県","municipality_name":"中野市","municipality_code_method":"nearest_centroid"},"geometry":{"type":"Point","coordinates":[138.35592614,36.7199244]}},{"type":"Feature","properties":{"layer_id":"parks_playgrounds","name":"中町公園","category":"nature","address":"中野市","source":"国土交通省 国土数値情報","municipality_code":"20211","municipality_pref":"長野県","municipality_name":"中野市","municipality_code_method":"nearest_centroid"},"geometry":{"type":"Point","coordinates":[138.37260853,36.7419083]}},{"type":"Feature","properties":{"layer_id":"parks_playgrounds","name":"長丘公園","category":"nature","address":"中野市","source":"国土交通省 国土数値情報","municipality_code":"20211","municipality_pref":"長野県","municipality_name":"中野市","municipality_code_method":"nearest_centroid"},"geometry":{"type":"Point","coordinates":[138.34549553,36.77618386]}},{"type":"Feature","properties":{"layer_id":"parks_playgrounds","name":"西町公園","category":"nature","address":"中野市","source":"国土交通省 国土数値情報","municipality_code":"20211","municipality_pref":"長野県","municipality_name":"中野市","municipality_code_method":"nearest_centroid"},"geometry":{"type":"Point","coordinates":[138.36669119,36.74685533]}},{"type":"Feature","properties":{"layer_id":"parks_playgrounds","name":"岩船南公園","category":"nature","address":"中野市","source":"国土交通省 国土数値情報","municipality_code":"20211","municipality_pref":"長野県","municipality_name":"中野市","municipality_code_method":"nearest_centroid"},"geometry":{"type":"Point","coordinates":[138.36171487,36.74159286]}},{"type":"Feature","properties":{"layer_id":"tourism_resources","name":"十三崖","category":"nature","address":"河川景観 / 河川 断崖・岩壁","source":"国土交通省 国土数値情報","municipality_code":"20211","municipality_pref":"長野県","municipality_name":"中野市","municipality_code_method":"nearest_centroid","resource_code":"605"},"geometry":{"type":"Point","coordinates":[138.37945556640625,36.773353576660156]}},{"type":"Feature","properties":{"layer_id":"tourism_resources","name":"不動滝","category":"nature","address":"河川景観 / 滝","source":"国土交通省 国土数値情報","municipality_code":"20211","municipality_pref":"長野県","municipality_name":"中野市","municipality_code_method":"nearest_centroid","resource_code":"610"},"geometry":{"type":"Point","coordinates":[138.3814239501953,36.80445861816406]}}],"display_comment_original":"中野市周辺には、近世村の記憶として桜沢村、大熊村、小沼村などの旧村名が見える。 この地域には寺社や信仰の場、史跡や遺跡、古墳や貝塚に関わる場所が見え、壁田城跡、替佐城跡、坪井遺跡のような地点が探索の入口になる。 現地では史跡説明板、桜沢村、大熊村ゆかりの旧境石標や村の歴史案内板が手がかりになりそうだ。さらに水辺の由緒を示す歴史案内板も見つかるかもしれない。","story_enrichment":{"samurai_priority_people":[],"notable_people":["青木賢一郎","青木太郎","青木一","土屋武則","丸山久雄"],"honorary_citizens":[],"tourism_landmarks":["中野市立博物館","中山晋平記念館","高野辰之記念館","中野陣屋・県庁記念館","日本土人形資料館","創作土人形工房まちなか交流の家","袋屋美術館","晋平の里間山温泉公園「ぽんぽこの湯」"],"specialties":[],"food_culture":[],"historical_domains":[],"heian_place_names":[],"japan_search_support":[],"enrichment_sources":["https://ja.wikipedia.org/wiki/%E4%B8%AD%E9%87%8E%E5%B8%82","https://www.wikidata.org/wiki/Q121355824","https://www.wikidata.org/wiki/Q71679022","https://www.wikidata.org/wiki/Q11661610","https://www.wikidata.org/wiki/Q70545083","https://www.wikidata.org/wiki/Q70545087","https://www.wikidata.org/wiki/Q70545085","https://www.wikidata.org/wiki/Q66365130","https://www.wikidata.org/wiki/Q71679179","https://www.wikidata.org/wiki/Q71679017","https://www.wikidata.org/wiki/Q11467868","https://www.wikidata.org/wiki/Q11467943","https://www.wikidata.org/wiki/Q18458877"],"enrichment_errors":[],"wikipedia_title":"中野市","wikipedia_revision_id":"109783060","wikidata_qid":"Q838652","wikipedia_url":"https://ja.wikipedia.org/wiki/%E4%B8%AD%E9%87%8E%E5%B8%82","japan_search_query_url":"","status":"wikipedia_ok"}}