{"type":"FeatureCollection","municipality_code":"22203","pref":"静岡県","city":"沼津市","display_comment":"沼津市には、江戸期の沼津藩と沼津城跡に連なる領主・城下の記憶が残っています。 周辺には寺社や信仰の場、史跡や遺跡、古墳や貝塚にまつわる場所が点在し、「三枚橋城跡」、「興国寺城跡」、「長浜城跡」などを起点に歩くと、地域の歴史がぐっと見えやすくなります。 現地では城跡・陣屋跡、史跡説明板、日吉村、高田村ゆかりの旧境石標や村の歴史案内板が、地域の歴史を読み解く手がかりになるでしょう。 田・新田・用水にちなむ地名が多い場所では、土地改良碑や用水記念碑も注目したい探索対象です。 川沿いや水辺では、暮らしや堤防整備の歴史を伝える案内板、治水碑、河川改修の記念碑にも注目してみてください。 人物に目を向けるなら、武将・武士の大久保忠佐との縁をたどることで、街の歴史をより立体的に楽しめます。 「興国寺城跡」や「長浜城跡（国の史跡）」などの名所も、地域の物語を深掘りする絶好の入口です。","layer_counts":{"cafe_restaurant":1702,"public_facilities":69,"cultural_facilities":27,"landscape_districts":2,"parks_playgrounds":54,"tourism_resources":2},"total_features":1856,"features":[{"type":"Feature","properties":{"layer_id":"cafe_restaurant","name":"パティスリー　リヴァージュ","category":"food","address":"静岡県沼津市下香貫柿原２８８５－２","source":"厚生労働省 食品衛生申請等システム（オープンデータ）","municipality_code":"22203","municipality_pref":"静岡県","municipality_name":"沼津市","municipality_code_method":"food_exact_coord"},"geometry":{"type":"Point","coordinates":[138.87803,35.078706]}},{"type":"Feature","properties":{"layer_id":"cafe_restaurant","name":"御菓子処　雅心苑　金岡店","category":"food","address":"静岡県沼津市筒井町１－３","source":"厚生労働省 食品衛生申請等システム（オープンデータ）","municipality_code":"22203","municipality_pref":"静岡県","municipality_name":"沼津市","municipality_code_method":"food_exact_coord"},"geometry":{"type":"Point","coordinates":[138.862989,35.118757]}},{"type":"Feature","properties":{"layer_id":"cafe_restaurant","name":"セブン－イレブン沼津志下店","category":"food","address":"静岡県沼津市志下１７６－１","source":"厚生労働省 食品衛生申請等システム（オープンデータ）","municipality_code":"22203","municipality_pref":"静岡県","municipality_name":"沼津市","municipality_code_method":"food_exact_coord"},"geometry":{"type":"Point","coordinates":[138.882706,35.064778]}},{"type":"Feature","properties":{"layer_id":"cafe_restaurant","name":"スターバックスコーヒー　ららぽーと沼津店","category":"food","address":"静岡県沼津市東椎路３０１－３ ららぽーと沼津　１５０１０","source":"厚生労働省 食品衛生申請等システム（オープンデータ）","municipality_code":"22203","municipality_pref":"静岡県","municipality_name":"沼津市","municipality_code_method":"food_exact_coord"},"geometry":{"type":"Point","coordinates":[138.841906,35.120419]}},{"type":"Feature","properties":{"layer_id":"cafe_restaurant","name":"スターバックスコーヒー沼津花園店","category":"food","address":"静岡県沼津市花園町１０－１５","source":"厚生労働省 食品衛生申請等システム（オープンデータ）","municipality_code":"22203","municipality_pref":"静岡県","municipality_name":"沼津市","municipality_code_method":"food_exact_coord"},"geometry":{"type":"Point","coordinates":[138.86937,35.121244]}},{"type":"Feature","properties":{"layer_id":"cafe_restaurant","name":"沼津国際カントリークラブ内レストラン","category":"food","address":"静岡県沼津市足高441-334","source":"厚生労働省 食品衛生申請等システム（オープンデータ）","municipality_code":"22203","municipality_pref":"静岡県","municipality_name":"沼津市","municipality_code_method":"food_exact_coord"},"geometry":{"type":"Point","coordinates":[138.839649,35.179065]}},{"type":"Feature","properties":{"layer_id":"cafe_restaurant","name":"かっぱ寿司沼津店","category":"food","address":"静岡県沼津市東椎路４９６－3","source":"厚生労働省 食品衛生申請等システム（オープンデータ）","municipality_code":"22203","municipality_pref":"静岡県","municipality_name":"沼津市","municipality_code_method":"food_exact_coord"},"geometry":{"type":"Point","coordinates":[138.835332,35.11688]}},{"type":"Feature","properties":{"layer_id":"cafe_restaurant","name":"ロビン・フッド香貫店","category":"food","address":"静岡県沼津市下香貫２２１６","source":"厚生労働省 食品衛生申請等システム（オープンデータ）","municipality_code":"22203","municipality_pref":"静岡県","municipality_name":"沼津市","municipality_code_method":"food_exact_coord"},"geometry":{"type":"Point","coordinates":[138.871606,35.077989]}},{"type":"Feature","properties":{"layer_id":"cafe_restaurant","name":"ヤマザキショップ　ららぽーと沼津店","category":"food","address":"静岡県沼津市東椎路字東荒301番地3 ららぽーと沼津　２F","source":"厚生労働省 食品衛生申請等システム（オープンデータ）","municipality_code":"22203","municipality_pref":"静岡県","municipality_name":"沼津市","municipality_code_method":"food_exact_coord"},"geometry":{"type":"Point","coordinates":[138.774821,35.148904]}},{"type":"Feature","properties":{"layer_id":"cafe_restaurant","name":"ファミリーマート沼津駅北口店","category":"food","address":"静岡県沼津市高島町２－６","source":"厚生労働省 食品衛生申請等システム（オープンデータ）","municipality_code":"22203","municipality_pref":"静岡県","municipality_name":"沼津市","municipality_code_method":"food_exact_coord"},"geometry":{"type":"Point","coordinates":[138.85836,35.10428]}},{"type":"Feature","properties":{"layer_id":"cafe_restaurant","name":"ファミリーマート　沼津アントレ店","category":"food","address":"静岡県沼津市大手町１－１－１","source":"厚生労働省 食品衛生申請等システム（オープンデータ）","municipality_code":"22203","municipality_pref":"静岡県","municipality_name":"沼津市","municipality_code_method":"food_exact_coord"},"geometry":{"type":"Point","coordinates":[138.860845,35.103435]}},{"type":"Feature","properties":{"layer_id":"cafe_restaurant","name":"沼津我入道漁業協同組合　水産物展示即売所　２Ｆ","category":"food","address":"静岡県沼津市千本港町１２８－１","source":"厚生労働省 食品衛生申請等システム（オープンデータ）","municipality_code":"22203","municipality_pref":"静岡県","municipality_name":"沼津市","municipality_code_method":"food_exact_coord"},"geometry":{"type":"Point","coordinates":[138.85727,35.082365]}},{"type":"Feature","properties":{"layer_id":"cafe_restaurant","name":"ドトールコーヒーショップ　沼津店","category":"food","address":"静岡県沼津市中沢田３７５－３","source":"厚生労働省 食品衛生申請等システム（オープンデータ）","municipality_code":"22203","municipality_pref":"静岡県","municipality_name":"沼津市","municipality_code_method":"food_exact_coord"},"geometry":{"type":"Point","coordinates":[138.851641,35.130226]}},{"type":"Feature","properties":{"layer_id":"cafe_restaurant","name":"カネ美食品㈱香貫店","category":"food","address":"静岡県沼津市下香貫2216 ロビン・フッド香貫店内","source":"厚生労働省 食品衛生申請等システム（オープンデータ）","municipality_code":"22203","municipality_pref":"静岡県","municipality_name":"沼津市","municipality_code_method":"food_exact_coord"},"geometry":{"type":"Point","coordinates":[138.871606,35.077989]}},{"type":"Feature","properties":{"layer_id":"cafe_restaurant","name":"沼津駅上りホームそば店","category":"food","address":"静岡県沼津市大手町１－１－１ 沼津駅上りホーム","source":"厚生労働省 食品衛生申請等システム（オープンデータ）","municipality_code":"22203","municipality_pref":"静岡県","municipality_name":"沼津市","municipality_code_method":"food_exact_coord"},"geometry":{"type":"Point","coordinates":[138.858894,35.102039]}},{"type":"Feature","properties":{"layer_id":"cafe_restaurant","name":"沼津駅下りホームそば店","category":"food","address":"静岡県沼津市大手町１－１－１ ＪＲ沼津駅構内","source":"厚生労働省 食品衛生申請等システム（オープンデータ）","municipality_code":"22203","municipality_pref":"静岡県","municipality_name":"沼津市","municipality_code_method":"food_exact_coord"},"geometry":{"type":"Point","coordinates":[138.858894,35.102039]}},{"type":"Feature","properties":{"layer_id":"cafe_restaurant","name":"三代目　鳥メロ　沼津南口店","category":"food","address":"静岡県沼津市大手町５－９－２１","source":"厚生労働省 食品衛生申請等システム（オープンデータ）","municipality_code":"22203","municipality_pref":"静岡県","municipality_name":"沼津市","municipality_code_method":"food_exact_coord"},"geometry":{"type":"Point","coordinates":[138.858089103,35.101780618]}},{"type":"Feature","properties":{"layer_id":"cafe_restaurant","name":"戸田漁業協同組合","category":"food","address":"静岡県沼津市戸田５２３－９","source":"厚生労働省 食品衛生申請等システム（オープンデータ）","municipality_code":"22203","municipality_pref":"静岡県","municipality_name":"沼津市","municipality_code_method":"food_exact_coord"},"geometry":{"type":"Point","coordinates":[138.777251,34.97003]}},{"type":"Feature","properties":{"layer_id":"cafe_restaurant","name":"季節の円居うつぐみ","category":"food","address":"静岡県沼津市上香貫槇島町１２７2－２","source":"厚生労働省 食品衛生申請等システム（オープンデータ）","municipality_code":"22203","municipality_pref":"静岡県","municipality_name":"沼津市","municipality_code_method":"food_exact_coord"},"geometry":{"type":"Point","coordinates":[138.86674,35.088126]}},{"type":"Feature","properties":{"layer_id":"cafe_restaurant","name":"ＮＥＯＰＡＳＡ駿河湾沼津上り線　沼津・村の駅","category":"food","address":"静岡県沼津市根古屋９９８－２７","source":"厚生労働省 食品衛生申請等システム（オープンデータ）","municipality_code":"22203","municipality_pref":"静岡県","municipality_name":"沼津市","municipality_code_method":"food_exact_coord"},"geometry":{"type":"Point","coordinates":[138.805656,35.154517]}},{"type":"Feature","properties":{"layer_id":"cafe_restaurant","name":"ＮＥＯＰＡＳＡ駿河湾沼津上り線　沼津・村の駅","category":"food","address":"静岡県沼津市根古屋９９８－２７","source":"厚生労働省 食品衛生申請等システム（オープンデータ）","municipality_code":"22203","municipality_pref":"静岡県","municipality_name":"沼津市","municipality_code_method":"food_exact_coord"},"geometry":{"type":"Point","coordinates":[138.806662,35.144516]}},{"type":"Feature","properties":{"layer_id":"cafe_restaurant","name":"新東名高速道路　ＮＥＯＰＡＳＡ駿河湾沼津サービスエリア下り　伊豆・村の駅","category":"food","address":"静岡県沼津市根古屋９１９－１","source":"厚生労働省 食品衛生申請等システム（オープンデータ）","municipality_code":"22203","municipality_pref":"静岡県","municipality_name":"沼津市","municipality_code_method":"food_exact_coord"},"geometry":{"type":"Point","coordinates":[138.81104,35.152647]}},{"type":"Feature","properties":{"layer_id":"cafe_restaurant","name":"花めだか","category":"food","address":"静岡県沼津市原１４４４－１","source":"厚生労働省 食品衛生申請等システム（オープンデータ）","municipality_code":"22203","municipality_pref":"静岡県","municipality_name":"沼津市","municipality_code_method":"food_exact_coord"},"geometry":{"type":"Point","coordinates":[138.804306,35.12697]}},{"type":"Feature","properties":{"layer_id":"cafe_restaurant","name":"ごはんどき沼津店","category":"food","address":"静岡県沼津市西間門７－１","source":"厚生労働省 食品衛生申請等システム（オープンデータ）","municipality_code":"22203","municipality_pref":"静岡県","municipality_name":"沼津市","municipality_code_method":"food_exact_coord"},"geometry":{"type":"Point","coordinates":[138.843277,35.10897]}},{"type":"Feature","properties":{"layer_id":"cafe_restaurant","name":"すいーつNekoNeko","category":"food","address":"静岡県沼津市千本緑町3−15−1 コアキクヤA-101","source":"厚生労働省 食品衛生申請等システム（オープンデータ）","municipality_code":"22203","municipality_pref":"静岡県","municipality_name":"沼津市","municipality_code_method":"food_exact_coord"},"geometry":{"type":"Point","coordinates":[138.853871,35.092182]}},{"type":"Feature","properties":{"layer_id":"cafe_restaurant","name":"鎌倉パスタ　ららぽーと沼津店","category":"food","address":"静岡県沼津市東椎路３０１－３ ららぽーと沼津15130","source":"厚生労働省 食品衛生申請等システム（オープンデータ）","municipality_code":"22203","municipality_pref":"静岡県","municipality_name":"沼津市","municipality_code_method":"food_exact_coord"},"geometry":{"type":"Point","coordinates":[138.841906,35.120419]}},{"type":"Feature","properties":{"layer_id":"cafe_restaurant","name":"ローヤルゴールド","category":"food","address":"静岡県沼津市高島町26-4　東側棟1階","source":"厚生労働省 食品衛生申請等システム（オープンデータ）","municipality_code":"22203","municipality_pref":"静岡県","municipality_name":"沼津市","municipality_code_method":"food_exact_coord"},"geometry":{"type":"Point","coordinates":[138.858541,35.104681]}},{"type":"Feature","properties":{"layer_id":"cafe_restaurant","name":"しゃぶ葉 沼津インター店","category":"food","address":"静岡県沼津市岡一色４７１","source":"厚生労働省 食品衛生申請等システム（オープンデータ）","municipality_code":"22203","municipality_pref":"静岡県","municipality_name":"沼津市","municipality_code_method":"food_exact_coord"},"geometry":{"type":"Point","coordinates":[138.8728,35.133973]}},{"type":"Feature","properties":{"layer_id":"cafe_restaurant","name":"ガスト 沼津椎路店","category":"food","address":"静岡県沼津市東椎路字春ノ木５０４","source":"厚生労働省 食品衛生申請等システム（オープンデータ）","municipality_code":"22203","municipality_pref":"静岡県","municipality_name":"沼津市","municipality_code_method":"food_exact_coord"},"geometry":{"type":"Point","coordinates":[138.837225,35.127592]}},{"type":"Feature","properties":{"layer_id":"cafe_restaurant","name":"むさしの森珈琲 沼津香貫店","category":"food","address":"静岡県沼津市上香貫１３７５","source":"厚生労働省 食品衛生申請等システム（オープンデータ）","municipality_code":"22203","municipality_pref":"静岡県","municipality_name":"沼津市","municipality_code_method":"food_exact_coord"},"geometry":{"type":"Point","coordinates":[138.868004,35.08549]}},{"type":"Feature","properties":{"layer_id":"cafe_restaurant","name":"から好し 沼津三園店","category":"food","address":"静岡県沼津市三園町１２－３０","source":"厚生労働省 食品衛生申請等システム（オープンデータ）","municipality_code":"22203","municipality_pref":"静岡県","municipality_name":"沼津市","municipality_code_method":"food_exact_coord"},"geometry":{"type":"Point","coordinates":[138.8668095,35.0884215]}},{"type":"Feature","properties":{"layer_id":"cafe_restaurant","name":"夢庵 沼津新沢田店","category":"food","address":"静岡県沼津市新沢田町２－４４","source":"厚生労働省 食品衛生申請等システム（オープンデータ）","municipality_code":"22203","municipality_pref":"静岡県","municipality_name":"沼津市","municipality_code_method":"food_exact_coord"},"geometry":{"type":"Point","coordinates":[138.853988,35.117365]}},{"type":"Feature","properties":{"layer_id":"cafe_restaurant","name":"ガスト　沼津下香貫店","category":"food","address":"静岡県沼津市下香貫下障子３１６１－１","source":"厚生労働省 食品衛生申請等システム（オープンデータ）","municipality_code":"22203","municipality_pref":"静岡県","municipality_name":"沼津市","municipality_code_method":"food_exact_coord"},"geometry":{"type":"Point","coordinates":[138.870284,35.080444]}},{"type":"Feature","properties":{"layer_id":"cafe_restaurant","name":"G2FITNESS","category":"food","address":"静岡県沼津市上香貫三園町1371-2","source":"厚生労働省 食品衛生申請等システム（オープンデータ）","municipality_code":"22203","municipality_pref":"静岡県","municipality_name":"沼津市","municipality_code_method":"food_exact_coord"},"geometry":{"type":"Point","coordinates":[138.86879,35.085057]}},{"type":"Feature","properties":{"layer_id":"cafe_restaurant","name":"カラオケまねきねこ　沼津バイパス店","category":"food","address":"静岡県沼津市緑ケ丘３－３","source":"厚生労働省 食品衛生申請等システム（オープンデータ）","municipality_code":"22203","municipality_pref":"静岡県","municipality_name":"沼津市","municipality_code_method":"food_exact_coord"},"geometry":{"type":"Point","coordinates":[138.874019,35.120104]}},{"type":"Feature","properties":{"layer_id":"cafe_restaurant","name":"カラオケまねきねこ沼津南口店","category":"food","address":"静岡県沼津市大手町１－１－３ 沼津商連会館第一ビルＢ１Ｆ","source":"厚生労働省 食品衛生申請等システム（オープンデータ）","municipality_code":"22203","municipality_pref":"静岡県","municipality_name":"沼津市","municipality_code_method":"food_exact_coord"},"geometry":{"type":"Point","coordinates":[138.860792,35.102276]}},{"type":"Feature","properties":{"layer_id":"cafe_restaurant","name":"カラオケ本舗まねきねこ沼津北口店","category":"food","address":"静岡県沼津市高島町３－１ スルガレジャーセンターＢ１Ｆ","source":"厚生労働省 食品衛生申請等システム（オープンデータ）","municipality_code":"22203","municipality_pref":"静岡県","municipality_name":"沼津市","municipality_code_method":"food_exact_coord"},"geometry":{"type":"Point","coordinates":[138.858538,35.10465]}},{"type":"Feature","properties":{"layer_id":"cafe_restaurant","name":"循環ワークス","category":"food","address":"静岡県沼津市我入道浜町308","source":"厚生労働省 食品衛生申請等システム（オープンデータ）","municipality_code":"22203","municipality_pref":"静岡県","municipality_name":"沼津市","municipality_code_method":"food_exact_coord"},"geometry":{"type":"Point","coordinates":[138.859059,35.078679]}},{"type":"Feature","properties":{"layer_id":"cafe_restaurant","name":"屋台村","category":"food","address":"静岡県沼津市大諏訪７１３－１","source":"厚生労働省 食品衛生申請等システム（オープンデータ）","municipality_code":"22203","municipality_pref":"静岡県","municipality_name":"沼津市","municipality_code_method":"food_exact_coord"},"geometry":{"type":"Point","coordinates":[138.832649,35.117082]}},{"type":"Feature","properties":{"layer_id":"cafe_restaurant","name":"マックスバリュ沼津南店","category":"food","address":"静岡県沼津市西島町１０－１","source":"厚生労働省 食品衛生申請等システム（オープンデータ）","municipality_code":"22203","municipality_pref":"静岡県","municipality_name":"沼津市","municipality_code_method":"food_exact_coord"},"geometry":{"type":"Point","coordinates":[138.863171,35.086013]}},{"type":"Feature","properties":{"layer_id":"cafe_restaurant","name":"ミスタードーナツ　マックスバリュ沼津南ショップ","category":"food","address":"静岡県沼津市西島町１０－１","source":"厚生労働省 食品衛生申請等システム（オープンデータ）","municipality_code":"22203","municipality_pref":"静岡県","municipality_name":"沼津市","municipality_code_method":"food_exact_coord"},"geometry":{"type":"Point","coordinates":[138.863171,35.086013]}},{"type":"Feature","properties":{"layer_id":"cafe_restaurant","name":"マックスバリュ沼津香貫店","category":"food","address":"静岡県沼津市下香貫西村１４７２－２","source":"厚生労働省 食品衛生申請等システム（オープンデータ）","municipality_code":"22203","municipality_pref":"静岡県","municipality_name":"沼津市","municipality_code_method":"food_exact_coord"},"geometry":{"type":"Point","coordinates":[138.872207,35.07915]}},{"type":"Feature","properties":{"layer_id":"cafe_restaurant","name":"マックスバリュエクスプレス沼津西沢田店（惣菜）","category":"food","address":"静岡県沼津市西沢田７２９－１","source":"厚生労働省 食品衛生申請等システム（オープンデータ）","municipality_code":"22203","municipality_pref":"静岡県","municipality_name":"沼津市","municipality_code_method":"food_exact_coord"},"geometry":{"type":"Point","coordinates":[138.846802,35.122644]}},{"type":"Feature","properties":{"layer_id":"cafe_restaurant","name":"マックスバリュ沼津原町西店","category":"food","address":"静岡県沼津市原１０８５","source":"厚生労働省 食品衛生申請等システム（オープンデータ）","municipality_code":"22203","municipality_pref":"静岡県","municipality_name":"沼津市","municipality_code_method":"food_exact_coord"},"geometry":{"type":"Point","coordinates":[138.799119,35.126998]}},{"type":"Feature","properties":{"layer_id":"cafe_restaurant","name":"マックスバリュ沼津カタクラパーク店","category":"food","address":"静岡県沼津市大岡１０２０－１","source":"厚生労働省 食品衛生申請等システム（オープンデータ）","municipality_code":"22203","municipality_pref":"静岡県","municipality_name":"沼津市","municipality_code_method":"food_exact_coord"},"geometry":{"type":"Point","coordinates":[138.877716,35.106517]}},{"type":"Feature","properties":{"layer_id":"cafe_restaurant","name":"不二家マックスバリュ沼津南店","category":"food","address":"静岡県沼津市西島町１０番１号","source":"厚生労働省 食品衛生申請等システム（オープンデータ）","municipality_code":"22203","municipality_pref":"静岡県","municipality_name":"沼津市","municipality_code_method":"food_exact_coord"},"geometry":{"type":"Point","coordinates":[138.863171,35.086013]}},{"type":"Feature","properties":{"layer_id":"cafe_restaurant","name":"マックスバリュ 沼津柳町店","category":"food","address":"静岡県沼津市柳町３－１５","source":"厚生労働省 食品衛生申請等システム（オープンデータ）","municipality_code":"22203","municipality_pref":"静岡県","municipality_name":"沼津市","municipality_code_method":"food_exact_coord"},"geometry":{"type":"Point","coordinates":[138.862496171,35.11676837600001]}},{"type":"Feature","properties":{"layer_id":"cafe_restaurant","name":"マックスバリュ沼津沼北店","category":"food","address":"静岡県沼津市沼北町２－１７－２２","source":"厚生労働省 食品衛生申請等システム（オープンデータ）","municipality_code":"22203","municipality_pref":"静岡県","municipality_name":"沼津市","municipality_code_method":"food_exact_coord"},"geometry":{"type":"Point","coordinates":[138.851721392,35.116075669]}},{"type":"Feature","properties":{"layer_id":"cafe_restaurant","name":"マックスバリュ沼津沼北店","category":"food","address":"静岡県沼津市沼北町２－１７－２２","source":"厚生労働省 食品衛生申請等システム（オープンデータ）","municipality_code":"22203","municipality_pref":"静岡県","municipality_name":"沼津市","municipality_code_method":"food_exact_coord"},"geometry":{"type":"Point","coordinates":[138.851721392,35.116075669]}},{"type":"Feature","properties":{"layer_id":"cafe_restaurant","name":"マックスバリュ沼津沼北店","category":"food","address":"静岡県沼津市沼北町２－１７－２２","source":"厚生労働省 食品衛生申請等システム（オープンデータ）","municipality_code":"22203","municipality_pref":"静岡県","municipality_name":"沼津市","municipality_code_method":"food_exact_coord"},"geometry":{"type":"Point","coordinates":[138.851721392,35.116075669]}},{"type":"Feature","properties":{"layer_id":"cafe_restaurant","name":"ヒーハーチキン","category":"food","address":"静岡県沼津市高島町６－１ アイエフ内田ビル１F","source":"厚生労働省 食品衛生申請等システム（オープンデータ）","municipality_code":"22203","municipality_pref":"静岡県","municipality_name":"沼津市","municipality_code_method":"food_exact_coord"},"geometry":{"type":"Point","coordinates":[138.859575,35.104614]}},{"type":"Feature","properties":{"layer_id":"cafe_restaurant","name":"焼肉ＫＵＲＵＭＩ","category":"food","address":"静岡県沼津市高島町１５－１ 高島屋マンション１Ｆ","source":"厚生労働省 食品衛生申請等システム（オープンデータ）","municipality_code":"22203","municipality_pref":"静岡県","municipality_name":"沼津市","municipality_code_method":"food_exact_coord"},"geometry":{"type":"Point","coordinates":[138.858477166,35.105452357]}},{"type":"Feature","properties":{"layer_id":"cafe_restaurant","name":"たまちゃんの台所","category":"food","address":"静岡県沼津市大岡776-8","source":"厚生労働省 食品衛生申請等システム（オープンデータ）","municipality_code":"22203","municipality_pref":"静岡県","municipality_name":"沼津市","municipality_code_method":"food_exact_coord"},"geometry":{"type":"Point","coordinates":[138.881865,35.108776]}},{"type":"Feature","properties":{"layer_id":"cafe_restaurant","name":"沼津市斎場売店「Ｆｕｎｅｒａｌ Ｈｏｍｅ Ｓｈｏｐ」","category":"food","address":"静岡県沼津市中瀬町14番1号 沼津市斎場２Ｆ売店","source":"厚生労働省 食品衛生申請等システム（オープンデータ）","municipality_code":"22203","municipality_pref":"静岡県","municipality_name":"沼津市","municipality_code_method":"food_exact_coord"},"geometry":{"type":"Point","coordinates":[138.87915,35.09688]}},{"type":"Feature","properties":{"layer_id":"cafe_restaurant","name":"ホルモン番長","category":"food","address":"静岡県沼津市大手町5丁目１０－３","source":"厚生労働省 食品衛生申請等システム（オープンデータ）","municipality_code":"22203","municipality_pref":"静岡県","municipality_name":"沼津市","municipality_code_method":"food_exact_coord"},"geometry":{"type":"Point","coordinates":[138.857308,35.101394]}},{"type":"Feature","properties":{"layer_id":"cafe_restaurant","name":"ダイニングラーフ","category":"food","address":"静岡県沼津市筒井町16－2 鈴木ビル1階西３号","source":"厚生労働省 食品衛生申請等システム（オープンデータ）","municipality_code":"22203","municipality_pref":"静岡県","municipality_name":"沼津市","municipality_code_method":"food_exact_coord"},"geometry":{"type":"Point","coordinates":[138.864641,35.119883]}},{"type":"Feature","properties":{"layer_id":"cafe_restaurant","name":"沼津魚がし鮨　しずてつストア大岡店","category":"food","address":"静岡県沼津市大岡2277-2 しずてつストア大岡店内","source":"厚生労働省 食品衛生申請等システム（オープンデータ）","municipality_code":"22203","municipality_pref":"静岡県","municipality_name":"沼津市","municipality_code_method":"food_exact_coord"},"geometry":{"type":"Point","coordinates":[138.878138,35.114778]}},{"type":"Feature","properties":{"layer_id":"cafe_restaurant","name":"沼津魚がし鮨　本店","category":"food","address":"静岡県沼津市春日町47-1","source":"厚生労働省 食品衛生申請等システム（オープンデータ）","municipality_code":"22203","municipality_pref":"静岡県","municipality_name":"沼津市","municipality_code_method":"food_exact_coord"},"geometry":{"type":"Point","coordinates":[138.858838,35.083387]}},{"type":"Feature","properties":{"layer_id":"cafe_restaurant","name":"沼津魚がし鮨片浜店","category":"food","address":"静岡県沼津市松長１２－３","source":"厚生労働省 食品衛生申請等システム（オープンデータ）","municipality_code":"22203","municipality_pref":"静岡県","municipality_name":"沼津市","municipality_code_method":"food_exact_coord"},"geometry":{"type":"Point","coordinates":[138.818086,35.115333]}},{"type":"Feature","properties":{"layer_id":"cafe_restaurant","name":"ゴディバ　ららぽーと沼津店","category":"food","address":"静岡県沼津市東椎路３０１－３ ららぽーと沼津　２００１０","source":"厚生労働省 食品衛生申請等システム（オープンデータ）","municipality_code":"22203","municipality_pref":"静岡県","municipality_name":"沼津市","municipality_code_method":"food_exact_coord"},"geometry":{"type":"Point","coordinates":[138.837145,35.128607]}},{"type":"Feature","properties":{"layer_id":"cafe_restaurant","name":"近江焼肉ホルモンすだく沼津店","category":"food","address":"静岡県沼津市平町１４－１３","source":"厚生労働省 食品衛生申請等システム（オープンデータ）","municipality_code":"22203","municipality_pref":"静岡県","municipality_name":"沼津市","municipality_code_method":"food_exact_coord"},"geometry":{"type":"Point","coordinates":[138.864946,35.099866]}},{"type":"Feature","properties":{"layer_id":"cafe_restaurant","name":"近江牛畜産ホルモンすだく沼津店","category":"food","address":"静岡県沼津市大手町2－3－16 ファンカーサ沼津1階","source":"厚生労働省 食品衛生申請等システム（オープンデータ）","municipality_code":"22203","municipality_pref":"静岡県","municipality_name":"沼津市","municipality_code_method":"food_exact_coord"},"geometry":{"type":"Point","coordinates":[138.862165,35.101005]}},{"type":"Feature","properties":{"layer_id":"cafe_restaurant","name":"特別養護老人ホーム一本松","category":"food","address":"静岡県沼津市一本松175","source":"厚生労働省 食品衛生申請等システム（オープンデータ）","municipality_code":"22203","municipality_pref":"静岡県","municipality_name":"沼津市","municipality_code_method":"food_exact_coord"},"geometry":{"type":"Point","coordinates":[138.774753,35.129669]}},{"type":"Feature","properties":{"layer_id":"cafe_restaurant","name":"住宅型有料老人ホーム　グループハウス沼津岡宮","category":"food","address":"静岡県沼津市岡宮980-1","source":"厚生労働省 食品衛生申請等システム（オープンデータ）","municipality_code":"22203","municipality_pref":"静岡県","municipality_name":"沼津市","municipality_code_method":"food_exact_coord"},"geometry":{"type":"Point","coordinates":[138.87057,35.132035]}},{"type":"Feature","properties":{"layer_id":"cafe_restaurant","name":"西島病院","category":"food","address":"静岡県沼津市大岡２８３５－７","source":"厚生労働省 食品衛生申請等システム（オープンデータ）","municipality_code":"22203","municipality_pref":"静岡県","municipality_name":"沼津市","municipality_code_method":"food_exact_coord"},"geometry":{"type":"Point","coordinates":[138.882746,35.121268]}},{"type":"Feature","properties":{"layer_id":"cafe_restaurant","name":"びっくりドンキー駿河湾沼津SA下り店","category":"food","address":"静岡県沼津市根古屋919-1","source":"厚生労働省 食品衛生申請等システム（オープンデータ）","municipality_code":"22203","municipality_pref":"静岡県","municipality_name":"沼津市","municipality_code_method":"food_exact_coord"},"geometry":{"type":"Point","coordinates":[138.811043,35.152649]}},{"type":"Feature","properties":{"layer_id":"cafe_restaurant","name":"焼肉きんぐ沼津店","category":"food","address":"静岡県沼津市北高島町４－３","source":"厚生労働省 食品衛生申請等システム（オープンデータ）","municipality_code":"22203","municipality_pref":"静岡県","municipality_name":"沼津市","municipality_code_method":"food_exact_coord"},"geometry":{"type":"Point","coordinates":[138.855588,35.104546]}},{"type":"Feature","properties":{"layer_id":"cafe_restaurant","name":"熟成醤油ラーメンきゃべとん　沼津学園通店","category":"food","address":"静岡県沼津市東熊堂４６０－１７","source":"厚生労働省 食品衛生申請等システム（オープンデータ）","municipality_code":"22203","municipality_pref":"静岡県","municipality_name":"沼津市","municipality_code_method":"food_exact_coord"},"geometry":{"type":"Point","coordinates":[138.867486,35.120128]}},{"type":"Feature","properties":{"layer_id":"cafe_restaurant","name":"CAMP★RICKY","category":"food","address":"静岡県沼津市三園町4-30","source":"厚生労働省 食品衛生申請等システム（オープンデータ）","municipality_code":"22203","municipality_pref":"静岡県","municipality_name":"沼津市","municipality_code_method":"food_exact_coord"},"geometry":{"type":"Point","coordinates":[138.866738,35.089655]}},{"type":"Feature","properties":{"layer_id":"cafe_restaurant","name":"麺や厨","category":"food","address":"静岡県沼津市東椎路301番地3 ららぽーと沼津37022","source":"厚生労働省 食品衛生申請等システム（オープンデータ）","municipality_code":"22203","municipality_pref":"静岡県","municipality_name":"沼津市","municipality_code_method":"food_exact_coord"},"geometry":{"type":"Point","coordinates":[138.841906,35.120419]}},{"type":"Feature","properties":{"layer_id":"cafe_restaurant","name":"DUBYDoBAR","category":"food","address":"静岡県沼津市大手町５丁目8番地8号 中川ビル2F","source":"厚生労働省 食品衛生申請等システム（オープンデータ）","municipality_code":"22203","municipality_pref":"静岡県","municipality_name":"沼津市","municipality_code_method":"food_exact_coord"},"geometry":{"type":"Point","coordinates":[138.857968,35.100744]}},{"type":"Feature","properties":{"layer_id":"cafe_restaurant","name":"ｄ－ｓｅｃｏｎｄ","category":"food","address":"静岡県沼津市大手町５－８－６ 宴ビル２階","source":"厚生労働省 食品衛生申請等システム（オープンデータ）","municipality_code":"22203","municipality_pref":"静岡県","municipality_name":"沼津市","municipality_code_method":"food_exact_coord"},"geometry":{"type":"Point","coordinates":[138.858169274,35.100652192]}},{"type":"Feature","properties":{"layer_id":"cafe_restaurant","name":"ＥＶＥＲＹＦＯＯＤ（１３６２）事業所","category":"food","address":"静岡県沼津市大手町３－７－２５ 東京電力パワーグリッド静岡総支社本館食堂","source":"厚生労働省 食品衛生申請等システム（オープンデータ）","municipality_code":"22203","municipality_pref":"静岡県","municipality_name":"沼津市","municipality_code_method":"food_exact_coord"},"geometry":{"type":"Point","coordinates":[138.860142,35.099517]}},{"type":"Feature","properties":{"layer_id":"cafe_restaurant","name":"ＥＶＥＲＹＦＯＯＤ（１０９０）事業所","category":"food","address":"静岡県沼津市大岡２７７１ 矢崎エナジーシステム 沼津製作所　食堂","source":"厚生労働省 食品衛生申請等システム（オープンデータ）","municipality_code":"22203","municipality_pref":"静岡県","municipality_name":"沼津市","municipality_code_method":"food_exact_coord"},"geometry":{"type":"Point","coordinates":[138.878553,35.119545]}},{"type":"Feature","properties":{"layer_id":"cafe_restaurant","name":"エブリィビッグデー　沼津北店","category":"food","address":"静岡県沼津市西沢田３２１","source":"厚生労働省 食品衛生申請等システム（オープンデータ）","municipality_code":"22203","municipality_pref":"静岡県","municipality_name":"沼津市","municipality_code_method":"food_exact_coord"},"geometry":{"type":"Point","coordinates":[138.845917,35.122541]}},{"type":"Feature","properties":{"layer_id":"cafe_restaurant","name":"がってん寿司　ららぽーと沼津店","category":"food","address":"静岡県沼津市東椎路字東荒301番地3 1階　15121","source":"厚生労働省 食品衛生申請等システム（オープンデータ）","municipality_code":"22203","municipality_pref":"静岡県","municipality_name":"沼津市","municipality_code_method":"food_exact_coord"},"geometry":{"type":"Point","coordinates":[138.774821,35.148904]}},{"type":"Feature","properties":{"layer_id":"cafe_restaurant","name":"餃子の王将　沼津松長店","category":"food","address":"静岡県沼津市松長12-3","source":"厚生労働省 食品衛生申請等システム（オープンデータ）","municipality_code":"22203","municipality_pref":"静岡県","municipality_name":"沼津市","municipality_code_method":"food_exact_coord"},"geometry":{"type":"Point","coordinates":[138.818088,35.115335]}},{"type":"Feature","properties":{"layer_id":"cafe_restaurant","name":"餃子の王将沼津店","category":"food","address":"静岡県沼津市岡宮１３０２－８","source":"厚生労働省 食品衛生申請等システム（オープンデータ）","municipality_code":"22203","municipality_pref":"静岡県","municipality_name":"沼津市","municipality_code_method":"food_exact_coord"},"geometry":{"type":"Point","coordinates":[138.867815,35.134492]}},{"type":"Feature","properties":{"layer_id":"cafe_restaurant","name":"はな雅","category":"food","address":"静岡県沼津市上土町８５ー２ 西側","source":"厚生労働省 食品衛生申請等システム（オープンデータ）","municipality_code":"22203","municipality_pref":"静岡県","municipality_name":"沼津市","municipality_code_method":"food_exact_coord"},"geometry":{"type":"Point","coordinates":[138.858089,35.098123]}},{"type":"Feature","properties":{"layer_id":"cafe_restaurant","name":"サーティワンアイスクリーム沼津インター店","category":"food","address":"静岡県沼津市岡一色１９７－１","source":"厚生労働省 食品衛生申請等システム（オープンデータ）","municipality_code":"22203","municipality_pref":"静岡県","municipality_name":"沼津市","municipality_code_method":"food_exact_coord"},"geometry":{"type":"Point","coordinates":[138.876716,35.132911]}},{"type":"Feature","properties":{"layer_id":"cafe_restaurant","name":"SpeakEZ","category":"food","address":"静岡県沼津市大手町2-3-2 山口ビル201","source":"厚生労働省 食品衛生申請等システム（オープンデータ）","municipality_code":"22203","municipality_pref":"静岡県","municipality_name":"沼津市","municipality_code_method":"food_exact_coord"},"geometry":{"type":"Point","coordinates":[138.86228649999998,35.1011955]}},{"type":"Feature","properties":{"layer_id":"cafe_restaurant","name":"GOLDENEYE","category":"food","address":"静岡県沼津市大手町5丁目8-8 中川ビルB1","source":"厚生労働省 食品衛生申請等システム（オープンデータ）","municipality_code":"22203","municipality_pref":"静岡県","municipality_name":"沼津市","municipality_code_method":"food_exact_coord"},"geometry":{"type":"Point","coordinates":[138.857967,35.100739]}},{"type":"Feature","properties":{"layer_id":"cafe_restaurant","name":"炭焼きレストランさわやか　沼津学園通り店","category":"food","address":"静岡県沼津市神田町６－２６","source":"厚生労働省 食品衛生申請等システム（オープンデータ）","municipality_code":"22203","municipality_pref":"静岡県","municipality_name":"沼津市","municipality_code_method":"food_exact_coord"},"geometry":{"type":"Point","coordinates":[138.867031,35.118031]}},{"type":"Feature","properties":{"layer_id":"cafe_restaurant","name":"Owl","category":"food","address":"静岡県沼津市高島町18-20 スルガビル2階","source":"厚生労働省 食品衛生申請等システム（オープンデータ）","municipality_code":"22203","municipality_pref":"静岡県","municipality_name":"沼津市","municipality_code_method":"food_exact_coord"},"geometry":{"type":"Point","coordinates":[138.856287,35.104048]}},{"type":"Feature","properties":{"layer_id":"cafe_restaurant","name":"リンガーハットららぽーと沼津店","category":"food","address":"静岡県沼津市東椎路字東荒301番地3 ららぽーと沼津37012","source":"厚生労働省 食品衛生申請等システム（オープンデータ）","municipality_code":"22203","municipality_pref":"静岡県","municipality_name":"沼津市","municipality_code_method":"food_exact_coord"},"geometry":{"type":"Point","coordinates":[138.774821,35.148904]}},{"type":"Feature","properties":{"layer_id":"cafe_restaurant","name":"リンガーハット静岡沼津インター店","category":"food","address":"静岡県沼津市岡一色53-1","source":"厚生労働省 食品衛生申請等システム（オープンデータ）","municipality_code":"22203","municipality_pref":"静岡県","municipality_name":"沼津市","municipality_code_method":"food_exact_coord"},"geometry":{"type":"Point","coordinates":[138.880095,35.124265]}},{"type":"Feature","properties":{"layer_id":"cafe_restaurant","name":"平安典礼斎場ホール","category":"food","address":"静岡県沼津市中瀬町11-1","source":"厚生労働省 食品衛生申請等システム（オープンデータ）","municipality_code":"22203","municipality_pref":"静岡県","municipality_name":"沼津市","municipality_code_method":"food_exact_coord"},"geometry":{"type":"Point","coordinates":[138.879839,35.098582]}},{"type":"Feature","properties":{"layer_id":"cafe_restaurant","name":"沼津平安典礼会館 本館 １階","category":"food","address":"静岡県沼津市下香貫上障子４０２－１","source":"厚生労働省 食品衛生申請等システム（オープンデータ）","municipality_code":"22203","municipality_pref":"静岡県","municipality_name":"沼津市","municipality_code_method":"food_exact_coord"},"geometry":{"type":"Point","coordinates":[138.869004,35.082965]}},{"type":"Feature","properties":{"layer_id":"cafe_restaurant","name":"沼津平安典礼会館 本館 ２階","category":"food","address":"静岡県沼津市下香貫上障子４０２－１","source":"厚生労働省 食品衛生申請等システム（オープンデータ）","municipality_code":"22203","municipality_pref":"静岡県","municipality_name":"沼津市","municipality_code_method":"food_exact_coord"},"geometry":{"type":"Point","coordinates":[138.869004,35.082965]}},{"type":"Feature","properties":{"layer_id":"cafe_restaurant","name":"家族斎場　千樹院","category":"food","address":"静岡県沼津市原１５４９－１","source":"厚生労働省 食品衛生申請等システム（オープンデータ）","municipality_code":"22203","municipality_pref":"静岡県","municipality_name":"沼津市","municipality_code_method":"food_exact_coord"},"geometry":{"type":"Point","coordinates":[138.80090416500002,35.127968661000004]}},{"type":"Feature","properties":{"layer_id":"cafe_restaurant","name":"原平安典礼会館","category":"food","address":"静岡県沼津市青野５２－１","source":"厚生労働省 食品衛生申請等システム（オープンデータ）","municipality_code":"22203","municipality_pref":"静岡県","municipality_name":"沼津市","municipality_code_method":"food_exact_coord"},"geometry":{"type":"Point","coordinates":[138.813073,35.144773]}},{"type":"Feature","properties":{"layer_id":"cafe_restaurant","name":"平安院東間門","category":"food","address":"静岡県沼津市東間門字向田１４４－２","source":"厚生労働省 食品衛生申請等システム（オープンデータ）","municipality_code":"22203","municipality_pref":"静岡県","municipality_name":"沼津市","municipality_code_method":"food_exact_coord"},"geometry":{"type":"Point","coordinates":[138.846124,35.106245]}},{"type":"Feature","properties":{"layer_id":"cafe_restaurant","name":"斎場　白樹苑","category":"food","address":"静岡県沼津市中原町１－２９","source":"厚生労働省 食品衛生申請等システム（オープンデータ）","municipality_code":"22203","municipality_pref":"静岡県","municipality_name":"沼津市","municipality_code_method":"food_exact_coord"},"geometry":{"type":"Point","coordinates":[138.87465373700002,35.098133367]}},{"type":"Feature","properties":{"layer_id":"cafe_restaurant","name":"愛鷹平安典礼会館","category":"food","address":"静岡県沼津市東椎路８４３－２","source":"厚生労働省 食品衛生申請等システム（オープンデータ）","municipality_code":"22203","municipality_pref":"静岡県","municipality_name":"沼津市","municipality_code_method":"food_exact_coord"},"geometry":{"type":"Point","coordinates":[138.836224,35.122289]}},{"type":"Feature","properties":{"layer_id":"cafe_restaurant","name":"香貫平安典礼会館","category":"food","address":"静岡県沼津市下香貫前原１４９５－１","source":"厚生労働省 食品衛生申請等システム（オープンデータ）","municipality_code":"22203","municipality_pref":"静岡県","municipality_name":"沼津市","municipality_code_method":"food_exact_coord"},"geometry":{"type":"Point","coordinates":[138.87803,35.078706]}},{"type":"Feature","properties":{"layer_id":"cafe_restaurant","name":"のぼり平安典礼ホール","category":"food","address":"静岡県沼津市新沢田町２－５３","source":"厚生労働省 食品衛生申請等システム（オープンデータ）","municipality_code":"22203","municipality_pref":"静岡県","municipality_name":"沼津市","municipality_code_method":"food_exact_coord"},"geometry":{"type":"Point","coordinates":[138.854017673,35.116788915]}},{"type":"Feature","properties":{"layer_id":"cafe_restaurant","name":"魚河岸　丸天　みなと店","category":"food","address":"静岡県沼津市千本港町１００－１","source":"厚生労働省 食品衛生申請等システム（オープンデータ）","municipality_code":"22203","municipality_pref":"静岡県","municipality_name":"沼津市","municipality_code_method":"food_exact_coord"},"geometry":{"type":"Point","coordinates":[138.857938,35.083105]}},{"type":"Feature","properties":{"layer_id":"cafe_restaurant","name":"社会福祉法人輝望会　沼津のぞみの里","category":"food","address":"静岡県沼津市西椎路６５９－２","source":"厚生労働省 食品衛生申請等システム（オープンデータ）","municipality_code":"22203","municipality_pref":"静岡県","municipality_name":"沼津市","municipality_code_method":"food_exact_coord"},"geometry":{"type":"Point","coordinates":[138.827362,35.129387]}},{"type":"Feature","properties":{"layer_id":"cafe_restaurant","name":"DEN foods　２号","category":"food","address":"静岡県沼津市足高220－4","source":"厚生労働省 食品衛生申請等システム（オープンデータ）","municipality_code":"22203","municipality_pref":"静岡県","municipality_name":"沼津市","municipality_code_method":"food_exact_coord"},"geometry":{"type":"Point","coordinates":[138.849971,35.160536]}},{"type":"Feature","properties":{"layer_id":"cafe_restaurant","name":"DEN foods　３号","category":"food","address":"静岡県沼津市足高220－4","source":"厚生労働省 食品衛生申請等システム（オープンデータ）","municipality_code":"22203","municipality_pref":"静岡県","municipality_name":"沼津市","municipality_code_method":"food_exact_coord"},"geometry":{"type":"Point","coordinates":[138.849971,35.160536]}},{"type":"Feature","properties":{"layer_id":"cafe_restaurant","name":"DEN foods　1号","category":"food","address":"静岡県沼津市足高220-4","source":"厚生労働省 食品衛生申請等システム（オープンデータ）","municipality_code":"22203","municipality_pref":"静岡県","municipality_name":"沼津市","municipality_code_method":"food_exact_coord"},"geometry":{"type":"Point","coordinates":[138.849971,35.160536]}},{"type":"Feature","properties":{"layer_id":"cafe_restaurant","name":"いちごプラザ大福や沼津港店","category":"food","address":"静岡県沼津市千本港町８３番地","source":"厚生労働省 食品衛生申請等システム（オープンデータ）","municipality_code":"22203","municipality_pref":"静岡県","municipality_name":"沼津市","municipality_code_method":"food_exact_coord"},"geometry":{"type":"Point","coordinates":[138.858194,35.083837]}},{"type":"Feature","properties":{"layer_id":"cafe_restaurant","name":"ロータスケア緑ヶ丘内レパスト","category":"food","address":"静岡県沼津市岡宮字仲沖376-1","source":"厚生労働省 食品衛生申請等システム（オープンデータ）","municipality_code":"22203","municipality_pref":"静岡県","municipality_name":"沼津市","municipality_code_method":"food_exact_coord"},"geometry":{"type":"Point","coordinates":[138.867413,35.130846]}},{"type":"Feature","properties":{"layer_id":"cafe_restaurant","name":"在宅型　有料老人ホームロータスケア岡宮","category":"food","address":"静岡県沼津市岡宮字御堂林１０９７","source":"厚生労働省 食品衛生申請等システム（オープンデータ）","municipality_code":"22203","municipality_pref":"静岡県","municipality_name":"沼津市","municipality_code_method":"food_exact_coord"},"geometry":{"type":"Point","coordinates":[138.867413,35.130846]}},{"type":"Feature","properties":{"layer_id":"cafe_restaurant","name":"富士伊豆農業協同組合　金岡産直市","category":"food","address":"静岡県沼津市東熊堂６００－１","source":"厚生労働省 食品衛生申請等システム（オープンデータ）","municipality_code":"22203","municipality_pref":"静岡県","municipality_name":"沼津市","municipality_code_method":"food_exact_coord"},"geometry":{"type":"Point","coordinates":[138.860198,35.121872]}},{"type":"Feature","properties":{"layer_id":"cafe_restaurant","name":"ミールケア　認定こども園　中央幼稚園事業所","category":"food","address":"静岡県沼津市幸町２３－３","source":"厚生労働省 食品衛生申請等システム（オープンデータ）","municipality_code":"22203","municipality_pref":"静岡県","municipality_name":"沼津市","municipality_code_method":"food_exact_coord"},"geometry":{"type":"Point","coordinates":[138.854302,35.09602]}},{"type":"Feature","properties":{"layer_id":"cafe_restaurant","name":"703Crepes Every Buddy Cafe","category":"food","address":"静岡県沼津市岡宮954‐35","source":"厚生労働省 食品衛生申請等システム（オープンデータ）","municipality_code":"22203","municipality_pref":"静岡県","municipality_name":"沼津市","municipality_code_method":"food_exact_coord"},"geometry":{"type":"Point","coordinates":[138.866309,35.132689]}},{"type":"Feature","properties":{"layer_id":"cafe_restaurant","name":"エームＳＪ１８７２","category":"food","address":"静岡県沼津市岡宮寺林１２５９","source":"厚生労働省 食品衛生申請等システム（オープンデータ）","municipality_code":"22203","municipality_pref":"静岡県","municipality_name":"沼津市","municipality_code_method":"food_exact_coord"},"geometry":{"type":"Point","coordinates":[138.867815,35.134492]}},{"type":"Feature","properties":{"layer_id":"cafe_restaurant","name":"ロイヤルホスト沼津店","category":"food","address":"静岡県沼津市東熊堂４４８－１","source":"厚生労働省 食品衛生申請等システム（オープンデータ）","municipality_code":"22203","municipality_pref":"静岡県","municipality_name":"沼津市","municipality_code_method":"food_exact_coord"},"geometry":{"type":"Point","coordinates":[138.86761,35.120799]}},{"type":"Feature","properties":{"layer_id":"cafe_restaurant","name":"セブン－イレブン沼津自由ヶ丘店","category":"food","address":"静岡県沼津市大岡２１３２－１","source":"厚生労働省 食品衛生申請等システム（オープンデータ）","municipality_code":"22203","municipality_pref":"静岡県","municipality_name":"沼津市","municipality_code_method":"food_exact_coord"},"geometry":{"type":"Point","coordinates":[138.882746,35.121268]}},{"type":"Feature","properties":{"layer_id":"cafe_restaurant","name":"居酒屋　あいちゃん","category":"food","address":"静岡県沼津市原772-4 エデンス原A","source":"厚生労働省 食品衛生申請等システム（オープンデータ）","municipality_code":"22203","municipality_pref":"静岡県","municipality_name":"沼津市","municipality_code_method":"food_exact_coord"},"geometry":{"type":"Point","coordinates":[138.786161,35.128884]}},{"type":"Feature","properties":{"layer_id":"cafe_restaurant","name":"ばんからラーメン沼津店","category":"food","address":"静岡県沼津市西沢田４９０－２","source":"厚生労働省 食品衛生申請等システム（オープンデータ）","municipality_code":"22203","municipality_pref":"静岡県","municipality_name":"沼津市","municipality_code_method":"food_exact_coord"},"geometry":{"type":"Point","coordinates":[138.845917,35.122541]}},{"type":"Feature","properties":{"layer_id":"cafe_restaurant","name":"RANEM　EXPRESS　博多一風堂","category":"food","address":"静岡県沼津市東椎路301-3 ららぽーと沼津　37024","source":"厚生労働省 食品衛生申請等システム（オープンデータ）","municipality_code":"22203","municipality_pref":"静岡県","municipality_name":"沼津市","municipality_code_method":"food_exact_coord"},"geometry":{"type":"Point","coordinates":[138.841906,35.120419]}},{"type":"Feature","properties":{"layer_id":"cafe_restaurant","name":"沼津西病院　日清医療食品株式会社","category":"food","address":"静岡県沼津市原２５０－８","source":"厚生労働省 食品衛生申請等システム（オープンデータ）","municipality_code":"22203","municipality_pref":"静岡県","municipality_name":"沼津市","municipality_code_method":"food_exact_coord"},"geometry":{"type":"Point","coordinates":[138.797804577,35.122724128]}},{"type":"Feature","properties":{"layer_id":"cafe_restaurant","name":"丘の上保育園","category":"food","address":"静岡県沼津市大岡４０７５－４","source":"厚生労働省 食品衛生申請等システム（オープンデータ）","municipality_code":"22203","municipality_pref":"静岡県","municipality_name":"沼津市","municipality_code_method":"food_exact_coord"},"geometry":{"type":"Point","coordinates":[138.882746,35.121268]}},{"type":"Feature","properties":{"layer_id":"cafe_restaurant","name":"きせがわ病院","category":"food","address":"静岡県沼津市大岡１１５５","source":"厚生労働省 食品衛生申請等システム（オープンデータ）","municipality_code":"22203","municipality_pref":"静岡県","municipality_name":"沼津市","municipality_code_method":"food_exact_coord"},"geometry":{"type":"Point","coordinates":[138.882746,35.121268]}},{"type":"Feature","properties":{"layer_id":"cafe_restaurant","name":"日清医療食品㈱岡宮グリーンヒル内事業所","category":"food","address":"静岡県沼津市岡宮１１８２－１","source":"厚生労働省 食品衛生申請等システム（オープンデータ）","municipality_code":"22203","municipality_pref":"静岡県","municipality_name":"沼津市","municipality_code_method":"food_exact_coord"},"geometry":{"type":"Point","coordinates":[138.867815,35.134492]}},{"type":"Feature","properties":{"layer_id":"cafe_restaurant","name":"まちのイタリアン　ワイン酒場　con le mani","category":"food","address":"静岡県沼津市大手町5-7-13","source":"厚生労働省 食品衛生申請等システム（オープンデータ）","municipality_code":"22203","municipality_pref":"静岡県","municipality_name":"沼津市","municipality_code_method":"food_exact_coord"},"geometry":{"type":"Point","coordinates":[138.85755,35.100146]}},{"type":"Feature","properties":{"layer_id":"cafe_restaurant","name":"Bistro Repos","category":"food","address":"静岡県沼津市大手町2－4－15　4階","source":"厚生労働省 食品衛生申請等システム（オープンデータ）","municipality_code":"22203","municipality_pref":"静岡県","municipality_name":"沼津市","municipality_code_method":"food_exact_coord"},"geometry":{"type":"Point","coordinates":[138.86186,35.100853]}},{"type":"Feature","properties":{"layer_id":"cafe_restaurant","name":"酒場ｍａｔｔｅｒ","category":"food","address":"静岡県沼津市大手町２－４－１５ ５階","source":"厚生労働省 食品衛生申請等システム（オープンデータ）","municipality_code":"22203","municipality_pref":"静岡県","municipality_name":"沼津市","municipality_code_method":"food_exact_coord"},"geometry":{"type":"Point","coordinates":[138.86186,35.100853]}},{"type":"Feature","properties":{"layer_id":"cafe_restaurant","name":"La cafeteria　ベルデ","category":"food","address":"静岡県沼津市町方町４９ 菅沼ビル2F","source":"厚生労働省 食品衛生申請等システム（オープンデータ）","municipality_code":"22203","municipality_pref":"静岡県","municipality_name":"沼津市","municipality_code_method":"food_exact_coord"},"geometry":{"type":"Point","coordinates":[138.857164,35.097177]}},{"type":"Feature","properties":{"layer_id":"cafe_restaurant","name":"マミー原町店","category":"food","address":"静岡県沼津市青野３８－１","source":"厚生労働省 食品衛生申請等システム（オープンデータ）","municipality_code":"22203","municipality_pref":"静岡県","municipality_name":"沼津市","municipality_code_method":"food_exact_coord"},"geometry":{"type":"Point","coordinates":[138.804617,35.132839]}},{"type":"Feature","properties":{"layer_id":"cafe_restaurant","name":"社会福祉法人輝望会　生活介護事業所　沼津のぞみの園　厨房","category":"food","address":"静岡県沼津市西沢田１０４０－１","source":"厚生労働省 食品衛生申請等システム（オープンデータ）","municipality_code":"22203","municipality_pref":"静岡県","municipality_name":"沼津市","municipality_code_method":"food_exact_coord"},"geometry":{"type":"Point","coordinates":[138.847592,35.12901]}},{"type":"Feature","properties":{"layer_id":"cafe_restaurant","name":"沼津20240401","category":"food","address":"静岡県沼津市大平2224-1","source":"厚生労働省 食品衛生申請等システム（オープンデータ）","municipality_code":"22203","municipality_pref":"静岡県","municipality_name":"沼津市","municipality_code_method":"food_exact_coord"},"geometry":{"type":"Point","coordinates":[138.911392,35.078848]}},{"type":"Feature","properties":{"layer_id":"cafe_restaurant","name":"セブン－イレブン沼津柳町店","category":"food","address":"静岡県沼津市柳町６－１８","source":"厚生労働省 食品衛生申請等システム（オープンデータ）","municipality_code":"22203","municipality_pref":"静岡県","municipality_name":"沼津市","municipality_code_method":"food_exact_coord"},"geometry":{"type":"Point","coordinates":[138.863836,35.118468]}},{"type":"Feature","properties":{"layer_id":"cafe_restaurant","name":"いけすや食堂","category":"food","address":"静岡県沼津市内浦小海字中ノ洞３０－１０３","source":"厚生労働省 食品衛生申請等システム（オープンデータ）","municipality_code":"22203","municipality_pref":"静岡県","municipality_name":"沼津市","municipality_code_method":"food_exact_coord"},"geometry":{"type":"Point","coordinates":[138.896989,35.027821]}},{"type":"Feature","properties":{"layer_id":"cafe_restaurant","name":"KUZURA CAFE","category":"food","address":"静岡県沼津市西浦久連436-19","source":"厚生労働省 食品衛生申請等システム（オープンデータ）","municipality_code":"22203","municipality_pref":"静岡県","municipality_name":"沼津市","municipality_code_method":"food_exact_coord"},"geometry":{"type":"Point","coordinates":[138.870728,35.02096]}},{"type":"Feature","properties":{"layer_id":"cafe_restaurant","name":"十八番や・Bento","category":"food","address":"静岡県沼津市大手町１丁目１番１号 アントレ沼津店１階","source":"厚生労働省 食品衛生申請等システム（オープンデータ）","municipality_code":"22203","municipality_pref":"静岡県","municipality_name":"沼津市","municipality_code_method":"food_exact_coord"},"geometry":{"type":"Point","coordinates":[138.858894,35.102039]}},{"type":"Feature","properties":{"layer_id":"cafe_restaurant","name":"モスバーガー　沼津五月町店","category":"food","address":"静岡県沼津市五月町４－２０","source":"厚生労働省 食品衛生申請等システム（オープンデータ）","municipality_code":"22203","municipality_pref":"静岡県","municipality_name":"沼津市","municipality_code_method":"food_exact_coord"},"geometry":{"type":"Point","coordinates":[138.862206523,35.115210086]}},{"type":"Feature","properties":{"layer_id":"cafe_restaurant","name":"花咲マックスバリュ沼津香貫","category":"food","address":"静岡県沼津市下香貫西村１４７２－２ マックスバリュ香貫店内","source":"厚生労働省 食品衛生申請等システム（オープンデータ）","municipality_code":"22203","municipality_pref":"静岡県","municipality_name":"沼津市","municipality_code_method":"food_exact_coord"},"geometry":{"type":"Point","coordinates":[138.872207,35.07915]}},{"type":"Feature","properties":{"layer_id":"cafe_restaurant","name":"花小町　エスポット沼津駅北","category":"food","address":"静岡県沼津市北高島町2-29","source":"厚生労働省 食品衛生申請等システム（オープンデータ）","municipality_code":"22203","municipality_pref":"静岡県","municipality_name":"沼津市","municipality_code_method":"food_exact_coord"},"geometry":{"type":"Point","coordinates":[138.861113,35.111648]}},{"type":"Feature","properties":{"layer_id":"cafe_restaurant","name":"串特急　沼津リコー通り店","category":"food","address":"静岡県沼津市寿町２３－１ 特急沼津駅北ビル１Ｆ","source":"厚生労働省 食品衛生申請等システム（オープンデータ）","municipality_code":"22203","municipality_pref":"静岡県","municipality_name":"沼津市","municipality_code_method":"food_exact_coord"},"geometry":{"type":"Point","coordinates":[138.859719698,35.117164683]}},{"type":"Feature","properties":{"layer_id":"cafe_restaurant","name":"Ｈａｍｂｕｒｇｅｒ＆Ｃａｆｅ　沼津バーガー","category":"food","address":"静岡県沼津市千本港町８３－１","source":"厚生労働省 食品衛生申請等システム（オープンデータ）","municipality_code":"22203","municipality_pref":"静岡県","municipality_name":"沼津市","municipality_code_method":"food_exact_coord"},"geometry":{"type":"Point","coordinates":[138.857888,35.08368]}},{"type":"Feature","properties":{"layer_id":"cafe_restaurant","name":"株式会社西友　沼津店","category":"food","address":"静岡県沼津市大岡１３３０－１","source":"厚生労働省 食品衛生申請等システム（オープンデータ）","municipality_code":"22203","municipality_pref":"静岡県","municipality_name":"沼津市","municipality_code_method":"food_exact_coord"},"geometry":{"type":"Point","coordinates":[138.875174,35.101963]}},{"type":"Feature","properties":{"layer_id":"cafe_restaurant","name":"株式会社西友　松長店　若菜","category":"food","address":"静岡県沼津市松長１２－３","source":"厚生労働省 食品衛生申請等システム（オープンデータ）","municipality_code":"22203","municipality_pref":"静岡県","municipality_name":"沼津市","municipality_code_method":"food_exact_coord"},"geometry":{"type":"Point","coordinates":[138.823634,35.115937]}},{"type":"Feature","properties":{"layer_id":"cafe_restaurant","name":"株式会社西友　松長店","category":"food","address":"静岡県沼津市松長１２－３","source":"厚生労働省 食品衛生申請等システム（オープンデータ）","municipality_code":"22203","municipality_pref":"静岡県","municipality_name":"沼津市","municipality_code_method":"food_exact_coord"},"geometry":{"type":"Point","coordinates":[138.823634,35.115937]}},{"type":"Feature","properties":{"layer_id":"cafe_restaurant","name":"株式会社西友　沼津店　若菜","category":"food","address":"静岡県沼津市大岡１３３０－１","source":"厚生労働省 食品衛生申請等システム（オープンデータ）","municipality_code":"22203","municipality_pref":"静岡県","municipality_name":"沼津市","municipality_code_method":"food_exact_coord"},"geometry":{"type":"Point","coordinates":[138.882746,35.121268]}},{"type":"Feature","properties":{"layer_id":"cafe_restaurant","name":"松福　東椎路店","category":"food","address":"静岡県沼津市東椎路８３８－２ メゾンおおたけ１Ｆ","source":"厚生労働省 食品衛生申請等システム（オープンデータ）","municipality_code":"22203","municipality_pref":"静岡県","municipality_name":"沼津市","municipality_code_method":"food_exact_coord"},"geometry":{"type":"Point","coordinates":[138.837145,35.128607]}},{"type":"Feature","properties":{"layer_id":"cafe_restaurant","name":"松福","category":"food","address":"静岡県沼津市千本港町５７－１","source":"厚生労働省 食品衛生申請等システム（オープンデータ）","municipality_code":"22203","municipality_pref":"静岡県","municipality_name":"沼津市","municipality_code_method":"food_exact_coord"},"geometry":{"type":"Point","coordinates":[138.858253,35.084738]}},{"type":"Feature","properties":{"layer_id":"cafe_restaurant","name":"立寄処　飛騨","category":"food","address":"静岡県沼津市大諏訪712-1","source":"厚生労働省 食品衛生申請等システム（オープンデータ）","municipality_code":"22203","municipality_pref":"静岡県","municipality_name":"沼津市","municipality_code_method":"food_exact_coord"},"geometry":{"type":"Point","coordinates":[138.832804,35.116846]}},{"type":"Feature","properties":{"layer_id":"cafe_restaurant","name":"ヴィノスやまざき沼津店","category":"food","address":"静岡県沼津市大手町１－１－６","source":"厚生労働省 食品衛生申請等システム（オープンデータ）","municipality_code":"22203","municipality_pref":"静岡県","municipality_name":"沼津市","municipality_code_method":"food_exact_coord"},"geometry":{"type":"Point","coordinates":[138.858144,35.102265]}},{"type":"Feature","properties":{"layer_id":"cafe_restaurant","name":"四季楽喜酒","category":"food","address":"静岡県沼津市高島町18-23","source":"厚生労働省 食品衛生申請等システム（オープンデータ）","municipality_code":"22203","municipality_pref":"静岡県","municipality_name":"沼津市","municipality_code_method":"food_exact_coord"},"geometry":{"type":"Point","coordinates":[138.856661,35.104005]}},{"type":"Feature","properties":{"layer_id":"cafe_restaurant","name":"ブルームーンカフェ","category":"food","address":"静岡県沼津市西条町104 東和第２ビル１階","source":"厚生労働省 食品衛生申請等システム（オープンデータ）","municipality_code":"22203","municipality_pref":"静岡県","municipality_name":"沼津市","municipality_code_method":"food_exact_coord"},"geometry":{"type":"Point","coordinates":[138.855531,35.100417]}},{"type":"Feature","properties":{"layer_id":"cafe_restaurant","name":"スシロー　沼津店","category":"food","address":"静岡県沼津市西沢田字直路４０２－２","source":"厚生労働省 食品衛生申請等システム（オープンデータ）","municipality_code":"22203","municipality_pref":"静岡県","municipality_name":"沼津市","municipality_code_method":"food_exact_coord"},"geometry":{"type":"Point","coordinates":[138.846028,35.125489]}},{"type":"Feature","properties":{"layer_id":"cafe_restaurant","name":"スーパーカドイケ本店","category":"food","address":"静岡県沼津市大岡３１６４－４","source":"厚生労働省 食品衛生申請等システム（オープンデータ）","municipality_code":"22203","municipality_pref":"静岡県","municipality_name":"沼津市","municipality_code_method":"food_exact_coord"},"geometry":{"type":"Point","coordinates":[138.884167,35.126843]}},{"type":"Feature","properties":{"layer_id":"cafe_restaurant","name":"Cafe&Pasta一丁目","category":"food","address":"静岡県沼津市大岡１９３０－３","source":"厚生労働省 食品衛生申請等システム（オープンデータ）","municipality_code":"22203","municipality_pref":"静岡県","municipality_name":"沼津市","municipality_code_method":"food_exact_coord"},"geometry":{"type":"Point","coordinates":[138.866972,35.111103]}},{"type":"Feature","properties":{"layer_id":"cafe_restaurant","name":"ミツバチ","category":"food","address":"静岡県沼津市大手町５丁目9-12 上本通り第一ビル2階","source":"厚生労働省 食品衛生申請等システム（オープンデータ）","municipality_code":"22203","municipality_pref":"静岡県","municipality_name":"沼津市","municipality_code_method":"food_exact_coord"},"geometry":{"type":"Point","coordinates":[138.857644,35.101331]}},{"type":"Feature","properties":{"layer_id":"cafe_restaurant","name":"ドミノピザ沼津リコー通り店","category":"food","address":"静岡県沼津市高島本町１５－１","source":"厚生労働省 食品衛生申請等システム（オープンデータ）","municipality_code":"22203","municipality_pref":"静岡県","municipality_name":"沼津市","municipality_code_method":"food_exact_coord"},"geometry":{"type":"Point","coordinates":[138.859070452,35.110049467]}},{"type":"Feature","properties":{"layer_id":"cafe_restaurant","name":"割烹酒家　和","category":"food","address":"静岡県沼津市大手町３－３－２５","source":"厚生労働省 食品衛生申請等システム（オープンデータ）","municipality_code":"22203","municipality_pref":"静岡県","municipality_name":"沼津市","municipality_code_method":"food_exact_coord"},"geometry":{"type":"Point","coordinates":[138.860272,35.101372]}},{"type":"Feature","properties":{"layer_id":"cafe_restaurant","name":"六文亭　めん房","category":"food","address":"静岡県沼津市大手町３－５－４ 間宮ビル１Ｆ","source":"厚生労働省 食品衛生申請等システム（オープンデータ）","municipality_code":"22203","municipality_pref":"静岡県","municipality_name":"沼津市","municipality_code_method":"food_exact_coord"},"geometry":{"type":"Point","coordinates":[138.8597,35.100939]}},{"type":"Feature","properties":{"layer_id":"cafe_restaurant","name":"（株）クリエイティブ　沼津フジビューホーム","category":"food","address":"静岡県沼津市大岡３５７１－１","source":"厚生労働省 食品衛生申請等システム（オープンデータ）","municipality_code":"22203","municipality_pref":"静岡県","municipality_name":"沼津市","municipality_code_method":"food_exact_coord"},"geometry":{"type":"Point","coordinates":[138.882181,35.138808]}},{"type":"Feature","properties":{"layer_id":"cafe_restaurant","name":"安田屋旅館","category":"food","address":"静岡県沼津市内浦三津１９","source":"厚生労働省 食品衛生申請等システム（オープンデータ）","municipality_code":"22203","municipality_pref":"静岡県","municipality_name":"沼津市","municipality_code_method":"food_exact_coord"},"geometry":{"type":"Point","coordinates":[138.90523,35.023798]}},{"type":"Feature","properties":{"layer_id":"cafe_restaurant","name":"（株）クリエイティブ　ル・グランガーデン沼津","category":"food","address":"静岡県沼津市一本松１０４－２","source":"厚生労働省 食品衛生申請等システム（オープンデータ）","municipality_code":"22203","municipality_pref":"静岡県","municipality_name":"沼津市","municipality_code_method":"food_exact_coord"},"geometry":{"type":"Point","coordinates":[138.776957657,35.128698205]}},{"type":"Feature","properties":{"layer_id":"cafe_restaurant","name":"face-off","category":"food","address":"静岡県沼津市原1176-10","source":"厚生労働省 食品衛生申請等システム（オープンデータ）","municipality_code":"22203","municipality_pref":"静岡県","municipality_name":"沼津市","municipality_code_method":"food_exact_coord"},"geometry":{"type":"Point","coordinates":[138.795143,35.127872]}},{"type":"Feature","properties":{"layer_id":"cafe_restaurant","name":"安田屋旅館","category":"food","address":"静岡県沼津市内浦三津１９","source":"厚生労働省 食品衛生申請等システム（オープンデータ）","municipality_code":"22203","municipality_pref":"静岡県","municipality_name":"沼津市","municipality_code_method":"food_exact_coord"},"geometry":{"type":"Point","coordinates":[138.90523,35.023798]}},{"type":"Feature","properties":{"layer_id":"cafe_restaurant","name":"はま寿司　沼津双葉町店","category":"food","address":"静岡県沼津市双葉町７－１２","source":"厚生労働省 食品衛生申請等システム（オープンデータ）","municipality_code":"22203","municipality_pref":"静岡県","municipality_name":"沼津市","municipality_code_method":"food_exact_coord"},"geometry":{"type":"Point","coordinates":[138.853023,35.106976]}},{"type":"Feature","properties":{"layer_id":"cafe_restaurant","name":"Ｓ１０１１５０","category":"food","address":"静岡県沼津市一本松６３６－１","source":"厚生労働省 食品衛生申請等システム（オープンデータ）","municipality_code":"22203","municipality_pref":"静岡県","municipality_name":"沼津市","municipality_code_method":"food_exact_coord"},"geometry":{"type":"Point","coordinates":[138.771087,35.134251]}},{"type":"Feature","properties":{"layer_id":"cafe_restaurant","name":"S-101150-2","category":"food","address":"静岡県沼津市原2608-58","source":"厚生労働省 食品衛生申請等システム（オープンデータ）","municipality_code":"22203","municipality_pref":"静岡県","municipality_name":"沼津市","municipality_code_method":"food_exact_coord"},"geometry":{"type":"Point","coordinates":[138.780527,35.132747]}},{"type":"Feature","properties":{"layer_id":"cafe_restaurant","name":"Ｓ１０２７５","category":"food","address":"静岡県沼津市江原町３－１","source":"厚生労働省 食品衛生申請等システム（オープンデータ）","municipality_code":"22203","municipality_pref":"静岡県","municipality_name":"沼津市","municipality_code_method":"food_exact_coord"},"geometry":{"type":"Point","coordinates":[138.861121,35.119277]}},{"type":"Feature","properties":{"layer_id":"cafe_restaurant","name":"はなの舞　ＢｉＶｉ沼津店","category":"food","address":"静岡県沼津市大手町１－１３－９ ＢｉＶｉ沼津１Ｆ","source":"厚生労働省 食品衛生申請等システム（オープンデータ）","municipality_code":"22203","municipality_pref":"静岡県","municipality_name":"沼津市","municipality_code_method":"food_exact_coord"},"geometry":{"type":"Point","coordinates":[138.860494,35.103379]}},{"type":"Feature","properties":{"layer_id":"cafe_restaurant","name":"すき家　沼津小諏訪店","category":"food","address":"静岡県沼津市小諏訪574-8","source":"厚生労働省 食品衛生申請等システム（オープンデータ）","municipality_code":"22203","municipality_pref":"静岡県","municipality_name":"沼津市","municipality_code_method":"food_exact_coord"},"geometry":{"type":"Point","coordinates":[138.83508799999998,35.1061545]}},{"type":"Feature","properties":{"layer_id":"cafe_restaurant","name":"すき家沼津原店","category":"food","address":"静岡県沼津市原1800","source":"厚生労働省 食品衛生申請等システム（オープンデータ）","municipality_code":"22203","municipality_pref":"静岡県","municipality_name":"沼津市","municipality_code_method":"food_exact_coord"},"geometry":{"type":"Point","coordinates":[138.802576,35.131953]}},{"type":"Feature","properties":{"layer_id":"cafe_restaurant","name":"すき家４１４号沼津三枚橋店","category":"food","address":"静岡県沼津市三枚橋町１０－１","source":"厚生労働省 食品衛生申請等システム（オープンデータ）","municipality_code":"22203","municipality_pref":"静岡県","municipality_name":"沼津市","municipality_code_method":"food_exact_coord"},"geometry":{"type":"Point","coordinates":[138.862975,35.099868]}},{"type":"Feature","properties":{"layer_id":"cafe_restaurant","name":"浜福","category":"food","address":"静岡県沼津市本字千本１９１０－２４","source":"厚生労働省 食品衛生申請等システム（オープンデータ）","municipality_code":"22203","municipality_pref":"静岡県","municipality_name":"沼津市","municipality_code_method":"food_exact_coord"},"geometry":{"type":"Point","coordinates":[138.849595,35.090944]}},{"type":"Feature","properties":{"layer_id":"cafe_restaurant","name":"フードマーケット　マム桃里店","category":"food","address":"静岡県沼津市桃里５７１－１","source":"厚生労働省 食品衛生申請等システム（オープンデータ）","municipality_code":"22203","municipality_pref":"静岡県","municipality_name":"沼津市","municipality_code_method":"food_exact_coord"},"geometry":{"type":"Point","coordinates":[138.769787676,35.134295446]}},{"type":"Feature","properties":{"layer_id":"cafe_restaurant","name":"さすよ亭","category":"food","address":"静岡県沼津市千本港町９９","source":"厚生労働省 食品衛生申請等システム（オープンデータ）","municipality_code":"22203","municipality_pref":"静岡県","municipality_name":"沼津市","municipality_code_method":"food_exact_coord"},"geometry":{"type":"Point","coordinates":[138.857888,35.08368]}},{"type":"Feature","properties":{"layer_id":"cafe_restaurant","name":"ファミリーマート　沼津三園南店","category":"food","address":"静岡県沼津市三園町１０－４５","source":"厚生労働省 食品衛生申請等システム（オープンデータ）","municipality_code":"22203","municipality_pref":"静岡県","municipality_name":"沼津市","municipality_code_method":"food_exact_coord"},"geometry":{"type":"Point","coordinates":[138.865798,35.088533]}},{"type":"Feature","properties":{"layer_id":"cafe_restaurant","name":"ファミリーマート　沼津北高島町","category":"food","address":"静岡県沼津市北高島町6番28号","source":"厚生労働省 食品衛生申請等システム（オープンデータ）","municipality_code":"22203","municipality_pref":"静岡県","municipality_name":"沼津市","municipality_code_method":"food_exact_coord"},"geometry":{"type":"Point","coordinates":[138.861681,35.113092]}},{"type":"Feature","properties":{"layer_id":"cafe_restaurant","name":"ファミリーマート　沼津岡一色店","category":"food","address":"静岡県沼津市岡一色３７４－１","source":"厚生労働省 食品衛生申請等システム（オープンデータ）","municipality_code":"22203","municipality_pref":"静岡県","municipality_name":"沼津市","municipality_code_method":"food_exact_coord"},"geometry":{"type":"Point","coordinates":[138.876716,35.132911]}},{"type":"Feature","properties":{"layer_id":"cafe_restaurant","name":"ファミリーマート沼津港前店","category":"food","address":"静岡県沼津市春日町７－１","source":"厚生労働省 食品衛生申請等システム（オープンデータ）","municipality_code":"22203","municipality_pref":"静岡県","municipality_name":"沼津市","municipality_code_method":"food_exact_coord"},"geometry":{"type":"Point","coordinates":[138.858728,35.084985]}},{"type":"Feature","properties":{"layer_id":"cafe_restaurant","name":"ＳＴＡＮＤ　介","category":"food","address":"静岡県沼津市東椎路275","source":"厚生労働省 食品衛生申請等システム（オープンデータ）","municipality_code":"22203","municipality_pref":"静岡県","municipality_name":"沼津市","municipality_code_method":"food_exact_coord"},"geometry":{"type":"Point","coordinates":[138.842795,35.121431]}},{"type":"Feature","properties":{"layer_id":"cafe_restaurant","name":"一富士丸","category":"food","address":"静岡県沼津市千本港町83番地A","source":"厚生労働省 食品衛生申請等システム（オープンデータ）","municipality_code":"22203","municipality_pref":"静岡県","municipality_name":"沼津市","municipality_code_method":"food_exact_coord"},"geometry":{"type":"Point","coordinates":[138.857907,35.083777]}},{"type":"Feature","properties":{"layer_id":"cafe_restaurant","name":"ファミリーマート　沼津宮前町店","category":"food","address":"静岡県沼津市宮前町２番地の４","source":"厚生労働省 食品衛生申請等システム（オープンデータ）","municipality_code":"22203","municipality_pref":"静岡県","municipality_name":"沼津市","municipality_code_method":"food_exact_coord"},"geometry":{"type":"Point","coordinates":[138.872512,35.122582]}},{"type":"Feature","properties":{"layer_id":"cafe_restaurant","name":"ファミリーマート　沼津下河原町店","category":"food","address":"静岡県沼津市下河原町３１－１","source":"厚生労働省 食品衛生申請等システム（オープンデータ）","municipality_code":"22203","municipality_pref":"静岡県","municipality_name":"沼津市","municipality_code_method":"food_exact_coord"},"geometry":{"type":"Point","coordinates":[138.857978,35.089745]}},{"type":"Feature","properties":{"layer_id":"cafe_restaurant","name":"ファミリーマート　沼津岡一色南店","category":"food","address":"静岡県沼津市岡一色４４－１","source":"厚生労働省 食品衛生申請等システム（オープンデータ）","municipality_code":"22203","municipality_pref":"静岡県","municipality_name":"沼津市","municipality_code_method":"food_exact_coord"},"geometry":{"type":"Point","coordinates":[138.878393,35.122835]}},{"type":"Feature","properties":{"layer_id":"cafe_restaurant","name":"ファミリーマート　沼津あしたか店","category":"food","address":"静岡県沼津市東椎路８３２－３","source":"厚生労働省 食品衛生申請等システム（オープンデータ）","municipality_code":"22203","municipality_pref":"静岡県","municipality_name":"沼津市","municipality_code_method":"food_exact_coord"},"geometry":{"type":"Point","coordinates":[138.834492,35.122754]}},{"type":"Feature","properties":{"layer_id":"cafe_restaurant","name":"ファミリーマート　沼津大手町店","category":"food","address":"静岡県沼津市大手町５－３－１","source":"厚生労働省 食品衛生申請等システム（オープンデータ）","municipality_code":"22203","municipality_pref":"静岡県","municipality_name":"沼津市","municipality_code_method":"food_exact_coord"},"geometry":{"type":"Point","coordinates":[138.858725,35.101041]}},{"type":"Feature","properties":{"layer_id":"cafe_restaurant","name":"ファミリーマート　沼津大岡北店","category":"food","address":"静岡県沼津市大岡２２６７－１","source":"厚生労働省 食品衛生申請等システム（オープンデータ）","municipality_code":"22203","municipality_pref":"静岡県","municipality_name":"沼津市","municipality_code_method":"food_exact_coord"},"geometry":{"type":"Point","coordinates":[138.877708,35.116008]}},{"type":"Feature","properties":{"layer_id":"cafe_restaurant","name":"居酒屋　出世","category":"food","address":"静岡県沼津市高島本町5-4","source":"厚生労働省 食品衛生申請等システム（オープンデータ）","municipality_code":"22203","municipality_pref":"静岡県","municipality_name":"沼津市","municipality_code_method":"food_exact_coord"},"geometry":{"type":"Point","coordinates":[138.858073,35.109661]}},{"type":"Feature","properties":{"layer_id":"cafe_restaurant","name":"Ｆｒｅｅ　Ｓｔｙｌｅ　Ｂａｒ　Ｌｉｂｅｒｔｙ","category":"food","address":"静岡県沼津市高島町１８－１５ ニュー東新Ⅶ２Ｆ","source":"厚生労働省 食品衛生申請等システム（オープンデータ）","municipality_code":"22203","municipality_pref":"静岡県","municipality_name":"沼津市","municipality_code_method":"food_exact_coord"},"geometry":{"type":"Point","coordinates":[138.855858125,35.104142418]}},{"type":"Feature","properties":{"layer_id":"cafe_restaurant","name":"なんだっけ","category":"food","address":"静岡県沼津市町方町２７－２ セントラルビル２F","source":"厚生労働省 食品衛生申請等システム（オープンデータ）","municipality_code":"22203","municipality_pref":"静岡県","municipality_name":"沼津市","municipality_code_method":"food_exact_coord"},"geometry":{"type":"Point","coordinates":[138.857265,35.097722]}},{"type":"Feature","properties":{"layer_id":"cafe_restaurant","name":"社会福祉法人輝望会　生活介護事業所　ビーンズ　厨房","category":"food","address":"静岡県沼津市西椎路８１３－６","source":"厚生労働省 食品衛生申請等システム（オープンデータ）","municipality_code":"22203","municipality_pref":"静岡県","municipality_name":"沼津市","municipality_code_method":"food_exact_coord"},"geometry":{"type":"Point","coordinates":[138.828409,35.132514]}},{"type":"Feature","properties":{"layer_id":"cafe_restaurant","name":"や台ずし沼津駅南口町","category":"food","address":"静岡県沼津市大手町５－３－２０","source":"厚生労働省 食品衛生申請等システム（オープンデータ）","municipality_code":"22203","municipality_pref":"静岡県","municipality_name":"沼津市","municipality_code_method":"food_exact_coord"},"geometry":{"type":"Point","coordinates":[138.85843,35.101081]}},{"type":"Feature","properties":{"layer_id":"cafe_restaurant","name":"Ｓ１５２７８０","category":"food","address":"静岡県沼津市八幡町６５－１","source":"厚生労働省 食品衛生申請等システム（オープンデータ）","municipality_code":"22203","municipality_pref":"静岡県","municipality_name":"沼津市","municipality_code_method":"food_exact_coord"},"geometry":{"type":"Point","coordinates":[138.85356,35.098626]}},{"type":"Feature","properties":{"layer_id":"cafe_restaurant","name":"鶏半身揚げと餃子専門店もっちゃん","category":"food","address":"静岡県沼津市大手町５－２－１２","source":"厚生労働省 食品衛生申請等システム（オープンデータ）","municipality_code":"22203","municipality_pref":"静岡県","municipality_name":"沼津市","municipality_code_method":"food_exact_coord"},"geometry":{"type":"Point","coordinates":[138.858457139,35.101185054]}},{"type":"Feature","properties":{"layer_id":"cafe_restaurant","name":"ｍ１８１５０","category":"food","address":"静岡県沼津市大手町４－４－１","source":"厚生労働省 食品衛生申請等システム（オープンデータ）","municipality_code":"22203","municipality_pref":"静岡県","municipality_name":"沼津市","municipality_code_method":"food_exact_coord"},"geometry":{"type":"Point","coordinates":[138.858331,35.09909]}},{"type":"Feature","properties":{"layer_id":"cafe_restaurant","name":"TON-MESHI","category":"food","address":"静岡県沼津市大岡292-20","source":"厚生労働省 食品衛生申請等システム（オープンデータ）","municipality_code":"22203","municipality_pref":"静岡県","municipality_name":"沼津市","municipality_code_method":"food_exact_coord"},"geometry":{"type":"Point","coordinates":[138.882514,35.118726]}},{"type":"Feature","properties":{"layer_id":"cafe_restaurant","name":"しらね荘","category":"food","address":"静岡県沼津市西浦木負204-4","source":"厚生労働省 食品衛生申請等システム（オープンデータ）","municipality_code":"22203","municipality_pref":"静岡県","municipality_name":"沼津市","municipality_code_method":"food_exact_coord"},"geometry":{"type":"Point","coordinates":[138.878404,35.018639]}},{"type":"Feature","properties":{"layer_id":"cafe_restaurant","name":"弘昭丸","category":"food","address":"静岡県沼津市内浦重寺24","source":"厚生労働省 食品衛生申請等システム（オープンデータ）","municipality_code":"22203","municipality_pref":"静岡県","municipality_name":"沼津市","municipality_code_method":"food_exact_coord"},"geometry":{"type":"Point","coordinates":[138.894894,35.033375]}},{"type":"Feature","properties":{"layer_id":"cafe_restaurant","name":"CURE","category":"food","address":"静岡県沼津市今沢362-1 杉本ビル1F北","source":"厚生労働省 食品衛生申請等システム（オープンデータ）","municipality_code":"22203","municipality_pref":"静岡県","municipality_name":"沼津市","municipality_code_method":"food_exact_coord"},"geometry":{"type":"Point","coordinates":[138.814292,35.11947]}},{"type":"Feature","properties":{"layer_id":"cafe_restaurant","name":"くれたけインプレミアム沼津北口駅前","category":"food","address":"静岡県沼津市高島町１－１３","source":"厚生労働省 食品衛生申請等システム（オープンデータ）","municipality_code":"22203","municipality_pref":"静岡県","municipality_name":"沼津市","municipality_code_method":"food_exact_coord"},"geometry":{"type":"Point","coordinates":[138.858854,35.104128]}},{"type":"Feature","properties":{"layer_id":"cafe_restaurant","name":"プラサヴェルデ　静岡屋台","category":"food","address":"静岡県沼津市大手町１－１－４","source":"厚生労働省 食品衛生申請等システム（オープンデータ）","municipality_code":"22203","municipality_pref":"静岡県","municipality_name":"沼津市","municipality_code_method":"food_exact_coord"},"geometry":{"type":"Point","coordinates":[138.861584,35.10422]}},{"type":"Feature","properties":{"layer_id":"cafe_restaurant","name":"プラサヴェルデ","category":"food","address":"静岡県沼津市大手町１－１－４","source":"厚生労働省 食品衛生申請等システム（オープンデータ）","municipality_code":"22203","municipality_pref":"静岡県","municipality_name":"沼津市","municipality_code_method":"food_exact_coord"},"geometry":{"type":"Point","coordinates":[138.861584,35.10422]}},{"type":"Feature","properties":{"layer_id":"cafe_restaurant","name":"プラサヴェルデ　Ｃａｆｅ Ｖｅｒｄｅ","category":"food","address":"静岡県沼津市大手町１－１－４","source":"厚生労働省 食品衛生申請等システム（オープンデータ）","municipality_code":"22203","municipality_pref":"静岡県","municipality_name":"沼津市","municipality_code_method":"food_exact_coord"},"geometry":{"type":"Point","coordinates":[138.861584,35.10422]}},{"type":"Feature","properties":{"layer_id":"cafe_restaurant","name":"プラサヴェルデ　屋上庭園","category":"food","address":"静岡県沼津市大手町１－１－４","source":"厚生労働省 食品衛生申請等システム（オープンデータ）","municipality_code":"22203","municipality_pref":"静岡県","municipality_name":"沼津市","municipality_code_method":"food_exact_coord"},"geometry":{"type":"Point","coordinates":[138.861584,35.10422]}},{"type":"Feature","properties":{"layer_id":"cafe_restaurant","name":"牛角焼肉食堂　ららぽーと沼津店","category":"food","address":"静岡県沼津市東椎路字東荒301番地3 ららぽーと沼津３F","source":"厚生労働省 食品衛生申請等システム（オープンデータ）","municipality_code":"22203","municipality_pref":"静岡県","municipality_name":"沼津市","municipality_code_method":"food_exact_coord"},"geometry":{"type":"Point","coordinates":[138.774821,35.148904]}},{"type":"Feature","properties":{"layer_id":"cafe_restaurant","name":"かくれが","category":"food","address":"静岡県沼津市大平207","source":"厚生労働省 食品衛生申請等システム（オープンデータ）","municipality_code":"22203","municipality_pref":"静岡県","municipality_name":"沼津市","municipality_code_method":"food_exact_coord"},"geometry":{"type":"Point","coordinates":[138.904129,35.079062]}},{"type":"Feature","properties":{"layer_id":"cafe_restaurant","name":"サイゼリヤ　沼津寿店","category":"food","address":"静岡県沼津市寿町22-42","source":"厚生労働省 食品衛生申請等システム（オープンデータ）","municipality_code":"22203","municipality_pref":"静岡県","municipality_name":"沼津市","municipality_code_method":"food_exact_coord"},"geometry":{"type":"Point","coordinates":[138.859663,35.116806]}},{"type":"Feature","properties":{"layer_id":"cafe_restaurant","name":"サイゼリヤ沼津駅前店","category":"food","address":"静岡県沼津市大手町１－１－２","source":"厚生労働省 食品衛生申請等システム（オープンデータ）","municipality_code":"22203","municipality_pref":"静岡県","municipality_name":"沼津市","municipality_code_method":"food_exact_coord"},"geometry":{"type":"Point","coordinates":[138.8607525,35.1023845]}},{"type":"Feature","properties":{"layer_id":"cafe_restaurant","name":"魚鳥木","category":"food","address":"静岡県沼津市西条町２７","source":"厚生労働省 食品衛生申請等システム（オープンデータ）","municipality_code":"22203","municipality_pref":"静岡県","municipality_name":"沼津市","municipality_code_method":"food_exact_coord"},"geometry":{"type":"Point","coordinates":[138.854739,35.100772]}},{"type":"Feature","properties":{"layer_id":"cafe_restaurant","name":"グランマ","category":"food","address":"静岡県沼津市上土町６３","source":"厚生労働省 食品衛生申請等システム（オープンデータ）","municipality_code":"22203","municipality_pref":"静岡県","municipality_name":"沼津市","municipality_code_method":"food_exact_coord"},"geometry":{"type":"Point","coordinates":[138.858077071,35.097586901]}},{"type":"Feature","properties":{"layer_id":"cafe_restaurant","name":"Magnolia","category":"food","address":"静岡県沼津市添地町105","source":"厚生労働省 食品衛生申請等システム（オープンデータ）","municipality_code":"22203","municipality_pref":"静岡県","municipality_name":"沼津市","municipality_code_method":"food_exact_coord"},"geometry":{"type":"Point","coordinates":[138.85556,35.101405]}},{"type":"Feature","properties":{"layer_id":"cafe_restaurant","name":"LUCK PLUS","category":"food","address":"静岡県沼津市大手町5-6-22 マザーグースビル2階","source":"厚生労働省 食品衛生申請等システム（オープンデータ）","municipality_code":"22203","municipality_pref":"静岡県","municipality_name":"沼津市","municipality_code_method":"food_exact_coord"},"geometry":{"type":"Point","coordinates":[138.857919,35.099869]}},{"type":"Feature","properties":{"layer_id":"cafe_restaurant","name":"しずてつストア大岡店","category":"food","address":"静岡県沼津市大岡2277-2","source":"厚生労働省 食品衛生申請等システム（オープンデータ）","municipality_code":"22203","municipality_pref":"静岡県","municipality_name":"沼津市","municipality_code_method":"food_exact_coord"},"geometry":{"type":"Point","coordinates":[138.877617,35.114765]}},{"type":"Feature","properties":{"layer_id":"cafe_restaurant","name":"九州ほんな骨　沼津店","category":"food","address":"静岡県沼津市五月町4-20 マルトモバラエティ　２内","source":"厚生労働省 食品衛生申請等システム（オープンデータ）","municipality_code":"22203","municipality_pref":"静岡県","municipality_name":"沼津市","municipality_code_method":"food_exact_coord"},"geometry":{"type":"Point","coordinates":[138.861811,35.115242]}},{"type":"Feature","properties":{"layer_id":"cafe_restaurant","name":"釣たこ本舗沼津","category":"food","address":"静岡県沼津市岡一色509","source":"厚生労働省 食品衛生申請等システム（オープンデータ）","municipality_code":"22203","municipality_pref":"静岡県","municipality_name":"沼津市","municipality_code_method":"food_exact_coord"},"geometry":{"type":"Point","coordinates":[138.877812,35.130224]}},{"type":"Feature","properties":{"layer_id":"cafe_restaurant","name":"五味八珍下香貫店","category":"food","address":"静岡県沼津市下香貫島郷２６５２－１","source":"厚生労働省 食品衛生申請等システム（オープンデータ）","municipality_code":"22203","municipality_pref":"静岡県","municipality_name":"沼津市","municipality_code_method":"food_exact_coord"},"geometry":{"type":"Point","coordinates":[138.873237,35.074438]}},{"type":"Feature","properties":{"layer_id":"cafe_restaurant","name":"五味八珍 沼津共栄町店","category":"food","address":"静岡県沼津市共栄町１８－６","source":"厚生労働省 食品衛生申請等システム（オープンデータ）","municipality_code":"22203","municipality_pref":"静岡県","municipality_name":"沼津市","municipality_code_method":"food_exact_coord"},"geometry":{"type":"Point","coordinates":[138.87107,35.120646]}},{"type":"Feature","properties":{"layer_id":"cafe_restaurant","name":"五味八珍　原店","category":"food","address":"静岡県沼津市原１０６０－１","source":"厚生労働省 食品衛生申請等システム（オープンデータ）","municipality_code":"22203","municipality_pref":"静岡県","municipality_name":"沼津市","municipality_code_method":"food_exact_coord"},"geometry":{"type":"Point","coordinates":[138.800225816,35.126694183]}},{"type":"Feature","properties":{"layer_id":"cafe_restaurant","name":"大勝軒　マルヒデ","category":"food","address":"静岡県沼津市大岡２７３８－１","source":"厚生労働省 食品衛生申請等システム（オープンデータ）","municipality_code":"22203","municipality_pref":"静岡県","municipality_name":"沼津市","municipality_code_method":"food_exact_coord"},"geometry":{"type":"Point","coordinates":[138.882966,35.117963]}},{"type":"Feature","properties":{"layer_id":"cafe_restaurant","name":"あじや","category":"food","address":"静岡県沼津市千本港町１２８－１ 沼津みなと新鮮館内","source":"厚生労働省 食品衛生申請等システム（オープンデータ）","municipality_code":"22203","municipality_pref":"静岡県","municipality_name":"沼津市","municipality_code_method":"food_exact_coord"},"geometry":{"type":"Point","coordinates":[138.857276,35.082397]}},{"type":"Feature","properties":{"layer_id":"cafe_restaurant","name":"フレンチ　ラパンアジル","category":"food","address":"静岡県沼津市高島町1-12","source":"厚生労働省 食品衛生申請等システム（オープンデータ）","municipality_code":"22203","municipality_pref":"静岡県","municipality_name":"沼津市","municipality_code_method":"food_exact_coord"},"geometry":{"type":"Point","coordinates":[138.858912,35.10417]}},{"type":"Feature","properties":{"layer_id":"cafe_restaurant","name":"ホテルスリーファイブ沼津駅北","category":"food","address":"静岡県沼津市高島町１９－２０","source":"厚生労働省 食品衛生申請等システム（オープンデータ）","municipality_code":"22203","municipality_pref":"静岡県","municipality_name":"沼津市","municipality_code_method":"food_exact_coord"},"geometry":{"type":"Point","coordinates":[138.856479,35.104424]}},{"type":"Feature","properties":{"layer_id":"cafe_restaurant","name":"ＫＮＯＷＳ ＨＯＴＥＬ","category":"food","address":"静岡県沼津市高島町１９－１１","source":"厚生労働省 食品衛生申請等システム（オープンデータ）","municipality_code":"22203","municipality_pref":"静岡県","municipality_name":"沼津市","municipality_code_method":"food_exact_coord"},"geometry":{"type":"Point","coordinates":[138.856306,35.104343]}},{"type":"Feature","properties":{"layer_id":"cafe_restaurant","name":"ホテル　スリーファイブ","category":"food","address":"静岡県沼津市足高２８３－３","source":"厚生労働省 食品衛生申請等システム（オープンデータ）","municipality_code":"22203","municipality_pref":"静岡県","municipality_name":"沼津市","municipality_code_method":"food_exact_coord"},"geometry":{"type":"Point","coordinates":[138.859703,35.150875]}},{"type":"Feature","properties":{"layer_id":"cafe_restaurant","name":"山口魚店","category":"food","address":"静岡県沼津市獅子浜１２６－１","source":"厚生労働省 食品衛生申請等システム（オープンデータ）","municipality_code":"22203","municipality_pref":"静岡県","municipality_name":"沼津市","municipality_code_method":"food_exact_coord"},"geometry":{"type":"Point","coordinates":[138.884549,35.054041]}},{"type":"Feature","properties":{"layer_id":"cafe_restaurant","name":"くいもの屋わん九州自慢沼津店","category":"food","address":"静岡県沼津市大手町５－９－２１ マルトモビル地下１階","source":"厚生労働省 食品衛生申請等システム（オープンデータ）","municipality_code":"22203","municipality_pref":"静岡県","municipality_name":"沼津市","municipality_code_method":"food_exact_coord"},"geometry":{"type":"Point","coordinates":[138.858089103,35.101780618]}},{"type":"Feature","properties":{"layer_id":"cafe_restaurant","name":"株式会社いわきゅう駿河　藤森工業㈱内食堂","category":"food","address":"静岡県沼津市大塚258","source":"厚生労働省 食品衛生申請等システム（オープンデータ）","municipality_code":"22203","municipality_pref":"静岡県","municipality_name":"沼津市","municipality_code_method":"food_exact_coord"},"geometry":{"type":"Point","coordinates":[138.803345,35.121164]}},{"type":"Feature","properties":{"layer_id":"cafe_restaurant","name":"株式会社いわきゅう駿河　沼津郵便局内食堂","category":"food","address":"静岡県沼津市寿町１ー２５","source":"厚生労働省 食品衛生申請等システム（オープンデータ）","municipality_code":"22203","municipality_pref":"静岡県","municipality_name":"沼津市","municipality_code_method":"food_exact_coord"},"geometry":{"type":"Point","coordinates":[138.860415,35.115015]}},{"type":"Feature","properties":{"layer_id":"cafe_restaurant","name":"株式会社いわきゅう駿河　東部総合庁舎内食堂","category":"food","address":"静岡県沼津市高島本町1－3","source":"厚生労働省 食品衛生申請等システム（オープンデータ）","municipality_code":"22203","municipality_pref":"静岡県","municipality_name":"沼津市","municipality_code_method":"food_exact_coord"},"geometry":{"type":"Point","coordinates":[138.857014,35.107995]}},{"type":"Feature","properties":{"layer_id":"cafe_restaurant","name":"㈱いわきゅう駿河　富士通㈱沼津工場内食堂","category":"food","address":"静岡県沼津市宮本140番地","source":"厚生労働省 食品衛生申請等システム（オープンデータ）","municipality_code":"22203","municipality_pref":"静岡県","municipality_name":"沼津市","municipality_code_method":"food_exact_coord"},"geometry":{"type":"Point","coordinates":[138.830157,35.149047]}},{"type":"Feature","properties":{"layer_id":"cafe_restaurant","name":"鉄板焼きステーキ　ジジ","category":"food","address":"静岡県沼津市下香貫上障子３７０－１","source":"厚生労働省 食品衛生申請等システム（オープンデータ）","municipality_code":"22203","municipality_pref":"静岡県","municipality_name":"沼津市","municipality_code_method":"food_exact_coord"},"geometry":{"type":"Point","coordinates":[138.87803,35.078706]}},{"type":"Feature","properties":{"layer_id":"cafe_restaurant","name":"チャトラコーヒー","category":"food","address":"静岡県沼津市大手町5丁目４−６","source":"厚生労働省 食品衛生申請等システム（オープンデータ）","municipality_code":"22203","municipality_pref":"静岡県","municipality_name":"沼津市","municipality_code_method":"food_exact_coord"},"geometry":{"type":"Point","coordinates":[138.858768,35.1]}},{"type":"Feature","properties":{"layer_id":"cafe_restaurant","name":"民宿　たかだ","category":"food","address":"静岡県沼津市口野５５－５８","source":"厚生労働省 食品衛生申請等システム（オープンデータ）","municipality_code":"22203","municipality_pref":"静岡県","municipality_name":"沼津市","municipality_code_method":"food_exact_coord"},"geometry":{"type":"Point","coordinates":[138.905428,35.045812]}},{"type":"Feature","properties":{"layer_id":"cafe_restaurant","name":"民宿　あだち","category":"food","address":"静岡県沼津市口野２４３－４","source":"厚生労働省 食品衛生申請等システム（オープンデータ）","municipality_code":"22203","municipality_pref":"静岡県","municipality_name":"沼津市","municipality_code_method":"food_exact_coord"},"geometry":{"type":"Point","coordinates":[138.90119,35.042906]}},{"type":"Feature","properties":{"layer_id":"cafe_restaurant","name":"松屋　沼津南店","category":"food","address":"静岡県沼津市上香貫三園町１３７２","source":"厚生労働省 食品衛生申請等システム（オープンデータ）","municipality_code":"22203","municipality_pref":"静岡県","municipality_name":"沼津市","municipality_code_method":"food_exact_coord"},"geometry":{"type":"Point","coordinates":[138.868655,35.085303]}},{"type":"Feature","properties":{"layer_id":"cafe_restaurant","name":"松屋・松のや　沼津東椎路店","category":"food","address":"静岡県沼津市東椎路515-1","source":"厚生労働省 食品衛生申請等システム（オープンデータ）","municipality_code":"22203","municipality_pref":"静岡県","municipality_name":"沼津市","municipality_code_method":"food_exact_coord"},"geometry":{"type":"Point","coordinates":[138.834132,35.117418]}},{"type":"Feature","properties":{"layer_id":"cafe_restaurant","name":"味噌専門らーめん銅","category":"food","address":"静岡県沼津市下香貫島郷２９７６−５ うまいもの街","source":"厚生労働省 食品衛生申請等システム（オープンデータ）","municipality_code":"22203","municipality_pref":"静岡県","municipality_name":"沼津市","municipality_code_method":"food_exact_coord"},"geometry":{"type":"Point","coordinates":[138.871483,35.0768]}},{"type":"Feature","properties":{"layer_id":"cafe_restaurant","name":"らーめん　銕","category":"food","address":"静岡県沼津市大手町５－８－２","source":"厚生労働省 食品衛生申請等システム（オープンデータ）","municipality_code":"22203","municipality_pref":"静岡県","municipality_name":"沼津市","municipality_code_method":"food_exact_coord"},"geometry":{"type":"Point","coordinates":[138.858227667,35.101030784]}},{"type":"Feature","properties":{"layer_id":"cafe_restaurant","name":"藏","category":"food","address":"静岡県沼津市根古屋998-27","source":"厚生労働省 食品衛生申請等システム（オープンデータ）","municipality_code":"22203","municipality_pref":"静岡県","municipality_name":"沼津市","municipality_code_method":"food_exact_coord"},"geometry":{"type":"Point","coordinates":[138.805658,35.154527]}},{"type":"Feature","properties":{"layer_id":"cafe_restaurant","name":"えび伝","category":"food","address":"静岡県沼津市千本港町１２８－１ 沼津みなと新鮮館内","source":"厚生労働省 食品衛生申請等システム（オープンデータ）","municipality_code":"22203","municipality_pref":"静岡県","municipality_name":"沼津市","municipality_code_method":"food_exact_coord"},"geometry":{"type":"Point","coordinates":[138.857276,35.082397]}},{"type":"Feature","properties":{"layer_id":"cafe_restaurant","name":"沼北商店","category":"food","address":"静岡県沼津市沼北町1-16-26","source":"厚生労働省 食品衛生申請等システム（オープンデータ）","municipality_code":"22203","municipality_pref":"静岡県","municipality_name":"沼津市","municipality_code_method":"food_exact_coord"},"geometry":{"type":"Point","coordinates":[138.856071,35.115573]}},{"type":"Feature","properties":{"layer_id":"cafe_restaurant","name":"とりあえず吾平　沼津下香貫店","category":"food","address":"静岡県沼津市下香貫字汐入２１８７－１","source":"厚生労働省 食品衛生申請等システム（オープンデータ）","municipality_code":"22203","municipality_pref":"静岡県","municipality_name":"沼津市","municipality_code_method":"food_exact_coord"},"geometry":{"type":"Point","coordinates":[138.87803,35.078706]}},{"type":"Feature","properties":{"layer_id":"cafe_restaurant","name":"ローソン沼津我入道北店","category":"food","address":"静岡県沼津市我入道１９３","source":"厚生労働省 食品衛生申請等システム（オープンデータ）","municipality_code":"22203","municipality_pref":"静岡県","municipality_name":"沼津市","municipality_code_method":"food_exact_coord"},"geometry":{"type":"Point","coordinates":[138.860804,35.078368]}},{"type":"Feature","properties":{"layer_id":"cafe_restaurant","name":"三番軒","category":"food","address":"静岡県沼津市我入道浜町３４６－３","source":"厚生労働省 食品衛生申請等システム（オープンデータ）","municipality_code":"22203","municipality_pref":"静岡県","municipality_name":"沼津市","municipality_code_method":"food_exact_coord"},"geometry":{"type":"Point","coordinates":[138.860804,35.078368]}},{"type":"Feature","properties":{"layer_id":"cafe_restaurant","name":"セブン－イレブン沼津島郷店","category":"food","address":"静岡県沼津市下香貫１７２４－１","source":"厚生労働省 食品衛生申請等システム（オープンデータ）","municipality_code":"22203","municipality_pref":"静岡県","municipality_name":"沼津市","municipality_code_method":"food_exact_coord"},"geometry":{"type":"Point","coordinates":[138.87803,35.078706]}},{"type":"Feature","properties":{"layer_id":"cafe_restaurant","name":"鉄板焼き＆ダイニング　ＧＯＡＬＤ","category":"food","address":"静岡県沼津市下香貫前原１４８０－６","source":"厚生労働省 食品衛生申請等システム（オープンデータ）","municipality_code":"22203","municipality_pref":"静岡県","municipality_name":"沼津市","municipality_code_method":"food_exact_coord"},"geometry":{"type":"Point","coordinates":[138.87803,35.078706]}},{"type":"Feature","properties":{"layer_id":"cafe_restaurant","name":"居酒家・なつめ","category":"food","address":"静岡県沼津市下香貫汐入２２１７－２ モラーダビル１０１","source":"厚生労働省 食品衛生申請等システム（オープンデータ）","municipality_code":"22203","municipality_pref":"静岡県","municipality_name":"沼津市","municipality_code_method":"food_exact_coord"},"geometry":{"type":"Point","coordinates":[138.87803,35.078706]}},{"type":"Feature","properties":{"layer_id":"cafe_restaurant","name":"ヴィゾン","category":"food","address":"静岡県沼津市我入道５０２","source":"厚生労働省 食品衛生申請等システム（オープンデータ）","municipality_code":"22203","municipality_pref":"静岡県","municipality_name":"沼津市","municipality_code_method":"food_exact_coord"},"geometry":{"type":"Point","coordinates":[138.863662,35.080931]}},{"type":"Feature","properties":{"layer_id":"cafe_restaurant","name":"焼肉　三千里","category":"food","address":"静岡県沼津市下香貫島郷２９７５－５","source":"厚生労働省 食品衛生申請等システム（オープンデータ）","municipality_code":"22203","municipality_pref":"静岡県","municipality_name":"沼津市","municipality_code_method":"food_exact_coord"},"geometry":{"type":"Point","coordinates":[138.87803,35.078706]}},{"type":"Feature","properties":{"layer_id":"cafe_restaurant","name":"志村","category":"food","address":"静岡県沼津市西島町１２－１","source":"厚生労働省 食品衛生申請等システム（オープンデータ）","municipality_code":"22203","municipality_pref":"静岡県","municipality_name":"沼津市","municipality_code_method":"food_exact_coord"},"geometry":{"type":"Point","coordinates":[138.863911675,35.086728199]}},{"type":"Feature","properties":{"layer_id":"cafe_restaurant","name":"居酒屋　長浜シーフード","category":"food","address":"静岡県沼津市内浦長浜綱代１７３－２","source":"厚生労働省 食品衛生申請等システム（オープンデータ）","municipality_code":"22203","municipality_pref":"静岡県","municipality_name":"沼津市","municipality_code_method":"food_exact_coord"},"geometry":{"type":"Point","coordinates":[138.897731,35.012766]}},{"type":"Feature","properties":{"layer_id":"cafe_restaurant","name":"有限会社はごろも","category":"food","address":"静岡県沼津市西浦江梨３２５－２","source":"厚生労働省 食品衛生申請等システム（オープンデータ）","municipality_code":"22203","municipality_pref":"静岡県","municipality_name":"沼津市","municipality_code_method":"food_exact_coord"},"geometry":{"type":"Point","coordinates":[138.800169,35.01328]}},{"type":"Feature","properties":{"layer_id":"cafe_restaurant","name":"はごろも荘","category":"food","address":"静岡県沼津市西浦江梨325-2","source":"厚生労働省 食品衛生申請等システム（オープンデータ）","municipality_code":"22203","municipality_pref":"静岡県","municipality_name":"沼津市","municipality_code_method":"food_exact_coord"},"geometry":{"type":"Point","coordinates":[138.786062,35.024433]}},{"type":"Feature","properties":{"layer_id":"cafe_restaurant","name":"メゾン・ド・メール　貝殻亭","category":"food","address":"静岡県沼津市西浦平沢９２－５","source":"厚生労働省 食品衛生申請等システム（オープンデータ）","municipality_code":"22203","municipality_pref":"静岡県","municipality_name":"沼津市","municipality_code_method":"food_exact_coord"},"geometry":{"type":"Point","coordinates":[138.84339,34.990243]}},{"type":"Feature","properties":{"layer_id":"cafe_restaurant","name":"えびな","category":"food","address":"静岡県沼津市内浦三津８８－２２","source":"厚生労働省 食品衛生申請等システム（オープンデータ）","municipality_code":"22203","municipality_pref":"静岡県","municipality_name":"沼津市","municipality_code_method":"food_exact_coord"},"geometry":{"type":"Point","coordinates":[138.898546,35.023169]}},{"type":"Feature","properties":{"layer_id":"cafe_restaurant","name":"ちどり丸　海の家","category":"food","address":"静岡県沼津市西浦江梨３２３－２","source":"厚生労働省 食品衛生申請等システム（オープンデータ）","municipality_code":"22203","municipality_pref":"静岡県","municipality_name":"沼津市","municipality_code_method":"food_exact_coord"},"geometry":{"type":"Point","coordinates":[138.800169,35.01328]}},{"type":"Feature","properties":{"layer_id":"cafe_restaurant","name":"千鳥海館","category":"food","address":"静岡県沼津市内浦三津４３－７","source":"厚生労働省 食品衛生申請等システム（オープンデータ）","municipality_code":"22203","municipality_pref":"静岡県","municipality_name":"沼津市","municipality_code_method":"food_exact_coord"},"geometry":{"type":"Point","coordinates":[138.90523,35.023798]}},{"type":"Feature","properties":{"layer_id":"cafe_restaurant","name":"ちどりマリンサービス","category":"food","address":"静岡県沼津市西浦江梨３２３－２","source":"厚生労働省 食品衛生申請等システム（オープンデータ）","municipality_code":"22203","municipality_pref":"静岡県","municipality_name":"沼津市","municipality_code_method":"food_exact_coord"},"geometry":{"type":"Point","coordinates":[138.800169,35.01328]}},{"type":"Feature","properties":{"layer_id":"cafe_restaurant","name":"はまゆう休憩所","category":"food","address":"静岡県沼津市西浦江梨３２５－１－２","source":"厚生労働省 食品衛生申請等システム（オープンデータ）","municipality_code":"22203","municipality_pref":"静岡県","municipality_name":"沼津市","municipality_code_method":"food_exact_coord"},"geometry":{"type":"Point","coordinates":[138.800169,35.01328]}},{"type":"Feature","properties":{"layer_id":"cafe_restaurant","name":"はまゆう荘","category":"food","address":"静岡県沼津市西浦江梨字小峰９８６－１","source":"厚生労働省 食品衛生申請等システム（オープンデータ）","municipality_code":"22203","municipality_pref":"静岡県","municipality_name":"沼津市","municipality_code_method":"food_exact_coord"},"geometry":{"type":"Point","coordinates":[138.802025,35.012318]}},{"type":"Feature","properties":{"layer_id":"cafe_restaurant","name":"和風居酒屋 萩皇","category":"food","address":"静岡県沼津市下香貫前原１４８３－８","source":"厚生労働省 食品衛生申請等システム（オープンデータ）","municipality_code":"22203","municipality_pref":"静岡県","municipality_name":"沼津市","municipality_code_method":"food_exact_coord"},"geometry":{"type":"Point","coordinates":[138.87803,35.078706]}},{"type":"Feature","properties":{"layer_id":"cafe_restaurant","name":"花ちゃん","category":"food","address":"静岡県沼津市三園町１１－８","source":"厚生労働省 食品衛生申請等システム（オープンデータ）","municipality_code":"22203","municipality_pref":"静岡県","municipality_name":"沼津市","municipality_code_method":"food_exact_coord"},"geometry":{"type":"Point","coordinates":[138.866064558,35.088942534]}},{"type":"Feature","properties":{"layer_id":"cafe_restaurant","name":"汁なし担々麺　ラーテル","category":"food","address":"静岡県沼津市下香貫上障子３７０－１ かぬき銀座１階南","source":"厚生労働省 食品衛生申請等システム（オープンデータ）","municipality_code":"22203","municipality_pref":"静岡県","municipality_name":"沼津市","municipality_code_method":"food_exact_coord"},"geometry":{"type":"Point","coordinates":[138.869124,35.084954]}},{"type":"Feature","properties":{"layer_id":"cafe_restaurant","name":"けい","category":"food","address":"静岡県沼津市上香貫三園町１３８１－１","source":"厚生労働省 食品衛生申請等システム（オープンデータ）","municipality_code":"22203","municipality_pref":"静岡県","municipality_name":"沼津市","municipality_code_method":"food_exact_coord"},"geometry":{"type":"Point","coordinates":[138.878807,35.090802]}},{"type":"Feature","properties":{"layer_id":"cafe_restaurant","name":"茶房　からすうり","category":"food","address":"静岡県沼津市吉田町３３－３","source":"厚生労働省 食品衛生申請等システム（オープンデータ）","municipality_code":"22203","municipality_pref":"静岡県","municipality_name":"沼津市","municipality_code_method":"food_exact_coord"},"geometry":{"type":"Point","coordinates":[138.862991345,35.0931538]}},{"type":"Feature","properties":{"layer_id":"cafe_restaurant","name":"ＳＡＬＯＮ　Ａ","category":"food","address":"静岡県沼津市御幸町５－２６ わかばやし耳鼻咽喉科クリニック２階","source":"厚生労働省 食品衛生申請等システム（オープンデータ）","municipality_code":"22203","municipality_pref":"静岡県","municipality_name":"沼津市","municipality_code_method":"food_exact_coord"},"geometry":{"type":"Point","coordinates":[138.864515791,35.096381221]}},{"type":"Feature","properties":{"layer_id":"cafe_restaurant","name":"復康会コーヒーショップやすらぎ","category":"food","address":"静岡県沼津市中瀬町２４－１ ２Ｆ","source":"厚生労働省 食品衛生申請等システム（オープンデータ）","municipality_code":"22203","municipality_pref":"静岡県","municipality_name":"沼津市","municipality_code_method":"food_exact_coord"},"geometry":{"type":"Point","coordinates":[138.88226,35.100811]}},{"type":"Feature","properties":{"layer_id":"cafe_restaurant","name":"軽食・喫茶　花のん","category":"food","address":"静岡県沼津市中瀬町１８－２８","source":"厚生労働省 食品衛生申請等システム（オープンデータ）","municipality_code":"22203","municipality_pref":"静岡県","municipality_name":"沼津市","municipality_code_method":"food_exact_coord"},"geometry":{"type":"Point","coordinates":[138.880941,35.099755]}},{"type":"Feature","properties":{"layer_id":"cafe_restaurant","name":"ららぽーと沼津売店　麻布あさひ","category":"food","address":"静岡県沼津市東椎路字東荒301番地3也 ららぽーと沼津1階「Mercado DE　SAMASA]","source":"厚生労働省 食品衛生申請等システム（オープンデータ）","municipality_code":"22203","municipality_pref":"静岡県","municipality_name":"沼津市","municipality_code_method":"food_exact_coord"},"geometry":{"type":"Point","coordinates":[138.774821,35.148904]}},{"type":"Feature","properties":{"layer_id":"cafe_restaurant","name":"パンプキン","category":"food","address":"静岡県沼津市玉江町５－２７","source":"厚生労働省 食品衛生申請等システム（オープンデータ）","municipality_code":"22203","municipality_pref":"静岡県","municipality_name":"沼津市","municipality_code_method":"food_exact_coord"},"geometry":{"type":"Point","coordinates":[138.869429205,35.087159415]}},{"type":"Feature","properties":{"layer_id":"cafe_restaurant","name":"有限会社マルハチ金龍丸水産","category":"food","address":"静岡県沼津市志下７８５番地","source":"厚生労働省 食品衛生申請等システム（オープンデータ）","municipality_code":"22203","municipality_pref":"静岡県","municipality_name":"沼津市","municipality_code_method":"food_exact_coord"},"geometry":{"type":"Point","coordinates":[138.88159,35.067019]}},{"type":"Feature","properties":{"layer_id":"cafe_restaurant","name":"Fischer's","category":"food","address":"静岡県沼津市根古屋","source":"厚生労働省 食品衛生申請等システム（オープンデータ）","municipality_code":"22203","municipality_pref":"静岡県","municipality_name":"沼津市","municipality_code_method":"food_exact_coord"},"geometry":{"type":"Point","coordinates":[138.808309,35.144302]}},{"type":"Feature","properties":{"layer_id":"cafe_restaurant","name":"O2","category":"food","address":"静岡県沼津市中沢田295-7","source":"厚生労働省 食品衛生申請等システム（オープンデータ）","municipality_code":"22203","municipality_pref":"静岡県","municipality_name":"沼津市","municipality_code_method":"food_exact_coord"},"geometry":{"type":"Point","coordinates":[138.850785,35.120047]}},{"type":"Feature","properties":{"layer_id":"cafe_restaurant","name":"民宿　白坂","category":"food","address":"静岡県沼津市内浦重寺２６－３","source":"厚生労働省 食品衛生申請等システム（オープンデータ）","municipality_code":"22203","municipality_pref":"静岡県","municipality_name":"沼津市","municipality_code_method":"food_exact_coord"},"geometry":{"type":"Point","coordinates":[138.899205,35.033598]}},{"type":"Feature","properties":{"layer_id":"cafe_restaurant","name":"A","category":"food","address":"静岡県沼津市高島町22-8 新富小路⑨","source":"厚生労働省 食品衛生申請等システム（オープンデータ）","municipality_code":"22203","municipality_pref":"静岡県","municipality_name":"沼津市","municipality_code_method":"food_exact_coord"},"geometry":{"type":"Point","coordinates":[138.857213,35.105007]}},{"type":"Feature","properties":{"layer_id":"cafe_restaurant","name":"銀のさら　沼津店","category":"food","address":"静岡県沼津市庄栄町９－２２ 土屋ビル１階","source":"厚生労働省 食品衛生申請等システム（オープンデータ）","municipality_code":"22203","municipality_pref":"静岡県","municipality_name":"沼津市","municipality_code_method":"food_exact_coord"},"geometry":{"type":"Point","coordinates":[138.862243,35.108805]}},{"type":"Feature","properties":{"layer_id":"cafe_restaurant","name":"ファミリマート　沼津沼北町店","category":"food","address":"静岡県沼津市沼北町１－１－１","source":"厚生労働省 食品衛生申請等システム（オープンデータ）","municipality_code":"22203","municipality_pref":"静岡県","municipality_name":"沼津市","municipality_code_method":"food_exact_coord"},"geometry":{"type":"Point","coordinates":[138.855567,35.111785]}},{"type":"Feature","properties":{"layer_id":"cafe_restaurant","name":"や台ずし沼津駅北口町","category":"food","address":"静岡県沼津市高島町6-1 内田ビル1階","source":"厚生労働省 食品衛生申請等システム（オープンデータ）","municipality_code":"22203","municipality_pref":"静岡県","municipality_name":"沼津市","municipality_code_method":"food_exact_coord"},"geometry":{"type":"Point","coordinates":[138.859575,35.104614]}},{"type":"Feature","properties":{"layer_id":"cafe_restaurant","name":"イベント.jp ウイング3号","category":"food","address":"静岡県沼津市東椎路３０１－３ ららぽーと沼津","source":"厚生労働省 食品衛生申請等システム（オープンデータ）","municipality_code":"22203","municipality_pref":"静岡県","municipality_name":"沼津市","municipality_code_method":"food_exact_coord"},"geometry":{"type":"Point","coordinates":[138.841906,35.120419]}},{"type":"Feature","properties":{"layer_id":"cafe_restaurant","name":"サンカフェ・はらまち","category":"food","address":"静岡県沼津市原１９８－１２","source":"厚生労働省 食品衛生申請等システム（オープンデータ）","municipality_code":"22203","municipality_pref":"静岡県","municipality_name":"沼津市","municipality_code_method":"food_exact_coord"},"geometry":{"type":"Point","coordinates":[138.797859318,35.124979396]}},{"type":"Feature","properties":{"layer_id":"cafe_restaurant","name":"有限会社志な川","category":"food","address":"静岡県沼津市岡宮１３８５－１１","source":"厚生労働省 食品衛生申請等システム（オープンデータ）","municipality_code":"22203","municipality_pref":"静岡県","municipality_name":"沼津市","municipality_code_method":"food_exact_coord"},"geometry":{"type":"Point","coordinates":[138.865061,35.139092]}},{"type":"Feature","properties":{"layer_id":"cafe_restaurant","name":"ベイアッシュ","category":"food","address":"静岡県沼津市大手町４－６－８","source":"厚生労働省 食品衛生申請等システム（オープンデータ）","municipality_code":"22203","municipality_pref":"静岡県","municipality_name":"沼津市","municipality_code_method":"food_exact_coord"},"geometry":{"type":"Point","coordinates":[138.857546979,35.098433591]}},{"type":"Feature","properties":{"layer_id":"cafe_restaurant","name":"すまコーヒー","category":"food","address":"静岡県沼津市高島町２７－２","source":"厚生労働省 食品衛生申請等システム（オープンデータ）","municipality_code":"22203","municipality_pref":"静岡県","municipality_name":"沼津市","municipality_code_method":"food_exact_coord"},"geometry":{"type":"Point","coordinates":[138.857992,35.105491]}},{"type":"Feature","properties":{"layer_id":"cafe_restaurant","name":"沼津東高等学校　食堂","category":"food","address":"静岡県沼津市岡宮８１２","source":"厚生労働省 食品衛生申請等システム（オープンデータ）","municipality_code":"22203","municipality_pref":"静岡県","municipality_name":"沼津市","municipality_code_method":"food_exact_coord"},"geometry":{"type":"Point","coordinates":[138.865959,35.129067]}},{"type":"Feature","properties":{"layer_id":"cafe_restaurant","name":"沼津市立高校食堂","category":"food","address":"静岡県沼津市三枚橋鐘突免６７３","source":"厚生労働省 食品衛生申請等システム（オープンデータ）","municipality_code":"22203","municipality_pref":"静岡県","municipality_name":"沼津市","municipality_code_method":"food_exact_coord"},"geometry":{"type":"Point","coordinates":[138.867492,35.112053]}},{"type":"Feature","properties":{"layer_id":"cafe_restaurant","name":"太陽青果","category":"food","address":"静岡県沼津市千本港町１０９","source":"厚生労働省 食品衛生申請等システム（オープンデータ）","municipality_code":"22203","municipality_pref":"静岡県","municipality_name":"沼津市","municipality_code_method":"food_exact_coord"},"geometry":{"type":"Point","coordinates":[138.858488,35.083194]}},{"type":"Feature","properties":{"layer_id":"cafe_restaurant","name":"マーレエレクトリックドライブズジャパン（株）社員食堂","category":"food","address":"静岡県沼津市大岡３７４４","source":"厚生労働省 食品衛生申請等システム（オープンデータ）","municipality_code":"22203","municipality_pref":"静岡県","municipality_name":"沼津市","municipality_code_method":"food_exact_coord"},"geometry":{"type":"Point","coordinates":[138.886761,35.131495]}},{"type":"Feature","properties":{"layer_id":"cafe_restaurant","name":"図書印刷株式会社","category":"food","address":"静岡県沼津市大塚１５","source":"厚生労働省 食品衛生申請等システム（オープンデータ）","municipality_code":"22203","municipality_pref":"静岡県","municipality_name":"沼津市","municipality_code_method":"food_exact_coord"},"geometry":{"type":"Point","coordinates":[138.807733,35.119647]}},{"type":"Feature","properties":{"layer_id":"cafe_restaurant","name":"フードストアあおき沼津店　惣菜、パン","category":"food","address":"静岡県沼津市大岡１９５６－１２","source":"厚生労働省 食品衛生申請等システム（オープンデータ）","municipality_code":"22203","municipality_pref":"静岡県","municipality_name":"沼津市","municipality_code_method":"food_exact_coord"},"geometry":{"type":"Point","coordinates":[138.867518,35.114214]}},{"type":"Feature","properties":{"layer_id":"cafe_restaurant","name":"フードストアあおき沼津西店(サービスカウンター)","category":"food","address":"静岡県沼津市小諏訪535-4","source":"厚生労働省 食品衛生申請等システム（オープンデータ）","municipality_code":"22203","municipality_pref":"静岡県","municipality_name":"沼津市","municipality_code_method":"food_exact_coord"},"geometry":{"type":"Point","coordinates":[138.83287,35.108086]}},{"type":"Feature","properties":{"layer_id":"cafe_restaurant","name":"フードストアあおき沼津西店(焼豚室)","category":"food","address":"静岡県沼津市小諏訪535-4","source":"厚生労働省 食品衛生申請等システム（オープンデータ）","municipality_code":"22203","municipality_pref":"静岡県","municipality_name":"沼津市","municipality_code_method":"food_exact_coord"},"geometry":{"type":"Point","coordinates":[138.83287,35.108086]}},{"type":"Feature","properties":{"layer_id":"cafe_restaurant","name":"フードストアあおき沼津西店(フルーツ室)","category":"food","address":"静岡県沼津市小諏訪535-4","source":"厚生労働省 食品衛生申請等システム（オープンデータ）","municipality_code":"22203","municipality_pref":"静岡県","municipality_name":"沼津市","municipality_code_method":"food_exact_coord"},"geometry":{"type":"Point","coordinates":[138.83287,35.108086]}},{"type":"Feature","properties":{"layer_id":"cafe_restaurant","name":"ローソン沼津下香貫南店","category":"food","address":"静岡県沼津市下香貫字汐入２２０１","source":"厚生労働省 食品衛生申請等システム（オープンデータ）","municipality_code":"22203","municipality_pref":"静岡県","municipality_name":"沼津市","municipality_code_method":"food_exact_coord"},"geometry":{"type":"Point","coordinates":[138.87803,35.078706]}},{"type":"Feature","properties":{"layer_id":"cafe_restaurant","name":"ローソン沼津吉田町店","category":"food","address":"静岡県沼津市吉田町２４－１６","source":"厚生労働省 食品衛生申請等システム（オープンデータ）","municipality_code":"22203","municipality_pref":"静岡県","municipality_name":"沼津市","municipality_code_method":"food_exact_coord"},"geometry":{"type":"Point","coordinates":[138.860926,35.092782]}},{"type":"Feature","properties":{"layer_id":"cafe_restaurant","name":"はがし","category":"food","address":"静岡県沼津市大手町2-3-2 山口ビル103","source":"厚生労働省 食品衛生申請等システム（オープンデータ）","municipality_code":"22203","municipality_pref":"静岡県","municipality_name":"沼津市","municipality_code_method":"food_exact_coord"},"geometry":{"type":"Point","coordinates":[138.862283,35.101197]}},{"type":"Feature","properties":{"layer_id":"cafe_restaurant","name":"おっこん雅","category":"food","address":"静岡県沼津市大手町５－３－１４","source":"厚生労働省 食品衛生申請等システム（オープンデータ）","municipality_code":"22203","municipality_pref":"静岡県","municipality_name":"沼津市","municipality_code_method":"food_exact_coord"},"geometry":{"type":"Point","coordinates":[138.858257933,35.100759787]}},{"type":"Feature","properties":{"layer_id":"cafe_restaurant","name":"ＰＡＰＡＳ　ＣＬＵＢ","category":"food","address":"静岡県沼津市西浦江梨９１４－４","source":"厚生労働省 食品衛生申請等システム（オープンデータ）","municipality_code":"22203","municipality_pref":"静岡県","municipality_name":"沼津市","municipality_code_method":"food_exact_coord"},"geometry":{"type":"Point","coordinates":[138.788004,35.02234]}},{"type":"Feature","properties":{"layer_id":"cafe_restaurant","name":"伊豆三津シーパラダイス　海獣売店","category":"food","address":"静岡県沼津市内浦長浜３－１","source":"厚生労働省 食品衛生申請等システム（オープンデータ）","municipality_code":"22203","municipality_pref":"静岡県","municipality_name":"沼津市","municipality_code_method":"food_exact_coord"},"geometry":{"type":"Point","coordinates":[138.89601,35.0195]}},{"type":"Feature","properties":{"layer_id":"cafe_restaurant","name":"ねぎや沼北店","category":"food","address":"静岡県沼津市沼北町2-18-26","source":"厚生労働省 食品衛生申請等システム（オープンデータ）","municipality_code":"22203","municipality_pref":"静岡県","municipality_name":"沼津市","municipality_code_method":"food_exact_coord"},"geometry":{"type":"Point","coordinates":[138.853791,35.115495]}},{"type":"Feature","properties":{"layer_id":"cafe_restaurant","name":"舞流六六","category":"food","address":"静岡県沼津市中沢田４９０－１","source":"厚生労働省 食品衛生申請等システム（オープンデータ）","municipality_code":"22203","municipality_pref":"静岡県","municipality_name":"沼津市","municipality_code_method":"food_exact_coord"},"geometry":{"type":"Point","coordinates":[138.851641,35.130226]}},{"type":"Feature","properties":{"layer_id":"cafe_restaurant","name":"焼肉　食いしん坊","category":"food","address":"静岡県沼津市高島町２３－２ 岡村ビル","source":"厚生労働省 食品衛生申請等システム（オープンデータ）","municipality_code":"22203","municipality_pref":"静岡県","municipality_name":"沼津市","municipality_code_method":"food_exact_coord"},"geometry":{"type":"Point","coordinates":[138.856908,35.104811]}},{"type":"Feature","properties":{"layer_id":"cafe_restaurant","name":"焼肉華蓮","category":"food","address":"静岡県沼津市杉崎町13-32 奈良橋ビル１階","source":"厚生労働省 食品衛生申請等システム（オープンデータ）","municipality_code":"22203","municipality_pref":"静岡県","municipality_name":"沼津市","municipality_code_method":"food_exact_coord"},"geometry":{"type":"Point","coordinates":[138.865428,35.110364]}},{"type":"Feature","properties":{"layer_id":"cafe_restaurant","name":"串ざる本舗　北口屋台","category":"food","address":"静岡県沼津市高島町21-24","source":"厚生労働省 食品衛生申請等システム（オープンデータ）","municipality_code":"22203","municipality_pref":"静岡県","municipality_name":"沼津市","municipality_code_method":"food_exact_coord"},"geometry":{"type":"Point","coordinates":[138.857973,35.105023]}},{"type":"Feature","properties":{"layer_id":"cafe_restaurant","name":"だんごの美好","category":"food","address":"静岡県沼津市高島町２９－１１","source":"厚生労働省 食品衛生申請等システム（オープンデータ）","municipality_code":"22203","municipality_pref":"静岡県","municipality_name":"沼津市","municipality_code_method":"food_exact_coord"},"geometry":{"type":"Point","coordinates":[138.857604,35.106339]}},{"type":"Feature","properties":{"layer_id":"cafe_restaurant","name":"ONEDROP","category":"food","address":"静岡県沼津市大手町５丁目2-15 B1F","source":"厚生労働省 食品衛生申請等システム（オープンデータ）","municipality_code":"22203","municipality_pref":"静岡県","municipality_name":"沼津市","municipality_code_method":"food_exact_coord"},"geometry":{"type":"Point","coordinates":[138.858554,35.101357]}},{"type":"Feature","properties":{"layer_id":"cafe_restaurant","name":"ONEDROP","category":"food","address":"静岡県沼津市大手町５丁目2-15","source":"厚生労働省 食品衛生申請等システム（オープンデータ）","municipality_code":"22203","municipality_pref":"静岡県","municipality_name":"沼津市","municipality_code_method":"food_exact_coord"},"geometry":{"type":"Point","coordinates":[138.858554,35.101357]}},{"type":"Feature","properties":{"layer_id":"cafe_restaurant","name":"椿亭","category":"food","address":"静岡県沼津市大諏訪７１３－１","source":"厚生労働省 食品衛生申請等システム（オープンデータ）","municipality_code":"22203","municipality_pref":"静岡県","municipality_name":"沼津市","municipality_code_method":"food_exact_coord"},"geometry":{"type":"Point","coordinates":[138.832649,35.117082]}},{"type":"Feature","properties":{"layer_id":"cafe_restaurant","name":"ローソン沼津大岡店","category":"food","address":"静岡県沼津市大岡１５１４－２","source":"厚生労働省 食品衛生申請等システム（オープンデータ）","municipality_code":"22203","municipality_pref":"静岡県","municipality_name":"沼津市","municipality_code_method":"food_exact_coord"},"geometry":{"type":"Point","coordinates":[138.882746,35.121268]}},{"type":"Feature","properties":{"layer_id":"cafe_restaurant","name":"ジョイランドアミューズ","category":"food","address":"静岡県沼津市大諏訪２０－２","source":"厚生労働省 食品衛生申請等システム（オープンデータ）","municipality_code":"22203","municipality_pref":"静岡県","municipality_name":"沼津市","municipality_code_method":"food_exact_coord"},"geometry":{"type":"Point","coordinates":[138.831772,35.111793]}},{"type":"Feature","properties":{"layer_id":"cafe_restaurant","name":"ジョイランド原","category":"food","address":"静岡県沼津市原町中２－１４－８","source":"厚生労働省 食品衛生申請等システム（オープンデータ）","municipality_code":"22203","municipality_pref":"静岡県","municipality_name":"沼津市","municipality_code_method":"food_exact_coord"},"geometry":{"type":"Point","coordinates":[138.799446,35.129817]}},{"type":"Feature","properties":{"layer_id":"cafe_restaurant","name":"ＬＡ　ＢＡＳＥ","category":"food","address":"静岡県沼津市大手町五丁目２番１８号 フェニックスビル１階西号","source":"厚生労働省 食品衛生申請等システム（オープンデータ）","municipality_code":"22203","municipality_pref":"静岡県","municipality_name":"沼津市","municipality_code_method":"food_exact_coord"},"geometry":{"type":"Point","coordinates":[138.85856,35.10166]}},{"type":"Feature","properties":{"layer_id":"cafe_restaurant","name":"ＰＡＩＳＡＵＳ","category":"food","address":"静岡県沼津市高島町１９－２ Ｔ．スルガビル１階北側","source":"厚生労働省 食品衛生申請等システム（オープンデータ）","municipality_code":"22203","municipality_pref":"静岡県","municipality_name":"沼津市","municipality_code_method":"food_exact_coord"},"geometry":{"type":"Point","coordinates":[138.856808,35.104245]}},{"type":"Feature","properties":{"layer_id":"cafe_restaurant","name":"ＨＯＮＥＹ　ＴＲＡＰ","category":"food","address":"静岡県沼津市高島町１９－１ 松本ビル地下１階","source":"厚生労働省 食品衛生申請等システム（オープンデータ）","municipality_code":"22203","municipality_pref":"静岡県","municipality_name":"沼津市","municipality_code_method":"food_exact_coord"},"geometry":{"type":"Point","coordinates":[138.856888198,35.104120176]}},{"type":"Feature","properties":{"layer_id":"cafe_restaurant","name":"かえる亭","category":"food","address":"静岡県沼津市五月町16−15 杉本ビル1号","source":"厚生労働省 食品衛生申請等システム（オープンデータ）","municipality_code":"22203","municipality_pref":"静岡県","municipality_name":"沼津市","municipality_code_method":"food_exact_coord"},"geometry":{"type":"Point","coordinates":[138.866253,35.112743]}},{"type":"Feature","properties":{"layer_id":"cafe_restaurant","name":"枯山水","category":"food","address":"静岡県沼津市岡宮１３５５－１６","source":"厚生労働省 食品衛生申請等システム（オープンデータ）","municipality_code":"22203","municipality_pref":"静岡県","municipality_name":"沼津市","municipality_code_method":"food_exact_coord"},"geometry":{"type":"Point","coordinates":[138.867815,35.134492]}},{"type":"Feature","properties":{"layer_id":"cafe_restaurant","name":"酒房　Ryuu","category":"food","address":"静岡県沼津市高島町1-11 2F","source":"厚生労働省 食品衛生申請等システム（オープンデータ）","municipality_code":"22203","municipality_pref":"静岡県","municipality_name":"沼津市","municipality_code_method":"food_exact_coord"},"geometry":{"type":"Point","coordinates":[138.859,35.104125]}},{"type":"Feature","properties":{"layer_id":"cafe_restaurant","name":"Blibo★Kitchen＆麺場大川","category":"food","address":"静岡県沼津市根古屋167-14 IKASUDEビル1F","source":"厚生労働省 食品衛生申請等システム（オープンデータ）","municipality_code":"22203","municipality_pref":"静岡県","municipality_name":"沼津市","municipality_code_method":"food_exact_coord"},"geometry":{"type":"Point","coordinates":[138.804864,35.137476]}},{"type":"Feature","properties":{"layer_id":"cafe_restaurant","name":"蕎麦居酒屋　えびす庵","category":"food","address":"静岡県沼津市大手町5-4-1","source":"厚生労働省 食品衛生申請等システム（オープンデータ）","municipality_code":"22203","municipality_pref":"静岡県","municipality_name":"沼津市","municipality_code_method":"food_exact_coord"},"geometry":{"type":"Point","coordinates":[138.858666,35.100462]}},{"type":"Feature","properties":{"layer_id":"cafe_restaurant","name":"ル・ファール","category":"food","address":"静岡県沼津市内浦重寺淡島465 1Ｆ","source":"厚生労働省 食品衛生申請等システム（オープンデータ）","municipality_code":"22203","municipality_pref":"静岡県","municipality_name":"沼津市","municipality_code_method":"food_exact_coord"},"geometry":{"type":"Point","coordinates":[138.888177,35.03338]}},{"type":"Feature","properties":{"layer_id":"cafe_restaurant","name":"アイランド","category":"food","address":"静岡県沼津市内浦重寺淡島465 2Ｆ","source":"厚生労働省 食品衛生申請等システム（オープンデータ）","municipality_code":"22203","municipality_pref":"静岡県","municipality_name":"沼津市","municipality_code_method":"food_exact_coord"},"geometry":{"type":"Point","coordinates":[138.888177,35.03338]}},{"type":"Feature","properties":{"layer_id":"cafe_restaurant","name":"富士","category":"food","address":"静岡県沼津市内浦重寺淡島465 2Ｆ","source":"厚生労働省 食品衛生申請等システム（オープンデータ）","municipality_code":"22203","municipality_pref":"静岡県","municipality_name":"沼津市","municipality_code_method":"food_exact_coord"},"geometry":{"type":"Point","coordinates":[138.888177,35.03338]}},{"type":"Feature","properties":{"layer_id":"cafe_restaurant","name":"ラプラージュ","category":"food","address":"静岡県沼津市内浦重寺淡島465 2Ｆ","source":"厚生労働省 食品衛生申請等システム（オープンデータ）","municipality_code":"22203","municipality_pref":"静岡県","municipality_name":"沼津市","municipality_code_method":"food_exact_coord"},"geometry":{"type":"Point","coordinates":[138.888177,35.03338]}},{"type":"Feature","properties":{"layer_id":"cafe_restaurant","name":"櫂","category":"food","address":"静岡県沼津市内浦重寺淡島465 3Ｆ","source":"厚生労働省 食品衛生申請等システム（オープンデータ）","municipality_code":"22203","municipality_pref":"静岡県","municipality_name":"沼津市","municipality_code_method":"food_exact_coord"},"geometry":{"type":"Point","coordinates":[138.888177,35.03338]}},{"type":"Feature","properties":{"layer_id":"cafe_restaurant","name":"THAI THAI","category":"food","address":"静岡県沼津市高島町22-8 新富小路8号室","source":"厚生労働省 食品衛生申請等システム（オープンデータ）","municipality_code":"22203","municipality_pref":"静岡県","municipality_name":"沼津市","municipality_code_method":"food_exact_coord"},"geometry":{"type":"Point","coordinates":[138.857211,35.104983]}},{"type":"Feature","properties":{"layer_id":"cafe_restaurant","name":"Chang   Thai","category":"food","address":"静岡県沼津市高島町27-16 大石ビル1F西側","source":"厚生労働省 食品衛生申請等システム（オープンデータ）","municipality_code":"22203","municipality_pref":"静岡県","municipality_name":"沼津市","municipality_code_method":"food_exact_coord"},"geometry":{"type":"Point","coordinates":[138.858004,35.105642]}},{"type":"Feature","properties":{"layer_id":"cafe_restaurant","name":"漁師寿し網元武田丸","category":"food","address":"静岡県沼津市千本港町115-4 旬彩街","source":"厚生労働省 食品衛生申請等システム（オープンデータ）","municipality_code":"22203","municipality_pref":"静岡県","municipality_name":"沼津市","municipality_code_method":"food_exact_coord"},"geometry":{"type":"Point","coordinates":[138.858602,35.082132]}},{"type":"Feature","properties":{"layer_id":"cafe_restaurant","name":"沼津のさかなや 廻る寿司 武田丸","category":"food","address":"静岡県沼津市千本港町１２８－１ 沼津みなと新鮮館内","source":"厚生労働省 食品衛生申請等システム（オープンデータ）","municipality_code":"22203","municipality_pref":"静岡県","municipality_name":"沼津市","municipality_code_method":"food_exact_coord"},"geometry":{"type":"Point","coordinates":[138.857888,35.08368]}},{"type":"Feature","properties":{"layer_id":"cafe_restaurant","name":"en Numazu","category":"food","address":"静岡県沼津市大手町5-12-3 アライビル1F","source":"厚生労働省 食品衛生申請等システム（オープンデータ）","municipality_code":"22203","municipality_pref":"静岡県","municipality_name":"沼津市","municipality_code_method":"food_exact_coord"},"geometry":{"type":"Point","coordinates":[138.857163,35.100438]}},{"type":"Feature","properties":{"layer_id":"cafe_restaurant","name":"GONEXT","category":"food","address":"静岡県沼津市我入道秋葉町４１６","source":"厚生労働省 食品衛生申請等システム（オープンデータ）","municipality_code":"22203","municipality_pref":"静岡県","municipality_name":"沼津市","municipality_code_method":"food_exact_coord"},"geometry":{"type":"Point","coordinates":[138.863249,35.077198]}},{"type":"Feature","properties":{"layer_id":"cafe_restaurant","name":"つながり","category":"food","address":"静岡県沼津市石川370-1 2F","source":"厚生労働省 食品衛生申請等システム（オープンデータ）","municipality_code":"22203","municipality_pref":"静岡県","municipality_name":"沼津市","municipality_code_method":"food_exact_coord"},"geometry":{"type":"Point","coordinates":[138.772854,35.147654]}},{"type":"Feature","properties":{"layer_id":"cafe_restaurant","name":"沼津・湯河原温泉　万葉の湯","category":"food","address":"静岡県沼津市岡宮１２０８－１","source":"厚生労働省 食品衛生申請等システム（オープンデータ）","municipality_code":"22203","municipality_pref":"静岡県","municipality_name":"沼津市","municipality_code_method":"food_exact_coord"},"geometry":{"type":"Point","coordinates":[138.871739,35.135272]}},{"type":"Feature","properties":{"layer_id":"cafe_restaurant","name":"沼津ぐるめ街道の駅","category":"food","address":"静岡県沼津市岡宮１２０８－１","source":"厚生労働省 食品衛生申請等システム（オープンデータ）","municipality_code":"22203","municipality_pref":"静岡県","municipality_name":"沼津市","municipality_code_method":"food_exact_coord"},"geometry":{"type":"Point","coordinates":[138.871739,35.135272]}},{"type":"Feature","properties":{"layer_id":"cafe_restaurant","name":"JACK & ROSE","category":"food","address":"静岡県沼津市高島町22‐12 北口銀座２F","source":"厚生労働省 食品衛生申請等システム（オープンデータ）","municipality_code":"22203","municipality_pref":"静岡県","municipality_name":"沼津市","municipality_code_method":"food_exact_coord"},"geometry":{"type":"Point","coordinates":[138.85728,35.105306]}},{"type":"Feature","properties":{"layer_id":"cafe_restaurant","name":"手打ちそば　やまでん","category":"food","address":"静岡県沼津市西間門145-1","source":"厚生労働省 食品衛生申請等システム（オープンデータ）","municipality_code":"22203","municipality_pref":"静岡県","municipality_name":"沼津市","municipality_code_method":"food_exact_coord"},"geometry":{"type":"Point","coordinates":[138.843611,35.105153]}},{"type":"Feature","properties":{"layer_id":"cafe_restaurant","name":"寿し和食ひろちゃん","category":"food","address":"静岡県沼津市岡宮１３２０－６","source":"厚生労働省 食品衛生申請等システム（オープンデータ）","municipality_code":"22203","municipality_pref":"静岡県","municipality_name":"沼津市","municipality_code_method":"food_exact_coord"},"geometry":{"type":"Point","coordinates":[138.86830750000001,35.138729]}},{"type":"Feature","properties":{"layer_id":"cafe_restaurant","name":"山正　沼津南店","category":"food","address":"静岡県沼津市西島町10-1","source":"厚生労働省 食品衛生申請等システム（オープンデータ）","municipality_code":"22203","municipality_pref":"静岡県","municipality_name":"沼津市","municipality_code_method":"food_exact_coord"},"geometry":{"type":"Point","coordinates":[138.863167,35.086006]}},{"type":"Feature","properties":{"layer_id":"cafe_restaurant","name":"Ｈａｎａｒｅ","category":"food","address":"静岡県沼津市平町３－１０","source":"厚生労働省 食品衛生申請等システム（オープンデータ）","municipality_code":"22203","municipality_pref":"静岡県","municipality_name":"沼津市","municipality_code_method":"food_exact_coord"},"geometry":{"type":"Point","coordinates":[138.86553907200002,35.101047345]}},{"type":"Feature","properties":{"layer_id":"cafe_restaurant","name":"株式会社山正ｊａｐａｎ","category":"food","address":"静岡県沼津市平町３－１４","source":"厚生労働省 食品衛生申請等システム（オープンデータ）","municipality_code":"22203","municipality_pref":"静岡県","municipality_name":"沼津市","municipality_code_method":"food_exact_coord"},"geometry":{"type":"Point","coordinates":[138.865219,35.101075]}},{"type":"Feature","properties":{"layer_id":"cafe_restaurant","name":"セブンイレブン沼津白銀店","category":"food","address":"静岡県沼津市白銀町7-11","source":"厚生労働省 食品衛生申請等システム（オープンデータ）","municipality_code":"22203","municipality_pref":"静岡県","municipality_name":"沼津市","municipality_code_method":"food_exact_coord"},"geometry":{"type":"Point","coordinates":[138.8524165,35.1002365]}},{"type":"Feature","properties":{"layer_id":"cafe_restaurant","name":"ときわや","category":"food","address":"静岡県沼津市戸田２８９－１","source":"厚生労働省 食品衛生申請等システム（オープンデータ）","municipality_code":"22203","municipality_pref":"静岡県","municipality_name":"沼津市","municipality_code_method":"food_exact_coord"},"geometry":{"type":"Point","coordinates":[138.777419,34.973729]}},{"type":"Feature","properties":{"layer_id":"cafe_restaurant","name":"彩り居酒屋　花の菜","category":"food","address":"静岡県沼津市大手町３－６－２７ 内野ビル２Ｆ","source":"厚生労働省 食品衛生申請等システム（オープンデータ）","municipality_code":"22203","municipality_pref":"静岡県","municipality_name":"沼津市","municipality_code_method":"food_exact_coord"},"geometry":{"type":"Point","coordinates":[138.860169,35.100803]}},{"type":"Feature","properties":{"layer_id":"cafe_restaurant","name":"丸勘","category":"food","address":"静岡県沼津市千本港町１２８－１ 沼津みなと新鮮館内","source":"厚生労働省 食品衛生申請等システム（オープンデータ）","municipality_code":"22203","municipality_pref":"静岡県","municipality_name":"沼津市","municipality_code_method":"food_exact_coord"},"geometry":{"type":"Point","coordinates":[138.857888,35.08368]}},{"type":"Feature","properties":{"layer_id":"cafe_restaurant","name":"だいこくキッチン","category":"food","address":"静岡県沼津市今沢38-2","source":"厚生労働省 食品衛生申請等システム（オープンデータ）","municipality_code":"22203","municipality_pref":"静岡県","municipality_name":"沼津市","municipality_code_method":"food_exact_coord"},"geometry":{"type":"Point","coordinates":[138.812414,35.117076]}},{"type":"Feature","properties":{"layer_id":"cafe_restaurant","name":"いなろ食堂","category":"food","address":"静岡県沼津市千本港町１２２－１７","source":"厚生労働省 食品衛生申請等システム（オープンデータ）","municipality_code":"22203","municipality_pref":"静岡県","municipality_name":"沼津市","municipality_code_method":"food_exact_coord"},"geometry":{"type":"Point","coordinates":[138.857688,35.082335]}},{"type":"Feature","properties":{"layer_id":"cafe_restaurant","name":"やるやん","category":"food","address":"静岡県沼津市原2030-35","source":"厚生労働省 食品衛生申請等システム（オープンデータ）","municipality_code":"22203","municipality_pref":"静岡県","municipality_name":"沼津市","municipality_code_method":"food_exact_coord"},"geometry":{"type":"Point","coordinates":[138.801141,35.13468]}},{"type":"Feature","properties":{"layer_id":"cafe_restaurant","name":"AWA Nishi-Izu","category":"food","address":"静岡県沼津市戸田1480-1","source":"厚生労働省 食品衛生申請等システム（オープンデータ）","municipality_code":"22203","municipality_pref":"静岡県","municipality_name":"沼津市","municipality_code_method":"food_exact_coord"},"geometry":{"type":"Point","coordinates":[138.789655,34.971021]}},{"type":"Feature","properties":{"layer_id":"cafe_restaurant","name":"AWA Nishi-Izu","category":"food","address":"静岡県沼津市戸田1480-1","source":"厚生労働省 食品衛生申請等システム（オープンデータ）","municipality_code":"22203","municipality_pref":"静岡県","municipality_name":"沼津市","municipality_code_method":"food_exact_coord"},"geometry":{"type":"Point","coordinates":[138.789655,34.971021]}},{"type":"Feature","properties":{"layer_id":"cafe_restaurant","name":"よっちゃばりカフェハナ","category":"food","address":"静岡県沼津市大諏訪517-2","source":"厚生労働省 食品衛生申請等システム（オープンデータ）","municipality_code":"22203","municipality_pref":"静岡県","municipality_name":"沼津市","municipality_code_method":"food_exact_coord"},"geometry":{"type":"Point","coordinates":[138.829936,35.114271]}},{"type":"Feature","properties":{"layer_id":"cafe_restaurant","name":"Ｓｈｏｐ　和助","category":"food","address":"静岡県沼津市下河原町３－８－７","source":"厚生労働省 食品衛生申請等システム（オープンデータ）","municipality_code":"22203","municipality_pref":"静岡県","municipality_name":"沼津市","municipality_code_method":"food_exact_coord"},"geometry":{"type":"Point","coordinates":[138.855869511,35.088487423]}},{"type":"Feature","properties":{"layer_id":"cafe_restaurant","name":"Lea　Lea","category":"food","address":"静岡県沼津市高島町１５－２ 第12ティエスビル１F","source":"厚生労働省 食品衛生申請等システム（オープンデータ）","municipality_code":"22203","municipality_pref":"静岡県","municipality_name":"沼津市","municipality_code_method":"food_exact_coord"},"geometry":{"type":"Point","coordinates":[138.858558,35.105527]}},{"type":"Feature","properties":{"layer_id":"cafe_restaurant","name":"Sports&Dining　La.Seed","category":"food","address":"静岡県沼津市高島町11-5 奬邦ビル1F","source":"厚生労働省 食品衛生申請等システム（オープンデータ）","municipality_code":"22203","municipality_pref":"静岡県","municipality_name":"沼津市","municipality_code_method":"food_exact_coord"},"geometry":{"type":"Point","coordinates":[138.860925,35.105536]}},{"type":"Feature","properties":{"layer_id":"cafe_restaurant","name":"浜焼き「しんちゃん」","category":"food","address":"静岡県沼津市千本港町８３","source":"厚生労働省 食品衛生申請等システム（オープンデータ）","municipality_code":"22203","municipality_pref":"静岡県","municipality_name":"沼津市","municipality_code_method":"food_exact_coord"},"geometry":{"type":"Point","coordinates":[138.858194,35.083837]}},{"type":"Feature","properties":{"layer_id":"cafe_restaurant","name":"ゆうが沼津","category":"food","address":"静岡県沼津市大手町3丁目1－2 エイブル・コア２F","source":"厚生労働省 食品衛生申請等システム（オープンデータ）","municipality_code":"22203","municipality_pref":"静岡県","municipality_name":"沼津市","municipality_code_method":"food_exact_coord"},"geometry":{"type":"Point","coordinates":[138.860056,35.101904]}},{"type":"Feature","properties":{"layer_id":"cafe_restaurant","name":"吉祥庵","category":"food","address":"静岡県沼津市東椎路３０１－３ ららぽーと沼津　１５０５０","source":"厚生労働省 食品衛生申請等システム（オープンデータ）","municipality_code":"22203","municipality_pref":"静岡県","municipality_name":"沼津市","municipality_code_method":"food_exact_coord"},"geometry":{"type":"Point","coordinates":[138.841906,35.120419]}},{"type":"Feature","properties":{"layer_id":"cafe_restaurant","name":"ラジオシティー沼津駅北店","category":"food","address":"静岡県沼津市米山町１－５","source":"厚生労働省 食品衛生申請等システム（オープンデータ）","municipality_code":"22203","municipality_pref":"静岡県","municipality_name":"沼津市","municipality_code_method":"food_exact_coord"},"geometry":{"type":"Point","coordinates":[138.861988,35.104923]}},{"type":"Feature","properties":{"layer_id":"cafe_restaurant","name":"大衆酒場　イマさん","category":"food","address":"静岡県沼津市高島町３－１ スルガビル１階西","source":"厚生労働省 食品衛生申請等システム（オープンデータ）","municipality_code":"22203","municipality_pref":"静岡県","municipality_name":"沼津市","municipality_code_method":"food_exact_coord"},"geometry":{"type":"Point","coordinates":[138.858538,35.10465]}},{"type":"Feature","properties":{"layer_id":"cafe_restaurant","name":"赤から　沼津店","category":"food","address":"静岡県沼津市米山町１－５","source":"厚生労働省 食品衛生申請等システム（オープンデータ）","municipality_code":"22203","municipality_pref":"静岡県","municipality_name":"沼津市","municipality_code_method":"food_exact_coord"},"geometry":{"type":"Point","coordinates":[138.861988,35.104923]}},{"type":"Feature","properties":{"layer_id":"cafe_restaurant","name":"ItaliankitchenVANSAN沼津店","category":"food","address":"静岡県沼津市大手町3-2-1Plaza fontana A棟１階","source":"厚生労働省 食品衛生申請等システム（オープンデータ）","municipality_code":"22203","municipality_pref":"静岡県","municipality_name":"沼津市","municipality_code_method":"food_exact_coord"},"geometry":{"type":"Point","coordinates":[138.860651,35.101869]}},{"type":"Feature","properties":{"layer_id":"cafe_restaurant","name":"大韓食堂","category":"food","address":"静岡県沼津市東椎路字東荒301番地3 ららぽーと沼津14267","source":"厚生労働省 食品衛生申請等システム（オープンデータ）","municipality_code":"22203","municipality_pref":"静岡県","municipality_name":"沼津市","municipality_code_method":"food_exact_coord"},"geometry":{"type":"Point","coordinates":[138.774821,35.148904]}},{"type":"Feature","properties":{"layer_id":"cafe_restaurant","name":"カルビ一丁　沼津店","category":"food","address":"静岡県沼津市高島本町8-56","source":"厚生労働省 食品衛生申請等システム（オープンデータ）","municipality_code":"22203","municipality_pref":"静岡県","municipality_name":"沼津市","municipality_code_method":"food_exact_coord"},"geometry":{"type":"Point","coordinates":[138.858831,35.110991]}},{"type":"Feature","properties":{"layer_id":"cafe_restaurant","name":"串家物語","category":"food","address":"静岡県沼津市東椎路３０１－３ ららぽーと沼津　１５１４０","source":"厚生労働省 食品衛生申請等システム（オープンデータ）","municipality_code":"22203","municipality_pref":"静岡県","municipality_name":"沼津市","municipality_code_method":"food_exact_coord"},"geometry":{"type":"Point","coordinates":[138.837145,35.128607]}},{"type":"Feature","properties":{"layer_id":"cafe_restaurant","name":"エスト沼津内　食堂　テンシャル","category":"food","address":"静岡県沼津市大岡１７４８－２","source":"厚生労働省 食品衛生申請等システム（オープンデータ）","municipality_code":"22203","municipality_pref":"静岡県","municipality_name":"沼津市","municipality_code_method":"food_exact_coord"},"geometry":{"type":"Point","coordinates":[138.874171,35.104229]}},{"type":"Feature","properties":{"layer_id":"cafe_restaurant","name":"さかなや千本一","category":"food","address":"静岡県沼津市千本港町101 ３Ｆ","source":"厚生労働省 食品衛生申請等システム（オープンデータ）","municipality_code":"22203","municipality_pref":"静岡県","municipality_name":"沼津市","municipality_code_method":"food_exact_coord"},"geometry":{"type":"Point","coordinates":[138.857902,35.082789]}},{"type":"Feature","properties":{"layer_id":"cafe_restaurant","name":"浜焼きかもめ丸/さかなや千本一","category":"food","address":"静岡県沼津市千本港町101","source":"厚生労働省 食品衛生申請等システム（オープンデータ）","municipality_code":"22203","municipality_pref":"静岡県","municipality_name":"沼津市","municipality_code_method":"food_exact_coord"},"geometry":{"type":"Point","coordinates":[138.857902,35.082789]}},{"type":"Feature","properties":{"layer_id":"cafe_restaurant","name":"アベリー","category":"food","address":"静岡県沼津市大手町５－７－５ つるかめビル１階Ｅ号","source":"厚生労働省 食品衛生申請等システム（オープンデータ）","municipality_code":"22203","municipality_pref":"静岡県","municipality_name":"沼津市","municipality_code_method":"food_exact_coord"},"geometry":{"type":"Point","coordinates":[138.85802,35.100095]}},{"type":"Feature","properties":{"layer_id":"cafe_restaurant","name":"ねこと白鳥","category":"food","address":"静岡県沼津市大手町５－７－５ つるかめ仲見世ビル地下","source":"厚生労働省 食品衛生申請等システム（オープンデータ）","municipality_code":"22203","municipality_pref":"静岡県","municipality_name":"沼津市","municipality_code_method":"food_exact_coord"},"geometry":{"type":"Point","coordinates":[138.85802,35.100095]}},{"type":"Feature","properties":{"layer_id":"cafe_restaurant","name":"ｂｌａｎｋｅｙｓ　ｂａｒ　ｓｔ３１０４","category":"food","address":"静岡県沼津市大手町５－７－３ とらやビルＢ１","source":"厚生労働省 食品衛生申請等システム（オープンデータ）","municipality_code":"22203","municipality_pref":"静岡県","municipality_name":"沼津市","municipality_code_method":"food_exact_coord"},"geometry":{"type":"Point","coordinates":[138.858055,35.100325]}},{"type":"Feature","properties":{"layer_id":"cafe_restaurant","name":"ｎｉｉｅ","category":"food","address":"静岡県沼津市大手町５－１１－６ 梅原ビル１Ｆ","source":"厚生労働省 食品衛生申請等システム（オープンデータ）","municipality_code":"22203","municipality_pref":"静岡県","municipality_name":"沼津市","municipality_code_method":"food_exact_coord"},"geometry":{"type":"Point","coordinates":[138.857268,35.100774]}},{"type":"Feature","properties":{"layer_id":"cafe_restaurant","name":"駅前　ちょうちん村","category":"food","address":"静岡県沼津市大手町５－２－１８ フェニックスビルＢ１","source":"厚生労働省 食品衛生申請等システム（オープンデータ）","municipality_code":"22203","municipality_pref":"静岡県","municipality_name":"沼津市","municipality_code_method":"food_exact_coord"},"geometry":{"type":"Point","coordinates":[138.858548,35.101666]}},{"type":"Feature","properties":{"layer_id":"cafe_restaurant","name":"自家製麺　真　卓朗商店","category":"food","address":"静岡県沼津市日の出町２－５３","source":"厚生労働省 食品衛生申請等システム（オープンデータ）","municipality_code":"22203","municipality_pref":"静岡県","municipality_name":"沼津市","municipality_code_method":"food_exact_coord"},"geometry":{"type":"Point","coordinates":[138.867828,35.108612]}},{"type":"Feature","properties":{"layer_id":"cafe_restaurant","name":"ノエル","category":"food","address":"静岡県沼津市大手町５－８－１４ 杉山ビル２階","source":"厚生労働省 食品衛生申請等システム（オープンデータ）","municipality_code":"22203","municipality_pref":"静岡県","municipality_name":"沼津市","municipality_code_method":"food_exact_coord"},"geometry":{"type":"Point","coordinates":[138.857604,35.100849]}},{"type":"Feature","properties":{"layer_id":"cafe_restaurant","name":"セブン－イレブン沼津米山町店","category":"food","address":"静岡県沼津市米山町１３－５１","source":"厚生労働省 食品衛生申請等システム（オープンデータ）","municipality_code":"22203","municipality_pref":"静岡県","municipality_name":"沼津市","municipality_code_method":"food_exact_coord"},"geometry":{"type":"Point","coordinates":[138.864506,35.109085]}},{"type":"Feature","properties":{"layer_id":"cafe_restaurant","name":"天勇","category":"food","address":"静岡県沼津市大岡１７５２－４","source":"厚生労働省 食品衛生申請等システム（オープンデータ）","municipality_code":"22203","municipality_pref":"静岡県","municipality_name":"沼津市","municipality_code_method":"food_exact_coord"},"geometry":{"type":"Point","coordinates":[138.874422,35.105567]}},{"type":"Feature","properties":{"layer_id":"cafe_restaurant","name":"珈琲館","category":"food","address":"静岡県沼津市日の出町３４７－２","source":"厚生労働省 食品衛生申請等システム（オープンデータ）","municipality_code":"22203","municipality_pref":"静岡県","municipality_name":"沼津市","municipality_code_method":"food_exact_coord"},"geometry":{"type":"Point","coordinates":[138.867728,35.109502]}},{"type":"Feature","properties":{"layer_id":"cafe_restaurant","name":"ブルーウォーター","category":"food","address":"静岡県沼津市魚町１５","source":"厚生労働省 食品衛生申請等システム（オープンデータ）","municipality_code":"22203","municipality_pref":"静岡県","municipality_name":"沼津市","municipality_code_method":"food_exact_coord"},"geometry":{"type":"Point","coordinates":[138.857816758,35.095104177]}},{"type":"Feature","properties":{"layer_id":"cafe_restaurant","name":"八六家","category":"food","address":"静岡県沼津市上土町７２－５","source":"厚生労働省 食品衛生申請等システム（オープンデータ）","municipality_code":"22203","municipality_pref":"静岡県","municipality_name":"沼津市","municipality_code_method":"food_exact_coord"},"geometry":{"type":"Point","coordinates":[138.858109044,35.097858322]}},{"type":"Feature","properties":{"layer_id":"cafe_restaurant","name":"笑福亭","category":"food","address":"静岡県沼津市大手町４－５－１２ うるわしビル１Ｆ","source":"厚生労働省 食品衛生申請等システム（オープンデータ）","municipality_code":"22203","municipality_pref":"静岡県","municipality_name":"沼津市","municipality_code_method":"food_exact_coord"},"geometry":{"type":"Point","coordinates":[138.857984805,35.098511363]}},{"type":"Feature","properties":{"layer_id":"cafe_restaurant","name":"鬼がわら","category":"food","address":"静岡県沼津市上土町３５","source":"厚生労働省 食品衛生申請等システム（オープンデータ）","municipality_code":"22203","municipality_pref":"静岡県","municipality_name":"沼津市","municipality_code_method":"food_exact_coord"},"geometry":{"type":"Point","coordinates":[138.857485841,35.096886234]}},{"type":"Feature","properties":{"layer_id":"cafe_restaurant","name":"ぶらい　（Ｂｌｅｉ）","category":"food","address":"静岡県沼津市添地町６９","source":"厚生労働省 食品衛生申請等システム（オープンデータ）","municipality_code":"22203","municipality_pref":"静岡県","municipality_name":"沼津市","municipality_code_method":"food_exact_coord"},"geometry":{"type":"Point","coordinates":[138.856311,35.100882]}},{"type":"Feature","properties":{"layer_id":"cafe_restaurant","name":"ＳＭＯＫＥ","category":"food","address":"静岡県沼津市大手町５－１３－３ 角田ビル２Ｆ西側","source":"厚生労働省 食品衛生申請等システム（オープンデータ）","municipality_code":"22203","municipality_pref":"静岡県","municipality_name":"沼津市","municipality_code_method":"food_exact_coord"},"geometry":{"type":"Point","coordinates":[138.857083,35.099803]}},{"type":"Feature","properties":{"layer_id":"cafe_restaurant","name":"BAL  Trenta Tre","category":"food","address":"静岡県沼津市大手町5-13-3 角田ビル２F　東側","source":"厚生労働省 食品衛生申請等システム（オープンデータ）","municipality_code":"22203","municipality_pref":"静岡県","municipality_name":"沼津市","municipality_code_method":"food_exact_coord"},"geometry":{"type":"Point","coordinates":[138.857098,35.099751]}},{"type":"Feature","properties":{"layer_id":"cafe_restaurant","name":"夢の中へ","category":"food","address":"静岡県沼津市大手町５－９－１８","source":"厚生労働省 食品衛生申請等システム（オープンデータ）","municipality_code":"22203","municipality_pref":"静岡県","municipality_name":"沼津市","municipality_code_method":"food_exact_coord"},"geometry":{"type":"Point","coordinates":[138.857724121,35.101806001]}},{"type":"Feature","properties":{"layer_id":"cafe_restaurant","name":"ＴＡＶＥＲＮＡ　ＭＡＭＭＡ","category":"food","address":"静岡県沼津市本町３３ 本町マンション１階","source":"厚生労働省 食品衛生申請等システム（オープンデータ）","municipality_code":"22203","municipality_pref":"静岡県","municipality_name":"沼津市","municipality_code_method":"food_exact_coord"},"geometry":{"type":"Point","coordinates":[138.856367332,35.09593511]}},{"type":"Feature","properties":{"layer_id":"cafe_restaurant","name":"けい子","category":"food","address":"静岡県沼津市大岡２４７３－３","source":"厚生労働省 食品衛生申請等システム（オープンデータ）","municipality_code":"22203","municipality_pref":"静岡県","municipality_name":"沼津市","municipality_code_method":"food_exact_coord"},"geometry":{"type":"Point","coordinates":[138.882746,35.121268]}},{"type":"Feature","properties":{"layer_id":"cafe_restaurant","name":"沼津魚市場 社員食堂","category":"food","address":"静岡県沼津市本字千本港口１９０１－１４","source":"厚生労働省 食品衛生申請等システム（オープンデータ）","municipality_code":"22203","municipality_pref":"静岡県","municipality_name":"沼津市","municipality_code_method":"food_exact_coord"},"geometry":{"type":"Point","coordinates":[138.853617382,35.080354398]}},{"type":"Feature","properties":{"layer_id":"cafe_restaurant","name":"茶舎","category":"food","address":"静岡県沼津市八幡町１４４","source":"厚生労働省 食品衛生申請等システム（オープンデータ）","municipality_code":"22203","municipality_pref":"静岡県","municipality_name":"沼津市","municipality_code_method":"food_exact_coord"},"geometry":{"type":"Point","coordinates":[138.855633,35.098022]}},{"type":"Feature","properties":{"layer_id":"cafe_restaurant","name":"アースサポート沼津　食堂　清島食品","category":"food","address":"静岡県沼津市岡宮７５５－１","source":"厚生労働省 食品衛生申請等システム（オープンデータ）","municipality_code":"22203","municipality_pref":"静岡県","municipality_name":"沼津市","municipality_code_method":"food_exact_coord"},"geometry":{"type":"Point","coordinates":[138.867815,35.134492]}},{"type":"Feature","properties":{"layer_id":"cafe_restaurant","name":"とりや花木","category":"food","address":"静岡県沼津市添地町７７","source":"厚生労働省 食品衛生申請等システム（オープンデータ）","municipality_code":"22203","municipality_pref":"静岡県","municipality_name":"沼津市","municipality_code_method":"food_exact_coord"},"geometry":{"type":"Point","coordinates":[138.856311,35.100882]}},{"type":"Feature","properties":{"layer_id":"cafe_restaurant","name":"セブンイレブン沼津岡宮北店","category":"food","address":"静岡県沼津市岡宮１３９２－２","source":"厚生労働省 食品衛生申請等システム（オープンデータ）","municipality_code":"22203","municipality_pref":"静岡県","municipality_name":"沼津市","municipality_code_method":"food_exact_coord"},"geometry":{"type":"Point","coordinates":[138.867815,35.134492]}},{"type":"Feature","properties":{"layer_id":"cafe_restaurant","name":"セブン－イレブン沼津港店","category":"food","address":"静岡県沼津市千本東町３１－１","source":"厚生労働省 食品衛生申請等システム（オープンデータ）","municipality_code":"22203","municipality_pref":"静岡県","municipality_name":"沼津市","municipality_code_method":"food_exact_coord"},"geometry":{"type":"Point","coordinates":[138.85727,35.086717]}},{"type":"Feature","properties":{"layer_id":"cafe_restaurant","name":"５５５ＭＯＴＥＬ　ＮＵＭＡＺＵ　Ⅰ","category":"food","address":"静岡県沼津市足高字尾上２７７－１、－２","source":"厚生労働省 食品衛生申請等システム（オープンデータ）","municipality_code":"22203","municipality_pref":"静岡県","municipality_name":"沼津市","municipality_code_method":"food_exact_coord"},"geometry":{"type":"Point","coordinates":[138.857307,35.156727]}},{"type":"Feature","properties":{"layer_id":"cafe_restaurant","name":"ローソン東名沼津インター西店","category":"food","address":"静岡県沼津市岡宮１２９２－２","source":"厚生労働省 食品衛生申請等システム（オープンデータ）","municipality_code":"22203","municipality_pref":"静岡県","municipality_name":"沼津市","municipality_code_method":"food_exact_coord"},"geometry":{"type":"Point","coordinates":[138.867815,35.134492]}},{"type":"Feature","properties":{"layer_id":"cafe_restaurant","name":"ローソンＢｉＶｉ沼津","category":"food","address":"静岡県沼津市大手町１－１３－９","source":"厚生労働省 食品衛生申請等システム（オープンデータ）","municipality_code":"22203","municipality_pref":"静岡県","municipality_name":"沼津市","municipality_code_method":"food_exact_coord"},"geometry":{"type":"Point","coordinates":[138.860845,35.103435]}},{"type":"Feature","properties":{"layer_id":"cafe_restaurant","name":"ローソン沼津西沢田店","category":"food","address":"静岡県沼津市西沢田３００－１","source":"厚生労働省 食品衛生申請等システム（オープンデータ）","municipality_code":"22203","municipality_pref":"静岡県","municipality_name":"沼津市","municipality_code_method":"food_exact_coord"},"geometry":{"type":"Point","coordinates":[138.845917,35.122541]}},{"type":"Feature","properties":{"layer_id":"cafe_restaurant","name":"罔殆館","category":"food","address":"静岡県沼津市足高２３４－２６","source":"厚生労働省 食品衛生申請等システム（オープンデータ）","municipality_code":"22203","municipality_pref":"静岡県","municipality_name":"沼津市","municipality_code_method":"food_exact_coord"},"geometry":{"type":"Point","coordinates":[138.851013,35.160663]}},{"type":"Feature","properties":{"layer_id":"cafe_restaurant","name":"新沼津カントリークラブクラブハウス","category":"food","address":"静岡県沼津市宮本元野２２３","source":"厚生労働省 食品衛生申請等システム（オープンデータ）","municipality_code":"22203","municipality_pref":"静岡県","municipality_name":"沼津市","municipality_code_method":"food_exact_coord"},"geometry":{"type":"Point","coordinates":[138.828622,35.170957]}},{"type":"Feature","properties":{"layer_id":"cafe_restaurant","name":"新沼津カントリークラブ＃１５コース売店","category":"food","address":"静岡県沼津市宮本元野２２３","source":"厚生労働省 食品衛生申請等システム（オープンデータ）","municipality_code":"22203","municipality_pref":"静岡県","municipality_name":"沼津市","municipality_code_method":"food_exact_coord"},"geometry":{"type":"Point","coordinates":[138.828622,35.170957]}},{"type":"Feature","properties":{"layer_id":"cafe_restaurant","name":"新沼津カントリークラブ＃６コース売店","category":"food","address":"静岡県沼津市宮本元野２２３","source":"厚生労働省 食品衛生申請等システム（オープンデータ）","municipality_code":"22203","municipality_pref":"静岡県","municipality_name":"沼津市","municipality_code_method":"food_exact_coord"},"geometry":{"type":"Point","coordinates":[138.828622,35.170957]}},{"type":"Feature","properties":{"layer_id":"cafe_restaurant","name":"認定こども園しょうえい幼稚園","category":"food","address":"静岡県沼津市大塚８１２－２","source":"厚生労働省 食品衛生申請等システム（オープンデータ）","municipality_code":"22203","municipality_pref":"静岡県","municipality_name":"沼津市","municipality_code_method":"food_exact_coord"},"geometry":{"type":"Point","coordinates":[138.809743,35.125991]}},{"type":"Feature","properties":{"layer_id":"cafe_restaurant","name":"一味フードサービス","category":"food","address":"静岡県沼津市大岡黄瀬川４５－１３","source":"厚生労働省 食品衛生申請等システム（オープンデータ）","municipality_code":"22203","municipality_pref":"静岡県","municipality_name":"沼津市","municipality_code_method":"food_exact_coord"},"geometry":{"type":"Point","coordinates":[138.884147,35.106128]}},{"type":"Feature","properties":{"layer_id":"cafe_restaurant","name":"有限会社　フランドル　松屋","category":"food","address":"静岡県沼津市原３９６－１","source":"厚生労働省 食品衛生申請等システム（オープンデータ）","municipality_code":"22203","municipality_pref":"静岡県","municipality_name":"沼津市","municipality_code_method":"food_exact_coord"},"geometry":{"type":"Point","coordinates":[138.794429547,35.125471098]}},{"type":"Feature","properties":{"layer_id":"cafe_restaurant","name":"スマル亭沼津グルメ街道店","category":"food","address":"静岡県沼津市岡一色４４４","source":"厚生労働省 食品衛生申請等システム（オープンデータ）","municipality_code":"22203","municipality_pref":"静岡県","municipality_name":"沼津市","municipality_code_method":"food_exact_coord"},"geometry":{"type":"Point","coordinates":[138.876716,35.132911]}},{"type":"Feature","properties":{"layer_id":"cafe_restaurant","name":"めし処　晶","category":"food","address":"静岡県沼津市岡一色４６９","source":"厚生労働省 食品衛生申請等システム（オープンデータ）","municipality_code":"22203","municipality_pref":"静岡県","municipality_name":"沼津市","municipality_code_method":"food_exact_coord"},"geometry":{"type":"Point","coordinates":[138.876716,35.132911]}},{"type":"Feature","properties":{"layer_id":"cafe_restaurant","name":"セブン－イレブン 沼津岡宮東店","category":"food","address":"静岡県沼津市岡宮１００３－１（区画１９、画地７）","source":"厚生労働省 食品衛生申請等システム（オープンデータ）","municipality_code":"22203","municipality_pref":"静岡県","municipality_name":"沼津市","municipality_code_method":"food_exact_coord"},"geometry":{"type":"Point","coordinates":[138.871639,35.131074]}},{"type":"Feature","properties":{"layer_id":"cafe_restaurant","name":"株式会社　渡辺精肉店","category":"food","address":"静岡県沼津市原３４５","source":"厚生労働省 食品衛生申請等システム（オープンデータ）","municipality_code":"22203","municipality_pref":"静岡県","municipality_name":"沼津市","municipality_code_method":"food_exact_coord"},"geometry":{"type":"Point","coordinates":[138.795094,35.126001]}},{"type":"Feature","properties":{"layer_id":"cafe_restaurant","name":"焼肉わたなべ","category":"food","address":"静岡県沼津市米山町1-14","source":"厚生労働省 食品衛生申請等システム（オープンデータ）","municipality_code":"22203","municipality_pref":"静岡県","municipality_name":"沼津市","municipality_code_method":"food_exact_coord"},"geometry":{"type":"Point","coordinates":[138.861943,35.105399]}},{"type":"Feature","properties":{"layer_id":"cafe_restaurant","name":"Ｓｗｉｎｇ　Ｃｏｆｆｅｅ　Ｓｔａｎｄ","category":"food","address":"静岡県沼津市御幸町１９－５","source":"厚生労働省 食品衛生申請等システム（オープンデータ）","municipality_code":"22203","municipality_pref":"静岡県","municipality_name":"沼津市","municipality_code_method":"food_exact_coord"},"geometry":{"type":"Point","coordinates":[138.863505412,35.094628817]}},{"type":"Feature","properties":{"layer_id":"cafe_restaurant","name":"クラブ　ミセル","category":"food","address":"静岡県沼津市西条町１２０ 向日葵ＢＬＤ１Ｆ","source":"厚生労働省 食品衛生申請等システム（オープンデータ）","municipality_code":"22203","municipality_pref":"静岡県","municipality_name":"沼津市","municipality_code_method":"food_exact_coord"},"geometry":{"type":"Point","coordinates":[138.854669688,35.100686767]}},{"type":"Feature","properties":{"layer_id":"cafe_restaurant","name":"ペルメニィー","category":"food","address":"静岡県沼津市筒井町７－１０","source":"厚生労働省 食品衛生申請等システム（オープンデータ）","municipality_code":"22203","municipality_pref":"静岡県","municipality_name":"沼津市","municipality_code_method":"food_exact_coord"},"geometry":{"type":"Point","coordinates":[138.863999,35.119965]}},{"type":"Feature","properties":{"layer_id":"cafe_restaurant","name":"豊亭","category":"food","address":"静岡県沼津市添地町１３５","source":"厚生労働省 食品衛生申請等システム（オープンデータ）","municipality_code":"22203","municipality_pref":"静岡県","municipality_name":"沼津市","municipality_code_method":"food_exact_coord"},"geometry":{"type":"Point","coordinates":[138.856311,35.100882]}},{"type":"Feature","properties":{"layer_id":"cafe_restaurant","name":"セブン－イレブン沼津熊堂店","category":"food","address":"静岡県沼津市西熊堂７７３－１","source":"厚生労働省 食品衛生申請等システム（オープンデータ）","municipality_code":"22203","municipality_pref":"静岡県","municipality_name":"沼津市","municipality_code_method":"food_exact_coord"},"geometry":{"type":"Point","coordinates":[138.85926,35.12424]}},{"type":"Feature","properties":{"layer_id":"cafe_restaurant","name":"Ｍ’Ｓキッチン","category":"food","address":"静岡県沼津市新宿町２－１１","source":"厚生労働省 食品衛生申請等システム（オープンデータ）","municipality_code":"22203","municipality_pref":"静岡県","municipality_name":"沼津市","municipality_code_method":"food_exact_coord"},"geometry":{"type":"Point","coordinates":[138.859897,35.106377]}},{"type":"Feature","properties":{"layer_id":"cafe_restaurant","name":"寿々喜","category":"food","address":"静岡県沼津市白銀町４８９－１１","source":"厚生労働省 食品衛生申請等システム（オープンデータ）","municipality_code":"22203","municipality_pref":"静岡県","municipality_name":"沼津市","municipality_code_method":"food_exact_coord"},"geometry":{"type":"Point","coordinates":[138.853275,35.100846]}},{"type":"Feature","properties":{"layer_id":"cafe_restaurant","name":"ＢＡＲ　Ｋｉｎｇ　Ｋｏｎｇ","category":"food","address":"静岡県沼津市新宿町２－１５ サンコーポ新宿１０１号","source":"厚生労働省 食品衛生申請等システム（オープンデータ）","municipality_code":"22203","municipality_pref":"静岡県","municipality_name":"沼津市","municipality_code_method":"food_exact_coord"},"geometry":{"type":"Point","coordinates":[138.859803,35.107539]}},{"type":"Feature","properties":{"layer_id":"cafe_restaurant","name":"うなぎ岩ほり","category":"food","address":"静岡県沼津市添地町１４１","source":"厚生労働省 食品衛生申請等システム（オープンデータ）","municipality_code":"22203","municipality_pref":"静岡県","municipality_name":"沼津市","municipality_code_method":"food_exact_coord"},"geometry":{"type":"Point","coordinates":[138.856311,35.100882]}},{"type":"Feature","properties":{"layer_id":"cafe_restaurant","name":"タンジール","category":"food","address":"静岡県沼津市西条町１１７ パークビル１１７　１０６号室","source":"厚生労働省 食品衛生申請等システム（オープンデータ）","municipality_code":"22203","municipality_pref":"静岡県","municipality_name":"沼津市","municipality_code_method":"food_exact_coord"},"geometry":{"type":"Point","coordinates":[138.85474344,35.100533109]}},{"type":"Feature","properties":{"layer_id":"cafe_restaurant","name":"弐／弐","category":"food","address":"静岡県沼津市新宿町１９－１ パスコグランドマンション新沼津１Ｆ　１０８","source":"厚生労働省 食品衛生申請等システム（オープンデータ）","municipality_code":"22203","municipality_pref":"静岡県","municipality_name":"沼津市","municipality_code_method":"food_exact_coord"},"geometry":{"type":"Point","coordinates":[138.859803,35.107539]}},{"type":"Feature","properties":{"layer_id":"cafe_restaurant","name":"ＣＨＵＺＩ｀Ｓ","category":"food","address":"静岡県沼津市西条町３３","source":"厚生労働省 食品衛生申請等システム（オープンデータ）","municipality_code":"22203","municipality_pref":"静岡県","municipality_name":"沼津市","municipality_code_method":"food_exact_coord"},"geometry":{"type":"Point","coordinates":[138.855065259,35.101558293]}},{"type":"Feature","properties":{"layer_id":"cafe_restaurant","name":"ボトルハウス　銀の鈴","category":"food","address":"静岡県沼津市西条町１１７ パークビル１１７","source":"厚生労働省 食品衛生申請等システム（オープンデータ）","municipality_code":"22203","municipality_pref":"静岡県","municipality_name":"沼津市","municipality_code_method":"food_exact_coord"},"geometry":{"type":"Point","coordinates":[138.85474344,35.100533109]}},{"type":"Feature","properties":{"layer_id":"cafe_restaurant","name":"ＣＬＵＢ　Ｄｉｖａ","category":"food","address":"静岡県沼津市西条町１２０ 西条ビル２階","source":"厚生労働省 食品衛生申請等システム（オープンデータ）","municipality_code":"22203","municipality_pref":"静岡県","municipality_name":"沼津市","municipality_code_method":"food_exact_coord"},"geometry":{"type":"Point","coordinates":[138.854669688,35.100686767]}},{"type":"Feature","properties":{"layer_id":"cafe_restaurant","name":"寿司の横綱","category":"food","address":"静岡県沼津市西条町１５９","source":"厚生労働省 食品衛生申請等システム（オープンデータ）","municipality_code":"22203","municipality_pref":"静岡県","municipality_name":"沼津市","municipality_code_method":"food_exact_coord"},"geometry":{"type":"Point","coordinates":[138.855506922,35.099987991]}},{"type":"Feature","properties":{"layer_id":"cafe_restaurant","name":"ぷーさん","category":"food","address":"静岡県沼津市添地町１０５","source":"厚生労働省 食品衛生申請等システム（オープンデータ）","municipality_code":"22203","municipality_pref":"静岡県","municipality_name":"沼津市","municipality_code_method":"food_exact_coord"},"geometry":{"type":"Point","coordinates":[138.856311,35.100882]}},{"type":"Feature","properties":{"layer_id":"cafe_restaurant","name":"レストランテピリピリ","category":"food","address":"静岡県沼津市北高島町４－３５","source":"厚生労働省 食品衛生申請等システム（オープンデータ）","municipality_code":"22203","municipality_pref":"静岡県","municipality_name":"沼津市","municipality_code_method":"food_exact_coord"},"geometry":{"type":"Point","coordinates":[138.859598296,35.111185351]}},{"type":"Feature","properties":{"layer_id":"cafe_restaurant","name":"竹とんぼ","category":"food","address":"静岡県沼津市新宿町４－１０","source":"厚生労働省 食品衛生申請等システム（オープンデータ）","municipality_code":"22203","municipality_pref":"静岡県","municipality_name":"沼津市","municipality_code_method":"food_exact_coord"},"geometry":{"type":"Point","coordinates":[138.859803,35.107539]}},{"type":"Feature","properties":{"layer_id":"cafe_restaurant","name":"男の椅子","category":"food","address":"静岡県沼津市上土町４５ ワールドビルⅠ　２階","source":"厚生労働省 食品衛生申請等システム（オープンデータ）","municipality_code":"22203","municipality_pref":"静岡県","municipality_name":"沼津市","municipality_code_method":"food_exact_coord"},"geometry":{"type":"Point","coordinates":[138.857491466,35.097093968]}},{"type":"Feature","properties":{"layer_id":"cafe_restaurant","name":"Ｏｕｂｌｉｅｒ","category":"food","address":"静岡県沼津市大手町２－３－１８","source":"厚生労働省 食品衛生申請等システム（オープンデータ）","municipality_code":"22203","municipality_pref":"静岡県","municipality_name":"沼津市","municipality_code_method":"food_exact_coord"},"geometry":{"type":"Point","coordinates":[138.862083652,35.101266253]}},{"type":"Feature","properties":{"layer_id":"cafe_restaurant","name":"ＭＡＴＡＨＡＲＩ","category":"food","address":"静岡県沼津市三芳町１－２８","source":"厚生労働省 食品衛生申請等システム（オープンデータ）","municipality_code":"22203","municipality_pref":"静岡県","municipality_name":"沼津市","municipality_code_method":"food_exact_coord"},"geometry":{"type":"Point","coordinates":[138.863818865,35.10236657]}},{"type":"Feature","properties":{"layer_id":"cafe_restaurant","name":"祇園","category":"food","address":"静岡県沼津市大手町１－２－７","source":"厚生労働省 食品衛生申請等システム（オープンデータ）","municipality_code":"22203","municipality_pref":"静岡県","municipality_name":"沼津市","municipality_code_method":"food_exact_coord"},"geometry":{"type":"Point","coordinates":[138.861329,35.102747]}},{"type":"Feature","properties":{"layer_id":"cafe_restaurant","name":"味のもいせ","category":"food","address":"静岡県沼津市大手町５－１３－４","source":"厚生労働省 食品衛生申請等システム（オープンデータ）","municipality_code":"22203","municipality_pref":"静岡県","municipality_name":"沼津市","municipality_code_method":"food_exact_coord"},"geometry":{"type":"Point","coordinates":[138.85709,35.09971]}},{"type":"Feature","properties":{"layer_id":"cafe_restaurant","name":"弥次喜多　平町店","category":"food","address":"静岡県沼津市平町１８－１１","source":"厚生労働省 食品衛生申請等システム（オープンデータ）","municipality_code":"22203","municipality_pref":"静岡県","municipality_name":"沼津市","municipality_code_method":"food_exact_coord"},"geometry":{"type":"Point","coordinates":[138.868573,35.099665]}},{"type":"Feature","properties":{"layer_id":"cafe_restaurant","name":"うなよし上土店","category":"food","address":"静岡県沼津市上土町７２－５","source":"厚生労働省 食品衛生申請等システム（オープンデータ）","municipality_code":"22203","municipality_pref":"静岡県","municipality_name":"沼津市","municipality_code_method":"food_exact_coord"},"geometry":{"type":"Point","coordinates":[138.858109044,35.097858322]}},{"type":"Feature","properties":{"layer_id":"cafe_restaurant","name":"ＳＯＢＡＲＬＵ","category":"food","address":"静岡県沼津市大手町２－７－１９ パティオ・モアマンションＢ１Ｆ","source":"厚生労働省 食品衛生申請等システム（オープンデータ）","municipality_code":"22203","municipality_pref":"静岡県","municipality_name":"沼津市","municipality_code_method":"food_exact_coord"},"geometry":{"type":"Point","coordinates":[138.861888137,35.100639234]}},{"type":"Feature","properties":{"layer_id":"cafe_restaurant","name":"SOBARLU","category":"food","address":"静岡県沼津市大手町３丁目6－10 沼津駅前ビル１F","source":"厚生労働省 食品衛生申請等システム（オープンデータ）","municipality_code":"22203","municipality_pref":"静岡県","municipality_name":"沼津市","municipality_code_method":"food_exact_coord"},"geometry":{"type":"Point","coordinates":[138.860905,35.100796]}},{"type":"Feature","properties":{"layer_id":"cafe_restaurant","name":"恋恋","category":"food","address":"静岡県沼津市大手町１－２－５","source":"厚生労働省 食品衛生申請等システム（オープンデータ）","municipality_code":"22203","municipality_pref":"静岡県","municipality_name":"沼津市","municipality_code_method":"food_exact_coord"},"geometry":{"type":"Point","coordinates":[138.861204077,35.102562654]}},{"type":"Feature","properties":{"layer_id":"cafe_restaurant","name":"Archipelago Roastery","category":"food","address":"静岡県沼津市戸田1588-3","source":"厚生労働省 食品衛生申請等システム（オープンデータ）","municipality_code":"22203","municipality_pref":"静岡県","municipality_name":"沼津市","municipality_code_method":"food_exact_coord"},"geometry":{"type":"Point","coordinates":[138.792738,34.971053]}},{"type":"Feature","properties":{"layer_id":"cafe_restaurant","name":"Ｄｅａｒ","category":"food","address":"静岡県沼津市添地町１５９ 戦国ビル２Ｆ","source":"厚生労働省 食品衛生申請等システム（オープンデータ）","municipality_code":"22203","municipality_pref":"静岡県","municipality_name":"沼津市","municipality_code_method":"food_exact_coord"},"geometry":{"type":"Point","coordinates":[138.856311,35.100882]}},{"type":"Feature","properties":{"layer_id":"cafe_restaurant","name":"海女の台所","category":"food","address":"静岡県沼津市千本港町８０","source":"厚生労働省 食品衛生申請等システム（オープンデータ）","municipality_code":"22203","municipality_pref":"静岡県","municipality_name":"沼津市","municipality_code_method":"food_exact_coord"},"geometry":{"type":"Point","coordinates":[138.858492,35.083692]}},{"type":"Feature","properties":{"layer_id":"cafe_restaurant","name":"五鉄","category":"food","address":"静岡県沼津市千本港町１２１－２","source":"厚生労働省 食品衛生申請等システム（オープンデータ）","municipality_code":"22203","municipality_pref":"静岡県","municipality_name":"沼津市","municipality_code_method":"food_exact_coord"},"geometry":{"type":"Point","coordinates":[138.857945,35.082432]}},{"type":"Feature","properties":{"layer_id":"cafe_restaurant","name":"天丼　五鉄","category":"food","address":"静岡県沼津市千本港町124 潮さい市場1F","source":"厚生労働省 食品衛生申請等システム（オープンデータ）","municipality_code":"22203","municipality_pref":"静岡県","municipality_name":"沼津市","municipality_code_method":"food_exact_coord"},"geometry":{"type":"Point","coordinates":[138.857938,35.081957]}},{"type":"Feature","properties":{"layer_id":"cafe_restaurant","name":"港のカキセンター　カキ小屋","category":"food","address":"静岡県沼津市千本港町９７","source":"厚生労働省 食品衛生申請等システム（オープンデータ）","municipality_code":"22203","municipality_pref":"静岡県","municipality_name":"沼津市","municipality_code_method":"food_exact_coord"},"geometry":{"type":"Point","coordinates":[138.857819,35.083490499999996]}},{"type":"Feature","properties":{"layer_id":"cafe_restaurant","name":"生活協同組合ユーコープ  新沢田店","category":"food","address":"静岡県沼津市新沢田町2-43","source":"厚生労働省 食品衛生申請等システム（オープンデータ）","municipality_code":"22203","municipality_pref":"静岡県","municipality_name":"沼津市","municipality_code_method":"food_exact_coord"},"geometry":{"type":"Point","coordinates":[138.853509,35.117489]}},{"type":"Feature","properties":{"layer_id":"cafe_restaurant","name":"ホテルＡＩ Ｎｅｘｔ","category":"food","address":"静岡県沼津市足高字尾上３６８－１０，－１１","source":"厚生労働省 食品衛生申請等システム（オープンデータ）","municipality_code":"22203","municipality_pref":"静岡県","municipality_name":"沼津市","municipality_code_method":"food_exact_coord"},"geometry":{"type":"Point","coordinates":[138.851013,35.160663]}},{"type":"Feature","properties":{"layer_id":"cafe_restaurant","name":"ホテルＡＩ","category":"food","address":"静岡県沼津市足高２８８－１","source":"厚生労働省 食品衛生申請等システム（オープンデータ）","municipality_code":"22203","municipality_pref":"静岡県","municipality_name":"沼津市","municipality_code_method":"food_exact_coord"},"geometry":{"type":"Point","coordinates":[138.851013,35.160663]}},{"type":"Feature","properties":{"layer_id":"cafe_restaurant","name":"鳥よし　はなれ","category":"food","address":"静岡県沼津市添地町１１７ 半田ビル１階","source":"厚生労働省 食品衛生申請等システム（オープンデータ）","municipality_code":"22203","municipality_pref":"静岡県","municipality_name":"沼津市","municipality_code_method":"food_exact_coord"},"geometry":{"type":"Point","coordinates":[138.856004,35.100867]}},{"type":"Feature","properties":{"layer_id":"cafe_restaurant","name":"バールカフェ　ｔｓｕｂａｓａ","category":"food","address":"静岡県沼津市高島町２８－１５ 秋山ビル１Ｆ","source":"厚生労働省 食品衛生申請等システム（オープンデータ）","municipality_code":"22203","municipality_pref":"静岡県","municipality_name":"沼津市","municipality_code_method":"food_exact_coord"},"geometry":{"type":"Point","coordinates":[138.858225714,35.106147674]}},{"type":"Feature","properties":{"layer_id":"cafe_restaurant","name":"蓮.TETSU","category":"food","address":"静岡県沼津市上土町１２ 東方ビル２Ｆ","source":"厚生労働省 食品衛生申請等システム（オープンデータ）","municipality_code":"22203","municipality_pref":"静岡県","municipality_name":"沼津市","municipality_code_method":"food_exact_coord"},"geometry":{"type":"Point","coordinates":[138.858826,35.097375]}},{"type":"Feature","properties":{"layer_id":"cafe_restaurant","name":"住宅型有料老人ホームベストライフ沼津Ⅱ","category":"food","address":"静岡県沼津市西間門４７０－１","source":"厚生労働省 食品衛生申請等システム（オープンデータ）","municipality_code":"22203","municipality_pref":"静岡県","municipality_name":"沼津市","municipality_code_method":"food_exact_coord"},"geometry":{"type":"Point","coordinates":[138.842767,35.104377]}},{"type":"Feature","properties":{"layer_id":"cafe_restaurant","name":"ベストライフ沼津","category":"food","address":"静岡県沼津市西間門４８２－１","source":"厚生労働省 食品衛生申請等システム（オープンデータ）","municipality_code":"22203","municipality_pref":"静岡県","municipality_name":"沼津市","municipality_code_method":"food_exact_coord"},"geometry":{"type":"Point","coordinates":[138.842767,35.104377]}},{"type":"Feature","properties":{"layer_id":"cafe_restaurant","name":"ココチホテル沼津 和ダイニング安吉炭火カウンター","category":"food","address":"静岡県沼津市高島町１－１２","source":"厚生労働省 食品衛生申請等システム（オープンデータ）","municipality_code":"22203","municipality_pref":"静岡県","municipality_name":"沼津市","municipality_code_method":"food_exact_coord"},"geometry":{"type":"Point","coordinates":[138.858881,35.104171]}},{"type":"Feature","properties":{"layer_id":"cafe_restaurant","name":"ココチホテル沼津 和ダイニング安吉主厨房","category":"food","address":"静岡県沼津市高島町１－１２","source":"厚生労働省 食品衛生申請等システム（オープンデータ）","municipality_code":"22203","municipality_pref":"静岡県","municipality_name":"沼津市","municipality_code_method":"food_exact_coord"},"geometry":{"type":"Point","coordinates":[138.858881,35.104171]}},{"type":"Feature","properties":{"layer_id":"cafe_restaurant","name":"Ｆｉｓｈｍａｒｋｅｔ　Ｔａｐｒｏｏｍ","category":"food","address":"静岡県沼津市千本港町１９－４","source":"厚生労働省 食品衛生申請等システム（オープンデータ）","municipality_code":"22203","municipality_pref":"静岡県","municipality_name":"沼津市","municipality_code_method":"food_exact_coord"},"geometry":{"type":"Point","coordinates":[138.857888,35.08368]}},{"type":"Feature","properties":{"layer_id":"cafe_restaurant","name":"天ぷら 旬海","category":"food","address":"静岡県沼津市高島町５－１１ ホテルＷＥＳＴ","source":"厚生労働省 食品衛生申請等システム（オープンデータ）","municipality_code":"22203","municipality_pref":"静岡県","municipality_name":"沼津市","municipality_code_method":"food_exact_coord"},"geometry":{"type":"Point","coordinates":[138.859379241,35.105255707]}},{"type":"Feature","properties":{"layer_id":"cafe_restaurant","name":"なな輝","category":"food","address":"静岡県沼津市千本港町１０９ ダイノブセンター１階","source":"厚生労働省 食品衛生申請等システム（オープンデータ）","municipality_code":"22203","municipality_pref":"静岡県","municipality_name":"沼津市","municipality_code_method":"food_exact_coord"},"geometry":{"type":"Point","coordinates":[138.857888,35.08368]}},{"type":"Feature","properties":{"layer_id":"cafe_restaurant","name":"ＣＡＶＥＲＮ","category":"food","address":"静岡県沼津市高島町４－１２ シティハイツＭ　１Ｆ北","source":"厚生労働省 食品衛生申請等システム（オープンデータ）","municipality_code":"22203","municipality_pref":"静岡県","municipality_name":"沼津市","municipality_code_method":"food_exact_coord"},"geometry":{"type":"Point","coordinates":[138.859035,35.105248]}},{"type":"Feature","properties":{"layer_id":"cafe_restaurant","name":"セブン－イレブン沼津リコー通り店","category":"food","address":"静岡県沼津市高島町３－１１","source":"厚生労働省 食品衛生申請等システム（オープンデータ）","municipality_code":"22203","municipality_pref":"静岡県","municipality_name":"沼津市","municipality_code_method":"food_exact_coord"},"geometry":{"type":"Point","coordinates":[138.858709819,35.10534083]}},{"type":"Feature","properties":{"layer_id":"cafe_restaurant","name":"セブンイレブン沼津大岡西店","category":"food","address":"静岡県沼津市大岡８７９－１","source":"厚生労働省 食品衛生申請等システム（オープンデータ）","municipality_code":"22203","municipality_pref":"静岡県","municipality_name":"沼津市","municipality_code_method":"food_exact_coord"},"geometry":{"type":"Point","coordinates":[138.882746,35.121268]}},{"type":"Feature","properties":{"layer_id":"cafe_restaurant","name":"セブン－イレブン　沼津下香貫店","category":"food","address":"静岡県沼津市下香貫西村１４６１－１","source":"厚生労働省 食品衛生申請等システム（オープンデータ）","municipality_code":"22203","municipality_pref":"静岡県","municipality_name":"沼津市","municipality_code_method":"food_exact_coord"},"geometry":{"type":"Point","coordinates":[138.871139,35.081561]}},{"type":"Feature","properties":{"layer_id":"cafe_restaurant","name":"有限会社真智酒店","category":"food","address":"静岡県沼津市添地町７０","source":"厚生労働省 食品衛生申請等システム（オープンデータ）","municipality_code":"22203","municipality_pref":"静岡県","municipality_name":"沼津市","municipality_code_method":"food_exact_coord"},"geometry":{"type":"Point","coordinates":[138.856311,35.100882]}},{"type":"Feature","properties":{"layer_id":"cafe_restaurant","name":"鉄板！あした葉","category":"food","address":"静岡県沼津市高島町２１－１ 佐藤ビル１・２Ｆ","source":"厚生労働省 食品衛生申請等システム（オープンデータ）","municipality_code":"22203","municipality_pref":"静岡県","municipality_name":"沼津市","municipality_code_method":"food_exact_coord"},"geometry":{"type":"Point","coordinates":[138.857958,35.104645]}},{"type":"Feature","properties":{"layer_id":"cafe_restaurant","name":"ホルモンももこ","category":"food","address":"静岡県沼津市大手町3-6-25-1F","source":"厚生労働省 食品衛生申請等システム（オープンデータ）","municipality_code":"22203","municipality_pref":"静岡県","municipality_name":"沼津市","municipality_code_method":"food_exact_coord"},"geometry":{"type":"Point","coordinates":[138.86015,35.100651]}},{"type":"Feature","properties":{"layer_id":"cafe_restaurant","name":"お肉とお野菜　あした葉","category":"food","address":"静岡県沼津市大手町3-5-25","source":"厚生労働省 食品衛生申請等システム（オープンデータ）","municipality_code":"22203","municipality_pref":"静岡県","municipality_name":"沼津市","municipality_code_method":"food_exact_coord"},"geometry":{"type":"Point","coordinates":[138.859413,35.100912]}},{"type":"Feature","properties":{"layer_id":"cafe_restaurant","name":"あした葉　キッチンカー","category":"food","address":"静岡県沼津市高島町21-11","source":"厚生労働省 食品衛生申請等システム（オープンデータ）","municipality_code":"22203","municipality_pref":"静岡県","municipality_name":"沼津市","municipality_code_method":"food_exact_coord"},"geometry":{"type":"Point","coordinates":[138.857839,35.105179]}},{"type":"Feature","properties":{"layer_id":"cafe_restaurant","name":"大衆酒場たばちゃん","category":"food","address":"静岡県沼津市高島町２１－２０","source":"厚生労働省 食品衛生申請等システム（オープンデータ）","municipality_code":"22203","municipality_pref":"静岡県","municipality_name":"沼津市","municipality_code_method":"food_exact_coord"},"geometry":{"type":"Point","coordinates":[138.858018,35.105332]}},{"type":"Feature","properties":{"layer_id":"cafe_restaurant","name":"極生アジフライと踊りぶし　あした葉","category":"food","address":"静岡県沼津市千本港町115-4","source":"厚生労働省 食品衛生申請等システム（オープンデータ）","municipality_code":"22203","municipality_pref":"静岡県","municipality_name":"沼津市","municipality_code_method":"food_exact_coord"},"geometry":{"type":"Point","coordinates":[138.858554,35.082175]}},{"type":"Feature","properties":{"layer_id":"cafe_restaurant","name":"ホルモンまっちゃん","category":"food","address":"静岡県沼津市高島町21-24","source":"厚生労働省 食品衛生申請等システム（オープンデータ）","municipality_code":"22203","municipality_pref":"静岡県","municipality_name":"沼津市","municipality_code_method":"food_exact_coord"},"geometry":{"type":"Point","coordinates":[138.857984,35.10502]}},{"type":"Feature","properties":{"layer_id":"cafe_restaurant","name":"炭火焼鳥　あした葉","category":"food","address":"静岡県沼津市高島町7-4 第二アルビビル1F","source":"厚生労働省 食品衛生申請等システム（オープンデータ）","municipality_code":"22203","municipality_pref":"静岡県","municipality_name":"沼津市","municipality_code_method":"food_exact_coord"},"geometry":{"type":"Point","coordinates":[138.859696,35.105184]}},{"type":"Feature","properties":{"layer_id":"cafe_restaurant","name":"串八","category":"food","address":"静岡県沼津市今沢２５６－１１","source":"厚生労働省 食品衛生申請等システム（オープンデータ）","municipality_code":"22203","municipality_pref":"静岡県","municipality_name":"沼津市","municipality_code_method":"food_exact_coord"},"geometry":{"type":"Point","coordinates":[138.819367963,35.118320018]}},{"type":"Feature","properties":{"layer_id":"cafe_restaurant","name":"からあげ　みさき","category":"food","address":"静岡県沼津市今沢３６２－１","source":"厚生労働省 食品衛生申請等システム（オープンデータ）","municipality_code":"22203","municipality_pref":"静岡県","municipality_name":"沼津市","municipality_code_method":"food_exact_coord"},"geometry":{"type":"Point","coordinates":[138.814292,35.11947]}},{"type":"Feature","properties":{"layer_id":"cafe_restaurant","name":"花鳥","category":"food","address":"静岡県沼津市小諏訪２１７－９","source":"厚生労働省 食品衛生申請等システム（オープンデータ）","municipality_code":"22203","municipality_pref":"静岡県","municipality_name":"沼津市","municipality_code_method":"food_exact_coord"},"geometry":{"type":"Point","coordinates":[138.839131,35.106388]}},{"type":"Feature","properties":{"layer_id":"cafe_restaurant","name":"ｃａｆｅ　Ｇｒｅｅｎ","category":"food","address":"静岡県沼津市大諏訪２０２","source":"厚生労働省 食品衛生申請等システム（オープンデータ）","municipality_code":"22203","municipality_pref":"静岡県","municipality_name":"沼津市","municipality_code_method":"food_exact_coord"},"geometry":{"type":"Point","coordinates":[138.826635,35.112805]}},{"type":"Feature","properties":{"layer_id":"cafe_restaurant","name":"Ｈｅａｒｔｂｅａｔ","category":"food","address":"静岡県沼津市高島町１７－１ 朝陽ビル２階","source":"厚生労働省 食品衛生申請等システム（オープンデータ）","municipality_code":"22203","municipality_pref":"静岡県","municipality_name":"沼津市","municipality_code_method":"food_exact_coord"},"geometry":{"type":"Point","coordinates":[138.85769675,35.103658512]}},{"type":"Feature","properties":{"layer_id":"cafe_restaurant","name":"Ｂ　Ｐａｎ","category":"food","address":"静岡県沼津市高島町１７－１４","source":"厚生労働省 食品衛生申請等システム（オープンデータ）","municipality_code":"22203","municipality_pref":"静岡県","municipality_name":"沼津市","municipality_code_method":"food_exact_coord"},"geometry":{"type":"Point","coordinates":[138.857031513,35.104075921]}},{"type":"Feature","properties":{"layer_id":"cafe_restaurant","name":"繁乃家","category":"food","address":"静岡県沼津市旭町52","source":"厚生労働省 食品衛生申請等システム（オープンデータ）","municipality_code":"22203","municipality_pref":"静岡県","municipality_name":"沼津市","municipality_code_method":"food_exact_coord"},"geometry":{"type":"Point","coordinates":[138.854334741,35.093575877]}},{"type":"Feature","properties":{"layer_id":"cafe_restaurant","name":"みその","category":"food","address":"静岡県沼津市高島町１７－１４","source":"厚生労働省 食品衛生申請等システム（オープンデータ）","municipality_code":"22203","municipality_pref":"静岡県","municipality_name":"沼津市","municipality_code_method":"food_exact_coord"},"geometry":{"type":"Point","coordinates":[138.857031513,35.104075921]}},{"type":"Feature","properties":{"layer_id":"cafe_restaurant","name":"ホテル　シエル","category":"food","address":"静岡県沼津市足高３０５－６，－７，－８","source":"厚生労働省 食品衛生申請等システム（オープンデータ）","municipality_code":"22203","municipality_pref":"静岡県","municipality_name":"沼津市","municipality_code_method":"food_exact_coord"},"geometry":{"type":"Point","coordinates":[138.851013,35.160663]}},{"type":"Feature","properties":{"layer_id":"cafe_restaurant","name":"大長今","category":"food","address":"静岡県沼津市高島町２４－２３ 大嶽ビル１０１号","source":"厚生労働省 食品衛生申請等システム（オープンデータ）","municipality_code":"22203","municipality_pref":"静岡県","municipality_name":"沼津市","municipality_code_method":"food_exact_coord"},"geometry":{"type":"Point","coordinates":[138.857062839,35.105475081]}},{"type":"Feature","properties":{"layer_id":"cafe_restaurant","name":"ひとめぼれ","category":"food","address":"静岡県沼津市高島町２２－１６","source":"厚生労働省 食品衛生申請等システム（オープンデータ）","municipality_code":"22203","municipality_pref":"静岡県","municipality_name":"沼津市","municipality_code_method":"food_exact_coord"},"geometry":{"type":"Point","coordinates":[138.857444853,35.105432956]}},{"type":"Feature","properties":{"layer_id":"cafe_restaurant","name":"楽酒房みのり","category":"food","address":"静岡県沼津市町方町１９","source":"厚生労働省 食品衛生申請等システム（オープンデータ）","municipality_code":"22203","municipality_pref":"静岡県","municipality_name":"沼津市","municipality_code_method":"food_exact_coord"},"geometry":{"type":"Point","coordinates":[138.857345192,35.09803616]}},{"type":"Feature","properties":{"layer_id":"cafe_restaurant","name":"居酒屋　羅紗","category":"food","address":"静岡県沼津市原町中３－１０－６","source":"厚生労働省 食品衛生申請等システム（オープンデータ）","municipality_code":"22203","municipality_pref":"静岡県","municipality_name":"沼津市","municipality_code_method":"food_exact_coord"},"geometry":{"type":"Point","coordinates":[138.801038,35.132334]}},{"type":"Feature","properties":{"layer_id":"cafe_restaurant","name":"静雲荘","category":"food","address":"静岡県沼津市高島町２４－１８","source":"厚生労働省 食品衛生申請等システム（オープンデータ）","municipality_code":"22203","municipality_pref":"静岡県","municipality_name":"沼津市","municipality_code_method":"food_exact_coord"},"geometry":{"type":"Point","coordinates":[138.856528639,35.10551843]}},{"type":"Feature","properties":{"layer_id":"cafe_restaurant","name":"カジュアルクラブ　ベガ","category":"food","address":"静岡県沼津市高島町１９－６ スズケンビル２階","source":"厚生労働省 食品衛生申請等システム（オープンデータ）","municipality_code":"22203","municipality_pref":"静岡県","municipality_name":"沼津市","municipality_code_method":"food_exact_coord"},"geometry":{"type":"Point","coordinates":[138.856344236,35.104171833]}},{"type":"Feature","properties":{"layer_id":"cafe_restaurant","name":"居酒屋あんず","category":"food","address":"静岡県沼津市高島町１８－２２高砂横丁","source":"厚生労働省 食品衛生申請等システム（オープンデータ）","municipality_code":"22203","municipality_pref":"静岡県","municipality_name":"沼津市","municipality_code_method":"food_exact_coord"},"geometry":{"type":"Point","coordinates":[138.856554753,35.104122431]}},{"type":"Feature","properties":{"layer_id":"cafe_restaurant","name":"カフェ ｍａｇｇｉｏ","category":"food","address":"静岡県沼津市大諏訪７２６－１","source":"厚生労働省 食品衛生申請等システム（オープンデータ）","municipality_code":"22203","municipality_pref":"静岡県","municipality_name":"沼津市","municipality_code_method":"food_exact_coord"},"geometry":{"type":"Point","coordinates":[138.831772,35.111793]}},{"type":"Feature","properties":{"layer_id":"cafe_restaurant","name":"串焼き　だもんで","category":"food","address":"静岡県沼津市大手町５－６－１０","source":"厚生労働省 食品衛生申請等システム（オープンデータ）","municipality_code":"22203","municipality_pref":"静岡県","municipality_name":"沼津市","municipality_code_method":"food_exact_coord"},"geometry":{"type":"Point","coordinates":[138.857557392,35.099355163]}},{"type":"Feature","properties":{"layer_id":"cafe_restaurant","name":"居酒屋美さわ","category":"food","address":"静岡県沼津市原１５３３－２ 伊藤ビル１階３号室","source":"厚生労働省 食品衛生申請等システム（オープンデータ）","municipality_code":"22203","municipality_pref":"静岡県","municipality_name":"沼津市","municipality_code_method":"food_exact_coord"},"geometry":{"type":"Point","coordinates":[138.802169291,35.130253322]}},{"type":"Feature","properties":{"layer_id":"cafe_restaurant","name":"ＰＵＢ愛美","category":"food","address":"静岡県沼津市上土町３７ 三尾店舗１０２号","source":"厚生労働省 食品衛生申請等システム（オープンデータ）","municipality_code":"22203","municipality_pref":"静岡県","municipality_name":"沼津市","municipality_code_method":"food_exact_coord"},"geometry":{"type":"Point","coordinates":[138.857526561,35.097036002]}},{"type":"Feature","properties":{"layer_id":"cafe_restaurant","name":"熊ちゃんらーめん","category":"food","address":"静岡県沼津市鳥谷１４４－２","source":"厚生労働省 食品衛生申請等システム（オープンデータ）","municipality_code":"22203","municipality_pref":"静岡県","municipality_name":"沼津市","municipality_code_method":"food_exact_coord"},"geometry":{"type":"Point","coordinates":[138.814433,35.132049]}},{"type":"Feature","properties":{"layer_id":"cafe_restaurant","name":"みなとの磯はる食堂","category":"food","address":"静岡県沼津市千本港町１０９","source":"厚生労働省 食品衛生申請等システム（オープンデータ）","municipality_code":"22203","municipality_pref":"静岡県","municipality_name":"沼津市","municipality_code_method":"food_exact_coord"},"geometry":{"type":"Point","coordinates":[138.857888,35.08368]}},{"type":"Feature","properties":{"layer_id":"cafe_restaurant","name":"ミニストップ沼津根古屋店","category":"food","address":"静岡県沼津市根古屋１５４－２","source":"厚生労働省 食品衛生申請等システム（オープンデータ）","municipality_code":"22203","municipality_pref":"静岡県","municipality_name":"沼津市","municipality_code_method":"food_exact_coord"},"geometry":{"type":"Point","coordinates":[138.806662,35.144516]}},{"type":"Feature","properties":{"layer_id":"cafe_restaurant","name":"ミニストップ　沼津千本街道店","category":"food","address":"静岡県沼津市原１５０－１０","source":"厚生労働省 食品衛生申請等システム（オープンデータ）","municipality_code":"22203","municipality_pref":"静岡県","municipality_name":"沼津市","municipality_code_method":"food_exact_coord"},"geometry":{"type":"Point","coordinates":[138.799453,35.122397]}},{"type":"Feature","properties":{"layer_id":"cafe_restaurant","name":"Ｃａｆｅ＆Ｄｉｎｉｎｇ ｂａｒ Ｇａｕｒａｎ","category":"food","address":"静岡県沼津市千本東町２５－１","source":"厚生労働省 食品衛生申請等システム（オープンデータ）","municipality_code":"22203","municipality_pref":"静岡県","municipality_name":"沼津市","municipality_code_method":"food_exact_coord"},"geometry":{"type":"Point","coordinates":[138.85727,35.086717]}},{"type":"Feature","properties":{"layer_id":"cafe_restaurant","name":"ＦＭ３１０　ｃａｆｅ","category":"food","address":"静岡県沼津市双葉町１－７","source":"厚生労働省 食品衛生申請等システム（オープンデータ）","municipality_code":"22203","municipality_pref":"静岡県","municipality_name":"沼津市","municipality_code_method":"food_exact_coord"},"geometry":{"type":"Point","coordinates":[138.852997,35.1041]}},{"type":"Feature","properties":{"layer_id":"cafe_restaurant","name":"べてぃー","category":"food","address":"静岡県沼津市高沢町２－１７八はち小路","source":"厚生労働省 食品衛生申請等システム（オープンデータ）","municipality_code":"22203","municipality_pref":"静岡県","municipality_name":"沼津市","municipality_code_method":"food_exact_coord"},"geometry":{"type":"Point","coordinates":[138.855264103,35.104246114]}},{"type":"Feature","properties":{"layer_id":"cafe_restaurant","name":"ずう","category":"food","address":"静岡県沼津市千本港町１２２－３","source":"厚生労働省 食品衛生申請等システム（オープンデータ）","municipality_code":"22203","municipality_pref":"静岡県","municipality_name":"沼津市","municipality_code_method":"food_exact_coord"},"geometry":{"type":"Point","coordinates":[138.857797,35.082465]}},{"type":"Feature","properties":{"layer_id":"cafe_restaurant","name":"居酒屋　六三四","category":"food","address":"静岡県沼津市原町中２－１４－２８","source":"厚生労働省 食品衛生申請等システム（オープンデータ）","municipality_code":"22203","municipality_pref":"静岡県","municipality_name":"沼津市","municipality_code_method":"food_exact_coord"},"geometry":{"type":"Point","coordinates":[138.799446,35.129817]}},{"type":"Feature","properties":{"layer_id":"cafe_restaurant","name":"印度屋キッチン・ダバ","category":"food","address":"静岡県沼津市江原町１５－５３","source":"厚生労働省 食品衛生申請等システム（オープンデータ）","municipality_code":"22203","municipality_pref":"静岡県","municipality_name":"沼津市","municipality_code_method":"food_exact_coord"},"geometry":{"type":"Point","coordinates":[138.860117,35.119683]}},{"type":"Feature","properties":{"layer_id":"cafe_restaurant","name":"そば一","category":"food","address":"静岡県沼津市江原町１４－１","source":"厚生労働省 食品衛生申請等システム（オープンデータ）","municipality_code":"22203","municipality_pref":"静岡県","municipality_name":"沼津市","municipality_code_method":"food_exact_coord"},"geometry":{"type":"Point","coordinates":[138.859515514,35.117891182]}},{"type":"Feature","properties":{"layer_id":"cafe_restaurant","name":"まる久","category":"food","address":"静岡県沼津市西間門３４６－１","source":"厚生労働省 食品衛生申請等システム（オープンデータ）","municipality_code":"22203","municipality_pref":"静岡県","municipality_name":"沼津市","municipality_code_method":"food_exact_coord"},"geometry":{"type":"Point","coordinates":[138.842767,35.104377]}},{"type":"Feature","properties":{"layer_id":"cafe_restaurant","name":"川ふじ旅館","category":"food","address":"静岡県沼津市高島町２２－２３","source":"厚生労働省 食品衛生申請等システム（オープンデータ）","municipality_code":"22203","municipality_pref":"静岡県","municipality_name":"沼津市","municipality_code_method":"food_exact_coord"},"geometry":{"type":"Point","coordinates":[138.85754714,35.104922267]}},{"type":"Feature","properties":{"layer_id":"cafe_restaurant","name":"萌す","category":"food","address":"静岡県沼津市西沢田７００","source":"厚生労働省 食品衛生申請等システム（オープンデータ）","municipality_code":"22203","municipality_pref":"静岡県","municipality_name":"沼津市","municipality_code_method":"food_exact_coord"},"geometry":{"type":"Point","coordinates":[138.845917,35.122541]}},{"type":"Feature","properties":{"layer_id":"cafe_restaurant","name":"鮮魚ＡＫＩＯ","category":"food","address":"静岡県沼津市中沢田４７９－１","source":"厚生労働省 食品衛生申請等システム（オープンデータ）","municipality_code":"22203","municipality_pref":"静岡県","municipality_name":"沼津市","municipality_code_method":"food_exact_coord"},"geometry":{"type":"Point","coordinates":[138.851641,35.130226]}},{"type":"Feature","properties":{"layer_id":"cafe_restaurant","name":"タイイサーン","category":"food","address":"静岡県沼津市高島町２０－１０","source":"厚生労働省 食品衛生申請等システム（オープンデータ）","municipality_code":"22203","municipality_pref":"静岡県","municipality_name":"沼津市","municipality_code_method":"food_exact_coord"},"geometry":{"type":"Point","coordinates":[138.857003406,35.104238929]}},{"type":"Feature","properties":{"layer_id":"cafe_restaurant","name":"横浜亭","category":"food","address":"静岡県沼津市新沢田町７－１２","source":"厚生労働省 食品衛生申請等システム（オープンデータ）","municipality_code":"22203","municipality_pref":"静岡県","municipality_name":"沼津市","municipality_code_method":"food_exact_coord"},"geometry":{"type":"Point","coordinates":[138.850652411,35.117052522]}},{"type":"Feature","properties":{"layer_id":"cafe_restaurant","name":"ゆうとぴあ","category":"food","address":"静岡県沼津市高島町２２－１３ 第一タワーボックスビル１階","source":"厚生労働省 食品衛生申請等システム（オープンデータ）","municipality_code":"22203","municipality_pref":"静岡県","municipality_name":"沼津市","municipality_code_method":"food_exact_coord"},"geometry":{"type":"Point","coordinates":[138.857163348,35.105425532]}},{"type":"Feature","properties":{"layer_id":"cafe_restaurant","name":"中華料理　みやび","category":"food","address":"静岡県沼津市中沢田４９０－１ レジデンス沢田１０２","source":"厚生労働省 食品衛生申請等システム（オープンデータ）","municipality_code":"22203","municipality_pref":"静岡県","municipality_name":"沼津市","municipality_code_method":"food_exact_coord"},"geometry":{"type":"Point","coordinates":[138.851641,35.130226]}},{"type":"Feature","properties":{"layer_id":"cafe_restaurant","name":"明治茶館","category":"food","address":"静岡県沼津市若葉町２０－１３","source":"厚生労働省 食品衛生申請等システム（オープンデータ）","municipality_code":"22203","municipality_pref":"静岡県","municipality_name":"沼津市","municipality_code_method":"food_exact_coord"},"geometry":{"type":"Point","coordinates":[138.857172,35.120606]}},{"type":"Feature","properties":{"layer_id":"cafe_restaurant","name":"淡月居","category":"food","address":"静岡県沼津市大手町５－２－９","source":"厚生労働省 食品衛生申請等システム（オープンデータ）","municipality_code":"22203","municipality_pref":"静岡県","municipality_name":"沼津市","municipality_code_method":"food_exact_coord"},"geometry":{"type":"Point","coordinates":[138.858829488,35.101152558]}},{"type":"Feature","properties":{"layer_id":"cafe_restaurant","name":"テンシャル株式会社　東京電力㈱エスファミール","category":"food","address":"静岡県沼津市三枚橋日の出町３８７－１","source":"厚生労働省 食品衛生申請等システム（オープンデータ）","municipality_code":"22203","municipality_pref":"静岡県","municipality_name":"沼津市","municipality_code_method":"food_exact_coord"},"geometry":{"type":"Point","coordinates":[138.866851,35.112714]}},{"type":"Feature","properties":{"layer_id":"cafe_restaurant","name":"えんむすび","category":"food","address":"静岡県沼津市大岡1961-1","source":"厚生労働省 食品衛生申請等システム（オープンデータ）","municipality_code":"22203","municipality_pref":"静岡県","municipality_name":"沼津市","municipality_code_method":"food_exact_coord"},"geometry":{"type":"Point","coordinates":[138.86704,35.114749]}},{"type":"Feature","properties":{"layer_id":"cafe_restaurant","name":"Ｓｈａｎｋ","category":"food","address":"静岡県沼津市大手町３－４－１２ 杉山ビル１Ｆ","source":"厚生労働省 食品衛生申請等システム（オープンデータ）","municipality_code":"22203","municipality_pref":"静岡県","municipality_name":"沼津市","municipality_code_method":"food_exact_coord"},"geometry":{"type":"Point","coordinates":[138.860105782,35.101140163]}},{"type":"Feature","properties":{"layer_id":"cafe_restaurant","name":"松村雀","category":"food","address":"静岡県沼津市千本港町５７－１ ホワイトハウスビル１０４","source":"厚生労働省 食品衛生申請等システム（オープンデータ）","municipality_code":"22203","municipality_pref":"静岡県","municipality_name":"沼津市","municipality_code_method":"food_exact_coord"},"geometry":{"type":"Point","coordinates":[138.857888,35.08368]}},{"type":"Feature","properties":{"layer_id":"cafe_restaurant","name":"ＫΛεο","category":"food","address":"静岡県沼津市大手町５－１１－１１","source":"厚生労働省 食品衛生申請等システム（オープンデータ）","municipality_code":"22203","municipality_pref":"静岡県","municipality_name":"沼津市","municipality_code_method":"food_exact_coord"},"geometry":{"type":"Point","coordinates":[138.857048944,35.100843866]}},{"type":"Feature","properties":{"layer_id":"cafe_restaurant","name":"春夏","category":"food","address":"静岡県沼津市双葉町６－２４ 富士一アビタシオン１１０","source":"厚生労働省 食品衛生申請等システム（オープンデータ）","municipality_code":"22203","municipality_pref":"静岡県","municipality_name":"沼津市","municipality_code_method":"food_exact_coord"},"geometry":{"type":"Point","coordinates":[138.853711176,35.106615425]}},{"type":"Feature","properties":{"layer_id":"cafe_restaurant","name":"セブンイレブン沼津大岡北店","category":"food","address":"静岡県沼津市大岡２４１５－４","source":"厚生労働省 食品衛生申請等システム（オープンデータ）","municipality_code":"22203","municipality_pref":"静岡県","municipality_name":"沼津市","municipality_code_method":"food_exact_coord"},"geometry":{"type":"Point","coordinates":[138.881195,35.113581]}},{"type":"Feature","properties":{"layer_id":"cafe_restaurant","name":"老人保健施設　おおひら患者食","category":"food","address":"静岡県沼津市大平１１１７－１","source":"厚生労働省 食品衛生申請等システム（オープンデータ）","municipality_code":"22203","municipality_pref":"静岡県","municipality_name":"沼津市","municipality_code_method":"food_exact_coord"},"geometry":{"type":"Point","coordinates":[138.903522,35.07337]}},{"type":"Feature","properties":{"layer_id":"cafe_restaurant","name":"ローソン沼津岡一色店","category":"food","address":"静岡県沼津市岡一色３４４－１","source":"厚生労働省 食品衛生申請等システム（オープンデータ）","municipality_code":"22203","municipality_pref":"静岡県","municipality_name":"沼津市","municipality_code_method":"food_exact_coord"},"geometry":{"type":"Point","coordinates":[138.877775,35.126211]}},{"type":"Feature","properties":{"layer_id":"cafe_restaurant","name":"ローソン沼津五月町店","category":"food","address":"静岡県沼津市五月町１７－２５","source":"厚生労働省 食品衛生申請等システム（オープンデータ）","municipality_code":"22203","municipality_pref":"静岡県","municipality_name":"沼津市","municipality_code_method":"food_exact_coord"},"geometry":{"type":"Point","coordinates":[138.86631,35.113592]}},{"type":"Feature","properties":{"layer_id":"cafe_restaurant","name":"ＫＯＹＯ沼津市立病院店","category":"food","address":"静岡県沼津市東椎路字春ノ木５５０ 沼津市立病院１Ｆ","source":"厚生労働省 食品衛生申請等システム（オープンデータ）","municipality_code":"22203","municipality_pref":"静岡県","municipality_name":"沼津市","municipality_code_method":"food_exact_coord"},"geometry":{"type":"Point","coordinates":[138.837225,35.127592]}},{"type":"Feature","properties":{"layer_id":"cafe_restaurant","name":"社会福祉法人　共生会　集","category":"food","address":"静岡県沼津市石川６９０－３","source":"厚生労働省 食品衛生申請等システム（オープンデータ）","municipality_code":"22203","municipality_pref":"静岡県","municipality_name":"沼津市","municipality_code_method":"food_exact_coord"},"geometry":{"type":"Point","coordinates":[138.77904,35.149186]}},{"type":"Feature","properties":{"layer_id":"cafe_restaurant","name":"沼津市立愛鷹小学校共同調理場","category":"food","address":"静岡県沼津市西椎路673-1","source":"厚生労働省 食品衛生申請等システム（オープンデータ）","municipality_code":"22203","municipality_pref":"静岡県","municipality_name":"沼津市","municipality_code_method":"food_exact_coord"},"geometry":{"type":"Point","coordinates":[138.830074,35.130726]}},{"type":"Feature","properties":{"layer_id":"cafe_restaurant","name":"沼津市立第四小学校共同調理場","category":"food","address":"静岡県沼津市御幸町4-1","source":"厚生労働省 食品衛生申請等システム（オープンデータ）","municipality_code":"22203","municipality_pref":"静岡県","municipality_name":"沼津市","municipality_code_method":"food_exact_coord"},"geometry":{"type":"Point","coordinates":[138.864927,35.096808]}},{"type":"Feature","properties":{"layer_id":"cafe_restaurant","name":"沼津市立第三中学校共同調理場","category":"food","address":"静岡県沼津市下香貫888","source":"厚生労働省 食品衛生申請等システム（オープンデータ）","municipality_code":"22203","municipality_pref":"静岡県","municipality_name":"沼津市","municipality_code_method":"food_exact_coord"},"geometry":{"type":"Point","coordinates":[138.871606,35.077989]}},{"type":"Feature","properties":{"layer_id":"cafe_restaurant","name":"沼津市立第五中学校共同調理場","category":"food","address":"静岡県沼津市五月町15-1","source":"厚生労働省 食品衛生申請等システム（オープンデータ）","municipality_code":"22203","municipality_pref":"静岡県","municipality_name":"沼津市","municipality_code_method":"food_exact_coord"},"geometry":{"type":"Point","coordinates":[138.86389,35.114371]}},{"type":"Feature","properties":{"layer_id":"cafe_restaurant","name":"かげろう","category":"food","address":"静岡県沼津市上土町７２－５","source":"厚生労働省 食品衛生申請等システム（オープンデータ）","municipality_code":"22203","municipality_pref":"静岡県","municipality_name":"沼津市","municipality_code_method":"food_exact_coord"},"geometry":{"type":"Point","coordinates":[138.858174,35.097736]}},{"type":"Feature","properties":{"layer_id":"cafe_restaurant","name":"沼津深海プリン工房","category":"food","address":"静岡県沼津市千本港町９７","source":"厚生労働省 食品衛生申請等システム（オープンデータ）","municipality_code":"22203","municipality_pref":"静岡県","municipality_name":"沼津市","municipality_code_method":"food_exact_coord"},"geometry":{"type":"Point","coordinates":[138.85779,35.08349]}},{"type":"Feature","properties":{"layer_id":"cafe_restaurant","name":"沼津深海プリン工房　青とプリンとジェラートと","category":"food","address":"静岡県沼津市千本港町１２４","source":"厚生労働省 食品衛生申請等システム（オープンデータ）","municipality_code":"22203","municipality_pref":"静岡県","municipality_name":"沼津市","municipality_code_method":"food_exact_coord"},"geometry":{"type":"Point","coordinates":[138.857888,35.08368]}},{"type":"Feature","properties":{"layer_id":"cafe_restaurant","name":"soundbar CORNER","category":"food","address":"静岡県沼津市高島町6-10 高島ビル４Ｆ","source":"厚生労働省 食品衛生申請等システム（オープンデータ）","municipality_code":"22203","municipality_pref":"静岡県","municipality_name":"沼津市","municipality_code_method":"food_exact_coord"},"geometry":{"type":"Point","coordinates":[138.859937,35.104621]}},{"type":"Feature","properties":{"layer_id":"cafe_restaurant","name":"あやみ屋　宴のはなれ","category":"food","address":"静岡県沼津市高島町１３－８ スズキビル１Ｆ","source":"厚生労働省 食品衛生申請等システム（オープンデータ）","municipality_code":"22203","municipality_pref":"静岡県","municipality_name":"沼津市","municipality_code_method":"food_exact_coord"},"geometry":{"type":"Point","coordinates":[138.859992,35.105598]}},{"type":"Feature","properties":{"layer_id":"cafe_restaurant","name":"あやみ屋","category":"food","address":"静岡県沼津市新宿町３－２４","source":"厚生労働省 食品衛生申請等システム（オープンデータ）","municipality_code":"22203","municipality_pref":"静岡県","municipality_name":"沼津市","municipality_code_method":"food_exact_coord"},"geometry":{"type":"Point","coordinates":[138.859803,35.107539]}},{"type":"Feature","properties":{"layer_id":"cafe_restaurant","name":"学校法人沼津学園　沼津学園第一幼稚園","category":"food","address":"静岡県沼津市寿町１６－４０","source":"厚生労働省 食品衛生申請等システム（オープンデータ）","municipality_code":"22203","municipality_pref":"静岡県","municipality_name":"沼津市","municipality_code_method":"food_exact_coord"},"geometry":{"type":"Point","coordinates":[138.857094,35.114195]}},{"type":"Feature","properties":{"layer_id":"cafe_restaurant","name":"駿不－００７食堂","category":"food","address":"静岡県沼津市東熊堂４９１ 飛龍高等学校内　不二ヶ嶺寮","source":"厚生労働省 食品衛生申請等システム（オープンデータ）","municipality_code":"22203","municipality_pref":"静岡県","municipality_name":"沼津市","municipality_code_method":"food_exact_coord"},"geometry":{"type":"Point","coordinates":[138.867335,35.11657]}},{"type":"Feature","properties":{"layer_id":"cafe_restaurant","name":"駿学－０２２食堂","category":"food","address":"静岡県沼津市下香貫島郷２８０２ 学習院大学","source":"厚生労働省 食品衛生申請等システム（オープンデータ）","municipality_code":"22203","municipality_pref":"静岡県","municipality_name":"沼津市","municipality_code_method":"food_exact_coord"},"geometry":{"type":"Point","coordinates":[138.876411,35.068862]}},{"type":"Feature","properties":{"layer_id":"cafe_restaurant","name":"駿リ－０２０食堂","category":"food","address":"静岡県沼津市上香貫１１８０－２","source":"厚生労働省 食品衛生申請等システム（オープンデータ）","municipality_code":"22203","municipality_pref":"静岡県","municipality_name":"沼津市","municipality_code_method":"food_exact_coord"},"geometry":{"type":"Point","coordinates":[138.878738,35.093118]}},{"type":"Feature","properties":{"layer_id":"cafe_restaurant","name":"駿克－００８食堂","category":"food","address":"静岡県沼津市東熊堂６０３－１ 桐陽高等学校寮内","source":"厚生労働省 食品衛生申請等システム（オープンデータ）","municipality_code":"22203","municipality_pref":"静岡県","municipality_name":"沼津市","municipality_code_method":"food_exact_coord"},"geometry":{"type":"Point","coordinates":[138.86152,35.122894]}},{"type":"Feature","properties":{"layer_id":"cafe_restaurant","name":"ほどほど満足 住吉 沼津片浜店","category":"food","address":"静岡県沼津市大諏訪620-1","source":"厚生労働省 食品衛生申請等システム（オープンデータ）","municipality_code":"22203","municipality_pref":"静岡県","municipality_name":"沼津市","municipality_code_method":"food_exact_coord"},"geometry":{"type":"Point","coordinates":[138.83079,35.113182]}},{"type":"Feature","properties":{"layer_id":"cafe_restaurant","name":"ほどほど満足住吉","category":"food","address":"静岡県沼津市大岡１８８０－９","source":"厚生労働省 食品衛生申請等システム（オープンデータ）","municipality_code":"22203","municipality_pref":"静岡県","municipality_name":"沼津市","municipality_code_method":"food_exact_coord"},"geometry":{"type":"Point","coordinates":[138.868584,35.111374]}},{"type":"Feature","properties":{"layer_id":"cafe_restaurant","name":"漁師の台所　たんぱく大国","category":"food","address":"静岡県沼津市岡宮１３１９－１ サワケンビル　1F","source":"厚生労働省 食品衛生申請等システム（オープンデータ）","municipality_code":"22203","municipality_pref":"静岡県","municipality_name":"沼津市","municipality_code_method":"food_exact_coord"},"geometry":{"type":"Point","coordinates":[138.86796,35.139417]}},{"type":"Feature","properties":{"layer_id":"cafe_restaurant","name":"鬼が島　総本店","category":"food","address":"静岡県沼津市岡宮１２０２","source":"厚生労働省 食品衛生申請等システム（オープンデータ）","municipality_code":"22203","municipality_pref":"静岡県","municipality_name":"沼津市","municipality_code_method":"food_exact_coord"},"geometry":{"type":"Point","coordinates":[138.867815,35.134492]}},{"type":"Feature","properties":{"layer_id":"cafe_restaurant","name":"0H4217静岡","category":"food","address":"静岡県沼津市本田町１６－１ リコー南プラント","source":"厚生労働省 食品衛生申請等システム（オープンデータ）","municipality_code":"22203","municipality_pref":"静岡県","municipality_name":"沼津市","municipality_code_method":"food_exact_coord"},"geometry":{"type":"Point","coordinates":[138.851506,35.111256]}},{"type":"Feature","properties":{"layer_id":"cafe_restaurant","name":"BH4217静岡","category":"food","address":"静岡県沼津市西沢田146-1 リコー北プラント","source":"厚生労働省 食品衛生申請等システム（オープンデータ）","municipality_code":"22203","municipality_pref":"静岡県","municipality_name":"沼津市","municipality_code_method":"food_exact_coord"},"geometry":{"type":"Point","coordinates":[138.847827,35.117199]}},{"type":"Feature","properties":{"layer_id":"cafe_restaurant","name":"0H3785静岡","category":"food","address":"静岡県沼津市一本松678番地 エヌ・イー・ケムキャット株式会社","source":"厚生労働省 食品衛生申請等システム（オープンデータ）","municipality_code":"22203","municipality_pref":"静岡県","municipality_name":"沼津市","municipality_code_method":"food_exact_coord"},"geometry":{"type":"Point","coordinates":[138.773933,35.137961]}},{"type":"Feature","properties":{"layer_id":"cafe_restaurant","name":"0H5199静岡","category":"food","address":"静岡県沼津市東間門字上中溝515","source":"厚生労働省 食品衛生申請等システム（オープンデータ）","municipality_code":"22203","municipality_pref":"静岡県","municipality_name":"沼津市","municipality_code_method":"food_exact_coord"},"geometry":{"type":"Point","coordinates":[138.847319,35.103682]}},{"type":"Feature","properties":{"layer_id":"cafe_restaurant","name":"CANNED FOOD 27","category":"food","address":"静岡県沼津市高島町１８－２２ 高砂横丁　西４","source":"厚生労働省 食品衛生申請等システム（オープンデータ）","municipality_code":"22203","municipality_pref":"静岡県","municipality_name":"沼津市","municipality_code_method":"food_exact_coord"},"geometry":{"type":"Point","coordinates":[138.856543,35.103992]}},{"type":"Feature","properties":{"layer_id":"cafe_restaurant","name":"吟水","category":"food","address":"静岡県沼津市下香貫八重２６－３","source":"厚生労働省 食品衛生申請等システム（オープンデータ）","municipality_code":"22203","municipality_pref":"静岡県","municipality_name":"沼津市","municipality_code_method":"food_exact_coord"},"geometry":{"type":"Point","coordinates":[138.87803,35.078706]}},{"type":"Feature","properties":{"layer_id":"cafe_restaurant","name":"有限会社中央亭","category":"food","address":"静岡県沼津市添地町４６番地","source":"厚生労働省 食品衛生申請等システム（オープンデータ）","municipality_code":"22203","municipality_pref":"静岡県","municipality_name":"沼津市","municipality_code_method":"food_exact_coord"},"geometry":{"type":"Point","coordinates":[138.856077,35.101902]}},{"type":"Feature","properties":{"layer_id":"cafe_restaurant","name":"まるえつ","category":"food","address":"静岡県沼津市高島町２３－２","source":"厚生労働省 食品衛生申請等システム（オープンデータ）","municipality_code":"22203","municipality_pref":"静岡県","municipality_name":"沼津市","municipality_code_method":"food_exact_coord"},"geometry":{"type":"Point","coordinates":[138.85668,35.104854]}},{"type":"Feature","properties":{"layer_id":"cafe_restaurant","name":"海鮮丼工房　尽","category":"food","address":"静岡県沼津市千本港町１２４","source":"厚生労働省 食品衛生申請等システム（オープンデータ）","municipality_code":"22203","municipality_pref":"静岡県","municipality_name":"沼津市","municipality_code_method":"food_exact_coord"},"geometry":{"type":"Point","coordinates":[138.857888,35.08368]}},{"type":"Feature","properties":{"layer_id":"cafe_restaurant","name":"尽の絃","category":"food","address":"静岡県沼津市筒井町16-2 鈴木ビル１０４","source":"厚生労働省 食品衛生申請等システム（オープンデータ）","municipality_code":"22203","municipality_pref":"静岡県","municipality_name":"沼津市","municipality_code_method":"food_exact_coord"},"geometry":{"type":"Point","coordinates":[138.864649,35.119873]}},{"type":"Feature","properties":{"layer_id":"cafe_restaurant","name":"エベレストマート","category":"food","address":"静岡県沼津市平町9番地3号 秋山ビル1Ｆ","source":"厚生労働省 食品衛生申請等システム（オープンデータ）","municipality_code":"22203","municipality_pref":"静岡県","municipality_name":"沼津市","municipality_code_method":"food_exact_coord"},"geometry":{"type":"Point","coordinates":[138.867161,35.100480000000005]}},{"type":"Feature","properties":{"layer_id":"cafe_restaurant","name":"エベレスト　ダイニング","category":"food","address":"静岡県沼津市大手町５－３－１８","source":"厚生労働省 食品衛生申請等システム（オープンデータ）","municipality_code":"22203","municipality_pref":"静岡県","municipality_name":"沼津市","municipality_code_method":"food_exact_coord"},"geometry":{"type":"Point","coordinates":[138.858351,35.101076500000005]}},{"type":"Feature","properties":{"layer_id":"cafe_restaurant","name":"中華料理聚豊園","category":"food","address":"静岡県沼津市大岡885番地の7","source":"厚生労働省 食品衛生申請等システム（オープンデータ）","municipality_code":"22203","municipality_pref":"静岡県","municipality_name":"沼津市","municipality_code_method":"food_exact_coord"},"geometry":{"type":"Point","coordinates":[138.874185,35.111186]}},{"type":"Feature","properties":{"layer_id":"cafe_restaurant","name":"尽の斗","category":"food","address":"静岡県沼津市筒井町16-2 鈴木ビル107","source":"厚生労働省 食品衛生申請等システム（オープンデータ）","municipality_code":"22203","municipality_pref":"静岡県","municipality_name":"沼津市","municipality_code_method":"food_exact_coord"},"geometry":{"type":"Point","coordinates":[138.864641,35.119883]}},{"type":"Feature","properties":{"layer_id":"cafe_restaurant","name":"てくてくキッチン","category":"food","address":"静岡県沼津市富士見町７－４３","source":"厚生労働省 食品衛生申請等システム（オープンデータ）","municipality_code":"22203","municipality_pref":"静岡県","municipality_name":"沼津市","municipality_code_method":"food_exact_coord"},"geometry":{"type":"Point","coordinates":[138.869202,35.106295]}},{"type":"Feature","properties":{"layer_id":"cafe_restaurant","name":"さかなまるご","category":"food","address":"静岡県沼津市千本港町123番地1 潮さい市場1階　屋台村101","source":"厚生労働省 食品衛生申請等システム（オープンデータ）","municipality_code":"22203","municipality_pref":"静岡県","municipality_name":"沼津市","municipality_code_method":"food_exact_coord"},"geometry":{"type":"Point","coordinates":[138.857724,35.08441]}},{"type":"Feature","properties":{"layer_id":"cafe_restaurant","name":"ふれあい沼津ホスピタル１Ｆ","category":"food","address":"静岡県沼津市市道町8-6","source":"厚生労働省 食品衛生申請等システム（オープンデータ）","municipality_code":"22203","municipality_pref":"静岡県","municipality_name":"沼津市","municipality_code_method":"food_exact_coord"},"geometry":{"type":"Point","coordinates":[138.85141,35.095583]}},{"type":"Feature","properties":{"layer_id":"cafe_restaurant","name":"ふれあい沼津ホスピタル２Ｆ","category":"food","address":"静岡県沼津市市道町8-6","source":"厚生労働省 食品衛生申請等システム（オープンデータ）","municipality_code":"22203","municipality_pref":"静岡県","municipality_name":"沼津市","municipality_code_method":"food_exact_coord"},"geometry":{"type":"Point","coordinates":[138.85141,35.095583]}},{"type":"Feature","properties":{"layer_id":"cafe_restaurant","name":"NEO和食　雅流","category":"food","address":"静岡県沼津市高島町27-16","source":"厚生労働省 食品衛生申請等システム（オープンデータ）","municipality_code":"22203","municipality_pref":"静岡県","municipality_name":"沼津市","municipality_code_method":"food_exact_coord"},"geometry":{"type":"Point","coordinates":[138.857988,35.105633]}},{"type":"Feature","properties":{"layer_id":"cafe_restaurant","name":"ファミリーマート沼津小諏訪店","category":"food","address":"静岡県沼津市小諏訪959-1","source":"厚生労働省 食品衛生申請等システム（オープンデータ）","municipality_code":"22203","municipality_pref":"静岡県","municipality_name":"沼津市","municipality_code_method":"food_exact_coord"},"geometry":{"type":"Point","coordinates":[138.840707,35.111017]}},{"type":"Feature","properties":{"layer_id":"cafe_restaurant","name":"ファミリーマート沼津西間門店","category":"food","address":"静岡県沼津市西間門29-1","source":"厚生労働省 食品衛生申請等システム（オープンデータ）","municipality_code":"22203","municipality_pref":"静岡県","municipality_name":"沼津市","municipality_code_method":"food_exact_coord"},"geometry":{"type":"Point","coordinates":[138.841921,35.108681]}},{"type":"Feature","properties":{"layer_id":"cafe_restaurant","name":"evo","category":"food","address":"静岡県沼津市今沢１９０－１","source":"厚生労働省 食品衛生申請等システム（オープンデータ）","municipality_code":"22203","municipality_pref":"静岡県","municipality_name":"沼津市","municipality_code_method":"food_exact_coord"},"geometry":{"type":"Point","coordinates":[138.812679,35.119197]}},{"type":"Feature","properties":{"layer_id":"cafe_restaurant","name":"沼津すし之助沼津本店","category":"food","address":"静岡県沼津市下香貫下障子3140-1","source":"厚生労働省 食品衛生申請等システム（オープンデータ）","municipality_code":"22203","municipality_pref":"静岡県","municipality_name":"沼津市","municipality_code_method":"food_exact_coord"},"geometry":{"type":"Point","coordinates":[138.870657,35.081224]}},{"type":"Feature","properties":{"layer_id":"cafe_restaurant","name":"一番亭東名店","category":"food","address":"静岡県沼津市岡宮１２４６－１９","source":"厚生労働省 食品衛生申請等システム（オープンデータ）","municipality_code":"22203","municipality_pref":"静岡県","municipality_name":"沼津市","municipality_code_method":"food_exact_coord"},"geometry":{"type":"Point","coordinates":[138.867815,35.134492]}},{"type":"Feature","properties":{"layer_id":"cafe_restaurant","name":"かつ銀　沼津椎路店","category":"food","address":"静岡県沼津市東椎路４６４－１","source":"厚生労働省 食品衛生申請等システム（オープンデータ）","municipality_code":"22203","municipality_pref":"静岡県","municipality_name":"沼津市","municipality_code_method":"food_exact_coord"},"geometry":{"type":"Point","coordinates":[138.837145,35.128607]}},{"type":"Feature","properties":{"layer_id":"cafe_restaurant","name":"AZUMATCH","category":"food","address":"静岡県沼津市岡宮954-35","source":"厚生労働省 食品衛生申請等システム（オープンデータ）","municipality_code":"22203","municipality_pref":"静岡県","municipality_name":"沼津市","municipality_code_method":"food_exact_coord"},"geometry":{"type":"Point","coordinates":[138.865897,35.132561]}},{"type":"Feature","properties":{"layer_id":"cafe_restaurant","name":"天野荘","category":"food","address":"静岡県沼津市井田２１２－１","source":"厚生労働省 食品衛生申請等システム（オープンデータ）","municipality_code":"22203","municipality_pref":"静岡県","municipality_name":"沼津市","municipality_code_method":"food_exact_coord"},"geometry":{"type":"Point","coordinates":[138.78953,35.002036]}},{"type":"Feature","properties":{"layer_id":"cafe_restaurant","name":"居酒屋　のんき","category":"food","address":"静岡県沼津市戸田１０００－３","source":"厚生労働省 食品衛生申請等システム（オープンデータ）","municipality_code":"22203","municipality_pref":"静岡県","municipality_name":"沼津市","municipality_code_method":"food_exact_coord"},"geometry":{"type":"Point","coordinates":[138.783228003,34.972140692]}},{"type":"Feature","properties":{"layer_id":"cafe_restaurant","name":"美浜レステル","category":"food","address":"静岡県沼津市戸田３６２－５","source":"厚生労働省 食品衛生申請等システム（オープンデータ）","municipality_code":"22203","municipality_pref":"静岡県","municipality_name":"沼津市","municipality_code_method":"food_exact_coord"},"geometry":{"type":"Point","coordinates":[138.777242739,34.971645527]}},{"type":"Feature","properties":{"layer_id":"cafe_restaurant","name":"美浜レステル","category":"food","address":"静岡県沼津市戸田３６２－５","source":"厚生労働省 食品衛生申請等システム（オープンデータ）","municipality_code":"22203","municipality_pref":"静岡県","municipality_name":"沼津市","municipality_code_method":"food_exact_coord"},"geometry":{"type":"Point","coordinates":[138.777242739,34.971645527]}},{"type":"Feature","properties":{"layer_id":"cafe_restaurant","name":"ローソン沼津大諏訪店","category":"food","address":"静岡県沼津市大諏訪字八反田 598-1","source":"厚生労働省 食品衛生申請等システム（オープンデータ）","municipality_code":"22203","municipality_pref":"静岡県","municipality_name":"沼津市","municipality_code_method":"food_exact_coord"},"geometry":{"type":"Point","coordinates":[138.832332,35.11695]}},{"type":"Feature","properties":{"layer_id":"cafe_restaurant","name":"ローソン沼津原店","category":"food","address":"静岡県沼津市原字鳥澤７７８－１","source":"厚生労働省 食品衛生申請等システム（オープンデータ）","municipality_code":"22203","municipality_pref":"静岡県","municipality_name":"沼津市","municipality_code_method":"food_exact_coord"},"geometry":{"type":"Point","coordinates":[138.788536,35.127248]}},{"type":"Feature","properties":{"layer_id":"cafe_restaurant","name":"海のほてる　いさば","category":"food","address":"静岡県沼津市戸田３８７８－２０","source":"厚生労働省 食品衛生申請等システム（オープンデータ）","municipality_code":"22203","municipality_pref":"静岡県","municipality_name":"沼津市","municipality_code_method":"food_exact_coord"},"geometry":{"type":"Point","coordinates":[138.800662,34.96422]}},{"type":"Feature","properties":{"layer_id":"cafe_restaurant","name":"海のほてる　いさば","category":"food","address":"静岡県沼津市戸田３８７８－２０","source":"厚生労働省 食品衛生申請等システム（オープンデータ）","municipality_code":"22203","municipality_pref":"静岡県","municipality_name":"沼津市","municipality_code_method":"food_exact_coord"},"geometry":{"type":"Point","coordinates":[138.800662,34.96422]}},{"type":"Feature","properties":{"layer_id":"cafe_restaurant","name":"山田園","category":"food","address":"静岡県沼津市戸田１６４４","source":"厚生労働省 食品衛生申請等システム（オープンデータ）","municipality_code":"22203","municipality_pref":"静岡県","municipality_name":"沼津市","municipality_code_method":"food_exact_coord"},"geometry":{"type":"Point","coordinates":[138.795938,34.970023]}},{"type":"Feature","properties":{"layer_id":"cafe_restaurant","name":"網元の宿　清進丸","category":"food","address":"静岡県沼津市戸田７９９－４，５","source":"厚生労働省 食品衛生申請等システム（オープンデータ）","municipality_code":"22203","municipality_pref":"静岡県","municipality_name":"沼津市","municipality_code_method":"food_exact_coord"},"geometry":{"type":"Point","coordinates":[138.800662,34.96422]}},{"type":"Feature","properties":{"layer_id":"cafe_restaurant","name":"イナギ（伊名城）","category":"food","address":"静岡県沼津市戸田５４７－９","source":"厚生労働省 食品衛生申請等システム（オープンデータ）","municipality_code":"22203","municipality_pref":"静岡県","municipality_name":"沼津市","municipality_code_method":"food_exact_coord"},"geometry":{"type":"Point","coordinates":[138.776131,34.969629]}},{"type":"Feature","properties":{"layer_id":"cafe_restaurant","name":"民宿つるさん","category":"food","address":"静岡県沼津市戸田１１７７","source":"厚生労働省 食品衛生申請等システム（オープンデータ）","municipality_code":"22203","municipality_pref":"静岡県","municipality_name":"沼津市","municipality_code_method":"food_exact_coord"},"geometry":{"type":"Point","coordinates":[138.785110877,34.968514196]}},{"type":"Feature","properties":{"layer_id":"cafe_restaurant","name":"なりた","category":"food","address":"静岡県沼津市戸田３６９７－１３","source":"厚生労働省 食品衛生申請等システム（オープンデータ）","municipality_code":"22203","municipality_pref":"静岡県","municipality_name":"沼津市","municipality_code_method":"food_exact_coord"},"geometry":{"type":"Point","coordinates":[138.800662,34.96422]}},{"type":"Feature","properties":{"layer_id":"cafe_restaurant","name":"Ｔｈｅ　Ｃｈａｍｂｅｒ","category":"food","address":"静岡県沼津市上土町８","source":"厚生労働省 食品衛生申請等システム（オープンデータ）","municipality_code":"22203","municipality_pref":"静岡県","municipality_name":"沼津市","municipality_code_method":"food_exact_coord"},"geometry":{"type":"Point","coordinates":[138.858823973,35.097472949]}},{"type":"Feature","properties":{"layer_id":"cafe_restaurant","name":"兎月菓子店","category":"food","address":"静岡県沼津市戸田４４１","source":"厚生労働省 食品衛生申請等システム（オープンデータ）","municipality_code":"22203","municipality_pref":"静岡県","municipality_name":"沼津市","municipality_code_method":"food_exact_coord"},"geometry":{"type":"Point","coordinates":[138.778908,34.969707]}},{"type":"Feature","properties":{"layer_id":"cafe_restaurant","name":"創作居酒屋　丸","category":"food","address":"静岡県沼津市高島町18-23 1階東","source":"厚生労働省 食品衛生申請等システム（オープンデータ）","municipality_code":"22203","municipality_pref":"静岡県","municipality_name":"沼津市","municipality_code_method":"food_exact_coord"},"geometry":{"type":"Point","coordinates":[138.8564,35.103786]}},{"type":"Feature","properties":{"layer_id":"cafe_restaurant","name":"創作居酒屋　煉瓦","category":"food","address":"静岡県沼津市高島町５－２２","source":"厚生労働省 食品衛生申請等システム（オープンデータ）","municipality_code":"22203","municipality_pref":"静岡県","municipality_name":"沼津市","municipality_code_method":"food_exact_coord"},"geometry":{"type":"Point","coordinates":[138.858792,35.104925]}},{"type":"Feature","properties":{"layer_id":"cafe_restaurant","name":"ＤＯＣＴＯＲＳ　ＣＡＦＥ　ＰＬＵＳ","category":"food","address":"静岡県沼津市筒井町１１番地１","source":"厚生労働省 食品衛生申請等システム（オープンデータ）","municipality_code":"22203","municipality_pref":"静岡県","municipality_name":"沼津市","municipality_code_method":"food_exact_coord"},"geometry":{"type":"Point","coordinates":[138.863999,35.119965]}},{"type":"Feature","properties":{"layer_id":"cafe_restaurant","name":"ＡＫＢ３号館　グランドケア東名","category":"food","address":"静岡県沼津市岡宮１２８６－５","source":"厚生労働省 食品衛生申請等システム（オープンデータ）","municipality_code":"22203","municipality_pref":"静岡県","municipality_name":"沼津市","municipality_code_method":"food_exact_coord"},"geometry":{"type":"Point","coordinates":[138.866366,35.142564]}},{"type":"Feature","properties":{"layer_id":"cafe_restaurant","name":"ＡＫＢ６号館　沼津はまゆう病院","category":"food","address":"静岡県沼津市錦町３－５","source":"厚生労働省 食品衛生申請等システム（オープンデータ）","municipality_code":"22203","municipality_pref":"静岡県","municipality_name":"沼津市","municipality_code_method":"food_exact_coord"},"geometry":{"type":"Point","coordinates":[138.850689,35.100582]}},{"type":"Feature","properties":{"layer_id":"cafe_restaurant","name":"ラーメン豚平","category":"food","address":"静岡県沼津市岡一色４９－１","source":"厚生労働省 食品衛生申請等システム（オープンデータ）","municipality_code":"22203","municipality_pref":"静岡県","municipality_name":"沼津市","municipality_code_method":"food_exact_coord"},"geometry":{"type":"Point","coordinates":[138.876716,35.132911]}},{"type":"Feature","properties":{"layer_id":"cafe_restaurant","name":"ラーメン塚田家","category":"food","address":"静岡県沼津市岡一色471－6","source":"厚生労働省 食品衛生申請等システム（オープンデータ）","municipality_code":"22203","municipality_pref":"静岡県","municipality_name":"沼津市","municipality_code_method":"food_exact_coord"},"geometry":{"type":"Point","coordinates":[138.872669,35.134228]}},{"type":"Feature","properties":{"layer_id":"cafe_restaurant","name":"まるに","category":"food","address":"静岡県沼津市千本港町１２８－１","source":"厚生労働省 食品衛生申請等システム（オープンデータ）","municipality_code":"22203","municipality_pref":"静岡県","municipality_name":"沼津市","municipality_code_method":"food_exact_coord"},"geometry":{"type":"Point","coordinates":[138.857888,35.08368]}},{"type":"Feature","properties":{"layer_id":"cafe_restaurant","name":"丼ぶり専門店　丼くらべ","category":"food","address":"静岡県沼津市千本港町１１５－４","source":"厚生労働省 食品衛生申請等システム（オープンデータ）","municipality_code":"22203","municipality_pref":"静岡県","municipality_name":"沼津市","municipality_code_method":"food_exact_coord"},"geometry":{"type":"Point","coordinates":[138.857888,35.08368]}},{"type":"Feature","properties":{"layer_id":"cafe_restaurant","name":"ニノエ","category":"food","address":"静岡県沼津市大手町2-4-8 ホテルアリア一階","source":"厚生労働省 食品衛生申請等システム（オープンデータ）","municipality_code":"22203","municipality_pref":"静岡県","municipality_name":"沼津市","municipality_code_method":"food_exact_coord"},"geometry":{"type":"Point","coordinates":[138.861929,35.10123]}},{"type":"Feature","properties":{"layer_id":"cafe_restaurant","name":"SESERAGI  炭火酒家","category":"food","address":"静岡県沼津市市場町2-1 ３階","source":"厚生労働省 食品衛生申請等システム（オープンデータ）","municipality_code":"22203","municipality_pref":"静岡県","municipality_name":"沼津市","municipality_code_method":"food_exact_coord"},"geometry":{"type":"Point","coordinates":[138.860965,35.097416]}},{"type":"Feature","properties":{"layer_id":"cafe_restaurant","name":"沼津港　あした葉","category":"food","address":"静岡県沼津市千本港町１０９","source":"厚生労働省 食品衛生申請等システム（オープンデータ）","municipality_code":"22203","municipality_pref":"静岡県","municipality_name":"沼津市","municipality_code_method":"food_exact_coord"},"geometry":{"type":"Point","coordinates":[138.857888,35.08368]}},{"type":"Feature","properties":{"layer_id":"cafe_restaurant","name":"港のキッチンふかっちぇ","category":"food","address":"静岡県沼津市戸田338-1","source":"厚生労働省 食品衛生申請等システム（オープンデータ）","municipality_code":"22203","municipality_pref":"静岡県","municipality_name":"沼津市","municipality_code_method":"food_exact_coord"},"geometry":{"type":"Point","coordinates":[138.778038,34.97235]}},{"type":"Feature","properties":{"layer_id":"cafe_restaurant","name":"ホピ・ジーベース","category":"food","address":"静岡県沼津市御幸町２１－１２ 鈴木ビル１Ｆ","source":"厚生労働省 食品衛生申請等システム（オープンデータ）","municipality_code":"22203","municipality_pref":"静岡県","municipality_name":"沼津市","municipality_code_method":"food_exact_coord"},"geometry":{"type":"Point","coordinates":[138.8655635,35.0945225]}},{"type":"Feature","properties":{"layer_id":"cafe_restaurant","name":"Pupu CAFE","category":"food","address":"静岡県沼津市東椎路285-1 の.となり　F,G,H室","source":"厚生労働省 食品衛生申請等システム（オープンデータ）","municipality_code":"22203","municipality_pref":"静岡県","municipality_name":"沼津市","municipality_code_method":"food_exact_coord"},"geometry":{"type":"Point","coordinates":[138.841764,35.121212]}},{"type":"Feature","properties":{"layer_id":"cafe_restaurant","name":"カフェ・ダイニング　Ｊ・みーと","category":"food","address":"静岡県沼津市大手町５ー６－２２ マザーグースビル１Ｆ","source":"厚生労働省 食品衛生申請等システム（オープンデータ）","municipality_code":"22203","municipality_pref":"静岡県","municipality_name":"沼津市","municipality_code_method":"food_exact_coord"},"geometry":{"type":"Point","coordinates":[138.857922,35.099876]}},{"type":"Feature","properties":{"layer_id":"cafe_restaurant","name":"酔族館　R.L.","category":"food","address":"静岡県沼津市高島町22-13","source":"厚生労働省 食品衛生申請等システム（オープンデータ）","municipality_code":"22203","municipality_pref":"静岡県","municipality_name":"沼津市","municipality_code_method":"food_exact_coord"},"geometry":{"type":"Point","coordinates":[138.857293,35.105398]}},{"type":"Feature","properties":{"layer_id":"cafe_restaurant","name":"香凛","category":"food","address":"静岡県沼津市大手町１－２－５ 杉山ビル１A","source":"厚生労働省 食品衛生申請等システム（オープンデータ）","municipality_code":"22203","municipality_pref":"静岡県","municipality_name":"沼津市","municipality_code_method":"food_exact_coord"},"geometry":{"type":"Point","coordinates":[138.861152,35.102638]}},{"type":"Feature","properties":{"layer_id":"cafe_restaurant","name":"CROSSXKITCHEN","category":"food","address":"静岡県沼津市西浦平沢５１７－４ らららサンビーチ内","source":"厚生労働省 食品衛生申請等システム（オープンデータ）","municipality_code":"22203","municipality_pref":"静岡県","municipality_name":"沼津市","municipality_code_method":"food_exact_coord"},"geometry":{"type":"Point","coordinates":[138.861162,35.019893]}},{"type":"Feature","properties":{"layer_id":"cafe_restaurant","name":"肉のくわばら","category":"food","address":"静岡県沼津市大手町１－１－１ アントレ１階","source":"厚生労働省 食品衛生申請等システム（オープンデータ）","municipality_code":"22203","municipality_pref":"静岡県","municipality_name":"沼津市","municipality_code_method":"food_exact_coord"},"geometry":{"type":"Point","coordinates":[138.859974,35.10388]}},{"type":"Feature","properties":{"layer_id":"cafe_restaurant","name":"Michi Quan","category":"food","address":"静岡県沼津市大手町4-4-7","source":"厚生労働省 食品衛生申請等システム（オープンデータ）","municipality_code":"22203","municipality_pref":"静岡県","municipality_name":"沼津市","municipality_code_method":"food_exact_coord"},"geometry":{"type":"Point","coordinates":[138.858263,35.098963]}},{"type":"Feature","properties":{"layer_id":"cafe_restaurant","name":"Michi合同会社","category":"food","address":"静岡県沼津市大手町4-4-10 Izuビル22 2F","source":"厚生労働省 食品衛生申請等システム（オープンデータ）","municipality_code":"22203","municipality_pref":"静岡県","municipality_name":"沼津市","municipality_code_method":"food_exact_coord"},"geometry":{"type":"Point","coordinates":[138.858086,35.09895]}},{"type":"Feature","properties":{"layer_id":"cafe_restaurant","name":"ひものセンター","category":"food","address":"静岡県沼津市千本港町128","source":"厚生労働省 食品衛生申請等システム（オープンデータ）","municipality_code":"22203","municipality_pref":"静岡県","municipality_name":"沼津市","municipality_code_method":"food_exact_coord"},"geometry":{"type":"Point","coordinates":[138.85639,35.0839]}},{"type":"Feature","properties":{"layer_id":"cafe_restaurant","name":"駿河美食せと","category":"food","address":"静岡県沼津市東椎路８４４ 春の木ハイツ１０１","source":"厚生労働省 食品衛生申請等システム（オープンデータ）","municipality_code":"22203","municipality_pref":"静岡県","municipality_name":"沼津市","municipality_code_method":"food_exact_coord"},"geometry":{"type":"Point","coordinates":[138.837145,35.128607]}},{"type":"Feature","properties":{"layer_id":"cafe_restaurant","name":"さつま","category":"food","address":"静岡県沼津市筒井町７－１０ 大黒ビル","source":"厚生労働省 食品衛生申請等システム（オープンデータ）","municipality_code":"22203","municipality_pref":"静岡県","municipality_name":"沼津市","municipality_code_method":"food_exact_coord"},"geometry":{"type":"Point","coordinates":[138.863737,35.120299]}},{"type":"Feature","properties":{"layer_id":"cafe_restaurant","name":"屋台流星/アップドラフト/ボン","category":"food","address":"静岡県沼津市町方町９４","source":"厚生労働省 食品衛生申請等システム（オープンデータ）","municipality_code":"22203","municipality_pref":"静岡県","municipality_name":"沼津市","municipality_code_method":"food_exact_coord"},"geometry":{"type":"Point","coordinates":[138.856874,35.097787]}},{"type":"Feature","properties":{"layer_id":"cafe_restaurant","name":"ピグレット","category":"food","address":"静岡県沼津市大手町5-11-10 双葉ビル２Ｆ","source":"厚生労働省 食品衛生申請等システム（オープンデータ）","municipality_code":"22203","municipality_pref":"静岡県","municipality_name":"沼津市","municipality_code_method":"food_exact_coord"},"geometry":{"type":"Point","coordinates":[138.857065,35.100759]}},{"type":"Feature","properties":{"layer_id":"cafe_restaurant","name":"男前酒場　雄ゆう","category":"food","address":"静岡県沼津市大手町２－３－１ ＷＩＳＥビル２Ｆ","source":"厚生労働省 食品衛生申請等システム（オープンデータ）","municipality_code":"22203","municipality_pref":"静岡県","municipality_name":"沼津市","municipality_code_method":"food_exact_coord"},"geometry":{"type":"Point","coordinates":[138.862166268,35.101328868]}},{"type":"Feature","properties":{"layer_id":"cafe_restaurant","name":"たい焼き　サスケ","category":"food","address":"静岡県沼津市原346-12","source":"厚生労働省 食品衛生申請等システム（オープンデータ）","municipality_code":"22203","municipality_pref":"静岡県","municipality_name":"沼津市","municipality_code_method":"food_exact_coord"},"geometry":{"type":"Point","coordinates":[138.794514,35.12593]}},{"type":"Feature","properties":{"layer_id":"cafe_restaurant","name":"茶釜Cafe169","category":"food","address":"静岡県沼津市今沢169 POTHOUSE","source":"厚生労働省 食品衛生申請等システム（オープンデータ）","municipality_code":"22203","municipality_pref":"静岡県","municipality_name":"沼津市","municipality_code_method":"food_exact_coord"},"geometry":{"type":"Point","coordinates":[138.816028,35.11749]}},{"type":"Feature","properties":{"layer_id":"cafe_restaurant","name":"ベアードビールステーション　沼津","category":"food","address":"静岡県沼津市上土町　51 沼津上土町APビル　a号室","source":"厚生労働省 食品衛生申請等システム（オープンデータ）","municipality_code":"22203","municipality_pref":"静岡県","municipality_name":"沼津市","municipality_code_method":"food_exact_coord"},"geometry":{"type":"Point","coordinates":[138.857811,35.097202]}},{"type":"Feature","properties":{"layer_id":"cafe_restaurant","name":"鮨　DXB","category":"food","address":"静岡県沼津市魚町５－２０１－１ シャリエ沼津御成橋２F","source":"厚生労働省 食品衛生申請等システム（オープンデータ）","municipality_code":"22203","municipality_pref":"静岡県","municipality_name":"沼津市","municipality_code_method":"food_exact_coord"},"geometry":{"type":"Point","coordinates":[138.857937,35.095617]}},{"type":"Feature","properties":{"layer_id":"cafe_restaurant","name":"ふるさとホーム沼津片浜","category":"food","address":"静岡県沼津市松長３０２－３","source":"厚生労働省 食品衛生申請等システム（オープンデータ）","municipality_code":"22203","municipality_pref":"静岡県","municipality_name":"沼津市","municipality_code_method":"food_exact_coord"},"geometry":{"type":"Point","coordinates":[138.823634,35.115937]}},{"type":"Feature","properties":{"layer_id":"cafe_restaurant","name":"ふるさとホーム沼津香貫","category":"food","address":"静岡県沼津市上香貫二瀬川町１４８６－１４","source":"厚生労働省 食品衛生申請等システム（オープンデータ）","municipality_code":"22203","municipality_pref":"静岡県","municipality_name":"沼津市","municipality_code_method":"food_exact_coord"},"geometry":{"type":"Point","coordinates":[138.870244,35.086544]}},{"type":"Feature","properties":{"layer_id":"cafe_restaurant","name":"まきじ","category":"food","address":"静岡県沼津市千本緑町1-19","source":"厚生労働省 食品衛生申請等システム（オープンデータ）","municipality_code":"22203","municipality_pref":"静岡県","municipality_name":"沼津市","municipality_code_method":"food_exact_coord"},"geometry":{"type":"Point","coordinates":[138.852494,35.092807]}},{"type":"Feature","properties":{"layer_id":"cafe_restaurant","name":"IC","category":"food","address":"静岡県沼津市添地町135 稲垣ビル1階","source":"厚生労働省 食品衛生申請等システム（オープンデータ）","municipality_code":"22203","municipality_pref":"静岡県","municipality_name":"沼津市","municipality_code_method":"food_exact_coord"},"geometry":{"type":"Point","coordinates":[138.856188,35.100844]}},{"type":"Feature","properties":{"layer_id":"cafe_restaurant","name":"ROCKET CHICKEN FC001","category":"food","address":"静岡県沼津市大手町１－１－１","source":"厚生労働省 食品衛生申請等システム（オープンデータ）","municipality_code":"22203","municipality_pref":"静岡県","municipality_name":"沼津市","municipality_code_method":"food_exact_coord"},"geometry":{"type":"Point","coordinates":[138.859648,35.103765]}},{"type":"Feature","properties":{"layer_id":"cafe_restaurant","name":"ローソン沼津足高店","category":"food","address":"静岡県沼津市足高２７６－２５","source":"厚生労働省 食品衛生申請等システム（オープンデータ）","municipality_code":"22203","municipality_pref":"静岡県","municipality_name":"沼津市","municipality_code_method":"food_exact_coord"},"geometry":{"type":"Point","coordinates":[138.851013,35.160663]}},{"type":"Feature","properties":{"layer_id":"cafe_restaurant","name":"沼津丼丸　駅北本店","category":"food","address":"静岡県沼津市高島町２１－２１","source":"厚生労働省 食品衛生申請等システム（オープンデータ）","municipality_code":"22203","municipality_pref":"静岡県","municipality_name":"沼津市","municipality_code_method":"food_exact_coord"},"geometry":{"type":"Point","coordinates":[138.857992,35.105246]}},{"type":"Feature","properties":{"layer_id":"cafe_restaurant","name":"さえ丸おじさんの店　沼津駅南口店","category":"food","address":"静岡県沼津市大手町５－２－２２ 大手町第二ビル２Ｆ","source":"厚生労働省 食品衛生申請等システム（オープンデータ）","municipality_code":"22203","municipality_pref":"静岡県","municipality_name":"沼津市","municipality_code_method":"food_exact_coord"},"geometry":{"type":"Point","coordinates":[138.858725,35.101542]}},{"type":"Feature","properties":{"layer_id":"cafe_restaurant","name":"焼肉飯店　京昌園　ららぽーと沼津店","category":"food","address":"静岡県沼津市東椎路３０１－３ ららぽーと沼津１５０３０","source":"厚生労働省 食品衛生申請等システム（オープンデータ）","municipality_code":"22203","municipality_pref":"静岡県","municipality_name":"沼津市","municipality_code_method":"food_exact_coord"},"geometry":{"type":"Point","coordinates":[138.841906,35.120419]}},{"type":"Feature","properties":{"layer_id":"cafe_restaurant","name":"TANZ","category":"food","address":"静岡県沼津市町方町37 セントラルアネックスビル2F","source":"厚生労働省 食品衛生申請等システム（オープンデータ）","municipality_code":"22203","municipality_pref":"静岡県","municipality_name":"沼津市","municipality_code_method":"food_exact_coord"},"geometry":{"type":"Point","coordinates":[138.857431,35.097697]}},{"type":"Feature","properties":{"layer_id":"cafe_restaurant","name":"夜のヒットスタジオ","category":"food","address":"静岡県沼津市高島町17-1 あさひビル1F","source":"厚生労働省 食品衛生申請等システム（オープンデータ）","municipality_code":"22203","municipality_pref":"静岡県","municipality_name":"沼津市","municipality_code_method":"food_exact_coord"},"geometry":{"type":"Point","coordinates":[138.857727,35.103756]}},{"type":"Feature","properties":{"layer_id":"cafe_restaurant","name":"Ｅ’ｓ　Ｂａｒ","category":"food","address":"静岡県沼津市高島町２７－３ 第七ティ・エス・ビル１階","source":"厚生労働省 食品衛生申請等システム（オープンデータ）","municipality_code":"22203","municipality_pref":"静岡県","municipality_name":"沼津市","municipality_code_method":"food_exact_coord"},"geometry":{"type":"Point","coordinates":[138.85790949100002,35.105457105]}},{"type":"Feature","properties":{"layer_id":"cafe_restaurant","name":"Club　響","category":"food","address":"静岡県沼津市高島町２７－３ 第七ティ・エス・ビル２階","source":"厚生労働省 食品衛生申請等システム（オープンデータ）","municipality_code":"22203","municipality_pref":"静岡県","municipality_name":"沼津市","municipality_code_method":"food_exact_coord"},"geometry":{"type":"Point","coordinates":[138.857953,35.105523]}},{"type":"Feature","properties":{"layer_id":"cafe_restaurant","name":"ＣＬＵＢ　ＴＩＧＲＥ","category":"food","address":"静岡県沼津市高島町１５－２ 第１２ティ・エス・ビル２階","source":"厚生労働省 食品衛生申請等システム（オープンデータ）","municipality_code":"22203","municipality_pref":"静岡県","municipality_name":"沼津市","municipality_code_method":"food_exact_coord"},"geometry":{"type":"Point","coordinates":[138.858546,35.10553]}},{"type":"Feature","properties":{"layer_id":"cafe_restaurant","name":"しずぎん沼津クラブ","category":"food","address":"静岡県沼津市大手町４－３－４５ アゴラ沼津ビル８Ｆ","source":"厚生労働省 食品衛生申請等システム（オープンデータ）","municipality_code":"22203","municipality_pref":"静岡県","municipality_name":"沼津市","municipality_code_method":"food_exact_coord"},"geometry":{"type":"Point","coordinates":[138.858602892,35.09816621]}},{"type":"Feature","properties":{"layer_id":"cafe_restaurant","name":"Tokuzou Tacos","category":"food","address":"静岡県沼津市千本港町91","source":"厚生労働省 食品衛生申請等システム（オープンデータ）","municipality_code":"22203","municipality_pref":"静岡県","municipality_name":"沼津市","municipality_code_method":"food_exact_coord"},"geometry":{"type":"Point","coordinates":[138.857919,35.084225]}},{"type":"Feature","properties":{"layer_id":"cafe_restaurant","name":"そば処重","category":"food","address":"静岡県沼津市桃里３８６－１","source":"厚生労働省 食品衛生申請等システム（オープンデータ）","municipality_code":"22203","municipality_pref":"静岡県","municipality_name":"沼津市","municipality_code_method":"food_exact_coord"},"geometry":{"type":"Point","coordinates":[138.758626,35.135098]}},{"type":"Feature","properties":{"layer_id":"cafe_restaurant","name":"シェアザスープキッチン富士山号","category":"food","address":"静岡県沼津市東熊堂600－1","source":"厚生労働省 食品衛生申請等システム（オープンデータ）","municipality_code":"22203","municipality_pref":"静岡県","municipality_name":"沼津市","municipality_code_method":"food_exact_coord"},"geometry":{"type":"Point","coordinates":[138.860199,35.12187]}},{"type":"Feature","properties":{"layer_id":"cafe_restaurant","name":"ベイカーズ　ダズン","category":"food","address":"静岡県沼津市町方町９－１ 富士屋ビル１Ｆ","source":"厚生労働省 食品衛生申請等システム（オープンデータ）","municipality_code":"22203","municipality_pref":"静岡県","municipality_name":"沼津市","municipality_code_method":"food_exact_coord"},"geometry":{"type":"Point","coordinates":[138.857761,35.098265]}},{"type":"Feature","properties":{"layer_id":"cafe_restaurant","name":"つむぎ食堂","category":"food","address":"静岡県沼津市高島本町16-10 沼津タワービル1階","source":"厚生労働省 食品衛生申請等システム（オープンデータ）","municipality_code":"22203","municipality_pref":"静岡県","municipality_name":"沼津市","municipality_code_method":"food_exact_coord"},"geometry":{"type":"Point","coordinates":[138.859334,35.111009]}},{"type":"Feature","properties":{"layer_id":"cafe_restaurant","name":"CURE","category":"food","address":"静岡県沼津市今沢362-1 杉山ビル 1F 北","source":"厚生労働省 食品衛生申請等システム（オープンデータ）","municipality_code":"22203","municipality_pref":"静岡県","municipality_name":"沼津市","municipality_code_method":"food_exact_coord"},"geometry":{"type":"Point","coordinates":[138.814292,35.11947]}},{"type":"Feature","properties":{"layer_id":"cafe_restaurant","name":"三交イン沼津駅前","category":"food","address":"静岡県沼津市大手町５－３－２２","source":"厚生労働省 食品衛生申請等システム（オープンデータ）","municipality_code":"22203","municipality_pref":"静岡県","municipality_name":"沼津市","municipality_code_method":"food_exact_coord"},"geometry":{"type":"Point","coordinates":[138.858776,35.101028]}},{"type":"Feature","properties":{"layer_id":"cafe_restaurant","name":"猫煮干","category":"food","address":"静岡県沼津市平町１１－１１ 一杉ビル1階","source":"厚生労働省 食品衛生申請等システム（オープンデータ）","municipality_code":"22203","municipality_pref":"静岡県","municipality_name":"沼津市","municipality_code_method":"food_exact_coord"},"geometry":{"type":"Point","coordinates":[138.865575,35.100483]}},{"type":"Feature","properties":{"layer_id":"cafe_restaurant","name":"キノフーズ","category":"food","address":"静岡県沼津市石川６２２－８","source":"厚生労働省 食品衛生申請等システム（オープンデータ）","municipality_code":"22203","municipality_pref":"静岡県","municipality_name":"沼津市","municipality_code_method":"food_exact_coord"},"geometry":{"type":"Point","coordinates":[138.776288,35.150999]}},{"type":"Feature","properties":{"layer_id":"cafe_restaurant","name":"うな匠","category":"food","address":"静岡県沼津市千本緑町２－９－１","source":"厚生労働省 食品衛生申請等システム（オープンデータ）","municipality_code":"22203","municipality_pref":"静岡県","municipality_name":"沼津市","municipality_code_method":"food_exact_coord"},"geometry":{"type":"Point","coordinates":[138.853728,35.092487]}},{"type":"Feature","properties":{"layer_id":"cafe_restaurant","name":"オーシャンビューフジミ","category":"food","address":"静岡県沼津市西浦江梨９９３","source":"厚生労働省 食品衛生申請等システム（オープンデータ）","municipality_code":"22203","municipality_pref":"静岡県","municipality_name":"沼津市","municipality_code_method":"food_exact_coord"},"geometry":{"type":"Point","coordinates":[138.800169,35.01328]}},{"type":"Feature","properties":{"layer_id":"cafe_restaurant","name":"串肉　鳥松","category":"food","address":"静岡県沼津市上土町86-102","source":"厚生労働省 食品衛生申請等システム（オープンデータ）","municipality_code":"22203","municipality_pref":"静岡県","municipality_name":"沼津市","municipality_code_method":"food_exact_coord"},"geometry":{"type":"Point","coordinates":[138.857953,35.098197]}},{"type":"Feature","properties":{"layer_id":"cafe_restaurant","name":"アリヤタイ料理","category":"food","address":"静岡県沼津市高島町5-10 小泉ビル中央","source":"厚生労働省 食品衛生申請等システム（オープンデータ）","municipality_code":"22203","municipality_pref":"静岡県","municipality_name":"沼津市","municipality_code_method":"food_exact_coord"},"geometry":{"type":"Point","coordinates":[138.859255,35.105187]}},{"type":"Feature","properties":{"layer_id":"cafe_restaurant","name":"ピザ－ラ沼津店","category":"food","address":"静岡県沼津市三園町３－１","source":"厚生労働省 食品衛生申請等システム（オープンデータ）","municipality_code":"22203","municipality_pref":"静岡県","municipality_name":"沼津市","municipality_code_method":"food_exact_coord"},"geometry":{"type":"Point","coordinates":[138.86584,35.091769]}},{"type":"Feature","properties":{"layer_id":"cafe_restaurant","name":"ピザ－ラ沼津中央店","category":"food","address":"静岡県沼津市花園町２１－１２","source":"厚生労働省 食品衛生申請等システム（オープンデータ）","municipality_code":"22203","municipality_pref":"静岡県","municipality_name":"沼津市","municipality_code_method":"food_exact_coord"},"geometry":{"type":"Point","coordinates":[138.871818,35.121101]}},{"type":"Feature","properties":{"layer_id":"cafe_restaurant","name":"炭火焼肉　牛角　沼津西店","category":"food","address":"静岡県沼津市東椎路字春ノ木４９６－１","source":"厚生労働省 食品衛生申請等システム（オープンデータ）","municipality_code":"22203","municipality_pref":"静岡県","municipality_name":"沼津市","municipality_code_method":"food_exact_coord"},"geometry":{"type":"Point","coordinates":[138.837225,35.127592]}},{"type":"Feature","properties":{"layer_id":"cafe_restaurant","name":"ピザーラ　沼津西店","category":"food","address":"静岡県沼津市東椎路８３８－２ メゾンオオタケⅡ","source":"厚生労働省 食品衛生申請等システム（オープンデータ）","municipality_code":"22203","municipality_pref":"静岡県","municipality_name":"沼津市","municipality_code_method":"food_exact_coord"},"geometry":{"type":"Point","coordinates":[138.837145,35.128607]}},{"type":"Feature","properties":{"layer_id":"cafe_restaurant","name":"沼津濃厚タンメン八萬ＢｉＶｉ沼津店","category":"food","address":"静岡県沼津市大手町１－１－５ ＢｉＶｉ沼津１階","source":"厚生労働省 食品衛生申請等システム（オープンデータ）","municipality_code":"22203","municipality_pref":"静岡県","municipality_name":"沼津市","municipality_code_method":"food_exact_coord"},"geometry":{"type":"Point","coordinates":[138.860845,35.103435]}},{"type":"Feature","properties":{"layer_id":"cafe_restaurant","name":"串カツ田中　ＢｉＶｉ沼津店","category":"food","address":"静岡県沼津市大手町１－１－５ ＢｉＶｉ沼津１Ｆ","source":"厚生労働省 食品衛生申請等システム（オープンデータ）","municipality_code":"22203","municipality_pref":"静岡県","municipality_name":"沼津市","municipality_code_method":"food_exact_coord"},"geometry":{"type":"Point","coordinates":[138.860845,35.103435]}},{"type":"Feature","properties":{"layer_id":"cafe_restaurant","name":"うまげなららぽーと沼津店","category":"food","address":"静岡県沼津市東椎路字東荒301番地3 ららぽーと沼津　3階フードコート（37015）","source":"厚生労働省 食品衛生申請等システム（オープンデータ）","municipality_code":"22203","municipality_pref":"静岡県","municipality_name":"沼津市","municipality_code_method":"food_exact_coord"},"geometry":{"type":"Point","coordinates":[138.774821,35.148904]}},{"type":"Feature","properties":{"layer_id":"cafe_restaurant","name":"田子重西島町店","category":"food","address":"静岡県沼津市西島町18番18号","source":"厚生労働省 食品衛生申請等システム（オープンデータ）","municipality_code":"22203","municipality_pref":"静岡県","municipality_name":"沼津市","municipality_code_method":"food_exact_coord"},"geometry":{"type":"Point","coordinates":[138.864111,35.083816]}},{"type":"Feature","properties":{"layer_id":"cafe_restaurant","name":"ゴンチャ ららぽーと沼津店","category":"food","address":"静岡県沼津市東椎路字東荒301番地3 ららぽーと沼津 1F","source":"厚生労働省 食品衛生申請等システム（オープンデータ）","municipality_code":"22203","municipality_pref":"静岡県","municipality_name":"沼津市","municipality_code_method":"food_exact_coord"},"geometry":{"type":"Point","coordinates":[138.774821,35.148904]}},{"type":"Feature","properties":{"layer_id":"cafe_restaurant","name":"キッチン　もみじ","category":"food","address":"静岡県沼津市原９２３－１","source":"厚生労働省 食品衛生申請等システム（オープンデータ）","municipality_code":"22203","municipality_pref":"静岡県","municipality_name":"沼津市","municipality_code_method":"food_exact_coord"},"geometry":{"type":"Point","coordinates":[138.800523912,35.124693751]}},{"type":"Feature","properties":{"layer_id":"cafe_restaurant","name":"Ｒａｄｉｏ　Ｓｔａｔｉｏｎ","category":"food","address":"静岡県沼津市大岡１７０５－１１","source":"厚生労働省 食品衛生申請等システム（オープンデータ）","municipality_code":"22203","municipality_pref":"静岡県","municipality_name":"沼津市","municipality_code_method":"food_exact_coord"},"geometry":{"type":"Point","coordinates":[138.882746,35.121268]}},{"type":"Feature","properties":{"layer_id":"cafe_restaurant","name":"松の木","category":"food","address":"静岡県沼津市下香貫塩場３０６７－５","source":"厚生労働省 食品衛生申請等システム（オープンデータ）","municipality_code":"22203","municipality_pref":"静岡県","municipality_name":"沼津市","municipality_code_method":"food_exact_coord"},"geometry":{"type":"Point","coordinates":[138.87803,35.078706]}},{"type":"Feature","properties":{"layer_id":"cafe_restaurant","name":"鮪小屋本店","category":"food","address":"静岡県沼津市大手町５－３－３","source":"厚生労働省 食品衛生申請等システム（オープンデータ）","municipality_code":"22203","municipality_pref":"静岡県","municipality_name":"沼津市","municipality_code_method":"food_exact_coord"},"geometry":{"type":"Point","coordinates":[138.858889,35.100894]}},{"type":"Feature","properties":{"layer_id":"cafe_restaurant","name":"横浜家系ラーメン　新沼津国一魂心家","category":"food","address":"静岡県沼津市東椎路４８１－１","source":"厚生労働省 食品衛生申請等システム（オープンデータ）","municipality_code":"22203","municipality_pref":"静岡県","municipality_name":"沼津市","municipality_code_method":"food_exact_coord"},"geometry":{"type":"Point","coordinates":[138.836635,35.11658]}},{"type":"Feature","properties":{"layer_id":"cafe_restaurant","name":"韓国料理　順菜","category":"food","address":"静岡県沼津市大岡３８０９－５","source":"厚生労働省 食品衛生申請等システム（オープンデータ）","municipality_code":"22203","municipality_pref":"静岡県","municipality_name":"沼津市","municipality_code_method":"food_exact_coord"},"geometry":{"type":"Point","coordinates":[138.886476,35.129467]}},{"type":"Feature","properties":{"layer_id":"cafe_restaurant","name":"田楽家","category":"food","address":"静岡県沼津市本郷町１０－７","source":"厚生労働省 食品衛生申請等システム（オープンデータ）","municipality_code":"22203","municipality_pref":"静岡県","municipality_name":"沼津市","municipality_code_method":"food_exact_coord"},"geometry":{"type":"Point","coordinates":[138.870261851,35.096382494]}},{"type":"Feature","properties":{"layer_id":"cafe_restaurant","name":"居酒屋　風","category":"food","address":"静岡県沼津市黒瀬町４５","source":"厚生労働省 食品衛生申請等システム（オープンデータ）","municipality_code":"22203","municipality_pref":"静岡県","municipality_name":"沼津市","municipality_code_method":"food_exact_coord"},"geometry":{"type":"Point","coordinates":[138.872593,35.097796]}},{"type":"Feature","properties":{"layer_id":"cafe_restaurant","name":"アーレス・コート","category":"food","address":"静岡県沼津市吉田町２５－１８","source":"厚生労働省 食品衛生申請等システム（オープンデータ）","municipality_code":"22203","municipality_pref":"静岡県","municipality_name":"沼津市","municipality_code_method":"food_exact_coord"},"geometry":{"type":"Point","coordinates":[138.860447078,35.093355127]}},{"type":"Feature","properties":{"layer_id":"cafe_restaurant","name":"セブン－イレブン沼津吉田店","category":"food","address":"静岡県沼津市吉田町３４－１","source":"厚生労働省 食品衛生申請等システム（オープンデータ）","municipality_code":"22203","municipality_pref":"静岡県","municipality_name":"沼津市","municipality_code_method":"food_exact_coord"},"geometry":{"type":"Point","coordinates":[138.86204322,35.092846225]}},{"type":"Feature","properties":{"layer_id":"cafe_restaurant","name":"渡辺商店","category":"food","address":"静岡県沼津市志下７０４－６","source":"厚生労働省 食品衛生申請等システム（オープンデータ）","municipality_code":"22203","municipality_pref":"静岡県","municipality_name":"沼津市","municipality_code_method":"food_exact_coord"},"geometry":{"type":"Point","coordinates":[138.882706,35.064778]}},{"type":"Feature","properties":{"layer_id":"cafe_restaurant","name":"華いち","category":"food","address":"静岡県沼津市御幸町２２－３６","source":"厚生労働省 食品衛生申請等システム（オープンデータ）","municipality_code":"22203","municipality_pref":"静岡県","municipality_name":"沼津市","municipality_code_method":"food_exact_coord"},"geometry":{"type":"Point","coordinates":[138.865055853,35.093244594]}},{"type":"Feature","properties":{"layer_id":"cafe_restaurant","name":"リストランテ　アウラ","category":"food","address":"静岡県沼津市吉田町３１－１２ パールマンション１Ｆ","source":"厚生労働省 食品衛生申請等システム（オープンデータ）","municipality_code":"22203","municipality_pref":"静岡県","municipality_name":"沼津市","municipality_code_method":"food_exact_coord"},"geometry":{"type":"Point","coordinates":[138.863279769,35.093766436]}},{"type":"Feature","properties":{"layer_id":"cafe_restaurant","name":"株式会社アルカンシェル","category":"food","address":"静岡県沼津市御幸町７－２１","source":"厚生労働省 食品衛生申請等システム（オープンデータ）","municipality_code":"22203","municipality_pref":"静岡県","municipality_name":"沼津市","municipality_code_method":"food_exact_coord"},"geometry":{"type":"Point","coordinates":[138.866282,35.096869]}},{"type":"Feature","properties":{"layer_id":"cafe_restaurant","name":"香香坊 沼津仲見世店","category":"food","address":"静岡県沼津市大手町５－４－１９ ゴトー仲見世第３ビル","source":"厚生労働省 食品衛生申請等システム（オープンデータ）","municipality_code":"22203","municipality_pref":"静岡県","municipality_name":"沼津市","municipality_code_method":"food_exact_coord"},"geometry":{"type":"Point","coordinates":[138.858284,35.100501]}},{"type":"Feature","properties":{"layer_id":"cafe_restaurant","name":"香香飯店　沼津店","category":"food","address":"静岡県沼津市大手町５－２－１２ イカイ第４ビル１階","source":"厚生労働省 食品衛生申請等システム（オープンデータ）","municipality_code":"22203","municipality_pref":"静岡県","municipality_name":"沼津市","municipality_code_method":"food_exact_coord"},"geometry":{"type":"Point","coordinates":[138.858452,35.101286]}},{"type":"Feature","properties":{"layer_id":"cafe_restaurant","name":"淡路","category":"food","address":"静岡県沼津市内浦重寺１０－６６","source":"厚生労働省 食品衛生申請等システム（オープンデータ）","municipality_code":"22203","municipality_pref":"静岡県","municipality_name":"沼津市","municipality_code_method":"food_exact_coord"},"geometry":{"type":"Point","coordinates":[138.899205,35.033598]}},{"type":"Feature","properties":{"layer_id":"cafe_restaurant","name":"宮元軒","category":"food","address":"静岡県沼津市西浦江梨大瀬３２７","source":"厚生労働省 食品衛生申請等システム（オープンデータ）","municipality_code":"22203","municipality_pref":"静岡県","municipality_name":"沼津市","municipality_code_method":"food_exact_coord"},"geometry":{"type":"Point","coordinates":[138.800169,35.01328]}},{"type":"Feature","properties":{"layer_id":"cafe_restaurant","name":"宮元軒海の家","category":"food","address":"静岡県沼津市西浦江梨字瀬洞９１７－３","source":"厚生労働省 食品衛生申請等システム（オープンデータ）","municipality_code":"22203","municipality_pref":"静岡県","municipality_name":"沼津市","municipality_code_method":"food_exact_coord"},"geometry":{"type":"Point","coordinates":[138.802025,35.012318]}},{"type":"Feature","properties":{"layer_id":"cafe_restaurant","name":"大瀬岬センター憩海荘","category":"food","address":"静岡県沼津市西浦江梨９２０－１","source":"厚生労働省 食品衛生申請等システム（オープンデータ）","municipality_code":"22203","municipality_pref":"静岡県","municipality_name":"沼津市","municipality_code_method":"food_exact_coord"},"geometry":{"type":"Point","coordinates":[138.800169,35.01328]}},{"type":"Feature","properties":{"layer_id":"cafe_restaurant","name":"お伽草紙","category":"food","address":"静岡県沼津市内浦重須３０４－４４","source":"厚生労働省 食品衛生申請等システム（オープンデータ）","municipality_code":"22203","municipality_pref":"静岡県","municipality_name":"沼津市","municipality_code_method":"food_exact_coord"},"geometry":{"type":"Point","coordinates":[138.886381,35.004464]}},{"type":"Feature","properties":{"layer_id":"cafe_restaurant","name":"みのり荘","category":"food","address":"静岡県沼津市江浦１７１－９","source":"厚生労働省 食品衛生申請等システム（オープンデータ）","municipality_code":"22203","municipality_pref":"静岡県","municipality_name":"沼津市","municipality_code_method":"food_exact_coord"},"geometry":{"type":"Point","coordinates":[138.892844,35.05308]}},{"type":"Feature","properties":{"layer_id":"cafe_restaurant","name":"民宿　吉田丸","category":"food","address":"静岡県沼津市西浦古宇３８６","source":"厚生労働省 食品衛生申請等システム（オープンデータ）","municipality_code":"22203","municipality_pref":"静岡県","municipality_name":"沼津市","municipality_code_method":"food_exact_coord"},"geometry":{"type":"Point","coordinates":[138.835186,35.002194]}},{"type":"Feature","properties":{"layer_id":"cafe_restaurant","name":"ＪＥＴ　ＫＩＴＣＨＥＮ","category":"food","address":"静岡県沼津市下香貫下障子３１３８－１","source":"厚生労働省 食品衛生申請等システム（オープンデータ）","municipality_code":"22203","municipality_pref":"静岡県","municipality_name":"沼津市","municipality_code_method":"food_exact_coord"},"geometry":{"type":"Point","coordinates":[138.87803,35.078706]}},{"type":"Feature","properties":{"layer_id":"cafe_restaurant","name":"杉のや","category":"food","address":"静岡県沼津市西島町１５－２２","source":"厚生労働省 食品衛生申請等システム（オープンデータ）","municipality_code":"22203","municipality_pref":"静岡県","municipality_name":"沼津市","municipality_code_method":"food_exact_coord"},"geometry":{"type":"Point","coordinates":[138.864270322,35.085054168]}},{"type":"Feature","properties":{"layer_id":"cafe_restaurant","name":"ぐりむ","category":"food","address":"静岡県沼津市下香貫下障子３１３８－１","source":"厚生労働省 食品衛生申請等システム（オープンデータ）","municipality_code":"22203","municipality_pref":"静岡県","municipality_name":"沼津市","municipality_code_method":"food_exact_coord"},"geometry":{"type":"Point","coordinates":[138.87803,35.078706]}},{"type":"Feature","properties":{"layer_id":"cafe_restaurant","name":"むらさき","category":"food","address":"静岡県沼津市三園町１１－８","source":"厚生労働省 食品衛生申請等システム（オープンデータ）","municipality_code":"22203","municipality_pref":"静岡県","municipality_name":"沼津市","municipality_code_method":"food_exact_coord"},"geometry":{"type":"Point","coordinates":[138.866064558,35.088942534]}},{"type":"Feature","properties":{"layer_id":"cafe_restaurant","name":"セブン‐イレブン沼津下香貫南店","category":"food","address":"静岡県沼津市下香貫４０７－１","source":"厚生労働省 食品衛生申請等システム（オープンデータ）","municipality_code":"22203","municipality_pref":"静岡県","municipality_name":"沼津市","municipality_code_method":"food_exact_coord"},"geometry":{"type":"Point","coordinates":[138.871606,35.077989]}},{"type":"Feature","properties":{"layer_id":"cafe_restaurant","name":"珈琲専科欧蘭陀館","category":"food","address":"静岡県沼津市上香貫三園町１３７３","source":"厚生労働省 食品衛生申請等システム（オープンデータ）","municipality_code":"22203","municipality_pref":"静岡県","municipality_name":"沼津市","municipality_code_method":"food_exact_coord"},"geometry":{"type":"Point","coordinates":[138.878807,35.090802]}},{"type":"Feature","properties":{"layer_id":"cafe_restaurant","name":"三園","category":"food","address":"静岡県沼津市玉江町２－２３","source":"厚生労働省 食品衛生申請等システム（オープンデータ）","municipality_code":"22203","municipality_pref":"静岡県","municipality_name":"沼津市","municipality_code_method":"food_exact_coord"},"geometry":{"type":"Point","coordinates":[138.868945002,35.088412591]}},{"type":"Feature","properties":{"layer_id":"cafe_restaurant","name":"かつや　沼津香貫店","category":"food","address":"静岡県沼津市上香貫１３９３","source":"厚生労働省 食品衛生申請等システム（オープンデータ）","municipality_code":"22203","municipality_pref":"静岡県","municipality_name":"沼津市","municipality_code_method":"food_exact_coord"},"geometry":{"type":"Point","coordinates":[138.878807,35.090802]}},{"type":"Feature","properties":{"layer_id":"cafe_restaurant","name":"レストランＤＡＤＡ","category":"food","address":"静岡県沼津市下香貫下障子３１４０－４","source":"厚生労働省 食品衛生申請等システム（オープンデータ）","municipality_code":"22203","municipality_pref":"静岡県","municipality_name":"沼津市","municipality_code_method":"food_exact_coord"},"geometry":{"type":"Point","coordinates":[138.87803,35.078706]}},{"type":"Feature","properties":{"layer_id":"cafe_restaurant","name":"パスタ屋　一丁目","category":"food","address":"静岡県沼津市大手町１－１－６ イーラｄｅ　２階","source":"厚生労働省 食品衛生申請等システム（オープンデータ）","municipality_code":"22203","municipality_pref":"静岡県","municipality_name":"沼津市","municipality_code_method":"food_exact_coord"},"geometry":{"type":"Point","coordinates":[138.858144,35.102265]}},{"type":"Feature","properties":{"layer_id":"cafe_restaurant","name":"パスタ屋一丁目","category":"food","address":"静岡県沼津市東椎路３０１－３ ららぽーと沼津　３７０１６","source":"厚生労働省 食品衛生申請等システム（オープンデータ）","municipality_code":"22203","municipality_pref":"静岡県","municipality_name":"沼津市","municipality_code_method":"food_exact_coord"},"geometry":{"type":"Point","coordinates":[138.837145,35.128607]}},{"type":"Feature","properties":{"layer_id":"cafe_restaurant","name":"魚菜亭","category":"food","address":"静岡県沼津市下香貫３２１２－４","source":"厚生労働省 食品衛生申請等システム（オープンデータ）","municipality_code":"22203","municipality_pref":"静岡県","municipality_name":"沼津市","municipality_code_method":"food_exact_coord"},"geometry":{"type":"Point","coordinates":[138.87803,35.078706]}},{"type":"Feature","properties":{"layer_id":"cafe_restaurant","name":"珈琲波ン","category":"food","address":"静岡県沼津市下香貫前原１４７４－１","source":"厚生労働省 食品衛生申請等システム（オープンデータ）","municipality_code":"22203","municipality_pref":"静岡県","municipality_name":"沼津市","municipality_code_method":"food_exact_coord"},"geometry":{"type":"Point","coordinates":[138.87803,35.078706]}},{"type":"Feature","properties":{"layer_id":"cafe_restaurant","name":"エバラ焼肉","category":"food","address":"静岡県沼津市大平６３４－３","source":"厚生労働省 食品衛生申請等システム（オープンデータ）","municipality_code":"22203","municipality_pref":"静岡県","municipality_name":"沼津市","municipality_code_method":"food_exact_coord"},"geometry":{"type":"Point","coordinates":[138.902183,35.070875]}},{"type":"Feature","properties":{"layer_id":"cafe_restaurant","name":"印度屋キッチン・ダバ　下香貫店","category":"food","address":"静岡県沼津市下香貫島郷２７８９","source":"厚生労働省 食品衛生申請等システム（オープンデータ）","municipality_code":"22203","municipality_pref":"静岡県","municipality_name":"沼津市","municipality_code_method":"food_exact_coord"},"geometry":{"type":"Point","coordinates":[138.872496,35.075506]}},{"type":"Feature","properties":{"layer_id":"cafe_restaurant","name":"肉のわたなべ","category":"food","address":"静岡県沼津市内浦重寺６－２１","source":"厚生労働省 食品衛生申請等システム（オープンデータ）","municipality_code":"22203","municipality_pref":"静岡県","municipality_name":"沼津市","municipality_code_method":"food_exact_coord"},"geometry":{"type":"Point","coordinates":[138.899205,35.033598]}},{"type":"Feature","properties":{"layer_id":"cafe_restaurant","name":"平沢マリンセンター","category":"food","address":"静岡県沼津市西浦平沢２５－８","source":"厚生労働省 食品衛生申請等システム（オープンデータ）","municipality_code":"22203","municipality_pref":"静岡県","municipality_name":"沼津市","municipality_code_method":"food_exact_coord"},"geometry":{"type":"Point","coordinates":[138.84339,34.990243]}},{"type":"Feature","properties":{"layer_id":"cafe_restaurant","name":"Ｍｉｓｓｉｏｎ　Ｂａｙ","category":"food","address":"静岡県沼津市我入道６９－１","source":"厚生労働省 食品衛生申請等システム（オープンデータ）","municipality_code":"22203","municipality_pref":"静岡県","municipality_name":"沼津市","municipality_code_method":"food_exact_coord"},"geometry":{"type":"Point","coordinates":[138.863662,35.080931]}},{"type":"Feature","properties":{"layer_id":"cafe_restaurant","name":"ゑびす司寿司","category":"food","address":"静岡県沼津市下香貫藤井原１６１７－２","source":"厚生労働省 食品衛生申請等システム（オープンデータ）","municipality_code":"22203","municipality_pref":"静岡県","municipality_name":"沼津市","municipality_code_method":"food_exact_coord"},"geometry":{"type":"Point","coordinates":[138.87803,35.078706]}},{"type":"Feature","properties":{"layer_id":"cafe_restaurant","name":"てくてくキッチン","category":"food","address":"静岡県沼津市富士見町7-43","source":"厚生労働省 食品衛生申請等システム（オープンデータ）","municipality_code":"22203","municipality_pref":"静岡県","municipality_name":"沼津市","municipality_code_method":"food_exact_coord"},"geometry":{"type":"Point","coordinates":[138.869202,35.106295]}},{"type":"Feature","properties":{"layer_id":"cafe_restaurant","name":"ミニストップ沼津内浦店","category":"food","address":"静岡県沼津市内浦小海９１－１０","source":"厚生労働省 食品衛生申請等システム（オープンデータ）","municipality_code":"22203","municipality_pref":"静岡県","municipality_name":"沼津市","municipality_code_method":"food_exact_coord"},"geometry":{"type":"Point","coordinates":[138.896668,35.028313]}},{"type":"Feature","properties":{"layer_id":"cafe_restaurant","name":"茶寮　悠庵","category":"food","address":"静岡県沼津市東原435番地","source":"厚生労働省 食品衛生申請等システム（オープンデータ）","municipality_code":"22203","municipality_pref":"静岡県","municipality_name":"沼津市","municipality_code_method":"food_exact_coord"},"geometry":{"type":"Point","coordinates":[138.863539,35.095606]}},{"type":"Feature","properties":{"layer_id":"cafe_restaurant","name":"FORTH PLACE","category":"food","address":"静岡県沼津市西条町104 東和第2ビル　1F","source":"厚生労働省 食品衛生申請等システム（オープンデータ）","municipality_code":"22203","municipality_pref":"静岡県","municipality_name":"沼津市","municipality_code_method":"food_exact_coord"},"geometry":{"type":"Point","coordinates":[138.855556,35.100429]}},{"type":"Feature","properties":{"layer_id":"cafe_restaurant","name":"ふわふわ","category":"food","address":"静岡県沼津市千本港町124 2F","source":"厚生労働省 食品衛生申請等システム（オープンデータ）","municipality_code":"22203","municipality_pref":"静岡県","municipality_name":"沼津市","municipality_code_method":"food_exact_coord"},"geometry":{"type":"Point","coordinates":[138.857938,35.081957]}},{"type":"Feature","properties":{"layer_id":"cafe_restaurant","name":"ふわふわ","category":"food","address":"静岡県沼津市千本港町124　１F","source":"厚生労働省 食品衛生申請等システム（オープンデータ）","municipality_code":"22203","municipality_pref":"静岡県","municipality_name":"沼津市","municipality_code_method":"food_exact_coord"},"geometry":{"type":"Point","coordinates":[138.857938,35.081957]}},{"type":"Feature","properties":{"layer_id":"cafe_restaurant","name":"沼津魚健海ごはん食堂","category":"food","address":"静岡県沼津市千本港町124","source":"厚生労働省 食品衛生申請等システム（オープンデータ）","municipality_code":"22203","municipality_pref":"静岡県","municipality_name":"沼津市","municipality_code_method":"food_exact_coord"},"geometry":{"type":"Point","coordinates":[138.858017,35.082064]}},{"type":"Feature","properties":{"layer_id":"cafe_restaurant","name":"天丼てんや　沼津原店","category":"food","address":"静岡県沼津市原町中3-13-10","source":"厚生労働省 食品衛生申請等システム（オープンデータ）","municipality_code":"22203","municipality_pref":"静岡県","municipality_name":"沼津市","municipality_code_method":"food_exact_coord"},"geometry":{"type":"Point","coordinates":[138.801941,35.131532]}},{"type":"Feature","properties":{"layer_id":"cafe_restaurant","name":"中華料理　楊家","category":"food","address":"静岡県沼津市若葉町４－１","source":"厚生労働省 食品衛生申請等システム（オープンデータ）","municipality_code":"22203","municipality_pref":"静岡県","municipality_name":"沼津市","municipality_code_method":"food_exact_coord"},"geometry":{"type":"Point","coordinates":[138.856346,35.117225]}},{"type":"Feature","properties":{"layer_id":"cafe_restaurant","name":"和処　梅㐂","category":"food","address":"静岡県沼津市大手町5-7-21 アクシスビル２F","source":"厚生労働省 食品衛生申請等システム（オープンデータ）","municipality_code":"22203","municipality_pref":"静岡県","municipality_name":"沼津市","municipality_code_method":"food_exact_coord"},"geometry":{"type":"Point","coordinates":[138.857722,35.100504]}},{"type":"Feature","properties":{"layer_id":"cafe_restaurant","name":"井里絵","category":"food","address":"静岡県沼津市西浦古宇１６－１０","source":"厚生労働省 食品衛生申請等システム（オープンデータ）","municipality_code":"22203","municipality_pref":"静岡県","municipality_name":"沼津市","municipality_code_method":"food_exact_coord"},"geometry":{"type":"Point","coordinates":[138.845847,35.013681]}},{"type":"Feature","properties":{"layer_id":"cafe_restaurant","name":"峰","category":"food","address":"静岡県沼津市八幡町１２９ モラーダ１０３","source":"厚生労働省 食品衛生申請等システム（オープンデータ）","municipality_code":"22203","municipality_pref":"静岡県","municipality_name":"沼津市","municipality_code_method":"food_exact_coord"},"geometry":{"type":"Point","coordinates":[138.85627,35.097008]}},{"type":"Feature","properties":{"layer_id":"cafe_restaurant","name":"ウボン","category":"food","address":"静岡県沼津市高島町20-8 中央小路NO.１号","source":"厚生労働省 食品衛生申請等システム（オープンデータ）","municipality_code":"22203","municipality_pref":"静岡県","municipality_name":"沼津市","municipality_code_method":"food_exact_coord"},"geometry":{"type":"Point","coordinates":[138.857136,35.104139]}},{"type":"Feature","properties":{"layer_id":"cafe_restaurant","name":"沼津港　眞鯛","category":"food","address":"静岡県沼津市千本港町１１５－４","source":"厚生労働省 食品衛生申請等システム（オープンデータ）","municipality_code":"22203","municipality_pref":"静岡県","municipality_name":"沼津市","municipality_code_method":"food_exact_coord"},"geometry":{"type":"Point","coordinates":[138.857888,35.08368]}},{"type":"Feature","properties":{"layer_id":"cafe_restaurant","name":"アンコネ","category":"food","address":"静岡県沼津市高島町20-8 中央小路　２号","source":"厚生労働省 食品衛生申請等システム（オープンデータ）","municipality_code":"22203","municipality_pref":"静岡県","municipality_name":"沼津市","municipality_code_method":"food_exact_coord"},"geometry":{"type":"Point","coordinates":[138.857136,35.104139]}},{"type":"Feature","properties":{"layer_id":"cafe_restaurant","name":"まるいちＣａｆｅ","category":"food","address":"静岡県沼津市本町１４","source":"厚生労働省 食品衛生申請等システム（オープンデータ）","municipality_code":"22203","municipality_pref":"静岡県","municipality_name":"沼津市","municipality_code_method":"food_exact_coord"},"geometry":{"type":"Point","coordinates":[138.856858844,35.095435503]}},{"type":"Feature","properties":{"layer_id":"cafe_restaurant","name":"あら磯沼津南店","category":"food","address":"静岡県沼津市玉江町6-41","source":"厚生労働省 食品衛生申請等システム（オープンデータ）","municipality_code":"22203","municipality_pref":"静岡県","municipality_name":"沼津市","municipality_code_method":"food_exact_coord"},"geometry":{"type":"Point","coordinates":[138.867901,35.087669]}},{"type":"Feature","properties":{"layer_id":"cafe_restaurant","name":"花の樹","category":"food","address":"静岡県沼津市原１７２１－１１","source":"厚生労働省 食品衛生申請等システム（オープンデータ）","municipality_code":"22203","municipality_pref":"静岡県","municipality_name":"沼津市","municipality_code_method":"food_exact_coord"},"geometry":{"type":"Point","coordinates":[138.804008,35.12996]}},{"type":"Feature","properties":{"layer_id":"cafe_restaurant","name":"沼津市立今沢中学校","category":"food","address":"静岡県沼津市東原下方通289-1","source":"厚生労働省 食品衛生申請等システム（オープンデータ）","municipality_code":"22203","municipality_pref":"静岡県","municipality_name":"沼津市","municipality_code_method":"food_exact_coord"},"geometry":{"type":"Point","coordinates":[138.823394,35.134491]}},{"type":"Feature","properties":{"layer_id":"cafe_restaurant","name":"Romeo","category":"food","address":"静岡県沼津市添地町121 長浜泉ビル1F","source":"厚生労働省 食品衛生申請等システム（オープンデータ）","municipality_code":"22203","municipality_pref":"静岡県","municipality_name":"沼津市","municipality_code_method":"food_exact_coord"},"geometry":{"type":"Point","coordinates":[138.856053,35.101021]}},{"type":"Feature","properties":{"layer_id":"cafe_restaurant","name":"GK6200静岡","category":"food","address":"静岡県沼津市大諏訪６８８","source":"厚生労働省 食品衛生申請等システム（オープンデータ）","municipality_code":"22203","municipality_pref":"静岡県","municipality_name":"沼津市","municipality_code_method":"food_exact_coord"},"geometry":{"type":"Point","coordinates":[138.83328,35.114833]}},{"type":"Feature","properties":{"layer_id":"cafe_restaurant","name":"浜小屋","category":"food","address":"静岡県沼津市西間門２５１－４","source":"厚生労働省 食品衛生申請等システム（オープンデータ）","municipality_code":"22203","municipality_pref":"静岡県","municipality_name":"沼津市","municipality_code_method":"food_exact_coord"},"geometry":{"type":"Point","coordinates":[138.843155,35.103157]}},{"type":"Feature","properties":{"layer_id":"cafe_restaurant","name":"Laugh","category":"food","address":"静岡県沼津市添地町121 長浜泉ビル２F","source":"厚生労働省 食品衛生申請等システム（オープンデータ）","municipality_code":"22203","municipality_pref":"静岡県","municipality_name":"沼津市","municipality_code_method":"food_exact_coord"},"geometry":{"type":"Point","coordinates":[138.856053,35.101021]}},{"type":"Feature","properties":{"layer_id":"cafe_restaurant","name":"うお鶏　沼津店","category":"food","address":"静岡県沼津市大手町５－２－１ 小島ビルＢ１Ｆ","source":"厚生労働省 食品衛生申請等システム（オープンデータ）","municipality_code":"22203","municipality_pref":"静岡県","municipality_name":"沼津市","municipality_code_method":"food_exact_coord"},"geometry":{"type":"Point","coordinates":[138.859011,35.101602]}},{"type":"Feature","properties":{"layer_id":"cafe_restaurant","name":"OTHERS","category":"food","address":"静岡県沼津市町方町２","source":"厚生労働省 食品衛生申請等システム（オープンデータ）","municipality_code":"22203","municipality_pref":"静岡県","municipality_name":"沼津市","municipality_code_method":"food_exact_coord"},"geometry":{"type":"Point","coordinates":[138.857969,35.098277]}},{"type":"Feature","properties":{"layer_id":"cafe_restaurant","name":"魚ぶん","category":"food","address":"静岡県沼津市大手町４－５－５ 魚文ビル１階","source":"厚生労働省 食品衛生申請等システム（オープンデータ）","municipality_code":"22203","municipality_pref":"静岡県","municipality_name":"沼津市","municipality_code_method":"food_exact_coord"},"geometry":{"type":"Point","coordinates":[138.858469,35.098412]}},{"type":"Feature","properties":{"layer_id":"cafe_restaurant","name":"PRIDE","category":"food","address":"静岡県沼津市町方町３８ 大進ビル１Ｆ","source":"厚生労働省 食品衛生申請等システム（オープンデータ）","municipality_code":"22203","municipality_pref":"静岡県","municipality_name":"沼津市","municipality_code_method":"food_exact_coord"},"geometry":{"type":"Point","coordinates":[138.857447,35.097599]}},{"type":"Feature","properties":{"layer_id":"cafe_restaurant","name":"DEEP BLUE","category":"food","address":"静岡県沼津市戸田600-3","source":"厚生労働省 食品衛生申請等システム（オープンデータ）","municipality_code":"22203","municipality_pref":"静岡県","municipality_name":"沼津市","municipality_code_method":"food_exact_coord"},"geometry":{"type":"Point","coordinates":[138.771538,34.969673]}},{"type":"Feature","properties":{"layer_id":"cafe_restaurant","name":"クック匠","category":"food","address":"静岡県沼津市原954-1","source":"厚生労働省 食品衛生申請等システム（オープンデータ）","municipality_code":"22203","municipality_pref":"静岡県","municipality_name":"沼津市","municipality_code_method":"food_exact_coord"},"geometry":{"type":"Point","coordinates":[138.802202,35.124137]}},{"type":"Feature","properties":{"layer_id":"cafe_restaurant","name":"本格インド料理＆和洋ブッフェレストラン　KURIぬまづ店","category":"food","address":"静岡県沼津市大手町１丁目１−４ プラサヴェルデ　ダイワロイネットホテルぬまづ１F","source":"厚生労働省 食品衛生申請等システム（オープンデータ）","municipality_code":"22203","municipality_pref":"静岡県","municipality_name":"沼津市","municipality_code_method":"food_exact_coord"},"geometry":{"type":"Point","coordinates":[138.863048,35.10405]}},{"type":"Feature","properties":{"layer_id":"cafe_restaurant","name":"三十三商店","category":"food","address":"静岡県沼津市我入道津島町296","source":"厚生労働省 食品衛生申請等システム（オープンデータ）","municipality_code":"22203","municipality_pref":"静岡県","municipality_name":"沼津市","municipality_code_method":"food_exact_coord"},"geometry":{"type":"Point","coordinates":[138.859976,35.079065]}},{"type":"Feature","properties":{"layer_id":"cafe_restaurant","name":"デイリーヤマザキ愛鷹ＰＡ店","category":"food","address":"静岡県沼津市宮本４９－１１","source":"厚生労働省 食品衛生申請等システム（オープンデータ）","municipality_code":"22203","municipality_pref":"静岡県","municipality_name":"沼津市","municipality_code_method":"food_exact_coord"},"geometry":{"type":"Point","coordinates":[138.828622,35.170957]}},{"type":"Feature","properties":{"layer_id":"cafe_restaurant","name":"ピッツェリア・トラットリア　イル・ジェルメ","category":"food","address":"静岡県沼津市平町９－１ 松本ビル１階","source":"厚生労働省 食品衛生申請等システム（オープンデータ）","municipality_code":"22203","municipality_pref":"静岡県","municipality_name":"沼津市","municipality_code_method":"food_exact_coord"},"geometry":{"type":"Point","coordinates":[138.866967,35.10048]}},{"type":"Feature","properties":{"layer_id":"cafe_restaurant","name":"Smileきっちん","category":"food","address":"静岡県沼津市大岡800-8","source":"厚生労働省 食品衛生申請等システム（オープンデータ）","municipality_code":"22203","municipality_pref":"静岡県","municipality_name":"沼津市","municipality_code_method":"food_exact_coord"},"geometry":{"type":"Point","coordinates":[138.880222,35.111753]}},{"type":"Feature","properties":{"layer_id":"cafe_restaurant","name":"有限会社やいづ屋商会","category":"food","address":"静岡県沼津市千本港町１２２－４","source":"厚生労働省 食品衛生申請等システム（オープンデータ）","municipality_code":"22203","municipality_pref":"静岡県","municipality_name":"沼津市","municipality_code_method":"food_exact_coord"},"geometry":{"type":"Point","coordinates":[138.857888,35.08368]}},{"type":"Feature","properties":{"layer_id":"cafe_restaurant","name":"SpeakEZ 2nd","category":"food","address":"静岡県沼津市新宿町2-11 新宿街","source":"厚生労働省 食品衛生申請等システム（オープンデータ）","municipality_code":"22203","municipality_pref":"静岡県","municipality_name":"沼津市","municipality_code_method":"food_exact_coord"},"geometry":{"type":"Point","coordinates":[138.859904,35.106394]}},{"type":"Feature","properties":{"layer_id":"cafe_restaurant","name":"Ｎｅｓｔ","category":"food","address":"静岡県沼津市白銀町９－１","source":"厚生労働省 食品衛生申請等システム（オープンデータ）","municipality_code":"22203","municipality_pref":"静岡県","municipality_name":"沼津市","municipality_code_method":"food_exact_coord"},"geometry":{"type":"Point","coordinates":[138.853275,35.100846]}},{"type":"Feature","properties":{"layer_id":"cafe_restaurant","name":"ホテルレックス","category":"food","address":"静岡県沼津市岡宮１４６３－３２","source":"厚生労働省 食品衛生申請等システム（オープンデータ）","municipality_code":"22203","municipality_pref":"静岡県","municipality_name":"沼津市","municipality_code_method":"food_exact_coord"},"geometry":{"type":"Point","coordinates":[138.867815,35.134492]}},{"type":"Feature","properties":{"layer_id":"cafe_restaurant","name":"たかむら","category":"food","address":"静岡県沼津市今沢３６２－１","source":"厚生労働省 食品衛生申請等システム（オープンデータ）","municipality_code":"22203","municipality_pref":"静岡県","municipality_name":"沼津市","municipality_code_method":"food_exact_coord"},"geometry":{"type":"Point","coordinates":[138.81567,35.117987]}},{"type":"Feature","properties":{"layer_id":"cafe_restaurant","name":"ケンタッキーフライドチキンリコー通り店","category":"food","address":"静岡県沼津市北高島町２１－３６","source":"厚生労働省 食品衛生申請等システム（オープンデータ）","municipality_code":"22203","municipality_pref":"静岡県","municipality_name":"沼津市","municipality_code_method":"food_exact_coord"},"geometry":{"type":"Point","coordinates":[138.8592185,35.113464500000006]}},{"type":"Feature","properties":{"layer_id":"cafe_restaurant","name":"アリクイショクドウ","category":"food","address":"静岡県沼津市大岡３３３１－９","source":"厚生労働省 食品衛生申請等システム（オープンデータ）","municipality_code":"22203","municipality_pref":"静岡県","municipality_name":"沼津市","municipality_code_method":"food_exact_coord"},"geometry":{"type":"Point","coordinates":[138.882746,35.121268]}},{"type":"Feature","properties":{"layer_id":"cafe_restaurant","name":"王様のカレーＢｉＶｉ沼津店","category":"food","address":"静岡県沼津市大手町１－１－５－１Ｆ","source":"厚生労働省 食品衛生申請等システム（オープンデータ）","municipality_code":"22203","municipality_pref":"静岡県","municipality_name":"沼津市","municipality_code_method":"food_exact_coord"},"geometry":{"type":"Point","coordinates":[138.860845,35.103435]}},{"type":"Feature","properties":{"layer_id":"cafe_restaurant","name":"出世駅北店","category":"food","address":"静岡県沼津市高島町２１－１ 佐藤ビル１Ｆ北","source":"厚生労働省 食品衛生申請等システム（オープンデータ）","municipality_code":"22203","municipality_pref":"静岡県","municipality_name":"沼津市","municipality_code_method":"food_exact_coord"},"geometry":{"type":"Point","coordinates":[138.85802174,35.104590233]}},{"type":"Feature","properties":{"layer_id":"cafe_restaurant","name":"焼肉海鮮　もいじゃ","category":"food","address":"静岡県沼津市高島町１８－１５ ニュート東新ビル１Ｆ","source":"厚生労働省 食品衛生申請等システム（オープンデータ）","municipality_code":"22203","municipality_pref":"静岡県","municipality_name":"沼津市","municipality_code_method":"food_exact_coord"},"geometry":{"type":"Point","coordinates":[138.855858125,35.104142418]}},{"type":"Feature","properties":{"layer_id":"cafe_restaurant","name":"Ｈａｕｔ Ｖｉｌｌａｇｅ","category":"food","address":"静岡県沼津市高島町２０－７ チュウオウコウジ右２番","source":"厚生労働省 食品衛生申請等システム（オープンデータ）","municipality_code":"22203","municipality_pref":"静岡県","municipality_name":"沼津市","municipality_code_method":"food_exact_coord"},"geometry":{"type":"Point","coordinates":[138.857139882,35.10409657]}},{"type":"Feature","properties":{"layer_id":"cafe_restaurant","name":"漁師のおかず　海老や","category":"food","address":"静岡県沼津市高島町１５－９","source":"厚生労働省 食品衛生申請等システム（オープンデータ）","municipality_code":"22203","municipality_pref":"静岡県","municipality_name":"沼津市","municipality_code_method":"food_exact_coord"},"geometry":{"type":"Point","coordinates":[138.85900656,35.105757359]}},{"type":"Feature","properties":{"layer_id":"cafe_restaurant","name":"ダイヤモンズ","category":"food","address":"静岡県沼津市高島町２１－１３ 和光ビル１階","source":"厚生労働省 食品衛生申請等システム（オープンデータ）","municipality_code":"22203","municipality_pref":"静岡県","municipality_name":"沼津市","municipality_code_method":"food_exact_coord"},"geometry":{"type":"Point","coordinates":[138.857644012,35.105303218]}},{"type":"Feature","properties":{"layer_id":"cafe_restaurant","name":"安富","category":"food","address":"静岡県沼津市高島町２７－２","source":"厚生労働省 食品衛生申請等システム（オープンデータ）","municipality_code":"22203","municipality_pref":"静岡県","municipality_name":"沼津市","municipality_code_method":"food_exact_coord"},"geometry":{"type":"Point","coordinates":[138.858018683,35.105448268]}},{"type":"Feature","properties":{"layer_id":"cafe_restaurant","name":"きずな","category":"food","address":"静岡県沼津市高島町５－１０ 小泉ビル１階","source":"厚生労働省 食品衛生申請等システム（オープンデータ）","municipality_code":"22203","municipality_pref":"静岡県","municipality_name":"沼津市","municipality_code_method":"food_exact_coord"},"geometry":{"type":"Point","coordinates":[138.859284122,35.105265505000006]}},{"type":"Feature","properties":{"layer_id":"cafe_restaurant","name":"美よし","category":"food","address":"静岡県沼津市原１５３０－２ 山田ビル１０５","source":"厚生労働省 食品衛生申請等システム（オープンデータ）","municipality_code":"22203","municipality_pref":"静岡県","municipality_name":"沼津市","municipality_code_method":"food_exact_coord"},"geometry":{"type":"Point","coordinates":[138.802084,35.129811]}},{"type":"Feature","properties":{"layer_id":"cafe_restaurant","name":"九十厨沼津大手町店","category":"food","address":"静岡県沼津市大手町２－９－１０","source":"厚生労働省 食品衛生申請等システム（オープンデータ）","municipality_code":"22203","municipality_pref":"静岡県","municipality_name":"沼津市","municipality_code_method":"food_exact_coord"},"geometry":{"type":"Point","coordinates":[138.861548,35.099914]}},{"type":"Feature","properties":{"layer_id":"cafe_restaurant","name":"高千穂","category":"food","address":"静岡県沼津市新宿町１－１８","source":"厚生労働省 食品衛生申請等システム（オープンデータ）","municipality_code":"22203","municipality_pref":"静岡県","municipality_name":"沼津市","municipality_code_method":"food_exact_coord"},"geometry":{"type":"Point","coordinates":[138.859803,35.107539]}},{"type":"Feature","properties":{"layer_id":"cafe_restaurant","name":"アキラの店","category":"food","address":"静岡県沼津市高島町２７－１６ 大石ビル１階","source":"厚生労働省 食品衛生申請等システム（オープンデータ）","municipality_code":"22203","municipality_pref":"静岡県","municipality_name":"沼津市","municipality_code_method":"food_exact_coord"},"geometry":{"type":"Point","coordinates":[138.858204358,35.105618288]}},{"type":"Feature","properties":{"layer_id":"cafe_restaurant","name":"バル　パザパ","category":"food","address":"静岡県沼津市高島町１４－６ 中本ビル","source":"厚生労働省 食品衛生申請等システム（オープンデータ）","municipality_code":"22203","municipality_pref":"静岡県","municipality_name":"沼津市","municipality_code_method":"food_exact_coord"},"geometry":{"type":"Point","coordinates":[138.859381841,35.105716875]}},{"type":"Feature","properties":{"layer_id":"cafe_restaurant","name":"とりの　とりこ","category":"food","address":"静岡県沼津市新宿町３－２６","source":"厚生労働省 食品衛生申請等システム（オープンデータ）","municipality_code":"22203","municipality_pref":"静岡県","municipality_name":"沼津市","municipality_code_method":"food_exact_coord"},"geometry":{"type":"Point","coordinates":[138.860196,35.105805]}},{"type":"Feature","properties":{"layer_id":"cafe_restaurant","name":"カール","category":"food","address":"静岡県沼津市高島町１４－４","source":"厚生労働省 食品衛生申請等システム（オープンデータ）","municipality_code":"22203","municipality_pref":"静岡県","municipality_name":"沼津市","municipality_code_method":"food_exact_coord"},"geometry":{"type":"Point","coordinates":[138.859187836,35.105658993]}},{"type":"Feature","properties":{"layer_id":"cafe_restaurant","name":"肉居酒屋　カルパス","category":"food","address":"静岡県沼津市高島町14-5","source":"厚生労働省 食品衛生申請等システム（オープンデータ）","municipality_code":"22203","municipality_pref":"静岡県","municipality_name":"沼津市","municipality_code_method":"food_exact_coord"},"geometry":{"type":"Point","coordinates":[138.859105,35.10553]}},{"type":"Feature","properties":{"layer_id":"cafe_restaurant","name":"ｏｓｔｅｒｉａ　ｉｌ　Ｐａｌｉｏ","category":"food","address":"静岡県沼津市大手町５－４－５","source":"厚生労働省 食品衛生申請等システム（オープンデータ）","municipality_code":"22203","municipality_pref":"静岡県","municipality_name":"沼津市","municipality_code_method":"food_exact_coord"},"geometry":{"type":"Point","coordinates":[138.85872,35.100119]}},{"type":"Feature","properties":{"layer_id":"cafe_restaurant","name":"喫茶山雅","category":"food","address":"静岡県沼津市足高202","source":"厚生労働省 食品衛生申請等システム（オープンデータ）","municipality_code":"22203","municipality_pref":"静岡県","municipality_name":"沼津市","municipality_code_method":"food_exact_coord"},"geometry":{"type":"Point","coordinates":[138.851666,35.156992]}},{"type":"Feature","properties":{"layer_id":"cafe_restaurant","name":"ご馳走家　番屋","category":"food","address":"静岡県沼津市大手町５－２－８","source":"厚生労働省 食品衛生申請等システム（オープンデータ）","municipality_code":"22203","municipality_pref":"静岡県","municipality_name":"沼津市","municipality_code_method":"food_exact_coord"},"geometry":{"type":"Point","coordinates":[138.85892,35.101247]}},{"type":"Feature","properties":{"layer_id":"cafe_restaurant","name":"Ｃｉｏｕｓ Ｄｅｌｉ","category":"food","address":"静岡県沼津市大手町３－５－２","source":"厚生労働省 食品衛生申請等システム（オープンデータ）","municipality_code":"22203","municipality_pref":"静岡県","municipality_name":"沼津市","municipality_code_method":"food_exact_coord"},"geometry":{"type":"Point","coordinates":[138.859466,35.101023]}},{"type":"Feature","properties":{"layer_id":"cafe_restaurant","name":"お刺身　炭火焼　つね吉","category":"food","address":"静岡県沼津市大手町２－３－１","source":"厚生労働省 食品衛生申請等システム（オープンデータ）","municipality_code":"22203","municipality_pref":"静岡県","municipality_name":"沼津市","municipality_code_method":"food_exact_coord"},"geometry":{"type":"Point","coordinates":[138.862125,35.101204]}},{"type":"Feature","properties":{"layer_id":"cafe_restaurant","name":"楽菜喜酒　わど","category":"food","address":"静岡県沼津市大手町３－６－２６","source":"厚生労働省 食品衛生申請等システム（オープンデータ）","municipality_code":"22203","municipality_pref":"静岡県","municipality_name":"沼津市","municipality_code_method":"food_exact_coord"},"geometry":{"type":"Point","coordinates":[138.86015,35.100723]}},{"type":"Feature","properties":{"layer_id":"cafe_restaurant","name":"ひよし","category":"food","address":"静岡県沼津市大手町２－８－１２ 間宮コーポ１階宝小路","source":"厚生労働省 食品衛生申請等システム（オープンデータ）","municipality_code":"22203","municipality_pref":"静岡県","municipality_name":"沼津市","municipality_code_method":"food_exact_coord"},"geometry":{"type":"Point","coordinates":[138.861894,35.099889]}},{"type":"Feature","properties":{"layer_id":"cafe_restaurant","name":"ぎおん花や","category":"food","address":"静岡県沼津市大手町１－２－７","source":"厚生労働省 食品衛生申請等システム（オープンデータ）","municipality_code":"22203","municipality_pref":"静岡県","municipality_name":"沼津市","municipality_code_method":"food_exact_coord"},"geometry":{"type":"Point","coordinates":[138.861329,35.102747]}},{"type":"Feature","properties":{"layer_id":"cafe_restaurant","name":"半蔵２","category":"food","address":"静岡県沼津市大手町５－８－１１","source":"厚生労働省 食品衛生申請等システム（オープンデータ）","municipality_code":"22203","municipality_pref":"静岡県","municipality_name":"沼津市","municipality_code_method":"food_exact_coord"},"geometry":{"type":"Point","coordinates":[138.857761,35.100735]}},{"type":"Feature","properties":{"layer_id":"cafe_restaurant","name":"レストランバー　ファラオ","category":"food","address":"静岡県沼津市大手町２－７－９ １Ｆ","source":"厚生労働省 食品衛生申請等システム（オープンデータ）","municipality_code":"22203","municipality_pref":"静岡県","municipality_name":"沼津市","municipality_code_method":"food_exact_coord"},"geometry":{"type":"Point","coordinates":[138.862169,35.100257]}},{"type":"Feature","properties":{"layer_id":"cafe_restaurant","name":"たこやき　サボちゃん","category":"food","address":"静岡県沼津市大手町５－９－１","source":"厚生労働省 食品衛生申請等システム（オープンデータ）","municipality_code":"22203","municipality_pref":"静岡県","municipality_name":"沼津市","municipality_code_method":"food_exact_coord"},"geometry":{"type":"Point","coordinates":[138.858214,35.101511]}},{"type":"Feature","properties":{"layer_id":"cafe_restaurant","name":"山参鶏肉店","category":"food","address":"静岡県沼津市沼北町１－１０－１ プラザパシフィック１０１","source":"厚生労働省 食品衛生申請等システム（オープンデータ）","municipality_code":"22203","municipality_pref":"静岡県","municipality_name":"沼津市","municipality_code_method":"food_exact_coord"},"geometry":{"type":"Point","coordinates":[138.854201,35.114163]}},{"type":"Feature","properties":{"layer_id":"cafe_restaurant","name":"ジンギスカン専門店Ｌａｍｂ’ｓ","category":"food","address":"静岡県沼津市大手町５－２－１ 小島ビル１階","source":"厚生労働省 食品衛生申請等システム（オープンデータ）","municipality_code":"22203","municipality_pref":"静岡県","municipality_name":"沼津市","municipality_code_method":"food_exact_coord"},"geometry":{"type":"Point","coordinates":[138.859011,35.101602]}},{"type":"Feature","properties":{"layer_id":"cafe_restaurant","name":"こ～ひぃ問屋沼津店","category":"food","address":"静岡県沼津市若葉町１４－１６","source":"厚生労働省 食品衛生申請等システム（オープンデータ）","municipality_code":"22203","municipality_pref":"静岡県","municipality_name":"沼津市","municipality_code_method":"food_exact_coord"},"geometry":{"type":"Point","coordinates":[138.854812,35.119465]}},{"type":"Feature","properties":{"layer_id":"cafe_restaurant","name":"ローソン沼津本田町店","category":"food","address":"静岡県沼津市本田町１－２８","source":"厚生労働省 食品衛生申請等システム（オープンデータ）","municipality_code":"22203","municipality_pref":"静岡県","municipality_name":"沼津市","municipality_code_method":"food_exact_coord"},"geometry":{"type":"Point","coordinates":[138.856264,35.109313]}},{"type":"Feature","properties":{"layer_id":"cafe_restaurant","name":"焼肉ドラゴン　東永テクノス","category":"food","address":"静岡県沼津市新沢田町１９－１５","source":"厚生労働省 食品衛生申請等システム（オープンデータ）","municipality_code":"22203","municipality_pref":"静岡県","municipality_name":"沼津市","municipality_code_method":"food_exact_coord"},"geometry":{"type":"Point","coordinates":[138.853359,35.119289]}},{"type":"Feature","properties":{"layer_id":"cafe_restaurant","name":"万華鏡","category":"food","address":"静岡県沼津市沼北町１－２－１２ ２号室","source":"厚生労働省 食品衛生申請等システム（オープンデータ）","municipality_code":"22203","municipality_pref":"静岡県","municipality_name":"沼津市","municipality_code_method":"food_exact_coord"},"geometry":{"type":"Point","coordinates":[138.853724,35.111928]}},{"type":"Feature","properties":{"layer_id":"cafe_restaurant","name":"松の坊","category":"food","address":"静岡県沼津市杉崎町５－４","source":"厚生労働省 食品衛生申請等システム（オープンデータ）","municipality_code":"22203","municipality_pref":"静岡県","municipality_name":"沼津市","municipality_code_method":"food_exact_coord"},"geometry":{"type":"Point","coordinates":[138.864494,35.107007]}},{"type":"Feature","properties":{"layer_id":"cafe_restaurant","name":"カリーの店 うめぞう","category":"food","address":"静岡県沼津市五月町４－２３","source":"厚生労働省 食品衛生申請等システム（オープンデータ）","municipality_code":"22203","municipality_pref":"静岡県","municipality_name":"沼津市","municipality_code_method":"food_exact_coord"},"geometry":{"type":"Point","coordinates":[138.862047,35.11488]}},{"type":"Feature","properties":{"layer_id":"cafe_restaurant","name":"Ｂ－Ｈｏｕｓｅ","category":"food","address":"静岡県沼津市高島本町１２－１４","source":"厚生労働省 食品衛生申請等システム（オープンデータ）","municipality_code":"22203","municipality_pref":"静岡県","municipality_name":"沼津市","municipality_code_method":"food_exact_coord"},"geometry":{"type":"Point","coordinates":[138.861259,35.110223]}},{"type":"Feature","properties":{"layer_id":"cafe_restaurant","name":"鳥文","category":"food","address":"静岡県沼津市筒井町１８－１","source":"厚生労働省 食品衛生申請等システム（オープンデータ）","municipality_code":"22203","municipality_pref":"静岡県","municipality_name":"沼津市","municipality_code_method":"food_exact_coord"},"geometry":{"type":"Point","coordinates":[138.864362,35.118995]}},{"type":"Feature","properties":{"layer_id":"cafe_restaurant","name":"セブン－イレブン沼津寿町店","category":"food","address":"静岡県沼津市寿町３－５","source":"厚生労働省 食品衛生申請等システム（オープンデータ）","municipality_code":"22203","municipality_pref":"静岡県","municipality_name":"沼津市","municipality_code_method":"food_exact_coord"},"geometry":{"type":"Point","coordinates":[138.860297,35.11672]}},{"type":"Feature","properties":{"layer_id":"cafe_restaurant","name":"黄金の雫","category":"food","address":"静岡県沼津市大手町４－５－５","source":"厚生労働省 食品衛生申請等システム（オープンデータ）","municipality_code":"22203","municipality_pref":"静岡県","municipality_name":"沼津市","municipality_code_method":"food_exact_coord"},"geometry":{"type":"Point","coordinates":[138.858547209,35.09835673]}},{"type":"Feature","properties":{"layer_id":"cafe_restaurant","name":"ニューマロン","category":"food","address":"静岡県沼津市原町中２－１４－２８ コーポ大川１階","source":"厚生労働省 食品衛生申請等システム（オープンデータ）","municipality_code":"22203","municipality_pref":"静岡県","municipality_name":"沼津市","municipality_code_method":"food_exact_coord"},"geometry":{"type":"Point","coordinates":[138.799446,35.129817]}},{"type":"Feature","properties":{"layer_id":"cafe_restaurant","name":"ホテルセレクトイン沼津","category":"food","address":"静岡県沼津市岡宮１２８９－１","source":"厚生労働省 食品衛生申請等システム（オープンデータ）","municipality_code":"22203","municipality_pref":"静岡県","municipality_name":"沼津市","municipality_code_method":"food_exact_coord"},"geometry":{"type":"Point","coordinates":[138.864936,35.141959]}},{"type":"Feature","properties":{"layer_id":"cafe_restaurant","name":"キムキムキッチン","category":"food","address":"静岡県沼津市町方町２７－１ セントラルビル１階","source":"厚生労働省 食品衛生申請等システム（オープンデータ）","municipality_code":"22203","municipality_pref":"静岡県","municipality_name":"沼津市","municipality_code_method":"food_exact_coord"},"geometry":{"type":"Point","coordinates":[138.857271948,35.09775826]}},{"type":"Feature","properties":{"layer_id":"cafe_restaurant","name":"昭和レインボー","category":"food","address":"静岡県沼津市大手町４－５－１４","source":"厚生労働省 食品衛生申請等システム（オープンデータ）","municipality_code":"22203","municipality_pref":"静岡県","municipality_name":"沼津市","municipality_code_method":"food_exact_coord"},"geometry":{"type":"Point","coordinates":[138.858019831,35.098707883]}},{"type":"Feature","properties":{"layer_id":"cafe_restaurant","name":"たか木","category":"food","address":"静岡県沼津市大手町４－３－２","source":"厚生労働省 食品衛生申請等システム（オープンデータ）","municipality_code":"22203","municipality_pref":"静岡県","municipality_name":"沼津市","municipality_code_method":"food_exact_coord"},"geometry":{"type":"Point","coordinates":[138.859038454,35.099160095]}},{"type":"Feature","properties":{"layer_id":"cafe_restaurant","name":"ＴＯＭ’Ｓ ＢＡＲ","category":"food","address":"静岡県沼津市大手町４－６－１２ メゾンＭ１Ｆ","source":"厚生労働省 食品衛生申請等システム（オープンデータ）","municipality_code":"22203","municipality_pref":"静岡県","municipality_name":"沼津市","municipality_code_method":"food_exact_coord"},"geometry":{"type":"Point","coordinates":[138.857261012,35.098618344]}},{"type":"Feature","properties":{"layer_id":"cafe_restaurant","name":"ＳＥＧＲＥＴＯ","category":"food","address":"静岡県沼津市大手町４－２－１１","source":"厚生労働省 食品衛生申請等システム（オープンデータ）","municipality_code":"22203","municipality_pref":"静岡県","municipality_name":"沼津市","municipality_code_method":"food_exact_coord"},"geometry":{"type":"Point","coordinates":[138.859998089,35.098299148]}},{"type":"Feature","properties":{"layer_id":"cafe_restaurant","name":"ケルン","category":"food","address":"静岡県沼津市大手町４－５－１４","source":"厚生労働省 食品衛生申請等システム（オープンデータ）","municipality_code":"22203","municipality_pref":"静岡県","municipality_name":"沼津市","municipality_code_method":"food_exact_coord"},"geometry":{"type":"Point","coordinates":[138.858019831,35.098707883]}},{"type":"Feature","properties":{"layer_id":"cafe_restaurant","name":"カフェ　れもん","category":"food","address":"静岡県沼津市末広町２７１","source":"厚生労働省 食品衛生申請等システム（オープンデータ）","municipality_code":"22203","municipality_pref":"静岡県","municipality_name":"沼津市","municipality_code_method":"food_exact_coord"},"geometry":{"type":"Point","coordinates":[138.853996,35.09676]}},{"type":"Feature","properties":{"layer_id":"cafe_restaurant","name":"炙り家　丸笑","category":"food","address":"静岡県沼津市上土町６ 第１ビル１Ｆ","source":"厚生労働省 食品衛生申請等システム（オープンデータ）","municipality_code":"22203","municipality_pref":"静岡県","municipality_name":"沼津市","municipality_code_method":"food_exact_coord"},"geometry":{"type":"Point","coordinates":[138.858566879,35.097616972]}},{"type":"Feature","properties":{"layer_id":"cafe_restaurant","name":"テン＆テン","category":"food","address":"静岡県沼津市西条町１４４","source":"厚生労働省 食品衛生申請等システム（オープンデータ）","municipality_code":"22203","municipality_pref":"静岡県","municipality_name":"沼津市","municipality_code_method":"food_exact_coord"},"geometry":{"type":"Point","coordinates":[138.85471937,35.10016383800001]}},{"type":"Feature","properties":{"layer_id":"cafe_restaurant","name":"あかなし","category":"food","address":"静岡県沼津市上土町４９","source":"厚生労働省 食品衛生申請等システム（オープンデータ）","municipality_code":"22203","municipality_pref":"静岡県","municipality_name":"沼津市","municipality_code_method":"food_exact_coord"},"geometry":{"type":"Point","coordinates":[138.857599424,35.0972306]}},{"type":"Feature","properties":{"layer_id":"cafe_restaurant","name":"Ｃ　ａｎｄ　Ｃ","category":"food","address":"静岡県沼津市西条町１１７ パークビル１１７　１０５号室","source":"厚生労働省 食品衛生申請等システム（オープンデータ）","municipality_code":"22203","municipality_pref":"静岡県","municipality_name":"沼津市","municipality_code_method":"food_exact_coord"},"geometry":{"type":"Point","coordinates":[138.85474344,35.100533109]}},{"type":"Feature","properties":{"layer_id":"cafe_restaurant","name":"アリラン食堂","category":"food","address":"静岡県沼津市大手町４－８－１","source":"厚生労働省 食品衛生申請等システム（オープンデータ）","municipality_code":"22203","municipality_pref":"静岡県","municipality_name":"沼津市","municipality_code_method":"food_exact_coord"},"geometry":{"type":"Point","coordinates":[138.857216924,35.099258033]}},{"type":"Feature","properties":{"layer_id":"cafe_restaurant","name":"手しごと屋　蟻","category":"food","address":"静岡県沼津市添地町２０５－１","source":"厚生労働省 食品衛生申請等システム（オープンデータ）","municipality_code":"22203","municipality_pref":"静岡県","municipality_name":"沼津市","municipality_code_method":"food_exact_coord"},"geometry":{"type":"Point","coordinates":[138.856311,35.100882]}},{"type":"Feature","properties":{"layer_id":"cafe_restaurant","name":"黄金鮨","category":"food","address":"静岡県沼津市添地町１５５","source":"厚生労働省 食品衛生申請等システム（オープンデータ）","municipality_code":"22203","municipality_pref":"静岡県","municipality_name":"沼津市","municipality_code_method":"food_exact_coord"},"geometry":{"type":"Point","coordinates":[138.856311,35.100882]}},{"type":"Feature","properties":{"layer_id":"cafe_restaurant","name":"ＯＰＥＲＡ","category":"food","address":"静岡県沼津市上土町１００－１","source":"厚生労働省 食品衛生申請等システム（オープンデータ）","municipality_code":"22203","municipality_pref":"静岡県","municipality_name":"沼津市","municipality_code_method":"food_exact_coord"},"geometry":{"type":"Point","coordinates":[138.858495345,35.096941218]}},{"type":"Feature","properties":{"layer_id":"cafe_restaurant","name":"Ｂａｒ Ｎｏｉｓｅ","category":"food","address":"静岡県沼津市西条町８１ ＴＳビルＢ１階","source":"厚生労働省 食品衛生申請等システム（オープンデータ）","municipality_code":"22203","municipality_pref":"静岡県","municipality_name":"沼津市","municipality_code_method":"food_exact_coord"},"geometry":{"type":"Point","coordinates":[138.85514023,35.100825826]}},{"type":"Feature","properties":{"layer_id":"cafe_restaurant","name":"酒膳　いやま","category":"food","address":"静岡県沼津市添地町１５１","source":"厚生労働省 食品衛生申請等システム（オープンデータ）","municipality_code":"22203","municipality_pref":"静岡県","municipality_name":"沼津市","municipality_code_method":"food_exact_coord"},"geometry":{"type":"Point","coordinates":[138.856311,35.100882]}},{"type":"Feature","properties":{"layer_id":"cafe_restaurant","name":"レストラン　シャポー","category":"food","address":"静岡県沼津市大手町５－１３－３ 西側１階","source":"厚生労働省 食品衛生申請等システム（オープンデータ）","municipality_code":"22203","municipality_pref":"静岡県","municipality_name":"沼津市","municipality_code_method":"food_exact_coord"},"geometry":{"type":"Point","coordinates":[138.857098,35.099751]}},{"type":"Feature","properties":{"layer_id":"cafe_restaurant","name":"Ｈｙｇｇｅ","category":"food","address":"静岡県沼津市添地町３９","source":"厚生労働省 食品衛生申請等システム（オープンデータ）","municipality_code":"22203","municipality_pref":"静岡県","municipality_name":"沼津市","municipality_code_method":"food_exact_coord"},"geometry":{"type":"Point","coordinates":[138.856311,35.100882]}},{"type":"Feature","properties":{"layer_id":"cafe_restaurant","name":"チャル","category":"food","address":"静岡県沼津市添地町１３５","source":"厚生労働省 食品衛生申請等システム（オープンデータ）","municipality_code":"22203","municipality_pref":"静岡県","municipality_name":"沼津市","municipality_code_method":"food_exact_coord"},"geometry":{"type":"Point","coordinates":[138.856311,35.100882]}},{"type":"Feature","properties":{"layer_id":"cafe_restaurant","name":"美Ｍａｊｏ","category":"food","address":"静岡県沼津市添地町２０２","source":"厚生労働省 食品衛生申請等システム（オープンデータ）","municipality_code":"22203","municipality_pref":"静岡県","municipality_name":"沼津市","municipality_code_method":"food_exact_coord"},"geometry":{"type":"Point","coordinates":[138.856311,35.100882]}},{"type":"Feature","properties":{"layer_id":"cafe_restaurant","name":"白鷺","category":"food","address":"静岡県沼津市添地町６８ 大塚ビル１階","source":"厚生労働省 食品衛生申請等システム（オープンデータ）","municipality_code":"22203","municipality_pref":"静岡県","municipality_name":"沼津市","municipality_code_method":"food_exact_coord"},"geometry":{"type":"Point","coordinates":[138.856311,35.100882]}},{"type":"Feature","properties":{"layer_id":"cafe_restaurant","name":"ＬＯＣＫＳ","category":"food","address":"静岡県沼津市八幡町６８","source":"厚生労働省 食品衛生申請等システム（オープンデータ）","municipality_code":"22203","municipality_pref":"静岡県","municipality_name":"沼津市","municipality_code_method":"food_exact_coord"},"geometry":{"type":"Point","coordinates":[138.855633,35.098022]}},{"type":"Feature","properties":{"layer_id":"cafe_restaurant","name":"まみあな","category":"food","address":"静岡県沼津市錦町１－１６","source":"厚生労働省 食品衛生申請等システム（オープンデータ）","municipality_code":"22203","municipality_pref":"静岡県","municipality_name":"沼津市","municipality_code_method":"food_exact_coord"},"geometry":{"type":"Point","coordinates":[138.850689,35.100582]}},{"type":"Feature","properties":{"layer_id":"cafe_restaurant","name":"介護老人保健施設ヒルズかどいけ内　株式会社クリエイティブ食彩倶楽部","category":"food","address":"静岡県沼津市岡一色６７２－２","source":"厚生労働省 食品衛生申請等システム（オープンデータ）","municipality_code":"22203","municipality_pref":"静岡県","municipality_name":"沼津市","municipality_code_method":"food_exact_coord"},"geometry":{"type":"Point","coordinates":[138.877417,35.134487]}},{"type":"Feature","properties":{"layer_id":"cafe_restaurant","name":"陽光園内株式会社クリエイティブ食彩倶楽部","category":"food","address":"静岡県沼津市岡宮１４１７－１","source":"厚生労働省 食品衛生申請等システム（オープンデータ）","municipality_code":"22203","municipality_pref":"静岡県","municipality_name":"沼津市","municipality_code_method":"food_exact_coord"},"geometry":{"type":"Point","coordinates":[138.863257,35.131778]}},{"type":"Feature","properties":{"layer_id":"cafe_restaurant","name":"㈱クリエイティブ　沼津工業高等学校","category":"food","address":"静岡県沼津市下香貫八重129-1","source":"厚生労働省 食品衛生申請等システム（オープンデータ）","municipality_code":"22203","municipality_pref":"静岡県","municipality_name":"沼津市","municipality_code_method":"food_exact_coord"},"geometry":{"type":"Point","coordinates":[138.878154,35.086886]}},{"type":"Feature","properties":{"layer_id":"cafe_restaurant","name":"㈱クリエイティブ　ユーフォリアぬまづ原","category":"food","address":"静岡県沼津市原1413-1","source":"厚生労働省 食品衛生申請等システム（オープンデータ）","municipality_code":"22203","municipality_pref":"静岡県","municipality_name":"沼津市","municipality_code_method":"food_exact_coord"},"geometry":{"type":"Point","coordinates":[138.804856,35.127121]}},{"type":"Feature","properties":{"layer_id":"cafe_restaurant","name":"株式会社クリエイティブ　ウェルビーイング岡宮","category":"food","address":"静岡県沼津市岡宮575-1","source":"厚生労働省 食品衛生申請等システム（オープンデータ）","municipality_code":"22203","municipality_pref":"静岡県","municipality_name":"沼津市","municipality_code_method":"food_exact_coord"},"geometry":{"type":"Point","coordinates":[138.871304,35.125436]}},{"type":"Feature","properties":{"layer_id":"cafe_restaurant","name":"株式会社クリエイティブ　ウェルビーイング大岡","category":"food","address":"静岡県沼津市大岡2262-4","source":"厚生労働省 食品衛生申請等システム（オープンデータ）","municipality_code":"22203","municipality_pref":"静岡県","municipality_name":"沼津市","municipality_code_method":"food_exact_coord"},"geometry":{"type":"Point","coordinates":[138.876721,35.115641]}},{"type":"Feature","properties":{"layer_id":"cafe_restaurant","name":"株式会社クリエイティブ　ふれあいレジデンス大岡","category":"food","address":"静岡県沼津市大岡2325-6","source":"厚生労働省 食品衛生申請等システム（オープンデータ）","municipality_code":"22203","municipality_pref":"静岡県","municipality_name":"沼津市","municipality_code_method":"food_exact_coord"},"geometry":{"type":"Point","coordinates":[138.877679,35.112481]}},{"type":"Feature","properties":{"layer_id":"cafe_restaurant","name":"ｃａｆｅ ｆｕｆｕ","category":"food","address":"静岡県沼津市青野９８－３","source":"厚生労働省 食品衛生申請等システム（オープンデータ）","municipality_code":"22203","municipality_pref":"静岡県","municipality_name":"沼津市","municipality_code_method":"food_exact_coord"},"geometry":{"type":"Point","coordinates":[138.813073,35.144773]}},{"type":"Feature","properties":{"layer_id":"cafe_restaurant","name":"エンゼルらんぷ","category":"food","address":"静岡県沼津市東椎路６８２","source":"厚生労働省 食品衛生申請等システム（オープンデータ）","municipality_code":"22203","municipality_pref":"静岡県","municipality_name":"沼津市","municipality_code_method":"food_exact_coord"},"geometry":{"type":"Point","coordinates":[138.837145,35.128607]}},{"type":"Feature","properties":{"layer_id":"cafe_restaurant","name":"吟","category":"food","address":"静岡県沼津市大岡２１３２－２","source":"厚生労働省 食品衛生申請等システム（オープンデータ）","municipality_code":"22203","municipality_pref":"静岡県","municipality_name":"沼津市","municipality_code_method":"food_exact_coord"},"geometry":{"type":"Point","coordinates":[138.882746,35.121268]}},{"type":"Feature","properties":{"layer_id":"cafe_restaurant","name":"焼とり　かどや","category":"food","address":"静岡県沼津市青野２７４－３","source":"厚生労働省 食品衛生申請等システム（オープンデータ）","municipality_code":"22203","municipality_pref":"静岡県","municipality_name":"沼津市","municipality_code_method":"food_exact_coord"},"geometry":{"type":"Point","coordinates":[138.813073,35.144773]}},{"type":"Feature","properties":{"layer_id":"cafe_restaurant","name":"食事処しるびあ","category":"food","address":"静岡県沼津市井出２１０１","source":"厚生労働省 食品衛生申請等システム（オープンデータ）","municipality_code":"22203","municipality_pref":"静岡県","municipality_name":"沼津市","municipality_code_method":"food_exact_coord"},"geometry":{"type":"Point","coordinates":[138.798805,35.147014]}},{"type":"Feature","properties":{"layer_id":"cafe_restaurant","name":"自家焙煎珈琲屋Ｃａｆｅ花野子","category":"food","address":"静岡県沼津市今沢３８３－１","source":"厚生労働省 食品衛生申請等システム（オープンデータ）","municipality_code":"22203","municipality_pref":"静岡県","municipality_name":"沼津市","municipality_code_method":"food_exact_coord"},"geometry":{"type":"Point","coordinates":[138.81567,35.117987]}},{"type":"Feature","properties":{"layer_id":"cafe_restaurant","name":"セブン－イレブン沼津原店","category":"food","address":"静岡県沼津市原５８７－７","source":"厚生労働省 食品衛生申請等システム（オープンデータ）","municipality_code":"22203","municipality_pref":"静岡県","municipality_name":"沼津市","municipality_code_method":"food_exact_coord"},"geometry":{"type":"Point","coordinates":[138.788065,35.127789]}},{"type":"Feature","properties":{"layer_id":"cafe_restaurant","name":"我母","category":"food","address":"静岡県沼津市下本町２９ ル・セレッソ１０２","source":"厚生労働省 食品衛生申請等システム（オープンデータ）","municipality_code":"22203","municipality_pref":"静岡県","municipality_name":"沼津市","municipality_code_method":"food_exact_coord"},"geometry":{"type":"Point","coordinates":[138.856408,35.094517]}},{"type":"Feature","properties":{"layer_id":"cafe_restaurant","name":"モスバーガーカインズホーム沼津店","category":"food","address":"静岡県沼津市桃里５７１－１","source":"厚生労働省 食品衛生申請等システム（オープンデータ）","municipality_code":"22203","municipality_pref":"静岡県","municipality_name":"沼津市","municipality_code_method":"food_exact_coord"},"geometry":{"type":"Point","coordinates":[138.769787676,35.134295446]}},{"type":"Feature","properties":{"layer_id":"cafe_restaurant","name":"カレーハウスＪＩＢ　スパイシー","category":"food","address":"静岡県沼津市幸町１１４ 西","source":"厚生労働省 食品衛生申請等システム（オープンデータ）","municipality_code":"22203","municipality_pref":"静岡県","municipality_name":"沼津市","municipality_code_method":"food_exact_coord"},"geometry":{"type":"Point","coordinates":[138.853595086,35.094015314]}},{"type":"Feature","properties":{"layer_id":"cafe_restaurant","name":"らーめんハウス　すいけん","category":"food","address":"静岡県沼津市北今沢２０－７","source":"厚生労働省 食品衛生申請等システム（オープンデータ）","municipality_code":"22203","municipality_pref":"静岡県","municipality_name":"沼津市","municipality_code_method":"food_exact_coord"},"geometry":{"type":"Point","coordinates":[138.816775,35.123765]}},{"type":"Feature","properties":{"layer_id":"cafe_restaurant","name":"リカー＆フード　スズマサ","category":"food","address":"静岡県沼津市桃里４３６","source":"厚生労働省 食品衛生申請等システム（オープンデータ）","municipality_code":"22203","municipality_pref":"静岡県","municipality_name":"沼津市","municipality_code_method":"food_exact_coord"},"geometry":{"type":"Point","coordinates":[138.761569,35.133886]}},{"type":"Feature","properties":{"layer_id":"cafe_restaurant","name":"すし処京丸 本店","category":"food","address":"静岡県沼津市千本港町１１５－４","source":"厚生労働省 食品衛生申請等システム（オープンデータ）","municipality_code":"22203","municipality_pref":"静岡県","municipality_name":"沼津市","municipality_code_method":"food_exact_coord"},"geometry":{"type":"Point","coordinates":[138.858554,35.082175]}},{"type":"Feature","properties":{"layer_id":"cafe_restaurant","name":"うなぎ処　京丸","category":"food","address":"静岡県沼津市春日町３３－７","source":"厚生労働省 食品衛生申請等システム（オープンデータ）","municipality_code":"22203","municipality_pref":"静岡県","municipality_name":"沼津市","municipality_code_method":"food_exact_coord"},"geometry":{"type":"Point","coordinates":[138.859399,35.082895]}},{"type":"Feature","properties":{"layer_id":"cafe_restaurant","name":"インドアジアンレストラン＆バー　スワズ","category":"food","address":"静岡県沼津市大塚１１３８－１","source":"厚生労働省 食品衛生申請等システム（オープンデータ）","municipality_code":"22203","municipality_pref":"静岡県","municipality_name":"沼津市","municipality_code_method":"food_exact_coord"},"geometry":{"type":"Point","coordinates":[138.806249481,35.127488958]}},{"type":"Feature","properties":{"layer_id":"cafe_restaurant","name":"千楽","category":"food","address":"静岡県沼津市下本町２０","source":"厚生労働省 食品衛生申請等システム（オープンデータ）","municipality_code":"22203","municipality_pref":"静岡県","municipality_name":"沼津市","municipality_code_method":"food_exact_coord"},"geometry":{"type":"Point","coordinates":[138.856408,35.094517]}},{"type":"Feature","properties":{"layer_id":"cafe_restaurant","name":"福食堂","category":"food","address":"静岡県沼津市井出２１８－２","source":"厚生労働省 食品衛生申請等システム（オープンデータ）","municipality_code":"22203","municipality_pref":"静岡県","municipality_name":"沼津市","municipality_code_method":"food_exact_coord"},"geometry":{"type":"Point","coordinates":[138.798805,35.147014]}},{"type":"Feature","properties":{"layer_id":"cafe_restaurant","name":"よっこ","category":"food","address":"静岡県沼津市原１５３７－１","source":"厚生労働省 食品衛生申請等システム（オープンデータ）","municipality_code":"22203","municipality_pref":"静岡県","municipality_name":"沼津市","municipality_code_method":"food_exact_coord"},"geometry":{"type":"Point","coordinates":[138.801763159,35.129881197]}},{"type":"Feature","properties":{"layer_id":"cafe_restaurant","name":"上島珈琲店 ＮＥＯＰＡＳＡ駿河湾沼津下り店","category":"food","address":"静岡県沼津市根古屋９１９－１ 新東名高速道路 ＮＥＯＰＡＳＡ駿河湾沼津ＳＡ下り","source":"厚生労働省 食品衛生申請等システム（オープンデータ）","municipality_code":"22203","municipality_pref":"静岡県","municipality_name":"沼津市","municipality_code_method":"food_exact_coord"},"geometry":{"type":"Point","coordinates":[138.806662,35.144516]}},{"type":"Feature","properties":{"layer_id":"cafe_restaurant","name":"カレーハウスＣｏＣｏ壱番屋　沼津原店","category":"food","address":"静岡県沼津市原１５３９－２","source":"厚生労働省 食品衛生申請等システム（オープンデータ）","municipality_code":"22203","municipality_pref":"静岡県","municipality_name":"沼津市","municipality_code_method":"food_exact_coord"},"geometry":{"type":"Point","coordinates":[138.801406176,35.129604173]}},{"type":"Feature","properties":{"layer_id":"cafe_restaurant","name":"猫カフェ　にゃんこ","category":"food","address":"静岡県沼津市寿町１０－１７","source":"厚生労働省 食品衛生申請等システム（オープンデータ）","municipality_code":"22203","municipality_pref":"静岡県","municipality_name":"沼津市","municipality_code_method":"food_exact_coord"},"geometry":{"type":"Point","coordinates":[138.858324001,35.115810904]}},{"type":"Feature","properties":{"layer_id":"cafe_restaurant","name":"ふみ野","category":"food","address":"静岡県沼津市千本港町１０９","source":"厚生労働省 食品衛生申請等システム（オープンデータ）","municipality_code":"22203","municipality_pref":"静岡県","municipality_name":"沼津市","municipality_code_method":"food_exact_coord"},"geometry":{"type":"Point","coordinates":[138.857888,35.08368]}},{"type":"Feature","properties":{"layer_id":"cafe_restaurant","name":"酒処ひこまる","category":"food","address":"静岡県沼津市寿町１８－６","source":"厚生労働省 食品衛生申請等システム（オープンデータ）","municipality_code":"22203","municipality_pref":"静岡県","municipality_name":"沼津市","municipality_code_method":"food_exact_coord"},"geometry":{"type":"Point","coordinates":[138.856976742,35.115989636]}},{"type":"Feature","properties":{"layer_id":"cafe_restaurant","name":"有限会社大川酒店","category":"food","address":"静岡県沼津市宮町９６","source":"厚生労働省 食品衛生申請等システム（オープンデータ）","municipality_code":"22203","municipality_pref":"静岡県","municipality_name":"沼津市","municipality_code_method":"food_exact_coord"},"geometry":{"type":"Point","coordinates":[138.857034,35.09308]}},{"type":"Feature","properties":{"layer_id":"cafe_restaurant","name":"居酒家　楽酔　兀","category":"food","address":"静岡県沼津市大手町５－７－２１","source":"厚生労働省 食品衛生申請等システム（オープンデータ）","municipality_code":"22203","municipality_pref":"静岡県","municipality_name":"沼津市","municipality_code_method":"food_exact_coord"},"geometry":{"type":"Point","coordinates":[138.857743595,35.100616991]}},{"type":"Feature","properties":{"layer_id":"cafe_restaurant","name":"清清龍麺","category":"food","address":"静岡県沼津市三枚橋１０－１１","source":"厚生労働省 食品衛生申請等システム（オープンデータ）","municipality_code":"22203","municipality_pref":"静岡県","municipality_name":"沼津市","municipality_code_method":"food_exact_coord"},"geometry":{"type":"Point","coordinates":[138.866851,35.112714]}},{"type":"Feature","properties":{"layer_id":"cafe_restaurant","name":"鮨庵さいとう","category":"food","address":"静岡県沼津市春日町４７－２","source":"厚生労働省 食品衛生申請等システム（オープンデータ）","municipality_code":"22203","municipality_pref":"静岡県","municipality_name":"沼津市","municipality_code_method":"food_exact_coord"},"geometry":{"type":"Point","coordinates":[138.859399,35.082895]}},{"type":"Feature","properties":{"layer_id":"cafe_restaurant","name":"ホテル　ラペ","category":"food","address":"静岡県沼津市足高２９１－２５","source":"厚生労働省 食品衛生申請等システム（オープンデータ）","municipality_code":"22203","municipality_pref":"静岡県","municipality_name":"沼津市","municipality_code_method":"food_exact_coord"},"geometry":{"type":"Point","coordinates":[138.861241,35.148024]}},{"type":"Feature","properties":{"layer_id":"cafe_restaurant","name":"レインボー・カウンティ","category":"food","address":"静岡県沼津市高島町３０－１６","source":"厚生労働省 食品衛生申請等システム（オープンデータ）","municipality_code":"22203","municipality_pref":"静岡県","municipality_name":"沼津市","municipality_code_method":"food_exact_coord"},"geometry":{"type":"Point","coordinates":[138.856349087,35.10648786]}},{"type":"Feature","properties":{"layer_id":"cafe_restaurant","name":"寿司処　若駒","category":"food","address":"静岡県沼津市千本港町５７－１","source":"厚生労働省 食品衛生申請等システム（オープンデータ）","municipality_code":"22203","municipality_pref":"静岡県","municipality_name":"沼津市","municipality_code_method":"food_exact_coord"},"geometry":{"type":"Point","coordinates":[138.857888,35.08368]}},{"type":"Feature","properties":{"layer_id":"cafe_restaurant","name":"どんどん　沼津店","category":"food","address":"静岡県沼津市三枚橋町１４","source":"厚生労働省 食品衛生申請等システム（オープンデータ）","municipality_code":"22203","municipality_pref":"静岡県","municipality_name":"沼津市","municipality_code_method":"food_exact_coord"},"geometry":{"type":"Point","coordinates":[138.863555,35.100363]}},{"type":"Feature","properties":{"layer_id":"cafe_restaurant","name":"カレー喫茶　沙羅","category":"food","address":"静岡県沼津市東椎路１０－７","source":"厚生労働省 食品衛生申請等システム（オープンデータ）","municipality_code":"22203","municipality_pref":"静岡県","municipality_name":"沼津市","municipality_code_method":"food_exact_coord"},"geometry":{"type":"Point","coordinates":[138.837145,35.128607]}},{"type":"Feature","properties":{"layer_id":"cafe_restaurant","name":"酒処　でんや","category":"food","address":"静岡県沼津市今沢５０８－９","source":"厚生労働省 食品衛生申請等システム（オープンデータ）","municipality_code":"22203","municipality_pref":"静岡県","municipality_name":"沼津市","municipality_code_method":"food_exact_coord"},"geometry":{"type":"Point","coordinates":[138.816003098,35.121751271]}},{"type":"Feature","properties":{"layer_id":"cafe_restaurant","name":"ビクトリー","category":"food","address":"静岡県沼津市八幡町１２５","source":"厚生労働省 食品衛生申請等システム（オープンデータ）","municipality_code":"22203","municipality_pref":"静岡県","municipality_name":"沼津市","municipality_code_method":"food_exact_coord"},"geometry":{"type":"Point","coordinates":[138.856095,35.097145]}},{"type":"Feature","properties":{"layer_id":"cafe_restaurant","name":"やじきた食堂","category":"food","address":"静岡県沼津市東椎路２６２－１４","source":"厚生労働省 食品衛生申請等システム（オープンデータ）","municipality_code":"22203","municipality_pref":"静岡県","municipality_name":"沼津市","municipality_code_method":"food_exact_coord"},"geometry":{"type":"Point","coordinates":[138.837145,35.128607]}},{"type":"Feature","properties":{"layer_id":"cafe_restaurant","name":"Ｓｅｉｓ","category":"food","address":"静岡県沼津市共栄町２－５ 共栄マンションＮｏ．１－１Ｂ","source":"厚生労働省 食品衛生申請等システム（オープンデータ）","municipality_code":"22203","municipality_pref":"静岡県","municipality_name":"沼津市","municipality_code_method":"food_exact_coord"},"geometry":{"type":"Point","coordinates":[138.869715,35.119497]}},{"type":"Feature","properties":{"layer_id":"cafe_restaurant","name":"Ｔｏｑ’ｓ","category":"food","address":"静岡県沼津市三枚橋町６－１ 2階","source":"厚生労働省 食品衛生申請等システム（オープンデータ）","municipality_code":"22203","municipality_pref":"静岡県","municipality_name":"沼津市","municipality_code_method":"food_exact_coord"},"geometry":{"type":"Point","coordinates":[138.862840516,35.101144755]}},{"type":"Feature","properties":{"layer_id":"cafe_restaurant","name":"萬品香","category":"food","address":"静岡県沼津市平町１０－７","source":"厚生労働省 食品衛生申請等システム（オープンデータ）","municipality_code":"22203","municipality_pref":"静岡県","municipality_name":"沼津市","municipality_code_method":"food_exact_coord"},"geometry":{"type":"Point","coordinates":[138.86675746,35.100575791]}},{"type":"Feature","properties":{"layer_id":"cafe_restaurant","name":"清文","category":"food","address":"静岡県沼津市大岡２４２４－１－９ 1階","source":"厚生労働省 食品衛生申請等システム（オープンデータ）","municipality_code":"22203","municipality_pref":"静岡県","municipality_name":"沼津市","municipality_code_method":"food_exact_coord"},"geometry":{"type":"Point","coordinates":[138.882746,35.121268]}},{"type":"Feature","properties":{"layer_id":"cafe_restaurant","name":"中華祝祝","category":"food","address":"静岡県沼津市松長５６５－４ 万来軒ビル１Ｆ中","source":"厚生労働省 食品衛生申請等システム（オープンデータ）","municipality_code":"22203","municipality_pref":"静岡県","municipality_name":"沼津市","municipality_code_method":"food_exact_coord"},"geometry":{"type":"Point","coordinates":[138.823634,35.115937]}},{"type":"Feature","properties":{"layer_id":"cafe_restaurant","name":"うなぎ料理　村上","category":"food","address":"静岡県沼津市平町１２－１","source":"厚生労働省 食品衛生申請等システム（オープンデータ）","municipality_code":"22203","municipality_pref":"静岡県","municipality_name":"沼津市","municipality_code_method":"food_exact_coord"},"geometry":{"type":"Point","coordinates":[138.864925136,35.100833485]}},{"type":"Feature","properties":{"layer_id":"cafe_restaurant","name":"きせ川光来堂","category":"food","address":"静岡県沼津市大岡黄瀬川３４５－１","source":"厚生労働省 食品衛生申請等システム（オープンデータ）","municipality_code":"22203","municipality_pref":"静岡県","municipality_name":"沼津市","municipality_code_method":"food_exact_coord"},"geometry":{"type":"Point","coordinates":[138.882746,35.121268]}},{"type":"Feature","properties":{"layer_id":"cafe_restaurant","name":"居酒屋旋","category":"food","address":"静岡県沼津市西椎路２９９","source":"厚生労働省 食品衛生申請等システム（オープンデータ）","municipality_code":"22203","municipality_pref":"静岡県","municipality_name":"沼津市","municipality_code_method":"food_exact_coord"},"geometry":{"type":"Point","coordinates":[138.828409,35.132514]}},{"type":"Feature","properties":{"layer_id":"cafe_restaurant","name":"イタリアンレストラン＆ダーツ　めぐる","category":"food","address":"静岡県沼津市添地町７２ 青秀ビル２Ｆ","source":"厚生労働省 食品衛生申請等システム（オープンデータ）","municipality_code":"22203","municipality_pref":"静岡県","municipality_name":"沼津市","municipality_code_method":"food_exact_coord"},"geometry":{"type":"Point","coordinates":[138.856311,35.100882]}},{"type":"Feature","properties":{"layer_id":"cafe_restaurant","name":"めし処しめしめ","category":"food","address":"静岡県沼津市西間門１４－４","source":"厚生労働省 食品衛生申請等システム（オープンデータ）","municipality_code":"22203","municipality_pref":"静岡県","municipality_name":"沼津市","municipality_code_method":"food_exact_coord"},"geometry":{"type":"Point","coordinates":[138.842705,35.1088]}},{"type":"Feature","properties":{"layer_id":"cafe_restaurant","name":"セブン－イレブン沼津東間門店","category":"food","address":"静岡県沼津市東間門６１２－１","source":"厚生労働省 食品衛生申請等システム（オープンデータ）","municipality_code":"22203","municipality_pref":"静岡県","municipality_name":"沼津市","municipality_code_method":"food_exact_coord"},"geometry":{"type":"Point","coordinates":[138.846124,35.106245]}},{"type":"Feature","properties":{"layer_id":"cafe_restaurant","name":"セブンーイレブン沼津のぼりみち通り店","category":"food","address":"静岡県沼津市沼北町２－１１－３７","source":"厚生労働省 食品衛生申請等システム（オープンデータ）","municipality_code":"22203","municipality_pref":"静岡県","municipality_name":"沼津市","municipality_code_method":"food_exact_coord"},"geometry":{"type":"Point","coordinates":[138.853437,35.114705]}},{"type":"Feature","properties":{"layer_id":"cafe_restaurant","name":"セブンーイレブン沼津あしたか店","category":"food","address":"静岡県沼津市東椎路１５１２－８","source":"厚生労働省 食品衛生申請等システム（オープンデータ）","municipality_code":"22203","municipality_pref":"静岡県","municipality_name":"沼津市","municipality_code_method":"food_exact_coord"},"geometry":{"type":"Point","coordinates":[138.837145,35.128607]}},{"type":"Feature","properties":{"layer_id":"cafe_restaurant","name":"山岸精肉店","category":"food","address":"静岡県沼津市新町１３","source":"厚生労働省 食品衛生申請等システム（オープンデータ）","municipality_code":"22203","municipality_pref":"静岡県","municipality_name":"沼津市","municipality_code_method":"food_exact_coord"},"geometry":{"type":"Point","coordinates":[138.856941442,35.093735066]}},{"type":"Feature","properties":{"layer_id":"cafe_restaurant","name":"ニコ","category":"food","address":"静岡県沼津市高島町１６－２ エス・スルガＡ号室","source":"厚生労働省 食品衛生申請等システム（オープンデータ）","municipality_code":"22203","municipality_pref":"静岡県","municipality_name":"沼津市","municipality_code_method":"food_exact_coord"},"geometry":{"type":"Point","coordinates":[138.855855,35.103548]}},{"type":"Feature","properties":{"layer_id":"cafe_restaurant","name":"居酒屋　姉妹","category":"food","address":"静岡県沼津市高沢町２－１８","source":"厚生労働省 食品衛生申請等システム（オープンデータ）","municipality_code":"22203","municipality_pref":"静岡県","municipality_name":"沼津市","municipality_code_method":"food_exact_coord"},"geometry":{"type":"Point","coordinates":[138.855355,35.104097]}},{"type":"Feature","properties":{"layer_id":"cafe_restaurant","name":"すし田","category":"food","address":"静岡県沼津市高沢町６－３","source":"厚生労働省 食品衛生申請等システム（オープンデータ）","municipality_code":"22203","municipality_pref":"静岡県","municipality_name":"沼津市","municipality_code_method":"food_exact_coord"},"geometry":{"type":"Point","coordinates":[138.854341,35.105056]}},{"type":"Feature","properties":{"layer_id":"cafe_restaurant","name":"お魚ダイニング　ｈｉｒｏ","category":"food","address":"静岡県沼津市杉崎町１２－１８","source":"厚生労働省 食品衛生申請等システム（オープンデータ）","municipality_code":"22203","municipality_pref":"静岡県","municipality_name":"沼津市","municipality_code_method":"food_exact_coord"},"geometry":{"type":"Point","coordinates":[138.868825,35.108099]}},{"type":"Feature","properties":{"layer_id":"cafe_restaurant","name":"Ｋａｌｅｎｄａｒ","category":"food","address":"静岡県沼津市新宿町７－６","source":"厚生労働省 食品衛生申請等システム（オープンデータ）","municipality_code":"22203","municipality_pref":"静岡県","municipality_name":"沼津市","municipality_code_method":"food_exact_coord"},"geometry":{"type":"Point","coordinates":[138.85885,35.107523]}},{"type":"Feature","properties":{"layer_id":"cafe_restaurant","name":"プローセ","category":"food","address":"静岡県沼津市高沢町１１－１４ １階","source":"厚生労働省 食品衛生申請等システム（オープンデータ）","municipality_code":"22203","municipality_pref":"静岡県","municipality_name":"沼津市","municipality_code_method":"food_exact_coord"},"geometry":{"type":"Point","coordinates":[138.854427,35.10645]}},{"type":"Feature","properties":{"layer_id":"cafe_restaurant","name":"赤レンガ","category":"food","address":"静岡県沼津市高島町２８－１２","source":"厚生労働省 食品衛生申請等システム（オープンデータ）","municipality_code":"22203","municipality_pref":"静岡県","municipality_name":"沼津市","municipality_code_method":"food_exact_coord"},"geometry":{"type":"Point","coordinates":[138.858125,35.106334]}},{"type":"Feature","properties":{"layer_id":"cafe_restaurant","name":"寿し博","category":"food","address":"静岡県沼津市高島町３０－１７ リシェビル１Ｆ","source":"厚生労働省 食品衛生申請等システム（オープンデータ）","municipality_code":"22203","municipality_pref":"静岡県","municipality_name":"沼津市","municipality_code_method":"food_exact_coord"},"geometry":{"type":"Point","coordinates":[138.856503,35.10641]}},{"type":"Feature","properties":{"layer_id":"cafe_restaurant","name":"ＲＯＡＤ　ＨＯＵＳＥ　ｂａｒ","category":"food","address":"静岡県沼津市高沢町１０－１ セルシー高沢１Ｆ","source":"厚生労働省 食品衛生申請等システム（オープンデータ）","municipality_code":"22203","municipality_pref":"静岡県","municipality_name":"沼津市","municipality_code_method":"food_exact_coord"},"geometry":{"type":"Point","coordinates":[138.854742659,35.105731808]}},{"type":"Feature","properties":{"layer_id":"cafe_restaurant","name":"ちょこっと","category":"food","address":"静岡県沼津市東熊堂４８４－１ 中川分店第二ビル１階","source":"厚生労働省 食品衛生申請等システム（オープンデータ）","municipality_code":"22203","municipality_pref":"静岡県","municipality_name":"沼津市","municipality_code_method":"food_exact_coord"},"geometry":{"type":"Point","coordinates":[138.86152,35.122894]}},{"type":"Feature","properties":{"layer_id":"cafe_restaurant","name":"有限会社　共栄食品","category":"food","address":"静岡県沼津市共栄町５－２","source":"厚生労働省 食品衛生申請等システム（オープンデータ）","municipality_code":"22203","municipality_pref":"静岡県","municipality_name":"沼津市","municipality_code_method":"food_exact_coord"},"geometry":{"type":"Point","coordinates":[138.869715,35.119497]}},{"type":"Feature","properties":{"layer_id":"cafe_restaurant","name":"マリー","category":"food","address":"静岡県沼津市八幡町１２９ モラーダビル","source":"厚生労働省 食品衛生申請等システム（オープンデータ）","municipality_code":"22203","municipality_pref":"静岡県","municipality_name":"沼津市","municipality_code_method":"food_exact_coord"},"geometry":{"type":"Point","coordinates":[138.855633,35.098022]}},{"type":"Feature","properties":{"layer_id":"cafe_restaurant","name":"Ｃｏｆｆｅｅ　桜","category":"food","address":"静岡県沼津市千本緑町１－１","source":"厚生労働省 食品衛生申請等システム（オープンデータ）","municipality_code":"22203","municipality_pref":"静岡県","municipality_name":"沼津市","municipality_code_method":"food_exact_coord"},"geometry":{"type":"Point","coordinates":[138.85158,35.092673]}},{"type":"Feature","properties":{"layer_id":"cafe_restaurant","name":"りん","category":"food","address":"静岡県沼津市東椎路８７１","source":"厚生労働省 食品衛生申請等システム（オープンデータ）","municipality_code":"22203","municipality_pref":"静岡県","municipality_name":"沼津市","municipality_code_method":"food_exact_coord"},"geometry":{"type":"Point","coordinates":[138.837145,35.128607]}},{"type":"Feature","properties":{"layer_id":"cafe_restaurant","name":"コットン　クラブ","category":"food","address":"静岡県沼津市大岡１７１９－１","source":"厚生労働省 食品衛生申請等システム（オープンデータ）","municipality_code":"22203","municipality_pref":"静岡県","municipality_name":"沼津市","municipality_code_method":"food_exact_coord"},"geometry":{"type":"Point","coordinates":[138.882746,35.121268]}},{"type":"Feature","properties":{"layer_id":"cafe_restaurant","name":"ｊａｐｉｎａ","category":"food","address":"静岡県沼津市高島町１７－１８","source":"厚生労働省 食品衛生申請等システム（オープンデータ）","municipality_code":"22203","municipality_pref":"静岡県","municipality_name":"沼津市","municipality_code_method":"food_exact_coord"},"geometry":{"type":"Point","coordinates":[138.857456779,35.104031867]}},{"type":"Feature","properties":{"layer_id":"cafe_restaurant","name":"カレーハウスＪＩＢ足高店","category":"food","address":"静岡県沼津市足高４７８－２","source":"厚生労働省 食品衛生申請等システム（オープンデータ）","municipality_code":"22203","municipality_pref":"静岡県","municipality_name":"沼津市","municipality_code_method":"food_exact_coord"},"geometry":{"type":"Point","coordinates":[138.851013,35.160663]}},{"type":"Feature","properties":{"layer_id":"cafe_restaurant","name":"山なし","category":"food","address":"静岡県沼津市千本港町１１５－３","source":"厚生労働省 食品衛生申請等システム（オープンデータ）","municipality_code":"22203","municipality_pref":"静岡県","municipality_name":"沼津市","municipality_code_method":"food_exact_coord"},"geometry":{"type":"Point","coordinates":[138.857888,35.08368]}},{"type":"Feature","properties":{"layer_id":"cafe_restaurant","name":"ホテルシティ２２","category":"food","address":"静岡県沼津市足高３２２－３５","source":"厚生労働省 食品衛生申請等システム（オープンデータ）","municipality_code":"22203","municipality_pref":"静岡県","municipality_name":"沼津市","municipality_code_method":"food_exact_coord"},"geometry":{"type":"Point","coordinates":[138.863521,35.14474]}},{"type":"Feature","properties":{"layer_id":"cafe_restaurant","name":"居酒屋　えびはら","category":"food","address":"静岡県沼津市平町１８－１１","source":"厚生労働省 食品衛生申請等システム（オープンデータ）","municipality_code":"22203","municipality_pref":"静岡県","municipality_name":"沼津市","municipality_code_method":"food_exact_coord"},"geometry":{"type":"Point","coordinates":[138.868640543,35.099862138]}},{"type":"Feature","properties":{"layer_id":"cafe_restaurant","name":"PASO","category":"food","address":"静岡県沼津市大手町４丁目６-２","source":"厚生労働省 食品衛生申請等システム（オープンデータ）","municipality_code":"22203","municipality_pref":"静岡県","municipality_name":"沼津市","municipality_code_method":"food_exact_coord"},"geometry":{"type":"Point","coordinates":[138.857842,35.098622]}},{"type":"Feature","properties":{"layer_id":"cafe_restaurant","name":"ローソン沼津下香貫店","category":"food","address":"静岡県沼津市下香貫七面1181-2","source":"厚生労働省 食品衛生申請等システム（オープンデータ）","municipality_code":"22203","municipality_pref":"静岡県","municipality_name":"沼津市","municipality_code_method":"food_exact_coord"},"geometry":{"type":"Point","coordinates":[138.87729,35.079832]}},{"type":"Feature","properties":{"layer_id":"cafe_restaurant","name":"ミニストップ ネオパーサ 駿河湾 沼津上り店","category":"food","address":"静岡県沼津市井出字銭神１３９２－７－７３ 新東名ＮＥＯＰＡＳＡ駿河湾沼津内（上り線）","source":"厚生労働省 食品衛生申請等システム（オープンデータ）","municipality_code":"22203","municipality_pref":"静岡県","municipality_name":"沼津市","municipality_code_method":"food_exact_coord"},"geometry":{"type":"Point","coordinates":[138.798805,35.147014]}},{"type":"Feature","properties":{"layer_id":"cafe_restaurant","name":"ミニストップ ネオパーサ 駿河湾 沼津下り店","category":"food","address":"静岡県沼津市根古屋９１９－１ 新東名ＮＥＯＰＡＳＡ駿河湾沼津内（下り線）","source":"厚生労働省 食品衛生申請等システム（オープンデータ）","municipality_code":"22203","municipality_pref":"静岡県","municipality_name":"沼津市","municipality_code_method":"food_exact_coord"},"geometry":{"type":"Point","coordinates":[138.806662,35.144516]}},{"type":"Feature","properties":{"layer_id":"cafe_restaurant","name":"バナナライフ静岡沼津店","category":"food","address":"静岡県沼津市大塚643-8","source":"厚生労働省 食品衛生申請等システム（オープンデータ）","municipality_code":"22203","municipality_pref":"静岡県","municipality_name":"沼津市","municipality_code_method":"food_exact_coord"},"geometry":{"type":"Point","coordinates":[138.811792,35.122639]}},{"type":"Feature","properties":{"layer_id":"cafe_restaurant","name":"POPLY MACHI NO EKI","category":"food","address":"静岡県沼津市町方町48","source":"厚生労働省 食品衛生申請等システム（オープンデータ）","municipality_code":"22203","municipality_pref":"静岡県","municipality_name":"沼津市","municipality_code_method":"food_exact_coord"},"geometry":{"type":"Point","coordinates":[138.8573535,35.097153]}},{"type":"Feature","properties":{"layer_id":"cafe_restaurant","name":"株式会社クリエイティブ　炉暖の郷","category":"food","address":"静岡県沼津市足高字尾上24-24","source":"厚生労働省 食品衛生申請等システム（オープンデータ）","municipality_code":"22203","municipality_pref":"静岡県","municipality_name":"沼津市","municipality_code_method":"food_exact_coord"},"geometry":{"type":"Point","coordinates":[138.84978,35.152039]}},{"type":"Feature","properties":{"layer_id":"cafe_restaurant","name":"壺いもとバター","category":"food","address":"静岡県沼津市千本港町124","source":"厚生労働省 食品衛生申請等システム（オープンデータ）","municipality_code":"22203","municipality_pref":"静岡県","municipality_name":"沼津市","municipality_code_method":"food_exact_coord"},"geometry":{"type":"Point","coordinates":[138.857938,35.081957]}},{"type":"Feature","properties":{"layer_id":"cafe_restaurant","name":"ミニストップ沼津リコー通り店","category":"food","address":"静岡県沼津市北高島町4-8","source":"厚生労働省 食品衛生申請等システム（オープンデータ）","municipality_code":"22203","municipality_pref":"静岡県","municipality_name":"沼津市","municipality_code_method":"food_exact_coord"},"geometry":{"type":"Point","coordinates":[138.85956,35.111916]}},{"type":"Feature","properties":{"layer_id":"cafe_restaurant","name":"一華","category":"food","address":"静岡県沼津市原1530-2 山田ビル101","source":"厚生労働省 食品衛生申請等システム（オープンデータ）","municipality_code":"22203","municipality_pref":"静岡県","municipality_name":"沼津市","municipality_code_method":"food_exact_coord"},"geometry":{"type":"Point","coordinates":[138.802084,35.129775]}},{"type":"Feature","properties":{"layer_id":"cafe_restaurant","name":"和カフェ沼津","category":"food","address":"静岡県沼津市御幸町１５－１ 沼津市総合体育館内","source":"厚生労働省 食品衛生申請等システム（オープンデータ）","municipality_code":"22203","municipality_pref":"静岡県","municipality_name":"沼津市","municipality_code_method":"food_exact_coord"},"geometry":{"type":"Point","coordinates":[138.866748,35.095611]}},{"type":"Feature","properties":{"layer_id":"cafe_restaurant","name":"CLOVER","category":"food","address":"静岡県沼津市西条町117 パークビル１０３","source":"厚生労働省 食品衛生申請等システム（オープンデータ）","municipality_code":"22203","municipality_pref":"静岡県","municipality_name":"沼津市","municipality_code_method":"food_exact_coord"},"geometry":{"type":"Point","coordinates":[138.854737,35.100527]}},{"type":"Feature","properties":{"layer_id":"cafe_restaurant","name":"らあ麺　五心","category":"food","address":"静岡県沼津市高島町27-2","source":"厚生労働省 食品衛生申請等システム（オープンデータ）","municipality_code":"22203","municipality_pref":"静岡県","municipality_name":"沼津市","municipality_code_method":"food_exact_coord"},"geometry":{"type":"Point","coordinates":[138.857996,35.10549]}},{"type":"Feature","properties":{"layer_id":"cafe_restaurant","name":"海賊船","category":"food","address":"静岡県沼津市大岡1560-1","source":"厚生労働省 食品衛生申請等システム（オープンデータ）","municipality_code":"22203","municipality_pref":"静岡県","municipality_name":"沼津市","municipality_code_method":"food_exact_coord"},"geometry":{"type":"Point","coordinates":[138.870624,35.100742]}},{"type":"Feature","properties":{"layer_id":"cafe_restaurant","name":"善々","category":"food","address":"静岡県沼津市吉田町26-8","source":"厚生労働省 食品衛生申請等システム（オープンデータ）","municipality_code":"22203","municipality_pref":"静岡県","municipality_name":"沼津市","municipality_code_method":"food_exact_coord"},"geometry":{"type":"Point","coordinates":[138.861252,35.093619]}},{"type":"Feature","properties":{"layer_id":"cafe_restaurant","name":"ひだまりHidamari＋","category":"food","address":"静岡県沼津市足高322-36","source":"厚生労働省 食品衛生申請等システム（オープンデータ）","municipality_code":"22203","municipality_pref":"静岡県","municipality_name":"沼津市","municipality_code_method":"food_exact_coord"},"geometry":{"type":"Point","coordinates":[138.863757,35.143978]}},{"type":"Feature","properties":{"layer_id":"cafe_restaurant","name":"天神屋　沼津駅ビル店","category":"food","address":"静岡県沼津市大手町１－１－１ アントレ１階","source":"厚生労働省 食品衛生申請等システム（オープンデータ）","municipality_code":"22203","municipality_pref":"静岡県","municipality_name":"沼津市","municipality_code_method":"food_exact_coord"},"geometry":{"type":"Point","coordinates":[138.860845,35.103435]}},{"type":"Feature","properties":{"layer_id":"cafe_restaurant","name":"デイリーヤマザキ沼津大手町店","category":"food","address":"静岡県沼津市大手町３－５－７","source":"厚生労働省 食品衛生申請等システム（オープンデータ）","municipality_code":"22203","municipality_pref":"静岡県","municipality_name":"沼津市","municipality_code_method":"food_exact_coord"},"geometry":{"type":"Point","coordinates":[138.860002,35.100904]}},{"type":"Feature","properties":{"layer_id":"cafe_restaurant","name":"ワンピチ","category":"food","address":"静岡県沼津市高島町22-8 新富小路　1階 2号室","source":"厚生労働省 食品衛生申請等システム（オープンデータ）","municipality_code":"22203","municipality_pref":"静岡県","municipality_name":"沼津市","municipality_code_method":"food_exact_coord"},"geometry":{"type":"Point","coordinates":[138.857211,35.104983]}},{"type":"Feature","properties":{"layer_id":"cafe_restaurant","name":"甘味処　尾鷲","category":"food","address":"静岡県沼津市戸田360-4","source":"厚生労働省 食品衛生申請等システム（オープンデータ）","municipality_code":"22203","municipality_pref":"静岡県","municipality_name":"沼津市","municipality_code_method":"food_exact_coord"},"geometry":{"type":"Point","coordinates":[138.777514,34.971784]}},{"type":"Feature","properties":{"layer_id":"cafe_restaurant","name":"弁当屋　めしぼうず","category":"food","address":"静岡県沼津市共栄町14-12","source":"厚生労働省 食品衛生申請等システム（オープンデータ）","municipality_code":"22203","municipality_pref":"静岡県","municipality_name":"沼津市","municipality_code_method":"food_exact_coord"},"geometry":{"type":"Point","coordinates":[138.870421,35.119109]}},{"type":"Feature","properties":{"layer_id":"cafe_restaurant","name":"セブンイレブン沼津本郷店","category":"food","address":"静岡県沼津市御幸町23-30","source":"厚生労働省 食品衛生申請等システム（オープンデータ）","municipality_code":"22203","municipality_pref":"静岡県","municipality_name":"沼津市","municipality_code_method":"food_exact_coord"},"geometry":{"type":"Point","coordinates":[138.86586,35.092219]}},{"type":"Feature","properties":{"layer_id":"cafe_restaurant","name":"就労継続支援B型　ゆうほうのさと　檸檬屋","category":"food","address":"静岡県沼津市西浦立保22-1","source":"厚生労働省 食品衛生申請等システム（オープンデータ）","municipality_code":"22203","municipality_pref":"静岡県","municipality_name":"沼津市","municipality_code_method":"food_exact_coord"},"geometry":{"type":"Point","coordinates":[138.853113,35.016257]}},{"type":"Feature","properties":{"layer_id":"cafe_restaurant","name":"cam on  cafe","category":"food","address":"静岡県沼津市筒井町7-10 大黒ビル","source":"厚生労働省 食品衛生申請等システム（オープンデータ）","municipality_code":"22203","municipality_pref":"静岡県","municipality_name":"沼津市","municipality_code_method":"food_exact_coord"},"geometry":{"type":"Point","coordinates":[138.863744,35.120296]}},{"type":"Feature","properties":{"layer_id":"cafe_restaurant","name":"株式会社ＢＲＥＥＤ","category":"food","address":"静岡県沼津市下香貫柿原２８６１－１","source":"厚生労働省 食品衛生申請等システム（オープンデータ）","municipality_code":"22203","municipality_pref":"静岡県","municipality_name":"沼津市","municipality_code_method":"food_exact_coord"},"geometry":{"type":"Point","coordinates":[138.869753,35.07498]}},{"type":"Feature","properties":{"layer_id":"cafe_restaurant","name":"3Little Eggs ららぽーと沼津","category":"food","address":"静岡県沼津市東椎路字東荒301-3 ららぽーと沼津　15060","source":"厚生労働省 食品衛生申請等システム（オープンデータ）","municipality_code":"22203","municipality_pref":"静岡県","municipality_name":"沼津市","municipality_code_method":"food_exact_coord"},"geometry":{"type":"Point","coordinates":[138.774821,35.148904]}},{"type":"Feature","properties":{"layer_id":"cafe_restaurant","name":"いしがまやハンバーグ ららぽーと沼津","category":"food","address":"静岡県沼津市東椎路字東荒301番地3 ららぽーと沼津　15070区画","source":"厚生労働省 食品衛生申請等システム（オープンデータ）","municipality_code":"22203","municipality_pref":"静岡県","municipality_name":"沼津市","municipality_code_method":"food_exact_coord"},"geometry":{"type":"Point","coordinates":[138.774821,35.148904]}},{"type":"Feature","properties":{"layer_id":"cafe_restaurant","name":"VEGEGOオヌレシクタン＆カフェららぽーと沼津","category":"food","address":"静岡県沼津市東椎路字東荒301番地3 ららぽーと沼津　37017区画","source":"厚生労働省 食品衛生申請等システム（オープンデータ）","municipality_code":"22203","municipality_pref":"静岡県","municipality_name":"沼津市","municipality_code_method":"food_exact_coord"},"geometry":{"type":"Point","coordinates":[138.774821,35.148904]}},{"type":"Feature","properties":{"layer_id":"cafe_restaurant","name":"ひな鶏 伊勢ゐ","category":"food","address":"静岡県沼津市東椎路字東荒301番地3 ららぽーと沼津　37020区画","source":"厚生労働省 食品衛生申請等システム（オープンデータ）","municipality_code":"22203","municipality_pref":"静岡県","municipality_name":"沼津市","municipality_code_method":"food_exact_coord"},"geometry":{"type":"Point","coordinates":[138.774821,35.148904]}},{"type":"Feature","properties":{"layer_id":"cafe_restaurant","name":"630 STAND","category":"food","address":"静岡県沼津市新宿町3-26","source":"厚生労働省 食品衛生申請等システム（オープンデータ）","municipality_code":"22203","municipality_pref":"静岡県","municipality_name":"沼津市","municipality_code_method":"food_exact_coord"},"geometry":{"type":"Point","coordinates":[138.860196,35.105805]}},{"type":"Feature","properties":{"layer_id":"cafe_restaurant","name":"ペッパーランチ　ららぽーと沼津店","category":"food","address":"静岡県沼津市東椎路字東荒301番地3 ららぽーと沼津3Fフードコート内","source":"厚生労働省 食品衛生申請等システム（オープンデータ）","municipality_code":"22203","municipality_pref":"静岡県","municipality_name":"沼津市","municipality_code_method":"food_exact_coord"},"geometry":{"type":"Point","coordinates":[138.837225,35.127592]}},{"type":"Feature","properties":{"layer_id":"cafe_restaurant","name":"株式会社フジクラ　沼津事業所","category":"food","address":"静岡県沼津市双葉町９－１","source":"厚生労働省 食品衛生申請等システム（オープンデータ）","municipality_code":"22203","municipality_pref":"静岡県","municipality_name":"沼津市","municipality_code_method":"food_exact_coord"},"geometry":{"type":"Point","coordinates":[138.851672271,35.104076132]}},{"type":"Feature","properties":{"layer_id":"cafe_restaurant","name":"沼津さかな食堂　マグロキック","category":"food","address":"静岡県沼津市我入道一本松191-1 クロス牛臥　1階","source":"厚生労働省 食品衛生申請等システム（オープンデータ）","municipality_code":"22203","municipality_pref":"静岡県","municipality_name":"沼津市","municipality_code_method":"food_exact_coord"},"geometry":{"type":"Point","coordinates":[138.863383,35.07974]}},{"type":"Feature","properties":{"layer_id":"cafe_restaurant","name":"焼肉心時代","category":"food","address":"静岡県沼津市新宿町17-14","source":"厚生労働省 食品衛生申請等システム（オープンデータ）","municipality_code":"22203","municipality_pref":"静岡県","municipality_name":"沼津市","municipality_code_method":"food_exact_coord"},"geometry":{"type":"Point","coordinates":[138.859499,35.109149]}},{"type":"Feature","properties":{"layer_id":"cafe_restaurant","name":"Bistro　KANPAI","category":"food","address":"静岡県沼津市根古屋998‐27 NEOPASA駿河湾沼津 上り　２F","source":"厚生労働省 食品衛生申請等システム（オープンデータ）","municipality_code":"22203","municipality_pref":"静岡県","municipality_name":"沼津市","municipality_code_method":"food_exact_coord"},"geometry":{"type":"Point","coordinates":[138.805579,35.154888]}},{"type":"Feature","properties":{"layer_id":"cafe_restaurant","name":"好大","category":"food","address":"静岡県沼津市大平2906-1","source":"厚生労働省 食品衛生申請等システム（オープンデータ）","municipality_code":"22203","municipality_pref":"静岡県","municipality_name":"沼津市","municipality_code_method":"food_exact_coord"},"geometry":{"type":"Point","coordinates":[138.917429,35.073089]}},{"type":"Feature","properties":{"layer_id":"cafe_restaurant","name":"沼津倶楽部　ホテル","category":"food","address":"静岡県沼津市千本郷林1907-8","source":"厚生労働省 食品衛生申請等システム（オープンデータ）","municipality_code":"22203","municipality_pref":"静岡県","municipality_name":"沼津市","municipality_code_method":"food_exact_coord"},"geometry":{"type":"Point","coordinates":[138.852597,35.086467]}},{"type":"Feature","properties":{"layer_id":"cafe_restaurant","name":"沼津倶楽部　レストラン","category":"food","address":"静岡県沼津市千本郷林1907-8 沼津倶楽部　茶亭内","source":"厚生労働省 食品衛生申請等システム（オープンデータ）","municipality_code":"22203","municipality_pref":"静岡県","municipality_name":"沼津市","municipality_code_method":"food_exact_coord"},"geometry":{"type":"Point","coordinates":[138.852561,35.086289]}},{"type":"Feature","properties":{"layer_id":"cafe_restaurant","name":"フロプレステージュ　沼津ららぽーと店","category":"food","address":"静岡県沼津市東椎路字東荒３０１番地３ ららぽーと沼津 １０１３０","source":"厚生労働省 食品衛生申請等システム（オープンデータ）","municipality_code":"22203","municipality_pref":"静岡県","municipality_name":"沼津市","municipality_code_method":"food_exact_coord"},"geometry":{"type":"Point","coordinates":[138.774821,35.148904]}},{"type":"Feature","properties":{"layer_id":"cafe_restaurant","name":"senspi","category":"food","address":"静岡県沼津市千本緑町3丁目１","source":"厚生労働省 食品衛生申請等システム（オープンデータ）","municipality_code":"22203","municipality_pref":"静岡県","municipality_name":"沼津市","municipality_code_method":"food_exact_coord"},"geometry":{"type":"Point","coordinates":[138.853543,35.092193]}},{"type":"Feature","properties":{"layer_id":"cafe_restaurant","name":"よこすかや","category":"food","address":"静岡県沼津市戸田４５１","source":"厚生労働省 食品衛生申請等システム（オープンデータ）","municipality_code":"22203","municipality_pref":"静岡県","municipality_name":"沼津市","municipality_code_method":"food_exact_coord"},"geometry":{"type":"Point","coordinates":[138.778776807,34.969594594]}},{"type":"Feature","properties":{"layer_id":"cafe_restaurant","name":"シーホース","category":"food","address":"静岡県沼津市戸田２１２－５０","source":"厚生労働省 食品衛生申請等システム（オープンデータ）","municipality_code":"22203","municipality_pref":"静岡県","municipality_name":"沼津市","municipality_code_method":"food_exact_coord"},"geometry":{"type":"Point","coordinates":[138.776821314,34.974066376]}},{"type":"Feature","properties":{"layer_id":"cafe_restaurant","name":"Mobile Diner","category":"food","address":"静岡県沼津市西間門128-1 セジュール北島201","source":"厚生労働省 食品衛生申請等システム（オープンデータ）","municipality_code":"22203","municipality_pref":"静岡県","municipality_name":"沼津市","municipality_code_method":"food_exact_coord"},"geometry":{"type":"Point","coordinates":[138.843336,35.106758]}},{"type":"Feature","properties":{"layer_id":"cafe_restaurant","name":"やみつき餃子ダイニング虎舞ーＣＯＢＵー","category":"food","address":"静岡県沼津市岡宮１３１９－１ ２Ｆ","source":"厚生労働省 食品衛生申請等システム（オープンデータ）","municipality_code":"22203","municipality_pref":"静岡県","municipality_name":"沼津市","municipality_code_method":"food_exact_coord"},"geometry":{"type":"Point","coordinates":[138.867965,35.139422]}},{"type":"Feature","properties":{"layer_id":"cafe_restaurant","name":"ウエディングファンタジア","category":"food","address":"静岡県沼津市春日町17-5","source":"厚生労働省 食品衛生申請等システム（オープンデータ）","municipality_code":"22203","municipality_pref":"静岡県","municipality_name":"沼津市","municipality_code_method":"food_exact_coord"},"geometry":{"type":"Point","coordinates":[138.859705,35.085361]}},{"type":"Feature","properties":{"layer_id":"cafe_restaurant","name":"French Lien","category":"food","address":"静岡県沼津市春日町17-5","source":"厚生労働省 食品衛生申請等システム（オープンデータ）","municipality_code":"22203","municipality_pref":"静岡県","municipality_name":"沼津市","municipality_code_method":"food_exact_coord"},"geometry":{"type":"Point","coordinates":[138.859705,35.085361]}},{"type":"Feature","properties":{"layer_id":"cafe_restaurant","name":"びっくりドンキー沼津学園通り店","category":"food","address":"静岡県沼津市杉崎町１３ー４６","source":"厚生労働省 食品衛生申請等システム（オープンデータ）","municipality_code":"22203","municipality_pref":"静岡県","municipality_name":"沼津市","municipality_code_method":"food_exact_coord"},"geometry":{"type":"Point","coordinates":[138.865828,35.109746]}},{"type":"Feature","properties":{"layer_id":"cafe_restaurant","name":"Nazaré","category":"food","address":"静岡県沼津市高島町28-7","source":"厚生労働省 食品衛生申請等システム（オープンデータ）","municipality_code":"22203","municipality_pref":"静岡県","municipality_name":"沼津市","municipality_code_method":"food_exact_coord"},"geometry":{"type":"Point","coordinates":[138.85784,35.106172]}},{"type":"Feature","properties":{"layer_id":"cafe_restaurant","name":"カルモア","category":"food","address":"静岡県沼津市戸田2710","source":"厚生労働省 食品衛生申請等システム（オープンデータ）","municipality_code":"22203","municipality_pref":"静岡県","municipality_name":"沼津市","municipality_code_method":"food_exact_coord"},"geometry":{"type":"Point","coordinates":[138.766946,34.976701]}},{"type":"Feature","properties":{"layer_id":"cafe_restaurant","name":"スマル亭沼津グルメ街道店","category":"food","address":"静岡県沼津市岡一色444","source":"厚生労働省 食品衛生申請等システム（オープンデータ）","municipality_code":"22203","municipality_pref":"静岡県","municipality_name":"沼津市","municipality_code_method":"food_exact_coord"},"geometry":{"type":"Point","coordinates":[138.876916,35.128679000000005]}},{"type":"Feature","properties":{"layer_id":"cafe_restaurant","name":"金目鯛とくぞう沼津港店","category":"food","address":"静岡県沼津市千本港町１０９","source":"厚生労働省 食品衛生申請等システム（オープンデータ）","municipality_code":"22203","municipality_pref":"静岡県","municipality_name":"沼津市","municipality_code_method":"food_exact_coord"},"geometry":{"type":"Point","coordinates":[138.858488,35.083194]}},{"type":"Feature","properties":{"layer_id":"cafe_restaurant","name":"Ｃａｌｌｅ５４１１","category":"food","address":"静岡県沼津市大手町５－４－１１ 萬来軒ビルＢ１Ｆ","source":"厚生労働省 食品衛生申請等システム（オープンデータ）","municipality_code":"22203","municipality_pref":"静岡県","municipality_name":"沼津市","municipality_code_method":"food_exact_coord"},"geometry":{"type":"Point","coordinates":[138.858353085,35.099955393]}},{"type":"Feature","properties":{"layer_id":"cafe_restaurant","name":"セゾンドボーテ","category":"food","address":"静岡県沼津市高沢町4-13","source":"厚生労働省 食品衛生申請等システム（オープンデータ）","municipality_code":"22203","municipality_pref":"静岡県","municipality_name":"沼津市","municipality_code_method":"food_exact_coord"},"geometry":{"type":"Point","coordinates":[138.854027,35.104676]}},{"type":"Feature","properties":{"layer_id":"cafe_restaurant","name":"はっぴー","category":"food","address":"静岡県沼津市高島町20-1","source":"厚生労働省 食品衛生申請等システム（オープンデータ）","municipality_code":"22203","municipality_pref":"静岡県","municipality_name":"沼津市","municipality_code_method":"food_exact_coord"},"geometry":{"type":"Point","coordinates":[138.857814,35.10408]}},{"type":"Feature","properties":{"layer_id":"cafe_restaurant","name":"カフェ　フェルム","category":"food","address":"静岡県沼津市平町７－３０ 青木ビル１Ｆ","source":"厚生労働省 食品衛生申請等システム（オープンデータ）","municipality_code":"22203","municipality_pref":"静岡県","municipality_name":"沼津市","municipality_code_method":"food_exact_coord"},"geometry":{"type":"Point","coordinates":[138.868199,35.1006105]}},{"type":"Feature","properties":{"layer_id":"cafe_restaurant","name":"三代目岩崎本舗","category":"food","address":"静岡県沼津市根古屋919‐1","source":"厚生労働省 食品衛生申請等システム（オープンデータ）","municipality_code":"22203","municipality_pref":"静岡県","municipality_name":"沼津市","municipality_code_method":"food_exact_coord"},"geometry":{"type":"Point","coordinates":[138.811043,35.152649]}},{"type":"Feature","properties":{"layer_id":"cafe_restaurant","name":"FATLAND","category":"food","address":"静岡県沼津市足高220-4","source":"厚生労働省 食品衛生申請等システム（オープンデータ）","municipality_code":"22203","municipality_pref":"静岡県","municipality_name":"沼津市","municipality_code_method":"food_exact_coord"},"geometry":{"type":"Point","coordinates":[138.849919,35.160538]}},{"type":"Feature","properties":{"layer_id":"cafe_restaurant","name":"千国","category":"food","address":"静岡県沼津市末広町206 メゾン・ド・大野1F","source":"厚生労働省 食品衛生申請等システム（オープンデータ）","municipality_code":"22203","municipality_pref":"静岡県","municipality_name":"沼津市","municipality_code_method":"food_exact_coord"},"geometry":{"type":"Point","coordinates":[138.853775,35.096841]}},{"type":"Feature","properties":{"layer_id":"cafe_restaurant","name":"野菜食堂 vegi cafe 南州","category":"food","address":"静岡県沼津市西島町4-15","source":"厚生労働省 食品衛生申請等システム（オープンデータ）","municipality_code":"22203","municipality_pref":"静岡県","municipality_name":"沼津市","municipality_code_method":"food_exact_coord"},"geometry":{"type":"Point","coordinates":[138.864663,35.088432]}},{"type":"Feature","properties":{"layer_id":"cafe_restaurant","name":"つつみ","category":"food","address":"静岡県沼津市三枚橋竹ノ岬700-1","source":"厚生労働省 食品衛生申請等システム（オープンデータ）","municipality_code":"22203","municipality_pref":"静岡県","municipality_name":"沼津市","municipality_code_method":"food_exact_coord"},"geometry":{"type":"Point","coordinates":[138.873046,35.109709]}},{"type":"Feature","properties":{"layer_id":"cafe_restaurant","name":"Happy Fine","category":"food","address":"静岡県沼津市高島町14-8","source":"厚生労働省 食品衛生申請等システム（オープンデータ）","municipality_code":"22203","municipality_pref":"静岡県","municipality_name":"沼津市","municipality_code_method":"food_exact_coord"},"geometry":{"type":"Point","coordinates":[138.859105,35.10553]}},{"type":"Feature","properties":{"layer_id":"cafe_restaurant","name":"魚松","category":"food","address":"静岡県沼津市大平１１０２－１７","source":"厚生労働省 食品衛生申請等システム（オープンデータ）","municipality_code":"22203","municipality_pref":"静岡県","municipality_name":"沼津市","municipality_code_method":"food_exact_coord"},"geometry":{"type":"Point","coordinates":[138.902556,35.074154]}},{"type":"Feature","properties":{"layer_id":"cafe_restaurant","name":"Cha.mone.","category":"food","address":"静岡県沼津市大岡817-1","source":"厚生労働省 食品衛生申請等システム（オープンデータ）","municipality_code":"22203","municipality_pref":"静岡県","municipality_name":"沼津市","municipality_code_method":"food_exact_coord"},"geometry":{"type":"Point","coordinates":[138.878542,35.111478]}},{"type":"Feature","properties":{"layer_id":"cafe_restaurant","name":"ここしあの港　「co.co」","category":"food","address":"静岡県沼津市西沢田632-1 ここしあの港","source":"厚生労働省 食品衛生申請等システム（オープンデータ）","municipality_code":"22203","municipality_pref":"静岡県","municipality_name":"沼津市","municipality_code_method":"food_exact_coord"},"geometry":{"type":"Point","coordinates":[138.849816,35.122247]}},{"type":"Feature","properties":{"layer_id":"cafe_restaurant","name":"富士林檎　沼津店","category":"food","address":"静岡県沼津市玉江町6-31","source":"厚生労働省 食品衛生申請等システム（オープンデータ）","municipality_code":"22203","municipality_pref":"静岡県","municipality_name":"沼津市","municipality_code_method":"food_exact_coord"},"geometry":{"type":"Point","coordinates":[138.868612,35.086712]}},{"type":"Feature","properties":{"layer_id":"cafe_restaurant","name":"吞み処　ふじ","category":"food","address":"静岡県沼津市下香貫上障子370-1 南から２号","source":"厚生労働省 食品衛生申請等システム（オープンデータ）","municipality_code":"22203","municipality_pref":"静岡県","municipality_name":"沼津市","municipality_code_method":"food_exact_coord"},"geometry":{"type":"Point","coordinates":[138.869124,35.084954]}},{"type":"Feature","properties":{"layer_id":"cafe_restaurant","name":"静岡県立 沼津聴覚特別支援学校 寄宿舎","category":"food","address":"静岡県沼津市泉町３－２９","source":"厚生労働省 食品衛生申請等システム（オープンデータ）","municipality_code":"22203","municipality_pref":"静岡県","municipality_name":"沼津市","municipality_code_method":"food_exact_coord"},"geometry":{"type":"Point","coordinates":[138.864037,35.112748]}},{"type":"Feature","properties":{"layer_id":"cafe_restaurant","name":"静岡県立 沼津聴覚特別支援学校","category":"food","address":"静岡県沼津市泉町４－１","source":"厚生労働省 食品衛生申請等システム（オープンデータ）","municipality_code":"22203","municipality_pref":"静岡県","municipality_name":"沼津市","municipality_code_method":"food_exact_coord"},"geometry":{"type":"Point","coordinates":[138.863659,35.110925]}},{"type":"Feature","properties":{"layer_id":"cafe_restaurant","name":"麹&逢色眞 香笛","category":"food","address":"静岡県沼津市若葉町14-32","source":"厚生労働省 食品衛生申請等システム（オープンデータ）","municipality_code":"22203","municipality_pref":"静岡県","municipality_name":"沼津市","municipality_code_method":"food_exact_coord"},"geometry":{"type":"Point","coordinates":[138.85559,35.120519]}},{"type":"Feature","properties":{"layer_id":"cafe_restaurant","name":"ローソン沼津岡宮南店","category":"food","address":"静岡県沼津市岡宮５１１－１","source":"厚生労働省 食品衛生申請等システム（オープンデータ）","municipality_code":"22203","municipality_pref":"静岡県","municipality_name":"沼津市","municipality_code_method":"food_exact_coord"},"geometry":{"type":"Point","coordinates":[138.873221,35.12476]}},{"type":"Feature","properties":{"layer_id":"cafe_restaurant","name":"SPORTSCAFEBAR HAT TRICK","category":"food","address":"静岡県沼津市寿町18－6 ザ・ハウスグレー1階東","source":"厚生労働省 食品衛生申請等システム（オープンデータ）","municipality_code":"22203","municipality_pref":"静岡県","municipality_name":"沼津市","municipality_code_method":"food_exact_coord"},"geometry":{"type":"Point","coordinates":[138.856936,35.116108]}},{"type":"Feature","properties":{"layer_id":"cafe_restaurant","name":"桜恋ひかる","category":"food","address":"静岡県沼津市北園町3-1","source":"厚生労働省 食品衛生申請等システム（オープンデータ）","municipality_code":"22203","municipality_pref":"静岡県","municipality_name":"沼津市","municipality_code_method":"food_exact_coord"},"geometry":{"type":"Point","coordinates":[138.875025,35.124515]}},{"type":"Feature","properties":{"layer_id":"cafe_restaurant","name":"太郎ちゃん","category":"food","address":"静岡県沼津市大岡2132-2","source":"厚生労働省 食品衛生申請等システム（オープンデータ）","municipality_code":"22203","municipality_pref":"静岡県","municipality_name":"沼津市","municipality_code_method":"food_exact_coord"},"geometry":{"type":"Point","coordinates":[138.871758,35.117296]}},{"type":"Feature","properties":{"layer_id":"cafe_restaurant","name":"農体験の宿廻廻","category":"food","address":"静岡県沼津市西浦久料１４４－８","source":"厚生労働省 食品衛生申請等システム（オープンデータ）","municipality_code":"22203","municipality_pref":"静岡県","municipality_name":"沼津市","municipality_code_method":"food_exact_coord"},"geometry":{"type":"Point","coordinates":[138.830971,35.019699]}},{"type":"Feature","properties":{"layer_id":"cafe_restaurant","name":"やきにく亭　東風","category":"food","address":"静岡県沼津市岡宮1351-7 １Ｆ","source":"厚生労働省 食品衛生申請等システム（オープンデータ）","municipality_code":"22203","municipality_pref":"静岡県","municipality_name":"沼津市","municipality_code_method":"food_exact_coord"},"geometry":{"type":"Point","coordinates":[138.866162,35.136702]}},{"type":"Feature","properties":{"layer_id":"cafe_restaurant","name":"てっちゃんのOYATSU屋さん","category":"food","address":"静岡県沼津市大手町4-5-14 TETSUYA RECORDS","source":"厚生労働省 食品衛生申請等システム（オープンデータ）","municipality_code":"22203","municipality_pref":"静岡県","municipality_name":"沼津市","municipality_code_method":"food_exact_coord"},"geometry":{"type":"Point","coordinates":[138.858115,35.098697]}},{"type":"Feature","properties":{"layer_id":"cafe_restaurant","name":"カラオケＢａｎＢａｎ　沼津駅前店","category":"food","address":"静岡県沼津市大手町５－９－２１ ３Ｆ","source":"厚生労働省 食品衛生申請等システム（オープンデータ）","municipality_code":"22203","municipality_pref":"静岡県","municipality_name":"沼津市","municipality_code_method":"food_exact_coord"},"geometry":{"type":"Point","coordinates":[138.858106,35.101474]}},{"type":"Feature","properties":{"layer_id":"cafe_restaurant","name":"カラオケBanBan沼津インター店","category":"food","address":"静岡県沼津市岡宮１２４６－１９","source":"厚生労働省 食品衛生申請等システム（オープンデータ）","municipality_code":"22203","municipality_pref":"静岡県","municipality_name":"沼津市","municipality_code_method":"food_exact_coord"},"geometry":{"type":"Point","coordinates":[138.873827,35.133422]}},{"type":"Feature","properties":{"layer_id":"cafe_restaurant","name":"木負観光みかん園","category":"food","address":"静岡県沼津市西浦木負216","source":"厚生労働省 食品衛生申請等システム（オープンデータ）","municipality_code":"22203","municipality_pref":"静岡県","municipality_name":"沼津市","municipality_code_method":"food_exact_coord"},"geometry":{"type":"Point","coordinates":[138.877667,35.01942]}},{"type":"Feature","properties":{"layer_id":"cafe_restaurant","name":"はーとらいふ沼津","category":"food","address":"静岡県沼津市岡宮1302-3","source":"厚生労働省 食品衛生申請等システム（オープンデータ）","municipality_code":"22203","municipality_pref":"静岡県","municipality_name":"沼津市","municipality_code_method":"food_exact_coord"},"geometry":{"type":"Point","coordinates":[138.867388,35.139868]}},{"type":"Feature","properties":{"layer_id":"cafe_restaurant","name":"アリスガーデン豊町","category":"food","address":"静岡県沼津市豊町12-3","source":"厚生労働省 食品衛生申請等システム（オープンデータ）","municipality_code":"22203","municipality_pref":"静岡県","municipality_name":"沼津市","municipality_code_method":"food_exact_coord"},"geometry":{"type":"Point","coordinates":[138.860511,35.130162]}},{"type":"Feature","properties":{"layer_id":"cafe_restaurant","name":"メディケアレジデンス沼津","category":"food","address":"静岡県沼津市岡宮1270","source":"厚生労働省 食品衛生申請等システム（オープンデータ）","municipality_code":"22203","municipality_pref":"静岡県","municipality_name":"沼津市","municipality_code_method":"food_exact_coord"},"geometry":{"type":"Point","coordinates":[138.86798,35.140198]}},{"type":"Feature","properties":{"layer_id":"cafe_restaurant","name":"ローソン沼津駅南口店","category":"food","address":"静岡県沼津市大手町１－１－２","source":"厚生労働省 食品衛生申請等システム（オープンデータ）","municipality_code":"22203","municipality_pref":"静岡県","municipality_name":"沼津市","municipality_code_method":"food_exact_coord"},"geometry":{"type":"Point","coordinates":[138.860769,35.102382]}},{"type":"Feature","properties":{"layer_id":"cafe_restaurant","name":"ローソン沼津鳥谷店","category":"food","address":"静岡県沼津市鳥谷７８－２","source":"厚生労働省 食品衛生申請等システム（オープンデータ）","municipality_code":"22203","municipality_pref":"静岡県","municipality_name":"沼津市","municipality_code_method":"food_exact_coord"},"geometry":{"type":"Point","coordinates":[138.815046,35.135293]}},{"type":"Feature","properties":{"layer_id":"cafe_restaurant","name":"ローソン沼津東間門店","category":"food","address":"静岡県沼津市東間門１－１－１","source":"厚生労働省 食品衛生申請等システム（オープンデータ）","municipality_code":"22203","municipality_pref":"静岡県","municipality_name":"沼津市","municipality_code_method":"food_exact_coord"},"geometry":{"type":"Point","coordinates":[138.847733,35.101097]}},{"type":"Feature","properties":{"layer_id":"cafe_restaurant","name":"セブンイレブン沼津大手町４丁目店","category":"food","address":"静岡県沼津市大手町４－７－１５","source":"厚生労働省 食品衛生申請等システム（オープンデータ）","municipality_code":"22203","municipality_pref":"静岡県","municipality_name":"沼津市","municipality_code_method":"food_exact_coord"},"geometry":{"type":"Point","coordinates":[138.857687,35.099014]}},{"type":"Feature","properties":{"layer_id":"cafe_restaurant","name":"ミンニネ　ポッチャ","category":"food","address":"静岡県沼津市高沢町2-17 八ちはち小路 101","source":"厚生労働省 食品衛生申請等システム（オープンデータ）","municipality_code":"22203","municipality_pref":"静岡県","municipality_name":"沼津市","municipality_code_method":"food_exact_coord"},"geometry":{"type":"Point","coordinates":[138.855257,35.10411]}},{"type":"Feature","properties":{"layer_id":"cafe_restaurant","name":"ダウンタウン","category":"food","address":"静岡県沼津市高島町２１－２３ ミラクル横丁４号","source":"厚生労働省 食品衛生申請等システム（オープンデータ）","municipality_code":"22203","municipality_pref":"静岡県","municipality_name":"沼津市","municipality_code_method":"food_exact_coord"},"geometry":{"type":"Point","coordinates":[138.858086,35.105065]}},{"type":"Feature","properties":{"layer_id":"cafe_restaurant","name":"お弁当のこむぎ","category":"food","address":"静岡県沼津市杉崎町13-32 奈良橋テナント","source":"厚生労働省 食品衛生申請等システム（オープンデータ）","municipality_code":"22203","municipality_pref":"静岡県","municipality_name":"沼津市","municipality_code_method":"food_exact_coord"},"geometry":{"type":"Point","coordinates":[138.865428,35.110364]}},{"type":"Feature","properties":{"layer_id":"cafe_restaurant","name":"紫水","category":"food","address":"静岡県沼津市高島町20-8","source":"厚生労働省 食品衛生申請等システム（オープンデータ）","municipality_code":"22203","municipality_pref":"静岡県","municipality_name":"沼津市","municipality_code_method":"food_exact_coord"},"geometry":{"type":"Point","coordinates":[138.857136,35.104139]}},{"type":"Feature","properties":{"layer_id":"cafe_restaurant","name":"とうふや上野　沼津駅前店","category":"food","address":"静岡県沼津市大手町１－１－６","source":"厚生労働省 食品衛生申請等システム（オープンデータ）","municipality_code":"22203","municipality_pref":"静岡県","municipality_name":"沼津市","municipality_code_method":"food_exact_coord"},"geometry":{"type":"Point","coordinates":[138.858144,35.102265]}},{"type":"Feature","properties":{"layer_id":"cafe_restaurant","name":"カオリノモリ","category":"food","address":"静岡県沼津市下香貫木の宮800-36","source":"厚生労働省 食品衛生申請等システム（オープンデータ）","municipality_code":"22203","municipality_pref":"静岡県","municipality_name":"沼津市","municipality_code_method":"food_exact_coord"},"geometry":{"type":"Point","coordinates":[138.88306,35.083433]}},{"type":"Feature","properties":{"layer_id":"cafe_restaurant","name":"エヴリワ","category":"food","address":"静岡県沼津市高島町23-2 岡村ビル1F　4","source":"厚生労働省 食品衛生申請等システム（オープンデータ）","municipality_code":"22203","municipality_pref":"静岡県","municipality_name":"沼津市","municipality_code_method":"food_exact_coord"},"geometry":{"type":"Point","coordinates":[138.856917,35.104825]}},{"type":"Feature","properties":{"layer_id":"cafe_restaurant","name":"グーニーズ","category":"food","address":"静岡県沼津市松長555","source":"厚生労働省 食品衛生申請等システム（オープンデータ）","municipality_code":"22203","municipality_pref":"静岡県","municipality_name":"沼津市","municipality_code_method":"food_exact_coord"},"geometry":{"type":"Point","coordinates":[138.863539,35.095606]}},{"type":"Feature","properties":{"layer_id":"cafe_restaurant","name":"T'S-STYLE＿ボンゴ号","category":"food","address":"静岡県沼津市東椎路字東荒301番地3 沼津ららぽーと","source":"厚生労働省 食品衛生申請等システム（オープンデータ）","municipality_code":"22203","municipality_pref":"静岡県","municipality_name":"沼津市","municipality_code_method":"food_exact_coord"},"geometry":{"type":"Point","coordinates":[138.774821,35.148904]}},{"type":"Feature","properties":{"layer_id":"cafe_restaurant","name":"社会福祉法人　三保会　ひだまりの郷","category":"food","address":"静岡県沼津市内浦重須６２４","source":"厚生労働省 食品衛生申請等システム（オープンデータ）","municipality_code":"22203","municipality_pref":"静岡県","municipality_name":"沼津市","municipality_code_method":"food_exact_coord"},"geometry":{"type":"Point","coordinates":[138.886381,35.004464]}},{"type":"Feature","properties":{"layer_id":"cafe_restaurant","name":"にんじんさん","category":"food","address":"静岡県沼津市北園町３−１２","source":"厚生労働省 食品衛生申請等システム（オープンデータ）","municipality_code":"22203","municipality_pref":"静岡県","municipality_name":"沼津市","municipality_code_method":"food_exact_coord"},"geometry":{"type":"Point","coordinates":[138.875304,35.124477]}},{"type":"Feature","properties":{"layer_id":"cafe_restaurant","name":"外花屋","category":"food","address":"静岡県沼津市根古屋998-27 駿河湾沼津SA（上り）外花屋","source":"厚生労働省 食品衛生申請等システム（オープンデータ）","municipality_code":"22203","municipality_pref":"静岡県","municipality_name":"沼津市","municipality_code_method":"food_exact_coord"},"geometry":{"type":"Point","coordinates":[138.805658,35.154527]}},{"type":"Feature","properties":{"layer_id":"cafe_restaurant","name":"魚河岸丸天　本店仮店舗","category":"food","address":"静岡県沼津市千本港町100-1","source":"厚生労働省 食品衛生申請等システム（オープンデータ）","municipality_code":"22203","municipality_pref":"静岡県","municipality_name":"沼津市","municipality_code_method":"food_exact_coord"},"geometry":{"type":"Point","coordinates":[138.857982,35.083121]}},{"type":"Feature","properties":{"layer_id":"cafe_restaurant","name":"御膳屋　丸天","category":"food","address":"静岡県沼津市千本港町１１４－１","source":"厚生労働省 食品衛生申請等システム（オープンデータ）","municipality_code":"22203","municipality_pref":"静岡県","municipality_name":"沼津市","municipality_code_method":"food_exact_coord"},"geometry":{"type":"Point","coordinates":[138.858467,35.08273]}},{"type":"Feature","properties":{"layer_id":"cafe_restaurant","name":"京茉莉","category":"food","address":"静岡県沼津市下香貫２３７９－１００","source":"厚生労働省 食品衛生申請等システム（オープンデータ）","municipality_code":"22203","municipality_pref":"静岡県","municipality_name":"沼津市","municipality_code_method":"food_exact_coord"},"geometry":{"type":"Point","coordinates":[138.87803,35.078706]}},{"type":"Feature","properties":{"layer_id":"cafe_restaurant","name":"ＣＢカレーキッチン","category":"food","address":"静岡県沼津市下香貫藤井原１６５３－１","source":"厚生労働省 食品衛生申請等システム（オープンデータ）","municipality_code":"22203","municipality_pref":"静岡県","municipality_name":"沼津市","municipality_code_method":"food_exact_coord"},"geometry":{"type":"Point","coordinates":[138.87803,35.078706]}},{"type":"Feature","properties":{"layer_id":"cafe_restaurant","name":"ａｓｉａｎ  Ｓｕ－Ｈａ","category":"food","address":"静岡県沼津市下香貫前原１４７７－１  2F","source":"厚生労働省 食品衛生申請等システム（オープンデータ）","municipality_code":"22203","municipality_pref":"静岡県","municipality_name":"沼津市","municipality_code_method":"food_exact_coord"},"geometry":{"type":"Point","coordinates":[138.87803,35.078706]}},{"type":"Feature","properties":{"layer_id":"cafe_restaurant","name":"国家公務員共済組合連合会沼津保養所　はまゆう","category":"food","address":"静岡県沼津市志下１９２","source":"厚生労働省 食品衛生申請等システム（オープンデータ）","municipality_code":"22203","municipality_pref":"静岡県","municipality_name":"沼津市","municipality_code_method":"food_exact_coord"},"geometry":{"type":"Point","coordinates":[138.87722,35.066103]}},{"type":"Feature","properties":{"layer_id":"cafe_restaurant","name":"国家公務員共済組合連合会沼津保養所　はまゆう","category":"food","address":"静岡県沼津市志下１９２","source":"厚生労働省 食品衛生申請等システム（オープンデータ）","municipality_code":"22203","municipality_pref":"静岡県","municipality_name":"沼津市","municipality_code_method":"food_exact_coord"},"geometry":{"type":"Point","coordinates":[138.87722,35.066103]}},{"type":"Feature","properties":{"layer_id":"cafe_restaurant","name":"国家公務員共済組合連合会沼津保養所　はまゆう","category":"food","address":"静岡県沼津市志下１９２","source":"厚生労働省 食品衛生申請等システム（オープンデータ）","municipality_code":"22203","municipality_pref":"静岡県","municipality_name":"沼津市","municipality_code_method":"food_exact_coord"},"geometry":{"type":"Point","coordinates":[138.87722,35.066103]}},{"type":"Feature","properties":{"layer_id":"cafe_restaurant","name":"ふじ田","category":"food","address":"静岡県沼津市下香貫島郷２９７５－５","source":"厚生労働省 食品衛生申請等システム（オープンデータ）","municipality_code":"22203","municipality_pref":"静岡県","municipality_name":"沼津市","municipality_code_method":"food_exact_coord"},"geometry":{"type":"Point","coordinates":[138.87803,35.078706]}},{"type":"Feature","properties":{"layer_id":"cafe_restaurant","name":"pal-pal","category":"food","address":"静岡県沼津市添地町159 戦国ビル　1階","source":"厚生労働省 食品衛生申請等システム（オープンデータ）","municipality_code":"22203","municipality_pref":"静岡県","municipality_name":"沼津市","municipality_code_method":"food_exact_coord"},"geometry":{"type":"Point","coordinates":[138.856578,35.100592]}},{"type":"Feature","properties":{"layer_id":"cafe_restaurant","name":"すし処京丸","category":"food","address":"静岡県沼津市上香貫槇島町１３３６－１７","source":"厚生労働省 食品衛生申請等システム（オープンデータ）","municipality_code":"22203","municipality_pref":"静岡県","municipality_name":"沼津市","municipality_code_method":"food_exact_coord"},"geometry":{"type":"Point","coordinates":[138.878807,35.090802]}},{"type":"Feature","properties":{"layer_id":"cafe_restaurant","name":"mai米","category":"food","address":"静岡県沼津市大手町3-6-25 ２階","source":"厚生労働省 食品衛生申請等システム（オープンデータ）","municipality_code":"22203","municipality_pref":"静岡県","municipality_name":"沼津市","municipality_code_method":"food_exact_coord"},"geometry":{"type":"Point","coordinates":[138.860848,35.100768]}},{"type":"Feature","properties":{"layer_id":"cafe_restaurant","name":"セブンイレブン沼津東原店","category":"food","address":"静岡県沼津市東原153番1","source":"厚生労働省 食品衛生申請等システム（オープンデータ）","municipality_code":"22203","municipality_pref":"静岡県","municipality_name":"沼津市","municipality_code_method":"food_exact_coord"},"geometry":{"type":"Point","coordinates":[138.820899,35.129047]}},{"type":"Feature","properties":{"layer_id":"cafe_restaurant","name":"slam life","category":"food","address":"静岡県沼津市大手町5-8-16","source":"厚生労働省 食品衛生申請等システム（オープンデータ）","municipality_code":"22203","municipality_pref":"静岡県","municipality_name":"沼津市","municipality_code_method":"food_exact_coord"},"geometry":{"type":"Point","coordinates":[138.857644,35.101049]}},{"type":"Feature","properties":{"layer_id":"cafe_restaurant","name":"２ｎｄ，ＬＩＦＥ","category":"food","address":"静岡県沼津市大手町５－３－１０","source":"厚生労働省 食品衛生申請等システム（オープンデータ）","municipality_code":"22203","municipality_pref":"静岡県","municipality_name":"沼津市","municipality_code_method":"food_exact_coord"},"geometry":{"type":"Point","coordinates":[138.85867,35.100741]}},{"type":"Feature","properties":{"layer_id":"cafe_restaurant","name":"マリー・ルウ","category":"food","address":"静岡県沼津市市場町６－２５","source":"厚生労働省 食品衛生申請等システム（オープンデータ）","municipality_code":"22203","municipality_pref":"静岡県","municipality_name":"沼津市","municipality_code_method":"food_exact_coord"},"geometry":{"type":"Point","coordinates":[138.861717201,35.095361098]}},{"type":"Feature","properties":{"layer_id":"cafe_restaurant","name":"二男坊","category":"food","address":"静岡県沼津市下香貫島郷２９７６－７","source":"厚生労働省 食品衛生申請等システム（オープンデータ）","municipality_code":"22203","municipality_pref":"静岡県","municipality_name":"沼津市","municipality_code_method":"food_exact_coord"},"geometry":{"type":"Point","coordinates":[138.87803,35.078706]}},{"type":"Feature","properties":{"layer_id":"cafe_restaurant","name":"やきとり二光","category":"food","address":"静岡県沼津市御幸町１７－１６ 勝呂ビル１Ｆ","source":"厚生労働省 食品衛生申請等システム（オープンデータ）","municipality_code":"22203","municipality_pref":"静岡県","municipality_name":"沼津市","municipality_code_method":"food_exact_coord"},"geometry":{"type":"Point","coordinates":[138.863325949,35.095240953]}},{"type":"Feature","properties":{"layer_id":"cafe_restaurant","name":"ＮＡＯ","category":"food","address":"静岡県沼津市西島町１２－１","source":"厚生労働省 食品衛生申請等システム（オープンデータ）","municipality_code":"22203","municipality_pref":"静岡県","municipality_name":"沼津市","municipality_code_method":"food_exact_coord"},"geometry":{"type":"Point","coordinates":[138.864071,35.086699]}},{"type":"Feature","properties":{"layer_id":"cafe_restaurant","name":"鮨　有川","category":"food","address":"静岡県沼津市御幸町１７－２３ グレースビル１Ｆ","source":"厚生労働省 食品衛生申請等システム（オープンデータ）","municipality_code":"22203","municipality_pref":"静岡県","municipality_name":"沼津市","municipality_code_method":"food_exact_coord"},"geometry":{"type":"Point","coordinates":[138.86277766,35.095154413]}},{"type":"Feature","properties":{"layer_id":"cafe_restaurant","name":"ＣＥＬＥＳＴＥＣＡＦＥ＆ＢＩＫＥ","category":"food","address":"静岡県沼津市口野５５－１６","source":"厚生労働省 食品衛生申請等システム（オープンデータ）","municipality_code":"22203","municipality_pref":"静岡県","municipality_name":"沼津市","municipality_code_method":"food_exact_coord"},"geometry":{"type":"Point","coordinates":[138.904695,35.042575]}},{"type":"Feature","properties":{"layer_id":"cafe_restaurant","name":"おもしろ発信地　ジャム・セッション","category":"food","address":"静岡県沼津市下香貫２９７６－６","source":"厚生労働省 食品衛生申請等システム（オープンデータ）","municipality_code":"22203","municipality_pref":"静岡県","municipality_name":"沼津市","municipality_code_method":"food_exact_coord"},"geometry":{"type":"Point","coordinates":[138.87803,35.078706]}},{"type":"Feature","properties":{"layer_id":"cafe_restaurant","name":"誰屋","category":"food","address":"静岡県沼津市新宿町2-11","source":"厚生労働省 食品衛生申請等システム（オープンデータ）","municipality_code":"22203","municipality_pref":"静岡県","municipality_name":"沼津市","municipality_code_method":"food_exact_coord"},"geometry":{"type":"Point","coordinates":[138.859904,35.106394]}},{"type":"Feature","properties":{"layer_id":"cafe_restaurant","name":"とも　沼津店","category":"food","address":"静岡県沼津市大手町1-1-3 沼津産業ビル1階","source":"厚生労働省 食品衛生申請等システム（オープンデータ）","municipality_code":"22203","municipality_pref":"静岡県","municipality_name":"沼津市","municipality_code_method":"food_exact_coord"},"geometry":{"type":"Point","coordinates":[138.860769,35.102239]}},{"type":"Feature","properties":{"layer_id":"cafe_restaurant","name":"有限会社沼津うなよし","category":"food","address":"静岡県沼津市下香貫樋ノ口１７１２－３","source":"厚生労働省 食品衛生申請等システム（オープンデータ）","municipality_code":"22203","municipality_pref":"静岡県","municipality_name":"沼津市","municipality_code_method":"food_exact_coord"},"geometry":{"type":"Point","coordinates":[138.87803,35.078706]}},{"type":"Feature","properties":{"layer_id":"cafe_restaurant","name":"沖縄茶屋なんくる","category":"food","address":"静岡県沼津市新宿町１２－８","source":"厚生労働省 食品衛生申請等システム（オープンデータ）","municipality_code":"22203","municipality_pref":"静岡県","municipality_name":"沼津市","municipality_code_method":"food_exact_coord"},"geometry":{"type":"Point","coordinates":[138.859803,35.107539]}},{"type":"Feature","properties":{"layer_id":"cafe_restaurant","name":"麦豚工房石塚","category":"food","address":"静岡県沼津市岡一色１４５－１","source":"厚生労働省 食品衛生申請等システム（オープンデータ）","municipality_code":"22203","municipality_pref":"静岡県","municipality_name":"沼津市","municipality_code_method":"food_exact_coord"},"geometry":{"type":"Point","coordinates":[138.876716,35.132911]}},{"type":"Feature","properties":{"layer_id":"cafe_restaurant","name":"ライフショップ　オザワ","category":"food","address":"静岡県沼津市西浦木負２１６－８６","source":"厚生労働省 食品衛生申請等システム（オープンデータ）","municipality_code":"22203","municipality_pref":"静岡県","municipality_name":"沼津市","municipality_code_method":"food_exact_coord"},"geometry":{"type":"Point","coordinates":[138.876085,35.01954400000001]}},{"type":"Feature","properties":{"layer_id":"cafe_restaurant","name":"岩為精肉店","category":"food","address":"静岡県沼津市本郷町１６－３２","source":"厚生労働省 食品衛生申請等システム（オープンデータ）","municipality_code":"22203","municipality_pref":"静岡県","municipality_name":"沼津市","municipality_code_method":"food_exact_coord"},"geometry":{"type":"Point","coordinates":[138.869144509,35.093818329]}},{"type":"Feature","properties":{"layer_id":"cafe_restaurant","name":"伊豆三津浜国際旅館しおさい","category":"food","address":"静岡県沼津市内浦長浜４－１","source":"厚生労働省 食品衛生申請等システム（オープンデータ）","municipality_code":"22203","municipality_pref":"静岡県","municipality_name":"沼津市","municipality_code_method":"food_exact_coord"},"geometry":{"type":"Point","coordinates":[138.897731,35.012766]}},{"type":"Feature","properties":{"layer_id":"cafe_restaurant","name":"インザパーク","category":"food","address":"静岡県沼津市足高字尾上２２０－４","source":"厚生労働省 食品衛生申請等システム（オープンデータ）","municipality_code":"22203","municipality_pref":"静岡県","municipality_name":"沼津市","municipality_code_method":"food_exact_coord"},"geometry":{"type":"Point","coordinates":[138.84978,35.152039]}},{"type":"Feature","properties":{"layer_id":"cafe_restaurant","name":"土筆","category":"food","address":"静岡県沼津市下香貫上障子４１２","source":"厚生労働省 食品衛生申請等システム（オープンデータ）","municipality_code":"22203","municipality_pref":"静岡県","municipality_name":"沼津市","municipality_code_method":"food_exact_coord"},"geometry":{"type":"Point","coordinates":[138.870303,35.082725]}},{"type":"Feature","properties":{"layer_id":"cafe_restaurant","name":"寿太郎号　沼津８３０め・・８８","category":"food","address":"静岡県沼津市西浦久連２１３－１","source":"厚生労働省 食品衛生申請等システム（オープンデータ）","municipality_code":"22203","municipality_pref":"静岡県","municipality_name":"沼津市","municipality_code_method":"food_exact_coord"},"geometry":{"type":"Point","coordinates":[138.861918,35.009151]}},{"type":"Feature","properties":{"layer_id":"cafe_restaurant","name":"ダイビングハウス　マンボウ","category":"food","address":"静岡県沼津市西浦江梨字大瀬３２７の内３３４ー３","source":"厚生労働省 食品衛生申請等システム（オープンデータ）","municipality_code":"22203","municipality_pref":"静岡県","municipality_name":"沼津市","municipality_code_method":"food_exact_coord"},"geometry":{"type":"Point","coordinates":[138.800169,35.01328]}},{"type":"Feature","properties":{"layer_id":"cafe_restaurant","name":"やま弥","category":"food","address":"静岡県沼津市西浦平沢字東９２－４","source":"厚生労働省 食品衛生申請等システム（オープンデータ）","municipality_code":"22203","municipality_pref":"静岡県","municipality_name":"沼津市","municipality_code_method":"food_exact_coord"},"geometry":{"type":"Point","coordinates":[138.84339,34.990243]}},{"type":"Feature","properties":{"layer_id":"cafe_restaurant","name":"西浦荘","category":"food","address":"静岡県沼津市西浦平沢２５４－５","source":"厚生労働省 食品衛生申請等システム（オープンデータ）","municipality_code":"22203","municipality_pref":"静岡県","municipality_name":"沼津市","municipality_code_method":"food_exact_coord"},"geometry":{"type":"Point","coordinates":[138.84339,34.990243]}},{"type":"Feature","properties":{"layer_id":"cafe_restaurant","name":"株式会社丸川鈴善商店　沼津８８０あ５７９","category":"food","address":"静岡県沼津市下香貫塩場３０８２","source":"厚生労働省 食品衛生申請等システム（オープンデータ）","municipality_code":"22203","municipality_pref":"静岡県","municipality_name":"沼津市","municipality_code_method":"food_exact_coord"},"geometry":{"type":"Point","coordinates":[138.87803,35.078706]}},{"type":"Feature","properties":{"layer_id":"cafe_restaurant","name":"沼津駅北SKYバル　憩いのGift","category":"food","address":"静岡県沼津市高島町5-18 佐藤ビル５F","source":"厚生労働省 食品衛生申請等システム（オープンデータ）","municipality_code":"22203","municipality_pref":"静岡県","municipality_name":"沼津市","municipality_code_method":"food_exact_coord"},"geometry":{"type":"Point","coordinates":[138.859256,35.104676]}},{"type":"Feature","properties":{"layer_id":"cafe_restaurant","name":"麺屋 義流","category":"food","address":"静岡県沼津市下香貫島郷2976-6 うまいもの街1F","source":"厚生労働省 食品衛生申請等システム（オープンデータ）","municipality_code":"22203","municipality_pref":"静岡県","municipality_name":"沼津市","municipality_code_method":"food_exact_coord"},"geometry":{"type":"Point","coordinates":[138.871522,35.076494]}},{"type":"Feature","properties":{"layer_id":"cafe_restaurant","name":"cafe de cuire","category":"food","address":"静岡県沼津市大手町４丁目５−３","source":"厚生労働省 食品衛生申請等システム（オープンデータ）","municipality_code":"22203","municipality_pref":"静岡県","municipality_name":"沼津市","municipality_code_method":"food_exact_coord"},"geometry":{"type":"Point","coordinates":[138.858459,35.098596]}},{"type":"Feature","properties":{"layer_id":"cafe_restaurant","name":"お魚ダイニングhiro南口店","category":"food","address":"静岡県沼津市上土町76-2","source":"厚生労働省 食品衛生申請等システム（オープンデータ）","municipality_code":"22203","municipality_pref":"静岡県","municipality_name":"沼津市","municipality_code_method":"food_exact_coord"},"geometry":{"type":"Point","coordinates":[138.858063,35.098021]}},{"type":"Feature","properties":{"layer_id":"cafe_restaurant","name":"寿司の丸将","category":"food","address":"静岡県沼津市高島町２１－２３ ミラクル横丁１号室","source":"厚生労働省 食品衛生申請等システム（オープンデータ）","municipality_code":"22203","municipality_pref":"静岡県","municipality_name":"沼津市","municipality_code_method":"food_exact_coord"},"geometry":{"type":"Point","coordinates":[138.858134733,35.10506642]}},{"type":"Feature","properties":{"layer_id":"cafe_restaurant","name":"TA-KI-S","category":"food","address":"静岡県沼津市添地町１１７ 半田ビル１F南","source":"厚生労働省 食品衛生申請等システム（オープンデータ）","municipality_code":"22203","municipality_pref":"静岡県","municipality_name":"沼津市","municipality_code_method":"food_exact_coord"},"geometry":{"type":"Point","coordinates":[138.856004,35.100867]}},{"type":"Feature","properties":{"layer_id":"cafe_restaurant","name":"アイタス間門","category":"food","address":"静岡県沼津市西間門63-1","source":"厚生労働省 食品衛生申請等システム（オープンデータ）","municipality_code":"22203","municipality_pref":"静岡県","municipality_name":"沼津市","municipality_code_method":"food_exact_coord"},"geometry":{"type":"Point","coordinates":[138.842397,35.108618]}},{"type":"Feature","properties":{"layer_id":"cafe_restaurant","name":"居酒屋　どんじゃん","category":"food","address":"静岡県沼津市原１５３３－２","source":"厚生労働省 食品衛生申請等システム（オープンデータ）","municipality_code":"22203","municipality_pref":"静岡県","municipality_name":"沼津市","municipality_code_method":"food_exact_coord"},"geometry":{"type":"Point","coordinates":[138.802169291,35.130253322]}},{"type":"Feature","properties":{"layer_id":"cafe_restaurant","name":"魚国総本社・沼津241942","category":"food","address":"静岡県沼津市大平2200","source":"厚生労働省 食品衛生申請等システム（オープンデータ）","municipality_code":"22203","municipality_pref":"静岡県","municipality_name":"沼津市","municipality_code_method":"food_exact_coord"},"geometry":{"type":"Point","coordinates":[138.910457,35.076413]}},{"type":"Feature","properties":{"layer_id":"cafe_restaurant","name":"魚国総本社・沼津242262","category":"food","address":"静岡県沼津市高沢町13-28","source":"厚生労働省 食品衛生申請等システム（オープンデータ）","municipality_code":"22203","municipality_pref":"静岡県","municipality_name":"沼津市","municipality_code_method":"food_exact_coord"},"geometry":{"type":"Point","coordinates":[138.855556,35.107519]}},{"type":"Feature","properties":{"layer_id":"cafe_restaurant","name":"沢田ゴルフ練習場","category":"food","address":"静岡県沼津市中沢田６４２","source":"厚生労働省 食品衛生申請等システム（オープンデータ）","municipality_code":"22203","municipality_pref":"静岡県","municipality_name":"沼津市","municipality_code_method":"food_exact_coord"},"geometry":{"type":"Point","coordinates":[138.854609,35.126003]}},{"type":"Feature","properties":{"layer_id":"cafe_restaurant","name":"そよかぜ","category":"food","address":"静岡県沼津市高島町30-18 メイプルビル一階","source":"厚生労働省 食品衛生申請等システム（オープンデータ）","municipality_code":"22203","municipality_pref":"静岡県","municipality_name":"沼津市","municipality_code_method":"food_exact_coord"},"geometry":{"type":"Point","coordinates":[138.85655,35.106384]}},{"type":"Feature","properties":{"layer_id":"cafe_restaurant","name":"あ・C","category":"food","address":"静岡県沼津市高島町22-8新富小路","source":"厚生労働省 食品衛生申請等システム（オープンデータ）","municipality_code":"22203","municipality_pref":"静岡県","municipality_name":"沼津市","municipality_code_method":"food_exact_coord"},"geometry":{"type":"Point","coordinates":[138.857211,35.104983]}},{"type":"Feature","properties":{"layer_id":"cafe_restaurant","name":"花壷","category":"food","address":"静岡県沼津市新宿町2-11 新宿街内","source":"厚生労働省 食品衛生申請等システム（オープンデータ）","municipality_code":"22203","municipality_pref":"静岡県","municipality_name":"沼津市","municipality_code_method":"food_exact_coord"},"geometry":{"type":"Point","coordinates":[138.859904,35.106394]}},{"type":"Feature","properties":{"layer_id":"cafe_restaurant","name":"まるでん","category":"food","address":"静岡県沼津市新宿町５－１４","source":"厚生労働省 食品衛生申請等システム（オープンデータ）","municipality_code":"22203","municipality_pref":"静岡県","municipality_name":"沼津市","municipality_code_method":"food_exact_coord"},"geometry":{"type":"Point","coordinates":[138.859948,35.106739]}},{"type":"Feature","properties":{"layer_id":"cafe_restaurant","name":"やば珈琲　沼津店","category":"food","address":"静岡県沼津市大手町5-8-1","source":"厚生労働省 食品衛生申請等システム（オープンデータ）","municipality_code":"22203","municipality_pref":"静岡県","municipality_name":"沼津市","municipality_code_method":"food_exact_coord"},"geometry":{"type":"Point","coordinates":[138.858195,35.101135]}},{"type":"Feature","properties":{"layer_id":"cafe_restaurant","name":"ｓｔｏｒｙ","category":"food","address":"静岡県沼津市大手町５－８－１４ はしもとやビル","source":"厚生労働省 食品衛生申請等システム（オープンデータ）","municipality_code":"22203","municipality_pref":"静岡県","municipality_name":"沼津市","municipality_code_method":"food_exact_coord"},"geometry":{"type":"Point","coordinates":[138.857605,35.100854]}},{"type":"Feature","properties":{"layer_id":"cafe_restaurant","name":"セブンイレブン沼津大塚店","category":"food","address":"静岡県沼津市大塚416","source":"厚生労働省 食品衛生申請等システム（オープンデータ）","municipality_code":"22203","municipality_pref":"静岡県","municipality_name":"沼津市","municipality_code_method":"food_exact_coord"},"geometry":{"type":"Point","coordinates":[138.808839,35.12147]}},{"type":"Feature","properties":{"layer_id":"cafe_restaurant","name":"株式会社古安","category":"food","address":"静岡県沼津市本町４０","source":"厚生労働省 食品衛生申請等システム（オープンデータ）","municipality_code":"22203","municipality_pref":"静岡県","municipality_name":"沼津市","municipality_code_method":"food_exact_coord"},"geometry":{"type":"Point","coordinates":[138.856595,35.096329]}},{"type":"Feature","properties":{"layer_id":"cafe_restaurant","name":"株式会社古安","category":"food","address":"静岡県沼津市本町４０","source":"厚生労働省 食品衛生申請等システム（オープンデータ）","municipality_code":"22203","municipality_pref":"静岡県","municipality_name":"沼津市","municipality_code_method":"food_exact_coord"},"geometry":{"type":"Point","coordinates":[138.856595,35.096329]}},{"type":"Feature","properties":{"layer_id":"cafe_restaurant","name":"セブンーイレブン沼津大岡南店","category":"food","address":"静岡県沼津市大岡1233-1","source":"厚生労働省 食品衛生申請等システム（オープンデータ）","municipality_code":"22203","municipality_pref":"静岡県","municipality_name":"沼津市","municipality_code_method":"food_exact_coord"},"geometry":{"type":"Point","coordinates":[138.878688,35.104584]}},{"type":"Feature","properties":{"layer_id":"cafe_restaurant","name":"和食処　あきやま","category":"food","address":"静岡県沼津市大塚４９－１","source":"厚生労働省 食品衛生申請等システム（オープンデータ）","municipality_code":"22203","municipality_pref":"静岡県","municipality_name":"沼津市","municipality_code_method":"food_exact_coord"},"geometry":{"type":"Point","coordinates":[138.811903,35.119512]}},{"type":"Feature","properties":{"layer_id":"cafe_restaurant","name":"セブン－イレブン沼津新宿町店","category":"food","address":"静岡県沼津市新宿町１０－３","source":"厚生労働省 食品衛生申請等システム（オープンデータ）","municipality_code":"22203","municipality_pref":"静岡県","municipality_name":"沼津市","municipality_code_method":"food_exact_coord"},"geometry":{"type":"Point","coordinates":[138.859803,35.107539]}},{"type":"Feature","properties":{"layer_id":"cafe_restaurant","name":"FIRST IMPACT","category":"food","address":"静岡県沼津市大手町3-5-10","source":"厚生労働省 食品衛生申請等システム（オープンデータ）","municipality_code":"22203","municipality_pref":"静岡県","municipality_name":"沼津市","municipality_code_method":"food_exact_coord"},"geometry":{"type":"Point","coordinates":[138.859967,35.100767]}},{"type":"Feature","properties":{"layer_id":"cafe_restaurant","name":"ダイニングカフェ　ミュゲ","category":"food","address":"静岡県沼津市柳町4-1 第二セダーマンション105","source":"厚生労働省 食品衛生申請等システム（オープンデータ）","municipality_code":"22203","municipality_pref":"静岡県","municipality_name":"沼津市","municipality_code_method":"food_exact_coord"},"geometry":{"type":"Point","coordinates":[138.863921,35.115472]}},{"type":"Feature","properties":{"layer_id":"cafe_restaurant","name":"駿河ｂａｋｅｒｙ＆ｃａｆｅ　駿河湾沼津ＳＡ下り店","category":"food","address":"静岡県沼津市根古屋９１９－１","source":"厚生労働省 食品衛生申請等システム（オープンデータ）","municipality_code":"22203","municipality_pref":"静岡県","municipality_name":"沼津市","municipality_code_method":"food_exact_coord"},"geometry":{"type":"Point","coordinates":[138.806662,35.144516]}},{"type":"Feature","properties":{"layer_id":"cafe_restaurant","name":"配食のふれ愛沼津本店","category":"food","address":"静岡県沼津市今沢362-1 杉本ビル１階北","source":"厚生労働省 食品衛生申請等システム（オープンデータ）","municipality_code":"22203","municipality_pref":"静岡県","municipality_name":"沼津市","municipality_code_method":"food_exact_coord"},"geometry":{"type":"Point","coordinates":[138.81426,35.119445]}},{"type":"Feature","properties":{"layer_id":"cafe_restaurant","name":"焼肉レストラン　愛鷹","category":"food","address":"静岡県沼津市寿町２１－１０","source":"厚生労働省 食品衛生申請等システム（オープンデータ）","municipality_code":"22203","municipality_pref":"静岡県","municipality_name":"沼津市","municipality_code_method":"food_exact_coord"},"geometry":{"type":"Point","coordinates":[138.858630885,35.115828102]}},{"type":"Feature","properties":{"layer_id":"cafe_restaurant","name":"チムニー","category":"food","address":"静岡県沼津市筒井町１８－１","source":"厚生労働省 食品衛生申請等システム（オープンデータ）","municipality_code":"22203","municipality_pref":"静岡県","municipality_name":"沼津市","municipality_code_method":"food_exact_coord"},"geometry":{"type":"Point","coordinates":[138.863999,35.119965]}},{"type":"Feature","properties":{"layer_id":"cafe_restaurant","name":"やき鳥　いち","category":"food","address":"静岡県沼津市北高島町１－８","source":"厚生労働省 食品衛生申請等システム（オープンデータ）","municipality_code":"22203","municipality_pref":"静岡県","municipality_name":"沼津市","municipality_code_method":"food_exact_coord"},"geometry":{"type":"Point","coordinates":[138.860968805,35.11101068]}},{"type":"Feature","properties":{"layer_id":"cafe_restaurant","name":"ララ","category":"food","address":"静岡県沼津市沼北町２－１８－１２","source":"厚生労働省 食品衛生申請等システム（オープンデータ）","municipality_code":"22203","municipality_pref":"静岡県","municipality_name":"沼津市","municipality_code_method":"food_exact_coord"},"geometry":{"type":"Point","coordinates":[138.852678146,35.115379547]}},{"type":"Feature","properties":{"layer_id":"cafe_restaurant","name":"ラ　フェーヴ","category":"food","address":"静岡県沼津市高島町４－６ サンシティーハイム１０１","source":"厚生労働省 食品衛生申請等システム（オープンデータ）","municipality_code":"22203","municipality_pref":"静岡県","municipality_name":"沼津市","municipality_code_method":"food_exact_coord"},"geometry":{"type":"Point","coordinates":[138.858785473,35.10506514]}},{"type":"Feature","properties":{"layer_id":"cafe_restaurant","name":"ｌｅ　Ｒｅｎｏｍ","category":"food","address":"静岡県沼津市新宿町６－５","source":"厚生労働省 食品衛生申請等システム（オープンデータ）","municipality_code":"22203","municipality_pref":"静岡県","municipality_name":"沼津市","municipality_code_method":"food_exact_coord"},"geometry":{"type":"Point","coordinates":[138.859803,35.107539]}},{"type":"Feature","properties":{"layer_id":"cafe_restaurant","name":"ＢＡＲ ＴＨＥ ＰＩＮＥ","category":"food","address":"静岡県沼津市高島町７－２ KOKOホテル　沼津駅前２F","source":"厚生労働省 食品衛生申請等システム（オープンデータ）","municipality_code":"22203","municipality_pref":"静岡県","municipality_name":"沼津市","municipality_code_method":"food_exact_coord"},"geometry":{"type":"Point","coordinates":[138.859747,35.105112]}},{"type":"Feature","properties":{"layer_id":"cafe_restaurant","name":"和華葉","category":"food","address":"静岡県沼津市高島町５－１７ トモコビル１Ｆ","source":"厚生労働省 食品衛生申請等システム（オープンデータ）","municipality_code":"22203","municipality_pref":"静岡県","municipality_name":"沼津市","municipality_code_method":"food_exact_coord"},"geometry":{"type":"Point","coordinates":[138.859319491,35.104706956]}},{"type":"Feature","properties":{"layer_id":"cafe_restaurant","name":"石田茶業合資会社","category":"food","address":"静岡県沼津市高島町１２－５","source":"厚生労働省 食品衛生申請等システム（オープンデータ）","municipality_code":"22203","municipality_pref":"静岡県","municipality_name":"沼津市","municipality_code_method":"food_exact_coord"},"geometry":{"type":"Point","coordinates":[138.860212,35.105497]}},{"type":"Feature","properties":{"layer_id":"cafe_restaurant","name":"居酒屋　政","category":"food","address":"静岡県沼津市高島町３－７ 東部エステートビル１F","source":"厚生労働省 食品衛生申請等システム（オープンデータ）","municipality_code":"22203","municipality_pref":"静岡県","municipality_name":"沼津市","municipality_code_method":"food_exact_coord"},"geometry":{"type":"Point","coordinates":[138.858415495,35.105203217]}},{"type":"Feature","properties":{"layer_id":"cafe_restaurant","name":"ココファン沼津泉町","category":"food","address":"静岡県沼津市泉町16番30号","source":"厚生労働省 食品衛生申請等システム（オープンデータ）","municipality_code":"22203","municipality_pref":"静岡県","municipality_name":"沼津市","municipality_code_method":"food_exact_coord"},"geometry":{"type":"Point","coordinates":[138.865717,35.112236]}},{"type":"Feature","properties":{"layer_id":"cafe_restaurant","name":"魚魚炉","category":"food","address":"静岡県沼津市新宿町１－２０ 稲木ビル１Ｆ","source":"厚生労働省 食品衛生申請等システム（オープンデータ）","municipality_code":"22203","municipality_pref":"静岡県","municipality_name":"沼津市","municipality_code_method":"food_exact_coord"},"geometry":{"type":"Point","coordinates":[138.859803,35.107539]}},{"type":"Feature","properties":{"layer_id":"cafe_restaurant","name":"ＷＡＫＵ－ＷＡＫＵ－ＷＡＧＯＮ　沼津８００す３４７４","category":"food","address":"静岡県沼津市大手町３－１－１","source":"厚生労働省 食品衛生申請等システム（オープンデータ）","municipality_code":"22203","municipality_pref":"静岡県","municipality_name":"沼津市","municipality_code_method":"food_exact_coord"},"geometry":{"type":"Point","coordinates":[138.859548623,35.102132394]}},{"type":"Feature","properties":{"layer_id":"cafe_restaurant","name":"穗瀧","category":"food","address":"静岡県沼津市五月町１－１７","source":"厚生労働省 食品衛生申請等システム（オープンデータ）","municipality_code":"22203","municipality_pref":"静岡県","municipality_name":"沼津市","municipality_code_method":"food_exact_coord"},"geometry":{"type":"Point","coordinates":[138.861940341,35.113332772]}},{"type":"Feature","properties":{"layer_id":"cafe_restaurant","name":"力家","category":"food","address":"静岡県沼津市五月町１６－１５","source":"厚生労働省 食品衛生申請等システム（オープンデータ）","municipality_code":"22203","municipality_pref":"静岡県","municipality_name":"沼津市","municipality_code_method":"food_exact_coord"},"geometry":{"type":"Point","coordinates":[138.86637176,35.112742745]}},{"type":"Feature","properties":{"layer_id":"cafe_restaurant","name":"らーめん　天","category":"food","address":"静岡県沼津市五月町４－２０","source":"厚生労働省 食品衛生申請等システム（オープンデータ）","municipality_code":"22203","municipality_pref":"静岡県","municipality_name":"沼津市","municipality_code_method":"food_exact_coord"},"geometry":{"type":"Point","coordinates":[138.862206523,35.115210086]}},{"type":"Feature","properties":{"layer_id":"cafe_restaurant","name":"一源","category":"food","address":"静岡県沼津市寿町１６－９","source":"厚生労働省 食品衛生申請等システム（オープンデータ）","municipality_code":"22203","municipality_pref":"静岡県","municipality_name":"沼津市","municipality_code_method":"food_exact_coord"},"geometry":{"type":"Point","coordinates":[138.856336446,35.113825944]}},{"type":"Feature","properties":{"layer_id":"cafe_restaurant","name":"マサラ","category":"food","address":"静岡県沼津市新沢田町１５－６","source":"厚生労働省 食品衛生申請等システム（オープンデータ）","municipality_code":"22203","municipality_pref":"静岡県","municipality_name":"沼津市","municipality_code_method":"food_exact_coord"},"geometry":{"type":"Point","coordinates":[138.852353646,35.118045003]}},{"type":"Feature","properties":{"layer_id":"cafe_restaurant","name":"やきとり　五光","category":"food","address":"静岡県沼津市沢田町１０－３","source":"厚生労働省 食品衛生申請等システム（オープンデータ）","municipality_code":"22203","municipality_pref":"静岡県","municipality_name":"沼津市","municipality_code_method":"food_exact_coord"},"geometry":{"type":"Point","coordinates":[138.859503572,35.121276083]}},{"type":"Feature","properties":{"layer_id":"cafe_restaurant","name":"ローソン　沼津東椎路北店","category":"food","address":"静岡県沼津市東椎路字中東１００７－１１","source":"厚生労働省 食品衛生申請等システム（オープンデータ）","municipality_code":"22203","municipality_pref":"静岡県","municipality_name":"沼津市","municipality_code_method":"food_exact_coord"},"geometry":{"type":"Point","coordinates":[138.837145,35.128607]}},{"type":"Feature","properties":{"layer_id":"cafe_restaurant","name":"うどんや叶","category":"food","address":"静岡県沼津市新沢田町１９－１５","source":"厚生労働省 食品衛生申請等システム（オープンデータ）","municipality_code":"22203","municipality_pref":"静岡県","municipality_name":"沼津市","municipality_code_method":"food_exact_coord"},"geometry":{"type":"Point","coordinates":[138.853234955,35.119245286]}},{"type":"Feature","properties":{"layer_id":"cafe_restaurant","name":"SOU","category":"food","address":"静岡県沼津市岡宮957番地の1","source":"厚生労働省 食品衛生申請等システム（オープンデータ）","municipality_code":"22203","municipality_pref":"静岡県","municipality_name":"沼津市","municipality_code_method":"food_exact_coord"},"geometry":{"type":"Point","coordinates":[138.865805,35.132653]}},{"type":"Feature","properties":{"layer_id":"cafe_restaurant","name":"竜之巣","category":"food","address":"静岡県沼津市添地町208 森田ビル","source":"厚生労働省 食品衛生申請等システム（オープンデータ）","municipality_code":"22203","municipality_pref":"静岡県","municipality_name":"沼津市","municipality_code_method":"food_exact_coord"},"geometry":{"type":"Point","coordinates":[138.856737,35.100007]}},{"type":"Feature","properties":{"layer_id":"cafe_restaurant","name":"Italian　Dining　Tsujimaru","category":"food","address":"静岡県沼津市多比95-5","source":"厚生労働省 食品衛生申請等システム（オープンデータ）","municipality_code":"22203","municipality_pref":"静岡県","municipality_name":"沼津市","municipality_code_method":"food_exact_coord"},"geometry":{"type":"Point","coordinates":[138.899447,35.051349]}},{"type":"Feature","properties":{"layer_id":"cafe_restaurant","name":"Ｍ’ｓ８７７","category":"food","address":"静岡県沼津市戸田５６６－１","source":"厚生労働省 食品衛生申請等システム（オープンデータ）","municipality_code":"22203","municipality_pref":"静岡県","municipality_name":"沼津市","municipality_code_method":"food_exact_coord"},"geometry":{"type":"Point","coordinates":[138.800662,34.96422]}},{"type":"Feature","properties":{"layer_id":"cafe_restaurant","name":"デン","category":"food","address":"静岡県沼津市大手町１－２－５ 土屋ビル地下１階","source":"厚生労働省 食品衛生申請等システム（オープンデータ）","municipality_code":"22203","municipality_pref":"静岡県","municipality_name":"沼津市","municipality_code_method":"food_exact_coord"},"geometry":{"type":"Point","coordinates":[138.861204077,35.102562654]}},{"type":"Feature","properties":{"layer_id":"cafe_restaurant","name":"有限会社幅田屋","category":"food","address":"静岡県沼津市大手町３－５－２６","source":"厚生労働省 食品衛生申請等システム（オープンデータ）","municipality_code":"22203","municipality_pref":"静岡県","municipality_name":"沼津市","municipality_code_method":"food_exact_coord"},"geometry":{"type":"Point","coordinates":[138.859215043,35.101048224]}},{"type":"Feature","properties":{"layer_id":"cafe_restaurant","name":"たけ若","category":"food","address":"静岡県沼津市平町１０－５","source":"厚生労働省 食品衛生申請等システム（オープンデータ）","municipality_code":"22203","municipality_pref":"静岡県","municipality_name":"沼津市","municipality_code_method":"food_exact_coord"},"geometry":{"type":"Point","coordinates":[138.866531091,35.10060911]}},{"type":"Feature","properties":{"layer_id":"cafe_restaurant","name":"ＪＯＹＳＯＵＮＤ　沼津","category":"food","address":"静岡県沼津市大手町３－１－３ エイブルコアビル　４Ｆ","source":"厚生労働省 食品衛生申請等システム（オープンデータ）","municipality_code":"22203","municipality_pref":"静岡県","municipality_name":"沼津市","municipality_code_method":"food_exact_coord"},"geometry":{"type":"Point","coordinates":[138.860081,35.101902]}},{"type":"Feature","properties":{"layer_id":"cafe_restaurant","name":"翡粋","category":"food","address":"静岡県沼津市大手町１－２－９","source":"厚生労働省 食品衛生申請等システム（オープンデータ）","municipality_code":"22203","municipality_pref":"静岡県","municipality_name":"沼津市","municipality_code_method":"food_exact_coord"},"geometry":{"type":"Point","coordinates":[138.861547452,35.102656777]}},{"type":"Feature","properties":{"layer_id":"cafe_restaurant","name":"ルナ","category":"food","address":"静岡県沼津市大手町１－２－７ 祇園小路","source":"厚生労働省 食品衛生申請等システム（オープンデータ）","municipality_code":"22203","municipality_pref":"静岡県","municipality_name":"沼津市","municipality_code_method":"food_exact_coord"},"geometry":{"type":"Point","coordinates":[138.861325009,35.10264424]}},{"type":"Feature","properties":{"layer_id":"cafe_restaurant","name":"株式会社ドンク沼津イーラｄｅ店","category":"food","address":"静岡県沼津市大手町１－１－６ イーラｄｅ　１Ｆ","source":"厚生労働省 食品衛生申請等システム（オープンデータ）","municipality_code":"22203","municipality_pref":"静岡県","municipality_name":"沼津市","municipality_code_method":"food_exact_coord"},"geometry":{"type":"Point","coordinates":[138.860845,35.103435]}},{"type":"Feature","properties":{"layer_id":"cafe_restaurant","name":"セブン－イレブン沼津駅前店","category":"food","address":"静岡県沼津市大手町２－１－１","source":"厚生労働省 食品衛生申請等システム（オープンデータ）","municipality_code":"22203","municipality_pref":"静岡県","municipality_name":"沼津市","municipality_code_method":"food_exact_coord"},"geometry":{"type":"Point","coordinates":[138.861436,35.102]}},{"type":"Feature","properties":{"layer_id":"cafe_restaurant","name":"ＣＬＵＢ ＳＯＲＡ","category":"food","address":"静岡県沼津市大手町３－４－１１ Ｋ・ＢＬＤＧ２　２階","source":"厚生労働省 食品衛生申請等システム（オープンデータ）","municipality_code":"22203","municipality_pref":"静岡県","municipality_name":"沼津市","municipality_code_method":"food_exact_coord"},"geometry":{"type":"Point","coordinates":[138.860123949,35.101241334]}},{"type":"Feature","properties":{"layer_id":"cafe_restaurant","name":"味処　花はな","category":"food","address":"静岡県沼津市三枚橋町６－１","source":"厚生労働省 食品衛生申請等システム（オープンデータ）","municipality_code":"22203","municipality_pref":"静岡県","municipality_name":"沼津市","municipality_code_method":"food_exact_coord"},"geometry":{"type":"Point","coordinates":[138.862840516,35.101144755]}},{"type":"Feature","properties":{"layer_id":"cafe_restaurant","name":"川う","category":"food","address":"静岡県沼津市新町19","source":"厚生労働省 食品衛生申請等システム（オープンデータ）","municipality_code":"22203","municipality_pref":"静岡県","municipality_name":"沼津市","municipality_code_method":"food_exact_coord"},"geometry":{"type":"Point","coordinates":[138.856481497,35.093795027]}},{"type":"Feature","properties":{"layer_id":"cafe_restaurant","name":"むすび屋","category":"food","address":"静岡県沼津市千本港町１２１","source":"厚生労働省 食品衛生申請等システム（オープンデータ）","municipality_code":"22203","municipality_pref":"静岡県","municipality_name":"沼津市","municipality_code_method":"food_exact_coord"},"geometry":{"type":"Point","coordinates":[138.857888,35.08368]}},{"type":"Feature","properties":{"layer_id":"cafe_restaurant","name":"くつろぎ処　くぼた","category":"food","address":"静岡県沼津市白銀町３－１","source":"厚生労働省 食品衛生申請等システム（オープンデータ）","municipality_code":"22203","municipality_pref":"静岡県","municipality_name":"沼津市","municipality_code_method":"food_exact_coord"},"geometry":{"type":"Point","coordinates":[138.853275,35.100846]}},{"type":"Feature","properties":{"layer_id":"cafe_restaurant","name":"すいほう園","category":"food","address":"静岡県沼津市本字千本郷林１９０７－８","source":"厚生労働省 食品衛生申請等システム（オープンデータ）","municipality_code":"22203","municipality_pref":"静岡県","municipality_name":"沼津市","municipality_code_method":"food_exact_coord"},"geometry":{"type":"Point","coordinates":[138.852594365,35.087075954]}},{"type":"Feature","properties":{"layer_id":"cafe_restaurant","name":"魚河岸　にし与","category":"food","address":"静岡県沼津市千本港町１０９ ダイノブセンター１階","source":"厚生労働省 食品衛生申請等システム（オープンデータ）","municipality_code":"22203","municipality_pref":"静岡県","municipality_name":"沼津市","municipality_code_method":"food_exact_coord"},"geometry":{"type":"Point","coordinates":[138.857888,35.08368]}},{"type":"Feature","properties":{"layer_id":"cafe_restaurant","name":"漫談","category":"food","address":"静岡県沼津市真砂町２２－８","source":"厚生労働省 食品衛生申請等システム（オープンデータ）","municipality_code":"22203","municipality_pref":"静岡県","municipality_name":"沼津市","municipality_code_method":"food_exact_coord"},"geometry":{"type":"Point","coordinates":[138.851104,35.098956]}},{"type":"Feature","properties":{"layer_id":"cafe_restaurant","name":"珈琲専科欧蘭陀館","category":"food","address":"静岡県沼津市下河原町1-11-14","source":"厚生労働省 食品衛生申請等システム（オープンデータ）","municipality_code":"22203","municipality_pref":"静岡県","municipality_name":"沼津市","municipality_code_method":"food_exact_coord"},"geometry":{"type":"Point","coordinates":[138.858078139,35.090756498]}},{"type":"Feature","properties":{"layer_id":"cafe_restaurant","name":"居酒屋源作","category":"food","address":"静岡県沼津市東間門３－５－１０","source":"厚生労働省 食品衛生申請等システム（オープンデータ）","municipality_code":"22203","municipality_pref":"静岡県","municipality_name":"沼津市","municipality_code_method":"food_exact_coord"},"geometry":{"type":"Point","coordinates":[138.845039,35.100335]}},{"type":"Feature","properties":{"layer_id":"cafe_restaurant","name":"和食どんむす","category":"food","address":"静岡県沼津市千本港町１１５－４","source":"厚生労働省 食品衛生申請等システム（オープンデータ）","municipality_code":"22203","municipality_pref":"静岡県","municipality_name":"沼津市","municipality_code_method":"food_exact_coord"},"geometry":{"type":"Point","coordinates":[138.857888,35.08368]}},{"type":"Feature","properties":{"layer_id":"cafe_restaurant","name":"すし廻鮮うお亭","category":"food","address":"静岡県沼津市千本港町１２８－３","source":"厚生労働省 食品衛生申請等システム（オープンデータ）","municipality_code":"22203","municipality_pref":"静岡県","municipality_name":"沼津市","municipality_code_method":"food_exact_coord"},"geometry":{"type":"Point","coordinates":[138.857888,35.08368]}},{"type":"Feature","properties":{"layer_id":"cafe_restaurant","name":"株式会社　海賊亭","category":"food","address":"静岡県沼津市千本港町１１５－４","source":"厚生労働省 食品衛生申請等システム（オープンデータ）","municipality_code":"22203","municipality_pref":"静岡県","municipality_name":"沼津市","municipality_code_method":"food_exact_coord"},"geometry":{"type":"Point","coordinates":[138.857888,35.08368]}},{"type":"Feature","properties":{"layer_id":"cafe_restaurant","name":"仕出しの髙木","category":"food","address":"静岡県沼津市下河原町三丁目１番地１６","source":"厚生労働省 食品衛生申請等システム（オープンデータ）","municipality_code":"22203","municipality_pref":"静岡県","municipality_name":"沼津市","municipality_code_method":"food_exact_coord"},"geometry":{"type":"Point","coordinates":[138.856604504,35.090424361]}},{"type":"Feature","properties":{"layer_id":"cafe_restaurant","name":"海鮮丼　佐政","category":"food","address":"静岡県沼津市千本港町８３","source":"厚生労働省 食品衛生申請等システム（オープンデータ）","municipality_code":"22203","municipality_pref":"静岡県","municipality_name":"沼津市","municipality_code_method":"food_exact_coord"},"geometry":{"type":"Point","coordinates":[138.858194,35.083837]}},{"type":"Feature","properties":{"layer_id":"cafe_restaurant","name":"北の味物語　わたなべ","category":"food","address":"静岡県沼津市新町１７","source":"厚生労働省 食品衛生申請等システム（オープンデータ）","municipality_code":"22203","municipality_pref":"静岡県","municipality_name":"沼津市","municipality_code_method":"food_exact_coord"},"geometry":{"type":"Point","coordinates":[138.856363108,35.093837395]}},{"type":"Feature","properties":{"layer_id":"cafe_restaurant","name":"MOTELM","category":"food","address":"静岡県沼津市足高３５７－３","source":"厚生労働省 食品衛生申請等システム（オープンデータ）","municipality_code":"22203","municipality_pref":"静岡県","municipality_name":"沼津市","municipality_code_method":"food_exact_coord"},"geometry":{"type":"Point","coordinates":[138.860633,35.150345]}},{"type":"Feature","properties":{"layer_id":"cafe_restaurant","name":"有限会社　串屋","category":"food","address":"静岡県沼津市岡宮１２４８－３","source":"厚生労働省 食品衛生申請等システム（オープンデータ）","municipality_code":"22203","municipality_pref":"静岡県","municipality_name":"沼津市","municipality_code_method":"food_exact_coord"},"geometry":{"type":"Point","coordinates":[138.867815,35.134492]}},{"type":"Feature","properties":{"layer_id":"cafe_restaurant","name":"東王","category":"food","address":"静岡県沼津市岡宮１２４８－３","source":"厚生労働省 食品衛生申請等システム（オープンデータ）","municipality_code":"22203","municipality_pref":"静岡県","municipality_name":"沼津市","municipality_code_method":"food_exact_coord"},"geometry":{"type":"Point","coordinates":[138.867815,35.134492]}},{"type":"Feature","properties":{"layer_id":"cafe_restaurant","name":"ホテル　ハニーポット","category":"food","address":"静岡県沼津市足高２９１－２９","source":"厚生労働省 食品衛生申請等システム（オープンデータ）","municipality_code":"22203","municipality_pref":"静岡県","municipality_name":"沼津市","municipality_code_method":"food_exact_coord"},"geometry":{"type":"Point","coordinates":[138.851013,35.160663]}},{"type":"Feature","properties":{"layer_id":"cafe_restaurant","name":"カレーハウスココ壱番屋沼津インター店","category":"food","address":"静岡県沼津市岡宮１２４９－７","source":"厚生労働省 食品衛生申請等システム（オープンデータ）","municipality_code":"22203","municipality_pref":"静岡県","municipality_name":"沼津市","municipality_code_method":"food_exact_coord"},"geometry":{"type":"Point","coordinates":[138.867815,35.134492]}},{"type":"Feature","properties":{"layer_id":"cafe_restaurant","name":"ホテルウォーターゲート","category":"food","address":"静岡県沼津市足高３６８－３１","source":"厚生労働省 食品衛生申請等システム（オープンデータ）","municipality_code":"22203","municipality_pref":"静岡県","municipality_name":"沼津市","municipality_code_method":"food_exact_coord"},"geometry":{"type":"Point","coordinates":[138.851013,35.160663]}},{"type":"Feature","properties":{"layer_id":"cafe_restaurant","name":"ホテルあかり","category":"food","address":"静岡県沼津市足高２８２－３","source":"厚生労働省 食品衛生申請等システム（オープンデータ）","municipality_code":"22203","municipality_pref":"静岡県","municipality_name":"沼津市","municipality_code_method":"food_exact_coord"},"geometry":{"type":"Point","coordinates":[138.851013,35.160663]}},{"type":"Feature","properties":{"layer_id":"cafe_restaurant","name":"天春","category":"food","address":"静岡県沼津市東宮後町２２","source":"厚生労働省 食品衛生申請等システム（オープンデータ）","municipality_code":"22203","municipality_pref":"静岡県","municipality_name":"沼津市","municipality_code_method":"food_exact_coord"},"geometry":{"type":"Point","coordinates":[138.85570588,35.095825034]}},{"type":"Feature","properties":{"layer_id":"cafe_restaurant","name":"治作","category":"food","address":"静岡県沼津市添地町８９","source":"厚生労働省 食品衛生申請等システム（オープンデータ）","municipality_code":"22203","municipality_pref":"静岡県","municipality_name":"沼津市","municipality_code_method":"food_exact_coord"},"geometry":{"type":"Point","coordinates":[138.856311,35.100882]}},{"type":"Feature","properties":{"layer_id":"cafe_restaurant","name":"ういんく","category":"food","address":"静岡県沼津市添地町１３１","source":"厚生労働省 食品衛生申請等システム（オープンデータ）","municipality_code":"22203","municipality_pref":"静岡県","municipality_name":"沼津市","municipality_code_method":"food_exact_coord"},"geometry":{"type":"Point","coordinates":[138.856311,35.100882]}},{"type":"Feature","properties":{"layer_id":"cafe_restaurant","name":"ＮＥＷ　ＴＡＲＯ　２１","category":"food","address":"静岡県沼津市新宿町１－３","source":"厚生労働省 食品衛生申請等システム（オープンデータ）","municipality_code":"22203","municipality_pref":"静岡県","municipality_name":"沼津市","municipality_code_method":"food_exact_coord"},"geometry":{"type":"Point","coordinates":[138.859803,35.107539]}},{"type":"Feature","properties":{"layer_id":"cafe_restaurant","name":"浜屋","category":"food","address":"静岡県沼津市西条町３４","source":"厚生労働省 食品衛生申請等システム（オープンデータ）","municipality_code":"22203","municipality_pref":"静岡県","municipality_name":"沼津市","municipality_code_method":"food_exact_coord"},"geometry":{"type":"Point","coordinates":[138.85492484300002,35.101587783]}},{"type":"Feature","properties":{"layer_id":"cafe_restaurant","name":"もんろ","category":"food","address":"静岡県沼津市八幡町１５ ビレッジ３５　１Ｆ","source":"厚生労働省 食品衛生申請等システム（オープンデータ）","municipality_code":"22203","municipality_pref":"静岡県","municipality_name":"沼津市","municipality_code_method":"food_exact_coord"},"geometry":{"type":"Point","coordinates":[138.855633,35.098022]}},{"type":"Feature","properties":{"layer_id":"cafe_restaurant","name":"ＪＡＣＫ－Ｏ’－ＬＡＮＴＥＲＮ","category":"food","address":"静岡県沼津市町方町１２ 松乃ビル２Ｆ","source":"厚生労働省 食品衛生申請等システム（オープンデータ）","municipality_code":"22203","municipality_pref":"静岡県","municipality_name":"沼津市","municipality_code_method":"food_exact_coord"},"geometry":{"type":"Point","coordinates":[138.857563441,35.098300936]}},{"type":"Feature","properties":{"layer_id":"cafe_restaurant","name":"旬の味　くろ川","category":"food","address":"静岡県沼津市大手町４－５－１２ うるわしビル２階北側","source":"厚生労働省 食品衛生申請等システム（オープンデータ）","municipality_code":"22203","municipality_pref":"静岡県","municipality_name":"沼津市","municipality_code_method":"food_exact_coord"},"geometry":{"type":"Point","coordinates":[138.857984805,35.098511363]}},{"type":"Feature","properties":{"layer_id":"cafe_restaurant","name":"味都","category":"food","address":"静岡県沼津市新宿町１－８","source":"厚生労働省 食品衛生申請等システム（オープンデータ）","municipality_code":"22203","municipality_pref":"静岡県","municipality_name":"沼津市","municipality_code_method":"food_exact_coord"},"geometry":{"type":"Point","coordinates":[138.859803,35.107539]}},{"type":"Feature","properties":{"layer_id":"cafe_restaurant","name":"Ｌｏｕｎｇｅ ＤＯＴ．","category":"food","address":"静岡県沼津市添地町１５９ 戦国ビル３Ｆ","source":"厚生労働省 食品衛生申請等システム（オープンデータ）","municipality_code":"22203","municipality_pref":"静岡県","municipality_name":"沼津市","municipality_code_method":"food_exact_coord"},"geometry":{"type":"Point","coordinates":[138.856578,35.100592]}},{"type":"Feature","properties":{"layer_id":"cafe_restaurant","name":"万華","category":"food","address":"静岡県沼津市町方町３３ 西ビル１階","source":"厚生労働省 食品衛生申請等システム（オープンデータ）","municipality_code":"22203","municipality_pref":"静岡県","municipality_name":"沼津市","municipality_code_method":"food_exact_coord"},"geometry":{"type":"Point","coordinates":[138.857593719,35.097855607]}},{"type":"Feature","properties":{"layer_id":"cafe_restaurant","name":"麻輪花","category":"food","address":"静岡県沼津市高島町２３－２４ 道頓堀小路内","source":"厚生労働省 食品衛生申請等システム（オープンデータ）","municipality_code":"22203","municipality_pref":"静岡県","municipality_name":"沼津市","municipality_code_method":"food_exact_coord"},"geometry":{"type":"Point","coordinates":[138.856995,35.104983]}},{"type":"Feature","properties":{"layer_id":"cafe_restaurant","name":"おっちゃん食堂","category":"food","address":"静岡県沼津市下香貫馬場456-3","source":"厚生労働省 食品衛生申請等システム（オープンデータ）","municipality_code":"22203","municipality_pref":"静岡県","municipality_name":"沼津市","municipality_code_method":"food_exact_coord"},"geometry":{"type":"Point","coordinates":[138.870893,35.083505]}},{"type":"Feature","properties":{"layer_id":"cafe_restaurant","name":"よしべぇ","category":"food","address":"静岡県沼津市高島町１７－１４ みその通り１Ｆ","source":"厚生労働省 食品衛生申請等システム（オープンデータ）","municipality_code":"22203","municipality_pref":"静岡県","municipality_name":"沼津市","municipality_code_method":"food_exact_coord"},"geometry":{"type":"Point","coordinates":[138.857161,35.103908]}},{"type":"Feature","properties":{"layer_id":"cafe_restaurant","name":"ひいらぎ","category":"food","address":"静岡県沼津市高島町２１－２１ 古屋ビル１階","source":"厚生労働省 食品衛生申請等システム（オープンデータ）","municipality_code":"22203","municipality_pref":"静岡県","municipality_name":"沼津市","municipality_code_method":"food_exact_coord"},"geometry":{"type":"Point","coordinates":[138.857992,35.105246]}},{"type":"Feature","properties":{"layer_id":"cafe_restaurant","name":"Ｉ","category":"food","address":"静岡県沼津市高沢町２－１７ 八ちはち小路","source":"厚生労働省 食品衛生申請等システム（オープンデータ）","municipality_code":"22203","municipality_pref":"静岡県","municipality_name":"沼津市","municipality_code_method":"food_exact_coord"},"geometry":{"type":"Point","coordinates":[138.855257,35.10411]}},{"type":"Feature","properties":{"layer_id":"cafe_restaurant","name":"一笑","category":"food","address":"静岡県沼津市高沢町５－１４","source":"厚生労働省 食品衛生申請等システム（オープンデータ）","municipality_code":"22203","municipality_pref":"静岡県","municipality_name":"沼津市","municipality_code_method":"food_exact_coord"},"geometry":{"type":"Point","coordinates":[138.85384,35.104769]}},{"type":"Feature","properties":{"layer_id":"cafe_restaurant","name":"さき亭","category":"food","address":"静岡県沼津市高沢町１１－１５","source":"厚生労働省 食品衛生申請等システム（オープンデータ）","municipality_code":"22203","municipality_pref":"静岡県","municipality_name":"沼津市","municipality_code_method":"food_exact_coord"},"geometry":{"type":"Point","coordinates":[138.853892,35.106669]}},{"type":"Feature","properties":{"layer_id":"cafe_restaurant","name":"梢　こずえ","category":"food","address":"静岡県沼津市高島町２２－７","source":"厚生労働省 食品衛生申請等システム（オープンデータ）","municipality_code":"22203","municipality_pref":"静岡県","municipality_name":"沼津市","municipality_code_method":"food_exact_coord"},"geometry":{"type":"Point","coordinates":[138.857182,35.10489]}},{"type":"Feature","properties":{"layer_id":"cafe_restaurant","name":"みますや","category":"food","address":"静岡県沼津市大塚２７０－２","source":"厚生労働省 食品衛生申請等システム（オープンデータ）","municipality_code":"22203","municipality_pref":"静岡県","municipality_name":"沼津市","municipality_code_method":"food_exact_coord"},"geometry":{"type":"Point","coordinates":[138.803655,35.122876]}},{"type":"Feature","properties":{"layer_id":"cafe_restaurant","name":"若竹寿司","category":"food","address":"静岡県沼津市今沢５２７－４","source":"厚生労働省 食品衛生申請等システム（オープンデータ）","municipality_code":"22203","municipality_pref":"静岡県","municipality_name":"沼津市","municipality_code_method":"food_exact_coord"},"geometry":{"type":"Point","coordinates":[138.817245,35.121175]}},{"type":"Feature","properties":{"layer_id":"cafe_restaurant","name":"練翠","category":"food","address":"静岡県沼津市西椎路９４－２","source":"厚生労働省 食品衛生申請等システム（オープンデータ）","municipality_code":"22203","municipality_pref":"静岡県","municipality_name":"沼津市","municipality_code_method":"food_exact_coord"},"geometry":{"type":"Point","coordinates":[138.824209,35.126841]}},{"type":"Feature","properties":{"layer_id":"cafe_restaurant","name":"焼きとり　今沢","category":"food","address":"静岡県沼津市今沢６８９－３３","source":"厚生労働省 食品衛生申請等システム（オープンデータ）","municipality_code":"22203","municipality_pref":"静岡県","municipality_name":"沼津市","municipality_code_method":"food_exact_coord"},"geometry":{"type":"Point","coordinates":[138.81536,35.122402]}},{"type":"Feature","properties":{"layer_id":"cafe_restaurant","name":"寿し山本","category":"food","address":"静岡県沼津市西間門２－２－１８","source":"厚生労働省 食品衛生申請等システム（オープンデータ）","municipality_code":"22203","municipality_pref":"静岡県","municipality_name":"沼津市","municipality_code_method":"food_exact_coord"},"geometry":{"type":"Point","coordinates":[138.844479,35.101646]}},{"type":"Feature","properties":{"layer_id":"cafe_restaurant","name":"居酒屋　碧","category":"food","address":"静岡県沼津市東椎路８７１－１","source":"厚生労働省 食品衛生申請等システム（オープンデータ）","municipality_code":"22203","municipality_pref":"静岡県","municipality_name":"沼津市","municipality_code_method":"food_exact_coord"},"geometry":{"type":"Point","coordinates":[138.838333,35.121549]}},{"type":"Feature","properties":{"layer_id":"cafe_restaurant","name":"唐揚げしんちゃん","category":"food","address":"静岡県沼津市東椎路８６９－１","source":"厚生労働省 食品衛生申請等システム（オープンデータ）","municipality_code":"22203","municipality_pref":"静岡県","municipality_name":"沼津市","municipality_code_method":"food_exact_coord"},"geometry":{"type":"Point","coordinates":[138.838198,35.121667]}},{"type":"Feature","properties":{"layer_id":"cafe_restaurant","name":"Ｒキッチン　まぼ玉","category":"food","address":"静岡県沼津市大諏訪６５８－１","source":"厚生労働省 食品衛生申請等システム（オープンデータ）","municipality_code":"22203","municipality_pref":"静岡県","municipality_name":"沼津市","municipality_code_method":"food_exact_coord"},"geometry":{"type":"Point","coordinates":[138.832497,35.113407]}},{"type":"Feature","properties":{"layer_id":"cafe_restaurant","name":"ばなふりら","category":"food","address":"静岡県沼津市松長１６８－１１","source":"厚生労働省 食品衛生申請等システム（オープンデータ）","municipality_code":"22203","municipality_pref":"静岡県","municipality_name":"沼津市","municipality_code_method":"food_exact_coord"},"geometry":{"type":"Point","coordinates":[138.819445,35.115356]}},{"type":"Feature","properties":{"layer_id":"cafe_restaurant","name":"桃屋","category":"food","address":"静岡県沼津市町方町５","source":"厚生労働省 食品衛生申請等システム（オープンデータ）","municipality_code":"22203","municipality_pref":"静岡県","municipality_name":"沼津市","municipality_code_method":"food_exact_coord"},"geometry":{"type":"Point","coordinates":[138.857923,35.098185]}},{"type":"Feature","properties":{"layer_id":"cafe_restaurant","name":"牛蔵","category":"food","address":"静岡県沼津市平沼５２５－３","source":"厚生労働省 食品衛生申請等システム（オープンデータ）","municipality_code":"22203","municipality_pref":"静岡県","municipality_name":"沼津市","municipality_code_method":"food_exact_coord"},"geometry":{"type":"Point","coordinates":[138.788788,35.146114]}},{"type":"Feature","properties":{"layer_id":"cafe_restaurant","name":"富士山高原いでぼく","category":"food","address":"静岡県沼津市根古屋９９８－２７","source":"厚生労働省 食品衛生申請等システム（オープンデータ）","municipality_code":"22203","municipality_pref":"静岡県","municipality_name":"沼津市","municipality_code_method":"food_exact_coord"},"geometry":{"type":"Point","coordinates":[138.805658,35.154527]}},{"type":"Feature","properties":{"layer_id":"cafe_restaurant","name":"みるく舎","category":"food","address":"静岡県沼津市根古屋９９８－２７ 新東名高速ＮＥＯＰＡＳＡ　駿河湾沼津上り　ＮＤＵ１－２","source":"厚生労働省 食品衛生申請等システム（オープンデータ）","municipality_code":"22203","municipality_pref":"静岡県","municipality_name":"沼津市","municipality_code_method":"food_exact_coord"},"geometry":{"type":"Point","coordinates":[138.805656,35.154517]}},{"type":"Feature","properties":{"layer_id":"cafe_restaurant","name":"恵美屋本店","category":"food","address":"静岡県沼津市高島町２１－２２","source":"厚生労働省 食品衛生申請等システム（オープンデータ）","municipality_code":"22203","municipality_pref":"静岡県","municipality_name":"沼津市","municipality_code_method":"food_exact_coord"},"geometry":{"type":"Point","coordinates":[138.858007,35.10514]}},{"type":"Feature","properties":{"layer_id":"cafe_restaurant","name":"かわむら","category":"food","address":"静岡県沼津市大手町５－４－３","source":"厚生労働省 食品衛生申請等システム（オープンデータ）","municipality_code":"22203","municipality_pref":"静岡県","municipality_name":"沼津市","municipality_code_method":"food_exact_coord"},"geometry":{"type":"Point","coordinates":[138.858695,35.100268]}},{"type":"Feature","properties":{"layer_id":"cafe_restaurant","name":"やきとり　車","category":"food","address":"静岡県沼津市岡一色１８８－１","source":"厚生労働省 食品衛生申請等システム（オープンデータ）","municipality_code":"22203","municipality_pref":"静岡県","municipality_name":"沼津市","municipality_code_method":"food_exact_coord"},"geometry":{"type":"Point","coordinates":[138.879459,35.125143]}},{"type":"Feature","properties":{"layer_id":"cafe_restaurant","name":"スプーニー","category":"food","address":"静岡県沼津市大手町５－３－２１","source":"厚生労働省 食品衛生申請等システム（オープンデータ）","municipality_code":"22203","municipality_pref":"静岡県","municipality_name":"沼津市","municipality_code_method":"food_exact_coord"},"geometry":{"type":"Point","coordinates":[138.858508,35.101077]}},{"type":"Feature","properties":{"layer_id":"cafe_restaurant","name":"和処　あすなろ","category":"food","address":"静岡県沼津市大岡２８８０－３","source":"厚生労働省 食品衛生申請等システム（オープンデータ）","municipality_code":"22203","municipality_pref":"静岡県","municipality_name":"沼津市","municipality_code_method":"food_exact_coord"},"geometry":{"type":"Point","coordinates":[138.88095,35.122424]}},{"type":"Feature","properties":{"layer_id":"cafe_restaurant","name":"バハイクボ","category":"food","address":"静岡県沼津市高島町２０－４","source":"厚生労働省 食品衛生申請等システム（オープンデータ）","municipality_code":"22203","municipality_pref":"静岡県","municipality_name":"沼津市","municipality_code_method":"food_exact_coord"},"geometry":{"type":"Point","coordinates":[138.857486,35.104129]}},{"type":"Feature","properties":{"layer_id":"cafe_restaurant","name":"慶州","category":"food","address":"静岡県沼津市高島町２７－１６ 大石ビル２Ｆ","source":"厚生労働省 食品衛生申請等システム（オープンデータ）","municipality_code":"22203","municipality_pref":"静岡県","municipality_name":"沼津市","municipality_code_method":"food_exact_coord"},"geometry":{"type":"Point","coordinates":[138.858004,35.105642]}},{"type":"Feature","properties":{"layer_id":"cafe_restaurant","name":"串家　七兆","category":"food","address":"静岡県沼津市添地町２０９","source":"厚生労働省 食品衛生申請等システム（オープンデータ）","municipality_code":"22203","municipality_pref":"静岡県","municipality_name":"沼津市","municipality_code_method":"food_exact_coord"},"geometry":{"type":"Point","coordinates":[138.856808,35.099994]}},{"type":"Feature","properties":{"layer_id":"cafe_restaurant","name":"ごましお","category":"food","address":"静岡県沼津市足高２８５－１","source":"厚生労働省 食品衛生申請等システム（オープンデータ）","municipality_code":"22203","municipality_pref":"静岡県","municipality_name":"沼津市","municipality_code_method":"food_exact_coord"},"geometry":{"type":"Point","coordinates":[138.85896,35.150879]}},{"type":"Feature","properties":{"layer_id":"cafe_restaurant","name":"リップス２","category":"food","address":"静岡県沼津市高島町２１－２０ サンリコービル２階　東側","source":"厚生労働省 食品衛生申請等システム（オープンデータ）","municipality_code":"22203","municipality_pref":"静岡県","municipality_name":"沼津市","municipality_code_method":"food_exact_coord"},"geometry":{"type":"Point","coordinates":[138.858018,35.105332]}},{"type":"Feature","properties":{"layer_id":"cafe_restaurant","name":"CLUB　DESIRE","category":"food","address":"静岡県沼津市高島町15-4 ニューライフ大洋４階","source":"厚生労働省 食品衛生申請等システム（オープンデータ）","municipality_code":"22203","municipality_pref":"静岡県","municipality_name":"沼津市","municipality_code_method":"food_exact_coord"},"geometry":{"type":"Point","coordinates":[138.858507,35.10569]}},{"type":"Feature","properties":{"layer_id":"cafe_restaurant","name":"そば処　満留八","category":"food","address":"静岡県沼津市大手町５－９－１","source":"厚生労働省 食品衛生申請等システム（オープンデータ）","municipality_code":"22203","municipality_pref":"静岡県","municipality_name":"沼津市","municipality_code_method":"food_exact_coord"},"geometry":{"type":"Point","coordinates":[138.858214,35.101511]}},{"type":"Feature","properties":{"layer_id":"cafe_restaurant","name":"舵","category":"food","address":"静岡県沼津市高島町２１－２４","source":"厚生労働省 食品衛生申請等システム（オープンデータ）","municipality_code":"22203","municipality_pref":"静岡県","municipality_name":"沼津市","municipality_code_method":"food_exact_coord"},"geometry":{"type":"Point","coordinates":[138.857973,35.105023]}},{"type":"Feature","properties":{"layer_id":"cafe_restaurant","name":"ごはん亭","category":"food","address":"静岡県沼津市大岡２２２７－２","source":"厚生労働省 食品衛生申請等システム（オープンデータ）","municipality_code":"22203","municipality_pref":"静岡県","municipality_name":"沼津市","municipality_code_method":"food_exact_coord"},"geometry":{"type":"Point","coordinates":[138.882746,35.121268]}},{"type":"Feature","properties":{"layer_id":"cafe_restaurant","name":"ベリー","category":"food","address":"静岡県沼津市大手町４－７－１０","source":"厚生労働省 食品衛生申請等システム（オープンデータ）","municipality_code":"22203","municipality_pref":"静岡県","municipality_name":"沼津市","municipality_code_method":"food_exact_coord"},"geometry":{"type":"Point","coordinates":[138.857295327,35.099097224]}},{"type":"Feature","properties":{"layer_id":"cafe_restaurant","name":"五福星","category":"food","address":"静岡県沼津市大岡２８２５","source":"厚生労働省 食品衛生申請等システム（オープンデータ）","municipality_code":"22203","municipality_pref":"静岡県","municipality_name":"沼津市","municipality_code_method":"food_exact_coord"},"geometry":{"type":"Point","coordinates":[138.882746,35.121268]}},{"type":"Feature","properties":{"layer_id":"cafe_restaurant","name":"キャロル","category":"food","address":"静岡県沼津市平町１９－１","source":"厚生労働省 食品衛生申請等システム（オープンデータ）","municipality_code":"22203","municipality_pref":"静岡県","municipality_name":"沼津市","municipality_code_method":"food_exact_coord"},"geometry":{"type":"Point","coordinates":[138.868827452,35.099889429]}},{"type":"Feature","properties":{"layer_id":"cafe_restaurant","name":"ホルモンセンター　いくどん","category":"food","address":"静岡県沼津市杉崎町１２－１６","source":"厚生労働省 食品衛生申請等システム（オープンデータ）","municipality_code":"22203","municipality_pref":"静岡県","municipality_name":"沼津市","municipality_code_method":"food_exact_coord"},"geometry":{"type":"Point","coordinates":[138.868548139,35.108221731]}},{"type":"Feature","properties":{"layer_id":"cafe_restaurant","name":"なすび","category":"food","address":"静岡県沼津市花園町１９－８","source":"厚生労働省 食品衛生申請等システム（オープンデータ）","municipality_code":"22203","municipality_pref":"静岡県","municipality_name":"沼津市","municipality_code_method":"food_exact_coord"},"geometry":{"type":"Point","coordinates":[138.870222,35.122362]}},{"type":"Feature","properties":{"layer_id":"cafe_restaurant","name":"ホテル　アトランティス　沼津","category":"food","address":"静岡県沼津市足高３１９－１７４","source":"厚生労働省 食品衛生申請等システム（オープンデータ）","municipality_code":"22203","municipality_pref":"静岡県","municipality_name":"沼津市","municipality_code_method":"food_exact_coord"},"geometry":{"type":"Point","coordinates":[138.865142,35.143716]}},{"type":"Feature","properties":{"layer_id":"cafe_restaurant","name":"インド＆パキスタンレストラン　Ａｌａｄｄｉｎ","category":"food","address":"静岡県沼津市高島町２８－２ 頼興ビル１Ｆ","source":"厚生労働省 食品衛生申請等システム（オープンデータ）","municipality_code":"22203","municipality_pref":"静岡県","municipality_name":"沼津市","municipality_code_method":"food_exact_coord"},"geometry":{"type":"Point","coordinates":[138.858024,35.106032]}},{"type":"Feature","properties":{"layer_id":"cafe_restaurant","name":"タイ料理　メーシー","category":"food","address":"静岡県沼津市寿町１－１ ロイヤルアベニュー１０２号","source":"厚生労働省 食品衛生申請等システム（オープンデータ）","municipality_code":"22203","municipality_pref":"静岡県","municipality_name":"沼津市","municipality_code_method":"food_exact_coord"},"geometry":{"type":"Point","coordinates":[138.859563947,35.113575925]}},{"type":"Feature","properties":{"layer_id":"cafe_restaurant","name":"いりいち","category":"food","address":"静岡県沼津市千本港町１２２－１０","source":"厚生労働省 食品衛生申請等システム（オープンデータ）","municipality_code":"22203","municipality_pref":"静岡県","municipality_name":"沼津市","municipality_code_method":"food_exact_coord"},"geometry":{"type":"Point","coordinates":[138.857888,35.08368]}},{"type":"Feature","properties":{"layer_id":"cafe_restaurant","name":"羽水仙","category":"food","address":"静岡県沼津市高島町１９－１２ キムラビル1階","source":"厚生労働省 食品衛生申請等システム（オープンデータ）","municipality_code":"22203","municipality_pref":"静岡県","municipality_name":"沼津市","municipality_code_method":"food_exact_coord"},"geometry":{"type":"Point","coordinates":[138.855963,35.104335]}},{"type":"Feature","properties":{"layer_id":"cafe_restaurant","name":"Port Cafe","category":"food","address":"静岡県沼津市千本港町５６－１","source":"厚生労働省 食品衛生申請等システム（オープンデータ）","municipality_code":"22203","municipality_pref":"静岡県","municipality_name":"沼津市","municipality_code_method":"food_exact_coord"},"geometry":{"type":"Point","coordinates":[138.858039,35.084667]}},{"type":"Feature","properties":{"layer_id":"cafe_restaurant","name":"お好焼もち月","category":"food","address":"静岡県沼津市町方町４１","source":"厚生労働省 食品衛生申請等システム（オープンデータ）","municipality_code":"22203","municipality_pref":"静岡県","municipality_name":"沼津市","municipality_code_method":"food_exact_coord"},"geometry":{"type":"Point","coordinates":[138.85738648,35.097309661]}},{"type":"Feature","properties":{"layer_id":"cafe_restaurant","name":"泰安　ＲＩＶＥＲ　ＳＩＤＥ","category":"food","address":"静岡県沼津市大手町４－２－４ ３階","source":"厚生労働省 食品衛生申請等システム（オープンデータ）","municipality_code":"22203","municipality_pref":"静岡県","municipality_name":"沼津市","municipality_code_method":"food_exact_coord"},"geometry":{"type":"Point","coordinates":[138.859266151,35.097979907]}},{"type":"Feature","properties":{"layer_id":"cafe_restaurant","name":"ござや","category":"food","address":"静岡県沼津市高島町２８－３","source":"厚生労働省 食品衛生申請等システム（オープンデータ）","municipality_code":"22203","municipality_pref":"静岡県","municipality_name":"沼津市","municipality_code_method":"food_exact_coord"},"geometry":{"type":"Point","coordinates":[138.857958,35.106041]}},{"type":"Feature","properties":{"layer_id":"cafe_restaurant","name":"創作ダイニング　じょんのび","category":"food","address":"静岡県沼津市宮前町２－１","source":"厚生労働省 食品衛生申請等システム（オープンデータ）","municipality_code":"22203","municipality_pref":"静岡県","municipality_name":"沼津市","municipality_code_method":"food_exact_coord"},"geometry":{"type":"Point","coordinates":[138.874099,35.122079]}},{"type":"Feature","properties":{"layer_id":"cafe_restaurant","name":"八屋","category":"food","address":"静岡県沼津市大手町５－７－１２ 山崎ビル１Ｆ","source":"厚生労働省 食品衛生申請等システム（オープンデータ）","municipality_code":"22203","municipality_pref":"静岡県","municipality_name":"沼津市","municipality_code_method":"food_exact_coord"},"geometry":{"type":"Point","coordinates":[138.85742352,35.100050296]}},{"type":"Feature","properties":{"layer_id":"cafe_restaurant","name":"Ｒｏｓｍａｒｉｎｕｓ","category":"food","address":"静岡県沼津市岡一色１１０－３３","source":"厚生労働省 食品衛生申請等システム（オープンデータ）","municipality_code":"22203","municipality_pref":"静岡県","municipality_name":"沼津市","municipality_code_method":"food_exact_coord"},"geometry":{"type":"Point","coordinates":[138.876716,35.132911]}},{"type":"Feature","properties":{"layer_id":"cafe_restaurant","name":"ＮＩＰ３","category":"food","address":"静岡県沼津市添地町１５９ ツユキビル４Ｆ","source":"厚生労働省 食品衛生申請等システム（オープンデータ）","municipality_code":"22203","municipality_pref":"静岡県","municipality_name":"沼津市","municipality_code_method":"food_exact_coord"},"geometry":{"type":"Point","coordinates":[138.856311,35.100882]}},{"type":"Feature","properties":{"layer_id":"cafe_restaurant","name":"ｆｅｒｍａｔａ","category":"food","address":"静岡県沼津市大手町４－３－５２","source":"厚生労働省 食品衛生申請等システム（オープンデータ）","municipality_code":"22203","municipality_pref":"静岡県","municipality_name":"沼津市","municipality_code_method":"food_exact_coord"},"geometry":{"type":"Point","coordinates":[138.858797723,35.098800294]}},{"type":"Feature","properties":{"layer_id":"cafe_restaurant","name":"快活ＣＬＵＢ","category":"food","address":"静岡県沼津市共栄町１９－５","source":"厚生労働省 食品衛生申請等システム（オープンデータ）","municipality_code":"22203","municipality_pref":"静岡県","municipality_name":"沼津市","municipality_code_method":"food_exact_coord"},"geometry":{"type":"Point","coordinates":[138.869715,35.119497]}},{"type":"Feature","properties":{"layer_id":"cafe_restaurant","name":"くるくる","category":"food","address":"静岡県沼津市松長１０７１－４","source":"厚生労働省 食品衛生申請等システム（オープンデータ）","municipality_code":"22203","municipality_pref":"静岡県","municipality_name":"沼津市","municipality_code_method":"food_exact_coord"},"geometry":{"type":"Point","coordinates":[138.823868185,35.120092051]}},{"type":"Feature","properties":{"layer_id":"cafe_restaurant","name":"ナツキ製菓（つぐみ）","category":"food","address":"静岡県沼津市大岡１９２８－３","source":"厚生労働省 食品衛生申請等システム（オープンデータ）","municipality_code":"22203","municipality_pref":"静岡県","municipality_name":"沼津市","municipality_code_method":"food_exact_coord"},"geometry":{"type":"Point","coordinates":[138.867158,35.111325]}},{"type":"Feature","properties":{"layer_id":"cafe_restaurant","name":"ラルバ　ディ　ナポリ","category":"food","address":"静岡県沼津市大岡１９６０－１","source":"厚生労働省 食品衛生申請等システム（オープンデータ）","municipality_code":"22203","municipality_pref":"静岡県","municipality_name":"沼津市","municipality_code_method":"food_exact_coord"},"geometry":{"type":"Point","coordinates":[138.882746,35.121268]}},{"type":"Feature","properties":{"layer_id":"cafe_restaurant","name":"小料理・すし　おおにし","category":"food","address":"静岡県沼津市大諏訪５９３－５","source":"厚生労働省 食品衛生申請等システム（オープンデータ）","municipality_code":"22203","municipality_pref":"静岡県","municipality_name":"沼津市","municipality_code_method":"food_exact_coord"},"geometry":{"type":"Point","coordinates":[138.831772,35.111793]}},{"type":"Feature","properties":{"layer_id":"cafe_restaurant","name":"らくじゅ沼津足高館","category":"food","address":"静岡県沼津市足高２７６－９","source":"厚生労働省 食品衛生申請等システム（オープンデータ）","municipality_code":"22203","municipality_pref":"静岡県","municipality_name":"沼津市","municipality_code_method":"food_exact_coord"},"geometry":{"type":"Point","coordinates":[138.851013,35.160663]}},{"type":"Feature","properties":{"layer_id":"cafe_restaurant","name":"大衆酒場","category":"food","address":"静岡県沼津市高島町１８－２２","source":"厚生労働省 食品衛生申請等システム（オープンデータ）","municipality_code":"22203","municipality_pref":"静岡県","municipality_name":"沼津市","municipality_code_method":"food_exact_coord"},"geometry":{"type":"Point","coordinates":[138.856554753,35.104122431]}},{"type":"Feature","properties":{"layer_id":"cafe_restaurant","name":"ｃｒｏｃｅ","category":"food","address":"静岡県沼津市高島町１７－１４","source":"厚生労働省 食品衛生申請等システム（オープンデータ）","municipality_code":"22203","municipality_pref":"静岡県","municipality_name":"沼津市","municipality_code_method":"food_exact_coord"},"geometry":{"type":"Point","coordinates":[138.857161,35.103908]}},{"type":"Feature","properties":{"layer_id":"cafe_restaurant","name":"サラタイ","category":"food","address":"静岡県沼津市高島町２５－１","source":"厚生労働省 食品衛生申請等システム（オープンデータ）","municipality_code":"22203","municipality_pref":"静岡県","municipality_name":"沼津市","municipality_code_method":"food_exact_coord"},"geometry":{"type":"Point","coordinates":[138.857044,35.105621]}},{"type":"Feature","properties":{"layer_id":"cafe_restaurant","name":"官帝","category":"food","address":"静岡県沼津市高島町１９－２４ １階","source":"厚生労働省 食品衛生申請等システム（オープンデータ）","municipality_code":"22203","municipality_pref":"静岡県","municipality_name":"沼津市","municipality_code_method":"food_exact_coord"},"geometry":{"type":"Point","coordinates":[138.856943,35.104459]}},{"type":"Feature","properties":{"layer_id":"cafe_restaurant","name":"カレン","category":"food","address":"静岡県沼津市共栄町１７－２","source":"厚生労働省 食品衛生申請等システム（オープンデータ）","municipality_code":"22203","municipality_pref":"静岡県","municipality_name":"沼津市","municipality_code_method":"food_exact_coord"},"geometry":{"type":"Point","coordinates":[138.870231,35.120352]}},{"type":"Feature","properties":{"layer_id":"cafe_restaurant","name":"味八ッ石","category":"food","address":"静岡県沼津市原２０３０－１６","source":"厚生労働省 食品衛生申請等システム（オープンデータ）","municipality_code":"22203","municipality_pref":"静岡県","municipality_name":"沼津市","municipality_code_method":"food_exact_coord"},"geometry":{"type":"Point","coordinates":[138.788536,35.127248]}},{"type":"Feature","properties":{"layer_id":"cafe_restaurant","name":"原時計","category":"food","address":"静岡県沼津市原１５３７－１","source":"厚生労働省 食品衛生申請等システム（オープンデータ）","municipality_code":"22203","municipality_pref":"静岡県","municipality_name":"沼津市","municipality_code_method":"food_exact_coord"},"geometry":{"type":"Point","coordinates":[138.801763159,35.129881197]}},{"type":"Feature","properties":{"layer_id":"cafe_restaurant","name":"カインズキッチン沼津店","category":"food","address":"静岡県沼津市桃里５７１－１","source":"厚生労働省 食品衛生申請等システム（オープンデータ）","municipality_code":"22203","municipality_pref":"静岡県","municipality_name":"沼津市","municipality_code_method":"food_exact_coord"},"geometry":{"type":"Point","coordinates":[138.769787676,35.134295446]}},{"type":"Feature","properties":{"layer_id":"cafe_restaurant","name":"Ｒｅｖｅ","category":"food","address":"静岡県沼津市根古屋１６２－９","source":"厚生労働省 食品衛生申請等システム（オープンデータ）","municipality_code":"22203","municipality_pref":"静岡県","municipality_name":"沼津市","municipality_code_method":"food_exact_coord"},"geometry":{"type":"Point","coordinates":[138.804166,35.136212]}},{"type":"Feature","properties":{"layer_id":"cafe_restaurant","name":"ＴＯＲＩ－ＺＥＮ　ＮＥＯＰＡＳＡ駿河湾沼津上り店","category":"food","address":"静岡県沼津市根古屋９９８－２７","source":"厚生労働省 食品衛生申請等システム（オープンデータ）","municipality_code":"22203","municipality_pref":"静岡県","municipality_name":"沼津市","municipality_code_method":"food_exact_coord"},"geometry":{"type":"Point","coordinates":[138.805491,35.154664]}},{"type":"Feature","properties":{"layer_id":"cafe_restaurant","name":"酔い処　仁ちゃん","category":"food","address":"静岡県沼津市原１７９８－１","source":"厚生労働省 食品衛生申請等システム（オープンデータ）","municipality_code":"22203","municipality_pref":"静岡県","municipality_name":"沼津市","municipality_code_method":"food_exact_coord"},"geometry":{"type":"Point","coordinates":[138.802868153,35.132406658]}},{"type":"Feature","properties":{"layer_id":"cafe_restaurant","name":"カフェブリッコ　沼津店","category":"food","address":"静岡県沼津市桃里５７１－１","source":"厚生労働省 食品衛生申請等システム（オープンデータ）","municipality_code":"22203","municipality_pref":"静岡県","municipality_name":"沼津市","municipality_code_method":"food_exact_coord"},"geometry":{"type":"Point","coordinates":[138.768889,35.134202]}},{"type":"Feature","properties":{"layer_id":"cafe_restaurant","name":"からあげ大ちゃん　沼津大岡店","category":"food","address":"静岡県沼津市大岡２１３２－２ 河野アパート１０１","source":"厚生労働省 食品衛生申請等システム（オープンデータ）","municipality_code":"22203","municipality_pref":"静岡県","municipality_name":"沼津市","municipality_code_method":"food_exact_coord"},"geometry":{"type":"Point","coordinates":[138.882746,35.121268]}},{"type":"Feature","properties":{"layer_id":"cafe_restaurant","name":"舞斗","category":"food","address":"静岡県沼津市西条町８１ ＴＳビル１Ｆ","source":"厚生労働省 食品衛生申請等システム（オープンデータ）","municipality_code":"22203","municipality_pref":"静岡県","municipality_name":"沼津市","municipality_code_method":"food_exact_coord"},"geometry":{"type":"Point","coordinates":[138.85514023,35.100825826]}},{"type":"Feature","properties":{"layer_id":"cafe_restaurant","name":"寿司の大将","category":"food","address":"静岡県沼津市大岡自由ケ丘１９７７－８","source":"厚生労働省 食品衛生申請等システム（オープンデータ）","municipality_code":"22203","municipality_pref":"静岡県","municipality_name":"沼津市","municipality_code_method":"food_exact_coord"},"geometry":{"type":"Point","coordinates":[138.882746,35.121268]}},{"type":"Feature","properties":{"layer_id":"cafe_restaurant","name":"こだわりとんかつかつ政　原店","category":"food","address":"静岡県沼津市原町中２－１３－１１","source":"厚生労働省 食品衛生申請等システム（オープンデータ）","municipality_code":"22203","municipality_pref":"静岡県","municipality_name":"沼津市","municipality_code_method":"food_exact_coord"},"geometry":{"type":"Point","coordinates":[138.799446,35.129817]}},{"type":"Feature","properties":{"layer_id":"cafe_restaurant","name":"yadorigi","category":"food","address":"静岡県沼津市本郷町13-16","source":"厚生労働省 食品衛生申請等システム（オープンデータ）","municipality_code":"22203","municipality_pref":"静岡県","municipality_name":"沼津市","municipality_code_method":"food_exact_coord"},"geometry":{"type":"Point","coordinates":[138.868223,35.094331]}},{"type":"Feature","properties":{"layer_id":"cafe_restaurant","name":"くいもんや　房’ｓ","category":"food","address":"静岡県沼津市東椎路８３８－２ メゾンNAGA２　１０２号","source":"厚生労働省 食品衛生申請等システム（オープンデータ）","municipality_code":"22203","municipality_pref":"静岡県","municipality_name":"沼津市","municipality_code_method":"food_exact_coord"},"geometry":{"type":"Point","coordinates":[138.837145,35.128607]}},{"type":"Feature","properties":{"layer_id":"cafe_restaurant","name":"かつや静岡沼津店","category":"food","address":"静岡県沼津市共栄町１８－７","source":"厚生労働省 食品衛生申請等システム（オープンデータ）","municipality_code":"22203","municipality_pref":"静岡県","municipality_name":"沼津市","municipality_code_method":"food_exact_coord"},"geometry":{"type":"Point","coordinates":[138.869715,35.119497]}},{"type":"Feature","properties":{"layer_id":"cafe_restaurant","name":"蕃紅花","category":"food","address":"静岡県沼津市岡宮1179-16　１階","source":"厚生労働省 食品衛生申請等システム（オープンデータ）","municipality_code":"22203","municipality_pref":"静岡県","municipality_name":"沼津市","municipality_code_method":"food_exact_coord"},"geometry":{"type":"Point","coordinates":[138.87096,35.134225]}},{"type":"Feature","properties":{"layer_id":"cafe_restaurant","name":"屋台ラーメン","category":"food","address":"静岡県沼津市東熊堂４９６－１","source":"厚生労働省 食品衛生申請等システム（オープンデータ）","municipality_code":"22203","municipality_pref":"静岡県","municipality_name":"沼津市","municipality_code_method":"food_exact_coord"},"geometry":{"type":"Point","coordinates":[138.86152,35.122894]}},{"type":"Feature","properties":{"layer_id":"cafe_restaurant","name":"ひとつ","category":"food","address":"静岡県沼津市青野３１５－１","source":"厚生労働省 食品衛生申請等システム（オープンデータ）","municipality_code":"22203","municipality_pref":"静岡県","municipality_name":"沼津市","municipality_code_method":"food_exact_coord"},"geometry":{"type":"Point","coordinates":[138.81206,35.136853]}},{"type":"Feature","properties":{"layer_id":"cafe_restaurant","name":"台湾小料理　花蓮","category":"food","address":"静岡県沼津市高沢町２－１８ マルスギ小路","source":"厚生労働省 食品衛生申請等システム（オープンデータ）","municipality_code":"22203","municipality_pref":"静岡県","municipality_name":"沼津市","municipality_code_method":"food_exact_coord"},"geometry":{"type":"Point","coordinates":[138.855367716,35.104237525]}},{"type":"Feature","properties":{"layer_id":"cafe_restaurant","name":"ほっともっと沼津東間門店","category":"food","address":"静岡県沼津市東間門2-7-1","source":"厚生労働省 食品衛生申請等システム（オープンデータ）","municipality_code":"22203","municipality_pref":"静岡県","municipality_name":"沼津市","municipality_code_method":"food_exact_coord"},"geometry":{"type":"Point","coordinates":[138.844773,35.100949]}},{"type":"Feature","properties":{"layer_id":"cafe_restaurant","name":"きいたんち","category":"food","address":"静岡県沼津市大諏訪737-1","source":"厚生労働省 食品衛生申請等システム（オープンデータ）","municipality_code":"22203","municipality_pref":"静岡県","municipality_name":"沼津市","municipality_code_method":"food_exact_coord"},"geometry":{"type":"Point","coordinates":[138.834655,35.116321]}},{"type":"Feature","properties":{"layer_id":"cafe_restaurant","name":"福源","category":"food","address":"静岡県沼津市大手町5丁目2-1 小島ビル1F","source":"厚生労働省 食品衛生申請等システム（オープンデータ）","municipality_code":"22203","municipality_pref":"静岡県","municipality_name":"沼津市","municipality_code_method":"food_exact_coord"},"geometry":{"type":"Point","coordinates":[138.859011,35.101602]}},{"type":"Feature","properties":{"layer_id":"cafe_restaurant","name":"だるま食堂","category":"food","address":"静岡県沼津市千本港町115-4 みなと旬彩街店舗　B","source":"厚生労働省 食品衛生申請等システム（オープンデータ）","municipality_code":"22203","municipality_pref":"静岡県","municipality_name":"沼津市","municipality_code_method":"food_exact_coord"},"geometry":{"type":"Point","coordinates":[138.858554,35.082175]}},{"type":"Feature","properties":{"layer_id":"cafe_restaurant","name":"からすみ川善","category":"food","address":"静岡県沼津市千本港町91","source":"厚生労働省 食品衛生申請等システム（オープンデータ）","municipality_code":"22203","municipality_pref":"静岡県","municipality_name":"沼津市","municipality_code_method":"food_exact_coord"},"geometry":{"type":"Point","coordinates":[138.857901,35.084217]}},{"type":"Feature","properties":{"layer_id":"cafe_restaurant","name":"やきとり‐トマト","category":"food","address":"静岡県沼津市末広町２７２","source":"厚生労働省 食品衛生申請等システム（オープンデータ）","municipality_code":"22203","municipality_pref":"静岡県","municipality_name":"沼津市","municipality_code_method":"food_exact_coord"},"geometry":{"type":"Point","coordinates":[138.852887,35.097407]}},{"type":"Feature","properties":{"layer_id":"cafe_restaurant","name":"Club Shallow","category":"food","address":"静岡県沼津市大手町５－４－１８ 仲見世第１ビル１、２Ｆ","source":"厚生労働省 食品衛生申請等システム（オープンデータ）","municipality_code":"22203","municipality_pref":"静岡県","municipality_name":"沼津市","municipality_code_method":"food_exact_coord"},"geometry":{"type":"Point","coordinates":[138.858334,35.100459]}},{"type":"Feature","properties":{"layer_id":"cafe_restaurant","name":"和処まかお","category":"food","address":"静岡県沼津市高島本町2-20 オガワビル２階","source":"厚生労働省 食品衛生申請等システム（オープンデータ）","municipality_code":"22203","municipality_pref":"静岡県","municipality_name":"沼津市","municipality_code_method":"food_exact_coord"},"geometry":{"type":"Point","coordinates":[138.858155,35.109308]}},{"type":"Feature","properties":{"layer_id":"cafe_restaurant","name":"トロワ","category":"food","address":"静岡県沼津市吉田町１２－７","source":"厚生労働省 食品衛生申請等システム（オープンデータ）","municipality_code":"22203","municipality_pref":"静岡県","municipality_name":"沼津市","municipality_code_method":"food_exact_coord"},"geometry":{"type":"Point","coordinates":[138.861443,35.090551]}},{"type":"Feature","properties":{"layer_id":"cafe_restaurant","name":"握りめし しゅりけん","category":"food","address":"静岡県沼津市新宿町11-9 野中ビル1A","source":"厚生労働省 食品衛生申請等システム（オープンデータ）","municipality_code":"22203","municipality_pref":"静岡県","municipality_name":"沼津市","municipality_code_method":"food_exact_coord"},"geometry":{"type":"Point","coordinates":[138.86016,35.107805]}},{"type":"Feature","properties":{"layer_id":"cafe_restaurant","name":"麺場　田所商店　沼津下香貫店","category":"food","address":"静岡県沼津市下香貫1497番地１","source":"厚生労働省 食品衛生申請等システム（オープンデータ）","municipality_code":"22203","municipality_pref":"静岡県","municipality_name":"沼津市","municipality_code_method":"food_exact_coord"},"geometry":{"type":"Point","coordinates":[138.871606,35.077989]}},{"type":"Feature","properties":{"layer_id":"cafe_restaurant","name":"Ｒｅｍｙ","category":"food","address":"静岡県沼津市添地町６９番地 杉山ビル１階１０３号","source":"厚生労働省 食品衛生申請等システム（オープンデータ）","municipality_code":"22203","municipality_pref":"静岡県","municipality_name":"沼津市","municipality_code_method":"food_exact_coord"},"geometry":{"type":"Point","coordinates":[138.856985,35.101476]}},{"type":"Feature","properties":{"layer_id":"cafe_restaurant","name":"なごみ沼津店","category":"food","address":"静岡県沼津市大手町１－１－２ ＦＤＩビルディング３Ｆ","source":"厚生労働省 食品衛生申請等システム（オープンデータ）","municipality_code":"22203","municipality_pref":"静岡県","municipality_name":"沼津市","municipality_code_method":"food_exact_coord"},"geometry":{"type":"Point","coordinates":[138.860769,35.102382]}},{"type":"Feature","properties":{"layer_id":"cafe_restaurant","name":"片浜ミートソース","category":"food","address":"静岡県沼津市大諏訪645 加藤店舗Ｂ","source":"厚生労働省 食品衛生申請等システム（オープンデータ）","municipality_code":"22203","municipality_pref":"静岡県","municipality_name":"沼津市","municipality_code_method":"food_exact_coord"},"geometry":{"type":"Point","coordinates":[138.831321,35.114027]}},{"type":"Feature","properties":{"layer_id":"cafe_restaurant","name":"ときどきタイ料理が出るお店Ke-So","category":"food","address":"静岡県沼津市新宿町2-11　東棟南１番目","source":"厚生労働省 食品衛生申請等システム（オープンデータ）","municipality_code":"22203","municipality_pref":"静岡県","municipality_name":"沼津市","municipality_code_method":"food_exact_coord"},"geometry":{"type":"Point","coordinates":[138.859939,35.106376]}},{"type":"Feature","properties":{"layer_id":"cafe_restaurant","name":"光州食堂（カンジュ）","category":"food","address":"静岡県沼津市双葉町６－２４ 富士一アビタシオン１１２号","source":"厚生労働省 食品衛生申請等システム（オープンデータ）","municipality_code":"22203","municipality_pref":"静岡県","municipality_name":"沼津市","municipality_code_method":"food_exact_coord"},"geometry":{"type":"Point","coordinates":[138.853535,35.106521]}},{"type":"Feature","properties":{"layer_id":"cafe_restaurant","name":"民宿　よしのや","category":"food","address":"静岡県沼津市戸田８０９－２","source":"厚生労働省 食品衛生申請等システム（オープンデータ）","municipality_code":"22203","municipality_pref":"静岡県","municipality_name":"沼津市","municipality_code_method":"food_exact_coord"},"geometry":{"type":"Point","coordinates":[138.780095,34.969864]}},{"type":"Feature","properties":{"layer_id":"cafe_restaurant","name":"あまみや","category":"food","address":"静岡県沼津市戸田５５１－４","source":"厚生労働省 食品衛生申請等システム（オープンデータ）","municipality_code":"22203","municipality_pref":"静岡県","municipality_name":"沼津市","municipality_code_method":"food_exact_coord"},"geometry":{"type":"Point","coordinates":[138.775817,34.969464]}},{"type":"Feature","properties":{"layer_id":"cafe_restaurant","name":"まるさん和風レストラン","category":"food","address":"静岡県沼津市戸田３７６－８","source":"厚生労働省 食品衛生申請等システム（オープンデータ）","municipality_code":"22203","municipality_pref":"静岡県","municipality_name":"沼津市","municipality_code_method":"food_exact_coord"},"geometry":{"type":"Point","coordinates":[138.777456476,34.971185227]}},{"type":"Feature","properties":{"layer_id":"cafe_restaurant","name":"海苑","category":"food","address":"静岡県沼津市戸田３３０－３","source":"厚生労働省 食品衛生申請等システム（オープンデータ）","municipality_code":"22203","municipality_pref":"静岡県","municipality_name":"沼津市","municipality_code_method":"food_exact_coord"},"geometry":{"type":"Point","coordinates":[138.77776224,34.972427302]}},{"type":"Feature","properties":{"layer_id":"cafe_restaurant","name":"やまに","category":"food","address":"静岡県沼津市井田１９","source":"厚生労働省 食品衛生申請等システム（オープンデータ）","municipality_code":"22203","municipality_pref":"静岡県","municipality_name":"沼津市","municipality_code_method":"food_exact_coord"},"geometry":{"type":"Point","coordinates":[138.78953,35.002036]}},{"type":"Feature","properties":{"layer_id":"cafe_restaurant","name":"魚重食堂","category":"food","address":"静岡県沼津市戸田３０３－５","source":"厚生労働省 食品衛生申請等システム（オープンデータ）","municipality_code":"22203","municipality_pref":"静岡県","municipality_name":"沼津市","municipality_code_method":"food_exact_coord"},"geometry":{"type":"Point","coordinates":[138.777387,34.973298]}},{"type":"Feature","properties":{"layer_id":"cafe_restaurant","name":"Ｃａｎｄｙ　Ｆｒｕｉｔｓ","category":"food","address":"静岡県沼津市千本港町97","source":"厚生労働省 食品衛生申請等システム（オープンデータ）","municipality_code":"22203","municipality_pref":"静岡県","municipality_name":"沼津市","municipality_code_method":"food_exact_coord"},"geometry":{"type":"Point","coordinates":[138.85779,35.08349]}},{"type":"Feature","properties":{"layer_id":"cafe_restaurant","name":"駿河湾まんなか食堂","category":"food","address":"静岡県沼津市西浦江梨325-1","source":"厚生労働省 食品衛生申請等システム（オープンデータ）","municipality_code":"22203","municipality_pref":"静岡県","municipality_name":"沼津市","municipality_code_method":"food_exact_coord"},"geometry":{"type":"Point","coordinates":[138.786357,35.024095]}},{"type":"Feature","properties":{"layer_id":"cafe_restaurant","name":"MOC KIM QUAN","category":"food","address":"静岡県沼津市大手町4丁目4－7","source":"厚生労働省 食品衛生申請等システム（オープンデータ）","municipality_code":"22203","municipality_pref":"静岡県","municipality_name":"沼津市","municipality_code_method":"food_exact_coord"},"geometry":{"type":"Point","coordinates":[138.858263,35.098963]}},{"type":"Feature","properties":{"layer_id":"cafe_restaurant","name":"さかなや　魚清","category":"food","address":"静岡県沼津市戸田５８０－１","source":"厚生労働省 食品衛生申請等システム（オープンデータ）","municipality_code":"22203","municipality_pref":"静岡県","municipality_name":"沼津市","municipality_code_method":"food_exact_coord"},"geometry":{"type":"Point","coordinates":[138.800662,34.96422]}},{"type":"Feature","properties":{"layer_id":"cafe_restaurant","name":"台所こだま","category":"food","address":"静岡県沼津市今沢２３８－１","source":"厚生労働省 食品衛生申請等システム（オープンデータ）","municipality_code":"22203","municipality_pref":"静岡県","municipality_name":"沼津市","municipality_code_method":"food_exact_coord"},"geometry":{"type":"Point","coordinates":[138.8183095,35.1169005]}},{"type":"Feature","properties":{"layer_id":"cafe_restaurant","name":"LC-cooking輪","category":"food","address":"静岡県沼津市浅間町32　3階","source":"厚生労働省 食品衛生申請等システム（オープンデータ）","municipality_code":"22203","municipality_pref":"静岡県","municipality_name":"沼津市","municipality_code_method":"food_exact_coord"},"geometry":{"type":"Point","coordinates":[138.855661,35.093929]}},{"type":"Feature","properties":{"layer_id":"cafe_restaurant","name":"Oyatu'ya","category":"food","address":"静岡県沼津市東熊堂484-1 中川分店第2ビル1F4号室","source":"厚生労働省 食品衛生申請等システム（オープンデータ）","municipality_code":"22203","municipality_pref":"静岡県","municipality_name":"沼津市","municipality_code_method":"food_exact_coord"},"geometry":{"type":"Point","coordinates":[138.867433,35.117953]}},{"type":"Feature","properties":{"layer_id":"cafe_restaurant","name":"Calmbase西伊豆いざよい","category":"food","address":"静岡県沼津市戸田598-4","source":"厚生労働省 食品衛生申請等システム（オープンデータ）","municipality_code":"22203","municipality_pref":"静岡県","municipality_name":"沼津市","municipality_code_method":"food_exact_coord"},"geometry":{"type":"Point","coordinates":[138.773707,34.969447]}},{"type":"Feature","properties":{"layer_id":"cafe_restaurant","name":"NUMAZU COFFEE LAB","category":"food","address":"静岡県沼津市大手町4丁目　8-3 KURIOビル　1F","source":"厚生労働省 食品衛生申請等システム（オープンデータ）","municipality_code":"22203","municipality_pref":"静岡県","municipality_name":"沼津市","municipality_code_method":"food_exact_coord"},"geometry":{"type":"Point","coordinates":[138.857094,35.099004]}},{"type":"Feature","properties":{"layer_id":"cafe_restaurant","name":"なの花食堂","category":"food","address":"静岡県沼津市新沢田町20-2-102 サワダソウ","source":"厚生労働省 食品衛生申請等システム（オープンデータ）","municipality_code":"22203","municipality_pref":"静岡県","municipality_name":"沼津市","municipality_code_method":"food_exact_coord"},"geometry":{"type":"Point","coordinates":[138.852997,35.119079]}},{"type":"Feature","properties":{"layer_id":"cafe_restaurant","name":"Apollo","category":"food","address":"静岡県沼津市西条町117 パークビル117 102号","source":"厚生労働省 食品衛生申請等システム（オープンデータ）","municipality_code":"22203","municipality_pref":"静岡県","municipality_name":"沼津市","municipality_code_method":"food_exact_coord"},"geometry":{"type":"Point","coordinates":[138.85475,35.100523]}},{"type":"Feature","properties":{"layer_id":"cafe_restaurant","name":"麻依","category":"food","address":"静岡県沼津市高島町22-5 山本ビル2F","source":"厚生労働省 食品衛生申請等システム（オープンデータ）","municipality_code":"22203","municipality_pref":"静岡県","municipality_name":"沼津市","municipality_code_method":"food_exact_coord"},"geometry":{"type":"Point","coordinates":[138.857161,35.104768]}},{"type":"Feature","properties":{"layer_id":"cafe_restaurant","name":"オソオセヨ","category":"food","address":"静岡県沼津市高島町15-7 アークビル1F","source":"厚生労働省 食品衛生申請等システム（オープンデータ）","municipality_code":"22203","municipality_pref":"静岡県","municipality_name":"沼津市","municipality_code_method":"food_exact_coord"},"geometry":{"type":"Point","coordinates":[138.858976,35.105739]}},{"type":"Feature","properties":{"layer_id":"cafe_restaurant","name":"野菜巻き　キルギス","category":"food","address":"静岡県沼津市大手町５丁目3-10","source":"厚生労働省 食品衛生申請等システム（オープンデータ）","municipality_code":"22203","municipality_pref":"静岡県","municipality_name":"沼津市","municipality_code_method":"food_exact_coord"},"geometry":{"type":"Point","coordinates":[138.85867,35.100741]}},{"type":"Feature","properties":{"layer_id":"cafe_restaurant","name":"妖怪ノ宴「乱」","category":"food","address":"静岡県沼津市高島町21-13 和光ビル３階","source":"厚生労働省 食品衛生申請等システム（オープンデータ）","municipality_code":"22203","municipality_pref":"静岡県","municipality_name":"沼津市","municipality_code_method":"food_exact_coord"},"geometry":{"type":"Point","coordinates":[138.857752,35.105393]}},{"type":"Feature","properties":{"layer_id":"cafe_restaurant","name":"台湾料理　福婷","category":"food","address":"静岡県沼津市原町中３－１３－３","source":"厚生労働省 食品衛生申請等システム（オープンデータ）","municipality_code":"22203","municipality_pref":"静岡県","municipality_name":"沼津市","municipality_code_method":"food_exact_coord"},"geometry":{"type":"Point","coordinates":[138.801424,35.131102]}},{"type":"Feature","properties":{"layer_id":"cafe_restaurant","name":"沼津カキ小屋２号店","category":"food","address":"静岡県沼津市千本港町113","source":"厚生労働省 食品衛生申請等システム（オープンデータ）","municipality_code":"22203","municipality_pref":"静岡県","municipality_name":"沼津市","municipality_code_method":"food_exact_coord"},"geometry":{"type":"Point","coordinates":[138.8584325,35.0828375]}},{"type":"Feature","properties":{"layer_id":"cafe_restaurant","name":"おかえり.","category":"food","address":"静岡県沼津市新宿町2-11","source":"厚生労働省 食品衛生申請等システム（オープンデータ）","municipality_code":"22203","municipality_pref":"静岡県","municipality_name":"沼津市","municipality_code_method":"food_exact_coord"},"geometry":{"type":"Point","coordinates":[138.859939,35.106376]}},{"type":"Feature","properties":{"layer_id":"cafe_restaurant","name":"麹屋","category":"food","address":"静岡県沼津市三枚橋町2-3","source":"厚生労働省 食品衛生申請等システム（オープンデータ）","municipality_code":"22203","municipality_pref":"静岡県","municipality_name":"沼津市","municipality_code_method":"food_exact_coord"},"geometry":{"type":"Point","coordinates":[138.864543,35.102043]}},{"type":"Feature","properties":{"layer_id":"cafe_restaurant","name":"Oishi Keni","category":"food","address":"静岡県沼津市高島町17-21 石川ビル2階","source":"厚生労働省 食品衛生申請等システム（オープンデータ）","municipality_code":"22203","municipality_pref":"静岡県","municipality_name":"沼津市","municipality_code_method":"food_exact_coord"},"geometry":{"type":"Point","coordinates":[138.857733,35.103938]}},{"type":"Feature","properties":{"layer_id":"cafe_restaurant","name":"CLUB AMY","category":"food","address":"静岡県沼津市高島町22-12","source":"厚生労働省 食品衛生申請等システム（オープンデータ）","municipality_code":"22203","municipality_pref":"静岡県","municipality_name":"沼津市","municipality_code_method":"food_exact_coord"},"geometry":{"type":"Point","coordinates":[138.857286,35.105305]}},{"type":"Feature","properties":{"layer_id":"cafe_restaurant","name":"NOMIGORO","category":"food","address":"静岡県沼津市市場町2-1 ミナモビル2F","source":"厚生労働省 食品衛生申請等システム（オープンデータ）","municipality_code":"22203","municipality_pref":"静岡県","municipality_name":"沼津市","municipality_code_method":"food_exact_coord"},"geometry":{"type":"Point","coordinates":[138.861611,35.097295]}},{"type":"Feature","properties":{"layer_id":"cafe_restaurant","name":"ARDENNE","category":"food","address":"静岡県沼津市大手町４丁目３−１８５−４","source":"厚生労働省 食品衛生申請等システム（オープンデータ）","municipality_code":"22203","municipality_pref":"静岡県","municipality_name":"沼津市","municipality_code_method":"food_exact_coord"},"geometry":{"type":"Point","coordinates":[138.859619,35.098755]}},{"type":"Feature","properties":{"layer_id":"cafe_restaurant","name":"ホルモン八億","category":"food","address":"静岡県沼津市下香貫上障子412","source":"厚生労働省 食品衛生申請等システム（オープンデータ）","municipality_code":"22203","municipality_pref":"静岡県","municipality_name":"沼津市","municipality_code_method":"food_exact_coord"},"geometry":{"type":"Point","coordinates":[138.870303,35.082725]}},{"type":"Feature","properties":{"layer_id":"cafe_restaurant","name":"韓国家庭料理マダン","category":"food","address":"静岡県沼津市町方町38 第一ビル","source":"厚生労働省 食品衛生申請等システム（オープンデータ）","municipality_code":"22203","municipality_pref":"静岡県","municipality_name":"沼津市","municipality_code_method":"food_exact_coord"},"geometry":{"type":"Point","coordinates":[138.857459,35.097592]}},{"type":"Feature","properties":{"layer_id":"cafe_restaurant","name":"KARAOKE CHANG YASUC","category":"food","address":"静岡県沼津市大手町4丁目４－１０ izu ビル２F","source":"厚生労働省 食品衛生申請等システム（オープンデータ）","municipality_code":"22203","municipality_pref":"静岡県","municipality_name":"沼津市","municipality_code_method":"food_exact_coord"},"geometry":{"type":"Point","coordinates":[138.858086,35.09895]}},{"type":"Feature","properties":{"layer_id":"cafe_restaurant","name":"沼津インターグランドホテル","category":"food","address":"静岡県沼津市岡一色526-1","source":"厚生労働省 食品衛生申請等システム（オープンデータ）","municipality_code":"22203","municipality_pref":"静岡県","municipality_name":"沼津市","municipality_code_method":"food_exact_coord"},"geometry":{"type":"Point","coordinates":[138.874372,35.133385]}},{"type":"Feature","properties":{"layer_id":"cafe_restaurant","name":"沼津グランドホテルカフェ＆レストランアミー","category":"food","address":"静岡県沼津市大手町３－６－１２","source":"厚生労働省 食品衛生申請等システム（オープンデータ）","municipality_code":"22203","municipality_pref":"静岡県","municipality_name":"沼津市","municipality_code_method":"food_exact_coord"},"geometry":{"type":"Point","coordinates":[138.860944339,35.100537123]}},{"type":"Feature","properties":{"layer_id":"cafe_restaurant","name":"くろねこ","category":"food","address":"静岡県沼津市千本港町122-9","source":"厚生労働省 食品衛生申請等システム（オープンデータ）","municipality_code":"22203","municipality_pref":"静岡県","municipality_name":"沼津市","municipality_code_method":"food_exact_coord"},"geometry":{"type":"Point","coordinates":[138.857783,35.082413]}},{"type":"Feature","properties":{"layer_id":"cafe_restaurant","name":"KC CAFE BAP","category":"food","address":"静岡県沼津市大手町5-8-1","source":"厚生労働省 食品衛生申請等システム（オープンデータ）","municipality_code":"22203","municipality_pref":"静岡県","municipality_name":"沼津市","municipality_code_method":"food_exact_coord"},"geometry":{"type":"Point","coordinates":[138.858178,35.101127]}},{"type":"Feature","properties":{"layer_id":"cafe_restaurant","name":"灯幸緑酒　ひだまり","category":"food","address":"静岡県沼津市高島町5-18 佐藤ビル２F","source":"厚生労働省 食品衛生申請等システム（オープンデータ）","municipality_code":"22203","municipality_pref":"静岡県","municipality_name":"沼津市","municipality_code_method":"food_exact_coord"},"geometry":{"type":"Point","coordinates":[138.859256,35.104676]}},{"type":"Feature","properties":{"layer_id":"cafe_restaurant","name":"コメダ珈琲店ららぽーと沼津店","category":"food","address":"静岡県沼津市東椎路３０１－３ ららぽーと沼津１４０５０","source":"厚生労働省 食品衛生申請等システム（オープンデータ）","municipality_code":"22203","municipality_pref":"静岡県","municipality_name":"沼津市","municipality_code_method":"food_exact_coord"},"geometry":{"type":"Point","coordinates":[138.841906,35.120419]}},{"type":"Feature","properties":{"layer_id":"cafe_restaurant","name":"コメダ珈琲店　沼津鳥谷店","category":"food","address":"静岡県沼津市鳥谷２－１","source":"厚生労働省 食品衛生申請等システム（オープンデータ）","municipality_code":"22203","municipality_pref":"静岡県","municipality_name":"沼津市","municipality_code_method":"food_exact_coord"},"geometry":{"type":"Point","coordinates":[138.814712,35.135316]}},{"type":"Feature","properties":{"layer_id":"cafe_restaurant","name":"コメダ珈琲　沼津カタクラパーク店","category":"food","address":"静岡県沼津市大岡１０２０－５","source":"厚生労働省 食品衛生申請等システム（オープンデータ）","municipality_code":"22203","municipality_pref":"静岡県","municipality_name":"沼津市","municipality_code_method":"food_exact_coord"},"geometry":{"type":"Point","coordinates":[138.878129,35.105881]}},{"type":"Feature","properties":{"layer_id":"cafe_restaurant","name":"丸亀うどーなつ号","category":"food","address":"静岡県沼津市岡一色471-3","source":"厚生労働省 食品衛生申請等システム（オープンデータ）","municipality_code":"22203","municipality_pref":"静岡県","municipality_name":"沼津市","municipality_code_method":"food_exact_coord"},"geometry":{"type":"Point","coordinates":[138.872965,35.133758]}},{"type":"Feature","properties":{"layer_id":"cafe_restaurant","name":"サボイア","category":"food","address":"静岡県沼津市市場町１１－２４","source":"厚生労働省 食品衛生申請等システム（オープンデータ）","municipality_code":"22203","municipality_pref":"静岡県","municipality_name":"沼津市","municipality_code_method":"food_exact_coord"},"geometry":{"type":"Point","coordinates":[138.860727561,35.09514672]}},{"type":"Feature","properties":{"layer_id":"cafe_restaurant","name":"焼鳥ひでちゃん","category":"food","address":"静岡県沼津市高島町１８－７ 松本ビル　１Ｆ　さくら横町","source":"厚生労働省 食品衛生申請等システム（オープンデータ）","municipality_code":"22203","municipality_pref":"静岡県","municipality_name":"沼津市","municipality_code_method":"food_exact_coord"},"geometry":{"type":"Point","coordinates":[138.856204,35.104036]}},{"type":"Feature","properties":{"layer_id":"cafe_restaurant","name":"うまいもんや","category":"food","address":"静岡県沼津市上土町37番地 POPLYビル　１階","source":"厚生労働省 食品衛生申請等システム（オープンデータ）","municipality_code":"22203","municipality_pref":"静岡県","municipality_name":"沼津市","municipality_code_method":"food_exact_coord"},"geometry":{"type":"Point","coordinates":[138.857547,35.097036]}},{"type":"Feature","properties":{"layer_id":"cafe_restaurant","name":"心美","category":"food","address":"静岡県沼津市大手町５丁目８－８ ハチハチビル１F　西号","source":"厚生労働省 食品衛生申請等システム（オープンデータ）","municipality_code":"22203","municipality_pref":"静岡県","municipality_name":"沼津市","municipality_code_method":"food_exact_coord"},"geometry":{"type":"Point","coordinates":[138.857968,35.100744]}},{"type":"Feature","properties":{"layer_id":"cafe_restaurant","name":"私房菜　香香","category":"food","address":"静岡県沼津市大手町5丁目2-12 イカイ第４ビル　２階、３階","source":"厚生労働省 食品衛生申請等システム（オープンデータ）","municipality_code":"22203","municipality_pref":"静岡県","municipality_name":"沼津市","municipality_code_method":"food_exact_coord"},"geometry":{"type":"Point","coordinates":[138.858452,35.101286]}},{"type":"Feature","properties":{"layer_id":"cafe_restaurant","name":"セブン－イレブン伊豆三津シーパラダイス前店","category":"food","address":"静岡県沼津市内浦三津４６","source":"厚生労働省 食品衛生申請等システム（オープンデータ）","municipality_code":"22203","municipality_pref":"静岡県","municipality_name":"沼津市","municipality_code_method":"food_exact_coord"},"geometry":{"type":"Point","coordinates":[138.90523,35.023798]}},{"type":"Feature","properties":{"layer_id":"cafe_restaurant","name":"セブン－イレブン沼津御幸町店","category":"food","address":"静岡県沼津市御幸町９－２０","source":"厚生労働省 食品衛生申請等システム（オープンデータ）","municipality_code":"22203","municipality_pref":"静岡県","municipality_name":"沼津市","municipality_code_method":"food_exact_coord"},"geometry":{"type":"Point","coordinates":[138.867172,35.09698]}},{"type":"Feature","properties":{"layer_id":"cafe_restaurant","name":"Ｃｌｕｂ　Ｌｕｃｉａ","category":"food","address":"静岡県沼津市大手町五丁目６番22号 マザーグースビル３階","source":"厚生労働省 食品衛生申請等システム（オープンデータ）","municipality_code":"22203","municipality_pref":"静岡県","municipality_name":"沼津市","municipality_code_method":"food_exact_coord"},"geometry":{"type":"Point","coordinates":[138.857916,35.099868]}},{"type":"Feature","properties":{"layer_id":"cafe_restaurant","name":"湯河原飯田商店","category":"food","address":"静岡県沼津市東椎路３０１－３ ららぽーと沼津３７０２３","source":"厚生労働省 食品衛生申請等システム（オープンデータ）","municipality_code":"22203","municipality_pref":"静岡県","municipality_name":"沼津市","municipality_code_method":"food_exact_coord"},"geometry":{"type":"Point","coordinates":[138.837145,35.128607]}},{"type":"Feature","properties":{"layer_id":"cafe_restaurant","name":"沼津はまゆう病院","category":"food","address":"静岡県沼津市錦町3番地5","source":"厚生労働省 食品衛生申請等システム（オープンデータ）","municipality_code":"22203","municipality_pref":"静岡県","municipality_name":"沼津市","municipality_code_method":"food_exact_coord"},"geometry":{"type":"Point","coordinates":[138.849752,35.100643]}},{"type":"Feature","properties":{"layer_id":"cafe_restaurant","name":"ココス大岡店","category":"food","address":"静岡県沼津市大岡１３７５－１","source":"厚生労働省 食品衛生申請等システム（オープンデータ）","municipality_code":"22203","municipality_pref":"静岡県","municipality_name":"沼津市","municipality_code_method":"food_exact_coord"},"geometry":{"type":"Point","coordinates":[138.882746,35.121268]}},{"type":"Feature","properties":{"layer_id":"cafe_restaurant","name":"ココス　沼津インター店","category":"food","address":"静岡県沼津市岡宮１２４９－８","source":"厚生労働省 食品衛生申請等システム（オープンデータ）","municipality_code":"22203","municipality_pref":"静岡県","municipality_name":"沼津市","municipality_code_method":"food_exact_coord"},"geometry":{"type":"Point","coordinates":[138.872328,35.135479]}},{"type":"Feature","properties":{"layer_id":"cafe_restaurant","name":"大阪たこ焼き　しあわせや","category":"food","address":"静岡県沼津市東原２１０－１－５０２","source":"厚生労働省 食品衛生申請等システム（オープンデータ）","municipality_code":"22203","municipality_pref":"静岡県","municipality_name":"沼津市","municipality_code_method":"food_exact_coord"},"geometry":{"type":"Point","coordinates":[138.819838,35.128722]}},{"type":"Feature","properties":{"layer_id":"cafe_restaurant","name":"Merci","category":"food","address":"静岡県沼津市御幸町17-15","source":"厚生労働省 食品衛生申請等システム（オープンデータ）","municipality_code":"22203","municipality_pref":"静岡県","municipality_name":"沼津市","municipality_code_method":"food_exact_coord"},"geometry":{"type":"Point","coordinates":[138.863262,35.095278]}},{"type":"Feature","properties":{"layer_id":"cafe_restaurant","name":"そばてらす　ＳＥＩＹＡ","category":"food","address":"静岡県沼津市御幸町９－２６","source":"厚生労働省 食品衛生申請等システム（オープンデータ）","municipality_code":"22203","municipality_pref":"静岡県","municipality_name":"沼津市","municipality_code_method":"food_exact_coord"},"geometry":{"type":"Point","coordinates":[138.86686079,35.097017281]}},{"type":"Feature","properties":{"layer_id":"cafe_restaurant","name":"GLITCH","category":"food","address":"静岡県沼津市大手町2丁目7-19 B1F","source":"厚生労働省 食品衛生申請等システム（オープンデータ）","municipality_code":"22203","municipality_pref":"静岡県","municipality_name":"沼津市","municipality_code_method":"food_exact_coord"},"geometry":{"type":"Point","coordinates":[138.862091,35.100599]}},{"type":"Feature","properties":{"layer_id":"cafe_restaurant","name":"まるのば","category":"food","address":"静岡県沼津市大平1662","source":"厚生労働省 食品衛生申請等システム（オープンデータ）","municipality_code":"22203","municipality_pref":"静岡県","municipality_name":"沼津市","municipality_code_method":"food_exact_coord"},"geometry":{"type":"Point","coordinates":[138.909303,35.075185]}},{"type":"Feature","properties":{"layer_id":"cafe_restaurant","name":"丸味家","category":"food","address":"静岡県沼津市多比３７４－３６","source":"厚生労働省 食品衛生申請等システム（オープンデータ）","municipality_code":"22203","municipality_pref":"静岡県","municipality_name":"沼津市","municipality_code_method":"food_exact_coord"},"geometry":{"type":"Point","coordinates":[138.902624,35.050708]}},{"type":"Feature","properties":{"layer_id":"cafe_restaurant","name":"ファミリーマート　沼津新沢田町店","category":"food","address":"静岡県沼津市新沢田町187番地２","source":"厚生労働省 食品衛生申請等システム（オープンデータ）","municipality_code":"22203","municipality_pref":"静岡県","municipality_name":"沼津市","municipality_code_method":"food_exact_coord"},"geometry":{"type":"Point","coordinates":[138.852685,35.117024]}},{"type":"Feature","properties":{"layer_id":"cafe_restaurant","name":"かもめの台所（とんかつ・定食）","category":"food","address":"静岡県沼津市根古屋９９８－２７ 駿河湾沼津サービスエリア上り線内","source":"厚生労働省 食品衛生申請等システム（オープンデータ）","municipality_code":"22203","municipality_pref":"静岡県","municipality_name":"沼津市","municipality_code_method":"food_exact_coord"},"geometry":{"type":"Point","coordinates":[138.805495,35.154664]}},{"type":"Feature","properties":{"layer_id":"cafe_restaurant","name":"一滴屋","category":"food","address":"静岡県沼津市根古屋９９８－２７ 新東名高速道路駿河湾沼津サービスエリア上り線内","source":"厚生労働省 食品衛生申請等システム（オープンデータ）","municipality_code":"22203","municipality_pref":"静岡県","municipality_name":"沼津市","municipality_code_method":"food_exact_coord"},"geometry":{"type":"Point","coordinates":[138.805495,35.154664]}},{"type":"Feature","properties":{"layer_id":"cafe_restaurant","name":"駿河庵","category":"food","address":"静岡県沼津市根古屋９９８－２７ 新東名高速道路駿河湾沼津サービスエリア上り線内","source":"厚生労働省 食品衛生申請等システム（オープンデータ）","municipality_code":"22203","municipality_pref":"静岡県","municipality_name":"沼津市","municipality_code_method":"food_exact_coord"},"geometry":{"type":"Point","coordinates":[138.805495,35.154664]}},{"type":"Feature","properties":{"layer_id":"cafe_restaurant","name":"かもめの台所（唐揚げ）","category":"food","address":"静岡県沼津市根古屋９９８－２７ 新東名高速道路駿河湾沼津サービスエリア上り線内","source":"厚生労働省 食品衛生申請等システム（オープンデータ）","municipality_code":"22203","municipality_pref":"静岡県","municipality_name":"沼津市","municipality_code_method":"food_exact_coord"},"geometry":{"type":"Point","coordinates":[138.805495,35.154664]}},{"type":"Feature","properties":{"layer_id":"cafe_restaurant","name":"さかやのくりや","category":"food","address":"静岡県沼津市多比６７５－１７","source":"厚生労働省 食品衛生申請等システム（オープンデータ）","municipality_code":"22203","municipality_pref":"静岡県","municipality_name":"沼津市","municipality_code_method":"food_exact_coord"},"geometry":{"type":"Point","coordinates":[138.903166,35.054413]}},{"type":"Feature","properties":{"layer_id":"cafe_restaurant","name":"民芸茶房　あずみ野","category":"food","address":"静岡県沼津市下香貫島郷２９７６－２","source":"厚生労働省 食品衛生申請等システム（オープンデータ）","municipality_code":"22203","municipality_pref":"静岡県","municipality_name":"沼津市","municipality_code_method":"food_exact_coord"},"geometry":{"type":"Point","coordinates":[138.87803,35.078706]}},{"type":"Feature","properties":{"layer_id":"cafe_restaurant","name":"J＆D","category":"food","address":"静岡県沼津市高島町２２－１６","source":"厚生労働省 食品衛生申請等システム（オープンデータ）","municipality_code":"22203","municipality_pref":"静岡県","municipality_name":"沼津市","municipality_code_method":"food_exact_coord"},"geometry":{"type":"Point","coordinates":[138.857417,35.105381]}},{"type":"Feature","properties":{"layer_id":"cafe_restaurant","name":"株式会社クリエイティブ沼津南陽光園","category":"food","address":"静岡県沼津市下香貫２９８５－１","source":"厚生労働省 食品衛生申請等システム（オープンデータ）","municipality_code":"22203","municipality_pref":"静岡県","municipality_name":"沼津市","municipality_code_method":"food_exact_coord"},"geometry":{"type":"Point","coordinates":[138.87803,35.078706]}},{"type":"Feature","properties":{"layer_id":"cafe_restaurant","name":"株式会社クリエイティブ　青空","category":"food","address":"静岡県沼津市小諏訪１５－１","source":"厚生労働省 食品衛生申請等システム（オープンデータ）","municipality_code":"22203","municipality_pref":"静岡県","municipality_name":"沼津市","municipality_code_method":"food_exact_coord"},"geometry":{"type":"Point","coordinates":[138.837111,35.108062]}},{"type":"Feature","properties":{"layer_id":"cafe_restaurant","name":"株式会社クリエイティブ　アージェントきせがわ","category":"food","address":"静岡県沼津市大岡１１５２ アージェントきせがわ内","source":"厚生労働省 食品衛生申請等システム（オープンデータ）","municipality_code":"22203","municipality_pref":"静岡県","municipality_name":"沼津市","municipality_code_method":"food_exact_coord"},"geometry":{"type":"Point","coordinates":[138.882746,35.121268]}},{"type":"Feature","properties":{"layer_id":"cafe_restaurant","name":"株式会社クリエイティブ　アージェント千本","category":"food","address":"静岡県沼津市千本西町４０ アージェント千本内","source":"厚生労働省 食品衛生申請等システム（オープンデータ）","municipality_code":"22203","municipality_pref":"静岡県","municipality_name":"沼津市","municipality_code_method":"food_exact_coord"},"geometry":{"type":"Point","coordinates":[138.854852,35.086171]}},{"type":"Feature","properties":{"layer_id":"cafe_restaurant","name":"株式会社クリエイティブ　ココファミリア沼津事業所","category":"food","address":"静岡県沼津市岡宮９９１－３０","source":"厚生労働省 食品衛生申請等システム（オープンデータ）","municipality_code":"22203","municipality_pref":"静岡県","municipality_name":"沼津市","municipality_code_method":"food_exact_coord"},"geometry":{"type":"Point","coordinates":[138.867815,35.134492]}},{"type":"Feature","properties":{"layer_id":"cafe_restaurant","name":"とさわや旅館","category":"food","address":"静岡県沼津市内浦三津８８－１５","source":"厚生労働省 食品衛生申請等システム（オープンデータ）","municipality_code":"22203","municipality_pref":"静岡県","municipality_name":"沼津市","municipality_code_method":"food_exact_coord"},"geometry":{"type":"Point","coordinates":[138.90523,35.023798]}},{"type":"Feature","properties":{"layer_id":"cafe_restaurant","name":"ファミリーマート沼津下香貫店","category":"food","address":"静岡県沼津市下香貫2973‐6","source":"厚生労働省 食品衛生申請等システム（オープンデータ）","municipality_code":"22203","municipality_pref":"静岡県","municipality_name":"沼津市","municipality_code_method":"food_exact_coord"},"geometry":{"type":"Point","coordinates":[138.871606,35.077989]}},{"type":"Feature","properties":{"layer_id":"cafe_restaurant","name":"海人","category":"food","address":"静岡県沼津市下香貫上障子３７０－１","source":"厚生労働省 食品衛生申請等システム（オープンデータ）","municipality_code":"22203","municipality_pref":"静岡県","municipality_name":"沼津市","municipality_code_method":"food_exact_coord"},"geometry":{"type":"Point","coordinates":[138.87803,35.078706]}},{"type":"Feature","properties":{"layer_id":"cafe_restaurant","name":"時代","category":"food","address":"静岡県沼津市下香貫汐入２１８５－８","source":"厚生労働省 食品衛生申請等システム（オープンデータ）","municipality_code":"22203","municipality_pref":"静岡県","municipality_name":"沼津市","municipality_code_method":"food_exact_coord"},"geometry":{"type":"Point","coordinates":[138.87803,35.078706]}},{"type":"Feature","properties":{"layer_id":"cafe_restaurant","name":"らあめんや","category":"food","address":"静岡県沼津市下香貫下障子３１４４－１","source":"厚生労働省 食品衛生申請等システム（オープンデータ）","municipality_code":"22203","municipality_pref":"静岡県","municipality_name":"沼津市","municipality_code_method":"food_exact_coord"},"geometry":{"type":"Point","coordinates":[138.87803,35.078706]}},{"type":"Feature","properties":{"layer_id":"cafe_restaurant","name":"ぐり茶の五十鈴園","category":"food","address":"静岡県沼津市千本港町１１７","source":"厚生労働省 食品衛生申請等システム（オープンデータ）","municipality_code":"22203","municipality_pref":"静岡県","municipality_name":"沼津市","municipality_code_method":"food_exact_coord"},"geometry":{"type":"Point","coordinates":[138.857888,35.08368]}},{"type":"Feature","properties":{"layer_id":"cafe_restaurant","name":"咲来","category":"food","address":"静岡県沼津市西島町１－３３","source":"厚生労働省 食品衛生申請等システム（オープンデータ）","municipality_code":"22203","municipality_pref":"静岡県","municipality_name":"沼津市","municipality_code_method":"food_exact_coord"},"geometry":{"type":"Point","coordinates":[138.862621146,35.088206861]}},{"type":"Feature","properties":{"layer_id":"cafe_restaurant","name":"六文銭","category":"food","address":"静岡県沼津市下香貫木ノ宮８７１－２","source":"厚生労働省 食品衛生申請等システム（オープンデータ）","municipality_code":"22203","municipality_pref":"静岡県","municipality_name":"沼津市","municipality_code_method":"food_exact_coord"},"geometry":{"type":"Point","coordinates":[138.87803,35.078706]}},{"type":"Feature","properties":{"layer_id":"cafe_restaurant","name":"忠次朗","category":"food","address":"静岡県沼津市下香貫八重３８－１","source":"厚生労働省 食品衛生申請等システム（オープンデータ）","municipality_code":"22203","municipality_pref":"静岡県","municipality_name":"沼津市","municipality_code_method":"food_exact_coord"},"geometry":{"type":"Point","coordinates":[138.87803,35.078706]}},{"type":"Feature","properties":{"layer_id":"cafe_restaurant","name":"ほっともっと沼津下香貫店","category":"food","address":"静岡県沼津市下香貫藤井原１６４６－３","source":"厚生労働省 食品衛生申請等システム（オープンデータ）","municipality_code":"22203","municipality_pref":"静岡県","municipality_name":"沼津市","municipality_code_method":"food_exact_coord"},"geometry":{"type":"Point","coordinates":[138.87803,35.078706]}},{"type":"Feature","properties":{"layer_id":"cafe_restaurant","name":"ほっともっと　沼津北高島町店","category":"food","address":"静岡県沼津市北高島町５－３","source":"厚生労働省 食品衛生申請等システム（オープンデータ）","municipality_code":"22203","municipality_pref":"静岡県","municipality_name":"沼津市","municipality_code_method":"food_exact_coord"},"geometry":{"type":"Point","coordinates":[138.859406904,35.112550114]}},{"type":"Feature","properties":{"layer_id":"cafe_restaurant","name":"きっちん　なごみ","category":"food","address":"静岡県沼津市下香貫藤井原１６１９－６","source":"厚生労働省 食品衛生申請等システム（オープンデータ）","municipality_code":"22203","municipality_pref":"静岡県","municipality_name":"沼津市","municipality_code_method":"food_exact_coord"},"geometry":{"type":"Point","coordinates":[138.87803,35.078706]}},{"type":"Feature","properties":{"layer_id":"cafe_restaurant","name":"鳥王","category":"food","address":"静岡県沼津市下香貫上障子４１２","source":"厚生労働省 食品衛生申請等システム（オープンデータ）","municipality_code":"22203","municipality_pref":"静岡県","municipality_name":"沼津市","municipality_code_method":"food_exact_coord"},"geometry":{"type":"Point","coordinates":[138.87803,35.078706]}},{"type":"Feature","properties":{"layer_id":"cafe_restaurant","name":"クレープたろぉ","category":"food","address":"静岡県沼津市西椎路561-2","source":"厚生労働省 食品衛生申請等システム（オープンデータ）","municipality_code":"22203","municipality_pref":"静岡県","municipality_name":"沼津市","municipality_code_method":"food_exact_coord"},"geometry":{"type":"Point","coordinates":[138.830903,35.127844]}},{"type":"Feature","properties":{"layer_id":"cafe_restaurant","name":"沼津　平町ごはん","category":"food","address":"静岡県沼津市平町１８－１１","source":"厚生労働省 食品衛生申請等システム（オープンデータ）","municipality_code":"22203","municipality_pref":"静岡県","municipality_name":"沼津市","municipality_code_method":"food_exact_coord"},"geometry":{"type":"Point","coordinates":[138.868424,35.099703]}},{"type":"Feature","properties":{"layer_id":"cafe_restaurant","name":"大川売店","category":"food","address":"静岡県沼津市西浦大瀬３３４","source":"厚生労働省 食品衛生申請等システム（オープンデータ）","municipality_code":"22203","municipality_pref":"静岡県","municipality_name":"沼津市","municipality_code_method":"food_exact_coord"},"geometry":{"type":"Point","coordinates":[138.853202,35.016634]}},{"type":"Feature","properties":{"layer_id":"cafe_restaurant","name":"お好み焼き道とん堀　沼津リコー通り店","category":"food","address":"静岡県沼津市江原町１７－４５","source":"厚生労働省 食品衛生申請等システム（オープンデータ）","municipality_code":"22203","municipality_pref":"静岡県","municipality_name":"沼津市","municipality_code_method":"food_exact_coord"},"geometry":{"type":"Point","coordinates":[138.860351095,35.120627508]}},{"type":"Feature","properties":{"layer_id":"cafe_restaurant","name":"有限会社　牛山精肉店","category":"food","address":"静岡県沼津市三園町１０－２１","source":"厚生労働省 食品衛生申請等システム（オープンデータ）","municipality_code":"22203","municipality_pref":"静岡県","municipality_name":"沼津市","municipality_code_method":"food_exact_coord"},"geometry":{"type":"Point","coordinates":[138.86706006300003,35.087879857]}},{"type":"Feature","properties":{"layer_id":"cafe_restaurant","name":"和ビストロおばんざい向日葵","category":"food","address":"静岡県沼津市大手町5-8-8 ハチハチビル１F東側","source":"厚生労働省 食品衛生申請等システム（オープンデータ）","municipality_code":"22203","municipality_pref":"静岡県","municipality_name":"沼津市","municipality_code_method":"food_exact_coord"},"geometry":{"type":"Point","coordinates":[138.857968,35.100744]}},{"type":"Feature","properties":{"layer_id":"cafe_restaurant","name":"セブンイレブン沼津西島町店","category":"food","address":"静岡県沼津市西島町１８－１","source":"厚生労働省 食品衛生申請等システム（オープンデータ）","municipality_code":"22203","municipality_pref":"静岡県","municipality_name":"沼津市","municipality_code_method":"food_exact_coord"},"geometry":{"type":"Point","coordinates":[138.863993,35.084786]}},{"type":"Feature","properties":{"layer_id":"cafe_restaurant","name":"あおゆず","category":"food","address":"静岡県沼津市西島町１２－１ 松友ビル１Ｆ","source":"厚生労働省 食品衛生申請等システム（オープンデータ）","municipality_code":"22203","municipality_pref":"静岡県","municipality_name":"沼津市","municipality_code_method":"food_exact_coord"},"geometry":{"type":"Point","coordinates":[138.863911675,35.086728199]}},{"type":"Feature","properties":{"layer_id":"cafe_restaurant","name":"ROUTE ONE KITCHEN","category":"food","address":"静岡県沼津市岡宮74-4 1階","source":"厚生労働省 食品衛生申請等システム（オープンデータ）","municipality_code":"22203","municipality_pref":"静岡県","municipality_name":"沼津市","municipality_code_method":"food_exact_coord"},"geometry":{"type":"Point","coordinates":[138.864848,35.12148]}},{"type":"Feature","properties":{"layer_id":"cafe_restaurant","name":"港食堂","category":"food","address":"静岡県沼津市千本港町１２８－１ 沼津みなと新鮮館内","source":"厚生労働省 食品衛生申請等システム（オープンデータ）","municipality_code":"22203","municipality_pref":"静岡県","municipality_name":"沼津市","municipality_code_method":"food_exact_coord"},"geometry":{"type":"Point","coordinates":[138.857276,35.082397]}},{"type":"Feature","properties":{"layer_id":"cafe_restaurant","name":"roots","category":"food","address":"静岡県沼津市千本西町１８－２","source":"厚生労働省 食品衛生申請等システム（オープンデータ）","municipality_code":"22203","municipality_pref":"静岡県","municipality_name":"沼津市","municipality_code_method":"food_exact_coord"},"geometry":{"type":"Point","coordinates":[138.854852,35.087476]}},{"type":"Feature","properties":{"layer_id":"cafe_restaurant","name":"サンライズ大瀬","category":"food","address":"静岡県沼津市西浦江梨９９３","source":"厚生労働省 食品衛生申請等システム（オープンデータ）","municipality_code":"22203","municipality_pref":"静岡県","municipality_name":"沼津市","municipality_code_method":"food_exact_coord"},"geometry":{"type":"Point","coordinates":[138.800169,35.01328]}},{"type":"Feature","properties":{"layer_id":"cafe_restaurant","name":"サンライズ　あねっくす","category":"food","address":"静岡県沼津市西浦江梨９１８－１","source":"厚生労働省 食品衛生申請等システム（オープンデータ）","municipality_code":"22203","municipality_pref":"静岡県","municipality_name":"沼津市","municipality_code_method":"food_exact_coord"},"geometry":{"type":"Point","coordinates":[138.800169,35.01328]}},{"type":"Feature","properties":{"layer_id":"cafe_restaurant","name":"ハナマルキ醸造　麹　研究室","category":"food","address":"静岡県沼津市足高２０２","source":"厚生労働省 食品衛生申請等システム（オープンデータ）","municipality_code":"22203","municipality_pref":"静岡県","municipality_name":"沼津市","municipality_code_method":"food_exact_coord"},"geometry":{"type":"Point","coordinates":[138.851666,35.156992]}},{"type":"Feature","properties":{"layer_id":"cafe_restaurant","name":"Ozi3","category":"food","address":"静岡県沼津市高島町22-12 北口銀座1F3","source":"厚生労働省 食品衛生申請等システム（オープンデータ）","municipality_code":"22203","municipality_pref":"静岡県","municipality_name":"沼津市","municipality_code_method":"food_exact_coord"},"geometry":{"type":"Point","coordinates":[138.857286,35.105305]}},{"type":"Feature","properties":{"layer_id":"cafe_restaurant","name":"呼炉凪来　沼津店","category":"food","address":"静岡県沼津市大手町1-1-3 沼津産業ビルB1F","source":"厚生労働省 食品衛生申請等システム（オープンデータ）","municipality_code":"22203","municipality_pref":"静岡県","municipality_name":"沼津市","municipality_code_method":"food_exact_coord"},"geometry":{"type":"Point","coordinates":[138.860792,35.102276]}},{"type":"Feature","properties":{"layer_id":"cafe_restaurant","name":"セブン‐イレブン沼津一本松店","category":"food","address":"静岡県沼津市一本松４６８－１","source":"厚生労働省 食品衛生申請等システム（オープンデータ）","municipality_code":"22203","municipality_pref":"静岡県","municipality_name":"沼津市","municipality_code_method":"food_exact_coord"},"geometry":{"type":"Point","coordinates":[138.781837,35.130333]}},{"type":"Feature","properties":{"layer_id":"cafe_restaurant","name":"セブンイレブン沼津今沢店","category":"food","address":"静岡県沼津市今沢５０８－３６","source":"厚生労働省 食品衛生申請等システム（オープンデータ）","municipality_code":"22203","municipality_pref":"静岡県","municipality_name":"沼津市","municipality_code_method":"food_exact_coord"},"geometry":{"type":"Point","coordinates":[138.815624,35.122028]}},{"type":"Feature","properties":{"layer_id":"cafe_restaurant","name":"天空庵","category":"food","address":"静岡県沼津市西浦河内189-1","source":"厚生労働省 食品衛生申請等システム（オープンデータ）","municipality_code":"22203","municipality_pref":"静岡県","municipality_name":"沼津市","municipality_code_method":"food_exact_coord"},"geometry":{"type":"Point","coordinates":[138.871001,35.010434]}},{"type":"Feature","properties":{"layer_id":"cafe_restaurant","name":"かさねや沼津・三島店／肉メシドットコム沼津・三島店","category":"food","address":"静岡県沼津市東熊堂４８４－１ 中川分店第二ビル１階北２号","source":"厚生労働省 食品衛生申請等システム（オープンデータ）","municipality_code":"22203","municipality_pref":"静岡県","municipality_name":"沼津市","municipality_code_method":"food_exact_coord"},"geometry":{"type":"Point","coordinates":[138.86152,35.122894]}},{"type":"Feature","properties":{"layer_id":"cafe_restaurant","name":"Pieces...","category":"food","address":"静岡県沼津市添地町121 いずみ産業ビル1F東","source":"厚生労働省 食品衛生申請等システム（オープンデータ）","municipality_code":"22203","municipality_pref":"静岡県","municipality_name":"沼津市","municipality_code_method":"food_exact_coord"},"geometry":{"type":"Point","coordinates":[138.856053,35.101021]}},{"type":"Feature","properties":{"layer_id":"cafe_restaurant","name":"山歩倶楽部","category":"food","address":"静岡県沼津市本錦町673-2","source":"厚生労働省 食品衛生申請等システム（オープンデータ）","municipality_code":"22203","municipality_pref":"静岡県","municipality_name":"沼津市","municipality_code_method":"food_exact_coord"},"geometry":{"type":"Point","coordinates":[138.850187,35.101245]}},{"type":"Feature","properties":{"layer_id":"cafe_restaurant","name":"えんカウンター","category":"food","address":"静岡県沼津市庄栄町10-31","source":"厚生労働省 食品衛生申請等システム（オープンデータ）","municipality_code":"22203","municipality_pref":"静岡県","municipality_name":"沼津市","municipality_code_method":"food_exact_coord"},"geometry":{"type":"Point","coordinates":[138.8625265,35.110322]}},{"type":"Feature","properties":{"layer_id":"cafe_restaurant","name":"ジャパンフード株式会社明電舎神田寮事業所","category":"food","address":"静岡県沼津市神田町1-20","source":"厚生労働省 食品衛生申請等システム（オープンデータ）","municipality_code":"22203","municipality_pref":"静岡県","municipality_name":"沼津市","municipality_code_method":"food_exact_coord"},"geometry":{"type":"Point","coordinates":[138.865167,35.116846]}},{"type":"Feature","properties":{"layer_id":"cafe_restaurant","name":"イタリアンレストラン伊太楼","category":"food","address":"静岡県沼津市高島町９－９ イタロービル１階","source":"厚生労働省 食品衛生申請等システム（オープンデータ）","municipality_code":"22203","municipality_pref":"静岡県","municipality_name":"沼津市","municipality_code_method":"food_exact_coord"},"geometry":{"type":"Point","coordinates":[138.860452,35.104628]}},{"type":"Feature","properties":{"layer_id":"cafe_restaurant","name":"彩食茶の間　Ｃｏｏ沼津店","category":"food","address":"静岡県沼津市新宿町１－１８ 名菓堂ビル１Ｆ","source":"厚生労働省 食品衛生申請等システム（オープンデータ）","municipality_code":"22203","municipality_pref":"静岡県","municipality_name":"沼津市","municipality_code_method":"food_exact_coord"},"geometry":{"type":"Point","coordinates":[138.859168,35.105932]}},{"type":"Feature","properties":{"layer_id":"cafe_restaurant","name":"Ｋａｒａｏｋｅ Ｂａｒ ＬｅｖｅＬ","category":"food","address":"静岡県沼津市高島町４－８ わきのビル２Ｆ","source":"厚生労働省 食品衛生申請等システム（オープンデータ）","municipality_code":"22203","municipality_pref":"静岡県","municipality_name":"沼津市","municipality_code_method":"food_exact_coord"},"geometry":{"type":"Point","coordinates":[138.858934,35.105295]}},{"type":"Feature","properties":{"layer_id":"cafe_restaurant","name":"焼肉ダイニング太陽","category":"food","address":"静岡県沼津市町方町６","source":"厚生労働省 食品衛生申請等システム（オープンデータ）","municipality_code":"22203","municipality_pref":"静岡県","municipality_name":"沼津市","municipality_code_method":"food_exact_coord"},"geometry":{"type":"Point","coordinates":[138.857902,35.098101]}},{"type":"Feature","properties":{"layer_id":"cafe_restaurant","name":"hoponopono","category":"food","address":"静岡県沼津市東椎路821-1","source":"厚生労働省 食品衛生申請等システム（オープンデータ）","municipality_code":"22203","municipality_pref":"静岡県","municipality_name":"沼津市","municipality_code_method":"food_exact_coord"},"geometry":{"type":"Point","coordinates":[138.833381,35.122855]}},{"type":"Feature","properties":{"layer_id":"cafe_restaurant","name":"Love and Harmonyカレーパン屋さん","category":"food","address":"静岡県沼津市高尾台１６－３","source":"厚生労働省 食品衛生申請等システム（オープンデータ）","municipality_code":"22203","municipality_pref":"静岡県","municipality_name":"沼津市","municipality_code_method":"food_exact_coord"},"geometry":{"type":"Point","coordinates":[138.860495,35.135863]}},{"type":"Feature","properties":{"layer_id":"cafe_restaurant","name":"華味","category":"food","address":"静岡県沼津市大手町5-4-11","source":"厚生労働省 食品衛生申請等システム（オープンデータ）","municipality_code":"22203","municipality_pref":"静岡県","municipality_name":"沼津市","municipality_code_method":"food_exact_coord"},"geometry":{"type":"Point","coordinates":[138.858312,35.100066]}},{"type":"Feature","properties":{"layer_id":"cafe_restaurant","name":"EncoRe","category":"food","address":"静岡県沼津市平沼７５３－１０","source":"厚生労働省 食品衛生申請等システム（オープンデータ）","municipality_code":"22203","municipality_pref":"静岡県","municipality_name":"沼津市","municipality_code_method":"food_exact_coord"},"geometry":{"type":"Point","coordinates":[138.786012,35.149347]}},{"type":"Feature","properties":{"layer_id":"cafe_restaurant","name":"大翔水産　沼津港店","category":"food","address":"静岡県沼津市千本港町１２８－１ 沼津みなと新鮮館内","source":"厚生労働省 食品衛生申請等システム（オープンデータ）","municipality_code":"22203","municipality_pref":"静岡県","municipality_name":"沼津市","municipality_code_method":"food_exact_coord"},"geometry":{"type":"Point","coordinates":[138.856897,35.083984]}},{"type":"Feature","properties":{"layer_id":"cafe_restaurant","name":"ピザハット西友沼津店","category":"food","address":"静岡県沼津市大岡1330-1 西友沼津店内","source":"厚生労働省 食品衛生申請等システム（オープンデータ）","municipality_code":"22203","municipality_pref":"静岡県","municipality_name":"沼津市","municipality_code_method":"food_exact_coord"},"geometry":{"type":"Point","coordinates":[138.875174,35.101963]}},{"type":"Feature","properties":{"layer_id":"cafe_restaurant","name":"Xcount Kitchen","category":"food","address":"静岡県沼津市米山町11-10","source":"厚生労働省 食品衛生申請等システム（オープンデータ）","municipality_code":"22203","municipality_pref":"静岡県","municipality_name":"沼津市","municipality_code_method":"food_exact_coord"},"geometry":{"type":"Point","coordinates":[138.862715,35.10882]}},{"type":"Feature","properties":{"layer_id":"cafe_restaurant","name":"Luana Delivery","category":"food","address":"静岡県沼津市原1804 鈴木ビル1F北","source":"厚生労働省 食品衛生申請等システム（オープンデータ）","municipality_code":"22203","municipality_pref":"静岡県","municipality_name":"沼津市","municipality_code_method":"food_exact_coord"},"geometry":{"type":"Point","coordinates":[138.802339,35.131287]}},{"type":"Feature","properties":{"layer_id":"cafe_restaurant","name":"幸楽苑　沼津西沢田店","category":"food","address":"静岡県沼津市西沢田２５５－１","source":"厚生労働省 食品衛生申請等システム（オープンデータ）","municipality_code":"22203","municipality_pref":"静岡県","municipality_name":"沼津市","municipality_code_method":"food_exact_coord"},"geometry":{"type":"Point","coordinates":[138.843552,35.117564]}},{"type":"Feature","properties":{"layer_id":"cafe_restaurant","name":"さかな酒場　魚星　沼津南口店","category":"food","address":"静岡県沼津市大手町5－9－21 マルトモビルディングB1","source":"厚生労働省 食品衛生申請等システム（オープンデータ）","municipality_code":"22203","municipality_pref":"静岡県","municipality_name":"沼津市","municipality_code_method":"food_exact_coord"},"geometry":{"type":"Point","coordinates":[138.858106,35.101474]}},{"type":"Feature","properties":{"layer_id":"cafe_restaurant","name":"じんべー","category":"food","address":"静岡県沼津市西条町１２７","source":"厚生労働省 食品衛生申請等システム（オープンデータ）","municipality_code":"22203","municipality_pref":"静岡県","municipality_name":"沼津市","municipality_code_method":"food_exact_coord"},"geometry":{"type":"Point","coordinates":[138.85426178,35.100699926]}},{"type":"Feature","properties":{"layer_id":"cafe_restaurant","name":"どんどん沼北店","category":"food","address":"静岡県沼津市沼北町２－１９－１３","source":"厚生労働省 食品衛生申請等システム（オープンデータ）","municipality_code":"22203","municipality_pref":"静岡県","municipality_name":"沼津市","municipality_code_method":"food_exact_coord"},"geometry":{"type":"Point","coordinates":[138.852861,35.115878]}},{"type":"Feature","properties":{"layer_id":"cafe_restaurant","name":"麺家　むら田","category":"food","address":"静岡県沼津市沼北町１－１８－１８","source":"厚生労働省 食品衛生申請等システム（オープンデータ）","municipality_code":"22203","municipality_pref":"静岡県","municipality_name":"沼津市","municipality_code_method":"food_exact_coord"},"geometry":{"type":"Point","coordinates":[138.85466305,35.116143633]}},{"type":"Feature","properties":{"layer_id":"cafe_restaurant","name":"三和ららぽーと沼津店","category":"food","address":"静岡県沼津市東椎路３０１－３ ららぽーと沼津１３０２０","source":"厚生労働省 食品衛生申請等システム（オープンデータ）","municipality_code":"22203","municipality_pref":"静岡県","municipality_name":"沼津市","municipality_code_method":"food_exact_coord"},"geometry":{"type":"Point","coordinates":[138.837145,35.128607]}},{"type":"Feature","properties":{"layer_id":"cafe_restaurant","name":"サーティワンアイスクリーム　ららぽーと沼津店","category":"food","address":"静岡県沼津市東椎路３０１－３ ららぽーと沼津１０１４０","source":"厚生労働省 食品衛生申請等システム（オープンデータ）","municipality_code":"22203","municipality_pref":"静岡県","municipality_name":"沼津市","municipality_code_method":"food_exact_coord"},"geometry":{"type":"Point","coordinates":[138.837145,35.128607]}},{"type":"Feature","properties":{"layer_id":"cafe_restaurant","name":"シネマサンシャインららぽーと沼津","category":"food","address":"静岡県沼津市東椎路３０１－３ ららぽーと沼津３階　３６０１０","source":"厚生労働省 食品衛生申請等システム（オープンデータ）","municipality_code":"22203","municipality_pref":"静岡県","municipality_name":"沼津市","municipality_code_method":"food_exact_coord"},"geometry":{"type":"Point","coordinates":[138.841906,35.120419]}},{"type":"Feature","properties":{"layer_id":"cafe_restaurant","name":"伊豆高原ケニーズハウスカフェ　ららぽーと沼津店","category":"food","address":"静岡県沼津市東椎路３０１－３ ららぽーと沼津　１５０２０","source":"厚生労働省 食品衛生申請等システム（オープンデータ）","municipality_code":"22203","municipality_pref":"静岡県","municipality_name":"沼津市","municipality_code_method":"food_exact_coord"},"geometry":{"type":"Point","coordinates":[138.841906,35.120419]}},{"type":"Feature","properties":{"layer_id":"cafe_restaurant","name":"ＫＥＮＮＹ’Ｓ　ソフト＆ジェラートスタンド","category":"food","address":"静岡県沼津市東椎路３０１－３ ららぽーと沼津　３７０２５","source":"厚生労働省 食品衛生申請等システム（オープンデータ）","municipality_code":"22203","municipality_pref":"静岡県","municipality_name":"沼津市","municipality_code_method":"food_exact_coord"},"geometry":{"type":"Point","coordinates":[138.841906,35.120419]}},{"type":"Feature","properties":{"layer_id":"cafe_restaurant","name":"にし与","category":"food","address":"静岡県沼津市原１５３７－１","source":"厚生労働省 食品衛生申請等システム（オープンデータ）","municipality_code":"22203","municipality_pref":"静岡県","municipality_name":"沼津市","municipality_code_method":"food_exact_coord"},"geometry":{"type":"Point","coordinates":[138.801711,35.129935]}},{"type":"Feature","properties":{"layer_id":"cafe_restaurant","name":"松新","category":"food","address":"静岡県沼津市原1509-1","source":"厚生労働省 食品衛生申請等システム（オープンデータ）","municipality_code":"22203","municipality_pref":"静岡県","municipality_name":"沼津市","municipality_code_method":"food_exact_coord"},"geometry":{"type":"Point","coordinates":[138.802379,35.128234]}},{"type":"Feature","properties":{"layer_id":"cafe_restaurant","name":"沼津魚市場食堂","category":"food","address":"静岡県沼津市千本港町１２８－３","source":"厚生労働省 食品衛生申請等システム（オープンデータ）","municipality_code":"22203","municipality_pref":"静岡県","municipality_name":"沼津市","municipality_code_method":"food_exact_coord"},"geometry":{"type":"Point","coordinates":[138.857122,35.084105]}},{"type":"Feature","properties":{"layer_id":"cafe_restaurant","name":"バレルサウナ沼津","category":"food","address":"静岡県沼津市足高357-1","source":"厚生労働省 食品衛生申請等システム（オープンデータ）","municipality_code":"22203","municipality_pref":"静岡県","municipality_name":"沼津市","municipality_code_method":"food_exact_coord"},"geometry":{"type":"Point","coordinates":[138.860553,35.150049]}},{"type":"Feature","properties":{"layer_id":"cafe_restaurant","name":"SPYSea Curry&Sweets","category":"food","address":"静岡県沼津市大岡181-1","source":"厚生労働省 食品衛生申請等システム（オープンデータ）","municipality_code":"22203","municipality_pref":"静岡県","municipality_name":"沼津市","municipality_code_method":"food_exact_coord"},"geometry":{"type":"Point","coordinates":[138.886978,35.104432]}},{"type":"Feature","properties":{"layer_id":"cafe_restaurant","name":"鶏専門らーめん銀","category":"food","address":"静岡県沼津市柳町１－１２ ハイツ亀源１Ｆ","source":"厚生労働省 食品衛生申請等システム（オープンデータ）","municipality_code":"22203","municipality_pref":"静岡県","municipality_name":"沼津市","municipality_code_method":"food_exact_coord"},"geometry":{"type":"Point","coordinates":[138.861207421,35.116604261]}},{"type":"Feature","properties":{"layer_id":"cafe_restaurant","name":"アクアガーデン迎賓館沼津","category":"food","address":"静岡県沼津市米山町３－１","source":"厚生労働省 食品衛生申請等システム（オープンデータ）","municipality_code":"22203","municipality_pref":"静岡県","municipality_name":"沼津市","municipality_code_method":"food_exact_coord"},"geometry":{"type":"Point","coordinates":[138.862853509,35.105549466]}},{"type":"Feature","properties":{"layer_id":"cafe_restaurant","name":"本場台湾家庭料理　花","category":"food","address":"静岡県沼津市杉崎町１３－３２ 奈良橋ビル１Ｆ東２号","source":"厚生労働省 食品衛生申請等システム（オープンデータ）","municipality_code":"22203","municipality_pref":"静岡県","municipality_name":"沼津市","municipality_code_method":"food_exact_coord"},"geometry":{"type":"Point","coordinates":[138.865428,35.110364]}},{"type":"Feature","properties":{"layer_id":"cafe_restaurant","name":"萬来軒支店","category":"food","address":"静岡県沼津市柳町６－３８","source":"厚生労働省 食品衛生申請等システム（オープンデータ）","municipality_code":"22203","municipality_pref":"静岡県","municipality_name":"沼津市","municipality_code_method":"food_exact_coord"},"geometry":{"type":"Point","coordinates":[138.86341286300004,35.117952285]}},{"type":"Feature","properties":{"layer_id":"cafe_restaurant","name":"ラ・ボーテ","category":"food","address":"静岡県沼津市筒井町１６－２","source":"厚生労働省 食品衛生申請等システム（オープンデータ）","municipality_code":"22203","municipality_pref":"静岡県","municipality_name":"沼津市","municipality_code_method":"food_exact_coord"},"geometry":{"type":"Point","coordinates":[138.864649,35.119873]}},{"type":"Feature","properties":{"layer_id":"cafe_restaurant","name":"ＢＡＲ　げっつ","category":"food","address":"静岡県沼津市高島町２２－１２","source":"厚生労働省 食品衛生申請等システム（オープンデータ）","municipality_code":"22203","municipality_pref":"静岡県","municipality_name":"沼津市","municipality_code_method":"food_exact_coord"},"geometry":{"type":"Point","coordinates":[138.857155069,35.105357586]}},{"type":"Feature","properties":{"layer_id":"cafe_restaurant","name":"ｌｉｌｌ","category":"food","address":"静岡県沼津市高沢町１２－２５","source":"厚生労働省 食品衛生申請等システム（オープンデータ）","municipality_code":"22203","municipality_pref":"静岡県","municipality_name":"沼津市","municipality_code_method":"food_exact_coord"},"geometry":{"type":"Point","coordinates":[138.856101148,35.106471604]}},{"type":"Feature","properties":{"layer_id":"cafe_restaurant","name":"有限会社　大田呉服店　六花","category":"food","address":"静岡県沼津市柳町３－５１","source":"厚生労働省 食品衛生申請等システム（オープンデータ）","municipality_code":"22203","municipality_pref":"静岡県","municipality_name":"沼津市","municipality_code_method":"food_exact_coord"},"geometry":{"type":"Point","coordinates":[138.863955818,35.11698996]}},{"type":"Feature","properties":{"layer_id":"cafe_restaurant","name":"珈琲舎フレイバァ","category":"food","address":"静岡県沼津市大手町５－５－２１ 倉田ビル地下","source":"厚生労働省 食品衛生申請等システム（オープンデータ）","municipality_code":"22203","municipality_pref":"静岡県","municipality_name":"沼津市","municipality_code_method":"food_exact_coord"},"geometry":{"type":"Point","coordinates":[138.85845833300002,35.099907989]}},{"type":"Feature","properties":{"layer_id":"cafe_restaurant","name":"奥","category":"food","address":"静岡県沼津市大手町５－３－１０","source":"厚生労働省 食品衛生申請等システム（オープンデータ）","municipality_code":"22203","municipality_pref":"静岡県","municipality_name":"沼津市","municipality_code_method":"food_exact_coord"},"geometry":{"type":"Point","coordinates":[138.858585234,35.100580578]}},{"type":"Feature","properties":{"layer_id":"cafe_restaurant","name":"自然酒亭　安庵","category":"food","address":"静岡県沼津市大手町３－６－２７ ウチノビル１Ｆ","source":"厚生労働省 食品衛生申請等システム（オープンデータ）","municipality_code":"22203","municipality_pref":"静岡県","municipality_name":"沼津市","municipality_code_method":"food_exact_coord"},"geometry":{"type":"Point","coordinates":[138.860110844,35.100845806]}},{"type":"Feature","properties":{"layer_id":"cafe_restaurant","name":"ＥＲＯＳ","category":"food","address":"静岡県沼津市大手町３－６－１","source":"厚生労働省 食品衛生申請等システム（オープンデータ）","municipality_code":"22203","municipality_pref":"静岡県","municipality_name":"沼津市","municipality_code_method":"food_exact_coord"},"geometry":{"type":"Point","coordinates":[138.860180684,35.100957894]}},{"type":"Feature","properties":{"layer_id":"cafe_restaurant","name":"カラオケＣＬＵＢ　ＤＡＭ　沼津ラクーン店","category":"food","address":"静岡県沼津市大手町３－４－１ 沼津ラクーン５階","source":"厚生労働省 食品衛生申請等システム（オープンデータ）","municipality_code":"22203","municipality_pref":"静岡県","municipality_name":"沼津市","municipality_code_method":"food_exact_coord"},"geometry":{"type":"Point","coordinates":[138.859383977,35.101705999]}},{"type":"Feature","properties":{"layer_id":"cafe_restaurant","name":"アミスタ","category":"food","address":"静岡県沼津市大手町３－３－７ ホテルトレンド沼津駅前内","source":"厚生労働省 食品衛生申請等システム（オープンデータ）","municipality_code":"22203","municipality_pref":"静岡県","municipality_name":"沼津市","municipality_code_method":"food_exact_coord"},"geometry":{"type":"Point","coordinates":[138.860970957,35.101462774]}},{"type":"Feature","properties":{"layer_id":"cafe_restaurant","name":"和香","category":"food","address":"静岡県沼津市大手町２－８－１２ マミヤコーポ","source":"厚生労働省 食品衛生申請等システム（オープンデータ）","municipality_code":"22203","municipality_pref":"静岡県","municipality_name":"沼津市","municipality_code_method":"food_exact_coord"},"geometry":{"type":"Point","coordinates":[138.861926855,35.099827674]}},{"type":"Feature","properties":{"layer_id":"cafe_restaurant","name":"ラーメン屋さん満月","category":"food","address":"静岡県沼津市大手町１－２－７","source":"厚生労働省 食品衛生申請等システム（オープンデータ）","municipality_code":"22203","municipality_pref":"静岡県","municipality_name":"沼津市","municipality_code_method":"food_exact_coord"},"geometry":{"type":"Point","coordinates":[138.861325009,35.10264424]}},{"type":"Feature","properties":{"layer_id":"cafe_restaurant","name":"Ｒｏｃｏ　Ｈｏｕｓｅ","category":"food","address":"静岡県沼津市大手町１－２－１ フォーラム壱番館Ｂ１","source":"厚生労働省 食品衛生申請等システム（オープンデータ）","municipality_code":"22203","municipality_pref":"静岡県","municipality_name":"沼津市","municipality_code_method":"food_exact_coord"},"geometry":{"type":"Point","coordinates":[138.861233941,35.102195728]}},{"type":"Feature","properties":{"layer_id":"cafe_restaurant","name":"焼肉　明日香","category":"food","address":"静岡県沼津市緑ケ丘５－１ １Ｆ","source":"厚生労働省 食品衛生申請等システム（オープンデータ）","municipality_code":"22203","municipality_pref":"静岡県","municipality_name":"沼津市","municipality_code_method":"food_exact_coord"},"geometry":{"type":"Point","coordinates":[138.87255,35.119232]}},{"type":"Feature","properties":{"layer_id":"cafe_restaurant","name":"居酒屋　きえい","category":"food","address":"静岡県沼津市大岡２８１４－２","source":"厚生労働省 食品衛生申請等システム（オープンデータ）","municipality_code":"22203","municipality_pref":"静岡県","municipality_name":"沼津市","municipality_code_method":"food_exact_coord"},"geometry":{"type":"Point","coordinates":[138.882746,35.121268]}},{"type":"Feature","properties":{"layer_id":"cafe_restaurant","name":"一花","category":"food","address":"静岡県沼津市大岡２３１６－１１","source":"厚生労働省 食品衛生申請等システム（オープンデータ）","municipality_code":"22203","municipality_pref":"静岡県","municipality_name":"沼津市","municipality_code_method":"food_exact_coord"},"geometry":{"type":"Point","coordinates":[138.882746,35.121268]}},{"type":"Feature","properties":{"layer_id":"cafe_restaurant","name":"やくみや","category":"food","address":"静岡県沼津市大岡１９２８ 芹澤ビル１Ｆ","source":"厚生労働省 食品衛生申請等システム（オープンデータ）","municipality_code":"22203","municipality_pref":"静岡県","municipality_name":"沼津市","municipality_code_method":"food_exact_coord"},"geometry":{"type":"Point","coordinates":[138.882746,35.121268]}},{"type":"Feature","properties":{"layer_id":"cafe_restaurant","name":"ＨＯＴＥＬ　Ｓｏｆｉａ","category":"food","address":"静岡県沼津市足高２８７－８","source":"厚生労働省 食品衛生申請等システム（オープンデータ）","municipality_code":"22203","municipality_pref":"静岡県","municipality_name":"沼津市","municipality_code_method":"food_exact_coord"},"geometry":{"type":"Point","coordinates":[138.859327,35.152157]}},{"type":"Feature","properties":{"layer_id":"cafe_restaurant","name":"わんにゃん","category":"food","address":"静岡県沼津市緑が丘１１－１","source":"厚生労働省 食品衛生申請等システム（オープンデータ）","municipality_code":"22203","municipality_pref":"静岡県","municipality_name":"沼津市","municipality_code_method":"food_exact_coord"},"geometry":{"type":"Point","coordinates":[138.873763,35.119868]}},{"type":"Feature","properties":{"layer_id":"cafe_restaurant","name":"石碾蕎麦　おもだか","category":"food","address":"静岡県沼津市岡宮８９３－４","source":"厚生労働省 食品衛生申請等システム（オープンデータ）","municipality_code":"22203","municipality_pref":"静岡県","municipality_name":"沼津市","municipality_code_method":"food_exact_coord"},"geometry":{"type":"Point","coordinates":[138.867815,35.134492]}},{"type":"Feature","properties":{"layer_id":"cafe_restaurant","name":"駿河の湯　坂口屋","category":"food","address":"静岡県沼津市岡宮１２６５－３","source":"厚生労働省 食品衛生申請等システム（オープンデータ）","municipality_code":"22203","municipality_pref":"静岡県","municipality_name":"沼津市","municipality_code_method":"food_exact_coord"},"geometry":{"type":"Point","coordinates":[138.867815,35.134492]}},{"type":"Feature","properties":{"layer_id":"cafe_restaurant","name":"土屋商店","category":"food","address":"静岡県沼津市岡宮１２０８－１","source":"厚生労働省 食品衛生申請等システム（オープンデータ）","municipality_code":"22203","municipality_pref":"静岡県","municipality_name":"沼津市","municipality_code_method":"food_exact_coord"},"geometry":{"type":"Point","coordinates":[138.867815,35.134492]}},{"type":"Feature","properties":{"layer_id":"cafe_restaurant","name":"セブンイレブン岡一色北店","category":"food","address":"静岡県沼津市岡一色４６２－１","source":"厚生労働省 食品衛生申請等システム（オープンデータ）","municipality_code":"22203","municipality_pref":"静岡県","municipality_name":"沼津市","municipality_code_method":"food_exact_coord"},"geometry":{"type":"Point","coordinates":[138.876716,35.132911]}},{"type":"Feature","properties":{"layer_id":"cafe_restaurant","name":"Ｐａｒａｄｉｓｏ","category":"food","address":"静岡県沼津市岡一色１３１－２","source":"厚生労働省 食品衛生申請等システム（オープンデータ）","municipality_code":"22203","municipality_pref":"静岡県","municipality_name":"沼津市","municipality_code_method":"food_exact_coord"},"geometry":{"type":"Point","coordinates":[138.876716,35.132911]}},{"type":"Feature","properties":{"layer_id":"cafe_restaurant","name":"京極街Lonely","category":"food","address":"静岡県沼津市新宿町2-11 新宿街","source":"厚生労働省 食品衛生申請等システム（オープンデータ）","municipality_code":"22203","municipality_pref":"静岡県","municipality_name":"沼津市","municipality_code_method":"food_exact_coord"},"geometry":{"type":"Point","coordinates":[138.859939,35.106376]}},{"type":"Feature","properties":{"layer_id":"cafe_restaurant","name":"TON-MESHI","category":"food","address":"静岡県沼津市高島本町3-20","source":"厚生労働省 食品衛生申請等システム（オープンデータ）","municipality_code":"22203","municipality_pref":"静岡県","municipality_name":"沼津市","municipality_code_method":"food_exact_coord"},"geometry":{"type":"Point","coordinates":[138.857224,35.109328]}},{"type":"Feature","properties":{"layer_id":"cafe_restaurant","name":"いいっしょ","category":"food","address":"静岡県沼津市西沢田４１１－２","source":"厚生労働省 食品衛生申請等システム（オープンデータ）","municipality_code":"22203","municipality_pref":"静岡県","municipality_name":"沼津市","municipality_code_method":"food_exact_coord"},"geometry":{"type":"Point","coordinates":[138.845917,35.122541]}},{"type":"Feature","properties":{"layer_id":"cafe_restaurant","name":"とんちゃん","category":"food","address":"静岡県沼津市西沢田３５９","source":"厚生労働省 食品衛生申請等システム（オープンデータ）","municipality_code":"22203","municipality_pref":"静岡県","municipality_name":"沼津市","municipality_code_method":"food_exact_coord"},"geometry":{"type":"Point","coordinates":[138.845917,35.122541]}},{"type":"Feature","properties":{"layer_id":"cafe_restaurant","name":"からみそや","category":"food","address":"静岡県沼津市白銀町４８７ コーポ４８７　１０３号","source":"厚生労働省 食品衛生申請等システム（オープンデータ）","municipality_code":"22203","municipality_pref":"静岡県","municipality_name":"沼津市","municipality_code_method":"food_exact_coord"},"geometry":{"type":"Point","coordinates":[138.853275,35.100846]}},{"type":"Feature","properties":{"layer_id":"cafe_restaurant","name":"ＭＹ　ＲＯＯＭ","category":"food","address":"静岡県沼津市高島町２０－７ 中央小路３・４","source":"厚生労働省 食品衛生申請等システム（オープンデータ）","municipality_code":"22203","municipality_pref":"静岡県","municipality_name":"沼津市","municipality_code_method":"food_exact_coord"},"geometry":{"type":"Point","coordinates":[138.857139882,35.10409657]}},{"type":"Feature","properties":{"layer_id":"cafe_restaurant","name":"居酒屋わっしょい","category":"food","address":"静岡県沼津市高島町２０－１４ 高橋ビル１Ｆ","source":"厚生労働省 食品衛生申請等システム（オープンデータ）","municipality_code":"22203","municipality_pref":"静岡県","municipality_name":"沼津市","municipality_code_method":"food_exact_coord"},"geometry":{"type":"Point","coordinates":[138.857198155,35.104492209]}},{"type":"Feature","properties":{"layer_id":"cafe_restaurant","name":"タイ居酒屋　ボア","category":"food","address":"静岡県沼津市高島町２０－１０","source":"厚生労働省 食品衛生申請等システム（オープンデータ）","municipality_code":"22203","municipality_pref":"静岡県","municipality_name":"沼津市","municipality_code_method":"food_exact_coord"},"geometry":{"type":"Point","coordinates":[138.857003406,35.104238929]}},{"type":"Feature","properties":{"layer_id":"cafe_restaurant","name":"バスストップ","category":"food","address":"静岡県沼津市高島町１９－６ スズケンビル１階","source":"厚生労働省 食品衛生申請等システム（オープンデータ）","municipality_code":"22203","municipality_pref":"静岡県","municipality_name":"沼津市","municipality_code_method":"food_exact_coord"},"geometry":{"type":"Point","coordinates":[138.856344236,35.104171833]}},{"type":"Feature","properties":{"layer_id":"cafe_restaurant","name":"ｍｏｍｉｊｉ","category":"food","address":"静岡県沼津市高島町１９－１２ 木村ビル北号","source":"厚生労働省 食品衛生申請等システム（オープンデータ）","municipality_code":"22203","municipality_pref":"静岡県","municipality_name":"沼津市","municipality_code_method":"food_exact_coord"},"geometry":{"type":"Point","coordinates":[138.85587873,35.104350872]}},{"type":"Feature","properties":{"layer_id":"cafe_restaurant","name":"ホル衛モン　大岡本店","category":"food","address":"静岡県沼津市大岡２４７６－４ まきビル１Ｆ","source":"厚生労働省 食品衛生申請等システム（オープンデータ）","municipality_code":"22203","municipality_pref":"静岡県","municipality_name":"沼津市","municipality_code_method":"food_exact_coord"},"geometry":{"type":"Point","coordinates":[138.882746,35.121268]}},{"type":"Feature","properties":{"layer_id":"cafe_restaurant","name":"沼津家","category":"food","address":"静岡県沼津市平町２５－８","source":"厚生労働省 食品衛生申請等システム（オープンデータ）","municipality_code":"22203","municipality_pref":"静岡県","municipality_name":"沼津市","municipality_code_method":"food_exact_coord"},"geometry":{"type":"Point","coordinates":[138.865579789,35.099602345]}},{"type":"Feature","properties":{"layer_id":"cafe_restaurant","name":"本丸亭","category":"food","address":"静岡県沼津市東椎路１４６７－２","source":"厚生労働省 食品衛生申請等システム（オープンデータ）","municipality_code":"22203","municipality_pref":"静岡県","municipality_name":"沼津市","municipality_code_method":"food_exact_coord"},"geometry":{"type":"Point","coordinates":[138.837145,35.128607]}},{"type":"Feature","properties":{"layer_id":"cafe_restaurant","name":"太龍沼津バイパス店","category":"food","address":"静岡県沼津市東椎路１０－７","source":"厚生労働省 食品衛生申請等システム（オープンデータ）","municipality_code":"22203","municipality_pref":"静岡県","municipality_name":"沼津市","municipality_code_method":"food_exact_coord"},"geometry":{"type":"Point","coordinates":[138.837145,35.128607]}},{"type":"Feature","properties":{"layer_id":"cafe_restaurant","name":"ラオラ","category":"food","address":"静岡県沼津市神田町2-10","source":"厚生労働省 食品衛生申請等システム（オープンデータ）","municipality_code":"22203","municipality_pref":"静岡県","municipality_name":"沼津市","municipality_code_method":"food_exact_coord"},"geometry":{"type":"Point","coordinates":[138.865111,35.117605]}},{"type":"Feature","properties":{"layer_id":"cafe_restaurant","name":"沼津ケアセンターそよ風","category":"food","address":"静岡県沼津市中沢田３９１－１","source":"厚生労働省 食品衛生申請等システム（オープンデータ）","municipality_code":"22203","municipality_pref":"静岡県","municipality_name":"沼津市","municipality_code_method":"food_exact_coord"},"geometry":{"type":"Point","coordinates":[138.851641,35.130226]}},{"type":"Feature","properties":{"layer_id":"cafe_restaurant","name":"ＬＯＣＯ ＭＡＲＩＮＯ ＣＯＦＦＥＥ","category":"food","address":"静岡県沼津市千本港町８３","source":"厚生労働省 食品衛生申請等システム（オープンデータ）","municipality_code":"22203","municipality_pref":"静岡県","municipality_name":"沼津市","municipality_code_method":"food_exact_coord"},"geometry":{"type":"Point","coordinates":[138.857888,35.08368]}},{"type":"Feature","properties":{"layer_id":"cafe_restaurant","name":"甘味処　みやこ庵","category":"food","address":"静岡県沼津市沼北町２－７－２","source":"厚生労働省 食品衛生申請等システム（オープンデータ）","municipality_code":"22203","municipality_pref":"静岡県","municipality_name":"沼津市","municipality_code_method":"food_exact_coord"},"geometry":{"type":"Point","coordinates":[138.852143589,35.113560218]}},{"type":"Feature","properties":{"layer_id":"cafe_restaurant","name":"株式会社安田屋","category":"food","address":"静岡県沼津市本町５","source":"厚生労働省 食品衛生申請等システム（オープンデータ）","municipality_code":"22203","municipality_pref":"静岡県","municipality_name":"沼津市","municipality_code_method":"food_exact_coord"},"geometry":{"type":"Point","coordinates":[138.85697502,35.095925453]}},{"type":"Feature","properties":{"layer_id":"cafe_restaurant","name":"ステーキハウス道灌かがり","category":"food","address":"静岡県沼津市千本西町２６－３","source":"厚生労働省 食品衛生申請等システム（オープンデータ）","municipality_code":"22203","municipality_pref":"静岡県","municipality_name":"沼津市","municipality_code_method":"food_exact_coord"},"geometry":{"type":"Point","coordinates":[138.854852,35.086171]}},{"type":"Feature","properties":{"layer_id":"cafe_restaurant","name":"やきとり　ふる里　梅吉","category":"food","address":"静岡県沼津市添地町１３４","source":"厚生労働省 食品衛生申請等システム（オープンデータ）","municipality_code":"22203","municipality_pref":"静岡県","municipality_name":"沼津市","municipality_code_method":"food_exact_coord"},"geometry":{"type":"Point","coordinates":[138.856311,35.100882]}},{"type":"Feature","properties":{"layer_id":"cafe_restaurant","name":"阿吽","category":"food","address":"静岡県沼津市添地町１２３ １２３Ｂｕｉｌｄ２Ｆ","source":"厚生労働省 食品衛生申請等システム（オープンデータ）","municipality_code":"22203","municipality_pref":"静岡県","municipality_name":"沼津市","municipality_code_method":"food_exact_coord"},"geometry":{"type":"Point","coordinates":[138.856311,35.100882]}},{"type":"Feature","properties":{"layer_id":"cafe_restaurant","name":"ＡＬＬ’Ｓ","category":"food","address":"静岡県沼津市町方町２ Ｂ１","source":"厚生労働省 食品衛生申請等システム（オープンデータ）","municipality_code":"22203","municipality_pref":"静岡県","municipality_name":"沼津市","municipality_code_method":"food_exact_coord"},"geometry":{"type":"Point","coordinates":[138.857979343,35.098272395]}},{"type":"Feature","properties":{"layer_id":"cafe_restaurant","name":"やきとり大吉　沼津店","category":"food","address":"静岡県沼津市北高島町７－１","source":"厚生労働省 食品衛生申請等システム（オープンデータ）","municipality_code":"22203","municipality_pref":"静岡県","municipality_name":"沼津市","municipality_code_method":"food_exact_coord"},"geometry":{"type":"Point","coordinates":[138.859493849,35.113061945]}},{"type":"Feature","properties":{"layer_id":"cafe_restaurant","name":"寿し刺身酒せんきち","category":"food","address":"静岡県沼津市町方町１０２","source":"厚生労働省 食品衛生申請等システム（オープンデータ）","municipality_code":"22203","municipality_pref":"静岡県","municipality_name":"沼津市","municipality_code_method":"food_exact_coord"},"geometry":{"type":"Point","coordinates":[138.856862772,35.098134289]}},{"type":"Feature","properties":{"layer_id":"cafe_restaurant","name":"３０１餃子","category":"food","address":"静岡県沼津市大手町５－８－１６","source":"厚生労働省 食品衛生申請等システム（オープンデータ）","municipality_code":"22203","municipality_pref":"静岡県","municipality_name":"沼津市","municipality_code_method":"food_exact_coord"},"geometry":{"type":"Point","coordinates":[138.857462909,35.101020888]}},{"type":"Feature","properties":{"layer_id":"cafe_restaurant","name":"３０１餃子","category":"food","address":"静岡県沼津市若葉町２１－２４","source":"厚生労働省 食品衛生申請等システム（オープンデータ）","municipality_code":"22203","municipality_pref":"静岡県","municipality_name":"沼津市","municipality_code_method":"food_exact_coord"},"geometry":{"type":"Point","coordinates":[138.856914282,35.120826617]}},{"type":"Feature","properties":{"layer_id":"cafe_restaurant","name":"ｃｌｕｂ Ｌａｚｕｌｉ","category":"food","address":"静岡県沼津市大手町５－８－１４ スギヤマビル１階","source":"厚生労働省 食品衛生申請等システム（オープンデータ）","municipality_code":"22203","municipality_pref":"静岡県","municipality_name":"沼津市","municipality_code_method":"food_exact_coord"},"geometry":{"type":"Point","coordinates":[138.85744481,35.100830547]}},{"type":"Feature","properties":{"layer_id":"cafe_restaurant","name":"YELLOW RIBBON","category":"food","address":"静岡県沼津市大手町５－９－１２","source":"厚生労働省 食品衛生申請等システム（オープンデータ）","municipality_code":"22203","municipality_pref":"静岡県","municipality_name":"沼津市","municipality_code_method":"food_exact_coord"},"geometry":{"type":"Point","coordinates":[138.857648,35.101334]}},{"type":"Feature","properties":{"layer_id":"cafe_restaurant","name":"Ｏｎｌｙ　Ｏｎｅ","category":"food","address":"静岡県沼津市北高島町１８－２０","source":"厚生労働省 食品衛生申請等システム（オープンデータ）","municipality_code":"22203","municipality_pref":"静岡県","municipality_name":"沼津市","municipality_code_method":"food_exact_coord"},"geometry":{"type":"Point","coordinates":[138.858060221,35.113563657]}},{"type":"Feature","properties":{"layer_id":"cafe_restaurant","name":"やきとり　いろは","category":"food","address":"静岡県沼津市新宿町２－１１","source":"厚生労働省 食品衛生申請等システム（オープンデータ）","municipality_code":"22203","municipality_pref":"静岡県","municipality_name":"沼津市","municipality_code_method":"food_exact_coord"},"geometry":{"type":"Point","coordinates":[138.859803,35.107539]}},{"type":"Feature","properties":{"layer_id":"cafe_restaurant","name":"沼津ホルモン　竜まる","category":"food","address":"静岡県沼津市新宿町１－１６","source":"厚生労働省 食品衛生申請等システム（オープンデータ）","municipality_code":"22203","municipality_pref":"静岡県","municipality_name":"沼津市","municipality_code_method":"food_exact_coord"},"geometry":{"type":"Point","coordinates":[138.859803,35.107539]}},{"type":"Feature","properties":{"layer_id":"cafe_restaurant","name":"壱膳屋","category":"food","address":"静岡県沼津市庄栄町２－１８ 庄栄ビル１Ｆ","source":"厚生労働省 食品衛生申請等システム（オープンデータ）","municipality_code":"22203","municipality_pref":"静岡県","municipality_name":"沼津市","municipality_code_method":"food_exact_coord"},"geometry":{"type":"Point","coordinates":[138.861372129,35.105632919]}},{"type":"Feature","properties":{"layer_id":"cafe_restaurant","name":"グリル藤本","category":"food","address":"静岡県沼津市高島本町３－１２","source":"厚生労働省 食品衛生申請等システム（オープンデータ）","municipality_code":"22203","municipality_pref":"静岡県","municipality_name":"沼津市","municipality_code_method":"food_exact_coord"},"geometry":{"type":"Point","coordinates":[138.856556129,35.109278273]}},{"type":"Feature","properties":{"layer_id":"cafe_restaurant","name":"大晃ラーメン","category":"food","address":"静岡県沼津市高島町５－１９","source":"厚生労働省 食品衛生申請等システム（オープンデータ）","municipality_code":"22203","municipality_pref":"静岡県","municipality_name":"沼津市","municipality_code_method":"food_exact_coord"},"geometry":{"type":"Point","coordinates":[138.859238222,35.104536407]}},{"type":"Feature","properties":{"layer_id":"cafe_restaurant","name":"千楽北口店","category":"food","address":"静岡県沼津市高島町５－１７","source":"厚生労働省 食品衛生申請等システム（オープンデータ）","municipality_code":"22203","municipality_pref":"静岡県","municipality_name":"沼津市","municipality_code_method":"food_exact_coord"},"geometry":{"type":"Point","coordinates":[138.859319491,35.104706956]}},{"type":"Feature","properties":{"layer_id":"cafe_restaurant","name":"Ｊｏｌｉｅ Ａｎｇｅ","category":"food","address":"静岡県沼津市高島町５－１３ フォートレス１Ｆ","source":"厚生労働省 食品衛生申請等システム（オープンデータ）","municipality_code":"22203","municipality_pref":"静岡県","municipality_name":"沼津市","municipality_code_method":"food_exact_coord"},"geometry":{"type":"Point","coordinates":[138.859392076,35.105122444]}},{"type":"Feature","properties":{"layer_id":"cafe_restaurant","name":"アンニョンハセヨ","category":"food","address":"静岡県沼津市高島町４－８ わきのビル１Ｆ","source":"厚生労働省 食品衛生申請等システム（オープンデータ）","municipality_code":"22203","municipality_pref":"静岡県","municipality_name":"沼津市","municipality_code_method":"food_exact_coord"},"geometry":{"type":"Point","coordinates":[138.858807668,35.105257901]}},{"type":"Feature","properties":{"layer_id":"cafe_restaurant","name":"ペニーレイン","category":"food","address":"静岡県沼津市高島町４－５ 新村ビル１Ｆ","source":"厚生労働省 食品衛生申請等システム（オープンデータ）","municipality_code":"22203","municipality_pref":"静岡県","municipality_name":"沼津市","municipality_code_method":"food_exact_coord"},"geometry":{"type":"Point","coordinates":[138.858770123,35.10497278]}},{"type":"Feature","properties":{"layer_id":"cafe_restaurant","name":"ニュー大連","category":"food","address":"静岡県沼津市高島町１８－２４ 青木ビル１階南側","source":"厚生労働省 食品衛生申請等システム（オープンデータ）","municipality_code":"22203","municipality_pref":"静岡県","municipality_name":"沼津市","municipality_code_method":"food_exact_coord"},"geometry":{"type":"Point","coordinates":[138.856770992,35.104104111]}},{"type":"Feature","properties":{"layer_id":"cafe_restaurant","name":"ニュースター","category":"food","address":"静岡県沼津市高島町１７－１８","source":"厚生労働省 食品衛生申請等システム（オープンデータ）","municipality_code":"22203","municipality_pref":"静岡県","municipality_name":"沼津市","municipality_code_method":"food_exact_coord"},"geometry":{"type":"Point","coordinates":[138.857456779,35.104031867]}},{"type":"Feature","properties":{"layer_id":"cafe_restaurant","name":"焼とり与作","category":"food","address":"静岡県沼津市高島町１６－８","source":"厚生労働省 食品衛生申請等システム（オープンデータ）","municipality_code":"22203","municipality_pref":"静岡県","municipality_name":"沼津市","municipality_code_method":"food_exact_coord"},"geometry":{"type":"Point","coordinates":[138.85651925,35.103639427]}},{"type":"Feature","properties":{"layer_id":"cafe_restaurant","name":"鳩小屋","category":"food","address":"静岡県沼津市高島町１３－４","source":"厚生労働省 食品衛生申請等システム（オープンデータ）","municipality_code":"22203","municipality_pref":"静岡県","municipality_name":"沼津市","municipality_code_method":"food_exact_coord"},"geometry":{"type":"Point","coordinates":[138.859593921,35.105619593]}},{"type":"Feature","properties":{"layer_id":"cafe_restaurant","name":"東横イン富士山沼津駅北口Ⅱ","category":"food","address":"静岡県沼津市高島町１３－３","source":"厚生労働省 食品衛生申請等システム（オープンデータ）","municipality_code":"22203","municipality_pref":"静岡県","municipality_name":"沼津市","municipality_code_method":"food_exact_coord"},"geometry":{"type":"Point","coordinates":[138.859585323,35.105516405]}},{"type":"Feature","properties":{"layer_id":"cafe_restaurant","name":"ＡｕＴＨＥＮＴＩＣ　ＬＯｕＮＧＥ　Ｔｅｎ","category":"food","address":"静岡県沼津市大手町４－５－５ 魚文ビル１階","source":"厚生労働省 食品衛生申請等システム（オープンデータ）","municipality_code":"22203","municipality_pref":"静岡県","municipality_name":"沼津市","municipality_code_method":"food_exact_coord"},"geometry":{"type":"Point","coordinates":[138.858547209,35.09835673]}},{"type":"Feature","properties":{"layer_id":"cafe_restaurant","name":"酒房かわせみ","category":"food","address":"静岡県沼津市大手町４－２－１１ シゲノブビル１５－１階東号","source":"厚生労働省 食品衛生申請等システム（オープンデータ）","municipality_code":"22203","municipality_pref":"静岡県","municipality_name":"沼津市","municipality_code_method":"food_exact_coord"},"geometry":{"type":"Point","coordinates":[138.859998089,35.098299148]}},{"type":"Feature","properties":{"layer_id":"cafe_restaurant","name":"ＰＥＹＯＴＥ","category":"food","address":"静岡県沼津市上土町７２－５","source":"厚生労働省 食品衛生申請等システム（オープンデータ）","municipality_code":"22203","municipality_pref":"静岡県","municipality_name":"沼津市","municipality_code_method":"food_exact_coord"},"geometry":{"type":"Point","coordinates":[138.858109044,35.097858322]}},{"type":"Feature","properties":{"layer_id":"cafe_restaurant","name":"δαλοζ（かがり火）","category":"food","address":"静岡県沼津市添地町２０８","source":"厚生労働省 食品衛生申請等システム（オープンデータ）","municipality_code":"22203","municipality_pref":"静岡県","municipality_name":"沼津市","municipality_code_method":"food_exact_coord"},"geometry":{"type":"Point","coordinates":[138.856311,35.100882]}},{"type":"Feature","properties":{"layer_id":"cafe_restaurant","name":"北斗七星","category":"food","address":"静岡県沼津市添地町１５９ 戦国ビル５Ｆ","source":"厚生労働省 食品衛生申請等システム（オープンデータ）","municipality_code":"22203","municipality_pref":"静岡県","municipality_name":"沼津市","municipality_code_method":"food_exact_coord"},"geometry":{"type":"Point","coordinates":[138.856311,35.100882]}},{"type":"Feature","properties":{"layer_id":"cafe_restaurant","name":"ＮＥＬＳＯＮ","category":"food","address":"静岡県沼津市添地町１４４－１０","source":"厚生労働省 食品衛生申請等システム（オープンデータ）","municipality_code":"22203","municipality_pref":"静岡県","municipality_name":"沼津市","municipality_code_method":"food_exact_coord"},"geometry":{"type":"Point","coordinates":[138.856311,35.100882]}},{"type":"Feature","properties":{"layer_id":"cafe_restaurant","name":"Ｌｏｔｕｓ","category":"food","address":"静岡県沼津市添地町１０２","source":"厚生労働省 食品衛生申請等システム（オープンデータ）","municipality_code":"22203","municipality_pref":"静岡県","municipality_name":"沼津市","municipality_code_method":"food_exact_coord"},"geometry":{"type":"Point","coordinates":[138.856311,35.100882]}},{"type":"Feature","properties":{"layer_id":"cafe_restaurant","name":"楽酒楽食　かぶと","category":"food","address":"静岡県沼津市大手町４－８－２","source":"厚生労働省 食品衛生申請等システム（オープンデータ）","municipality_code":"22203","municipality_pref":"静岡県","municipality_name":"沼津市","municipality_code_method":"food_exact_coord"},"geometry":{"type":"Point","coordinates":[138.857208045,35.099148656]}},{"type":"Feature","properties":{"layer_id":"cafe_restaurant","name":"家族庵　駿河湾沼津サービスエリア店","category":"food","address":"静岡県沼津市根古屋９９８－２７ ＮＥＯＰＡＳＡ駿河湾沼津２階","source":"厚生労働省 食品衛生申請等システム（オープンデータ）","municipality_code":"22203","municipality_pref":"静岡県","municipality_name":"沼津市","municipality_code_method":"food_exact_coord"},"geometry":{"type":"Point","coordinates":[138.805656,35.154517]}},{"type":"Feature","properties":{"layer_id":"cafe_restaurant","name":"ジパング","category":"food","address":"静岡県沼津市高島町２２－１３ タワーボックス第１ビル１Ｆ","source":"厚生労働省 食品衛生申請等システム（オープンデータ）","municipality_code":"22203","municipality_pref":"静岡県","municipality_name":"沼津市","municipality_code_method":"food_exact_coord"},"geometry":{"type":"Point","coordinates":[138.857163348,35.105425532]}},{"type":"Feature","properties":{"layer_id":"cafe_restaurant","name":"するが食堂","category":"food","address":"静岡県沼津市根古屋９１９－１ Ｄ１－４Ａ","source":"厚生労働省 食品衛生申請等システム（オープンデータ）","municipality_code":"22203","municipality_pref":"静岡県","municipality_name":"沼津市","municipality_code_method":"food_exact_coord"},"geometry":{"type":"Point","coordinates":[138.81104,35.152647]}},{"type":"Feature","properties":{"layer_id":"cafe_restaurant","name":"さかい庵","category":"food","address":"静岡県沼津市根古屋９１９－１ Ｄ１－４Ｂ","source":"厚生労働省 食品衛生申請等システム（オープンデータ）","municipality_code":"22203","municipality_pref":"静岡県","municipality_name":"沼津市","municipality_code_method":"food_exact_coord"},"geometry":{"type":"Point","coordinates":[138.81104,35.152647]}},{"type":"Feature","properties":{"layer_id":"cafe_restaurant","name":"麺屋道神","category":"food","address":"静岡県沼津市根古屋９１９－１ Ｄ１－４Ｃ","source":"厚生労働省 食品衛生申請等システム（オープンデータ）","municipality_code":"22203","municipality_pref":"静岡県","municipality_name":"沼津市","municipality_code_method":"food_exact_coord"},"geometry":{"type":"Point","coordinates":[138.81104,35.152647]}},{"type":"Feature","properties":{"layer_id":"cafe_restaurant","name":"ＫＡＲＡＯＫＥ ＳＮＡＣＫ ハッピ","category":"food","address":"静岡県沼津市根古屋１６５－２","source":"厚生労働省 食品衛生申請等システム（オープンデータ）","municipality_code":"22203","municipality_pref":"静岡県","municipality_name":"沼津市","municipality_code_method":"food_exact_coord"},"geometry":{"type":"Point","coordinates":[138.804646,35.137006]}},{"type":"Feature","properties":{"layer_id":"cafe_restaurant","name":"アンダール夢","category":"food","address":"静岡県沼津市宮本５－２","source":"厚生労働省 食品衛生申請等システム（オープンデータ）","municipality_code":"22203","municipality_pref":"静岡県","municipality_name":"沼津市","municipality_code_method":"food_exact_coord"},"geometry":{"type":"Point","coordinates":[138.84036,35.144956]}},{"type":"Feature","properties":{"layer_id":"cafe_restaurant","name":"東横イン富士山沼津駅北口Ⅰ","category":"food","address":"静岡県沼津市高島町２１－４","source":"厚生労働省 食品衛生申請等システム（オープンデータ）","municipality_code":"22203","municipality_pref":"静岡県","municipality_name":"沼津市","municipality_code_method":"food_exact_coord"},"geometry":{"type":"Point","coordinates":[138.857702,35.104773]}},{"type":"Feature","properties":{"layer_id":"cafe_restaurant","name":"Ｐｕｂｌｉｃ ｂａｒ ＲＡＬＬＹ","category":"food","address":"静岡県沼津市高沢町３－９ 小川ビル１Ｆ南","source":"厚生労働省 食品衛生申請等システム（オープンデータ）","municipality_code":"22203","municipality_pref":"静岡県","municipality_name":"沼津市","municipality_code_method":"food_exact_coord"},"geometry":{"type":"Point","coordinates":[138.854904135,35.104364666]}},{"type":"Feature","properties":{"layer_id":"cafe_restaurant","name":"ぼびーず","category":"food","address":"静岡県沼津市原１７９８－１ 地内","source":"厚生労働省 食品衛生申請等システム（オープンデータ）","municipality_code":"22203","municipality_pref":"静岡県","municipality_name":"沼津市","municipality_code_method":"food_exact_coord"},"geometry":{"type":"Point","coordinates":[138.802868153,35.132406658]}},{"type":"Feature","properties":{"layer_id":"cafe_restaurant","name":"季節の台所　芦川","category":"food","address":"静岡県沼津市原１５４６－１ ウイングⅡ１階北側","source":"厚生労働省 食品衛生申請等システム（オープンデータ）","municipality_code":"22203","municipality_pref":"静岡県","municipality_name":"沼津市","municipality_code_method":"food_exact_coord"},"geometry":{"type":"Point","coordinates":[138.800891537,35.1285162]}},{"type":"Feature","properties":{"layer_id":"cafe_restaurant","name":"沼津ショートステイそよ風","category":"food","address":"静岡県沼津市岡宮１１５９","source":"厚生労働省 食品衛生申請等システム（オープンデータ）","municipality_code":"22203","municipality_pref":"静岡県","municipality_name":"沼津市","municipality_code_method":"food_exact_coord"},"geometry":{"type":"Point","coordinates":[138.871933,35.13182]}},{"type":"Feature","properties":{"layer_id":"cafe_restaurant","name":"甘味処　花水木","category":"food","address":"静岡県沼津市東間門２－２－１３","source":"厚生労働省 食品衛生申請等システム（オープンデータ）","municipality_code":"22203","municipality_pref":"静岡県","municipality_name":"沼津市","municipality_code_method":"food_exact_coord"},"geometry":{"type":"Point","coordinates":[138.846956,35.099961]}},{"type":"Feature","properties":{"layer_id":"cafe_restaurant","name":"王味","category":"food","address":"静岡県沼津市柳町１－５６","source":"厚生労働省 食品衛生申請等システム（オープンデータ）","municipality_code":"22203","municipality_pref":"静岡県","municipality_name":"沼津市","municipality_code_method":"food_exact_coord"},"geometry":{"type":"Point","coordinates":[138.862250986,35.115677734]}},{"type":"Feature","properties":{"layer_id":"cafe_restaurant","name":"Ｎｏｉｒ","category":"food","address":"静岡県沼津市高島町２３－２４ 道頓堀小路西９","source":"厚生労働省 食品衛生申請等システム（オープンデータ）","municipality_code":"22203","municipality_pref":"静岡県","municipality_name":"沼津市","municipality_code_method":"food_exact_coord"},"geometry":{"type":"Point","coordinates":[138.857021152,35.105100359]}},{"type":"Feature","properties":{"layer_id":"cafe_restaurant","name":"松尾","category":"food","address":"静岡県沼津市添地町２０２ 門脇ビル１０２","source":"厚生労働省 食品衛生申請等システム（オープンデータ）","municipality_code":"22203","municipality_pref":"静岡県","municipality_name":"沼津市","municipality_code_method":"food_exact_coord"},"geometry":{"type":"Point","coordinates":[138.856311,35.100882]}},{"type":"Feature","properties":{"layer_id":"cafe_restaurant","name":"Lumio","category":"food","address":"静岡県沼津市千本郷林1907-155","source":"厚生労働省 食品衛生申請等システム（オープンデータ）","municipality_code":"22203","municipality_pref":"静岡県","municipality_name":"沼津市","municipality_code_method":"food_exact_coord"},"geometry":{"type":"Point","coordinates":[138.849978,35.089446]}},{"type":"Feature","properties":{"layer_id":"cafe_restaurant","name":"呑喰処　ゴロー","category":"food","address":"静岡県沼津市大門町４７ 相原ビル１Ｆ","source":"厚生労働省 食品衛生申請等システム（オープンデータ）","municipality_code":"22203","municipality_pref":"静岡県","municipality_name":"沼津市","municipality_code_method":"food_exact_coord"},"geometry":{"type":"Point","coordinates":[138.856482161,35.096313208]}},{"type":"Feature","properties":{"layer_id":"cafe_restaurant","name":"レストラン　ボルカノ","category":"food","address":"静岡県沼津市大手町５－４－４","source":"厚生労働省 食品衛生申請等システム（オープンデータ）","municipality_code":"22203","municipality_pref":"静岡県","municipality_name":"沼津市","municipality_code_method":"food_exact_coord"},"geometry":{"type":"Point","coordinates":[138.858931247,35.100168383]}},{"type":"Feature","properties":{"layer_id":"cafe_restaurant","name":"ＬＡ ＢＡＳＥ","category":"food","address":"静岡県沼津市大手町５－２－１８ フェニックスビル１Ｆ西","source":"厚生労働省 食品衛生申請等システム（オープンデータ）","municipality_code":"22203","municipality_pref":"静岡県","municipality_name":"沼津市","municipality_code_method":"food_exact_coord"},"geometry":{"type":"Point","coordinates":[138.85856,35.10166]}},{"type":"Feature","properties":{"layer_id":"cafe_restaurant","name":"ＳｐｅａｋＥＺ","category":"food","address":"静岡県沼津市大手町２－３－２ 山口ビル２Ｆ","source":"厚生労働省 食品衛生申請等システム（オープンデータ）","municipality_code":"22203","municipality_pref":"静岡県","municipality_name":"沼津市","municipality_code_method":"food_exact_coord"},"geometry":{"type":"Point","coordinates":[138.86228649999998,35.1011955]}},{"type":"Feature","properties":{"layer_id":"cafe_restaurant","name":"シスターズカフェ","category":"food","address":"静岡県沼津市上土町６","source":"厚生労働省 食品衛生申請等システム（オープンデータ）","municipality_code":"22203","municipality_pref":"静岡県","municipality_name":"沼津市","municipality_code_method":"food_exact_coord"},"geometry":{"type":"Point","coordinates":[138.85858,35.097602]}},{"type":"Feature","properties":{"layer_id":"cafe_restaurant","name":"鳥じん","category":"food","address":"静岡県沼津市北今沢２３－３ １F","source":"厚生労働省 食品衛生申請等システム（オープンデータ）","municipality_code":"22203","municipality_pref":"静岡県","municipality_name":"沼津市","municipality_code_method":"food_exact_coord"},"geometry":{"type":"Point","coordinates":[138.815949,35.124219]}},{"type":"Feature","properties":{"layer_id":"cafe_restaurant","name":"居酒屋　ひろこ","category":"food","address":"静岡県沼津市西間門２１１－１８","source":"厚生労働省 食品衛生申請等システム（オープンデータ）","municipality_code":"22203","municipality_pref":"静岡県","municipality_name":"沼津市","municipality_code_method":"food_exact_coord"},"geometry":{"type":"Point","coordinates":[138.841326,35.104648]}},{"type":"Feature","properties":{"layer_id":"cafe_restaurant","name":"セブンイレブン沼津松長店","category":"food","address":"静岡県沼津市松長５３０－１","source":"厚生労働省 食品衛生申請等システム（オープンデータ）","municipality_code":"22203","municipality_pref":"静岡県","municipality_name":"沼津市","municipality_code_method":"food_exact_coord"},"geometry":{"type":"Point","coordinates":[138.82555,35.116438]}},{"type":"Feature","properties":{"layer_id":"cafe_restaurant","name":"ゆきちゃん","category":"food","address":"静岡県沼津市桃里３０２","source":"厚生労働省 食品衛生申請等システム（オープンデータ）","municipality_code":"22203","municipality_pref":"静岡県","municipality_name":"沼津市","municipality_code_method":"food_exact_coord"},"geometry":{"type":"Point","coordinates":[138.768565,35.132701]}},{"type":"Feature","properties":{"layer_id":"cafe_restaurant","name":"セブン－イレブン沼津原町中３丁目店","category":"food","address":"静岡県沼津市原町中３－１３－１８","source":"厚生労働省 食品衛生申請等システム（オープンデータ）","municipality_code":"22203","municipality_pref":"静岡県","municipality_name":"沼津市","municipality_code_method":"food_exact_coord"},"geometry":{"type":"Point","coordinates":[138.802045,35.132298]}},{"type":"Feature","properties":{"layer_id":"cafe_restaurant","name":"おそめ","category":"food","address":"静岡県沼津市原１４３０－８","source":"厚生労働省 食品衛生申請等システム（オープンデータ）","municipality_code":"22203","municipality_pref":"静岡県","municipality_name":"沼津市","municipality_code_method":"food_exact_coord"},"geometry":{"type":"Point","coordinates":[138.805295,35.129015]}},{"type":"Feature","properties":{"layer_id":"cafe_restaurant","name":"ふぐ　季節料理　ひろ繁","category":"food","address":"静岡県沼津市原８７２","source":"厚生労働省 食品衛生申請等システム（オープンデータ）","municipality_code":"22203","municipality_pref":"静岡県","municipality_name":"沼津市","municipality_code_method":"food_exact_coord"},"geometry":{"type":"Point","coordinates":[138.795565,35.126124]}},{"type":"Feature","properties":{"layer_id":"cafe_restaurant","name":"愛鷹シックスハンドレッドクラブ２Ｆレストラン","category":"food","address":"静岡県沼津市宮本５１２","source":"厚生労働省 食品衛生申請等システム（オープンデータ）","municipality_code":"22203","municipality_pref":"静岡県","municipality_name":"沼津市","municipality_code_method":"food_exact_coord"},"geometry":{"type":"Point","coordinates":[138.82039,35.16365]}},{"type":"Feature","properties":{"layer_id":"cafe_restaurant","name":"ＯＺ","category":"food","address":"静岡県沼津市高島町１８－２４ 青木ビル２階","source":"厚生労働省 食品衛生申請等システム（オープンデータ）","municipality_code":"22203","municipality_pref":"静岡県","municipality_name":"沼津市","municipality_code_method":"food_exact_coord"},"geometry":{"type":"Point","coordinates":[138.856778,35.103997]}},{"type":"Feature","properties":{"layer_id":"cafe_restaurant","name":"ねこの手カフェ","category":"food","address":"静岡県沼津市千本港町122−16","source":"厚生労働省 食品衛生申請等システム（オープンデータ）","municipality_code":"22203","municipality_pref":"静岡県","municipality_name":"沼津市","municipality_code_method":"food_exact_coord"},"geometry":{"type":"Point","coordinates":[138.857752,35.08232]}},{"type":"Feature","properties":{"layer_id":"cafe_restaurant","name":"三搽","category":"food","address":"静岡県沼津市原1531-1　A区画","source":"厚生労働省 食品衛生申請等システム（オープンデータ）","municipality_code":"22203","municipality_pref":"静岡県","municipality_name":"沼津市","municipality_code_method":"food_exact_coord"},"geometry":{"type":"Point","coordinates":[138.801836,35.129978]}},{"type":"Feature","properties":{"layer_id":"cafe_restaurant","name":"沼津工業高等専門学校　尚友会館","category":"food","address":"静岡県沼津市大岡3600","source":"厚生労働省 食品衛生申請等システム（オープンデータ）","municipality_code":"22203","municipality_pref":"静岡県","municipality_name":"沼津市","municipality_code_method":"food_exact_coord"},"geometry":{"type":"Point","coordinates":[138.884885,35.135726]}},{"type":"Feature","properties":{"layer_id":"cafe_restaurant","name":"くるら戸田","category":"food","address":"静岡県沼津市戸田字上野向1294-3","source":"厚生労働省 食品衛生申請等システム（オープンデータ）","municipality_code":"22203","municipality_pref":"静岡県","municipality_name":"沼津市","municipality_code_method":"food_exact_coord"},"geometry":{"type":"Point","coordinates":[138.78211,34.972074]}},{"type":"Feature","properties":{"layer_id":"cafe_restaurant","name":"ＸＲＯＳＦＯＲＧＥ","category":"food","address":"静岡県沼津市大手町三丁目５番２５号 沼津市大手町あした葉ビル４階","source":"厚生労働省 食品衛生申請等システム（オープンデータ）","municipality_code":"22203","municipality_pref":"静岡県","municipality_name":"沼津市","municipality_code_method":"food_exact_coord"},"geometry":{"type":"Point","coordinates":[138.859396,35.100903]}},{"type":"Feature","properties":{"layer_id":"cafe_restaurant","name":"感動の肉と米　沼津店","category":"food","address":"静岡県沼津市西沢田281-2","source":"厚生労働省 食品衛生申請等システム（オープンデータ）","municipality_code":"22203","municipality_pref":"静岡県","municipality_name":"沼津市","municipality_code_method":"food_exact_coord"},"geometry":{"type":"Point","coordinates":[138.84425,35.118254]}},{"type":"Feature","properties":{"layer_id":"cafe_restaurant","name":"焼き小籠包　ぱんだ","category":"food","address":"静岡県沼津市高島町1-11 草開ビル1階","source":"厚生労働省 食品衛生申請等システム（オープンデータ）","municipality_code":"22203","municipality_pref":"静岡県","municipality_name":"沼津市","municipality_code_method":"food_exact_coord"},"geometry":{"type":"Point","coordinates":[138.859253,35.10424]}},{"type":"Feature","properties":{"layer_id":"cafe_restaurant","name":"静加","category":"food","address":"静岡県沼津市大平２６７５－４","source":"厚生労働省 食品衛生申請等システム（オープンデータ）","municipality_code":"22203","municipality_pref":"静岡県","municipality_name":"沼津市","municipality_code_method":"food_exact_coord"},"geometry":{"type":"Point","coordinates":[138.915462,35.073895]}},{"type":"Feature","properties":{"layer_id":"cafe_restaurant","name":"ｓｃｏｏｐ","category":"food","address":"静岡県沼津市原391","source":"厚生労働省 食品衛生申請等システム（オープンデータ）","municipality_code":"22203","municipality_pref":"静岡県","municipality_name":"沼津市","municipality_code_method":"food_exact_coord"},"geometry":{"type":"Point","coordinates":[138.793889,35.125737]}},{"type":"Feature","properties":{"layer_id":"cafe_restaurant","name":"富士青藍","category":"food","address":"静岡県沼津市戸田3878-61","source":"厚生労働省 食品衛生申請等システム（オープンデータ）","municipality_code":"22203","municipality_pref":"静岡県","municipality_name":"沼津市","municipality_code_method":"food_exact_coord"},"geometry":{"type":"Point","coordinates":[138.765225,34.970845]}},{"type":"Feature","properties":{"layer_id":"cafe_restaurant","name":"食べ処イズ","category":"food","address":"静岡県沼津市西浦木負516ー2","source":"厚生労働省 食品衛生申請等システム（オープンデータ）","municipality_code":"22203","municipality_pref":"静岡県","municipality_name":"沼津市","municipality_code_method":"food_exact_coord"},"geometry":{"type":"Point","coordinates":[138.875769,35.022108]}},{"type":"Feature","properties":{"layer_id":"cafe_restaurant","name":"ポーカールーム YORIMICHI","category":"food","address":"静岡県沼津市添地町72 青秀ビル5階","source":"厚生労働省 食品衛生申請等システム（オープンデータ）","municipality_code":"22203","municipality_pref":"静岡県","municipality_name":"沼津市","municipality_code_method":"food_exact_coord"},"geometry":{"type":"Point","coordinates":[138.856822,35.101548]}},{"type":"Feature","properties":{"layer_id":"cafe_restaurant","name":"ｏｓｔｅｒｉａ ＳＡＫＡＮＹＡ","category":"food","address":"静岡県沼津市高島町２８－１０","source":"厚生労働省 食品衛生申請等システム（オープンデータ）","municipality_code":"22203","municipality_pref":"静岡県","municipality_name":"沼津市","municipality_code_method":"food_exact_coord"},"geometry":{"type":"Point","coordinates":[138.857983,35.10631]}},{"type":"Feature","properties":{"layer_id":"cafe_restaurant","name":"アイ・カフェ沼津ラクーン店","category":"food","address":"静岡県沼津市大手町3-4-1 5階","source":"厚生労働省 食品衛生申請等システム（オープンデータ）","municipality_code":"22203","municipality_pref":"静岡県","municipality_name":"沼津市","municipality_code_method":"food_exact_coord"},"geometry":{"type":"Point","coordinates":[138.859589,35.101397]}},{"type":"Feature","properties":{"layer_id":"cafe_restaurant","name":"THE SKY BBQ","category":"food","address":"静岡県沼津市大手町3-4-1 R階","source":"厚生労働省 食品衛生申請等システム（オープンデータ）","municipality_code":"22203","municipality_pref":"静岡県","municipality_name":"沼津市","municipality_code_method":"food_exact_coord"},"geometry":{"type":"Point","coordinates":[138.859589,35.101397]}},{"type":"Feature","properties":{"layer_id":"cafe_restaurant","name":"CRS","category":"food","address":"静岡県沼津市高島町16-2","source":"厚生労働省 食品衛生申請等システム（オープンデータ）","municipality_code":"22203","municipality_pref":"静岡県","municipality_name":"沼津市","municipality_code_method":"food_exact_coord"},"geometry":{"type":"Point","coordinates":[138.856917,35.103573]}},{"type":"Feature","properties":{"layer_id":"cafe_restaurant","name":"ファミリーマート　沼津おおひら店","category":"food","address":"静岡県沼津市大平字南堀合２８７４－９０３","source":"厚生労働省 食品衛生申請等システム（オープンデータ）","municipality_code":"22203","municipality_pref":"静岡県","municipality_name":"沼津市","municipality_code_method":"food_exact_coord"},"geometry":{"type":"Point","coordinates":[138.910228,35.073182]}},{"type":"Feature","properties":{"layer_id":"cafe_restaurant","name":"ザ・トップテン","category":"food","address":"静岡県沼津市高島町２３－２４ 1F","source":"厚生労働省 食品衛生申請等システム（オープンデータ）","municipality_code":"22203","municipality_pref":"静岡県","municipality_name":"沼津市","municipality_code_method":"food_exact_coord"},"geometry":{"type":"Point","coordinates":[138.856995,35.105014]}},{"type":"Feature","properties":{"layer_id":"cafe_restaurant","name":"おさけとごはん 夜行","category":"food","address":"静岡県沼津市高島町20-12 柏原ビル","source":"厚生労働省 食品衛生申請等システム（オープンデータ）","municipality_code":"22203","municipality_pref":"静岡県","municipality_name":"沼津市","municipality_code_method":"food_exact_coord"},"geometry":{"type":"Point","coordinates":[138.857083,35.104456]}},{"type":"Feature","properties":{"layer_id":"cafe_restaurant","name":"サンマルクカフェ　沼津アントレ店","category":"food","address":"静岡県沼津市大手町1-1-1","source":"厚生労働省 食品衛生申請等システム（オープンデータ）","municipality_code":"22203","municipality_pref":"静岡県","municipality_name":"沼津市","municipality_code_method":"food_exact_coord"},"geometry":{"type":"Point","coordinates":[138.859044,35.102644]}},{"type":"Feature","properties":{"layer_id":"cafe_restaurant","name":"サンマルクカフェ　ららぽーと沼津店","category":"food","address":"静岡県沼津市東椎路３０１－３ ららぽーと沼津　３０１１０","source":"厚生労働省 食品衛生申請等システム（オープンデータ）","municipality_code":"22203","municipality_pref":"静岡県","municipality_name":"沼津市","municipality_code_method":"food_exact_coord"},"geometry":{"type":"Point","coordinates":[138.841906,35.120419]}},{"type":"Feature","properties":{"layer_id":"cafe_restaurant","name":"KIRABOSHI","category":"food","address":"静岡県沼津市東原212","source":"厚生労働省 食品衛生申請等システム（オープンデータ）","municipality_code":"22203","municipality_pref":"静岡県","municipality_name":"沼津市","municipality_code_method":"food_exact_coord"},"geometry":{"type":"Point","coordinates":[138.819915,35.129063]}},{"type":"Feature","properties":{"layer_id":"cafe_restaurant","name":"戸田漁業協同組合","category":"food","address":"静岡県沼津市戸田５２３－９","source":"厚生労働省 食品衛生申請等システム（オープンデータ）","municipality_code":"22203","municipality_pref":"静岡県","municipality_name":"沼津市","municipality_code_method":"food_exact_coord"},"geometry":{"type":"Point","coordinates":[138.777251,34.97003]}},{"type":"Feature","properties":{"layer_id":"cafe_restaurant","name":"TOCORORO","category":"food","address":"静岡県沼津市大手町2-1-1 ポルト 2-2","source":"厚生労働省 食品衛生申請等システム（オープンデータ）","municipality_code":"22203","municipality_pref":"静岡県","municipality_name":"沼津市","municipality_code_method":"food_exact_coord"},"geometry":{"type":"Point","coordinates":[138.861485,35.102036]}},{"type":"Feature","properties":{"layer_id":"cafe_restaurant","name":"モンステラ","category":"food","address":"静岡県沼津市若葉町1-10 ヤナギビル１階2号","source":"厚生労働省 食品衛生申請等システム（オープンデータ）","municipality_code":"22203","municipality_pref":"静岡県","municipality_name":"沼津市","municipality_code_method":"food_exact_coord"},"geometry":{"type":"Point","coordinates":[138.85531,35.116254]}},{"type":"Feature","properties":{"layer_id":"cafe_restaurant","name":"トラットリアK","category":"food","address":"静岡県沼津市西島町12-1 松友ビル105号","source":"厚生労働省 食品衛生申請等システム（オープンデータ）","municipality_code":"22203","municipality_pref":"静岡県","municipality_name":"沼津市","municipality_code_method":"food_exact_coord"},"geometry":{"type":"Point","coordinates":[138.864036,35.086687]}},{"type":"Feature","properties":{"layer_id":"cafe_restaurant","name":"いなだ苑","category":"food","address":"静岡県沼津市戸田１１７－２","source":"厚生労働省 食品衛生申請等システム（オープンデータ）","municipality_code":"22203","municipality_pref":"静岡県","municipality_name":"沼津市","municipality_code_method":"food_exact_coord"},"geometry":{"type":"Point","coordinates":[138.800662,34.96422]}},{"type":"Feature","properties":{"layer_id":"cafe_restaurant","name":"磯割烹の宿　山市","category":"food","address":"静岡県沼津市戸田５２３－１","source":"厚生労働省 食品衛生申請等システム（オープンデータ）","municipality_code":"22203","municipality_pref":"静岡県","municipality_name":"沼津市","municipality_code_method":"food_exact_coord"},"geometry":{"type":"Point","coordinates":[138.777054,34.969682]}},{"type":"Feature","properties":{"layer_id":"cafe_restaurant","category":"food","address":"静岡県沼津市高島町22-5 山本ビル1F","source":"厚生労働省 食品衛生申請等システム（オープンデータ）","municipality_code":"22203","municipality_pref":"静岡県","municipality_name":"沼津市","municipality_code_method":"food_exact_coord"},"geometry":{"type":"Point","coordinates":[138.857161,35.104768]}},{"type":"Feature","properties":{"layer_id":"cafe_restaurant","name":"丸吉","category":"food","address":"静岡県沼津市戸田５６６－２","source":"厚生労働省 食品衛生申請等システム（オープンデータ）","municipality_code":"22203","municipality_pref":"静岡県","municipality_name":"沼津市","municipality_code_method":"food_exact_coord"},"geometry":{"type":"Point","coordinates":[138.774796,34.969166]}},{"type":"Feature","properties":{"layer_id":"cafe_restaurant","name":"西伊豆今宵","category":"food","address":"静岡県沼津市戸田３８７８－８６","source":"厚生労働省 食品衛生申請等システム（オープンデータ）","municipality_code":"22203","municipality_pref":"静岡県","municipality_name":"沼津市","municipality_code_method":"food_exact_coord"},"geometry":{"type":"Point","coordinates":[138.763932,34.970516]}},{"type":"Feature","properties":{"layer_id":"cafe_restaurant","name":"天空テラス","category":"food","address":"静岡県沼津市戸田３８７８－７２","source":"厚生労働省 食品衛生申請等システム（オープンデータ）","municipality_code":"22203","municipality_pref":"静岡県","municipality_name":"沼津市","municipality_code_method":"food_exact_coord"},"geometry":{"type":"Point","coordinates":[138.800662,34.96422]}},{"type":"Feature","properties":{"layer_id":"cafe_restaurant","name":"ビュッフェダイニング　テラス","category":"food","address":"静岡県沼津市大手町２－４－８","source":"厚生労働省 食品衛生申請等システム（オープンデータ）","municipality_code":"22203","municipality_pref":"静岡県","municipality_name":"沼津市","municipality_code_method":"food_exact_coord"},"geometry":{"type":"Point","coordinates":[138.861905,35.101233]}},{"type":"Feature","properties":{"layer_id":"cafe_restaurant","category":"food","address":"静岡県沼津市添地町252-1 一階","source":"厚生労働省 食品衛生申請等システム（オープンデータ）","municipality_code":"22203","municipality_pref":"静岡県","municipality_name":"沼津市","municipality_code_method":"food_exact_coord"},"geometry":{"type":"Point","coordinates":[138.856405,35.100839]}},{"type":"Feature","properties":{"layer_id":"cafe_restaurant","category":"food","address":"静岡県沼津市大手町4-5-3 コア大手町2F","source":"厚生労働省 食品衛生申請等システム（オープンデータ）","municipality_code":"22203","municipality_pref":"静岡県","municipality_name":"沼津市","municipality_code_method":"food_exact_coord"},"geometry":{"type":"Point","coordinates":[138.858459,35.098596]}},{"type":"Feature","properties":{"layer_id":"cafe_restaurant","category":"food","address":"静岡県沼津市添地町135","source":"厚生労働省 食品衛生申請等システム（オープンデータ）","municipality_code":"22203","municipality_pref":"静岡県","municipality_name":"沼津市","municipality_code_method":"food_exact_coord"},"geometry":{"type":"Point","coordinates":[138.856182,35.100846]}},{"type":"Feature","properties":{"layer_id":"cafe_restaurant","name":"お結び","category":"food","address":"静岡県沼津市高島町28‐12 竹内店舗1F","source":"厚生労働省 食品衛生申請等システム（オープンデータ）","municipality_code":"22203","municipality_pref":"静岡県","municipality_name":"沼津市","municipality_code_method":"food_exact_coord"},"geometry":{"type":"Point","coordinates":[138.858125,35.106334]}},{"type":"Feature","properties":{"layer_id":"cafe_restaurant","name":"あじ～る","category":"food","address":"静岡県沼津市新沢田町20-2 沢田荘102","source":"厚生労働省 食品衛生申請等システム（オープンデータ）","municipality_code":"22203","municipality_pref":"静岡県","municipality_name":"沼津市","municipality_code_method":"food_exact_coord"},"geometry":{"type":"Point","coordinates":[138.852997,35.119079]}},{"type":"Feature","properties":{"layer_id":"cafe_restaurant","name":"にくきゅうずカフェ","category":"food","address":"静岡県沼津市青野54-6","source":"厚生労働省 食品衛生申請等システム（オープンデータ）","municipality_code":"22203","municipality_pref":"静岡県","municipality_name":"沼津市","municipality_code_method":"food_exact_coord"},"geometry":{"type":"Point","coordinates":[138.804401,35.135737]}},{"type":"Feature","properties":{"layer_id":"cafe_restaurant","name":"有限会社ヤマサン　沼津８８３う２６３０","category":"food","address":"静岡県沼津市西浦久連２－２４","source":"厚生労働省 食品衛生申請等システム（オープンデータ）","municipality_code":"22203","municipality_pref":"静岡県","municipality_name":"沼津市","municipality_code_method":"food_exact_coord"},"geometry":{"type":"Point","coordinates":[138.869286,35.02068]}},{"type":"Feature","properties":{"layer_id":"cafe_restaurant","name":"印度屋キッチン・ダバ","category":"food","address":"静岡県沼津市江原町１５－５３","source":"厚生労働省 食品衛生申請等システム（オープンデータ）","municipality_code":"22203","municipality_pref":"静岡県","municipality_name":"沼津市","municipality_code_method":"food_exact_coord"},"geometry":{"type":"Point","coordinates":[138.860117,35.119683]}},{"type":"Feature","properties":{"layer_id":"cafe_restaurant","name":"喫茶みやしげ","category":"food","address":"静岡県沼津市原1200-1","source":"厚生労働省 食品衛生申請等システム（オープンデータ）","municipality_code":"22203","municipality_pref":"静岡県","municipality_name":"沼津市","municipality_code_method":"food_exact_coord"},"geometry":{"type":"Point","coordinates":[138.793754,35.128962]}},{"type":"Feature","properties":{"layer_id":"cafe_restaurant","name":"STAR MOON","category":"food","address":"静岡県沼津市西島町１２－１ まちかど１０３","source":"厚生労働省 食品衛生申請等システム（オープンデータ）","municipality_code":"22203","municipality_pref":"静岡県","municipality_name":"沼津市","municipality_code_method":"food_exact_coord"},"geometry":{"type":"Point","coordinates":[138.864036,35.086687]}},{"type":"Feature","properties":{"layer_id":"cafe_restaurant","name":"dounoura food truck tokushima","category":"food","address":"静岡県沼津市千本港町128-3","source":"厚生労働省 食品衛生申請等システム（オープンデータ）","municipality_code":"22203","municipality_pref":"静岡県","municipality_name":"沼津市","municipality_code_method":"food_exact_coord"},"geometry":{"type":"Point","coordinates":[138.856211,35.081229]}},{"type":"Feature","properties":{"layer_id":"cafe_restaurant","name":"熱海ゴールデンアイ沼津店","category":"food","address":"静岡県沼津市下香貫島郷2976-5 ふじ田店舗　中号室","source":"厚生労働省 食品衛生申請等システム（オープンデータ）","municipality_code":"22203","municipality_pref":"静岡県","municipality_name":"沼津市","municipality_code_method":"food_exact_coord"},"geometry":{"type":"Point","coordinates":[138.871483,35.0768]}},{"type":"Feature","properties":{"layer_id":"cafe_restaurant","name":"山三ビュウホテル","category":"food","address":"静岡県沼津市内浦三津8‐6","source":"厚生労働省 食品衛生申請等システム（オープンデータ）","municipality_code":"22203","municipality_pref":"静岡県","municipality_name":"沼津市","municipality_code_method":"food_exact_coord"},"geometry":{"type":"Point","coordinates":[138.897264,35.020085]}},{"type":"Feature","properties":{"layer_id":"cafe_restaurant","name":"韓国焼肉　明洞","category":"food","address":"静岡県沼津市大手町5丁目13-4","source":"厚生労働省 食品衛生申請等システム（オープンデータ）","municipality_code":"22203","municipality_pref":"静岡県","municipality_name":"沼津市","municipality_code_method":"food_exact_coord"},"geometry":{"type":"Point","coordinates":[138.857083,35.099713]}},{"type":"Feature","properties":{"layer_id":"cafe_restaurant","name":"キミドリ","category":"food","address":"静岡県沼津市足高220-4","source":"厚生労働省 食品衛生申請等システム（オープンデータ）","municipality_code":"22203","municipality_pref":"静岡県","municipality_name":"沼津市","municipality_code_method":"food_exact_coord"},"geometry":{"type":"Point","coordinates":[138.849919,35.160538]}},{"type":"Feature","properties":{"layer_id":"cafe_restaurant","name":"INDIAN RESTAURANT インド，ネパール料理　GORKHE KHUKURI","category":"food","address":"静岡県沼津市大手町4-3-1 影山ビル1号","source":"厚生労働省 食品衛生申請等システム（オープンデータ）","municipality_code":"22203","municipality_pref":"静岡県","municipality_name":"沼津市","municipality_code_method":"food_exact_coord"},"geometry":{"type":"Point","coordinates":[138.859128,35.099086]}},{"type":"Feature","properties":{"layer_id":"cafe_restaurant","name":"Luck","category":"food","address":"静岡県沼津市添地町１８０番地 YSビル７  1階南店舗","source":"厚生労働省 食品衛生申請等システム（オープンデータ）","municipality_code":"22203","municipality_pref":"静岡県","municipality_name":"沼津市","municipality_code_method":"food_exact_coord"},"geometry":{"type":"Point","coordinates":[138.856361,35.100604]}},{"type":"Feature","properties":{"layer_id":"cafe_restaurant","name":"よしのや","category":"food","address":"静岡県沼津市吉田町３７－１","source":"厚生労働省 食品衛生申請等システム（オープンデータ）","municipality_code":"22203","municipality_pref":"静岡県","municipality_name":"沼津市","municipality_code_method":"food_exact_coord"},"geometry":{"type":"Point","coordinates":[138.863885,35.090409]}},{"type":"Feature","properties":{"layer_id":"cafe_restaurant","name":"Hail Mary","category":"food","address":"静岡県沼津市添地町180 1F北側","source":"厚生労働省 食品衛生申請等システム（オープンデータ）","municipality_code":"22203","municipality_pref":"静岡県","municipality_name":"沼津市","municipality_code_method":"food_exact_coord"},"geometry":{"type":"Point","coordinates":[138.856405,35.100839]}},{"type":"Feature","properties":{"layer_id":"cafe_restaurant","name":"鈴木鮮魚車","category":"food","address":"静岡県沼津市志下３９９－２","source":"厚生労働省 食品衛生申請等システム（オープンデータ）","municipality_code":"22203","municipality_pref":"静岡県","municipality_name":"沼津市","municipality_code_method":"food_exact_coord"},"geometry":{"type":"Point","coordinates":[138.880661,35.063259]}},{"type":"Feature","properties":{"layer_id":"cafe_restaurant","category":"food","address":"静岡県沼津市千本緑町2-2","source":"厚生労働省 食品衛生申請等システム（オープンデータ）","municipality_code":"22203","municipality_pref":"静岡県","municipality_name":"沼津市","municipality_code_method":"food_exact_coord"},"geometry":{"type":"Point","coordinates":[138.852969,35.093482]}},{"type":"Feature","properties":{"layer_id":"cafe_restaurant","name":"麦酒食堂まつおか","category":"food","address":"静岡県沼津市町方町３５番地 鈴佐本店ビル１F","source":"厚生労働省 食品衛生申請等システム（オープンデータ）","municipality_code":"22203","municipality_pref":"静岡県","municipality_name":"沼津市","municipality_code_method":"food_exact_coord"},"geometry":{"type":"Point","coordinates":[138.857523,35.09775]}},{"type":"Feature","properties":{"layer_id":"cafe_restaurant","name":"キッチン・とり・トリート","category":"food","address":"静岡県沼津市大手町1-1-5","source":"厚生労働省 食品衛生申請等システム（オープンデータ）","municipality_code":"22203","municipality_pref":"静岡県","municipality_name":"沼津市","municipality_code_method":"food_exact_coord"},"geometry":{"type":"Point","coordinates":[138.860965,35.104002]}},{"type":"Feature","properties":{"layer_id":"cafe_restaurant","name":"Marie Heart","category":"food","address":"静岡県沼津市高島町4番8号 脇野ビル1階中","source":"厚生労働省 食品衛生申請等システム（オープンデータ）","municipality_code":"22203","municipality_pref":"静岡県","municipality_name":"沼津市","municipality_code_method":"food_exact_coord"},"geometry":{"type":"Point","coordinates":[138.858861,35.105217]}},{"type":"Feature","properties":{"layer_id":"cafe_restaurant","name":"鉄唱","category":"food","address":"静岡県沼津市上香貫三園町1381-1","source":"厚生労働省 食品衛生申請等システム（オープンデータ）","municipality_code":"22203","municipality_pref":"静岡県","municipality_name":"沼津市","municipality_code_method":"food_exact_coord"},"geometry":{"type":"Point","coordinates":[138.867623,35.085777]}},{"type":"Feature","properties":{"layer_id":"cafe_restaurant","name":"蓼","category":"food","address":"静岡県沼津市上香貫三園町 1387-2","source":"厚生労働省 食品衛生申請等システム（オープンデータ）","municipality_code":"22203","municipality_pref":"静岡県","municipality_name":"沼津市","municipality_code_method":"food_exact_coord"},"geometry":{"type":"Point","coordinates":[138.868357,35.085703]}},{"type":"Feature","properties":{"layer_id":"cafe_restaurant","name":"Ｔｈｅ　Ｏｌｄ　Ｂｕｓ","category":"food","address":"静岡県沼津市西浦久料２５３－７","source":"厚生労働省 食品衛生申請等システム（オープンデータ）","municipality_code":"22203","municipality_pref":"静岡県","municipality_name":"沼津市","municipality_code_method":"food_exact_coord"},"geometry":{"type":"Point","coordinates":[138.822136,35.016004]}},{"type":"Feature","properties":{"layer_id":"cafe_restaurant","name":"おはし","category":"food","address":"静岡県沼津市高島町24-21","source":"厚生労働省 食品衛生申請等システム（オープンデータ）","municipality_code":"22203","municipality_pref":"静岡県","municipality_name":"沼津市","municipality_code_method":"food_exact_coord"},"geometry":{"type":"Point","coordinates":[138.856857,35.105446]}},{"type":"Feature","properties":{"layer_id":"cafe_restaurant","name":"ファイン","category":"food","address":"静岡県沼津市松長555","source":"厚生労働省 食品衛生申請等システム（オープンデータ）","municipality_code":"22203","municipality_pref":"静岡県","municipality_name":"沼津市","municipality_code_method":"food_exact_coord"},"geometry":{"type":"Point","coordinates":[138.863539,35.095606]}},{"type":"Feature","properties":{"layer_id":"cafe_restaurant","name":"どらねこ堂","category":"food","address":"静岡県沼津市高島町6-11 寿ビル１F","source":"厚生労働省 食品衛生申請等システム（オープンデータ）","municipality_code":"22203","municipality_pref":"静岡県","municipality_name":"沼津市","municipality_code_method":"food_exact_coord"},"geometry":{"type":"Point","coordinates":[138.859819,35.104618]}},{"type":"Feature","properties":{"layer_id":"cafe_restaurant","name":"凪商店","category":"food","address":"静岡県沼津市戸田158","source":"厚生労働省 食品衛生申請等システム（オープンデータ）","municipality_code":"22203","municipality_pref":"静岡県","municipality_name":"沼津市","municipality_code_method":"food_exact_coord"},"geometry":{"type":"Point","coordinates":[138.778388,34.975043]}},{"type":"Feature","properties":{"layer_id":"cafe_restaurant","name":"Ｂ０７","category":"food","address":"静岡県沼津市添地町１８０番地 ＹＳビル７　２階北側","source":"厚生労働省 食品衛生申請等システム（オープンデータ）","municipality_code":"22203","municipality_pref":"静岡県","municipality_name":"沼津市","municipality_code_method":"food_exact_coord"},"geometry":{"type":"Point","coordinates":[138.856361,35.100604]}},{"type":"Feature","properties":{"layer_id":"cafe_restaurant","name":"釣たこ本舗沼津","category":"food","address":"静岡県沼津市岡一色509","source":"厚生労働省 食品衛生申請等システム（オープンデータ）","municipality_code":"22203","municipality_pref":"静岡県","municipality_name":"沼津市","municipality_code_method":"food_exact_coord"},"geometry":{"type":"Point","coordinates":[138.877812,35.130224]}},{"type":"Feature","properties":{"layer_id":"cafe_restaurant","name":"釣たこ本舗沼津","category":"food","address":"静岡県沼津市岡一色509","source":"厚生労働省 食品衛生申請等システム（オープンデータ）","municipality_code":"22203","municipality_pref":"静岡県","municipality_name":"沼津市","municipality_code_method":"food_exact_coord"},"geometry":{"type":"Point","coordinates":[138.877812,35.130224]}},{"type":"Feature","properties":{"layer_id":"cafe_restaurant","name":"東風食堂","category":"food","address":"静岡県沼津市我入道江川16-24","source":"厚生労働省 食品衛生申請等システム（オープンデータ）","municipality_code":"22203","municipality_pref":"静岡県","municipality_name":"沼津市","municipality_code_method":"food_exact_coord"},"geometry":{"type":"Point","coordinates":[138.863914,35.08159]}},{"type":"Feature","properties":{"layer_id":"cafe_restaurant","name":"台湾料理　福亭","category":"food","address":"静岡県沼津市沼北町２－２０－１２","source":"厚生労働省 食品衛生申請等システム（オープンデータ）","municipality_code":"22203","municipality_pref":"静岡県","municipality_name":"沼津市","municipality_code_method":"food_exact_coord"},"geometry":{"type":"Point","coordinates":[138.852946,35.116057]}},{"type":"Feature","properties":{"layer_id":"cafe_restaurant","name":"cafe Tia","category":"food","address":"静岡県沼津市東椎路871-1 西側","source":"厚生労働省 食品衛生申請等システム（オープンデータ）","municipality_code":"22203","municipality_pref":"静岡県","municipality_name":"沼津市","municipality_code_method":"food_exact_coord"},"geometry":{"type":"Point","coordinates":[138.838333,35.121549]}},{"type":"Feature","properties":{"layer_id":"cafe_restaurant","name":"音酒場HANGOVERS","category":"food","address":"静岡県沼津市大手町5-8-13 セキノビルB1","source":"厚生労働省 食品衛生申請等システム（オープンデータ）","municipality_code":"22203","municipality_pref":"静岡県","municipality_name":"沼津市","municipality_code_method":"food_exact_coord"},"geometry":{"type":"Point","coordinates":[138.857615,35.10076]}},{"type":"Feature","properties":{"layer_id":"cafe_restaurant","name":"居酒屋　ぴぃ","category":"food","address":"静岡県沼津市高島町6-10 高島ビル２階","source":"厚生労働省 食品衛生申請等システム（オープンデータ）","municipality_code":"22203","municipality_pref":"静岡県","municipality_name":"沼津市","municipality_code_method":"food_exact_coord"},"geometry":{"type":"Point","coordinates":[138.85992,35.104613]}},{"type":"Feature","properties":{"layer_id":"cafe_restaurant","name":"ニュ―白坂","category":"food","address":"静岡県沼津市内浦重寺１０ー４７","source":"厚生労働省 食品衛生申請等システム（オープンデータ）","municipality_code":"22203","municipality_pref":"静岡県","municipality_name":"沼津市","municipality_code_method":"food_exact_coord"},"geometry":{"type":"Point","coordinates":[138.896902,35.036362]}},{"type":"Feature","properties":{"layer_id":"cafe_restaurant","name":"韓国料理　ソナム","category":"food","address":"静岡県沼津市平町4-13 木内ハイツ　1階中","source":"厚生労働省 食品衛生申請等システム（オープンデータ）","municipality_code":"22203","municipality_pref":"静岡県","municipality_name":"沼津市","municipality_code_method":"food_exact_coord"},"geometry":{"type":"Point","coordinates":[138.86567,35.101081]}},{"type":"Feature","properties":{"layer_id":"cafe_restaurant","name":"静鉄ホテルプレジオ沼津","category":"food","address":"静岡県沼津市高島町11-2 静鉄ホテルプレジオ沼津","source":"厚生労働省 食品衛生申請等システム（オープンデータ）","municipality_code":"22203","municipality_pref":"静岡県","municipality_name":"沼津市","municipality_code_method":"food_exact_coord"},"geometry":{"type":"Point","coordinates":[138.860981,35.105337]}},{"type":"Feature","properties":{"layer_id":"cafe_restaurant","name":"浜の家","category":"food","address":"静岡県沼津市内浦三津４２－３","source":"厚生労働省 食品衛生申請等システム（オープンデータ）","municipality_code":"22203","municipality_pref":"静岡県","municipality_name":"沼津市","municipality_code_method":"food_exact_coord"},"geometry":{"type":"Point","coordinates":[138.90523,35.023798]}},{"type":"Feature","properties":{"layer_id":"cafe_restaurant","name":"ローストチキン鳥周沼津大岡店","category":"food","address":"静岡県沼津市大岡2132－2 河野アパート102","source":"厚生労働省 食品衛生申請等システム（オープンデータ）","municipality_code":"22203","municipality_pref":"静岡県","municipality_name":"沼津市","municipality_code_method":"food_exact_coord"},"geometry":{"type":"Point","coordinates":[138.871771,35.11729]}},{"type":"Feature","properties":{"layer_id":"cafe_restaurant","name":"株式会社シーユーシー・フーズ","category":"food","address":"静岡県沼津市下香貫島郷2773－1 瀬尾記念慶友病院内シーユーシー・フーズ","source":"厚生労働省 食品衛生申請等システム（オープンデータ）","municipality_code":"22203","municipality_pref":"静岡県","municipality_name":"沼津市","municipality_code_method":"food_exact_coord"},"geometry":{"type":"Point","coordinates":[138.8721,35.074972]}},{"type":"Feature","properties":{"layer_id":"cafe_restaurant","name":"牛楽","category":"food","address":"静岡県沼津市下香貫島郷２９７６－６","source":"厚生労働省 食品衛生申請等システム（オープンデータ）","municipality_code":"22203","municipality_pref":"静岡県","municipality_name":"沼津市","municipality_code_method":"food_exact_coord"},"geometry":{"type":"Point","coordinates":[138.871522,35.076494]}},{"type":"Feature","properties":{"layer_id":"cafe_restaurant","name":"ひょうたん寿司","category":"food","address":"静岡県沼津市下香貫前原１４９２－７","source":"厚生労働省 食品衛生申請等システム（オープンデータ）","municipality_code":"22203","municipality_pref":"静岡県","municipality_name":"沼津市","municipality_code_method":"food_exact_coord"},"geometry":{"type":"Point","coordinates":[138.87803,35.078706]}},{"type":"Feature","properties":{"layer_id":"cafe_restaurant","name":"悟空","category":"food","address":"静岡県沼津市下香貫２２５０－２","source":"厚生労働省 食品衛生申請等システム（オープンデータ）","municipality_code":"22203","municipality_pref":"静岡県","municipality_name":"沼津市","municipality_code_method":"food_exact_coord"},"geometry":{"type":"Point","coordinates":[138.871606,35.077989]}},{"type":"Feature","properties":{"layer_id":"cafe_restaurant","name":"和香草","category":"food","address":"静岡県沼津市下香貫木ノ宮８３０－１３","source":"厚生労働省 食品衛生申請等システム（オープンデータ）","municipality_code":"22203","municipality_pref":"静岡県","municipality_name":"沼津市","municipality_code_method":"food_exact_coord"},"geometry":{"type":"Point","coordinates":[138.87803,35.078706]}},{"type":"Feature","properties":{"layer_id":"cafe_restaurant","name":"九龍城","category":"food","address":"静岡県沼津市下香貫前原１４８９－１","source":"厚生労働省 食品衛生申請等システム（オープンデータ）","municipality_code":"22203","municipality_pref":"静岡県","municipality_name":"沼津市","municipality_code_method":"food_exact_coord"},"geometry":{"type":"Point","coordinates":[138.87058,35.07921]}},{"type":"Feature","properties":{"layer_id":"cafe_restaurant","name":"エルマーナ","category":"food","address":"静岡県沼津市南本郷町６－１０","source":"厚生労働省 食品衛生申請等システム（オープンデータ）","municipality_code":"22203","municipality_pref":"静岡県","municipality_name":"沼津市","municipality_code_method":"food_exact_coord"},"geometry":{"type":"Point","coordinates":[138.870305,35.091834]}},{"type":"Feature","properties":{"layer_id":"cafe_restaurant","name":"morph cafe","category":"food","address":"静岡県沼津市大手町5丁目10-2 小熊ビル2F","source":"厚生労働省 食品衛生申請等システム（オープンデータ）","municipality_code":"22203","municipality_pref":"静岡県","municipality_name":"沼津市","municipality_code_method":"food_exact_coord"},"geometry":{"type":"Point","coordinates":[138.857238,35.10148]}},{"type":"Feature","properties":{"layer_id":"cafe_restaurant","name":"Blue Rose","category":"food","address":"静岡県沼津市高島町102-14","source":"厚生労働省 食品衛生申請等システム（オープンデータ）","municipality_code":"22203","municipality_pref":"静岡県","municipality_name":"沼津市","municipality_code_method":"food_exact_coord"},"geometry":{"type":"Point","coordinates":[138.857978,35.104636]}},{"type":"Feature","properties":{"layer_id":"cafe_restaurant","name":"酔処　蜜の味","category":"food","address":"静岡県沼津市大手町1-2-8","source":"厚生労働省 食品衛生申請等システム（オープンデータ）","municipality_code":"22203","municipality_pref":"静岡県","municipality_name":"沼津市","municipality_code_method":"food_exact_coord"},"geometry":{"type":"Point","coordinates":[138.861499,35.102718]}},{"type":"Feature","properties":{"layer_id":"cafe_restaurant","name":"アイスは別腹　沼津港店","category":"food","address":"静岡県沼津市千本港町115-4 沼津港みなと旬彩街","source":"厚生労働省 食品衛生申請等システム（オープンデータ）","municipality_code":"22203","municipality_pref":"静岡県","municipality_name":"沼津市","municipality_code_method":"food_exact_coord"},"geometry":{"type":"Point","coordinates":[138.858554,35.082175]}},{"type":"Feature","properties":{"layer_id":"cafe_restaurant","name":"THIS IS BEER","category":"food","address":"静岡県沼津市大手町5-8-5 大手町Mビル　１階","source":"厚生労働省 食品衛生申請等システム（オープンデータ）","municipality_code":"22203","municipality_pref":"静岡県","municipality_name":"沼津市","municipality_code_method":"food_exact_coord"},"geometry":{"type":"Point","coordinates":[138.858106,35.100779]}},{"type":"Feature","properties":{"layer_id":"cafe_restaurant","name":"北海道　うまいもの館","category":"food","address":"静岡県沼津市東椎路３０１－３ ららぽーと沼津　１４０３０","source":"厚生労働省 食品衛生申請等システム（オープンデータ）","municipality_code":"22203","municipality_pref":"静岡県","municipality_name":"沼津市","municipality_code_method":"food_exact_coord"},"geometry":{"type":"Point","coordinates":[138.841906,35.120419]}},{"type":"Feature","properties":{"layer_id":"cafe_restaurant","name":"レストラン月光","category":"food","address":"静岡県沼津市西浦江梨大瀬崎９８９－２ ２Ｆ","source":"厚生労働省 食品衛生申請等システム（オープンデータ）","municipality_code":"22203","municipality_pref":"静岡県","municipality_name":"沼津市","municipality_code_method":"food_exact_coord"},"geometry":{"type":"Point","coordinates":[138.800169,35.01328]}},{"type":"Feature","properties":{"layer_id":"cafe_restaurant","name":"まちだ","category":"food","address":"静岡県沼津市多比３７４－２３","source":"厚生労働省 食品衛生申請等システム（オープンデータ）","municipality_code":"22203","municipality_pref":"静岡県","municipality_name":"沼津市","municipality_code_method":"food_exact_coord"},"geometry":{"type":"Point","coordinates":[138.903166,35.054413]}},{"type":"Feature","properties":{"layer_id":"cafe_restaurant","name":"濱","category":"food","address":"静岡県沼津市西浦木負１１－１９","source":"厚生労働省 食品衛生申請等システム（オープンデータ）","municipality_code":"22203","municipality_pref":"静岡県","municipality_name":"沼津市","municipality_code_method":"food_exact_coord"},"geometry":{"type":"Point","coordinates":[138.876085,35.01954400000001]}},{"type":"Feature","properties":{"layer_id":"cafe_restaurant","name":"ＥＺＯ　ＳＥＡＦＯＯＤＳ","category":"food","address":"静岡県沼津市口野１４５－１７","source":"厚生労働省 食品衛生申請等システム（オープンデータ）","municipality_code":"22203","municipality_pref":"静岡県","municipality_name":"沼津市","municipality_code_method":"food_exact_coord"},"geometry":{"type":"Point","coordinates":[138.904695,35.042575]}},{"type":"Feature","properties":{"layer_id":"cafe_restaurant","name":"らうんじ　汐彩","category":"food","address":"静岡県沼津市内浦三津７","source":"厚生労働省 食品衛生申請等システム（オープンデータ）","municipality_code":"22203","municipality_pref":"静岡県","municipality_name":"沼津市","municipality_code_method":"food_exact_coord"},"geometry":{"type":"Point","coordinates":[138.90523,35.023798]}},{"type":"Feature","properties":{"layer_id":"cafe_restaurant","name":"松濤館","category":"food","address":"静岡県沼津市内浦三津７","source":"厚生労働省 食品衛生申請等システム（オープンデータ）","municipality_code":"22203","municipality_pref":"静岡県","municipality_name":"沼津市","municipality_code_method":"food_exact_coord"},"geometry":{"type":"Point","coordinates":[138.90523,35.023798]}},{"type":"Feature","properties":{"layer_id":"cafe_restaurant","name":"離宮","category":"food","address":"静岡県沼津市内浦重寺１８６","source":"厚生労働省 食品衛生申請等システム（オープンデータ）","municipality_code":"22203","municipality_pref":"静岡県","municipality_name":"沼津市","municipality_code_method":"food_exact_coord"},"geometry":{"type":"Point","coordinates":[138.899205,35.033598]}},{"type":"Feature","properties":{"layer_id":"cafe_restaurant","name":"うみねカフェ","category":"food","address":"静岡県沼津市内浦重寺１８６ 別棟","source":"厚生労働省 食品衛生申請等システム（オープンデータ）","municipality_code":"22203","municipality_pref":"静岡県","municipality_name":"沼津市","municipality_code_method":"food_exact_coord"},"geometry":{"type":"Point","coordinates":[138.899205,35.033598]}},{"type":"Feature","properties":{"layer_id":"cafe_restaurant","name":"洋食屋しげすず","category":"food","address":"静岡県沼津市大手町4−5−9 東新エイト","source":"厚生労働省 食品衛生申請等システム（オープンデータ）","municipality_code":"22203","municipality_pref":"静岡県","municipality_name":"沼津市","municipality_code_method":"food_exact_coord"},"geometry":{"type":"Point","coordinates":[138.858078,35.098463]}},{"type":"Feature","properties":{"layer_id":"cafe_restaurant","name":"炭火焼肉屋さかい沼津香貫店","category":"food","address":"静岡県沼津市下香貫上障子３９８－１","source":"厚生労働省 食品衛生申請等システム（オープンデータ）","municipality_code":"22203","municipality_pref":"静岡県","municipality_name":"沼津市","municipality_code_method":"food_exact_coord"},"geometry":{"type":"Point","coordinates":[138.868809,35.083759]}},{"type":"Feature","properties":{"layer_id":"cafe_restaurant","name":"ラ　ルーチェ　パッサー","category":"food","address":"静岡県沼津市御幸町１９－５ 香陵ハイツ１０１","source":"厚生労働省 食品衛生申請等システム（オープンデータ）","municipality_code":"22203","municipality_pref":"静岡県","municipality_name":"沼津市","municipality_code_method":"food_exact_coord"},"geometry":{"type":"Point","coordinates":[138.863521,35.094493]}},{"type":"Feature","properties":{"layer_id":"cafe_restaurant","name":"すし　匠","category":"food","address":"静岡県沼津市御幸町１８－６","source":"厚生労働省 食品衛生申請等システム（オープンデータ）","municipality_code":"22203","municipality_pref":"静岡県","municipality_name":"沼津市","municipality_code_method":"food_exact_coord"},"geometry":{"type":"Point","coordinates":[138.863299,35.094875]}},{"type":"Feature","properties":{"layer_id":"cafe_restaurant","name":"酒食や　くいしんぼ","category":"food","address":"静岡県沼津市下香貫塚田２２５１－４","source":"厚生労働省 食品衛生申請等システム（オープンデータ）","municipality_code":"22203","municipality_pref":"静岡県","municipality_name":"沼津市","municipality_code_method":"food_exact_coord"},"geometry":{"type":"Point","coordinates":[138.87803,35.078706]}},{"type":"Feature","properties":{"layer_id":"cafe_restaurant","name":"海のステージ","category":"food","address":"静岡県沼津市西浦木負７６８－９","source":"厚生労働省 食品衛生申請等システム（オープンデータ）","municipality_code":"22203","municipality_pref":"静岡県","municipality_name":"沼津市","municipality_code_method":"food_exact_coord"},"geometry":{"type":"Point","coordinates":[138.876085,35.01954400000001]}},{"type":"Feature","properties":{"layer_id":"cafe_restaurant","name":"PISOLA　沼津店","category":"food","address":"静岡県沼津市三枚橋町１４－１","source":"厚生労働省 食品衛生申請等システム（オープンデータ）","municipality_code":"22203","municipality_pref":"静岡県","municipality_name":"沼津市","municipality_code_method":"food_exact_coord"},"geometry":{"type":"Point","coordinates":[138.862501,35.099219]}},{"type":"Feature","properties":{"layer_id":"cafe_restaurant","name":"イロドリ","category":"food","address":"静岡県沼津市大諏訪645 加藤店舗C","source":"厚生労働省 食品衛生申請等システム（オープンデータ）","municipality_code":"22203","municipality_pref":"静岡県","municipality_name":"沼津市","municipality_code_method":"food_exact_coord"},"geometry":{"type":"Point","coordinates":[138.831321,35.114027]}},{"type":"Feature","properties":{"layer_id":"cafe_restaurant","name":"coco","category":"food","address":"静岡県沼津市西島町12-1 まちかど201","source":"厚生労働省 食品衛生申請等システム（オープンデータ）","municipality_code":"22203","municipality_pref":"静岡県","municipality_name":"沼津市","municipality_code_method":"food_exact_coord"},"geometry":{"type":"Point","coordinates":[138.864036,35.086687]}},{"type":"Feature","properties":{"layer_id":"cafe_restaurant","name":"菜と茶","category":"food","address":"静岡県沼津市岡宮1196-2","source":"厚生労働省 食品衛生申請等システム（オープンデータ）","municipality_code":"22203","municipality_pref":"静岡県","municipality_name":"沼津市","municipality_code_method":"food_exact_coord"},"geometry":{"type":"Point","coordinates":[138.869878,35.136417]}},{"type":"Feature","properties":{"layer_id":"cafe_restaurant","name":"とりう","category":"food","address":"静岡県沼津市大手町5-2-5","source":"厚生労働省 食品衛生申請等システム（オープンデータ）","municipality_code":"22203","municipality_pref":"静岡県","municipality_name":"沼津市","municipality_code_method":"food_exact_coord"},"geometry":{"type":"Point","coordinates":[138.859055,35.101268]}},{"type":"Feature","properties":{"layer_id":"cafe_restaurant","name":"Petite tēe","category":"food","address":"静岡県沼津市八幡町39-1 おざわマンション1F","source":"厚生労働省 食品衛生申請等システム（オープンデータ）","municipality_code":"22203","municipality_pref":"静岡県","municipality_name":"沼津市","municipality_code_method":"food_exact_coord"},"geometry":{"type":"Point","coordinates":[138.856098,35.098506]}},{"type":"Feature","properties":{"layer_id":"cafe_restaurant","name":"栄心","category":"food","address":"静岡県沼津市大手町５丁目１２−３ アライビル 2F","source":"厚生労働省 食品衛生申請等システム（オープンデータ）","municipality_code":"22203","municipality_pref":"静岡県","municipality_name":"沼津市","municipality_code_method":"food_exact_coord"},"geometry":{"type":"Point","coordinates":[138.857214,35.100433]}},{"type":"Feature","properties":{"layer_id":"cafe_restaurant","name":"トラットリア　スオーロ","category":"food","address":"静岡県沼津市高島町７－２ KOKO HOTEL 沼津駅前（1F）","source":"厚生労働省 食品衛生申請等システム（オープンデータ）","municipality_code":"22203","municipality_pref":"静岡県","municipality_name":"沼津市","municipality_code_method":"food_exact_coord"},"geometry":{"type":"Point","coordinates":[138.859747,35.105112]}},{"type":"Feature","properties":{"layer_id":"cafe_restaurant","name":"シエロエッセ","category":"food","address":"静岡県沼津市足高２７５－１ KOKO HOTEL 沼津インター（１Ｆ）","source":"厚生労働省 食品衛生申請等システム（オープンデータ）","municipality_code":"22203","municipality_pref":"静岡県","municipality_name":"沼津市","municipality_code_method":"food_exact_coord"},"geometry":{"type":"Point","coordinates":[138.863235,35.143453]}},{"type":"Feature","properties":{"layer_id":"cafe_restaurant","name":"串カツ　一善","category":"food","address":"静岡県沼津市岡宮１４５８－３３","source":"厚生労働省 食品衛生申請等システム（オープンデータ）","municipality_code":"22203","municipality_pref":"静岡県","municipality_name":"沼津市","municipality_code_method":"food_exact_coord"},"geometry":{"type":"Point","coordinates":[138.867815,35.134492]}},{"type":"Feature","properties":{"layer_id":"cafe_restaurant","name":"ａｉａｉ","category":"food","address":"静岡県沼津市大手町３－５－４ マミヤビル２階","source":"厚生労働省 食品衛生申請等システム（オープンデータ）","municipality_code":"22203","municipality_pref":"静岡県","municipality_name":"沼津市","municipality_code_method":"food_exact_coord"},"geometry":{"type":"Point","coordinates":[138.8597,35.100939]}},{"type":"Feature","properties":{"layer_id":"cafe_restaurant","name":"SEA　HAPPY","category":"food","address":"静岡県沼津市大手町1-1-1 沼津駅ビル　アントレ","source":"厚生労働省 食品衛生申請等システム（オープンデータ）","municipality_code":"22203","municipality_pref":"静岡県","municipality_name":"沼津市","municipality_code_method":"food_exact_coord"},"geometry":{"type":"Point","coordinates":[138.858371,35.102148]}},{"type":"Feature","properties":{"layer_id":"cafe_restaurant","name":"魚与うなぎ店","category":"food","address":"静岡県沼津市末広町２０１","source":"厚生労働省 食品衛生申請等システム（オープンデータ）","municipality_code":"22203","municipality_pref":"静岡県","municipality_name":"沼津市","municipality_code_method":"food_exact_coord"},"geometry":{"type":"Point","coordinates":[138.854201,35.096748]}},{"type":"Feature","properties":{"layer_id":"cafe_restaurant","name":"カフェコルソマルケ38","category":"food","address":"静岡県沼津市東原282-3","source":"厚生労働省 食品衛生申請等システム（オープンデータ）","municipality_code":"22203","municipality_pref":"静岡県","municipality_name":"沼津市","municipality_code_method":"food_exact_coord"},"geometry":{"type":"Point","coordinates":[138.819681,35.130763]}},{"type":"Feature","properties":{"layer_id":"cafe_restaurant","name":"ねこぜ。","category":"food","address":"静岡県沼津市下香貫木ノ宮８３７－８","source":"厚生労働省 食品衛生申請等システム（オープンデータ）","municipality_code":"22203","municipality_pref":"静岡県","municipality_name":"沼津市","municipality_code_method":"food_exact_coord"},"geometry":{"type":"Point","coordinates":[138.88159,35.081572]}},{"type":"Feature","properties":{"layer_id":"cafe_restaurant","name":"インド料理　ガンジス川","category":"food","address":"静岡県沼津市下香貫1177-1","source":"厚生労働省 食品衛生申請等システム（オープンデータ）","municipality_code":"22203","municipality_pref":"静岡県","municipality_name":"沼津市","municipality_code_method":"food_exact_coord"},"geometry":{"type":"Point","coordinates":[138.871606,35.077989]}},{"type":"Feature","properties":{"layer_id":"cafe_restaurant","name":"kebab Boo","category":"food","address":"静岡県沼津市松永555","source":"厚生労働省 食品衛生申請等システム（オープンデータ）","municipality_code":"22203","municipality_pref":"静岡県","municipality_name":"沼津市","municipality_code_method":"food_exact_coord"},"geometry":{"type":"Point","coordinates":[138.82226,35.11789]}},{"type":"Feature","properties":{"layer_id":"cafe_restaurant","name":"麺　百式","category":"food","address":"静岡県沼津市新宿町７－５","source":"厚生労働省 食品衛生申請等システム（オープンデータ）","municipality_code":"22203","municipality_pref":"静岡県","municipality_name":"沼津市","municipality_code_method":"food_exact_coord"},"geometry":{"type":"Point","coordinates":[138.859803,35.107539]}},{"type":"Feature","properties":{"layer_id":"cafe_restaurant","name":"チャギヤ","category":"food","address":"静岡県沼津市高島町22-18 杉本ビル 1F","source":"厚生労働省 食品衛生申請等システム（オープンデータ）","municipality_code":"22203","municipality_pref":"静岡県","municipality_name":"沼津市","municipality_code_method":"food_exact_coord"},"geometry":{"type":"Point","coordinates":[138.857535,35.105354]}},{"type":"Feature","properties":{"layer_id":"cafe_restaurant","name":"鮨まるたく","category":"food","address":"静岡県沼津市戸田376","source":"厚生労働省 食品衛生申請等システム（オープンデータ）","municipality_code":"22203","municipality_pref":"静岡県","municipality_name":"沼津市","municipality_code_method":"food_exact_coord"},"geometry":{"type":"Point","coordinates":[138.778077,34.97125]}},{"type":"Feature","properties":{"layer_id":"cafe_restaurant","name":"親龍飯店","category":"food","address":"静岡県沼津市千本緑町１－１３－１","source":"厚生労働省 食品衛生申請等システム（オープンデータ）","municipality_code":"22203","municipality_pref":"静岡県","municipality_name":"沼津市","municipality_code_method":"food_exact_coord"},"geometry":{"type":"Point","coordinates":[138.852303203,35.092532984]}},{"type":"Feature","properties":{"layer_id":"cafe_restaurant","name":"お食事処せきの","category":"food","address":"静岡県沼津市千本港町１２２","source":"厚生労働省 食品衛生申請等システム（オープンデータ）","municipality_code":"22203","municipality_pref":"静岡県","municipality_name":"沼津市","municipality_code_method":"food_exact_coord"},"geometry":{"type":"Point","coordinates":[138.857888,35.08368]}},{"type":"Feature","properties":{"layer_id":"cafe_restaurant","name":"MISTRAL","category":"food","address":"静岡県沼津市西条町１１５ アベビル１階","source":"厚生労働省 食品衛生申請等システム（オープンデータ）","municipality_code":"22203","municipality_pref":"静岡県","municipality_name":"沼津市","municipality_code_method":"food_exact_coord"},"geometry":{"type":"Point","coordinates":[138.854772651,35.10042078400001]}},{"type":"Feature","properties":{"layer_id":"cafe_restaurant","name":"キャット","category":"food","address":"静岡県沼津市真砂町１４－６","source":"厚生労働省 食品衛生申請等システム（オープンデータ）","municipality_code":"22203","municipality_pref":"静岡県","municipality_name":"沼津市","municipality_code_method":"food_exact_coord"},"geometry":{"type":"Point","coordinates":[138.851104,35.098956]}},{"type":"Feature","properties":{"layer_id":"cafe_restaurant","name":"カフェブラン","category":"food","address":"静岡県沼津市下河原町３－８－４","source":"厚生労働省 食品衛生申請等システム（オープンデータ）","municipality_code":"22203","municipality_pref":"静岡県","municipality_name":"沼津市","municipality_code_method":"food_exact_coord"},"geometry":{"type":"Point","coordinates":[138.855828806,35.088906994]}},{"type":"Feature","properties":{"layer_id":"cafe_restaurant","name":"焼肉　八福","category":"food","address":"静岡県沼津市添地町64","source":"厚生労働省 食品衛生申請等システム（オープンデータ）","municipality_code":"22203","municipality_pref":"静岡県","municipality_name":"沼津市","municipality_code_method":"food_exact_coord"},"geometry":{"type":"Point","coordinates":[138.857254,35.101893]}},{"type":"Feature","properties":{"layer_id":"cafe_restaurant","name":"シュエマンダレー","category":"food","address":"静岡県沼津市高島町3-7 東部エステートビル２階","source":"厚生労働省 食品衛生申請等システム（オープンデータ）","municipality_code":"22203","municipality_pref":"静岡県","municipality_name":"沼津市","municipality_code_method":"food_exact_coord"},"geometry":{"type":"Point","coordinates":[138.858507,35.10514]}},{"type":"Feature","properties":{"layer_id":"cafe_restaurant","name":"Ｔｈｅ ＢＡＲ ＢＲＥＥＺＥ ＢＬＵＥ","category":"food","address":"静岡県沼津市大手町３－３－８ Ｈ１ビル５Ｆ","source":"厚生労働省 食品衛生申請等システム（オープンデータ）","municipality_code":"22203","municipality_pref":"静岡県","municipality_name":"沼津市","municipality_code_method":"food_exact_coord"},"geometry":{"type":"Point","coordinates":[138.861018,35.101321]}},{"type":"Feature","properties":{"layer_id":"cafe_restaurant","name":"洋食やＴｏんｃｈｉんｋａん","category":"food","address":"静岡県沼津市大手町２－３－２ 山口ビル１０２","source":"厚生労働省 食品衛生申請等システム（オープンデータ）","municipality_code":"22203","municipality_pref":"静岡県","municipality_name":"沼津市","municipality_code_method":"food_exact_coord"},"geometry":{"type":"Point","coordinates":[138.862283,35.101197]}},{"type":"Feature","properties":{"layer_id":"cafe_restaurant","name":"大衆酒場　Ｔｅｎ－Ｔｅｎ","category":"food","address":"静岡県沼津市大手町１－２－１ フォーラム壱番館Ｂ１Ｆ","source":"厚生労働省 食品衛生申請等システム（オープンデータ）","municipality_code":"22203","municipality_pref":"静岡県","municipality_name":"沼津市","municipality_code_method":"food_exact_coord"},"geometry":{"type":"Point","coordinates":[138.861162,35.102329]}},{"type":"Feature","properties":{"layer_id":"cafe_restaurant","name":"美酒佳肴　和ら来","category":"food","address":"静岡県沼津市高島町２９－１","source":"厚生労働省 食品衛生申請等システム（オープンデータ）","municipality_code":"22203","municipality_pref":"静岡県","municipality_name":"沼津市","municipality_code_method":"food_exact_coord"},"geometry":{"type":"Point","coordinates":[138.857664,35.106042]}},{"type":"Feature","properties":{"layer_id":"cafe_restaurant","name":"ｓｎａｃｋ　Ａ　ｓｔｏｒｙ","category":"food","address":"静岡県沼津市高島町５－１ 小野澤ビル１階","source":"厚生労働省 食品衛生申請等システム（オープンデータ）","municipality_code":"22203","municipality_pref":"静岡県","municipality_name":"沼津市","municipality_code_method":"food_exact_coord"},"geometry":{"type":"Point","coordinates":[138.859032915,35.104597117]}},{"type":"Feature","properties":{"layer_id":"cafe_restaurant","name":"花みづき","category":"food","address":"静岡県沼津市高島町４－８ 脇野ビル　１Ｆ","source":"厚生労働省 食品衛生申請等システム（オープンデータ）","municipality_code":"22203","municipality_pref":"静岡県","municipality_name":"沼津市","municipality_code_method":"food_exact_coord"},"geometry":{"type":"Point","coordinates":[138.858807668,35.105257901]}},{"type":"Feature","properties":{"layer_id":"cafe_restaurant","name":"久留実","category":"food","address":"静岡県沼津市高島町２０－７ 中央小路","source":"厚生労働省 食品衛生申請等システム（オープンデータ）","municipality_code":"22203","municipality_pref":"静岡県","municipality_name":"沼津市","municipality_code_method":"food_exact_coord"},"geometry":{"type":"Point","coordinates":[138.857139882,35.10409657]}},{"type":"Feature","properties":{"layer_id":"cafe_restaurant","name":"やきとり　みゆき","category":"food","address":"静岡県沼津市高島町２０－１２ 柏原ビル１Ｆ","source":"厚生労働省 食品衛生申請等システム（オープンデータ）","municipality_code":"22203","municipality_pref":"静岡県","municipality_name":"沼津市","municipality_code_method":"food_exact_coord"},"geometry":{"type":"Point","coordinates":[138.857030299,35.104435252]}},{"type":"Feature","properties":{"layer_id":"cafe_restaurant","name":"やじろべえ","category":"food","address":"静岡県沼津市高島町１８－２６","source":"厚生労働省 食品衛生申請等システム（オープンデータ）","municipality_code":"22203","municipality_pref":"静岡県","municipality_name":"沼津市","municipality_code_method":"food_exact_coord"},"geometry":{"type":"Point","coordinates":[138.85692836,35.104042907]}},{"type":"Feature","properties":{"layer_id":"cafe_restaurant","name":"居酒屋　みち","category":"food","address":"静岡県沼津市高島町１８－２２ 高砂横丁","source":"厚生労働省 食品衛生申請等システム（オープンデータ）","municipality_code":"22203","municipality_pref":"静岡県","municipality_name":"沼津市","municipality_code_method":"food_exact_coord"},"geometry":{"type":"Point","coordinates":[138.856554753,35.104122431]}},{"type":"Feature","properties":{"layer_id":"cafe_restaurant","name":"ザ・ベストテン","category":"food","address":"静岡県沼津市高島町１８－２２","source":"厚生労働省 食品衛生申請等システム（オープンデータ）","municipality_code":"22203","municipality_pref":"静岡県","municipality_name":"沼津市","municipality_code_method":"food_exact_coord"},"geometry":{"type":"Point","coordinates":[138.856573,35.104086]}},{"type":"Feature","properties":{"layer_id":"cafe_restaurant","name":"ラーメン太龍","category":"food","address":"静岡県沼津市高島町１７－１","source":"厚生労働省 食品衛生申請等システム（オープンデータ）","municipality_code":"22203","municipality_pref":"静岡県","municipality_name":"沼津市","municipality_code_method":"food_exact_coord"},"geometry":{"type":"Point","coordinates":[138.85769675,35.103658512]}},{"type":"Feature","properties":{"layer_id":"cafe_restaurant","name":"愛利巣","category":"food","address":"静岡県沼津市高島町１５－１ 高島屋マンション１階","source":"厚生労働省 食品衛生申請等システム（オープンデータ）","municipality_code":"22203","municipality_pref":"静岡県","municipality_name":"沼津市","municipality_code_method":"food_exact_coord"},"geometry":{"type":"Point","coordinates":[138.858477166,35.105452357]}},{"type":"Feature","properties":{"layer_id":"cafe_restaurant","name":"ky's","category":"food","address":"静岡県沼津市町方町19","source":"厚生労働省 食品衛生申請等システム（オープンデータ）","municipality_code":"22203","municipality_pref":"静岡県","municipality_name":"沼津市","municipality_code_method":"food_exact_coord"},"geometry":{"type":"Point","coordinates":[138.857292,35.098035]}},{"type":"Feature","properties":{"layer_id":"cafe_restaurant","name":"香港厨房","category":"food","address":"静岡県沼津市東椎路301-3 ららぽーと沼津　10150","source":"厚生労働省 食品衛生申請等システム（オープンデータ）","municipality_code":"22203","municipality_pref":"静岡県","municipality_name":"沼津市","municipality_code_method":"food_exact_coord"},"geometry":{"type":"Point","coordinates":[138.841906,35.120419]}},{"type":"Feature","properties":{"layer_id":"cafe_restaurant","name":"築地苑","category":"food","address":"静岡県沼津市新宿町１９－１０","source":"厚生労働省 食品衛生申請等システム（オープンデータ）","municipality_code":"22203","municipality_pref":"静岡県","municipality_name":"沼津市","municipality_code_method":"food_exact_coord"},"geometry":{"type":"Point","coordinates":[138.859803,35.107539]}},{"type":"Feature","properties":{"layer_id":"cafe_restaurant","name":"ニュー交差点","category":"food","address":"静岡県沼津市高沢町２－１８ （マルスギ小路）","source":"厚生労働省 食品衛生申請等システム（オープンデータ）","municipality_code":"22203","municipality_pref":"静岡県","municipality_name":"沼津市","municipality_code_method":"food_exact_coord"},"geometry":{"type":"Point","coordinates":[138.855367716,35.104237525]}},{"type":"Feature","properties":{"layer_id":"cafe_restaurant","name":"沙樹","category":"food","address":"静岡県沼津市高沢町２－１７","source":"厚生労働省 食品衛生申請等システム（オープンデータ）","municipality_code":"22203","municipality_pref":"静岡県","municipality_name":"沼津市","municipality_code_method":"food_exact_coord"},"geometry":{"type":"Point","coordinates":[138.855264103,35.104246114]}},{"type":"Feature","properties":{"layer_id":"cafe_restaurant","name":"こじか","category":"food","address":"静岡県沼津市高沢町２－１７ 八ちはち小路","source":"厚生労働省 食品衛生申請等システム（オープンデータ）","municipality_code":"22203","municipality_pref":"静岡県","municipality_name":"沼津市","municipality_code_method":"food_exact_coord"},"geometry":{"type":"Point","coordinates":[138.855264103,35.104246114]}},{"type":"Feature","properties":{"layer_id":"cafe_restaurant","name":"CROSS","category":"food","address":"静岡県沼津市大手町5-10-2 小熊ビルB-1","source":"厚生労働省 食品衛生申請等システム（オープンデータ）","municipality_code":"22203","municipality_pref":"静岡県","municipality_name":"沼津市","municipality_code_method":"food_exact_coord"},"geometry":{"type":"Point","coordinates":[138.857238,35.10148]}},{"type":"Feature","properties":{"layer_id":"cafe_restaurant","name":"春来軒","category":"food","address":"静岡県沼津市中沢田３６２","source":"厚生労働省 食品衛生申請等システム（オープンデータ）","municipality_code":"22203","municipality_pref":"静岡県","municipality_name":"沼津市","municipality_code_method":"food_exact_coord"},"geometry":{"type":"Point","coordinates":[138.853121,35.120622]}},{"type":"Feature","properties":{"layer_id":"cafe_restaurant","name":"炭火ヤキトリ とりんちゅ","category":"food","address":"静岡県沼津市大諏訪６７９－５","source":"厚生労働省 食品衛生申請等システム（オープンデータ）","municipality_code":"22203","municipality_pref":"静岡県","municipality_name":"沼津市","municipality_code_method":"food_exact_coord"},"geometry":{"type":"Point","coordinates":[138.831772,35.111793]}},{"type":"Feature","properties":{"layer_id":"cafe_restaurant","name":"セブンーイレブン沼津西沢田店","category":"food","address":"静岡県沼津市西沢田字中村７３６－１","source":"厚生労働省 食品衛生申請等システム（オープンデータ）","municipality_code":"22203","municipality_pref":"静岡県","municipality_name":"沼津市","municipality_code_method":"food_exact_coord"},"geometry":{"type":"Point","coordinates":[138.846028,35.125489]}},{"type":"Feature","properties":{"layer_id":"cafe_restaurant","name":"らぁ麺　次男坊","category":"food","address":"静岡県沼津市西沢田３５３－１","source":"厚生労働省 食品衛生申請等システム（オープンデータ）","municipality_code":"22203","municipality_pref":"静岡県","municipality_name":"沼津市","municipality_code_method":"food_exact_coord"},"geometry":{"type":"Point","coordinates":[138.845917,35.122541]}},{"type":"Feature","properties":{"layer_id":"cafe_restaurant","name":"幻のから揚げ　沼津店","category":"food","address":"静岡県沼津市新沢田町２０－２ 沢田荘１０３","source":"厚生労働省 食品衛生申請等システム（オープンデータ）","municipality_code":"22203","municipality_pref":"静岡県","municipality_name":"沼津市","municipality_code_method":"food_exact_coord"},"geometry":{"type":"Point","coordinates":[138.852928038,35.119023612]}},{"type":"Feature","properties":{"layer_id":"cafe_restaurant","name":"三の藏","category":"food","address":"静岡県沼津市新沢田町１９－９","source":"厚生労働省 食品衛生申請等システム（オープンデータ）","municipality_code":"22203","municipality_pref":"静岡県","municipality_name":"沼津市","municipality_code_method":"food_exact_coord"},"geometry":{"type":"Point","coordinates":[138.853613721,35.11942720700001]}},{"type":"Feature","properties":{"layer_id":"cafe_restaurant","name":"藤元","category":"food","address":"静岡県沼津市若葉町２１－２４","source":"厚生労働省 食品衛生申請等システム（オープンデータ）","municipality_code":"22203","municipality_pref":"静岡県","municipality_name":"沼津市","municipality_code_method":"food_exact_coord"},"geometry":{"type":"Point","coordinates":[138.856914282,35.120826617]}},{"type":"Feature","properties":{"layer_id":"cafe_restaurant","name":"まごころ弁当　沼津店","category":"food","address":"静岡県沼津市東椎路６０３－１","source":"厚生労働省 食品衛生申請等システム（オープンデータ）","municipality_code":"22203","municipality_pref":"静岡県","municipality_name":"沼津市","municipality_code_method":"food_exact_coord"},"geometry":{"type":"Point","coordinates":[138.837145,35.128607]}},{"type":"Feature","properties":{"layer_id":"cafe_restaurant","name":"静岡陶芸美術館","category":"food","address":"静岡県沼津市東椎路５０－１","source":"厚生労働省 食品衛生申請等システム（オープンデータ）","municipality_code":"22203","municipality_pref":"静岡県","municipality_name":"沼津市","municipality_code_method":"food_exact_coord"},"geometry":{"type":"Point","coordinates":[138.842611,35.119943]}},{"type":"Feature","properties":{"layer_id":"cafe_restaurant","name":"Ｎａｇｉ","category":"food","address":"静岡県沼津市大岡２４２４－１０","source":"厚生労働省 食品衛生申請等システム（オープンデータ）","municipality_code":"22203","municipality_pref":"静岡県","municipality_name":"沼津市","municipality_code_method":"food_exact_coord"},"geometry":{"type":"Point","coordinates":[138.882746,35.121268]}},{"type":"Feature","properties":{"layer_id":"cafe_restaurant","name":"ホテル　ハイハイ","category":"food","address":"静岡県沼津市足高字尾上２９１－２２","source":"厚生労働省 食品衛生申請等システム（オープンデータ）","municipality_code":"22203","municipality_pref":"静岡県","municipality_name":"沼津市","municipality_code_method":"food_exact_coord"},"geometry":{"type":"Point","coordinates":[138.851013,35.160663]}},{"type":"Feature","properties":{"layer_id":"cafe_restaurant","name":"竜宮海鮮市場喜多八","category":"food","address":"静岡県沼津市岡宮１２０８－１","source":"厚生労働省 食品衛生申請等システム（オープンデータ）","municipality_code":"22203","municipality_pref":"静岡県","municipality_name":"沼津市","municipality_code_method":"food_exact_coord"},"geometry":{"type":"Point","coordinates":[138.867815,35.134492]}},{"type":"Feature","properties":{"layer_id":"cafe_restaurant","name":"そば　英","category":"food","address":"静岡県沼津市岡一色５２－１ サダンカ１０１","source":"厚生労働省 食品衛生申請等システム（オープンデータ）","municipality_code":"22203","municipality_pref":"静岡県","municipality_name":"沼津市","municipality_code_method":"food_exact_coord"},"geometry":{"type":"Point","coordinates":[138.876716,35.132911]}},{"type":"Feature","properties":{"layer_id":"cafe_restaurant","name":"ちょうか","category":"food","address":"静岡県沼津市岡一色１７１－１","source":"厚生労働省 食品衛生申請等システム（オープンデータ）","municipality_code":"22203","municipality_pref":"静岡県","municipality_name":"沼津市","municipality_code_method":"food_exact_coord"},"geometry":{"type":"Point","coordinates":[138.876716,35.132911]}},{"type":"Feature","properties":{"layer_id":"cafe_restaurant","name":"食事処　だるま","category":"food","address":"静岡県沼津市大塚１０８５－１","source":"厚生労働省 食品衛生申請等システム（オープンデータ）","municipality_code":"22203","municipality_pref":"静岡県","municipality_name":"沼津市","municipality_code_method":"food_exact_coord"},"geometry":{"type":"Point","coordinates":[138.804855916,35.12493357]}},{"type":"Feature","properties":{"layer_id":"cafe_restaurant","name":"象の仔","category":"food","address":"静岡県沼津市青野３６３－１","source":"厚生労働省 食品衛生申請等システム（オープンデータ）","municipality_code":"22203","municipality_pref":"静岡県","municipality_name":"沼津市","municipality_code_method":"food_exact_coord"},"geometry":{"type":"Point","coordinates":[138.813073,35.144773]}},{"type":"Feature","properties":{"layer_id":"cafe_restaurant","name":"有限会社　香林","category":"food","address":"静岡県沼津市西添町１９－１６","source":"厚生労働省 食品衛生申請等システム（オープンデータ）","municipality_code":"22203","municipality_pref":"静岡県","municipality_name":"沼津市","municipality_code_method":"food_exact_coord"},"geometry":{"type":"Point","coordinates":[138.789574,35.129722]}},{"type":"Feature","properties":{"layer_id":"cafe_restaurant","name":"木村魚店","category":"food","address":"静岡県沼津市原９０３－６","source":"厚生労働省 食品衛生申請等システム（オープンデータ）","municipality_code":"22203","municipality_pref":"静岡県","municipality_name":"沼津市","municipality_code_method":"food_exact_coord"},"geometry":{"type":"Point","coordinates":[138.798913638,35.125297154]}},{"type":"Feature","properties":{"layer_id":"cafe_restaurant","name":"海王","category":"food","address":"静岡県沼津市原７７２－３","source":"厚生労働省 食品衛生申請等システム（オープンデータ）","municipality_code":"22203","municipality_pref":"静岡県","municipality_name":"沼津市","municipality_code_method":"food_exact_coord"},"geometry":{"type":"Point","coordinates":[138.786266113,35.128853248]}},{"type":"Feature","properties":{"layer_id":"cafe_restaurant","name":"小政","category":"food","address":"静岡県沼津市柳沢１７－１","source":"厚生労働省 食品衛生申請等システム（オープンデータ）","municipality_code":"22203","municipality_pref":"静岡県","municipality_name":"沼津市","municipality_code_method":"food_exact_coord"},"geometry":{"type":"Point","coordinates":[138.817627,35.139212]}},{"type":"Feature","properties":{"layer_id":"cafe_restaurant","name":"沼津Ｂｏｏｓｔ","category":"food","address":"静岡県沼津市町方町５３－２ １Ｆ","source":"厚生労働省 食品衛生申請等システム（オープンデータ）","municipality_code":"22203","municipality_pref":"静岡県","municipality_name":"沼津市","municipality_code_method":"food_exact_coord"},"geometry":{"type":"Point","coordinates":[138.857188043,35.096950951]}},{"type":"Feature","properties":{"layer_id":"cafe_restaurant","name":"商兵衛","category":"food","address":"静岡県沼津市町方町４","source":"厚生労働省 食品衛生申請等システム（オープンデータ）","municipality_code":"22203","municipality_pref":"静岡県","municipality_name":"沼津市","municipality_code_method":"food_exact_coord"},"geometry":{"type":"Point","coordinates":[138.857944538,35.098208231]}},{"type":"Feature","properties":{"layer_id":"cafe_restaurant","name":"創作酒場　隠れ日","category":"food","address":"静岡県沼津市町方町３３ 西ビルＢ１Ｆ","source":"厚生労働省 食品衛生申請等システム（オープンデータ）","municipality_code":"22203","municipality_pref":"静岡県","municipality_name":"沼津市","municipality_code_method":"food_exact_coord"},"geometry":{"type":"Point","coordinates":[138.857593719,35.097855607]}},{"type":"Feature","properties":{"layer_id":"cafe_restaurant","name":"一瓢","category":"food","address":"静岡県沼津市町方町３０","source":"厚生労働省 食品衛生申請等システム（オープンデータ）","municipality_code":"22203","municipality_pref":"静岡県","municipality_name":"沼津市","municipality_code_method":"food_exact_coord"},"geometry":{"type":"Point","coordinates":[138.85748,35.097886]}},{"type":"Feature","properties":{"layer_id":"cafe_restaurant","name":"炙や勘右エ門","category":"food","address":"静岡県沼津市大手町４－２－１１ シゲノブビル２Ｆ","source":"厚生労働省 食品衛生申請等システム（オープンデータ）","municipality_code":"22203","municipality_pref":"静岡県","municipality_name":"沼津市","municipality_code_method":"food_exact_coord"},"geometry":{"type":"Point","coordinates":[138.860107,35.098273]}},{"type":"Feature","properties":{"layer_id":"cafe_restaurant","name":"酛もと","category":"food","address":"静岡県沼津市上土町８５－２","source":"厚生労働省 食品衛生申請等システム（オープンデータ）","municipality_code":"22203","municipality_pref":"静岡県","municipality_name":"沼津市","municipality_code_method":"food_exact_coord"},"geometry":{"type":"Point","coordinates":[138.858078031,35.098125623]}},{"type":"Feature","properties":{"layer_id":"cafe_restaurant","name":"浜忠","category":"food","address":"静岡県沼津市上土町８０","source":"厚生労働省 食品衛生申請等システム（オープンデータ）","municipality_code":"22203","municipality_pref":"静岡県","municipality_name":"沼津市","municipality_code_method":"food_exact_coord"},"geometry":{"type":"Point","coordinates":[138.858270783,35.098134353]}},{"type":"Feature","properties":{"layer_id":"cafe_restaurant","name":"エームＳＪ１８０２－１","category":"food","address":"静岡県沼津市大岡２０６８－３","source":"厚生労働省 食品衛生申請等システム（オープンデータ）","municipality_code":"22203","municipality_pref":"静岡県","municipality_name":"沼津市","municipality_code_method":"food_exact_coord"},"geometry":{"type":"Point","coordinates":[138.882746,35.121268]}},{"type":"Feature","properties":{"layer_id":"cafe_restaurant","name":"エームＳＪ１８０２－３","category":"food","address":"静岡県沼津市大岡２０６８－３","source":"厚生労働省 食品衛生申請等システム（オープンデータ）","municipality_code":"22203","municipality_pref":"静岡県","municipality_name":"沼津市","municipality_code_method":"food_exact_coord"},"geometry":{"type":"Point","coordinates":[138.882746,35.121268]}},{"type":"Feature","properties":{"layer_id":"cafe_restaurant","name":"エームＳＪ１８０２－２","category":"food","address":"静岡県沼津市大岡２０６８－３","source":"厚生労働省 食品衛生申請等システム（オープンデータ）","municipality_code":"22203","municipality_pref":"静岡県","municipality_name":"沼津市","municipality_code_method":"food_exact_coord"},"geometry":{"type":"Point","coordinates":[138.882746,35.121268]}},{"type":"Feature","properties":{"layer_id":"cafe_restaurant","name":"沼津情報・ビジネス専門学校","category":"food","address":"静岡県沼津市西条町１７－１","source":"厚生労働省 食品衛生申請等システム（オープンデータ）","municipality_code":"22203","municipality_pref":"静岡県","municipality_name":"沼津市","municipality_code_method":"food_exact_coord"},"geometry":{"type":"Point","coordinates":[138.85452001,35.102142669]}},{"type":"Feature","properties":{"layer_id":"cafe_restaurant","name":"丸亀製麺沼津","category":"food","address":"静岡県沼津市岡一色４７１－３","source":"厚生労働省 食品衛生申請等システム（オープンデータ）","municipality_code":"22203","municipality_pref":"静岡県","municipality_name":"沼津市","municipality_code_method":"food_exact_coord"},"geometry":{"type":"Point","coordinates":[138.872964,35.133764]}},{"type":"Feature","properties":{"layer_id":"cafe_restaurant","name":"Ｂｉｓｔｒｏ　Ｃｏｕｃｏｕ","category":"food","address":"静岡県沼津市大手町５－４－２１ 沼’ｓ３４ビル１Ｆ","source":"厚生労働省 食品衛生申請等システム（オープンデータ）","municipality_code":"22203","municipality_pref":"静岡県","municipality_name":"沼津市","municipality_code_method":"food_exact_coord"},"geometry":{"type":"Point","coordinates":[138.858482,35.100382]}},{"type":"Feature","properties":{"layer_id":"cafe_restaurant","name":"日本料理　真乃文","category":"food","address":"静岡県沼津市添地町１１７ 半田ビル１Ｆ","source":"厚生労働省 食品衛生申請等システム（オープンデータ）","municipality_code":"22203","municipality_pref":"静岡県","municipality_name":"沼津市","municipality_code_method":"food_exact_coord"},"geometry":{"type":"Point","coordinates":[138.856009,35.100853]}},{"type":"Feature","properties":{"layer_id":"cafe_restaurant","name":"アジェンダ","category":"food","address":"静岡県沼津市添地町１２８ クインテットビル　１Ｆ","source":"厚生労働省 食品衛生申請等システム（オープンデータ）","municipality_code":"22203","municipality_pref":"静岡県","municipality_name":"沼津市","municipality_code_method":"food_exact_coord"},"geometry":{"type":"Point","coordinates":[138.856311,35.100882]}},{"type":"Feature","properties":{"layer_id":"cafe_restaurant","name":"本店満月","category":"food","address":"静岡県沼津市大岡２０５７－４","source":"厚生労働省 食品衛生申請等システム（オープンデータ）","municipality_code":"22203","municipality_pref":"静岡県","municipality_name":"沼津市","municipality_code_method":"food_exact_coord"},"geometry":{"type":"Point","coordinates":[138.882746,35.121268]}},{"type":"Feature","properties":{"layer_id":"cafe_restaurant","name":"らーめんブッチャー　沼津店","category":"food","address":"静岡県沼津市大岡１９６１－１ 白木屋ビル１Ｆ","source":"厚生労働省 食品衛生申請等システム（オープンデータ）","municipality_code":"22203","municipality_pref":"静岡県","municipality_name":"沼津市","municipality_code_method":"food_exact_coord"},"geometry":{"type":"Point","coordinates":[138.882746,35.121268]}},{"type":"Feature","properties":{"layer_id":"cafe_restaurant","name":"眞智蕎麦","category":"food","address":"静岡県沼津市大岡１９５９－１０","source":"厚生労働省 食品衛生申請等システム（オープンデータ）","municipality_code":"22203","municipality_pref":"静岡県","municipality_name":"沼津市","municipality_code_method":"food_exact_coord"},"geometry":{"type":"Point","coordinates":[138.882746,35.121268]}},{"type":"Feature","properties":{"layer_id":"cafe_restaurant","name":"源氏","category":"food","address":"静岡県沼津市大岡１８１１－１","source":"厚生労働省 食品衛生申請等システム（オープンデータ）","municipality_code":"22203","municipality_pref":"静岡県","municipality_name":"沼津市","municipality_code_method":"food_exact_coord"},"geometry":{"type":"Point","coordinates":[138.882746,35.121268]}},{"type":"Feature","properties":{"layer_id":"cafe_restaurant","name":"セブン－イレブン　沼津大岡店","category":"food","address":"静岡県沼津市大岡１７４８－１","source":"厚生労働省 食品衛生申請等システム（オープンデータ）","municipality_code":"22203","municipality_pref":"静岡県","municipality_name":"沼津市","municipality_code_method":"food_exact_coord"},"geometry":{"type":"Point","coordinates":[138.882746,35.121268]}},{"type":"Feature","properties":{"layer_id":"cafe_restaurant","name":"旬彩料理　ぎんなん","category":"food","address":"静岡県沼津市西条町１１７－１","source":"厚生労働省 食品衛生申請等システム（オープンデータ）","municipality_code":"22203","municipality_pref":"静岡県","municipality_name":"沼津市","municipality_code_method":"food_exact_coord"},"geometry":{"type":"Point","coordinates":[138.854739,35.100772]}},{"type":"Feature","properties":{"layer_id":"cafe_restaurant","name":"海老寿","category":"food","address":"静岡県沼津市日の出町２－５４","source":"厚生労働省 食品衛生申請等システム（オープンデータ）","municipality_code":"22203","municipality_pref":"静岡県","municipality_name":"沼津市","municipality_code_method":"food_exact_coord"},"geometry":{"type":"Point","coordinates":[138.867686,35.108626]}},{"type":"Feature","properties":{"layer_id":"cafe_restaurant","name":"Ｓｏｆｔ","category":"food","address":"静岡県沼津市杉崎町１３－３２ 奈良橋ビル１Ｆ","source":"厚生労働省 食品衛生申請等システム（オープンデータ）","municipality_code":"22203","municipality_pref":"静岡県","municipality_name":"沼津市","municipality_code_method":"food_exact_coord"},"geometry":{"type":"Point","coordinates":[138.865425,35.110357]}},{"type":"Feature","properties":{"layer_id":"cafe_restaurant","name":"珠路","category":"food","address":"静岡県沼津市筒井町７－１０ 大黒ビル１Ｆ","source":"厚生労働省 食品衛生申請等システム（オープンデータ）","municipality_code":"22203","municipality_pref":"静岡県","municipality_name":"沼津市","municipality_code_method":"food_exact_coord"},"geometry":{"type":"Point","coordinates":[138.863999,35.119965]}},{"type":"Feature","properties":{"layer_id":"cafe_restaurant","name":"セブンイレブン沼津学園通り","category":"food","address":"静岡県沼津市三枚橋荒田６８６－６","source":"厚生労働省 食品衛生申請等システム（オープンデータ）","municipality_code":"22203","municipality_pref":"静岡県","municipality_name":"沼津市","municipality_code_method":"food_exact_coord"},"geometry":{"type":"Point","coordinates":[138.8673,35.115409]}},{"type":"Feature","properties":{"layer_id":"cafe_restaurant","name":"すし処　うね田","category":"food","address":"静岡県沼津市三枚橋７０５－１１","source":"厚生労働省 食品衛生申請等システム（オープンデータ）","municipality_code":"22203","municipality_pref":"静岡県","municipality_name":"沼津市","municipality_code_method":"food_exact_coord"},"geometry":{"type":"Point","coordinates":[138.866851,35.112714]}},{"type":"Feature","properties":{"layer_id":"cafe_restaurant","name":"ＢＡＲ　ｍａｚｅ","category":"food","address":"静岡県沼津市高島町２７－１６ 大石ビル１階西３号","source":"厚生労働省 食品衛生申請等システム（オープンデータ）","municipality_code":"22203","municipality_pref":"静岡県","municipality_name":"沼津市","municipality_code_method":"food_exact_coord"},"geometry":{"type":"Point","coordinates":[138.858204358,35.105618288]}},{"type":"Feature","properties":{"layer_id":"cafe_restaurant","name":"Ｐｕｂ Ｊｅｗｅｌ","category":"food","address":"静岡県沼津市高島町２２－１３ タワーボックスビル１Ｆ","source":"厚生労働省 食品衛生申請等システム（オープンデータ）","municipality_code":"22203","municipality_pref":"静岡県","municipality_name":"沼津市","municipality_code_method":"food_exact_coord"},"geometry":{"type":"Point","coordinates":[138.857304,35.105417]}},{"type":"Feature","properties":{"layer_id":"cafe_restaurant","name":"ＨＩＴ","category":"food","address":"静岡県沼津市高島町２１－２１ 古屋ビル２Ｆ","source":"厚生労働省 食品衛生申請等システム（オープンデータ）","municipality_code":"22203","municipality_pref":"静岡県","municipality_name":"沼津市","municipality_code_method":"food_exact_coord"},"geometry":{"type":"Point","coordinates":[138.858155273,35.105246821]}},{"type":"Feature","properties":{"layer_id":"cafe_restaurant","name":"カフェド　旅路","category":"food","address":"静岡県沼津市高沢町７－１ 服部レディスプラザ１階Ｆ","source":"厚生労働省 食品衛生申請等システム（オープンデータ）","municipality_code":"22203","municipality_pref":"静岡県","municipality_name":"沼津市","municipality_code_method":"food_exact_coord"},"geometry":{"type":"Point","coordinates":[138.854689132,35.105339174]}},{"type":"Feature","properties":{"layer_id":"cafe_restaurant","name":"ｃａｆｅ ＆ ｂａｌ Ｐｏｐｏｌｏ","category":"food","address":"静岡県沼津市共栄町１－２","source":"厚生労働省 食品衛生申請等システム（オープンデータ）","municipality_code":"22203","municipality_pref":"静岡県","municipality_name":"沼津市","municipality_code_method":"food_exact_coord"},"geometry":{"type":"Point","coordinates":[138.869715,35.119497]}},{"type":"Feature","properties":{"layer_id":"cafe_restaurant","name":"イン　タイ","category":"food","address":"静岡県沼津市添地町７１ 第二青秀ビル１階","source":"厚生労働省 食品衛生申請等システム（オープンデータ）","municipality_code":"22203","municipality_pref":"静岡県","municipality_name":"沼津市","municipality_code_method":"food_exact_coord"},"geometry":{"type":"Point","coordinates":[138.856311,35.100882]}},{"type":"Feature","properties":{"layer_id":"cafe_restaurant","name":"ＳＮＡＣＫみゆき","category":"food","address":"静岡県沼津市添地町１７１","source":"厚生労働省 食品衛生申請等システム（オープンデータ）","municipality_code":"22203","municipality_pref":"静岡県","municipality_name":"沼津市","municipality_code_method":"food_exact_coord"},"geometry":{"type":"Point","coordinates":[138.856311,35.100882]}},{"type":"Feature","properties":{"layer_id":"cafe_restaurant","name":"麗人飯店","category":"food","address":"静岡県沼津市高島町２８－５","source":"厚生労働省 食品衛生申請等システム（オープンデータ）","municipality_code":"22203","municipality_pref":"静岡県","municipality_name":"沼津市","municipality_code_method":"food_exact_coord"},"geometry":{"type":"Point","coordinates":[138.857746265,35.106048426]}},{"type":"Feature","properties":{"layer_id":"cafe_restaurant","name":"ジョンブル","category":"food","address":"静岡県沼津市添地町１２３ 123ビル３F","source":"厚生労働省 食品衛生申請等システム（オープンデータ）","municipality_code":"22203","municipality_pref":"静岡県","municipality_name":"沼津市","municipality_code_method":"food_exact_coord"},"geometry":{"type":"Point","coordinates":[138.856311,35.100882]}},{"type":"Feature","properties":{"layer_id":"cafe_restaurant","name":"韓’ｓ","category":"food","address":"静岡県沼津市大手町５－３－１０","source":"厚生労働省 食品衛生申請等システム（オープンデータ）","municipality_code":"22203","municipality_pref":"静岡県","municipality_name":"沼津市","municipality_code_method":"food_exact_coord"},"geometry":{"type":"Point","coordinates":[138.858585234,35.100580578]}},{"type":"Feature","properties":{"layer_id":"cafe_restaurant","name":"来来亭　リコー通り店","category":"food","address":"静岡県沼津市北高島町５－７","source":"厚生労働省 食品衛生申請等システム（オープンデータ）","municipality_code":"22203","municipality_pref":"静岡県","municipality_name":"沼津市","municipality_code_method":"food_exact_coord"},"geometry":{"type":"Point","coordinates":[138.859454091,35.112916215]}},{"type":"Feature","properties":{"layer_id":"cafe_restaurant","name":"鮨長","category":"food","address":"静岡県沼津市八幡町１２５","source":"厚生労働省 食品衛生申請等システム（オープンデータ）","municipality_code":"22203","municipality_pref":"静岡県","municipality_name":"沼津市","municipality_code_method":"food_exact_coord"},"geometry":{"type":"Point","coordinates":[138.855633,35.098022]}},{"type":"Feature","properties":{"layer_id":"cafe_restaurant","name":"鉄板焼　会","category":"food","address":"静岡県沼津市上土町１００－１","source":"厚生労働省 食品衛生申請等システム（オープンデータ）","municipality_code":"22203","municipality_pref":"静岡県","municipality_name":"沼津市","municipality_code_method":"food_exact_coord"},"geometry":{"type":"Point","coordinates":[138.858495345,35.096941218]}},{"type":"Feature","properties":{"layer_id":"cafe_restaurant","name":"麺乃　野狐禅","category":"food","address":"静岡県沼津市大諏訪６４５","source":"厚生労働省 食品衛生申請等システム（オープンデータ）","municipality_code":"22203","municipality_pref":"静岡県","municipality_name":"沼津市","municipality_code_method":"food_exact_coord"},"geometry":{"type":"Point","coordinates":[138.831772,35.111793]}},{"type":"Feature","properties":{"layer_id":"cafe_restaurant","name":"旬彩酒房　小梅","category":"food","address":"静岡県沼津市大手町５－１３－３","source":"厚生労働省 食品衛生申請等システム（オープンデータ）","municipality_code":"22203","municipality_pref":"静岡県","municipality_name":"沼津市","municipality_code_method":"food_exact_coord"},"geometry":{"type":"Point","coordinates":[138.857261862,35.09974847]}},{"type":"Feature","properties":{"layer_id":"cafe_restaurant","name":"新串ざる本舗","category":"food","address":"静岡県沼津市大手町３－５－２３","source":"厚生労働省 食品衛生申請等システム（オープンデータ）","municipality_code":"22203","municipality_pref":"静岡県","municipality_name":"沼津市","municipality_code_method":"food_exact_coord"},"geometry":{"type":"Point","coordinates":[138.85934,35.100776]}},{"type":"Feature","properties":{"layer_id":"cafe_restaurant","name":"ホテル　ジャンプ","category":"food","address":"静岡県沼津市足高３６８－３０","source":"厚生労働省 食品衛生申請等システム（オープンデータ）","municipality_code":"22203","municipality_pref":"静岡県","municipality_name":"沼津市","municipality_code_method":"food_exact_coord"},"geometry":{"type":"Point","coordinates":[138.851013,35.160663]}},{"type":"Feature","properties":{"layer_id":"cafe_restaurant","name":"有限会社悟空","category":"food","address":"静岡県沼津市双葉町５－７","source":"厚生労働省 食品衛生申請等システム（オープンデータ）","municipality_code":"22203","municipality_pref":"静岡県","municipality_name":"沼津市","municipality_code_method":"food_exact_coord"},"geometry":{"type":"Point","coordinates":[138.852867821,35.105880666]}},{"type":"Feature","properties":{"layer_id":"cafe_restaurant","name":"お好み焼 とんとん","category":"food","address":"静岡県沼津市八幡町５８－２","source":"厚生労働省 食品衛生申請等システム（オープンデータ）","municipality_code":"22203","municipality_pref":"静岡県","municipality_name":"沼津市","municipality_code_method":"food_exact_coord"},"geometry":{"type":"Point","coordinates":[138.855633,35.098022]}},{"type":"Feature","properties":{"layer_id":"cafe_restaurant","name":"西洋レストラン・ラ・ポンシュ","category":"food","address":"静岡県沼津市高島本町３－５","source":"厚生労働省 食品衛生申請等システム（オープンデータ）","municipality_code":"22203","municipality_pref":"静岡県","municipality_name":"沼津市","municipality_code_method":"food_exact_coord"},"geometry":{"type":"Point","coordinates":[138.856795402,35.108840107]}},{"type":"Feature","properties":{"layer_id":"cafe_restaurant","name":"ウチカフェ　ｎｅａｒ","category":"food","address":"静岡県沼津市原１４１４－１ 第２長澤ビル１０１","source":"厚生労働省 食品衛生申請等システム（オープンデータ）","municipality_code":"22203","municipality_pref":"静岡県","municipality_name":"沼津市","municipality_code_method":"food_exact_coord"},"geometry":{"type":"Point","coordinates":[138.805090593,35.12686761]}},{"type":"Feature","properties":{"layer_id":"cafe_restaurant","name":"天ぷら天清ららぽーと沼津店","category":"food","address":"静岡県沼津市東椎路３０１－３ ららぽーと沼津　１０１７１","source":"厚生労働省 食品衛生申請等システム（オープンデータ）","municipality_code":"22203","municipality_pref":"静岡県","municipality_name":"沼津市","municipality_code_method":"food_exact_coord"},"geometry":{"type":"Point","coordinates":[138.837145,35.128607]}},{"type":"Feature","properties":{"layer_id":"cafe_restaurant","name":"ＪＡＣＫ　ＩＮ　ＴＨＥ　ＤＯＮＵＴＳ","category":"food","address":"静岡県沼津市東椎路３０１－３ ららぽーと沼津　１５０８０","source":"厚生労働省 食品衛生申請等システム（オープンデータ）","municipality_code":"22203","municipality_pref":"静岡県","municipality_name":"沼津市","municipality_code_method":"food_exact_coord"},"geometry":{"type":"Point","coordinates":[138.837145,35.128607]}},{"type":"Feature","properties":{"layer_id":"cafe_restaurant","name":"魚滝","category":"food","address":"静岡県沼津市新沢田町２０－１４","source":"厚生労働省 食品衛生申請等システム（オープンデータ）","municipality_code":"22203","municipality_pref":"静岡県","municipality_name":"沼津市","municipality_code_method":"food_exact_coord"},"geometry":{"type":"Point","coordinates":[138.853065,35.119375]}},{"type":"Feature","properties":{"layer_id":"cafe_restaurant","name":"Marti Sereno","category":"food","address":"静岡県沼津市松長555","source":"厚生労働省 食品衛生申請等システム（オープンデータ）","municipality_code":"22203","municipality_pref":"静岡県","municipality_name":"沼津市","municipality_code_method":"food_exact_coord"},"geometry":{"type":"Point","coordinates":[138.82226,35.11789]}},{"type":"Feature","properties":{"layer_id":"cafe_restaurant","name":"しーらかんすカフェ　沼津港店","category":"food","address":"静岡県沼津市千本港町１２８－１","source":"厚生労働省 食品衛生申請等システム（オープンデータ）","municipality_code":"22203","municipality_pref":"静岡県","municipality_name":"沼津市","municipality_code_method":"food_exact_coord"},"geometry":{"type":"Point","coordinates":[138.857888,35.08368]}},{"type":"Feature","properties":{"layer_id":"cafe_restaurant","name":"ホルモンハウス トンロー","category":"food","address":"静岡県沼津市筒井町９－１ 栗原ビル","source":"厚生労働省 食品衛生申請等システム（オープンデータ）","municipality_code":"22203","municipality_pref":"静岡県","municipality_name":"沼津市","municipality_code_method":"food_exact_coord"},"geometry":{"type":"Point","coordinates":[138.863142,35.121032]}},{"type":"Feature","properties":{"layer_id":"cafe_restaurant","name":"大衆酒場　三十飛　沼津店","category":"food","address":"静岡県沼津市高島町２８－１４","source":"厚生労働省 食品衛生申請等システム（オープンデータ）","municipality_code":"22203","municipality_pref":"静岡県","municipality_name":"沼津市","municipality_code_method":"food_exact_coord"},"geometry":{"type":"Point","coordinates":[138.858238925,35.106234486]}},{"type":"Feature","properties":{"layer_id":"cafe_restaurant","name":"居酒屋パンチョ","category":"food","address":"静岡県沼津市高島町１７－２１ 石川ビル","source":"厚生労働省 食品衛生申請等システム（オープンデータ）","municipality_code":"22203","municipality_pref":"静岡県","municipality_name":"沼津市","municipality_code_method":"food_exact_coord"},"geometry":{"type":"Point","coordinates":[138.857769764,35.104009159]}},{"type":"Feature","properties":{"layer_id":"cafe_restaurant","name":"栄ちゃん","category":"food","address":"静岡県沼津市高沢町７－２６","source":"厚生労働省 食品衛生申請等システム（オープンデータ）","municipality_code":"22203","municipality_pref":"静岡県","municipality_name":"沼津市","municipality_code_method":"food_exact_coord"},"geometry":{"type":"Point","coordinates":[138.854767967,35.105539293]}},{"type":"Feature","properties":{"layer_id":"cafe_restaurant","name":"ｃａｆｅ グラン・ルージュ","category":"food","address":"静岡県沼津市高沢町４－２１","source":"厚生労働省 食品衛生申請等システム（オープンデータ）","municipality_code":"22203","municipality_pref":"静岡県","municipality_name":"沼津市","municipality_code_method":"food_exact_coord"},"geometry":{"type":"Point","coordinates":[138.85445958200003,35.104755744]}},{"type":"Feature","properties":{"layer_id":"cafe_restaurant","name":"ＢＡＲＢＡ","category":"food","address":"静岡県沼津市添地町１５３","source":"厚生労働省 食品衛生申請等システム（オープンデータ）","municipality_code":"22203","municipality_pref":"静岡県","municipality_name":"沼津市","municipality_code_method":"food_exact_coord"},"geometry":{"type":"Point","coordinates":[138.856311,35.100882]}},{"type":"Feature","properties":{"layer_id":"cafe_restaurant","name":"ホテル　沼津イン","category":"food","address":"静岡県沼津市足高字尾上３３７－１","source":"厚生労働省 食品衛生申請等システム（オープンデータ）","municipality_code":"22203","municipality_pref":"静岡県","municipality_name":"沼津市","municipality_code_method":"food_exact_coord"},"geometry":{"type":"Point","coordinates":[138.857307,35.156727]}},{"type":"Feature","properties":{"layer_id":"cafe_restaurant","name":"ミール沼津ゴルフクラブ店　メイン","category":"food","address":"静岡県沼津市足高４４１","source":"厚生労働省 食品衛生申請等システム（オープンデータ）","municipality_code":"22203","municipality_pref":"静岡県","municipality_name":"沼津市","municipality_code_method":"food_exact_coord"},"geometry":{"type":"Point","coordinates":[138.851013,35.160663]}},{"type":"Feature","properties":{"layer_id":"cafe_restaurant","name":"ミール沼津ゴルフクラブ店　バー","category":"food","address":"静岡県沼津市足高４４１","source":"厚生労働省 食品衛生申請等システム（オープンデータ）","municipality_code":"22203","municipality_pref":"静岡県","municipality_name":"沼津市","municipality_code_method":"food_exact_coord"},"geometry":{"type":"Point","coordinates":[138.851013,35.160663]}},{"type":"Feature","properties":{"layer_id":"cafe_restaurant","name":"ミール沼津ゴルフクラブ店　従業員食堂","category":"food","address":"静岡県沼津市足高４４１","source":"厚生労働省 食品衛生申請等システム（オープンデータ）","municipality_code":"22203","municipality_pref":"静岡県","municipality_name":"沼津市","municipality_code_method":"food_exact_coord"},"geometry":{"type":"Point","coordinates":[138.851013,35.160663]}},{"type":"Feature","properties":{"layer_id":"cafe_restaurant","name":"美咲","category":"food","address":"静岡県沼津市高島町２０－２","source":"厚生労働省 食品衛生申請等システム（オープンデータ）","municipality_code":"22203","municipality_pref":"静岡県","municipality_name":"沼津市","municipality_code_method":"food_exact_coord"},"geometry":{"type":"Point","coordinates":[138.857668518,35.104045577]}},{"type":"Feature","properties":{"layer_id":"cafe_restaurant","name":"ブロンコビリー沼津バイパス店","category":"food","address":"静岡県沼津市東熊堂４３９－１","source":"厚生労働省 食品衛生申請等システム（オープンデータ）","municipality_code":"22203","municipality_pref":"静岡県","municipality_name":"沼津市","municipality_code_method":"food_exact_coord"},"geometry":{"type":"Point","coordinates":[138.86152,35.122894]}},{"type":"Feature","properties":{"layer_id":"cafe_restaurant","name":"一歩","category":"food","address":"静岡県沼津市三枚橋町１７－１ 外川ビル","source":"厚生労働省 食品衛生申請等システム（オープンデータ）","municipality_code":"22203","municipality_pref":"静岡県","municipality_name":"沼津市","municipality_code_method":"food_exact_coord"},"geometry":{"type":"Point","coordinates":[138.86252553,35.101071841]}},{"type":"Feature","properties":{"layer_id":"cafe_restaurant","name":"ギックリゴシ","category":"food","address":"静岡県沼津市高島町5-7 ワールドビルII　1階","source":"厚生労働省 食品衛生申請等システム（オープンデータ）","municipality_code":"22203","municipality_pref":"静岡県","municipality_name":"沼津市","municipality_code_method":"food_exact_coord"},"geometry":{"type":"Point","coordinates":[138.85924,35.105112]}},{"type":"Feature","properties":{"layer_id":"cafe_restaurant","name":"静岡県立沼津東高校","category":"food","address":"静岡県沼津市岡宮812","source":"厚生労働省 食品衛生申請等システム（オープンデータ）","municipality_code":"22203","municipality_pref":"静岡県","municipality_name":"沼津市","municipality_code_method":"food_exact_coord"},"geometry":{"type":"Point","coordinates":[138.865957,35.12948]}},{"type":"Feature","properties":{"layer_id":"cafe_restaurant","name":"地産和牛　すき焼き·しゃぶしゃぶ辻-Tsuji-","category":"food","address":"静岡県沼津市八幡町141 八幡ビル１階","source":"厚生労働省 食品衛生申請等システム（オープンデータ）","municipality_code":"22203","municipality_pref":"静岡県","municipality_name":"沼津市","municipality_code_method":"food_exact_coord"},"geometry":{"type":"Point","coordinates":[138.855843,35.096874]}},{"type":"Feature","properties":{"layer_id":"cafe_restaurant","name":"気まぐれ家　竜","category":"food","address":"静岡県沼津市原1530-2","source":"厚生労働省 食品衛生申請等システム（オープンデータ）","municipality_code":"22203","municipality_pref":"静岡県","municipality_name":"沼津市","municipality_code_method":"food_exact_coord"},"geometry":{"type":"Point","coordinates":[138.802084,35.129811]}},{"type":"Feature","properties":{"layer_id":"cafe_restaurant","name":"おむすび　芝桜","category":"food","address":"静岡県沼津市口野55-66","source":"厚生労働省 食品衛生申請等システム（オープンデータ）","municipality_code":"22203","municipality_pref":"静岡県","municipality_name":"沼津市","municipality_code_method":"food_exact_coord"},"geometry":{"type":"Point","coordinates":[138.905852,35.046363]}},{"type":"Feature","properties":{"layer_id":"cafe_restaurant","name":"ふじい商店","category":"food","address":"静岡県沼津市戸田543-4","source":"厚生労働省 食品衛生申請等システム（オープンデータ）","municipality_code":"22203","municipality_pref":"静岡県","municipality_name":"沼津市","municipality_code_method":"food_exact_coord"},"geometry":{"type":"Point","coordinates":[138.776578,34.96968]}},{"type":"Feature","properties":{"layer_id":"cafe_restaurant","name":"獅子浜ダイビングサービス","category":"food","address":"静岡県沼津市獅子浜1-17","source":"厚生労働省 食品衛生申請等システム（オープンデータ）","municipality_code":"22203","municipality_pref":"静岡県","municipality_name":"沼津市","municipality_code_method":"food_exact_coord"},"geometry":{"type":"Point","coordinates":[138.886354,35.047476]}},{"type":"Feature","properties":{"layer_id":"cafe_restaurant","name":"富士林檎","category":"food","address":"静岡県沼津市添地町251-6","source":"厚生労働省 食品衛生申請等システム（オープンデータ）","municipality_code":"22203","municipality_pref":"静岡県","municipality_name":"沼津市","municipality_code_method":"food_exact_coord"},"geometry":{"type":"Point","coordinates":[138.856568,35.101967]}},{"type":"Feature","properties":{"layer_id":"cafe_restaurant","name":"波止場苑","category":"food","address":"静岡県沼津市戸田538-1","source":"厚生労働省 食品衛生申請等システム（オープンデータ）","municipality_code":"22203","municipality_pref":"静岡県","municipality_name":"沼津市","municipality_code_method":"food_exact_coord"},"geometry":{"type":"Point","coordinates":[138.77714,34.969231]}},{"type":"Feature","properties":{"layer_id":"cafe_restaurant","name":"声置いてきました","category":"food","address":"静岡県沼津市高島町17-14 三園小路1階","source":"厚生労働省 食品衛生申請等システム（オープンデータ）","municipality_code":"22203","municipality_pref":"静岡県","municipality_name":"沼津市","municipality_code_method":"food_exact_coord"},"geometry":{"type":"Point","coordinates":[138.857161,35.103908]}},{"type":"Feature","properties":{"layer_id":"cafe_restaurant","name":"吉野家４１４号線沼津南店","category":"food","address":"静岡県沼津市上香貫１３７４","source":"厚生労働省 食品衛生申請等システム（オープンデータ）","municipality_code":"22203","municipality_pref":"静岡県","municipality_name":"沼津市","municipality_code_method":"food_exact_coord"},"geometry":{"type":"Point","coordinates":[138.868209,35.085374]}},{"type":"Feature","properties":{"layer_id":"cafe_restaurant","name":"吉野家１号線西沢田店","category":"food","address":"静岡県沼津市西沢田２７９－１","source":"厚生労働省 食品衛生申請等システム（オープンデータ）","municipality_code":"22203","municipality_pref":"静岡県","municipality_name":"沼津市","municipality_code_method":"food_exact_coord"},"geometry":{"type":"Point","coordinates":[138.844358,35.117806]}},{"type":"Feature","properties":{"layer_id":"cafe_restaurant","name":"沼津魚平","category":"food","address":"静岡県沼津市口野55-53","source":"厚生労働省 食品衛生申請等システム（オープンデータ）","municipality_code":"22203","municipality_pref":"静岡県","municipality_name":"沼津市","municipality_code_method":"food_exact_coord"},"geometry":{"type":"Point","coordinates":[138.905579,35.046222]}},{"type":"Feature","properties":{"layer_id":"cafe_restaurant","name":"もんそるまーれ","category":"food","address":"静岡県沼津市高砂町9-20","source":"厚生労働省 食品衛生申請等システム（オープンデータ）","municipality_code":"22203","municipality_pref":"静岡県","municipality_name":"沼津市","municipality_code_method":"food_exact_coord"},"geometry":{"type":"Point","coordinates":[138.856619,35.132137]}},{"type":"Feature","properties":{"layer_id":"cafe_restaurant","name":"伝説のすた丼屋ららぽーと沼津店","category":"food","address":"静岡県沼津市東椎路３０１－３ ららぽーと沼津　３７０１３","source":"厚生労働省 食品衛生申請等システム（オープンデータ）","municipality_code":"22203","municipality_pref":"静岡県","municipality_name":"沼津市","municipality_code_method":"food_exact_coord"},"geometry":{"type":"Point","coordinates":[138.837145,35.128607]}},{"type":"Feature","properties":{"layer_id":"cafe_restaurant","name":"磯丸水産・五の五沼津南口店","category":"food","address":"静岡県沼津市大手町5-9-21 マルトモビル１階","source":"厚生労働省 食品衛生申請等システム（オープンデータ）","municipality_code":"22203","municipality_pref":"静岡県","municipality_name":"沼津市","municipality_code_method":"food_exact_coord"},"geometry":{"type":"Point","coordinates":[138.858106,35.101474]}},{"type":"Feature","properties":{"layer_id":"cafe_restaurant","name":"和食と日本酒の店　とうざ","category":"food","address":"静岡県沼津市大手町2-3-18","source":"厚生労働省 食品衛生申請等システム（オープンデータ）","municipality_code":"22203","municipality_pref":"静岡県","municipality_name":"沼津市","municipality_code_method":"food_exact_coord"},"geometry":{"type":"Point","coordinates":[138.862086,35.101116]}},{"type":"Feature","properties":{"layer_id":"cafe_restaurant","name":"Le-Reve","category":"food","address":"静岡県沼津市高島町20-5","source":"厚生労働省 食品衛生申請等システム（オープンデータ）","municipality_code":"22203","municipality_pref":"静岡県","municipality_name":"沼津市","municipality_code_method":"food_exact_coord"},"geometry":{"type":"Point","coordinates":[138.857456,35.104171]}},{"type":"Feature","properties":{"layer_id":"cafe_restaurant","name":"やみつきクレープヒロシ","category":"food","address":"静岡県沼津市杉崎町７－９","source":"厚生労働省 食品衛生申請等システム（オープンデータ）","municipality_code":"22203","municipality_pref":"静岡県","municipality_name":"沼津市","municipality_code_method":"food_exact_coord"},"geometry":{"type":"Point","coordinates":[138.865612,35.106004]}},{"type":"Feature","properties":{"layer_id":"cafe_restaurant","name":"セブンーイレブン沼津戸田店","category":"food","address":"静岡県沼津市戸田３２１－１８","source":"厚生労働省 食品衛生申請等システム（オープンデータ）","municipality_code":"22203","municipality_pref":"静岡県","municipality_name":"沼津市","municipality_code_method":"food_exact_coord"},"geometry":{"type":"Point","coordinates":[138.777427,34.972682]}},{"type":"Feature","properties":{"layer_id":"cafe_restaurant","name":"遙かな亭","category":"food","address":"静岡県沼津市戸田３８７８－５","source":"厚生労働省 食品衛生申請等システム（オープンデータ）","municipality_code":"22203","municipality_pref":"静岡県","municipality_name":"沼津市","municipality_code_method":"food_exact_coord"},"geometry":{"type":"Point","coordinates":[138.763121,34.97083]}},{"type":"Feature","properties":{"layer_id":"cafe_restaurant","name":"戸田之宿「碧」","category":"food","address":"静岡県沼津市戸田839-8","source":"厚生労働省 食品衛生申請等システム（オープンデータ）","municipality_code":"22203","municipality_pref":"静岡県","municipality_name":"沼津市","municipality_code_method":"food_exact_coord"},"geometry":{"type":"Point","coordinates":[138.780256,34.971699]}},{"type":"Feature","properties":{"layer_id":"cafe_restaurant","name":"ラグーナリゾート","category":"food","address":"静岡県沼津市足高２８０－５、－１４","source":"厚生労働省 食品衛生申請等システム（オープンデータ）","municipality_code":"22203","municipality_pref":"静岡県","municipality_name":"沼津市","municipality_code_method":"food_exact_coord"},"geometry":{"type":"Point","coordinates":[138.860383,35.148986]}},{"type":"Feature","properties":{"layer_id":"cafe_restaurant","name":"ザセブンシーズ","category":"food","address":"静岡県沼津市足高３５６－８","source":"厚生労働省 食品衛生申請等システム（オープンデータ）","municipality_code":"22203","municipality_pref":"静岡県","municipality_name":"沼津市","municipality_code_method":"food_exact_coord"},"geometry":{"type":"Point","coordinates":[138.861261,35.150083]}},{"type":"Feature","properties":{"layer_id":"cafe_restaurant","name":"CHOTTOBAR","category":"food","address":"静岡県沼津市寿町7","source":"厚生労働省 食品衛生申請等システム（オープンデータ）","municipality_code":"22203","municipality_pref":"静岡県","municipality_name":"沼津市","municipality_code_method":"food_exact_coord"},"geometry":{"type":"Point","coordinates":[138.859124,35.114425]}},{"type":"Feature","properties":{"layer_id":"cafe_restaurant","name":"2Q-Pho ベトナム料理店","category":"food","address":"静岡県沼津市高島町17番21号 石川ビル2F","source":"厚生労働省 食品衛生申請等システム（オープンデータ）","municipality_code":"22203","municipality_pref":"静岡県","municipality_name":"沼津市","municipality_code_method":"food_exact_coord"},"geometry":{"type":"Point","coordinates":[138.857737,35.103958]}},{"type":"Feature","properties":{"layer_id":"cafe_restaurant","name":"Charm","category":"food","address":"静岡県沼津市吉田町15−15","source":"厚生労働省 食品衛生申請等システム（オープンデータ）","municipality_code":"22203","municipality_pref":"静岡県","municipality_name":"沼津市","municipality_code_method":"food_exact_coord"},"geometry":{"type":"Point","coordinates":[138.862872,35.089626]}},{"type":"Feature","properties":{"layer_id":"cafe_restaurant","name":"浜焼 海女の台所","category":"food","address":"静岡県沼津市千本港町８０","source":"厚生労働省 食品衛生申請等システム（オープンデータ）","municipality_code":"22203","municipality_pref":"静岡県","municipality_name":"沼津市","municipality_code_method":"food_exact_coord"},"geometry":{"type":"Point","coordinates":[138.85852,35.083673]}},{"type":"Feature","properties":{"layer_id":"public_facilities","name":"今沢地区センター","category":"public","address":"沼津市今沢527-21","source":"国土交通省 国土数値情報","municipality_code":"22203","municipality_pref":"静岡県","municipality_name":"沼津市","municipality_code_method":"source_exact_coord"},"geometry":{"type":"Point","coordinates":[138.815848,35.121377]}},{"type":"Feature","properties":{"layer_id":"public_facilities","name":"大平地区センター","category":"public","address":"沼津市大平2197-1","source":"国土交通省 国土数値情報","municipality_code":"22203","municipality_pref":"静岡県","municipality_name":"沼津市","municipality_code_method":"source_exact_coord"},"geometry":{"type":"Point","coordinates":[138.911079062,35.0765006193]}},{"type":"Feature","properties":{"layer_id":"public_facilities","name":"原市民窓口事務所","category":"public","address":"沼津市原1200-3","source":"国土交通省 国土数値情報","municipality_code":"22203","municipality_pref":"静岡県","municipality_name":"沼津市","municipality_code_method":"source_exact_coord"},"geometry":{"type":"Point","coordinates":[138.79263300000002,35.128055]}},{"type":"Feature","properties":{"layer_id":"public_facilities","name":"内浦市民窓口事務所","category":"public","address":"沼津市内浦三津410-1","source":"国土交通省 国土数値情報","municipality_code":"22203","municipality_pref":"静岡県","municipality_name":"沼津市","municipality_code_method":"source_exact_coord"},"geometry":{"type":"Point","coordinates":[138.902435,35.028088]}},{"type":"Feature","properties":{"layer_id":"public_facilities","name":"教職員研修センター","category":"public","address":"沼津市八幡町97","source":"国土交通省 国土数値情報","municipality_code":"22203","municipality_pref":"静岡県","municipality_name":"沼津市","municipality_code_method":"source_exact_coord"},"geometry":{"type":"Point","coordinates":[138.85439699999998,35.098792]}},{"type":"Feature","properties":{"layer_id":"public_facilities","name":"ふれあいプラザこあら","category":"public","address":"沼津市東原字榎田通76-1","source":"国土交通省 国土数値情報","municipality_code":"22203","municipality_pref":"静岡県","municipality_name":"沼津市","municipality_code_method":"source_exact_coord"},"geometry":{"type":"Point","coordinates":[138.818253,35.125179]}},{"type":"Feature","properties":{"layer_id":"public_facilities","name":"沼津市民文化センター","category":"public","address":"沼津市御幸町15-1","source":"国土交通省 国土数値情報","municipality_code":"22203","municipality_pref":"静岡県","municipality_name":"沼津市","municipality_code_method":"source_exact_coord"},"geometry":{"type":"Point","coordinates":[138.866045,35.09525451]}},{"type":"Feature","properties":{"layer_id":"public_facilities","name":"井田集会所兼特産物加工施設","category":"public","address":"沼津市井田171","source":"国土交通省 国土数値情報","municipality_code":"22203","municipality_pref":"静岡県","municipality_name":"沼津市","municipality_code_method":"source_exact_coord"},"geometry":{"type":"Point","coordinates":[138.78953600000003,35.002037]}},{"type":"Feature","properties":{"layer_id":"public_facilities","name":"浮島市民窓口事務所","category":"public","address":"沼津市平沼375-1","source":"国土交通省 国土数値情報","municipality_code":"22203","municipality_pref":"静岡県","municipality_name":"沼津市","municipality_code_method":"source_exact_coord"},"geometry":{"type":"Point","coordinates":[138.78391000000002,35.140587]}},{"type":"Feature","properties":{"layer_id":"public_facilities","name":"香陵武道場","category":"public","address":"沼津市御幸町15-1","source":"国土交通省 国土数値情報","municipality_code":"22203","municipality_pref":"静岡県","municipality_name":"沼津市","municipality_code_method":"source_exact_coord"},"geometry":{"type":"Point","coordinates":[138.86681,35.095579]}},{"type":"Feature","properties":{"layer_id":"public_facilities","name":"ふれあいプラザへだっこ","category":"public","address":"沼津市戸田1031-1","source":"国土交通省 国土数値情報","municipality_code":"22203","municipality_pref":"静岡県","municipality_name":"沼津市","municipality_code_method":"source_exact_coord"},"geometry":{"type":"Point","coordinates":[138.784190229,34.9712777398]}},{"type":"Feature","properties":{"layer_id":"public_facilities","name":"愛鷹公民館","category":"public","address":"沼津市東原358-1","source":"国土交通省 国土数値情報","municipality_code":"22203","municipality_pref":"静岡県","municipality_name":"沼津市","municipality_code_method":"source_exact_coord"},"geometry":{"type":"Point","coordinates":[138.822881,35.129075]}},{"type":"Feature","properties":{"layer_id":"public_facilities","name":"西浦市民窓口事務所","category":"public","address":"沼津市西浦立保22-1","source":"国土交通省 国土数値情報","municipality_code":"22203","municipality_pref":"静岡県","municipality_name":"沼津市","municipality_code_method":"source_exact_coord"},"geometry":{"type":"Point","coordinates":[138.853047,35.016685]}},{"type":"Feature","properties":{"layer_id":"public_facilities","name":"第五地区センター","category":"public","address":"沼津市五月町15-1","source":"国土交通省 国土数値情報","municipality_code":"22203","municipality_pref":"静岡県","municipality_name":"沼津市","municipality_code_method":"source_exact_coord"},"geometry":{"type":"Point","coordinates":[138.863586,35.112938]}},{"type":"Feature","properties":{"layer_id":"public_facilities","name":"静浦市民窓口事務所","category":"public","address":"沼津市獅子浜17","source":"国土交通省 国土数値情報","municipality_code":"22203","municipality_pref":"静岡県","municipality_name":"沼津市","municipality_code_method":"source_exact_coord"},"geometry":{"type":"Point","coordinates":[138.88681,35.051846]}},{"type":"Feature","properties":{"layer_id":"public_facilities","name":"井田集会所","category":"public","address":"沼津市井田171","source":"国土交通省 国土数値情報","municipality_code":"22203","municipality_pref":"静岡県","municipality_name":"沼津市","municipality_code_method":"source_exact_coord"},"geometry":{"type":"Point","coordinates":[138.780771,34.999718]}},{"type":"Feature","properties":{"layer_id":"public_facilities","name":"内浦地区センター","category":"public","address":"沼津市内浦三津249-3","source":"国土交通省 国土数値情報","municipality_code":"22203","municipality_pref":"静岡県","municipality_name":"沼津市","municipality_code_method":"source_exact_coord"},"geometry":{"type":"Point","coordinates":[138.9008984,35.024623]}},{"type":"Feature","properties":{"layer_id":"public_facilities","name":"愛鷹地区センター","category":"public","address":"沼津市東原358-1","source":"国土交通省 国土数値情報","municipality_code":"22203","municipality_pref":"静岡県","municipality_name":"沼津市","municipality_code_method":"source_exact_coord"},"geometry":{"type":"Point","coordinates":[138.8228834,35.12912027]}},{"type":"Feature","properties":{"layer_id":"public_facilities","name":"浮島地区センター","category":"public","address":"沼津市平沼375-1","source":"国土交通省 国土数値情報","municipality_code":"22203","municipality_pref":"静岡県","municipality_name":"沼津市","municipality_code_method":"source_exact_coord"},"geometry":{"type":"Point","coordinates":[138.78389,35.140587]}},{"type":"Feature","properties":{"layer_id":"public_facilities","name":"静浦地区センター","category":"public","address":"沼津市獅子浜34","source":"国土交通省 国土数値情報","municipality_code":"22203","municipality_pref":"静岡県","municipality_name":"沼津市","municipality_code_method":"source_exact_coord"},"geometry":{"type":"Point","coordinates":[138.8863234,35.05097715]}},{"type":"Feature","properties":{"layer_id":"public_facilities","name":"金岡地区センター","category":"public","address":"沼津市江原町3-1","source":"国土交通省 国土数値情報","municipality_code":"22203","municipality_pref":"静岡県","municipality_name":"沼津市","municipality_code_method":"source_exact_coord"},"geometry":{"type":"Point","coordinates":[138.860364,35.118943]}},{"type":"Feature","properties":{"layer_id":"public_facilities","name":"沼津市役所","category":"public","address":"沼津市御幸町16-1","source":"国土交通省 国土数値情報","municipality_code":"22203","municipality_pref":"静岡県","municipality_name":"沼津市","municipality_code_method":"source_exact_coord"},"geometry":{"type":"Point","coordinates":[138.863556,35.095646]}},{"type":"Feature","properties":{"layer_id":"public_facilities","name":"新田集会所","category":"public","address":"沼津市戸田2311-1","source":"国土交通省 国土数値情報","municipality_code":"22203","municipality_pref":"静岡県","municipality_name":"沼津市","municipality_code_method":"source_exact_coord"},"geometry":{"type":"Point","coordinates":[138.800679,34.964217999999995]}},{"type":"Feature","properties":{"layer_id":"public_facilities","name":"勤労者体育センター","category":"public","address":"沼津市御幸町15-1","source":"国土交通省 国土数値情報","municipality_code":"22203","municipality_pref":"静岡県","municipality_name":"沼津市","municipality_code_method":"source_exact_coord"},"geometry":{"type":"Point","coordinates":[138.86401,35.096264]}},{"type":"Feature","properties":{"layer_id":"public_facilities","name":"沼津っ子ふれあいセンター","category":"public","address":"沼津市大手町1-1-3","source":"国土交通省 国土数値情報","municipality_code":"22203","municipality_pref":"静岡県","municipality_name":"沼津市","municipality_code_method":"source_exact_coord"},"geometry":{"type":"Point","coordinates":[138.86073378,35.1022834]}},{"type":"Feature","properties":{"layer_id":"public_facilities","name":"新田集会場","category":"public","address":"沼津市戸田2311-1","source":"国土交通省 国土数値情報","municipality_code":"22203","municipality_pref":"静岡県","municipality_name":"沼津市","municipality_code_method":"source_exact_coord"},"geometry":{"type":"Point","coordinates":[138.813441473213,34.9653340966454]}},{"type":"Feature","properties":{"layer_id":"public_facilities","name":"斎場","category":"public","address":"沼津市中瀬町14-1","source":"国土交通省 国土数値情報","municipality_code":"22203","municipality_pref":"静岡県","municipality_name":"沼津市","municipality_code_method":"source_exact_coord"},"geometry":{"type":"Point","coordinates":[138.87905,35.096919]}},{"type":"Feature","properties":{"layer_id":"public_facilities","name":"戸田地区センター","category":"public","address":"沼津市戸田1294-3","source":"国土交通省 国土数値情報","municipality_code":"22203","municipality_pref":"静岡県","municipality_name":"沼津市","municipality_code_method":"source_exact_coord"},"geometry":{"type":"Point","coordinates":[138.7866025,34.97126213]}},{"type":"Feature","properties":{"layer_id":"public_facilities","name":"第三地区センター","category":"public","address":"沼津市下香貫楊原750-4","source":"国土交通省 国土数値情報","municipality_code":"22203","municipality_pref":"静岡県","municipality_name":"沼津市","municipality_code_method":"source_exact_coord"},"geometry":{"type":"Point","coordinates":[138.879446,35.0840278]}},{"type":"Feature","properties":{"layer_id":"public_facilities","name":"舟山集会所","category":"public","address":"沼津市戸田2560-2","source":"国土交通省 国土数値情報","municipality_code":"22203","municipality_pref":"静岡県","municipality_name":"沼津市","municipality_code_method":"source_exact_coord"},"geometry":{"type":"Point","coordinates":[138.800659,34.964217999999995]}},{"type":"Feature","properties":{"layer_id":"public_facilities","name":"市民文化センター","category":"public","address":"沼津市御幸町15-1","source":"国土交通省 国土数値情報","municipality_code":"22203","municipality_pref":"静岡県","municipality_name":"沼津市","municipality_code_method":"source_exact_coord"},"geometry":{"type":"Point","coordinates":[138.86399,35.096264]}},{"type":"Feature","properties":{"layer_id":"public_facilities","name":"図書館","category":"public","address":"沼津市三枚橋町9-1","source":"国土交通省 国土数値情報","municipality_code":"22203","municipality_pref":"静岡県","municipality_name":"沼津市","municipality_code_method":"source_exact_coord"},"geometry":{"type":"Point","coordinates":[138.86319,35.100418]}},{"type":"Feature","properties":{"layer_id":"public_facilities","name":"勤労青少年ホーム","category":"public","address":"沼津市御幸町15-1","source":"国土交通省 国土数値情報","municipality_code":"22203","municipality_pref":"静岡県","municipality_name":"沼津市","municipality_code_method":"source_exact_coord"},"geometry":{"type":"Point","coordinates":[138.865784,35.09565]}},{"type":"Feature","properties":{"layer_id":"public_facilities","name":"原老人福祉センター","category":"public","address":"沼津市原1200-3","source":"国土交通省 国土数値情報","municipality_code":"22203","municipality_pref":"静岡県","municipality_name":"沼津市","municipality_code_method":"source_exact_coord"},"geometry":{"type":"Point","coordinates":[138.792603,35.12802500000001]}},{"type":"Feature","properties":{"layer_id":"public_facilities","name":"高齢者ふれあいプラザ松下","category":"public","address":"沼津市本字松下845-6","source":"国土交通省 国土数値情報","municipality_code":"22203","municipality_pref":"静岡県","municipality_name":"沼津市","municipality_code_method":"source_exact_coord"},"geometry":{"type":"Point","coordinates":[138.851458,35.09507]}},{"type":"Feature","properties":{"layer_id":"public_facilities","name":"第二地区センター","category":"public","address":"沼津市本字千本1910-219","source":"国土交通省 国土数値情報","municipality_code":"22203","municipality_pref":"静岡県","municipality_name":"沼津市","municipality_code_method":"source_exact_coord"},"geometry":{"type":"Point","coordinates":[138.8504552,35.093028]}},{"type":"Feature","properties":{"layer_id":"public_facilities","name":"第一地区センター","category":"public","address":"沼津市八幡町65-1","source":"国土交通省 国土数値情報","municipality_code":"22203","municipality_pref":"静岡県","municipality_name":"沼津市","municipality_code_method":"source_exact_coord"},"geometry":{"type":"Point","coordinates":[138.853518,35.098486]}},{"type":"Feature","properties":{"layer_id":"public_facilities","name":"千本プラザ","category":"public","address":"沼津市本字千本1910-206","source":"国土交通省 国土数値情報","municipality_code":"22203","municipality_pref":"静岡県","municipality_name":"沼津市","municipality_code_method":"source_exact_coord"},"geometry":{"type":"Point","coordinates":[138.85015499999997,35.092802]}},{"type":"Feature","properties":{"layer_id":"public_facilities","name":"三本松集会所","category":"public","address":"沼津市大塚519","source":"国土交通省 国土数値情報","municipality_code":"22203","municipality_pref":"静岡県","municipality_name":"沼津市","municipality_code_method":"source_exact_coord"},"geometry":{"type":"Point","coordinates":[138.802216,35.120754]}},{"type":"Feature","properties":{"layer_id":"public_facilities","name":"世代交流センター","category":"public","address":"沼津市本字千本1910-206","source":"国土交通省 国土数値情報","municipality_code":"22203","municipality_pref":"静岡県","municipality_name":"沼津市","municipality_code_method":"source_exact_coord"},"geometry":{"type":"Point","coordinates":[138.847396,35.096767]}},{"type":"Feature","properties":{"layer_id":"public_facilities","name":"第四地区センター","category":"public","address":"沼津市吉田町20-1","source":"国土交通省 国土数値情報","municipality_code":"22203","municipality_pref":"静岡県","municipality_name":"沼津市","municipality_code_method":"source_exact_coord"},"geometry":{"type":"Point","coordinates":[138.849411,35.100742]}},{"type":"Feature","properties":{"layer_id":"public_facilities","name":"原地区センター","category":"public","address":"沼津市原1200-3","source":"国土交通省 国土数値情報","municipality_code":"22203","municipality_pref":"静岡県","municipality_name":"沼津市","municipality_code_method":"source_exact_coord"},"geometry":{"type":"Point","coordinates":[138.79262300000002,35.12802500000001]}},{"type":"Feature","properties":{"layer_id":"public_facilities","name":"片浜市民窓口事務所","category":"public","address":"沼津市大諏訪46-1","source":"国土交通省 国土数値情報","municipality_code":"22203","municipality_pref":"静岡県","municipality_name":"沼津市","municipality_code_method":"source_exact_coord"},"geometry":{"type":"Point","coordinates":[138.82697000000002,35.111298]}},{"type":"Feature","properties":{"layer_id":"public_facilities","name":"キラメッセぬまづ","category":"public","address":"沼津市大手町1-1-4","source":"国土交通省 国土数値情報","municipality_code":"22203","municipality_pref":"静岡県","municipality_name":"沼津市","municipality_code_method":"source_exact_coord"},"geometry":{"type":"Point","coordinates":[138.861999444,35.1039166124]}},{"type":"Feature","properties":{"layer_id":"public_facilities","name":"大上集会所","category":"public","address":"沼津市戸田1902","source":"国土交通省 国土数値情報","municipality_code":"22203","municipality_pref":"静岡県","municipality_name":"沼津市","municipality_code_method":"source_exact_coord"},"geometry":{"type":"Point","coordinates":[138.800689,34.964248000000005]}},{"type":"Feature","properties":{"layer_id":"public_facilities","name":"今沢集会所","category":"public","address":"沼津市今沢213-1","source":"国土交通省 国土数値情報","municipality_code":"22203","municipality_pref":"静岡県","municipality_name":"沼津市","municipality_code_method":"source_exact_coord"},"geometry":{"type":"Point","coordinates":[138.815628,35.119213]}},{"type":"Feature","properties":{"layer_id":"public_facilities","name":"少年自然の家","category":"public","address":"沼津市足高字尾ノ上220-4","source":"国土交通省 国土数値情報","municipality_code":"22203","municipality_pref":"静岡県","municipality_name":"沼津市","municipality_code_method":"source_exact_coord"},"geometry":{"type":"Point","coordinates":[138.856461,35.156548]}},{"type":"Feature","properties":{"layer_id":"public_facilities","name":"戸田地域活性化センター","category":"public","address":"沼津市戸田1294-3","source":"国土交通省 国土数値情報","municipality_code":"22203","municipality_pref":"静岡県","municipality_name":"沼津市","municipality_code_method":"source_exact_coord"},"geometry":{"type":"Point","coordinates":[138.78654564402,34.971405954964]}},{"type":"Feature","properties":{"layer_id":"public_facilities","name":"戸田図書館","category":"public","address":"沼津市戸田845-2","source":"国土交通省 国土数値情報","municipality_code":"22203","municipality_pref":"静岡県","municipality_name":"沼津市","municipality_code_method":"source_exact_coord"},"geometry":{"type":"Point","coordinates":[138.7790567,34.9717629]}},{"type":"Feature","properties":{"layer_id":"public_facilities","name":"高齢者就業センター","category":"public","address":"沼津市本字千本1910-219","source":"国土交通省 国土数値情報","municipality_code":"22203","municipality_pref":"静岡県","municipality_name":"沼津市","municipality_code_method":"source_exact_coord"},"geometry":{"type":"Point","coordinates":[138.847366,35.096767]}},{"type":"Feature","properties":{"layer_id":"public_facilities","name":"金岡市民窓口事務所","category":"public","address":"沼津市江原町3-1","source":"国土交通省 国土数値情報","municipality_code":"22203","municipality_pref":"静岡県","municipality_name":"沼津市","municipality_code_method":"source_exact_coord"},"geometry":{"type":"Point","coordinates":[138.860384,35.118943]}},{"type":"Feature","properties":{"layer_id":"public_facilities","name":"老人福祉センター","category":"public","address":"沼津市本字千本1910-206","source":"国土交通省 国土数値情報","municipality_code":"22203","municipality_pref":"静岡県","municipality_name":"沼津市","municipality_code_method":"source_exact_coord"},"geometry":{"type":"Point","coordinates":[138.847386,35.096767]}},{"type":"Feature","properties":{"layer_id":"public_facilities","name":"西浦地区センター","category":"public","address":"沼津市西浦立保22-1","source":"国土交通省 国土数値情報","municipality_code":"22203","municipality_pref":"静岡県","municipality_name":"沼津市","municipality_code_method":"source_exact_coord"},"geometry":{"type":"Point","coordinates":[138.853027,35.016685]}},{"type":"Feature","properties":{"layer_id":"public_facilities","name":"青少年教育センター","category":"public","address":"沼津市八幡町97","source":"国土交通省 国土数値情報","municipality_code":"22203","municipality_pref":"静岡県","municipality_name":"沼津市","municipality_code_method":"source_exact_coord"},"geometry":{"type":"Point","coordinates":[138.854377,35.098792]}},{"type":"Feature","properties":{"layer_id":"public_facilities","name":"市立図書館","category":"public","address":"沼津市三枚橋町9-1","source":"国土交通省 国土数値情報","municipality_code":"22203","municipality_pref":"静岡県","municipality_name":"沼津市","municipality_code_method":"source_exact_coord"},"geometry":{"type":"Point","coordinates":[138.863335,35.100442]}},{"type":"Feature","properties":{"layer_id":"public_facilities","name":"高齢者生きがい活動支援センター松下","category":"public","address":"沼津市本字松下845-6","source":"国土交通省 国土数値情報","municipality_code":"22203","municipality_pref":"静岡県","municipality_name":"沼津市","municipality_code_method":"source_exact_coord"},"geometry":{"type":"Point","coordinates":[138.851438,35.09507]}},{"type":"Feature","properties":{"layer_id":"public_facilities","name":"片浜地区センター","category":"public","address":"沼津市大諏訪46-1","source":"国土交通省 国土数値情報","municipality_code":"22203","municipality_pref":"静岡県","municipality_name":"沼津市","municipality_code_method":"source_exact_coord"},"geometry":{"type":"Point","coordinates":[138.82695,35.111298]}},{"type":"Feature","properties":{"layer_id":"public_facilities","name":"ぬまづ健康福祉プラザ","category":"public","address":"沼津市日の出町1-15","source":"国土交通省 国土数値情報","municipality_code":"22203","municipality_pref":"静岡県","municipality_name":"沼津市","municipality_code_method":"source_exact_coord"},"geometry":{"type":"Point","coordinates":[138.866821,35.10952]}},{"type":"Feature","properties":{"layer_id":"public_facilities","name":"松長集会所","category":"public","address":"沼津市松長207-3","source":"国土交通省 国土数値情報","municipality_code":"22203","municipality_pref":"静岡県","municipality_name":"沼津市","municipality_code_method":"source_exact_coord"},"geometry":{"type":"Point","coordinates":[138.822159,35.115345]}},{"type":"Feature","properties":{"layer_id":"public_facilities","name":"門池地区センター","category":"public","address":"沼津市岡一色788-7","source":"国土交通省 国土数値情報","municipality_code":"22203","municipality_pref":"静岡県","municipality_name":"沼津市","municipality_code_method":"source_exact_coord"},"geometry":{"type":"Point","coordinates":[138.8779289,35.1305143]}},{"type":"Feature","properties":{"layer_id":"public_facilities","name":"市民体育館","category":"public","address":"沼津市高島本町1-4","source":"国土交通省 国土数値情報","municipality_code":"22203","municipality_pref":"静岡県","municipality_name":"沼津市","municipality_code_method":"source_exact_coord"},"geometry":{"type":"Point","coordinates":[138.856586,35.108270999999995]}},{"type":"Feature","properties":{"layer_id":"public_facilities","name":"大上集会場","category":"public","address":"沼津市戸田1902","source":"国土交通省 国土数値情報","municipality_code":"22203","municipality_pref":"静岡県","municipality_name":"沼津市","municipality_code_method":"source_exact_coord"},"geometry":{"type":"Point","coordinates":[138.786400316464,34.9709004503472]}},{"type":"Feature","properties":{"layer_id":"public_facilities","name":"愛鷹市民窓口事務所","category":"public","address":"沼津市東原358-1","source":"国土交通省 国土数値情報","municipality_code":"22203","municipality_pref":"静岡県","municipality_name":"沼津市","municipality_code_method":"source_exact_coord"},"geometry":{"type":"Point","coordinates":[138.82309,35.129581]}},{"type":"Feature","properties":{"layer_id":"public_facilities","name":"大平市民窓口事務所","category":"public","address":"沼津市大平2200","source":"国土交通省 国土数値情報","municipality_code":"22203","municipality_pref":"静岡県","municipality_name":"沼津市","municipality_code_method":"source_exact_coord"},"geometry":{"type":"Point","coordinates":[138.910216986,35.0763972077]}},{"type":"Feature","properties":{"layer_id":"public_facilities","name":"戸田市民窓口事務所","category":"public","address":"沼津市戸田1294-3","source":"国土交通省 国土数値情報","municipality_code":"22203","municipality_pref":"静岡県","municipality_name":"沼津市","municipality_code_method":"source_exact_coord"},"geometry":{"type":"Point","coordinates":[138.786648060854,34.9711603983983]}},{"type":"Feature","properties":{"layer_id":"public_facilities","name":"大岡地区センター","category":"public","address":"沼津市大岡2357-1","source":"国土交通省 国土数値情報","municipality_code":"22203","municipality_pref":"静岡県","municipality_name":"沼津市","municipality_code_method":"source_exact_coord"},"geometry":{"type":"Point","coordinates":[138.87413,35.117085]}},{"type":"Feature","properties":{"layer_id":"public_facilities","name":"舟山集会場","category":"public","address":"沼津市戸田2560-2","source":"国土交通省 国土数値情報","municipality_code":"22203","municipality_pref":"静岡県","municipality_name":"沼津市","municipality_code_method":"source_exact_coord"},"geometry":{"type":"Point","coordinates":[138.79039,34.967091]}},{"type":"Feature","properties":{"layer_id":"public_facilities","name":"戸田Ｂ＆Ｇ海洋センター体育館","category":"public","address":"沼津市戸田2053","source":"国土交通省 国土数値情報","municipality_code":"22203","municipality_pref":"静岡県","municipality_name":"沼津市","municipality_code_method":"source_exact_coord"},"geometry":{"type":"Point","coordinates":[138.801177,34.968453]}},{"type":"Feature","properties":{"layer_id":"public_facilities","name":"大岡市民窓口事務所","category":"public","address":"沼津市大岡2357-1","source":"国土交通省 国土数値情報","municipality_code":"22203","municipality_pref":"静岡県","municipality_name":"沼津市","municipality_code_method":"source_exact_coord"},"geometry":{"type":"Point","coordinates":[138.87415000000001,35.117085]}},{"type":"Feature","properties":{"layer_id":"cultural_facilities","name":"戸田御浜海水浴場","category":"public","address":"戸田字御浜","source":"国土交通省 国土数値情報","municipality_code":"22203","municipality_pref":"静岡県","municipality_name":"沼津市","municipality_code_method":"nearest_centroid"},"geometry":{"type":"Point","coordinates":[138.763855,34.974213]}},{"type":"Feature","properties":{"layer_id":"cultural_facilities","name":"沼津市民体育館（総合）","category":"public","address":"高島本町1-4","source":"国土交通省 国土数値情報","municipality_code":"22203","municipality_pref":"静岡県","municipality_name":"沼津市","municipality_code_method":"nearest_centroid"},"geometry":{"type":"Point","coordinates":[138.856865,35.108337]}},{"type":"Feature","properties":{"layer_id":"cultural_facilities","name":"沼津市民体育館（総合）","category":"public","address":"高島本町1-4","source":"国土交通省 国土数値情報","municipality_code":"22203","municipality_pref":"静岡県","municipality_name":"沼津市","municipality_code_method":"nearest_centroid"},"geometry":{"type":"Point","coordinates":[138.856871,35.108487]}},{"type":"Feature","properties":{"layer_id":"cultural_facilities","name":"島郷海水浴場","category":"public","address":"下香貫島郷","source":"国土交通省 国土数値情報","municipality_code":"22203","municipality_pref":"静岡県","municipality_name":"沼津市","municipality_code_method":"nearest_centroid"},"geometry":{"type":"Point","coordinates":[138.875028,35.067918]}},{"type":"Feature","properties":{"layer_id":"cultural_facilities","name":"沼津市立図書館","category":"public","address":"三枚橋町9-1","source":"国土交通省 国土数値情報","municipality_code":"22203","municipality_pref":"静岡県","municipality_name":"沼津市","municipality_code_method":"nearest_centroid"},"geometry":{"type":"Point","coordinates":[138.863354,35.100351]}},{"type":"Feature","properties":{"layer_id":"cultural_facilities","name":"沼津市歴史民俗資料館","category":"public","address":"下香貫島郷2802-1（沼津御用邸記念公園内）","source":"国土交通省 国土数値情報","municipality_code":"22203","municipality_pref":"静岡県","municipality_name":"沼津市","municipality_code_method":"nearest_centroid"},"geometry":{"type":"Point","coordinates":[138.873364,35.071319]}},{"type":"Feature","properties":{"layer_id":"cultural_facilities","name":"沼津市民体育館（総合）","category":"public","address":"高島本町1-4","source":"国土交通省 国土数値情報","municipality_code":"22203","municipality_pref":"静岡県","municipality_name":"沼津市","municipality_code_method":"nearest_centroid"},"geometry":{"type":"Point","coordinates":[138.856859,35.108288]}},{"type":"Feature","properties":{"layer_id":"cultural_facilities","name":"愛鷹公民館（運動広場）","category":"public","address":"東原358-1","source":"国土交通省 国土数値情報","municipality_code":"22203","municipality_pref":"静岡県","municipality_name":"沼津市","municipality_code_method":"nearest_centroid"},"geometry":{"type":"Point","coordinates":[138.823268,35.129987]}},{"type":"Feature","properties":{"layer_id":"cultural_facilities","name":"沼津市香陵運動場","category":"public","address":"御幸町15-1","source":"国土交通省 国土数値情報","municipality_code":"22203","municipality_pref":"静岡県","municipality_name":"沼津市","municipality_code_method":"nearest_centroid"},"geometry":{"type":"Point","coordinates":[138.864873,35.09545]}},{"type":"Feature","properties":{"layer_id":"cultural_facilities","name":"沼津市民体育館（総合）","category":"public","address":"高島本町1-4","source":"国土交通省 国土数値情報","municipality_code":"22203","municipality_pref":"静岡県","municipality_name":"沼津市","municipality_code_method":"nearest_centroid"},"geometry":{"type":"Point","coordinates":[138.856871,35.108541]}},{"type":"Feature","properties":{"layer_id":"cultural_facilities","name":"沼津市若山牧水記念館","category":"public","address":"千本郷林1907-11","source":"国土交通省 国土数値情報","municipality_code":"22203","municipality_pref":"静岡県","municipality_name":"沼津市","municipality_code_method":"nearest_centroid"},"geometry":{"type":"Point","coordinates":[138.851718,35.087048]}},{"type":"Feature","properties":{"layer_id":"cultural_facilities","name":"沼津市民体育館（総合）","category":"public","address":"高島本町1-4","source":"国土交通省 国土数値情報","municipality_code":"22203","municipality_pref":"静岡県","municipality_name":"沼津市","municipality_code_method":"nearest_centroid"},"geometry":{"type":"Point","coordinates":[138.856871,35.108434]}},{"type":"Feature","properties":{"layer_id":"cultural_facilities","name":"沼津戸田Ｂ＆Ｇ海洋センター（温水）","category":"public","address":"戸田2053","source":"国土交通省 国土数値情報","municipality_code":"22203","municipality_pref":"静岡県","municipality_name":"沼津市","municipality_code_method":"nearest_centroid"},"geometry":{"type":"Point","coordinates":[138.801724,34.968141]}},{"type":"Feature","properties":{"layer_id":"cultural_facilities","name":"沼津市戸田テニスコート","category":"public","address":"戸田3105-7","source":"国土交通省 国土数値情報","municipality_code":"22203","municipality_pref":"静岡県","municipality_name":"沼津市","municipality_code_method":"nearest_centroid"},"geometry":{"type":"Point","coordinates":[138.800591,34.968571]}},{"type":"Feature","properties":{"layer_id":"cultural_facilities","name":"沼津市戸田造船郷土資料博物館","category":"public","address":"戸田2710-1","source":"国土交通省 国土数値情報","municipality_code":"22203","municipality_pref":"静岡県","municipality_name":"沼津市","municipality_code_method":"nearest_centroid"},"geometry":{"type":"Point","coordinates":[138.766375,34.976801]}},{"type":"Feature","properties":{"layer_id":"cultural_facilities","name":"西浦スポーツ広場","category":"public","address":"西浦立保字宿沢22-1","source":"国土交通省 国土数値情報","municipality_code":"22203","municipality_pref":"静岡県","municipality_name":"沼津市","municipality_code_method":"nearest_centroid"},"geometry":{"type":"Point","coordinates":[138.852946,35.016628]}},{"type":"Feature","properties":{"layer_id":"cultural_facilities","name":"沼津市立戸田図書館","category":"public","address":"戸田845-2","source":"国土交通省 国土数値情報","municipality_code":"22203","municipality_pref":"静岡県","municipality_name":"沼津市","municipality_code_method":"nearest_centroid"},"geometry":{"type":"Point","coordinates":[138.7793,34.971848]}},{"type":"Feature","properties":{"layer_id":"cultural_facilities","name":"沼津市民体育館（総合）","category":"public","address":"高島本町1-4","source":"国土交通省 国土数値情報","municipality_code":"22203","municipality_pref":"静岡県","municipality_name":"沼津市","municipality_code_method":"nearest_centroid"},"geometry":{"type":"Point","coordinates":[138.85655,35.108395]}},{"type":"Feature","properties":{"layer_id":"cultural_facilities","name":"象山・鷲頭山ハイキングコース","category":"public","address":"下香貫及び志下","source":"国土交通省 国土数値情報","municipality_code":"22203","municipality_pref":"静岡県","municipality_name":"沼津市","municipality_code_method":"nearest_centroid"},"geometry":{"type":"Point","coordinates":[138.879841,35.062584]}},{"type":"Feature","properties":{"layer_id":"cultural_facilities","name":"愛鷹山ハイキングコース","category":"public","address":"愛鷹山連峰","source":"国土交通省 国土数値情報","municipality_code":"22203","municipality_pref":"静岡県","municipality_name":"沼津市","municipality_code_method":"nearest_centroid"},"geometry":{"type":"Point","coordinates":[138.815099,35.135776]}},{"type":"Feature","properties":{"layer_id":"cultural_facilities","name":"沼津市戸田Ｂ＆Ｇ海洋センター","category":"public","address":"戸田2053","source":"国土交通省 国土数値情報","municipality_code":"22203","municipality_pref":"静岡県","municipality_name":"沼津市","municipality_code_method":"nearest_centroid"},"geometry":{"type":"Point","coordinates":[138.801219,34.968458]}},{"type":"Feature","properties":{"layer_id":"cultural_facilities","name":"沼津市戸田Ｂ＆Ｇ海洋センター","category":"public","address":"戸田2053","source":"国土交通省 国土数値情報","municipality_code":"22203","municipality_pref":"静岡県","municipality_name":"沼津市","municipality_code_method":"nearest_centroid"},"geometry":{"type":"Point","coordinates":[138.801225,34.968511]}},{"type":"Feature","properties":{"layer_id":"cultural_facilities","name":"沼津市戸田Ｂ＆Ｇ海洋センター","category":"public","address":"戸田2053","source":"国土交通省 国土数値情報","municipality_code":"22203","municipality_pref":"静岡県","municipality_name":"沼津市","municipality_code_method":"nearest_centroid"},"geometry":{"type":"Point","coordinates":[138.801213,34.968399]}},{"type":"Feature","properties":{"layer_id":"cultural_facilities","name":"千本浜海水浴場","category":"public","address":"千本","source":"国土交通省 国土数値情報","municipality_code":"22203","municipality_pref":"静岡県","municipality_name":"沼津市","municipality_code_method":"nearest_centroid"},"geometry":{"type":"Point","coordinates":[138.844829,35.095684]}},{"type":"Feature","properties":{"layer_id":"cultural_facilities","name":"大瀬海水浴場","category":"public","address":"内浦江梨字大瀬","source":"国土交通省 国土数値情報","municipality_code":"22203","municipality_pref":"静岡県","municipality_name":"沼津市","municipality_code_method":"nearest_centroid"},"geometry":{"type":"Point","coordinates":[138.786406,35.024662]}},{"type":"Feature","properties":{"layer_id":"cultural_facilities","name":"沼津市民体育館（総合）","category":"public","address":"高島本町1-4","source":"国土交通省 国土数値情報","municipality_code":"22203","municipality_pref":"静岡県","municipality_name":"沼津市","municipality_code_method":"nearest_centroid"},"geometry":{"type":"Point","coordinates":[138.856871,35.10838]}},{"type":"Feature","properties":{"layer_id":"cultural_facilities","name":"沼津市中部浄化プラント","category":"public","address":"本字千本1905-4","source":"国土交通省 国土数値情報","municipality_code":"22203","municipality_pref":"静岡県","municipality_name":"沼津市","municipality_code_method":"nearest_centroid"},"geometry":{"type":"Point","coordinates":[138.85379,35.084656]}},{"type":"Feature","properties":{"layer_id":"landscape_districts","name":"沼津市アーケード街美観地区","category":"landscape","source":"国土交通省 国土数値情報","municipality_code":"22203","municipality_pref":"静岡県","municipality_name":"沼津市","municipality_code_method":"nearest_centroid","address":"沼津市町方町35-5地先より大門町45-4地先","source_kind":"A35e"},"geometry":{"type":"Point","coordinates":[138.85703050609595,35.097489096082924]}},{"type":"Feature","properties":{"layer_id":"landscape_districts","name":"沼津市アーケード街美観地区","category":"landscape","source":"国土交通省 国土数値情報","municipality_code":"22203","municipality_pref":"静岡県","municipality_name":"沼津市","municipality_code_method":"nearest_centroid","address":"沼津市町方町35-5地先より大門町45-4地先","source_kind":"A35d"},"geometry":{"type":"Polygon","coordinates":[[[138.857007130893,35.0984528670097],[138.857383819179,35.0983994915152],[138.857060036755,35.0965335684559],[138.856673833,35.096585056],[138.857007130893,35.0984528670097]]]}},{"type":"Feature","properties":{"layer_id":"parks_playgrounds","name":"柿原公園","category":"nature","address":"沼津市","source":"国土交通省 国土数値情報","municipality_code":"22203","municipality_pref":"静岡県","municipality_name":"沼津市","municipality_code_method":"nearest_centroid"},"geometry":{"type":"Point","coordinates":[138.86900974,35.07487138]}},{"type":"Feature","properties":{"layer_id":"parks_playgrounds","name":"東沖西公園","category":"nature","address":"沼津市","source":"国土交通省 国土数値情報","municipality_code":"22203","municipality_pref":"静岡県","municipality_name":"沼津市","municipality_code_method":"nearest_centroid"},"geometry":{"type":"Point","coordinates":[138.80372851,35.1308415]}},{"type":"Feature","properties":{"layer_id":"parks_playgrounds","name":"西条公園","category":"nature","address":"沼津市","source":"国土交通省 国土数値情報","municipality_code":"22203","municipality_pref":"静岡県","municipality_name":"沼津市","municipality_code_method":"nearest_centroid"},"geometry":{"type":"Point","coordinates":[138.85461536,35.10122399]}},{"type":"Feature","properties":{"layer_id":"parks_playgrounds","name":"犬塚公園","category":"nature","address":"沼津市","source":"国土交通省 国土数値情報","municipality_code":"22203","municipality_pref":"静岡県","municipality_name":"沼津市","municipality_code_method":"nearest_centroid"},"geometry":{"type":"Point","coordinates":[138.84900189,35.09982826]}},{"type":"Feature","properties":{"layer_id":"parks_playgrounds","name":"今沢3号公園","category":"nature","address":"沼津市","source":"国土交通省 国土数値情報","municipality_code":"22203","municipality_pref":"静岡県","municipality_name":"沼津市","municipality_code_method":"nearest_centroid"},"geometry":{"type":"Point","coordinates":[138.81489221,35.11755587]}},{"type":"Feature","properties":{"layer_id":"parks_playgrounds","name":"片浜北公園","category":"nature","address":"沼津市","source":"国土交通省 国土数値情報","municipality_code":"22203","municipality_pref":"静岡県","municipality_name":"沼津市","municipality_code_method":"nearest_centroid"},"geometry":{"type":"Point","coordinates":[138.8429305,35.110186]}},{"type":"Feature","properties":{"layer_id":"parks_playgrounds","name":"西沖公園","category":"nature","address":"沼津市","source":"国土交通省 国土数値情報","municipality_code":"22203","municipality_pref":"静岡県","municipality_name":"沼津市","municipality_code_method":"nearest_centroid"},"geometry":{"type":"Point","coordinates":[138.80492523,35.13357897]}},{"type":"Feature","properties":{"layer_id":"parks_playgrounds","name":"鳥沢公園","category":"nature","address":"沼津市","source":"国土交通省 国土数値情報","municipality_code":"22203","municipality_pref":"静岡県","municipality_name":"沼津市","municipality_code_method":"nearest_centroid"},"geometry":{"type":"Point","coordinates":[138.78801299,35.12746613]}},{"type":"Feature","properties":{"layer_id":"parks_playgrounds","name":"今沢2号公園","category":"nature","address":"沼津市","source":"国土交通省 国土数値情報","municipality_code":"22203","municipality_pref":"静岡県","municipality_name":"沼津市","municipality_code_method":"nearest_centroid"},"geometry":{"type":"Point","coordinates":[138.81466228,35.12243826]}},{"type":"Feature","properties":{"layer_id":"parks_playgrounds","name":"沼津御用邸記念公園","category":"nature","address":"沼津市","source":"国土交通省 国土数値情報","municipality_code":"22203","municipality_pref":"静岡県","municipality_name":"沼津市","municipality_code_method":"nearest_centroid"},"geometry":{"type":"Point","coordinates":[138.87150531,35.07277066]}},{"type":"Feature","properties":{"layer_id":"parks_playgrounds","name":"高島公園","category":"nature","address":"沼津市","source":"国土交通省 国土数値情報","municipality_code":"22203","municipality_pref":"静岡県","municipality_name":"沼津市","municipality_code_method":"nearest_centroid"},"geometry":{"type":"Point","coordinates":[138.85939949,35.10531742]}},{"type":"Feature","properties":{"layer_id":"parks_playgrounds","name":"本田町公園","category":"nature","address":"沼津市","source":"国土交通省 国土数値情報","municipality_code":"22203","municipality_pref":"静岡県","municipality_name":"沼津市","municipality_code_method":"nearest_centroid"},"geometry":{"type":"Point","coordinates":[138.85358089,35.11029394]}},{"type":"Feature","properties":{"layer_id":"parks_playgrounds","name":"下河原1号公園","category":"nature","address":"沼津市","source":"国土交通省 国土数値情報","municipality_code":"22203","municipality_pref":"静岡県","municipality_name":"沼津市","municipality_code_method":"nearest_centroid"},"geometry":{"type":"Point","coordinates":[138.85639337,35.0928579]}},{"type":"Feature","properties":{"layer_id":"parks_playgrounds","name":"香貫公園","category":"nature","address":"沼津市","source":"国土交通省 国土数値情報","municipality_code":"22203","municipality_pref":"静岡県","municipality_name":"沼津市","municipality_code_method":"nearest_centroid"},"geometry":{"type":"Point","coordinates":[138.86115,35.09642]}},{"type":"Feature","properties":{"layer_id":"parks_playgrounds","name":"北高島公園","category":"nature","address":"沼津市","source":"国土交通省 国土数値情報","municipality_code":"22203","municipality_pref":"静岡県","municipality_name":"沼津市","municipality_code_method":"nearest_centroid"},"geometry":{"type":"Point","coordinates":[138.8579162,35.10922041]}},{"type":"Feature","properties":{"layer_id":"parks_playgrounds","name":"宮久保公園","category":"nature","address":"沼津市","source":"国土交通省 国土数値情報","municipality_code":"22203","municipality_pref":"静岡県","municipality_name":"沼津市","municipality_code_method":"nearest_centroid"},"geometry":{"type":"Point","coordinates":[138.82042634,35.13337135]}},{"type":"Feature","properties":{"layer_id":"parks_playgrounds","name":"東沖公園","category":"nature","address":"沼津市","source":"国土交通省 国土数値情報","municipality_code":"22203","municipality_pref":"静岡県","municipality_name":"沼津市","municipality_code_method":"nearest_centroid"},"geometry":{"type":"Point","coordinates":[138.80579188,35.12951867]}},{"type":"Feature","properties":{"layer_id":"parks_playgrounds","name":"堀金公園","category":"nature","address":"沼津市","source":"国土交通省 国土数値情報","municipality_code":"22203","municipality_pref":"静岡県","municipality_name":"沼津市","municipality_code_method":"nearest_centroid"},"geometry":{"type":"Point","coordinates":[138.79048499,35.12571682]}},{"type":"Feature","properties":{"layer_id":"parks_playgrounds","name":"丸子公園","category":"nature","address":"沼津市","source":"国土交通省 国土数値情報","municipality_code":"22203","municipality_pref":"静岡県","municipality_name":"沼津市","municipality_code_method":"nearest_centroid"},"geometry":{"type":"Point","coordinates":[138.84927491,35.10226296]}},{"type":"Feature","properties":{"layer_id":"parks_playgrounds","name":"高沢公園","category":"nature","address":"沼津市","source":"国土交通省 国土数値情報","municipality_code":"22203","municipality_pref":"静岡県","municipality_name":"沼津市","municipality_code_method":"nearest_centroid"},"geometry":{"type":"Point","coordinates":[138.85539846,35.10531668]}},{"type":"Feature","properties":{"layer_id":"parks_playgrounds","name":"昭和公園","category":"nature","address":"沼津市","source":"国土交通省 国土数値情報","municipality_code":"22203","municipality_pref":"静岡県","municipality_name":"沼津市","municipality_code_method":"nearest_centroid"},"geometry":{"type":"Point","coordinates":[138.81549794,35.12445188]}},{"type":"Feature","properties":{"layer_id":"parks_playgrounds","name":"西添1号公園","category":"nature","address":"沼津市","source":"国土交通省 国土数値情報","municipality_code":"22203","municipality_pref":"静岡県","municipality_name":"沼津市","municipality_code_method":"nearest_centroid"},"geometry":{"type":"Point","coordinates":[138.79075417,35.12951471]}},{"type":"Feature","properties":{"layer_id":"parks_playgrounds","name":"港口公園","category":"nature","address":"沼津市","source":"国土交通省 国土数値情報","municipality_code":"22203","municipality_pref":"静岡県","municipality_name":"沼津市","municipality_code_method":"nearest_centroid"},"geometry":{"type":"Point","coordinates":[138.8541183,35.08234434]}},{"type":"Feature","properties":{"layer_id":"parks_playgrounds","name":"藤井原公園","category":"nature","address":"沼津市","source":"国土交通省 国土数値情報","municipality_code":"22203","municipality_pref":"静岡県","municipality_name":"沼津市","municipality_code_method":"nearest_centroid"},"geometry":{"type":"Point","coordinates":[138.87393348,35.08025753]}},{"type":"Feature","properties":{"layer_id":"parks_playgrounds","name":"双葉町公園","category":"nature","address":"沼津市","source":"国土交通省 国土数値情報","municipality_code":"22203","municipality_pref":"静岡県","municipality_name":"沼津市","municipality_code_method":"nearest_centroid"},"geometry":{"type":"Point","coordinates":[138.852307,35.10401089]}},{"type":"Feature","properties":{"layer_id":"parks_playgrounds","name":"下中溝公園","category":"nature","address":"沼津市","source":"国土交通省 国土数値情報","municipality_code":"22203","municipality_pref":"静岡県","municipality_name":"沼津市","municipality_code_method":"nearest_centroid"},"geometry":{"type":"Point","coordinates":[138.84542148,35.10272708]}},{"type":"Feature","properties":{"layer_id":"parks_playgrounds","name":"山神道公園","category":"nature","address":"沼津市","source":"国土交通省 国土数値情報","municipality_code":"22203","municipality_pref":"静岡県","municipality_name":"沼津市","municipality_code_method":"nearest_centroid"},"geometry":{"type":"Point","coordinates":[138.85389665,35.09758027]}},{"type":"Feature","properties":{"layer_id":"parks_playgrounds","name":"下河原3号公園","category":"nature","address":"沼津市","source":"国土交通省 国土数値情報","municipality_code":"22203","municipality_pref":"静岡県","municipality_name":"沼津市","municipality_code_method":"nearest_centroid"},"geometry":{"type":"Point","coordinates":[138.85755794,35.09114768]}},{"type":"Feature","properties":{"layer_id":"parks_playgrounds","name":"下河原2号公園","category":"nature","address":"沼津市","source":"国土交通省 国土数値情報","municipality_code":"22203","municipality_pref":"静岡県","municipality_name":"沼津市","municipality_code_method":"nearest_centroid"},"geometry":{"type":"Point","coordinates":[138.85739677,35.08971547]}},{"type":"Feature","properties":{"layer_id":"parks_playgrounds","name":"浅間公園","category":"nature","address":"沼津市","source":"国土交通省 国土数値情報","municipality_code":"22203","municipality_pref":"静岡県","municipality_name":"沼津市","municipality_code_method":"nearest_centroid"},"geometry":{"type":"Point","coordinates":[138.85537333,35.09494172]}},{"type":"Feature","properties":{"layer_id":"parks_playgrounds","name":"町沖公園","category":"nature","address":"沼津市","source":"国土交通省 国土数値情報","municipality_code":"22203","municipality_pref":"静岡県","municipality_name":"沼津市","municipality_code_method":"nearest_centroid"},"geometry":{"type":"Point","coordinates":[138.80044728,35.13268589]}},{"type":"Feature","properties":{"layer_id":"parks_playgrounds","name":"大塚公園","category":"nature","address":"沼津市","source":"国土交通省 国土数値情報","municipality_code":"22203","municipality_pref":"静岡県","municipality_name":"沼津市","municipality_code_method":"nearest_centroid"},"geometry":{"type":"Point","coordinates":[138.80975537,35.12423032]}},{"type":"Feature","properties":{"layer_id":"parks_playgrounds","name":"宮原公園","category":"nature","address":"沼津市","source":"国土交通省 国土数値情報","municipality_code":"22203","municipality_pref":"静岡県","municipality_name":"沼津市","municipality_code_method":"nearest_centroid"},"geometry":{"type":"Point","coordinates":[138.86974885,35.08894701]}},{"type":"Feature","properties":{"layer_id":"parks_playgrounds","name":"赤池公園","category":"nature","address":"沼津市","source":"国土交通省 国土数値情報","municipality_code":"22203","municipality_pref":"静岡県","municipality_name":"沼津市","municipality_code_method":"nearest_centroid"},"geometry":{"type":"Point","coordinates":[138.8018764,35.13574437]}},{"type":"Feature","properties":{"layer_id":"parks_playgrounds","name":"東田公園","category":"nature","address":"沼津市","source":"国土交通省 国土数値情報","municipality_code":"22203","municipality_pref":"静岡県","municipality_name":"沼津市","municipality_code_method":"nearest_centroid"},"geometry":{"type":"Point","coordinates":[138.82066347,35.12249606]}},{"type":"Feature","properties":{"layer_id":"parks_playgrounds","name":"東中公園","category":"nature","address":"沼津市","source":"国土交通省 国土数値情報","municipality_code":"22203","municipality_pref":"静岡県","municipality_name":"沼津市","municipality_code_method":"nearest_centroid"},"geometry":{"type":"Point","coordinates":[138.8039589,35.12887912]}},{"type":"Feature","properties":{"layer_id":"parks_playgrounds","name":"大久保公園","category":"nature","address":"沼津市","source":"国土交通省 国土数値情報","municipality_code":"22203","municipality_pref":"静岡県","municipality_name":"沼津市","municipality_code_method":"nearest_centroid"},"geometry":{"type":"Point","coordinates":[138.87917784,35.07229387]}},{"type":"Feature","properties":{"layer_id":"parks_playgrounds","name":"沼北町公園","category":"nature","address":"沼津市","source":"国土交通省 国土数値情報","municipality_code":"22203","municipality_pref":"静岡県","municipality_name":"沼津市","municipality_code_method":"nearest_centroid"},"geometry":{"type":"Point","coordinates":[138.85014794,35.11458918]}},{"type":"Feature","properties":{"layer_id":"parks_playgrounds","name":"町中公園","category":"nature","address":"沼津市","source":"国土交通省 国土数値情報","municipality_code":"22203","municipality_pref":"静岡県","municipality_name":"沼津市","municipality_code_method":"nearest_centroid"},"geometry":{"type":"Point","coordinates":[138.7991,35.12995]}},{"type":"Feature","properties":{"layer_id":"parks_playgrounds","name":"中央公園","category":"nature","address":"沼津市","source":"国土交通省 国土数値情報","municipality_code":"22203","municipality_pref":"静岡県","municipality_name":"沼津市","municipality_code_method":"nearest_centroid"},"geometry":{"type":"Point","coordinates":[138.85953298,35.09895093]}},{"type":"Feature","properties":{"layer_id":"parks_playgrounds","name":"今沢1号公園","category":"nature","address":"沼津市","source":"国土交通省 国土数値情報","municipality_code":"22203","municipality_pref":"静岡県","municipality_name":"沼津市","municipality_code_method":"nearest_centroid"},"geometry":{"type":"Point","coordinates":[138.81667318,35.12196076]}},{"type":"Feature","properties":{"layer_id":"parks_playgrounds","name":"今沢中央公園","category":"nature","address":"沼津市","source":"国土交通省 国土数値情報","municipality_code":"22203","municipality_pref":"静岡県","municipality_name":"沼津市","municipality_code_method":"nearest_centroid"},"geometry":{"type":"Point","coordinates":[138.81548378,35.12153725]}},{"type":"Feature","properties":{"layer_id":"parks_playgrounds","name":"市道公園","category":"nature","address":"沼津市","source":"国土交通省 国土数値情報","municipality_code":"22203","municipality_pref":"静岡県","municipality_name":"沼津市","municipality_code_method":"nearest_centroid"},"geometry":{"type":"Point","coordinates":[138.84954227,35.09857347]}},{"type":"Feature","properties":{"layer_id":"parks_playgrounds","name":"ニノ坪公園","category":"nature","address":"沼津市","source":"国土交通省 国土数値情報","municipality_code":"22203","municipality_pref":"静岡県","municipality_name":"沼津市","municipality_code_method":"nearest_centroid"},"geometry":{"type":"Point","coordinates":[138.83741925,35.10998574]}},{"type":"Feature","properties":{"layer_id":"parks_playgrounds","name":"カタバミ公園","category":"nature","address":"沼津市","source":"国土交通省 国土数値情報","municipality_code":"22203","municipality_pref":"静岡県","municipality_name":"沼津市","municipality_code_method":"nearest_centroid"},"geometry":{"type":"Point","coordinates":[138.79528714,35.12553316]}},{"type":"Feature","properties":{"layer_id":"parks_playgrounds","name":"今沢水上公園","category":"nature","address":"沼津市","source":"国土交通省 国土数値情報","municipality_code":"22203","municipality_pref":"静岡県","municipality_name":"沼津市","municipality_code_method":"nearest_centroid"},"geometry":{"type":"Point","coordinates":[138.81951544,35.11994081]}},{"type":"Feature","properties":{"layer_id":"parks_playgrounds","name":"西添2号公園","category":"nature","address":"沼津市","source":"国土交通省 国土数値情報","municipality_code":"22203","municipality_pref":"静岡県","municipality_name":"沼津市","municipality_code_method":"nearest_centroid"},"geometry":{"type":"Point","coordinates":[138.78788891,35.13039204]}},{"type":"Feature","properties":{"layer_id":"parks_playgrounds","name":"千本浜公園","category":"nature","address":"沼津市","source":"国土交通省 国土数値情報","municipality_code":"22203","municipality_pref":"静岡県","municipality_name":"沼津市","municipality_code_method":"nearest_centroid"},"geometry":{"type":"Point","coordinates":[138.84723619,35.09417394]}},{"type":"Feature","properties":{"layer_id":"parks_playgrounds","name":"狩野川緑地","category":"nature","address":"沼津市","source":"国土交通省 国土数値情報","municipality_code":"22203","municipality_pref":"静岡県","municipality_name":"沼津市","municipality_code_method":"nearest_centroid"},"geometry":{"type":"Point","coordinates":[138.85923313,35.09383326]}},{"type":"Feature","properties":{"layer_id":"parks_playgrounds","name":"蛇松緑道","category":"nature","address":"沼津市","source":"国土交通省 国土数値情報","municipality_code":"22203","municipality_pref":"静岡県","municipality_name":"沼津市","municipality_code_method":"nearest_centroid"},"geometry":{"type":"Point","coordinates":[138.85300177,35.09481311]}},{"type":"Feature","properties":{"layer_id":"parks_playgrounds","name":"駅前公園","category":"nature","address":"沼津市","source":"国土交通省 国土数値情報","municipality_code":"22203","municipality_pref":"静岡県","municipality_name":"沼津市","municipality_code_method":"nearest_centroid"},"geometry":{"type":"Point","coordinates":[138.79472344,35.12530124]}},{"type":"Feature","properties":{"layer_id":"parks_playgrounds","name":"六軒町中道ふれあい公園","category":"nature","address":"沼津市","source":"国土交通省 国土数値情報","municipality_code":"22203","municipality_pref":"静岡県","municipality_name":"沼津市","municipality_code_method":"nearest_centroid"},"geometry":{"type":"Point","coordinates":[138.79147246,35.12611011]}},{"type":"Feature","properties":{"layer_id":"parks_playgrounds","name":"堀金2号公園","category":"nature","address":"沼津市","source":"国土交通省 国土数値情報","municipality_code":"22203","municipality_pref":"静岡県","municipality_name":"沼津市","municipality_code_method":"nearest_centroid"},"geometry":{"type":"Point","coordinates":[138.79148055,35.12517148]}},{"type":"Feature","properties":{"layer_id":"parks_playgrounds","name":"我入道公園","category":"nature","address":"沼津市","source":"国土交通省 国土数値情報","municipality_code":"22203","municipality_pref":"静岡県","municipality_name":"沼津市","municipality_code_method":"nearest_centroid"},"geometry":{"type":"Point","coordinates":[138.86147457,35.07522982]}},{"type":"Feature","properties":{"layer_id":"tourism_resources","name":"千本松原砂丘","category":"nature","address":"海岸景観 / 砂丘","source":"国土交通省 国土数値情報","municipality_code":"22203","municipality_pref":"静岡県","municipality_name":"沼津市","municipality_code_method":"nearest_centroid","resource_code":"811"},"geometry":{"type":"Point","coordinates":[138.85089111328125,35.087886810302734]}},{"type":"Feature","properties":{"layer_id":"tourism_resources","name":"井田","category":"nature","address":"火山景観 / 火山","source":"国土交通省 国土数値情報","municipality_code":"22203","municipality_pref":"静岡県","municipality_name":"沼津市","municipality_code_method":"nearest_centroid","resource_code":"102"},"geometry":{"type":"Point","coordinates":[138.794189453125,34.989540100097656]}}],"display_comment_original":"沼津市には、江戸期の沼津藩と沼津城跡に連なる領主・城下の記憶が残る。 この地域には寺社や信仰の場、史跡や遺跡、古墳や貝塚に関わる場所が見え、三枚橋城跡、興国寺城跡、長浜城跡のような地点が探索の入口になる。 現地では城跡・陣屋跡、史跡説明板、日吉村、高田村ゆかりの旧境石標や村の歴史案内板が手がかりになりそうだ。さらに田・新田・用水の地名が多く、土地改良碑や用水記念碑が見つかる可能性がある。水辺の暮らしや堤防整備の歴史を示す案内板に加え、治水碑や河川改修の記念碑が狙い目になる。","story_enrichment":{"samurai_priority_people":["大久保忠佐"],"notable_people":["大久保忠佐","白隠慧鶴","大賀典雄","原田眞人","田中英光"],"honorary_citizens":[],"tourism_landmarks":["興国寺城跡（国の史跡。北条早雲の旗揚げの城）","長浜城跡（国の史跡）","休場遺跡（国の史跡）","江浦横穴群（えのうらおうけつぐん、静岡県指定史跡）","清水柳北遺跡（縄文時代の遺跡）","帯笑園（たいしょうえん、国登録記念物）","井田松江古墳群（県指定史跡）","沼津御用邸記念公園"],"specialties":[],"food_culture":[],"historical_domains":["沼津藩"],"heian_place_names":[],"japan_search_support":[],"enrichment_sources":["https://ja.wikipedia.org/wiki/%E6%B2%BC%E6%B4%A5%E5%B8%82","https://www.wikidata.org/wiki/Q1071101","https://www.wikidata.org/wiki/Q177059","https://www.wikidata.org/wiki/Q455603","https://www.wikidata.org/wiki/Q11330","https://www.wikidata.org/wiki/Q512638","https://www.wikidata.org/wiki/Q532557","https://www.wikidata.org/wiki/Q3387854","https://www.wikidata.org/wiki/Q11438459","https://www.wikidata.org/wiki/Q981818","https://www.wikidata.org/wiki/Q11562324","https://www.wikidata.org/wiki/Q136431436","https://www.wikidata.org/wiki/Q11400463","https://www.wikidata.org/wiki/Q11382417","https://www.wikidata.org/wiki/Q17210198","https://jpsearch.go.jp/csearch/jps-cross?csid=jps-cross&keyword=%E5%A4%A7%E4%B9%85%E4%BF%9D%E5%BF%A0%E4%BD%90&keyword=%E6%B2%BC%E6%B4%A5%E5%B8%82"],"enrichment_errors":[],"wikipedia_title":"沼津市","wikipedia_revision_id":"110713054","wikidata_qid":"Q241037","wikipedia_url":"https://ja.wikipedia.org/wiki/%E6%B2%BC%E6%B4%A5%E5%B8%82","japan_search_query_url":"https://jpsearch.go.jp/csearch/jps-cross?csid=jps-cross&keyword=%E5%A4%A7%E4%B9%85%E4%BF%9D%E5%BF%A0%E4%BD%90&keyword=%E6%B2%BC%E6%B4%A5%E5%B8%82","status":"wikipedia_ok"}}