{"type":"FeatureCollection","municipality_code":"28224","pref":"兵庫県","city":"南あわじ市","display_comment":"南あわじ市には、地域の歴史や暮らしを伝える案内板や石碑があり、それらを手がかりに街歩きを楽しめます。 まずは港町・水運、社寺・地域信仰に目を向けると、地域の由緒をたどる手がかりが見つけやすいでしょう。 現地では石碑、地蔵、地域資料館、公民館の由緒板を既存ピンと照らし合わせながら歩くと、見落としがちな地域の物語に出会いやすくなります。 人物に目を向けるなら、武将・武士の船越景直との縁をたどることで、街の歴史をより立体的に楽しめます。 「大和大国魂神社」や「自凝島神社」などの名所も、地域の物語を深掘りする絶好の入口です。","layer_counts":{"cafe_restaurant":4,"public_facilities":53,"scenic_nature_areas":19,"cultural_facilities":25,"parks_playgrounds":5,"tourism_resources":3},"total_features":109,"features":[{"type":"Feature","properties":{"layer_id":"cafe_restaurant","name":"すき家　28号南あわじ店","category":"food","address":"兵庫県南あわじ市市福永695-1","source":"厚生労働省 食品衛生申請等システム（オープンデータ）","municipality_code":"28224","municipality_pref":"兵庫県","municipality_name":"南あわじ市","municipality_code_method":"food_exact_coord"},"geometry":{"type":"Point","coordinates":[134.773341,34.28286]}},{"type":"Feature","properties":{"layer_id":"cafe_restaurant","name":"サーティワンアイスクリーム　南あわじ店","category":"food","address":"兵庫県南あわじ市市円行寺531-22","source":"厚生労働省 食品衛生申請等システム（オープンデータ）","municipality_code":"28224","municipality_pref":"兵庫県","municipality_name":"南あわじ市","municipality_code_method":"food_exact_coord"},"geometry":{"type":"Point","coordinates":[134.780583,34.289821]}},{"type":"Feature","properties":{"layer_id":"cafe_restaurant","name":"ピザハット　南あわじ店","category":"food","address":"兵庫県南あわじ市広田広田851-1","source":"厚生労働省 食品衛生申請等システム（オープンデータ）","municipality_code":"28224","municipality_pref":"兵庫県","municipality_name":"南あわじ市","municipality_code_method":"food_exact_coord"},"geometry":{"type":"Point","coordinates":[134.832723,34.324813]}},{"type":"Feature","properties":{"layer_id":"cafe_restaurant","name":"丸亀製麺南あわじ","category":"food","address":"兵庫県南あわじ市山添１６０－１","source":"厚生労働省 食品衛生申請等システム（オープンデータ）","municipality_code":"28224","municipality_pref":"兵庫県","municipality_name":"南あわじ市","municipality_code_method":"food_exact_coord"},"geometry":{"type":"Point","coordinates":[134.840936,34.331906]}},{"type":"Feature","properties":{"layer_id":"public_facilities","name":"津井地区公民館","category":"public","address":"南あわじ市津井2285-4","source":"国土交通省 国土数値情報","municipality_code":"28224","municipality_pref":"兵庫県","municipality_name":"南あわじ市","municipality_code_method":"source_exact_coord"},"geometry":{"type":"Point","coordinates":[134.69129,34.31798884]}},{"type":"Feature","properties":{"layer_id":"public_facilities","name":"市地区公民館","category":"public","address":"南あわじ市市三條878-1","source":"国土交通省 国土数値情報","municipality_code":"28224","municipality_pref":"兵庫県","municipality_name":"南あわじ市","municipality_code_method":"source_exact_coord"},"geometry":{"type":"Point","coordinates":[134.767947,34.289915]}},{"type":"Feature","properties":{"layer_id":"public_facilities","name":"緑老人福祉センター","category":"public","address":"南あわじ市広田広田206-1","source":"国土交通省 国土数値情報","municipality_code":"28224","municipality_pref":"兵庫県","municipality_name":"南あわじ市","municipality_code_method":"source_exact_coord"},"geometry":{"type":"Point","coordinates":[134.831914,34.320375]}},{"type":"Feature","properties":{"layer_id":"public_facilities","name":"阿万地区公民館","category":"public","address":"南あわじ市阿万下町423-1","source":"国土交通省 国土数値情報","municipality_code":"28224","municipality_pref":"兵庫県","municipality_name":"南あわじ市","municipality_code_method":"source_exact_coord"},"geometry":{"type":"Point","coordinates":[134.737272,34.222201]}},{"type":"Feature","properties":{"layer_id":"public_facilities","name":"西淡志知公民館","category":"public","address":"南あわじ市志知鈩412","source":"国土交通省 国土数値情報","municipality_code":"28224","municipality_pref":"兵庫県","municipality_name":"南あわじ市","municipality_code_method":"source_exact_coord"},"geometry":{"type":"Point","coordinates":[134.739009,34.301923]}},{"type":"Feature","properties":{"layer_id":"public_facilities","name":"中央公民館図書室","category":"public","address":"南あわじ市市三條880旧三原図書館","source":"国土交通省 国土数値情報","municipality_code":"28224","municipality_pref":"兵庫県","municipality_name":"南あわじ市","municipality_code_method":"source_exact_coord"},"geometry":{"type":"Point","coordinates":[134.7679398,34.2895962]}},{"type":"Feature","properties":{"layer_id":"public_facilities","name":"南淡Ｂ＆Ｇ海洋センター体育館","category":"public","address":"南あわじ市福良甲1515-2","source":"国土交通省 国土数値情報","municipality_code":"28224","municipality_pref":"兵庫県","municipality_name":"南あわじ市","municipality_code_method":"source_exact_coord"},"geometry":{"type":"Point","coordinates":[134.7189473,34.26584253]}},{"type":"Feature","properties":{"layer_id":"public_facilities","name":"福良地区公民館","category":"public","address":"南あわじ市福良甲512-2","source":"国土交通省 国土数値情報","municipality_code":"28224","municipality_pref":"兵庫県","municipality_name":"南あわじ市","municipality_code_method":"source_exact_coord"},"geometry":{"type":"Point","coordinates":[134.7221279,34.25753244]}},{"type":"Feature","properties":{"layer_id":"public_facilities","name":"灘開発総合センター","category":"public","address":"南あわじ市灘土生1-1","source":"国土交通省 国土数値情報","municipality_code":"28224","municipality_pref":"兵庫県","municipality_name":"南あわじ市","municipality_code_method":"source_exact_coord"},"geometry":{"type":"Point","coordinates":[134.797415,34.200104]}},{"type":"Feature","properties":{"layer_id":"public_facilities","name":"湊地区公民館","category":"public","address":"南あわじ市湊75-1","source":"国土交通省 国土数値情報","municipality_code":"28224","municipality_pref":"兵庫県","municipality_name":"南あわじ市","municipality_code_method":"source_exact_coord"},"geometry":{"type":"Point","coordinates":[134.7341612,34.32501658]}},{"type":"Feature","properties":{"layer_id":"public_facilities","name":"賀集スポーツセンター体育館","category":"public","address":"南あわじ市賀集1031","source":"国土交通省 国土数値情報","municipality_code":"28224","municipality_pref":"兵庫県","municipality_name":"南あわじ市","municipality_code_method":"source_exact_coord"},"geometry":{"type":"Point","coordinates":[134.752947,34.263958]}},{"type":"Feature","properties":{"layer_id":"public_facilities","name":"湊活性化センター","category":"public","address":"南あわじ市湊75-1","source":"国土交通省 国土数値情報","municipality_code":"28224","municipality_pref":"兵庫県","municipality_name":"南あわじ市","municipality_code_method":"source_exact_coord"},"geometry":{"type":"Point","coordinates":[134.7341712,34.32501658]}},{"type":"Feature","properties":{"layer_id":"public_facilities","name":"志知老人福祉センター","category":"public","address":"南あわじ市志知中島785-7","source":"国土交通省 国土数値情報","municipality_code":"28224","municipality_pref":"兵庫県","municipality_name":"南あわじ市","municipality_code_method":"source_exact_coord"},"geometry":{"type":"Point","coordinates":[134.74457116,34.28908307]}},{"type":"Feature","properties":{"layer_id":"public_facilities","name":"十一ヶ所老人福祉センター","category":"public","address":"南あわじ市市十一ヶ所398-1","source":"国土交通省 国土数値情報","municipality_code":"28224","municipality_pref":"兵庫県","municipality_name":"南あわじ市","municipality_code_method":"source_exact_coord"},"geometry":{"type":"Point","coordinates":[134.763386,34.297436]}},{"type":"Feature","properties":{"layer_id":"public_facilities","name":"西淡社会教育センター","category":"public","address":"南あわじ市松帆古津路970-71","source":"国土交通省 国土数値情報","municipality_code":"28224","municipality_pref":"兵庫県","municipality_name":"南あわじ市","municipality_code_method":"source_exact_coord"},"geometry":{"type":"Point","coordinates":[134.73189724,34.33427388]}},{"type":"Feature","properties":{"layer_id":"public_facilities","name":"老人憩の家ふくら荘","category":"public","address":"南あわじ市福良乙758","source":"国土交通省 国土数値情報","municipality_code":"28224","municipality_pref":"兵庫県","municipality_name":"南あわじ市","municipality_code_method":"source_exact_coord"},"geometry":{"type":"Point","coordinates":[134.718574,34.258571]}},{"type":"Feature","properties":{"layer_id":"public_facilities","name":"稲田荘","category":"public","address":"南あわじ市北阿万稲田南681-1","source":"国土交通省 国土数値情報","municipality_code":"28224","municipality_pref":"兵庫県","municipality_name":"南あわじ市","municipality_code_method":"source_exact_coord"},"geometry":{"type":"Point","coordinates":[134.759032,34.240848]}},{"type":"Feature","properties":{"layer_id":"public_facilities","name":"北阿万連絡所","category":"public","address":"南あわじ市北阿万筒井1228","source":"国土交通省 国土数値情報","municipality_code":"28224","municipality_pref":"兵庫県","municipality_name":"南あわじ市","municipality_code_method":"source_exact_coord"},"geometry":{"type":"Point","coordinates":[134.750448,34.248434]}},{"type":"Feature","properties":{"layer_id":"public_facilities","name":"三原志知公民館","category":"public","address":"南あわじ市志知佐礼尾363","source":"国土交通省 国土数値情報","municipality_code":"28224","municipality_pref":"兵庫県","municipality_name":"南あわじ市","municipality_code_method":"source_exact_coord"},"geometry":{"type":"Point","coordinates":[134.740329,34.295707]}},{"type":"Feature","properties":{"layer_id":"public_facilities","name":"緑市民センター","category":"public","address":"南あわじ市広田広田1057-1","source":"国土交通省 国土数値情報","municipality_code":"28224","municipality_pref":"兵庫県","municipality_name":"南あわじ市","municipality_code_method":"source_exact_coord"},"geometry":{"type":"Point","coordinates":[134.829339,34.32388]}},{"type":"Feature","properties":{"layer_id":"public_facilities","name":"伊加利地区公民館","category":"public","address":"南あわじ市伊加利614-2","source":"国土交通省 国土数値情報","municipality_code":"28224","municipality_pref":"兵庫県","municipality_name":"南あわじ市","municipality_code_method":"source_exact_coord"},"geometry":{"type":"Point","coordinates":[134.68686,34.285243]}},{"type":"Feature","properties":{"layer_id":"public_facilities","name":"中央公民館","category":"public","address":"南あわじ市市三條880","source":"国土交通省 国土数値情報","municipality_code":"28224","municipality_pref":"兵庫県","municipality_name":"南あわじ市","municipality_code_method":"source_exact_coord"},"geometry":{"type":"Point","coordinates":[134.7679398,34.2896162]}},{"type":"Feature","properties":{"layer_id":"public_facilities","name":"武道館","category":"public","address":"南あわじ市福良甲1515-2","source":"国土交通省 国土数値情報","municipality_code":"28224","municipality_pref":"兵庫県","municipality_name":"南あわじ市","municipality_code_method":"source_exact_coord"},"geometry":{"type":"Point","coordinates":[134.721962,34.266429]}},{"type":"Feature","properties":{"layer_id":"public_facilities","name":"仁尾荘","category":"public","address":"南あわじ市福良丙92-43","source":"国土交通省 国土数値情報","municipality_code":"28224","municipality_pref":"兵庫県","municipality_name":"南あわじ市","municipality_code_method":"source_exact_coord"},"geometry":{"type":"Point","coordinates":[134.703249,34.251228]}},{"type":"Feature","properties":{"layer_id":"public_facilities","name":"あづま荘","category":"public","address":"南あわじ市阿万東町680","source":"国土交通省 国土数値情報","municipality_code":"28224","municipality_pref":"兵庫県","municipality_name":"南あわじ市","municipality_code_method":"source_exact_coord"},"geometry":{"type":"Point","coordinates":[134.7387,34.209541]}},{"type":"Feature","properties":{"layer_id":"public_facilities","name":"阿那賀地区公民館","category":"public","address":"南あわじ市阿那賀25","source":"国土交通省 国土数値情報","municipality_code":"28224","municipality_pref":"兵庫県","municipality_name":"南あわじ市","municipality_code_method":"source_exact_coord"},"geometry":{"type":"Point","coordinates":[134.671602,34.272458]}},{"type":"Feature","properties":{"layer_id":"public_facilities","name":"老人福祉センター仁尾荘","category":"public","address":"南あわじ市福良丙92-43","source":"国土交通省 国土数値情報","municipality_code":"28224","municipality_pref":"兵庫県","municipality_name":"南あわじ市","municipality_code_method":"source_exact_coord"},"geometry":{"type":"Point","coordinates":[134.7024936,34.25098554]}},{"type":"Feature","properties":{"layer_id":"public_facilities","name":"神代地区公民館","category":"public","address":"南あわじ市神代富田1-4","source":"国土交通省 国土数値情報","municipality_code":"28224","municipality_pref":"兵庫県","municipality_name":"南あわじ市","municipality_code_method":"source_exact_coord"},"geometry":{"type":"Point","coordinates":[134.769855,34.276998]}},{"type":"Feature","properties":{"layer_id":"public_facilities","name":"賀集地区公民館","category":"public","address":"南あわじ市賀集1053","source":"国土交通省 国土数値情報","municipality_code":"28224","municipality_pref":"兵庫県","municipality_name":"南あわじ市","municipality_code_method":"source_exact_coord"},"geometry":{"type":"Point","coordinates":[134.752634,34.262505]}},{"type":"Feature","properties":{"layer_id":"public_facilities","name":"広田地区公民館","category":"public","address":"南あわじ市広田広田1057-1","source":"国土交通省 国土数値情報","municipality_code":"28224","municipality_pref":"兵庫県","municipality_name":"南あわじ市","municipality_code_method":"source_exact_coord"},"geometry":{"type":"Point","coordinates":[134.8293336,34.32390986]}},{"type":"Feature","properties":{"layer_id":"public_facilities","name":"南淡公民館","category":"public","address":"南あわじ市福良甲512-2","source":"国土交通省 国土数値情報","municipality_code":"28224","municipality_pref":"兵庫県","municipality_name":"南あわじ市","municipality_code_method":"source_exact_coord"},"geometry":{"type":"Point","coordinates":[134.7221379,34.25753244]}},{"type":"Feature","properties":{"layer_id":"public_facilities","name":"老人会館長楽荘","category":"public","address":"南あわじ市賀集八幡721","source":"国土交通省 国土数値情報","municipality_code":"28224","municipality_pref":"兵庫県","municipality_name":"南あわじ市","municipality_code_method":"source_exact_coord"},"geometry":{"type":"Point","coordinates":[134.738087,34.270049]}},{"type":"Feature","properties":{"layer_id":"public_facilities","name":"緑公民館","category":"public","address":"南あわじ市広田広田1057-1","source":"国土交通省 国土数値情報","municipality_code":"28224","municipality_pref":"兵庫県","municipality_name":"南あわじ市","municipality_code_method":"source_exact_coord"},"geometry":{"type":"Point","coordinates":[134.829349,34.32388]}},{"type":"Feature","properties":{"layer_id":"public_facilities","name":"丸山地区公民館","category":"public","address":"南あわじ市阿那賀1348","source":"国土交通省 国土数値情報","municipality_code":"28224","municipality_pref":"兵庫県","municipality_name":"南あわじ市","municipality_code_method":"source_exact_coord"},"geometry":{"type":"Point","coordinates":[134.666469,34.286345]}},{"type":"Feature","properties":{"layer_id":"public_facilities","name":"松帆地区公民館","category":"public","address":"南あわじ市松帆高屋丙100-1","source":"国土交通省 国土数値情報","municipality_code":"28224","municipality_pref":"兵庫県","municipality_name":"南あわじ市","municipality_code_method":"source_exact_coord"},"geometry":{"type":"Point","coordinates":[134.7473352,34.32382807]}},{"type":"Feature","properties":{"layer_id":"public_facilities","name":"阿万スポーツセンター体育館","category":"public","address":"南あわじ市阿万塩屋町757-63","source":"国土交通省 国土数値情報","municipality_code":"28224","municipality_pref":"兵庫県","municipality_name":"南あわじ市","municipality_code_method":"source_exact_coord"},"geometry":{"type":"Point","coordinates":[134.723368,34.218421]}},{"type":"Feature","properties":{"layer_id":"public_facilities","name":"灘地区公民館","category":"public","address":"南あわじ市灘土生1-1","source":"国土交通省 国土数値情報","municipality_code":"28224","municipality_pref":"兵庫県","municipality_name":"南あわじ市","municipality_code_method":"source_exact_coord"},"geometry":{"type":"Point","coordinates":[134.7972114,34.20018771]}},{"type":"Feature","properties":{"layer_id":"public_facilities","name":"山所老人福祉センター","category":"public","address":"南あわじ市榎列上幡多1189","source":"国土交通省 国土数値情報","municipality_code":"28224","municipality_pref":"兵庫県","municipality_name":"南あわじ市","municipality_code_method":"source_exact_coord"},"geometry":{"type":"Point","coordinates":[134.780569,34.312639]}},{"type":"Feature","properties":{"layer_id":"public_facilities","name":"老人福祉センター亀岡荘","category":"public","address":"南あわじ市阿万上町2042","source":"国土交通省 国土数値情報","municipality_code":"28224","municipality_pref":"兵庫県","municipality_name":"南あわじ市","municipality_code_method":"source_exact_coord"},"geometry":{"type":"Point","coordinates":[134.739597,34.223309]}},{"type":"Feature","properties":{"layer_id":"public_facilities","name":"老人福祉センター稲田荘","category":"public","address":"南あわじ市稲田南681-1","source":"国土交通省 国土数値情報","municipality_code":"28224","municipality_pref":"兵庫県","municipality_name":"南あわじ市","municipality_code_method":"source_exact_coord"},"geometry":{"type":"Point","coordinates":[134.779858,34.29447922]}},{"type":"Feature","properties":{"layer_id":"public_facilities","name":"北阿万地区公民館","category":"public","address":"南あわじ市北阿万筒井1228-7","source":"国土交通省 国土数値情報","municipality_code":"28224","municipality_pref":"兵庫県","municipality_name":"南あわじ市","municipality_code_method":"source_exact_coord"},"geometry":{"type":"Point","coordinates":[134.7504424,34.24845612]}},{"type":"Feature","properties":{"layer_id":"public_facilities","name":"文化体育館","category":"public","address":"南あわじ市北阿万筒井1509-1","source":"国土交通省 国土数値情報","municipality_code":"28224","municipality_pref":"兵庫県","municipality_name":"南あわじ市","municipality_code_method":"source_exact_coord"},"geometry":{"type":"Point","coordinates":[134.7298,34.246773]}},{"type":"Feature","properties":{"layer_id":"public_facilities","name":"沼島地区公民館","category":"public","address":"南あわじ市沼島2368-1","source":"国土交通省 国土数値情報","municipality_code":"28224","municipality_pref":"兵庫県","municipality_name":"南あわじ市","municipality_code_method":"source_exact_coord"},"geometry":{"type":"Point","coordinates":[134.8203789,34.16896701]}},{"type":"Feature","properties":{"layer_id":"public_facilities","name":"南あわじ市役所","category":"public","address":"南あわじ市市善光寺22-1","source":"国土交通省 国土数値情報","municipality_code":"28224","municipality_pref":"兵庫県","municipality_name":"南あわじ市","municipality_code_method":"source_exact_coord"},"geometry":{"type":"Point","coordinates":[134.77980289,34.2946032]}},{"type":"Feature","properties":{"layer_id":"public_facilities","name":"潮美台地区公民館","category":"public","address":"南あわじ市潮美台2-22-3","source":"国土交通省 国土数値情報","municipality_code":"28224","municipality_pref":"兵庫県","municipality_name":"南あわじ市","municipality_code_method":"source_exact_coord"},"geometry":{"type":"Point","coordinates":[134.731655,34.255939]}},{"type":"Feature","properties":{"layer_id":"public_facilities","name":"南淡図書館","category":"public","address":"南あわじ市福良甲300","source":"国土交通省 国土数値情報","municipality_code":"28224","municipality_pref":"兵庫県","municipality_name":"南あわじ市","municipality_code_method":"source_exact_coord"},"geometry":{"type":"Point","coordinates":[134.724087,34.25755]}},{"type":"Feature","properties":{"layer_id":"public_facilities","name":"八木地区公民館","category":"public","address":"南あわじ市八木鳥井348-2","source":"国土交通省 国土数値情報","municipality_code":"28224","municipality_pref":"兵庫県","municipality_name":"南あわじ市","municipality_code_method":"source_exact_coord"},"geometry":{"type":"Point","coordinates":[134.789997,34.295952]}},{"type":"Feature","properties":{"layer_id":"public_facilities","name":"老人憩の家賀集荘","category":"public","address":"南あわじ市賀集603-1","source":"国土交通省 国土数値情報","municipality_code":"28224","municipality_pref":"兵庫県","municipality_name":"南あわじ市","municipality_code_method":"source_exact_coord"},"geometry":{"type":"Point","coordinates":[134.748762,34.265554]}},{"type":"Feature","properties":{"layer_id":"public_facilities","name":"老人福祉センターゆづるは荘","category":"public","address":"南あわじ市賀集牛内662-1","source":"国土交通省 国土数値情報","municipality_code":"28224","municipality_pref":"兵庫県","municipality_name":"南あわじ市","municipality_code_method":"source_exact_coord"},"geometry":{"type":"Point","coordinates":[134.7784508,34.25797498]}},{"type":"Feature","properties":{"layer_id":"public_facilities","name":"榎列公民館","category":"public","address":"南あわじ市榎列下幡多802","source":"国土交通省 国土数値情報","municipality_code":"28224","municipality_pref":"兵庫県","municipality_name":"南あわじ市","municipality_code_method":"source_exact_coord"},"geometry":{"type":"Point","coordinates":[134.771889,34.313172]}},{"type":"Feature","properties":{"layer_id":"public_facilities","name":"沼島出張所","category":"public","address":"南あわじ市沼島2368-1","source":"国土交通省 国土数値情報","municipality_code":"28224","municipality_pref":"兵庫県","municipality_name":"南あわじ市","municipality_code_method":"source_exact_coord"},"geometry":{"type":"Point","coordinates":[134.820381,34.168967]}},{"type":"Feature","properties":{"layer_id":"public_facilities","name":"倭文公民館","category":"public","address":"南あわじ市倭文庄田204","source":"国土交通省 国土数値情報","municipality_code":"28224","municipality_pref":"兵庫県","municipality_name":"南あわじ市","municipality_code_method":"source_exact_coord"},"geometry":{"type":"Point","coordinates":[134.7888453,34.33368883]}},{"type":"Feature","properties":{"layer_id":"public_facilities","name":"老人福祉センター","category":"public","address":"南あわじ市伊加利1181-1","source":"国土交通省 国土数値情報","municipality_code":"28224","municipality_pref":"兵庫県","municipality_name":"南あわじ市","municipality_code_method":"source_exact_coord"},"geometry":{"type":"Point","coordinates":[134.6912021,34.28131794]}},{"type":"Feature","properties":{"layer_id":"scenic_nature_areas","name":"自然公園地域","category":"nature","source":"国土交通省 国土数値情報","municipality_code":"28224","municipality_pref":"兵庫県","municipality_name":"南あわじ市","municipality_code_method":"nearest_centroid","resource_class":"自然公園地域","source_dataset_code":"A10"},"geometry":{"type":"Polygon","coordinates":[[[134.68163899975116,34.2695830002455],[134.68198699961147,34.269138999555416],[134.68252200000143,34.26865599976481],[134.6831029998147,34.26738200036925],[134.683166000022,34.26686599995617],[134.68328199997543,34.266512999865284],[134.6835139998823,34.26614399993588],[134.68368799981246,34.26599900044375],[134.68391999971934,34.26583900025989],[134.68434500043256,34.265662000191384],[134.68531700029047,34.264852999756364],[134.68551000019747,34.26472500014887],[134.6856460001739,34.264644000010826],[134.68576200012734,34.264579999757416],[134.6859360000575,34.26448399982696],[134.68607099998778,34.26435500017335],[134.68610999998762,34.26429099991994],[134.68616799996434,34.26417800010485],[134.6862059999181,34.26411399985144],[134.68630299989465,34.26387300042886],[134.68661199975512,34.263424000407525],[134.68699899961527,34.263006000017114],[134.6873270003519,34.26261600001862],[134.68726500019073,34.26183900015996],[134.68728900039818,34.26179599997565],[134.6873470003749,34.26160300006863],[134.68740500035162,34.261331000115796],[134.6874549999594,34.26094400025564],[134.68732200012133,34.25981999968347],[134.6872759997987,34.25903300026298],[134.68730700032893,34.258547000334026],[134.68733699991375,34.25808100042806],[134.68758200042012,34.25744499987707],[134.68790299993464,34.25710200024734],[134.68842399967897,34.25689799983306],[134.68862299986267,34.25688500013288],[134.6887599998852,34.25691100043255],[134.6888519996312,34.256987000340025],[134.68891299974626,34.257049999648],[134.68879100041545,34.25727900031584],[134.68877599972373,34.25743100013078],[134.68877599972373,34.25762199994557],[134.6888220000464,34.25769799985304],[134.68886800036904,34.25778700036001],[134.68900500039157,34.25786300026748],[134.68918899988356,34.25791299987527],[134.68937300027486,34.25793800012883],[134.68958700025098,34.25797600008257],[134.6896939997894,34.258040000335974],[134.68986200034217,34.25817899955142],[134.6900000004108,34.25830600001212],[134.6901690001104,34.25840700017315],[134.69033699976384,34.258483000080616],[134.69064300038528,34.25855899998809],[134.6910929995534,34.25868699959558],[134.69167400026603,34.258861999571856],[134.69193399966548,34.25897600033238],[134.69219399996425,34.25916700014717],[134.69256099980143,34.259356999915845],[134.69285199973112,34.25946999973093],[134.6931120000299,34.259507999684665],[134.69361699993573,34.25949499998449],[134.6938620004421,34.25946899968482],[134.69404599993408,34.25939299977735],[134.69412199984154,34.259201999962556],[134.69407600041822,34.25878300042536],[134.69395400018809,34.25854200010345],[134.69396899998048,34.25780500029076],[134.69403000009555,34.257666000175995],[134.69411599956484,34.25753699962306],[134.69424800025612,34.25744499987707],[134.69435499979454,34.25744499987707],[134.69446200023225,34.25749600043031],[134.6946920000469,34.257634999645745],[134.69482900006943,34.25768600019898],[134.69495200034567,34.257735999806776],[134.69507399967648,34.25774900040627],[134.69513499979152,34.25768500015287],[134.69510500020672,34.25711399990141],[134.69515099963004,34.256821999925585],[134.6951959999066,34.25659300015706],[134.69527299986018,34.256517000249595],[134.69541099992884,34.25646599969636],[134.695594000274,34.25646499965024],[134.69571400041193,34.25655600024944],[134.69583899988106,34.256732000271825],[134.69591599983465,34.256794999579796],[134.6960529998572,34.256833000432856],[134.69619099992582,34.2568080001793],[134.6962370002485,34.25675699962606],[134.6962520000409,34.256451999950066],[134.69625500017924,34.25602900022841],[134.69622799983344,34.25548799956176],[134.69639999967137,34.25538400016171],[134.69653200036265,34.25521899974727],[134.6966420000394,34.255018000370654],[134.6968190001079,34.254707000417966],[134.6972160004292,34.25433999968147],[134.69829699991774,34.253642999914746],[134.69953200021277,34.25300099998639],[134.69973000035037,34.252890000263534],[134.69986200014233,34.25277999968747],[134.70006100032603,34.252670000010724],[134.7002150002332,34.25261500017235],[134.7004359996328,34.252542000403224],[134.7011379996301,34.252205000150866],[134.70176499976606,34.25196299978285],[134.7019949995807,34.25184799987552],[134.70217799992588,34.251631999807174],[134.70231599999454,34.25137799978509],[134.70242300043225,34.25065399967258],[134.7025120000399,34.24984199999853],[134.70253300010899,34.24928400034657],[134.70240799974053,34.24877999958754],[134.70224799955665,34.24856999979588],[134.70184900004244,34.24826500011989],[134.70113100020663,34.247798000167805],[134.70047599967876,34.247391000284665],[134.70131199956026,34.246646000103055],[134.7007260004157,34.24620899973578],[134.7009099999077,34.246073999805475],[134.70114199981455,34.24590400005979],[134.70135999997515,34.24588099989845],[134.70200500004185,34.24584099985249],[134.7020710003875,34.24604200012843],[134.7021149997186,34.24611499989756],[134.70218100006423,34.24620699964355],[134.7023139999023,34.24633500015037],[134.70242399957905,34.24637100001187],[134.7025120000399,34.24637100001187],[134.70260099964753,34.246352000035],[134.7027549995547,34.24624200035826],[134.70282099990035,34.24618699962057],[134.702887000246,34.246113999851445],[134.7029749998075,34.24604100008232],[134.70304200019928,34.24596700026708],[134.70312999976082,34.24593100040558],[134.70328399966797,34.24593000035946],[134.70346099973648,34.24605799996696],[134.70348499994392,34.24615299985129],[134.70409839312182,34.2469254579773],[134.70673809142542,34.246993704246876],[134.7067520004156,34.246988999732785],[134.70677431079693,34.246986006789015],[134.70683399970045,34.246978000124834],[134.70696765503416,34.24699963934177],[134.70715407924533,34.2470044591187],[134.7071713233058,34.24693030973618],[134.70705490220226,34.24456527135035],[134.70700999972283,34.2445369999728],[134.70695006170712,34.244509487013445],[134.70688800039204,34.244481000088314],[134.70672301599467,34.244431640251435],[134.7064591634378,34.24438790958648],[134.7061220001413,34.24436300004265],[134.70594600011893,34.24432299999668],[134.70586869826133,34.244290046465075],[134.705434,34.244218],[134.70145506570805,34.241468850624514],[134.7014339997904,34.24146999973093],[134.7014060002978,34.24144999970795],[134.70137643610002,34.241414523379575],[134.70137442409614,34.24141313323369],[134.70135599979068,34.2414030002385],[134.70130500013678,34.241398000007926],[134.70123200036764,34.24139499986958],[134.7011649999759,34.241393999823465],[134.70113185546188,34.241407558901955],[134.70112099974546,34.24141199975421],[134.70109999967636,34.241420000123135],[134.701093675635,34.24143067183183],[134.70108399983783,34.24146236633428],[134.70108399983783,34.24148300033043],[134.7010769675776,34.24148540154112],[134.700182,34.244417],[134.695068,34.24785],[134.69466363284226,34.247847292886846],[134.69453900018584,34.24787400007527],[134.69431499974857,34.24793600023645],[134.69404399984185,34.24797000000573],[134.69378499958918,34.24798799993648],[134.6935080003051,34.248003999775],[134.6928569999617,34.248015000282265],[134.6927009999623,34.248015000282265],[134.69226699973336,34.24799200012094],[134.69183999982727,34.248015000282265],[134.69168399982786,34.24802099965964],[134.69148000031288,34.24799900044375],[134.69065500003936,34.247861000375096],[134.69034700603262,34.24781839440439],[134.68875605842405,34.24780774350183],[134.6887100002774,34.24781099986798],[134.68869826555556,34.24780735659643],[134.688645,34.247807],[134.68836831375455,34.247704916672916],[134.6878789997272,34.24755299966144],[134.68690468771229,34.2472430743986],[134.68680699975437,34.24721200012394],[134.6867740000312,34.247168999939625],[134.68667900014685,34.24712999993977],[134.68636700014807,34.24705099989396],[134.68631599959483,34.24702300040138],[134.68621799957214,34.247012999940225],[134.6861639997799,34.24702300040138],[134.68613300014897,34.24702300040138],[134.6861069998493,34.24699399996336],[134.68604899987258,34.2469899997789],[134.68598799975751,34.246985000447644],[134.68592000021897,34.24700300037839],[134.68589399991927,34.24699600005559],[134.68585099973498,34.24697099980203],[134.685788000427,34.24695900014797],[134.68574400019656,34.24696500042466],[134.6857125410121,34.24698346530491],[134.68569799987392,34.24699199987113],[134.68567299962035,34.2469970001017],[134.68559300042776,34.246984000401525],[134.68553899973617,34.246982000309295],[134.68550199982855,34.24700400042451],[134.68546700001318,34.24703099987098],[134.68541000008256,34.24704100033213],[134.68533800035956,34.24704100033213],[134.68529400012912,34.24705700017065],[134.68525500012927,34.24709400007827],[134.68516999980676,34.24707300000917],[134.68511199983004,34.24708499966324],[134.68508400033747,34.247109999916795],[134.68506100017615,34.24715300010111],[134.685030999692,34.24716999998574],[134.68495699987676,34.247172000077974],[134.68490300008452,34.247200999616666],[134.68487699978485,34.24723200014692],[134.68486400008467,34.24728900007752],[134.68480800020018,34.24732199980068],[134.6847740004309,34.24735300033093],[134.68474900017733,34.247420999869476],[134.68473799967006,34.24746800023825],[134.6847029998547,34.24750099996141],[134.68467300026987,34.2475359997768],[134.68465200020077,34.24759499979963],[134.68465799957815,34.247639000030055],[134.68463799955515,34.24766100014527],[134.6845639997399,34.247673999845446],[134.68451600022436,34.247699000099004],[134.68448100040897,34.24773700005274],[134.68442899980963,34.247730999776046],[134.68439600008645,34.247729999729934],[134.68435199985603,34.24774400037555],[134.6843289996947,34.24778400042151],[134.68429499992544,34.24779199989111],[134.684228000433,34.24779199989111],[134.68417499978753,34.24781099986798],[134.68412500017973,34.24784999986783],[134.6840789998571,34.247832999983196],[134.68402400001872,34.247826999706504],[134.68399300038777,34.24783700016766],[134.68396299990366,34.2478689998447],[134.68393300031883,34.24787400007527],[134.6838599996504,34.247858000236754],[134.68381400022704,34.24786399961412],[134.6837740001811,34.247890999959914],[134.6837469998353,34.24791099998289],[134.68368699976637,34.247894000098256],[134.68364300043524,34.247899000328836],[134.68361500004335,34.247919000351814],[134.6835909998359,34.247946999844395],[134.68353599999753,34.24794000042091],[134.68346700041286,34.24794599979828],[134.68343900002097,34.247956000259435],[134.68339699988277,34.24799200012094],[134.6833280002981,34.247986999890365],[134.6832710003675,34.247981999659785],[134.68322399999872,34.24799200012094],[134.68319400041392,34.248014000236154],[134.68315799965308,34.24804099968262],[134.68309200020676,34.24803400025913],[134.68303899956132,34.24803700039748],[134.6830160002993,34.24805999965949],[134.6829809995846,34.24808499991305],[134.68289900029976,34.248075000351214],[134.6828390002308,34.248080999728586],[134.68282000025394,34.248109000120486],[134.68278300034632,34.24812700005124],[134.68270799958563,34.24812600000513],[134.6826630002084,34.248147000074226],[134.68261799993186,34.248175999612926],[134.68252900032422,34.248172000327784],[134.6823999997713,34.248172000327784],[134.68229799956416,34.24813300032793],[134.6822527510747,34.24813300032793],[134.6820879997725,34.24813300032793],[134.68202000023396,34.24815000021257],[134.68189939305367,34.24820907308049],[134.68182400018858,34.24824600014302],[134.68176300007352,34.24828500014287],[134.6815999997513,34.24832400014272],[134.68138299963684,34.24835299968142],[134.6812038519873,34.24835881289913],[134.6811461107019,34.24836068663952],[134.681017,34.248403],[134.6805112913877,34.24830603323546],[134.68031799998684,34.24828500014287],[134.6799039997809,34.24821200037375],[134.67974200040413,34.248167000097204],[134.67969880647294,34.248150243851],[134.679515,34.248115],[134.679493916595,34.24801589979279],[134.6794873456756,34.248010621483225],[134.6794430001055,34.2479750002363],[134.6792870001061,34.247788999752764],[134.67921899966822,34.24769299982231],[134.67911800040653,34.24744500007692],[134.67900299959987,34.24720799993948],[134.6789820004301,34.247141000447044],[134.67888799969256,34.24693199980218],[134.67892862836464,34.24692401921834],[134.67894399957706,34.246921000194234],[134.67893700015355,34.246866000355865],[134.67889600006148,34.24682100007932],[134.67884699960047,34.24678900040228],[134.6788040003155,34.24675899991814],[134.67880300026937,34.24669999989531],[134.67877399983135,34.24665499961877],[134.67872600031578,34.24661799971115],[134.6786620000624,34.24660299991874],[134.6786500004083,34.24658600003411],[134.6786359997627,34.24653300028796],[134.6785999999012,34.2465009997116],[134.67856299999357,34.246485999919194],[134.67851799971703,34.24648900005754],[134.67849000022446,34.2464799996425],[134.67848199985553,34.246457000380495],[134.678466000017,34.24641200010395],[134.67843400033996,34.246381999619814],[134.6783510001097,34.24636699982741],[134.6783310000867,34.24635099998889],[134.67833300017895,34.24630399962012],[134.67829999955646,34.24627299998919],[134.6782449997181,34.24624699968952],[134.67815800020267,34.24624399955117],[134.67812899976465,34.246236000081566],[134.6781259996263,34.24618500042766],[134.67810999978778,34.246144000335576],[134.67806400036446,34.24612699955162],[134.67800999967287,34.24611699998979],[134.67792700034192,34.246113999851445],[134.677918999973,34.24605599987473],[134.67790700031892,34.24602800038214],[134.67785499971959,34.24599499975966],[134.67779499965064,34.24597899992114],[134.67773799972002,34.24597899992114],[134.67771899974318,34.245955999759815],[134.67771200031967,34.245915999713844],[134.67767500041205,34.245892000405725],[134.67761799958214,34.24587899980623],[134.67756900002047,34.24587399957565],[134.67752799992837,34.245831000290664],[134.67748999997465,34.24580399994487],[134.67744199955976,34.245796999622065],[134.6773729999751,34.24580900017545],[134.6773449995832,34.24577500040618],[134.67730899972167,34.24575400033708],[134.67725199979108,34.245739999691466],[134.67720100013716,34.24573699955312],[134.67714999958395,34.245702999783845],[134.67710700029895,34.24568199971475],[134.67705299960738,34.24567999962252],[134.67697399956157,34.245607999899505],[134.6769330003688,34.24560499976116],[134.6768779996311,34.24559600024545],[134.6768560004152,34.24555500015337],[134.676814000277,34.2455360001765],[134.6767560003003,34.24552599971535],[134.6767140001621,34.24552399962312],[134.67665600018537,34.24548000029201],[134.67660399958604,34.245455000038454],[134.67653900018584,34.245455000038454],[134.67648899967872,34.24544000024604],[134.6764529998172,34.245417000084714],[134.67640000007108,34.24540799966968],[134.67635399974841,34.245424000407525],[134.6763319996332,34.24545099985399],[134.67631108679834,34.24546399955417],[134.67629499972557,34.24547400001532],[134.67625100039447,34.24550899983071],[134.6762310003715,34.2455360001765],[134.6762100003024,34.24558999996876],[134.67619599965678,34.245601999622814],[134.6761540004179,34.24560499976116],[134.6761110002336,34.245619000406776],[134.67608099974947,34.24564899999159],[134.67605799958812,34.24568199971475],[134.6760419997496,34.24566900001457],[134.67600299974976,34.245640999622665],[134.67597400021106,34.24562799992249],[134.67593200007286,34.24562699987637],[134.67587300005005,34.24565200012993],[134.6758560001654,34.24564599985324],[134.6758279997735,34.2456140001762],[134.67577500002736,34.24558999996876],[134.6757370000736,34.245585999784296],[134.67567399986632,34.24560499976116],[134.67565900007392,34.245583999692066],[134.6756430002354,34.245550999968906],[134.6756089995668,34.24553700022261],[134.67554600025883,34.24552399962312],[134.67547100039747,34.245522000430206],[134.6754650001208,34.24549600013053],[134.67545116135315,34.2454785514842],[134.67544199995945,34.24546699969251],[134.67540500005182,34.24543600006158],[134.67535699963696,34.24541800013083],[134.67529999970634,34.245414999992484],[134.67530199979856,34.24537900013098],[134.67526399984484,34.24534200022336],[134.67520299972978,34.24530799955477],[134.67515800035255,34.24528200015441],[134.67514899993753,34.24525799994697],[134.6751419996147,34.245229999555065],[134.675113000076,34.24519799987802],[134.67507800026064,34.24517899990116],[134.67500499959218,34.245169000339324],[134.67499700012257,34.24514700022411],[134.6749699997768,34.24511999987832],[134.67491299984619,34.245078999786244],[134.67485800000782,34.24507499960178],[134.6748559999156,34.24503300036291],[134.67482400023854,34.24500700006323],[134.67477499977755,34.244978999671325],[134.6746929995934,34.244978999671325],[134.67467799980096,34.244953000270975],[134.67464800021617,34.244921999740725],[134.67460900021632,34.24489999962551],[134.67452700003216,34.24488799997145],[134.6745100001475,34.24485300015606],[134.67447500033214,34.244828999948616],[134.67444099966352,34.24481600024844],[134.6744100000326,34.24483500022531],[134.67438699987127,34.24485100006383],[134.67434899991753,34.24485000001772],[134.6743180002866,34.244834000179196],[134.67427500010228,34.24483700031754],[134.67425800021766,34.24486899999459],[134.6742380001947,34.24487500027128],[134.67418699964145,34.244859000432754],[134.6741588323444,34.24485112974223],[134.673888,34.245637],[134.67351633158154,34.245874179137886],[134.6735170002205,34.24587799976011],[134.67349900028975,34.24589899982921],[134.67342146367724,34.2459347188196],[134.67340029710792,34.24594822620525],[134.67336400035944,34.24597899992114],[134.67334999971385,34.24600800035916],[134.67333499992142,34.246048000405125],[134.6732759998986,34.246073999805475],[134.67322100006024,34.24613199978219],[134.67318600024484,34.24617600001262],[134.67318100001427,34.246207999689666],[134.6731680003141,34.24622899975876],[134.6731339996455,34.246237000127685],[134.67308700017605,34.24627299998919],[134.67304099985338,34.24630399962012],[134.6730340004299,34.24634599975831],[134.6730219998765,34.24637200005799],[134.67293899964625,34.246395000219316],[134.6728859999001,34.24643700035751],[134.6728720001538,34.24646799998844],[134.67281100003873,34.246453000196034],[134.6727229995779,34.24650900008052],[134.6724179999019,34.246673000448844],[134.6722690002253,34.24672400010275],[134.67213727706857,34.24675421882982],[134.672053,34.246808],[134.67186292224508,34.246774444606864],[134.67176300027336,34.24677499975667],[134.67174417055202,34.24675348076631],[134.67167347197824,34.24674099998739],[134.67164700031992,34.24674099998739],[134.67159199958223,34.24675899991814],[134.6715529995824,34.24674099998739],[134.67150700015907,34.24672800028721],[134.67145599960583,34.24672400010275],[134.67140800009025,34.24675100044854],[134.67136699999818,34.246759999964254],[134.6713189995833,34.24675100044854],[134.67126799992937,34.24674300007962],[134.6711980002986,34.24674300007962],[134.671143999607,34.246766000240946],[134.67108100029904,34.24675299964145],[134.6710060004377,34.24674700026408],[134.6709369999537,34.24675899991814],[134.67088000002312,34.24671200044869],[134.67087886328005,34.24671100489919],[134.67085599981567,34.24669100037959],[134.67081100043845,34.24668099991844],[134.67074900027725,34.24668800024125],[134.67073200039263,34.24667699973398],[134.6706930003928,34.24663799973413],[134.67065400039291,34.24662399998784],[134.6706100001625,34.24661799971115],[134.6705619997476,34.24663000026453],[134.67051600032428,34.24664700014917],[134.6704970003474,34.246636999688015],[134.67048399974792,34.24659999978039],[134.67046075926356,34.24658380161754],[134.67040033450274,34.246578187800345],[134.67031800018668,34.246583999941876],[134.6703031594484,34.2465691596638],[134.667772,34.246334],[134.66645817035902,34.24513593156824],[134.6663780001557,34.245392999877275],[134.66630799962562,34.24539399992339],[134.6662919997871,34.24538100022321],[134.66628300027136,34.245330999716096],[134.66622000006407,34.245299000039054],[134.66618300015645,34.24528700038499],[134.6661149997186,34.24528400024664],[134.66609899988006,34.245265000269775],[134.66606900029527,34.2452240001777],[134.66601499960368,34.24519299964744],[134.66597599960383,34.245176999808926],[134.66592299985768,34.24517999994727],[134.66591300029586,34.24515699978594],[134.66587600038824,34.24509799976311],[134.66583500029614,34.245079999832356],[134.66580499981202,34.24507000027052],[134.66578599983515,34.24502900017845],[134.6657479998814,34.24499200027083],[134.6656980002736,34.244978999671325],[134.66564499962814,34.244976999579094],[134.6656329999741,34.244956999556116],[134.6656190002278,34.24490699994832],[134.66558100027407,34.24486599985624],[134.66553800008975,34.244860999625665],[134.66551099974396,34.24484099960268],[134.6655050003666,34.24478799985654],[134.66546500032064,34.244738000248745],[134.66542100009022,34.244698000202774],[134.66538600027482,34.24468899978774],[134.66534500018273,34.24467900022591],[134.66534099999828,34.24462899971879],[134.66585600036524,34.24462300034142],[134.6658776539398,34.244606564309116],[134.66568849843418,34.244434075248975],[134.66561700013557,34.24448999960403],[134.6656059996283,34.24448200013443],[134.66470999967788,34.243803000298456],[134.66480699965445,34.243707000368005],[134.6644490002323,34.24344199983865],[134.6642009995876,34.24372600034487],[134.66409199995695,34.243734999860585],[134.6639669995885,34.243730999676124],[134.66391199975013,34.24367499979164],[134.6638349255667,34.24363600889066],[134.663669,34.24371],[134.66358185299515,34.24347914423237],[134.66356399988982,34.24347499956181],[134.66352900007442,34.24343100023071],[134.6634920001668,34.243392000230855],[134.6634429997058,34.243393000276974],[134.6634019996137,34.24338299981582],[134.66337600021336,34.243327999977446],[134.66334599972922,34.243261999631805],[134.66300700028395,34.24274400002581],[134.66307599986862,34.242640999772554],[134.663044957451,34.24262352556335],[134.66212896286282,34.242691883368444],[134.66211799975702,34.24269400041801],[134.66211613838274,34.242692840419195],[134.661913,34.242708],[134.6616775778004,34.242577999565256],[134.66166499955122,34.242577999565256],[134.66166358581697,34.24257395981063],[134.6616619863327,34.242569389937174],[134.6614965474686,34.242478034388334],[134.6614660002668,34.2424740001652],[134.66146240790445,34.24245918247805],[134.661118,34.242269],[134.6612337210572,34.242043422128354],[134.66119300026787,34.24188600002911],[134.66125500042907,34.24175300019104],[134.66084100022312,34.24157099989196],[134.66083599999254,34.241524000422515],[134.66078700043084,34.24149299989226],[134.66077380419668,34.24145341166441],[134.66047470902444,34.241341944799196],[134.6604019997636,34.241359000008075],[134.66036399980987,34.241361000100305],[134.66029999955646,34.24134300016955],[134.66024100043296,34.24134000003121],[134.66020499967212,34.241365000284766],[134.66016599967227,34.24137799998494],[134.66012799971853,34.24132100005434],[134.66006599955736,34.241296999846895],[134.66000799958064,34.241290999570204],[134.65988800034208,34.24129199961632],[134.6599171077994,34.2411994521832],[134.65992700034192,34.241168000193284],[134.658814000277,34.2408150001024],[134.65875200011584,34.240925999825265],[134.65859625822188,34.24103277093586],[134.65843975206843,34.24114006708816],[134.659041,34.242434],[134.65940189409494,34.24293546334185],[134.65941946342576,34.242942908046174],[134.65945388787466,34.24295526156463],[134.659493000113,34.242956999955815],[134.6595043747714,34.24297337923478],[134.662067,34.243893],[134.66400676149192,34.24529872101596],[134.66458500020872,34.24562499978414],[134.6646129997013,34.24564699989936],[134.66466000007009,34.245674000245145],[134.66466500030066,34.24570599992219],[134.66469299979323,34.245736000406325],[134.66473599997755,34.2457569995761],[134.6647820003002,34.245761999806675],[134.6648190002078,34.24581300035991],[134.6648669997234,34.24585100031364],[134.66491300004603,34.24586800019828],[134.66492000036885,34.24591000033648],[134.66494299963085,34.24594600019798],[134.66499300013797,34.24598100001337],[134.66504299974576,34.24599699985189],[134.66509300025288,34.2460820001744],[134.6651379996301,34.24610100015126],[134.66519100027557,34.24612300026648],[134.66520558920848,34.24616749654467],[134.66523622090895,34.24618969495685],[134.6652419999295,34.24619099980503],[134.66528900029826,34.24621399996636],[134.66529174749175,34.24622993438046],[134.66623767447766,34.2469154358966],[134.66624500031764,34.246918000055885],[134.66624970838828,34.24692415672189],[134.66634011602443,34.24698967401081],[134.66634100024808,34.2469899997789],[134.66639500004035,34.247008999755764],[134.66643467985955,34.24705820324545],[134.66646258180998,34.24707842344173],[134.6664899999247,34.24708999989381],[134.6665259997862,34.24708200042421],[134.66655999955546,34.24709700021662],[134.66658799994735,34.24714399968607],[134.66662299976275,34.247173000124086],[134.6666680000393,34.247178000354666],[134.6667039999008,34.24718599982426],[134.6667239999238,34.24722699991634],[134.66675999978528,34.24724399980098],[134.66681300043075,34.24726699996231],[134.66686300003855,34.24726699996231],[134.6669009999923,34.24731100019274],[134.66694999955396,34.24734099977755],[134.6670020001533,34.24734299986978],[134.66703599992258,34.24739000023855],[134.6670729998302,34.247417999731134],[134.6671230003373,34.24743300042286],[134.66716100029106,34.24744099989246],[134.6671659996223,34.247484000076774],[134.66720200038313,34.24751100042256],[134.66724699976035,34.24752900035332],[134.6672920000369,34.24752900035332],[134.66730099955262,34.24755999998424],[134.66730999996764,34.24759599984575],[134.66735800038254,34.24762200014542],[134.66741799955216,34.24765599991469],[134.66742900005943,34.24771499993753],[134.66746700001318,34.2477410002372],[134.66751599957485,34.24775600002961],[134.66752700008212,34.24781299996021],[134.66756600008196,34.24784100035212],[134.66761699973588,34.24787300002916],[134.66761891675242,34.24790814360818],[134.66887917114107,34.24848467713383],[134.6688879998924,34.248477000003774],[134.66890599982315,34.24846999968097],[134.66891360749807,34.24850043086934],[134.66902208587362,34.24855005689793],[134.66903899966124,34.248548999726786],[134.66906199982256,34.248545999588444],[134.66908800012223,34.248570999842],[134.6691219998915,34.24858799972664],[134.6691569997069,34.2485919999111],[134.6691929995684,34.24858799972664],[134.66921899986806,34.24858899977275],[134.66926900037518,34.24863199995706],[134.66930400019058,34.248643999611126],[134.66934200014433,34.24864499965724],[134.66938200019027,34.24863700018764],[134.66940700044384,34.2486620004412],[134.66944999972884,34.24868899988766],[134.66948799968256,34.24869300007212],[134.6695180001667,34.24868699979543],[134.66954100032802,34.248679000325836],[134.66957199995895,34.248709999956766],[134.6696170002355,34.24872199961082],[134.6696609995666,34.24873100002586],[134.66970499979703,34.248727999887514],[134.66972900000448,34.24872499974917],[134.66977100014267,34.24877000002571],[134.66981200023474,34.24878699991035],[134.66985400037294,34.24879500027927],[134.66989100028056,34.24878699991035],[134.66991799972703,34.24878699991035],[134.66994099988835,34.24881600034837],[134.66997000032637,34.24884199974872],[134.67000800028012,34.248858999633356],[134.6700569998418,34.248861999771705],[134.67009099961106,34.248863999863936],[134.67010200011833,34.248890000163605],[134.67011494406054,34.24890725815367],[134.67012000004908,34.24891400037105],[134.67015299977226,34.248930000209576],[134.67017962240277,34.24893399319946],[134.6701929998182,34.24893599958694],[134.67024699961047,34.248930000209576],[134.67026500044054,34.24895899974827],[134.6703049995872,34.24899100032464],[134.67035900027878,34.24900500007093],[134.6704049997021,34.24900500007093],[134.67045200007087,34.249046000163005],[134.67049800039354,34.249077999840054],[134.6705469999552,34.249084000116746],[134.67058599995505,34.249086000208976],[134.6706100001625,34.24911899993213],[134.6706379996551,34.249145000231806],[134.67066800013922,34.24915799993198],[134.6707100002774,34.24916100007033],[134.67072299997758,34.24916400020867],[134.67074099990833,34.2491949998396],[134.6707433732192,34.24919843794778],[134.67077000034635,34.249236999977796],[134.67081399967748,34.24925399986243],[134.67084213406835,34.24925570497703],[134.67088000002312,34.24925800004689],[134.6708850002537,34.24928200025434],[134.6709729998152,34.24934400041552],[134.67135458634647,34.24961711505167],[134.671903,34.249868],[134.67197385698958,34.249971943176014],[134.672084999834,34.25006100020523],[134.67234300004054,34.25044399988092],[134.67244500024768,34.250585000087916],[134.6725939999243,34.250799000064035],[134.67276999994667,34.25109200008597],[134.67285800040753,34.25126099978554],[134.67288338359924,34.251306167012025],[134.67448641332777,34.25365772050253],[134.67455799966308,34.25366199989161],[134.67460500003185,34.25367899977625],[134.67465899982412,34.253700999891464],[134.67471999993916,34.253769000329335],[134.67484899959277,34.25381399970655],[134.67490999970784,34.25384200009846],[134.67496500044555,34.25393199975222],[134.674991999892,34.254005999567454],[134.6750329999841,34.25405700012069],[134.6750329999841,34.25408499961327],[134.67508699977634,34.25419200005099],[134.67512100044493,34.254237000327535],[134.6751479998914,34.25428199970475],[134.6751550002142,34.25429899958939],[134.67518899998348,34.25434399986593],[134.67518899998348,34.25450199995756],[134.67524565277577,34.25458851024178],[134.67526299979872,34.25461499977265],[134.67527000012154,34.25462600027992],[134.6753310002366,34.254693999818464],[134.67543300044375,34.25471099970311],[134.67546700021302,34.25471099970311],[134.67555499977453,34.25467699993383],[134.67558200012033,34.25467099965714],[134.6756159998896,34.25466500027977],[134.6756260183372,34.25466109002751],[134.6756569999817,34.25464900044125],[134.67568400032746,34.25466000004919],[134.675771999889,34.25467099965714],[134.67582699972738,34.254643000164556],[134.67588799984244,34.25467099965714],[134.67596299970378,34.25463199965729],[134.67605799958812,34.25468200016441],[134.67611200027972,34.254705000325735],[134.67622099991036,34.25480100025619],[134.6762820000254,34.25485099986398],[134.67632200007137,34.2549299999098],[134.67639699993273,34.2549869998404],[134.67640700039388,34.25503300016306],[134.6764169999557,34.25508199972474],[134.6764580000478,34.25512800004739],[134.6764440003015,34.25515000016261],[134.67640400025553,34.25518399993188],[134.67636999958694,34.25524600009306],[134.67636300016346,34.255325000138875],[134.67634300014046,34.25536400013873],[134.67638300018643,34.255448999561914],[134.6763899996099,34.25556200027632],[134.67640400025553,34.25561199988412],[134.67636999958694,34.25568599969936],[134.67638300018643,34.2557590003678],[134.67639699993273,34.25578199962981],[134.67636300016346,34.255855000298254],[134.67634900041716,34.25587200018289],[134.67635599984064,34.25589999967548],[134.6763899996099,34.25593899967532],[134.67636999958694,34.25602399999783],[134.67638300018643,34.25607999988232],[134.67636300016346,34.25614800032019],[134.67634900041716,34.25624899958189],[134.67636300016346,34.256266000365855],[134.67634900041716,34.256294999904554],[134.67635599984064,34.25640200034227],[134.67635599984064,34.256423999558166],[134.67632200007137,34.2564689998347],[134.6763020000484,34.25649700022661],[134.67621399958753,34.25653099999588],[134.67617300039478,34.25662099964964],[134.67583842111736,34.25648735769563],[134.6758200003039,34.25648000034197],[134.6756786133884,34.25673155151012],[134.6755030000745,34.257044000270625],[134.67534619651926,34.25698481630914],[134.675373,34.257035],[134.6742995645961,34.25665129597594],[134.67402034447446,34.25724887842323],[134.67400300014947,34.257285999739324],[134.6739060001729,34.25724699973948],[134.67381100028857,34.25725199997005],[134.6737360004272,34.25729800029271],[134.67365400024303,34.25733100001587],[134.67366099966654,34.25737700033852],[134.6736809996895,34.257421999715746],[134.67369500033513,34.25753400038404],[134.67372199978158,34.25753999976141],[134.67374299985067,34.257579999807376],[134.67376299987367,34.257635999691864],[134.673837999735,34.25772200006048],[134.67384467630188,34.25775271010971],[134.6738480001962,34.257768000383145],[134.67423099987187,34.257919000151965],[134.6743522271836,34.25806471342476],[134.674489,34.258021],[134.67448106604127,34.258219575652944],[134.67453300030886,34.25828199980468],[134.6744718992019,34.25844900854621],[134.674454,34.258897],[134.67348522687087,34.25916606990358],[134.67350499966713,34.25922800026223],[134.6734370001286,34.25923699977795],[134.67331499989845,34.259265000169854],[134.67318600024484,34.259265000169854],[134.67299599957684,34.25933799993898],[134.67299599957684,34.259354999823614],[134.67289400026903,34.259354999823614],[134.67285999960043,34.25936600033088],[134.67284211896447,34.25936775892206],[134.67251960309986,34.25989809918068],[134.6725610002011,34.259990000328486],[134.6725660004317,34.260104000189685],[134.6725790001319,34.26024500039668],[134.6725790001319,34.26036999986583],[134.6725660004317,34.26049200009596],[134.6725485299743,34.26056024255114],[134.672578,34.260841],[134.67252899962475,34.26087211038676],[134.67252899962475,34.26092899956391],[134.67250100013217,34.261068999724785],[134.67247199969415,34.26122100043905],[134.6724329996943,34.26124899993163],[134.67235100040946,34.26128199965479],[134.67233799980997,34.26130499981612],[134.6722969997179,34.26137300025399],[134.67216099974146,34.26141200025384],[134.67211400027202,34.26140700002326],[134.67201200006488,34.26136099970061],[134.67199099999578,34.261356000369354],[134.67192299955792,34.26135000009266],[134.67191700018054,34.26136099970061],[134.67184899974268,34.26135000009266],[134.6717891183911,34.2613683638699],[134.672723,34.26207],[134.67272711149528,34.26212199972074],[134.67273099994682,34.26212199972074],[134.6727740001311,34.262165999951165],[134.67281700031543,34.262258999743274],[134.67281900040766,34.26243199962731],[134.67276692168693,34.26262549509269],[134.67288722447188,34.26414701239576],[134.672934000315,34.26421299992024],[134.67292499989995,34.26432799982756],[134.67292023943725,34.264383165589585],[134.6729902674916,34.264744770631296],[134.67303699966894,34.264800000010226],[134.67304600008396,34.2649329998483],[134.67303950057163,34.26499899631457],[134.673122,34.265425],[134.67293070560666,34.26560784142304],[134.67292499989995,34.265637999983944],[134.6727220004311,34.26609600042031],[134.672631999878,34.266207000143176],[134.67252799957865,34.266298999889166],[134.6724119996252,34.266355999819766],[134.6723979998789,34.26636700032704],[134.67236400010964,34.2663440001657],[134.67234400008667,34.26633899993513],[134.6723100003174,34.266361000050345],[134.6722559996258,34.266389000442246],[134.67224299992563,34.26640600032688],[134.67217400034096,34.26641199970425],[134.6721059999031,34.26646200021137],[134.67207163922964,34.26646863805677],[134.6719246900987,34.267232177797965],[134.67199800031858,34.26736999981587],[134.6720289999495,34.2674420004382],[134.67202499976506,34.267492000046],[134.6718869996964,34.267917999906004],[134.67176200022726,34.26818999985883],[134.6717266118816,34.268261381506996],[134.671637,34.268727],[134.67112248085084,34.26876194354107],[134.67089199967717,34.26880700043296],[134.67073499963166,34.26880700043296],[134.67070304233286,34.26879042968606],[134.668486,34.268941],[134.66860077170864,34.269076713465914],[134.66869299989315,34.26909500022431],[134.66880799980046,34.26909600027043],[134.66919554285116,34.269103771312224],[134.66955600012042,34.269111000062836],[134.66988622757847,34.26958671894216],[134.6701780000258,34.26958600038384],[134.67044899993252,34.269633999899405],[134.67085499976955,34.26974599966838],[134.67122199960673,34.269858000336676],[134.6718220002962,34.27011399955167],[134.6721700001565,34.270322000150415],[134.6724600000401,34.270482000334276],[134.67292399985382,34.270674000195186],[134.6732339997604,34.27080199980268],[134.67387000031138,34.271294000008325],[134.6743800004478,34.2713980003077],[134.67541300042075,34.27171200039873],[134.6762399998872,34.27196799961372],[134.677807000204,34.27249499963476],[134.6781249995802,34.27243400041901],[134.68153500035112,34.26981500015236],[134.68163899975116,34.2695830002455]]]}},{"type":"Feature","properties":{"layer_id":"scenic_nature_areas","name":"自然公園特別地域","category":"nature","source":"国土交通省 国土数値情報","municipality_code":"28224","municipality_pref":"兵庫県","municipality_name":"南あわじ市","municipality_code_method":"nearest_centroid","resource_class":"自然公園特別地域","source_dataset_code":"A10"},"geometry":{"type":"Polygon","coordinates":[[[134.82151799976714,34.179667999877346],[134.82158200002056,34.1796570002694],[134.821626000251,34.17964299962379],[134.82163099958225,34.179603999623936],[134.8217060003429,34.17958999987765],[134.8217759999737,34.1795580002006],[134.82184300036545,34.179484000385365],[134.82189099988102,34.179451999809],[134.8219380002498,34.17943199978602],[134.82205400020322,34.17940100015509],[134.822153000272,34.17936899957872],[134.8222379996952,34.17933399976334],[134.82228700015622,34.17934800040894],[134.82236700024814,34.179327000339846],[134.8223999999713,34.17927899992496],[134.82244770914787,34.1793095024556],[134.82304,34.179015],[134.82434753253332,34.17822852761404],[134.82434499973323,34.17820699995214],[134.82439637028594,34.17819915202081],[134.824513,34.178129],[134.8245273588239,34.178122925112966],[134.82451100019378,34.178069999929605],[134.82455799966323,34.17806100041389],[134.82462099987052,34.17803300002199],[134.82465699973204,34.1780059996762],[134.82465999987036,34.177952999930056],[134.82474800033123,34.17797399999915],[134.82479799993902,34.177952999930056],[134.824817999962,34.177916000022435],[134.82488700044598,34.177923000345245],[134.8249450004227,34.17789499995334],[134.824959000169,34.1778630002763],[134.82496999977695,34.17783399983828],[134.82504200039926,34.17784700043777],[134.82508299959204,34.17784500034554],[134.825102999615,34.17781299976918],[134.82509700023763,34.17777399976933],[134.82517100005288,34.177765000253615],[134.8252290000296,34.177697999861856],[134.82523200016794,34.17765899986201],[134.82529799961426,34.17765499967755],[134.82532600000619,34.17762900027719],[134.82534800012138,34.17756099983933],[134.82538900021348,34.177537999677995],[134.82546099993647,34.177549000185266],[134.82547999991334,34.17761999986216],[134.8255329996595,34.177638999839026],[134.82558892736535,34.177644290490576],[134.82589749173084,34.176596524742415],[134.82589099998094,34.17659200011976],[134.82583600014257,34.17655400016603],[134.8259019995889,34.17650399965891],[134.8259019995889,34.176443999589964],[134.8258580002578,34.17639399998217],[134.8259110000039,34.17633399991322],[134.82591300009616,34.17627499989039],[134.82587500014242,34.17622400023647],[134.82593300011914,34.17618100005217],[134.8259459998193,34.17611899989099],[134.8259299999808,34.17605699972981],[134.82601000007273,34.176027000145],[134.8260379995653,34.175986000052916],[134.82603200018792,34.175949000145295],[134.82599100009585,34.17590800005321],[134.82599600032643,34.17586900005337],[134.8259790004418,34.17578199963863],[134.82593300011914,34.17576799989234],[134.8259380003497,34.17570599973116],[134.8259239997041,34.17565400003113],[134.82588599975037,34.17563299996203],[134.82590499972724,34.175568999708624],[134.82587200000407,34.17552500037752],[134.82586899986572,34.175475999916515],[134.8263386339321,34.17473838856483],[134.8263929997484,34.1746529997352],[134.82652007431537,34.174482474059715],[134.826628,34.174116],[134.8269445019072,34.17407016048099],[134.82703399963066,34.174017000083545],[134.8271509996302,34.17396999971477],[134.82718860394903,34.174034806759785],[134.828292,34.173875],[134.82964541251133,34.172799304796094],[134.82964500042772,34.17278900011132],[134.82965928538022,34.17278827860975],[134.8297940001043,34.172681207054424],[134.8297940001043,34.172670000019544],[134.82980925194306,34.172669084859834],[134.83068433025124,34.17197357071964],[134.83067500026232,34.17195999965332],[134.8306809996397,34.17193500029908],[134.83075813087865,34.171914913820665],[134.83078376271664,34.171894541580144],[134.83080499996206,34.17184599979211],[134.83075500035426,34.17180699979226],[134.83075300026204,34.17172000027685],[134.83069200014697,34.171644000369376],[134.83065600028547,34.171642000277146],[134.8306310000319,34.17163499995434],[134.83061400014728,34.171580000115966],[134.83057900033188,34.171539000023884],[134.8305459997094,34.17149499979346],[134.8304739999864,34.17148500023163],[134.83049400000937,34.17145599979361],[134.83052899982476,34.17140700023193],[134.8305239995942,34.17132199990942],[134.83049299996324,34.17130099984033],[134.83045700010175,34.17125300032476],[134.8304960001016,34.17124199981749],[134.83054299957104,34.171204999909875],[134.8306039996861,34.171105999841075],[134.83058399966313,34.17103700025641],[134.83065000000877,34.17102100041789],[134.8306669998934,34.17096399958797],[134.8306310000319,34.170895000003306],[134.83069999961657,34.170856000003454],[134.83071100012384,34.17078799956558],[134.83068900000862,34.17074899956573],[134.830743999847,34.17071599984257],[134.83075500035426,34.17062800028104],[134.83072199973176,34.17058199995839],[134.83079194011506,34.170544758868985],[134.83078734457766,34.17046932970877],[134.83076399987,34.17044700002808],[134.83075500035426,34.1704270000051],[134.83078370125145,34.170409529731124],[134.83069403603437,34.16893780370636],[134.83067800040067,34.16893200031062],[134.8306926116402,34.16891442431723],[134.830583161031,34.16711794943902],[134.83055099993996,34.167116000202306],[134.83056499968626,34.1670669997413],[134.83054299957104,34.167007999718464],[134.8304739999864,34.16696200029513],[134.8305180002168,34.16690899964967],[134.8305099998479,34.166855999903525],[134.83046300037844,34.16681299971922],[134.83051500007846,34.166789999557885],[134.83052100035516,34.166742000042326],[134.83051299998624,34.166697999811895],[134.8305099998479,34.16668199997338],[134.83055421759673,34.16664288444893],[134.83054731785245,34.166529635035744],[134.8305370001937,34.166509000089334],[134.83054534078383,34.166497184288005],[134.8304168135541,34.16438759402485],[134.8303620002174,34.164329000282194],[134.83032100012534,34.16431999986715],[134.83029299973342,34.16428800019011],[134.83027899998714,34.16421000019041],[134.8301779998261,34.16415000012147],[134.83009499959584,34.164145999937006],[134.8300920003568,34.16409300019086],[134.82997300026503,34.16407000002953],[134.82996800003446,34.164071000075644],[134.82991800042666,34.164083999775826],[134.82988499980416,34.16400799986835],[134.82981300008117,34.163981000421884],[134.829780000358,34.163986999799256],[134.82974399959718,34.16399200002983],[134.829710999874,34.16392999986866],[134.82963399992045,34.163886999684344],[134.82956200019743,34.16387500003028],[134.82953499985163,34.16382200028414],[134.82944700029012,34.163791999800004],[134.82938700022115,34.16381099977687],[134.82935399959868,34.16374700042279],[134.82931499959884,34.163730999684944],[134.8292540003831,34.163720000077],[134.8291849998991,34.16374300023833],[134.82914099966868,34.16365799991582],[134.82908299969196,34.16363699984672],[134.82899800026877,34.163638999938954],[134.82897600015357,34.1635710004004],[134.82888499955436,34.16351999984717],[134.82883199980822,34.1635219999394],[134.82879900008507,34.16346700010103],[134.82876100013132,34.16344199984747],[134.82871399976256,34.16343300033176],[134.8286529996475,34.163421999824486],[134.8286230000627,34.16335100014759],[134.8285680002243,34.16330499982494],[134.82847899971733,34.163296000309224],[134.82846600001716,34.163234000148044],[134.82840800004044,34.1631810004019],[134.8283409996487,34.163174000079096],[134.82831700034058,34.163111999917916],[134.82828899994865,34.1630689997336],[134.8282499999488,34.16304999975674],[134.82821700022566,34.16303700005656],[134.82819500011044,34.16296799957258],[134.82814000027207,34.16290400021849],[134.82810100027223,34.1629129997342],[134.8280659995575,34.162896999895686],[134.82806699960364,34.162831000449366],[134.82802600041086,34.16277599971167],[134.82798400027266,34.16276199996538],[134.82797599990374,34.1626920003346],[134.82791299969645,34.1626639999427],[134.82795399978855,34.16262499994285],[134.8279369999039,34.162554000265956],[134.82790400018075,34.16253100010463],[134.82790952655,34.16252547373538],[134.8275477926499,34.1623058048791],[134.82749300011315,34.162302000336105],[134.8273550000445,34.1622450004055],[134.827319000183,34.16225900015179],[134.82727299986033,34.16226300033625],[134.82726200025238,34.16219699999061],[134.827197999999,34.16214899957573],[134.82711000043744,34.16214400024447],[134.82711000043744,34.1620890004061],[134.82708200004555,34.162047000267904],[134.82702400006883,34.16200900031417],[134.8269789997923,34.16200300003748],[134.82697599965394,34.1619690002682],[134.82698403212373,34.161963452033625],[134.825796,34.161242],[134.82520238768245,34.160233762204776],[134.82519100007588,34.16022900006735],[134.8251219995919,34.16023400029793],[134.8251439997071,34.16018099965247],[134.8251239996841,34.16012399972186],[134.8250940000993,34.160109999975575],[134.82510387393566,34.1600664387178],[134.825073,34.160014],[134.823539,34.159758],[134.823208,34.158802],[134.823893,34.158365],[134.823082,34.157295],[134.823078794947,34.15729436329791],[134.82303300038393,34.15730099994025],[134.8230290500957,34.15728448119899],[134.82233047113664,34.157145704497644],[134.82232900029442,34.15715100021754],[134.8222290001795,34.157143999894735],[134.8221360003874,34.15715100021754],[134.82210799999547,34.15721100028649],[134.82200000041098,34.15719000021739],[134.82192599969642,34.15721799970997],[134.82188799974267,34.15727499964058],[134.82182899971983,34.157266000124864],[134.821747000435,34.157318999871],[134.82173599992774,34.1573759998016],[134.82171099967417,34.157352999640274],[134.82157299960554,34.15733199957118],[134.82148199990564,34.15734900035514],[134.82152600013606,34.157295999709675],[134.8215120003898,34.15725200037857],[134.82145999979045,34.1572199998022],[134.82149599965194,34.157172000286636],[134.82150700015922,34.157137999618044],[134.8214789997673,34.15710800003323],[134.82152600013606,34.157074000263954],[134.82150700015922,34.15703000003353],[134.82146800015934,34.15700899996443],[134.8214849041065,34.1569777277762],[134.820933056614,34.156868100118984],[134.82090999960806,34.156895000103226],[134.82092100011533,34.15694699980325],[134.820846000254,34.15696799987235],[134.82079399965463,34.15703000003353],[134.82079399965463,34.15706199971057],[134.82068900020846,34.15706699994115],[134.82061699958615,34.15710099971042],[134.8205710001628,34.15704399977982],[134.82048799993254,34.157045999872054],[134.8204710000479,34.15699800035649],[134.82043300009417,34.15697700028739],[134.82037800025577,34.15697500019516],[134.82030000025608,34.15700899996443],[134.8202309997721,34.15694699980325],[134.82010999958808,34.156952000033826],[134.82007899995716,34.15691099994175],[134.8199819999806,34.15689900028769],[134.81992400000388,34.15692699978027],[134.8198989997503,34.15691700021844],[134.81984600000416,34.15686899980355],[134.8197690000506,34.15687400003413],[134.8197219996818,34.156889999872654],[134.81968399972808,34.1569079998034],[134.8196510000049,34.156895000103226],[134.81960399963614,34.15689700019546],[134.8194850004437,34.15693099996473],[134.81947700007478,34.15696999996458],[134.81935599989075,34.15693800028754],[134.81931099961423,34.15693600019531],[134.8192290003294,34.15697900037962],[134.81919000032954,34.15694299961879],[134.81910500000703,34.15691700021844],[134.81908805150084,34.15692612636722],[134.81897,34.157596],[134.81889053452446,34.1576146687509],[134.81888899993868,34.15762200035409],[134.81885099998493,34.15765900026171],[134.8187990002849,34.15768100037692],[134.8187462298659,34.15768590887665],[134.8187129999163,34.15768899984652],[134.81857413650235,34.15768899984652],[134.817842,34.157861],[134.8171928146904,34.15750670777435],[134.81711299987631,34.157487000423785],[134.81705599994572,34.1574670004008],[134.81700600033793,34.15743199968609],[134.8169280003382,34.15737299966326],[134.816920137287,34.15735789435744],[134.816607,34.157187],[134.81643199125978,34.156830304920526],[134.81641099987903,34.15682000024187],[134.81634999976396,34.15682000024187],[134.8163529999023,34.1567650004035],[134.81631399990246,34.15669599991951],[134.81622899957995,34.15669599991951],[134.816217999972,34.15661099959701],[134.8161820001105,34.1565310004044],[134.8160989998802,34.15652600017383],[134.81607999990334,34.15645699968984],[134.81600299994977,34.15640900017427],[134.81595100024973,34.15640700008204],[134.8159059999732,34.15633400031292],[134.8158429997659,34.15631300024382],[134.81574899992768,34.15634299982863],[134.8157079998356,34.15628099966746],[134.8156420003893,34.15627200015174],[134.81559500002052,34.15629000008249],[134.81552899967488,34.15624399975984],[134.81548200020544,34.15623999957538],[134.8154099995831,34.15627200015174],[134.81534099999843,34.15624199966761],[134.815296999768,34.15624199966761],[134.8152039999759,34.1562760003362],[134.81511100018378,34.15622099959851],[134.81500899997664,34.15622599982908],[134.81496699983845,34.15627200015174],[134.81491500013843,34.1562760003362],[134.81484000027706,34.15629200017472],[134.81480400041556,34.15633400031292],[134.814729999701,34.15631100015159],[134.81466100011633,34.156326999990114],[134.81460000000126,34.15637699959791],[134.8145510004396,34.156356999574925],[134.81448700018618,34.156358999667155],[134.81442900020946,34.156386000012944],[134.81437845624603,34.15636381011543],[134.8142287456856,34.15644933675193],[134.81422299970296,34.15646700015099],[134.8141869944465,34.15647318839633],[134.81415900034887,34.156489180862096],[134.81415900034887,34.15652600017383],[134.81412599972637,34.156542000012344],[134.81409600014157,34.15652600017383],[134.81409362645016,34.15652652765751],[134.813902,34.156636],[134.8125972920506,34.15630311500263],[134.81259200003205,34.15630800001325],[134.8125119999401,34.15628599989803],[134.81244300035547,34.15631500033605],[134.81241600000968,34.1563540003359],[134.81238500037875,34.156358999667155],[134.8123190000331,34.1563540003359],[134.81226900042532,34.156368000082196],[134.81219499971075,34.15641200031262],[134.81216199998758,34.15639999975924],[134.81212299998774,34.15639999975924],[134.81203200028787,34.15647399957447],[134.81202700005727,34.156549000335154],[134.81199400033412,34.15655599975864],[134.8119360003574,34.15659699985072],[134.8119360003574,34.156635999850565],[134.81192599989626,34.156675999896535],[134.8118649997812,34.15666000005801],[134.81181300008117,34.15666200015024],[134.8117659997124,34.1566949998734],[134.81171400001236,34.15666000005801],[134.8116724627131,34.156667268945306],[134.8116075231915,34.15670856076531],[134.81159499992057,34.15674300028829],[134.81156200019743,34.15674300028829],[134.81154300022055,34.15675700003458],[134.81152600033593,34.15678899971162],[134.81147399973656,34.156833999988166],[134.8114680003592,34.156862000380066],[134.8114680003592,34.15688100035693],[134.81142900035937,34.15687600012636],[134.8113830000367,34.15690599971117],[134.81136300001373,34.1569289998725],[134.81136099992148,34.15697900037962],[134.81127499955286,34.15696699982624],[134.8112199997145,34.15705700037932],[134.81121699957615,34.15709799957208],[134.811183999853,34.15711000012546],[134.81113999962255,34.15713200024067],[134.81112099964568,34.157203999963684],[134.81112299973793,34.15723100030947],[134.81112099964568,34.15725200037857],[134.81105400015326,34.15728800024007],[134.8110350001764,34.15733899989399],[134.811042999646,34.157358999916966],[134.81104099955377,34.15738200007829],[134.8110339112097,34.157387954353595],[134.811471,34.158421],[134.81133528561523,34.15954077074774],[134.81137200042875,34.159549000185265],[134.8113330004289,34.15963399960845],[134.81133599966793,34.1596939996774],[134.81135799978313,34.159732999677246],[134.81133000029055,34.15978999960785],[134.81139399964465,34.159866000414645],[134.81143499973672,34.15986799960755],[134.81142400012877,34.15989499995334],[134.8114179998521,34.159926999630386],[134.8114641161873,34.160024766728654],[134.8114680003592,34.16003300002199],[134.81146088312454,34.160036315822374],[134.81137999989835,34.16007400011407],[134.81135799978313,34.160144999790965],[134.81136300001373,34.160175000275096],[134.81133599966793,34.16018599988304],[134.8112989997603,34.16022199974455],[134.8112910002907,34.16029100022853],[134.8113349996218,34.160324999997805],[134.81127999978344,34.16037599965172],[134.81125799966821,34.16040500008974],[134.81124900015251,34.16049899992796],[134.8112989997603,34.16052700031987],[134.81126299989882,34.16055399976633],[134.81125200029086,34.160580000066005],[134.81126299989882,34.16066899967365],[134.81129400042906,34.16069399992721],[134.81128642583914,34.16070698486896],[134.81194733476485,34.161372376221415],[134.81201899968835,34.16136400024747],[134.81205200031084,34.16134100008614],[134.81208299994177,34.161353999786314],[134.81214158267917,34.16135227668528],[134.81215100037963,34.161351999694084],[134.81219699980298,34.16134100008614],[134.81225899996414,34.16137099967095],[134.8122969999179,34.16139900006286],[134.81235099971013,34.16147399992421],[134.81240100021725,34.161581000361934],[134.81242100024025,34.161643999669906],[134.812439000171,34.16179000010747],[134.812439000171,34.16186737620832],[134.812531,34.16196],[134.811572,34.165159],[134.8124707849198,34.166293378657464],[134.81249900023994,34.166302000436026],[134.8125319999631,34.16632100041289],[134.8125679998246,34.16636099955954],[134.81260699982445,34.1664219996746],[134.81261800033172,34.166458000435426],[134.81260726539827,34.16646563404193],[134.81328193261956,34.16731714821386],[134.8132899998449,34.16731899967115],[134.8132868961279,34.16732341278036],[134.813304,34.167345],[134.814509,34.167929],[134.814587357409,34.16794303549711],[134.8146149997937,34.167920000406745],[134.8146529997474,34.167921999599656],[134.81469199974725,34.16791099999171],[134.81473900011605,34.16785600015334],[134.81472799960878,34.16781199992291],[134.81478000020812,34.167798000176624],[134.81480499956237,34.167768999738605],[134.81480499956237,34.16772200026915],[134.81485199993114,34.167706999577426],[134.81485815579055,34.16767314369968],[134.81486000030006,34.16766300024632],[134.8148489997928,34.16762300020035],[134.81485900025393,34.16761099964697],[134.8148630004384,34.16759599985456],[134.81487600013858,34.167575999831584],[134.81490399963116,34.16756100003918],[134.81494999995382,34.167548000338996],[134.81503000004574,34.167543000108424],[134.81509600039138,34.167546000246766],[134.81514599999917,34.167548000338996],[134.81521400043704,34.167543000108424],[134.8152530004369,34.167537999877844],[134.8152890002984,34.16752500017767],[134.8153329996295,34.16750500015469],[134.81534400013678,34.16753899992396],[134.81537266063106,34.167565456179915],[134.81538300013662,34.167574999785465],[134.81546799955981,34.167576999877696],[134.81548606873835,34.16756574396297],[134.81552899967488,34.16753899992396],[134.81556999976695,34.16755499976249],[134.81561700013572,34.16755899994695],[134.8156590002739,34.167548000338996],[134.81570299960504,34.16751100043138],[134.81576099958176,34.1675270002699],[134.8158490000426,34.167513999670405],[134.8159009997426,34.16747699976278],[134.81595100024973,34.16749299960131],[134.8160199998344,34.167478999855014],[134.81607200043376,34.1674490002702],[134.8160842815756,34.167453970823146],[134.81643199994812,34.1670879998104],[134.81676099983156,34.16678100004217],[134.81684700020017,34.166731999581174],[134.81692600024599,34.16669899985801],[134.8170460003839,34.16671499969653],[134.81714499955336,34.166765000203654],[134.81724399962215,34.166946999603404],[134.81736299971394,34.16712799985636],[134.81748199980572,34.16722699992516],[134.81766099996645,34.16725999964832],[134.817919000173,34.1672439998098],[134.81817700037954,34.16719500024812],[134.81833599961797,34.167112000017845],[134.8185149997787,34.16691499992636],[134.81877400003134,34.16643700036633],[134.8189740002612,34.16595899990698],[134.81915300042192,34.1657769996079],[134.81929199963736,34.165580000415744],[134.81937199972927,34.16521699986371],[134.81935299975243,34.16470499963508],[134.81938300023654,34.16410099966046],[134.8194939999594,34.16377399986926],[134.81958799979762,34.16359100042339],[134.81973000005073,34.16349899977807],[134.81995100034968,34.16338199977852],[134.82022000016414,34.163171999986865],[134.82042499972525,34.162949999641825],[134.82051999960956,34.16284500019566],[134.82064600002417,34.16280600019581],[134.82070900023146,34.162858999941946],[134.8207409999085,34.162924000241475],[134.82072500006998,34.16308100028699],[134.82064600002417,34.16325100003268],[134.82032899979478,34.16386699966136],[134.8202020002334,34.16437699979776],[134.82017099970315,34.164547000442774],[134.8202020002334,34.16470499963508],[134.82032799974866,34.164822999680744],[134.82043800032474,34.16490099968045],[134.82059600041637,34.16491400027994],[134.82077000034653,34.16488799998027],[134.82095900006908,34.164836000280246],[134.82114799979163,34.16471900028069],[134.8213219997218,34.164522000189216],[134.8214639999749,34.16428700014399],[134.82163799990505,34.1638550000073],[134.8218119998352,34.16363199961614],[134.8219390002959,34.16356700021594],[134.82207999960357,34.16356700021594],[134.82227000027157,34.16364600026176],[134.82239599978683,34.1637770000076],[134.82253800003994,34.16386899975359],[134.82271099992397,34.163895000053266],[134.82293200022292,34.16388200035309],[134.82316900036037,34.16379099975389],[134.82354699980547,34.163580999962235],[134.82373699957415,34.16354199996238],[134.82386299998873,34.16352900026221],[134.82392600019602,34.16359499970852],[134.8239100003575,34.163700000054014],[134.82381499957384,34.16380400035339],[134.823753000312,34.16389900023773],[134.82351500012842,34.16418399989074],[134.82324700036006,34.164328000236075],[134.82304099985353,34.164484000235475],[134.8228049997622,34.16465500002728],[134.82265800017785,34.164733000026985],[134.82247299974043,34.16502099981834],[134.82218900013353,34.16542699965537],[134.821982999627,34.16568800000025],[134.82174600038888,34.16591100039141],[134.82092100011533,34.16630499967505],[134.82055500032428,34.166580999812346],[134.82038799981763,34.16677399971937],[134.8202220002564,34.1670230004102],[134.82018799958777,34.16716099957952],[134.82025499997954,34.167327000040075],[134.82035400004833,34.16741000027035],[134.8207199998394,34.16763099966995],[134.82098600041488,34.167768999738605],[134.82121900036785,34.16790799985336],[134.82141799965223,34.16818399999066],[134.82151799976714,34.168516000012445],[134.8215500003435,34.168957999710976],[134.82161599978983,34.169200000078995],[134.8216840002277,34.169257000009594],[134.82175299981236,34.1693139999402],[134.8218899998349,34.169327999686494],[134.8219750001574,34.16930000019391],[134.8220950002953,34.16911499975649],[134.82237000038648,34.16871700028839],[134.82267900024695,34.16824800024407],[134.8228679999695,34.16794999999156],[134.82319299966846,34.16779399999216],[134.82338200029037,34.16773700006156],[134.82355300008217,34.16773700006156],[134.8236900001047,34.16775099980785],[134.823775999574,34.16785099992276],[134.82380600005814,34.16793400015304],[134.8235839997131,34.16811699959891],[134.82321399973756,34.168731000034676],[134.82275900033886,34.169625999939],[134.8226699998319,34.16984600019181],[134.8226699998319,34.16992400019151],[134.82270100036214,34.16998999963783],[134.82274899987772,34.17002899963768],[134.8228750002923,34.170042000237174],[134.82307899980728,34.170015999937505],[134.82366199971278,34.169819999892134],[134.8240879995728,34.16969000019241],[134.82426100035616,34.16967699959291],[134.82440299970995,34.16969000019241],[134.82449700044748,34.169730000238374],[134.82454399991693,34.169794999638576],[134.82454399991693,34.16987299963828],[134.82449700044748,34.17000400028344],[134.82438699987142,34.17016100032896],[134.82414999973398,34.17034399977482],[134.82370900008158,34.17057899982004],[134.82312600017605,34.17086599956528],[134.8226839995782,34.17096999986466],[134.8224159998098,34.171008999864505],[134.82222700008725,34.171047999864356],[134.82202299967298,34.17116599991002],[134.8218329999043,34.17130900020925],[134.82167599985877,34.171413999655414],[134.82153399960566,34.17149199965512],[134.82137600041335,34.17149199965512],[134.82118100041413,34.17145000041624],[134.8210342310562,34.17141506085543],[134.82095001314386,34.171474718282674],[134.82042421603836,34.1718471790135],[134.820729,34.172076],[134.81996,34.173079],[134.82031484973615,34.17338081002691],[134.82034399958718,34.17339300008594],[134.82044699984044,34.17337500015519],[134.8204439997021,34.17342999999356],[134.8204849997942,34.173451000062656],[134.82044434737952,34.173490951541034],[134.82061111189014,34.17363278961026],[134.8206340003701,34.173632000315614],[134.82063251634847,34.17365099472494],[134.820716,34.173722],[134.82068305998172,34.17373758409178],[134.8207330004389,34.17377599976164],[134.82075799979313,34.17380400015354],[134.82076500011593,34.1738159998076],[134.82076400006983,34.17383299969224],[134.820756999747,34.173865000268606],[134.82074400004683,34.17389799999176],[134.8207199998394,34.1739359999455],[134.82069400043903,34.17396200024517],[134.8206619998627,34.173984000360385],[134.8206120002549,34.17400699962239],[134.8205649998861,34.174017000083545],[134.8205079999555,34.17401800012966],[134.82044699984044,34.17403700010652],[134.82039700023265,34.174017000083545],[134.82034699972553,34.17400699962239],[134.8203010003022,34.174017000083545],[134.82024799965674,34.17398899969164],[134.82017457414617,34.173978151351385],[134.819898,34.174109],[134.81994462399805,34.17454687704832],[134.81996600014207,34.17456500017367],[134.81998500011895,34.174606000265754],[134.82000500014192,34.17464899955074],[134.82000700023414,34.17470600038067],[134.81999799981912,34.17475399989623],[134.81997352007426,34.17481825936408],[134.820018,34.175236],[134.819198,34.17572],[134.819684,34.178024],[134.81925,34.17834],[134.8214680791571,34.17965497708122],[134.82151799976714,34.179667999877346]]]}},{"type":"Feature","properties":{"layer_id":"scenic_nature_areas","name":"自然公園特別地域","category":"nature","source":"国土交通省 国土数値情報","municipality_code":"28224","municipality_pref":"兵庫県","municipality_name":"南あわじ市","municipality_code_method":"nearest_centroid","resource_class":"自然公園特別地域","source_dataset_code":"A10"},"geometry":{"type":"Polygon","coordinates":[[[134.65822660886218,34.240681366118054],[134.65825046021203,34.24073269610183],[134.65826500023365,34.240692999872266],[134.65822660886218,34.240681366118054]]]}},{"type":"Feature","properties":{"layer_id":"scenic_nature_areas","name":"五色町","category":"nature","source":"国土交通省 国土数値情報","municipality_code":"28224","municipality_pref":"兵庫県","municipality_name":"南あわじ市","municipality_code_method":"nearest_centroid"},"geometry":{"type":"Polygon","coordinates":[[[134.74000100042878,34.33904300013472],[134.74002199959855,34.338868000158456],[134.74004299966765,34.33872799999758],[134.740065999829,34.33864000043605],[134.7399160001063,34.338458000136974],[134.73946700008494,34.3379140002313],[134.7359269996143,34.339181000203375],[134.73574500021454,34.339144000295754],[134.73474099978029,34.3372540003722],[134.7344230004041,34.33687800011999],[134.73412800028993,34.33669000044354],[134.73383200012967,34.33653999982151],[134.73319599957867,34.33563799959438],[134.7327640003413,34.33507399966573],[134.73260500020356,34.334868000058535],[134.73237799962794,34.334736000266574],[134.73217400011296,34.33475500024344],[134.7315389996081,34.33488800008151],[134.72992599986796,34.33293399990455],[134.7287590000108,34.33255000018274],[134.72874600031062,34.332610000251684],[134.7289930000099,34.33271899988232],[134.72927400037779,34.33290500036585],[134.72949774810556,34.333101849371225],[134.72964000016884,34.33322699992648],[134.72982599975305,34.33344500008706],[134.72983227195533,34.33345484797022],[134.729966,34.333544],[134.72993762836418,34.33361768744304],[134.73055500009613,34.334243000014816],[134.73077400030283,34.334495999990786],[134.73081033534632,34.33456048217446],[134.73088,34.334577],[134.73087109731864,34.33466831374097],[134.73091599965662,34.33474799992064],[134.7311620002091,34.335058999873326],[134.73138499970094,34.33532999978004],[134.7315510001615,34.33568600000927],[134.73164099981526,34.33582900030849],[134.7316605546005,34.33584867720673],[134.731674,34.335851],[134.73169682215112,34.33588517123589],[134.7318009999991,34.335989999639146],[134.73203800013655,34.336276000237596],[134.73216499969794,34.33650399996001],[134.73219400013596,34.33656900025953],[134.7322039996978,34.336614999682865],[134.73222499976688,34.336672999659584],[134.7322619996745,34.33672600030505],[134.73243599960466,34.336954000027454],[134.73264700034176,34.33722399988806],[134.73288300043308,34.33762899967897],[134.7332179996939,34.338080999838645],[134.733417804503,34.338461970135505],[134.73366812562315,34.33883677187955],[134.73376799987625,34.33897100041172],[134.73382180438148,34.339066872586194],[134.734067,34.339434],[134.734263260085,34.339840309844426],[134.73432500038143,34.33994100017739],[134.73455400014996,34.34027999962266],[134.735011999687,34.34106799998859],[134.7351539999401,34.34132800028736],[134.73539000003143,34.34175100000902],[134.73556700009993,34.34209799982321],[134.7356369997307,34.34225199973038],[134.73575199963804,34.34243800021392],[134.73594300035214,34.34273500042031],[134.73613900039751,34.343142000303445],[134.73631799965892,34.343490000163754],[134.7364579998198,34.34375899997824],[134.73659099965786,34.34407700025373],[134.73662400028036,34.34415600029955],[134.73682299956474,34.34452400018284],[134.7372539996553,34.345205000111044],[134.7374230002542,34.345548999786885],[134.7376069997462,34.345893000362054],[134.73798099990617,34.34672199992074],[134.73829299990498,34.34728499980327],[134.7384560002272,34.347617999871176],[134.73871899976498,34.34802899993877],[134.738911999672,34.34857099975221],[134.73902699957932,34.34884099961282],[134.73917199997078,34.34926999961117],[134.73928499978587,34.34949500009456],[134.73941799962395,34.34979000020872],[134.73963099955395,34.35033400011439],[134.73975399983019,34.35054299985993],[134.73987399996807,34.35090600041197],[134.74007999957527,34.35125400027227],[134.74021000017433,34.351489000317486],[134.74029599964362,34.351767999693806],[134.7404430001273,34.35206900008466],[134.7405770000115,34.35228700024524],[134.74063600003433,34.35244600038299],[134.74069800019552,34.352608999805874],[134.74070435596207,34.35263589562482],[134.7413901140563,34.352339328617546],[134.74137900012371,34.35227499969186],[134.74138000016984,34.3520290000387],[134.74134300026222,34.351706999578745],[134.7413060003546,34.351307000018416],[134.74115699977867,34.350829999605175],[134.74100800010208,34.35033900034497],[134.74085900042547,34.349861999931726],[134.74067299994195,34.349555000163505],[134.7405050002885,34.349304000279766],[134.74048800040384,34.34927900002621],[134.74037599973556,34.34911000032663],[134.74028299994345,34.348894000258284],[134.74015500033596,34.34823200030694],[134.73996399962184,34.34804000044604],[134.73983800010657,34.34777700000892],[134.73968900043,34.34744499998714],[134.7396260002227,34.34704200028846],[134.73958300003838,34.346552000175045],[134.73960400010748,34.34609699987702],[134.73968700033774,34.3449679999736],[134.73966600026864,34.34416199967692],[134.73964400015345,34.343426999956456],[134.73955899983093,34.34260499982126],[134.73951699969274,34.34228999968411],[134.73947400040774,34.341992000330926],[134.73943200026955,34.34174699982456],[134.73934699994706,34.341520000148265],[134.73932599987796,34.34091700021976],[134.73934699994706,34.34067199971339],[134.73943200026955,34.34032199976086],[134.7395579997848,34.33997199980832],[134.73966300013032,34.33976099997055],[134.73998000035968,34.339183000295606],[134.74000100042878,34.33904300013472]]]}},{"type":"Feature","properties":{"layer_id":"scenic_nature_areas","name":"西淡町","category":"nature","source":"国土交通省 国土数値情報","municipality_code":"28224","municipality_pref":"兵庫県","municipality_name":"南あわじ市","municipality_code_method":"nearest_centroid"},"geometry":{"type":"Polygon","coordinates":[[[134.67198864388217,34.25761376345243],[134.67004763416662,34.25747695623975],[134.67003000035433,34.25750600030304],[134.67003263095154,34.257516425431135],[134.67105369732022,34.25785600025557],[134.67109500000436,34.25785600025557],[134.67113600009642,34.25787300014021],[134.67125307537682,34.257876199059844],[134.67198892244866,34.257615092034335],[134.67198864388217,34.25761376345243]]]}},{"type":"Feature","properties":{"layer_id":"scenic_nature_areas","name":"三原町","category":"nature","source":"国土交通省 国土数値情報","municipality_code":"28224","municipality_pref":"兵庫県","municipality_name":"南あわじ市","municipality_code_method":"nearest_centroid"},"geometry":{"type":"Polygon","coordinates":[[[134.81914100000006,34.23437600000004],[134.81931700000007,34.23435799999997],[134.81953800000005,34.23446700000002],[134.820861,34.23510700000004],[134.821986,34.23559999999998],[134.82313300000007,34.23625699999998],[134.82319900000002,34.234719999999996],[134.823233,34.233915],[134.82316600000004,34.23385999999998],[134.82299000000003,34.23378699999998],[134.822791,34.23369500000001],[134.82241700000006,34.233586000000045],[134.82217400000002,34.23353100000003],[134.82201900000007,34.233347999999985],[134.82195300000004,34.23329300000005],[134.82182000000006,34.23311100000001],[134.82168700000005,34.23300100000005],[134.82151100000004,34.23292800000005],[134.82133400000006,34.23285500000005],[134.82122400000003,34.232819000000006],[134.82104800000002,34.232800000000026],[134.8208060000001,34.23278200000005],[134.820585,34.232727000000025],[134.81976900000006,34.23243400000003],[134.81926200000004,34.23230600000001],[134.81891000000005,34.23228800000003],[134.818668,34.23232399999999],[134.81743700000004,34.23263299999998],[134.81692700000002,34.23221400000004],[134.816816,34.23208600000002],[134.81679300000005,34.231941000000006],[134.81679200000005,34.23173999999999],[134.81683500000005,34.231576000000004],[134.81692100000006,34.231357],[134.816962,34.23081000000005],[134.81684900000005,34.23035399999998],[134.81660400000004,34.22998900000006],[134.816361,34.229823999999994],[134.816052,34.22964200000004],[134.815544,34.229441000000016],[134.81518200000005,34.229326],[134.81511600000002,34.22928900000005],[134.81505000000007,34.22927099999998],[134.81496100000007,34.22921600000005],[134.814784,34.22903300000001],[134.81449500000008,34.22870500000005],[134.8141409999999,34.22835800000003],[134.813674,34.227755000000045],[134.81365000000005,34.227590999999975],[134.81362200000004,34.22730800000001],[134.81361900000007,34.22690600000006],[134.813571,34.226449999999986],[134.8134560000001,34.22595700000005],[134.81321200000005,34.22566500000005],[134.81290100000007,34.22539100000003],[134.81239200000005,34.225043000000014],[134.81228000000002,34.22489700000001],[134.812212,34.224714000000056],[134.81214400000005,34.22444100000003],[134.81216400000002,34.22424000000001],[134.81246400000006,34.22354600000005],[134.81266000000002,34.22340000000005],[134.81296700000001,34.22323599999998],[134.81331400000005,34.22287099999998],[134.81385500000005,34.222122],[134.81208300000006,34.22113400000005],[134.81097199999988,34.221991999999986],[134.80986400000006,34.223094000000046],[134.80962700000006,34.22353200000005],[134.80945600000004,34.22404300000005],[134.80945700000004,34.22413500000002],[134.80945900000003,34.22435400000002],[134.80948300000006,34.22448600000002],[134.809506,34.22460899999999],[134.80957299999994,34.22479200000002],[134.80964200000008,34.22506600000005],[134.809754,34.22532100000001],[134.81002300000006,34.22583300000001],[134.811027,34.227494000000036],[134.81207700000002,34.22914400000005],[134.81243300000008,34.22974700000002],[134.812636,34.23043999999999],[134.81257300000001,34.23096900000006],[134.812575,34.23125100000003],[134.812578,34.23168],[134.812781,34.232646999999986],[134.81305200000003,34.233787999999976],[134.81305400000002,34.234061000000004],[134.812837,34.23466299999998],[134.81264000000004,34.23497199999997],[134.81246500000006,34.23519099999997],[134.81180700000004,34.23571900000005],[134.81075400000006,34.236574000000005],[134.80983400000005,34.23764900000005],[134.809549,34.23812200000002],[134.80932100000007,34.23886100000006],[134.8088939999999,34.23972600000003],[134.80987000000002,34.24048700000003],[134.81074800000002,34.24104000000004],[134.8111869999999,34.24065699999997],[134.811494,34.24023900000003],[134.81186500000007,34.23938199999999],[134.81232400000002,34.23830800000004],[134.81271900000002,34.23803500000001],[134.81326900000005,34.23787100000003],[134.81374100000002,34.237724000000036],[134.81461900000002,34.237306000000004],[134.81530000000006,34.23679599999999],[134.816024,34.23619599999999],[134.816549,34.23543100000003],[134.816815,34.23497700000003],[134.81714000000005,34.234865],[134.81740400000007,34.23477500000001],[134.818086,34.23463000000001],[134.81914100000006,34.23437600000004]]]}},{"type":"Feature","properties":{"layer_id":"scenic_nature_areas","name":"自然公園地域","category":"nature","source":"国土交通省 国土数値情報","municipality_code":"28224","municipality_pref":"兵庫県","municipality_name":"南あわじ市","municipality_code_method":"nearest_centroid","resource_class":"自然公園地域","source_dataset_code":"A10"},"geometry":{"type":"Polygon","coordinates":[[[134.71182818904632,34.248664786668456],[134.70971009957938,34.24920898891231],[134.710135,34.249891],[134.711425,34.249596],[134.71173400004338,34.249327891792035],[134.7117860000505,34.24920899971345],[134.7118589998196,34.24896900033698],[134.71185799977349,34.24878900013014],[134.71182818904632,34.248664786668456]]]}},{"type":"Feature","properties":{"layer_id":"scenic_nature_areas","name":"自然公園地域","category":"nature","source":"国土交通省 国土数値情報","municipality_code":"28224","municipality_pref":"兵庫県","municipality_name":"南あわじ市","municipality_code_method":"nearest_centroid","resource_class":"自然公園地域","source_dataset_code":"A10"},"geometry":{"type":"Polygon","coordinates":[[[134.82151799976714,34.17966799987736],[134.82158200002056,34.179657000269415],[134.821626000251,34.1796429996238],[134.82163099958225,34.17960399962395],[134.8217060003429,34.17958999987766],[134.8217759999737,34.179558000200615],[134.82184300036545,34.17948400038538],[134.82189099988102,34.17945199980901],[134.8219380002498,34.17943199978603],[134.82205400020322,34.1794010001551],[134.822153000272,34.179368999578735],[134.8222379996952,34.17933399976335],[134.82228700015622,34.17934800040896],[134.82236700024814,34.17932700033986],[134.8223999999713,34.179278999924975],[134.82244770914784,34.17930950245561],[134.82304,34.179015],[134.82434753253332,34.17822852761404],[134.82434499973323,34.17820699995215],[134.8243963702859,34.17819915202083],[134.824513,34.178129],[134.8245273588239,34.178122925112966],[134.82451100019378,34.17806999992962],[134.82455799966323,34.178061000413905],[134.82462099987052,34.178033000022005],[134.82465699973204,34.178005999676216],[134.82465999987036,34.17795299993007],[134.82474800033123,34.17797399999917],[134.82479799993902,34.17795299993007],[134.824817999962,34.17791600002245],[134.82488700044598,34.17792300034526],[134.8249450004227,34.17789499995335],[134.824959000169,34.17786300027631],[134.82496999977695,34.17783399983829],[134.82504200039926,34.17784700043779],[134.82508299959204,34.177845000345556],[134.825102999615,34.177812999769195],[134.82509700023763,34.17777399976934],[134.82517100005288,34.17776500025363],[134.8252290000296,34.17769799986187],[134.82523200016794,34.177658999862025],[134.82529799961426,34.177654999677564],[134.82532600000619,34.17762900027721],[134.82534800012138,34.17756099983934],[134.82538900021348,34.17753799967801],[134.82546099993647,34.17754900018528],[134.82547999991334,34.17761999986217],[134.8255329996595,34.17763899983904],[134.82558892736535,34.17764429049059],[134.8258974917308,34.17659652474242],[134.82589099998094,34.176592000119776],[134.82583600014257,34.17655400016604],[134.8259019995889,34.17650399965893],[134.8259019995889,34.17644399958998],[134.8258580002578,34.17639399998218],[134.8259110000039,34.17633399991323],[134.82591300009616,34.1762749998904],[134.82587500014242,34.17622400023649],[134.82593300011914,34.17618100005218],[134.8259459998193,34.176118999891],[134.8259299999808,34.17605699972982],[134.82601000007273,34.17602700014501],[134.8260379995653,34.17598600005293],[134.82603200018792,34.17594900014531],[134.82599100009585,34.17590800005323],[134.82599600032643,34.17586900005338],[134.8259790004418,34.175781999638644],[134.82593300011914,34.17576799989235],[134.8259380003497,34.17570599973117],[134.8259239997041,34.175654000031145],[134.82588599975037,34.17563299996205],[134.82590499972724,34.17556899970864],[134.82587200000407,34.17552500037753],[134.82586899986572,34.17547599991653],[134.8263386339321,34.17473838856485],[134.8263929997484,34.174652999735216],[134.82652007431537,34.17448247405974],[134.826628,34.174116],[134.82694450190724,34.17407016048098],[134.82703399963066,34.17401700008356],[134.8271509996302,34.173969999714785],[134.82718860394903,34.174034806759785],[134.828292,34.173875],[134.82964541251133,34.172799304796094],[134.82964500042772,34.17278900011134],[134.82965928538022,34.172788278609765],[134.8297940001043,34.172681207054424],[134.8297940001043,34.17267000001956],[134.82980925194306,34.172669084859855],[134.83068433025122,34.17197357071964],[134.83067500026232,34.17195999965333],[134.8306809996397,34.171935000299094],[134.83075813087862,34.171914913820686],[134.83078376271666,34.17189454158014],[134.83080499996206,34.171845999792126],[134.83075500035426,34.171806999792274],[134.83075300026204,34.17172000027686],[134.83069200014697,34.17164400036939],[134.83065600028547,34.17164200027716],[134.8306310000319,34.17163499995436],[134.83061400014728,34.17158000011598],[134.83057900033188,34.1715390000239],[134.8305459997094,34.171494999793474],[134.8304739999864,34.17148500023164],[134.83049400000937,34.17145599979362],[134.83052899982476,34.171407000231945],[134.8305239995942,34.17132199990944],[134.83049299996324,34.17130099984034],[134.83045700010175,34.171253000324775],[134.8304960001016,34.171241999817504],[134.83054299957104,34.17120499990989],[134.8306039996861,34.17110599984109],[134.83058399966313,34.171037000256426],[134.83065000000877,34.1710210004179],[134.8306669998934,34.17096399958798],[134.8306310000319,34.17089500000332],[134.83069999961657,34.17085600000347],[134.83071100012384,34.1707879995656],[134.83068900000862,34.170748999565745],[134.830743999847,34.170715999842585],[134.83075500035426,34.170628000281056],[134.83072199973176,34.1705819999584],[134.83079194011506,34.170544758869],[134.83078734457766,34.17046932970879],[134.83076399987,34.1704470000281],[134.83075500035426,34.17042700000511],[134.83078370125145,34.17040952973114],[134.83069403603437,34.16893780370638],[134.83067800040067,34.16893200031063],[134.8306926116402,34.168914424317244],[134.830583161031,34.16711794943903],[134.83055099993996,34.16711600020232],[134.83056499968626,34.167066999741316],[134.83054299957104,34.16700799971848],[134.8304739999864,34.16696200029514],[134.8305180002168,34.166908999649685],[134.8305099998479,34.16685599990354],[134.83046300037844,34.166812999719234],[134.83051500007846,34.1667899995579],[134.83052100035516,34.16674200004234],[134.83051299998624,34.16669799981191],[134.8305099998479,34.16668199997339],[134.83055421759673,34.16664288444895],[134.83054731785245,34.16652963503576],[134.8305370001937,34.16650900008935],[134.83054534078383,34.16649718428802],[134.8304168135541,34.164387594024866],[134.8303620002174,34.16432900028221],[134.83032100012534,34.16431999986717],[134.83029299973342,34.164288000190126],[134.83027899998714,34.16421000019042],[134.8301779998261,34.16415000012148],[134.83009499959584,34.16414599993702],[134.8300920003568,34.164093000190874],[134.82997300026503,34.16407000002955],[134.82996800003446,34.16407100007566],[134.82991800042666,34.16408399977584],[134.82988499980416,34.16400799986837],[134.82981300008117,34.1639810004219],[134.829780000358,34.16398699979927],[134.82974399959718,34.16399200002984],[134.829710999874,34.16392999986867],[134.82963399992045,34.16388699968436],[134.82956200019743,34.163875000030295],[134.82953499985163,34.163822000284156],[134.82944700029012,34.16379199980002],[134.82938700022115,34.163810999776885],[134.82935399959868,34.1637470004228],[134.82931499959884,34.16373099968496],[134.8292540003831,34.163720000077014],[134.8291849998991,34.16374300023834],[134.82914099966868,34.163657999915834],[134.82908299969196,34.16363699984674],[134.82899800026877,34.16363899993897],[134.82897600015357,34.16357100040042],[134.82888499955436,34.16351999984718],[134.82883199980822,34.16352199993941],[134.82879900008507,34.16346700010104],[134.82876100013132,34.163441999847485],[134.82871399976256,34.16343300033177],[134.8286529996475,34.1634219998245],[134.8286230000627,34.16335100014761],[134.8285680002243,34.16330499982495],[134.82847899971733,34.16329600030924],[134.82846600001716,34.16323400014806],[134.82840800004044,34.16318100040191],[134.8283409996487,34.16317400007911],[134.82831700034058,34.16311199991793],[134.82828899994865,34.16306899973362],[134.8282499999488,34.16304999975675],[134.82821700022566,34.163037000056576],[134.82819500011044,34.162967999572594],[134.82814000027207,34.162904000218504],[134.82810100027223,34.16291299973422],[134.8280659995575,34.1628969998957],[134.82806699960364,34.16283100044938],[134.82802600041086,34.162775999711684],[134.82798400027266,34.1627619999654],[134.82797599990374,34.162692000334616],[134.82791299969645,34.162663999942716],[134.82795399978855,34.162624999942864],[134.8279369999039,34.16255400026597],[134.82790400018075,34.16253100010464],[134.82790952655,34.162525473735386],[134.82754779264994,34.16230580487911],[134.82749300011315,34.16230200033612],[134.8273550000445,34.16224500040551],[134.827319000183,34.162259000151806],[134.82727299986033,34.16226300033627],[134.82726200025238,34.16219699999063],[134.827197999999,34.16214899957574],[134.82711000043744,34.16214400024448],[134.82711000043744,34.16208900040611],[134.82708200004555,34.16204700026792],[134.82702400006883,34.162009000314185],[134.8269789997923,34.162003000037494],[134.82697599965394,34.161969000268215],[134.82698403212376,34.16196345203363],[134.825796,34.161242],[134.82520238768248,34.1602337622048],[134.82519100007588,34.16022900006737],[134.8251219995919,34.16023400029795],[134.8251439997071,34.16018099965248],[134.8251239996841,34.160123999721876],[134.8250940000993,34.16010999997559],[134.82510387393566,34.160066438717806],[134.825073,34.160014],[134.823539,34.159758],[134.823208,34.158802],[134.823893,34.158365],[134.823082,34.157295],[134.82307879494707,34.15729436329792],[134.82303300038393,34.15730099994026],[134.8230290500957,34.15728448119899],[134.82233047113664,34.157145704497644],[134.82232900029442,34.15715100021755],[134.8222290001795,34.15714399989475],[134.8221360003874,34.15715100021755],[134.82210799999547,34.1572110002865],[134.82200000041098,34.157190000217405],[134.82192599969642,34.157217999709985],[134.82188799974267,34.15727499964059],[134.82182899971983,34.15726600012488],[134.821747000435,34.157318999871016],[134.82173599992774,34.157375999801616],[134.82171099967417,34.15735299964029],[134.82157299960554,34.15733199957119],[134.82148199990564,34.157349000355154],[134.82152600013606,34.15729599970969],[134.8215120003898,34.157252000378584],[134.82145999979045,34.157219999802216],[134.82149599965194,34.15717200028665],[134.82150700015922,34.15713799961806],[134.8214789997673,34.15710800003325],[134.82152600013606,34.15707400026397],[134.82150700015922,34.157030000033544],[134.82146800015934,34.15700899996445],[134.8214849041065,34.1569777277762],[134.820933056614,34.156868100118984],[134.82090999960806,34.15689500010324],[134.82092100011533,34.15694699980327],[134.820846000254,34.156967999872364],[134.82079399965463,34.157030000033544],[134.82079399965463,34.157061999710585],[134.82068900020846,34.157066999941165],[134.82061699958615,34.15710099971044],[134.8205710001628,34.15704399977984],[134.82048799993254,34.15704599987207],[134.8204710000479,34.1569980003565],[134.82043300009417,34.156977000287405],[134.82037800025577,34.156975000195175],[134.82030000025608,34.15700899996445],[134.8202309997721,34.15694699980327],[134.82010999958808,34.15695200003384],[134.82007899995716,34.156910999941765],[134.8199819999806,34.1568990002877],[134.81992400000388,34.15692699978028],[134.8198989997503,34.156917000218456],[134.81984600000416,34.156868999803564],[134.8197690000506,34.15687400003414],[134.8197219996818,34.15688999987267],[134.81968399972808,34.156907999803416],[134.8196510000049,34.15689500010324],[134.81960399963614,34.15689700019547],[134.8194850004437,34.15693099996474],[134.81947700007478,34.156969999964595],[134.81935599989075,34.15693800028755],[134.81931099961423,34.15693600019532],[134.8192290003294,34.156979000379636],[134.81919000032954,34.156942999618806],[134.81910500000703,34.156917000218456],[134.81908805150084,34.15692612636723],[134.81897,34.157596],[134.81889053452446,34.1576146687509],[134.81888899993868,34.1576220003541],[134.81885099998493,34.157659000261724],[134.8187990002849,34.15768100037693],[134.8187462298659,34.157685908876665],[134.8187129999163,34.157688999846535],[134.8185741365023,34.157688999846535],[134.817842,34.157861],[134.81719281469046,34.15750670777438],[134.81711299987631,34.1574870004238],[134.81705599994572,34.157467000400814],[134.81700600033793,34.1574319996861],[134.8169280003382,34.157372999663274],[134.816920137287,34.15735789435744],[134.816607,34.157187],[134.81643199125978,34.15683030492055],[134.81641099987903,34.156820000241886],[134.81634999976396,34.156820000241886],[134.8163529999023,34.15676500040352],[134.81631399990246,34.15669599991953],[134.81622899957995,34.15669599991953],[134.816217999972,34.15661099959702],[134.8161820001105,34.156531000404414],[134.8160989998802,34.15652600017384],[134.81607999990334,34.15645699968985],[134.81600299994977,34.156409000174285],[134.81595100024973,34.156407000082055],[134.8159059999732,34.15633400031293],[134.8158429997659,34.156313000243834],[134.81574899992768,34.156342999828645],[134.8157079998356,34.15628099966747],[134.8156420003893,34.15627200015175],[134.81559500002052,34.15629000008251],[134.81552899967488,34.15624399975985],[134.81548200020544,34.15623999957539],[134.8154099995831,34.15627200015175],[134.81534099999843,34.15624199966762],[134.815296999768,34.15624199966762],[134.8152039999759,34.15627600033621],[134.81511100018378,34.156220999598524],[134.81500899997664,34.1562259998291],[134.81496699983845,34.15627200015175],[134.81491500013843,34.15627600033621],[134.81484000027706,34.15629200017474],[134.81480400041556,34.15633400031293],[134.814729999701,34.156311000151604],[134.81466100011633,34.15632699999013],[134.81460000000126,34.156376999597924],[134.8145510004396,34.15635699957494],[134.81448700018618,34.15635899966717],[134.81442900020946,34.15638600001296],[134.81437845624603,34.15636381011544],[134.8142287456856,34.15644933675193],[134.81422299970296,34.156467000151004],[134.81418699444646,34.156473188396355],[134.81415900034887,34.156489180862096],[134.81415900034887,34.15652600017384],[134.81412599972637,34.15654200001236],[134.81409600014157,34.15652600017384],[134.8140936264501,34.15652652765754],[134.813902,34.156636],[134.81259729205064,34.156303115002636],[134.81259200003205,34.15630800001326],[134.8125119999401,34.156285999898046],[134.81244300035547,34.156315000336065],[134.81241600000968,34.15635400033592],[134.81238500037875,34.15635899966717],[134.8123190000331,34.15635400033592],[134.81226900042532,34.15636800008221],[134.81219499971075,34.156412000312635],[134.81216199998758,34.15639999975925],[134.81212299998774,34.15639999975925],[134.81203200028787,34.15647399957449],[134.81202700005727,34.15654900033517],[134.81199400033412,34.15655599975865],[134.8119360003574,34.156596999850734],[134.8119360003574,34.15663599985058],[134.81192599989626,34.15667599989655],[134.8118649997812,34.156660000058025],[134.81181300008117,34.156662000150256],[134.8117659997124,34.156694999873416],[134.81171400001236,34.156660000058025],[134.81167246271306,34.15666726894532],[134.8116075231915,34.15670856076531],[134.81159499992057,34.1567430002883],[134.81156200019743,34.1567430002883],[134.81154300022055,34.156757000034595],[134.81152600033593,34.15678899971164],[134.81147399973656,34.15683399998818],[134.8114680003592,34.15686200038008],[134.8114680003592,34.15688100035695],[134.81142900035937,34.156876000126374],[134.8113830000367,34.156905999711185],[134.81136300001373,34.15692899987251],[134.81136099992148,34.156979000379636],[134.81127499955286,34.15696699982625],[134.8112199997145,34.15705700037933],[134.81121699957615,34.157097999572095],[134.811183999853,34.15711000012548],[134.81113999962255,34.157132000240686],[134.81112099964568,34.1572039999637],[134.81112299973793,34.15723100030949],[134.81112099964568,34.157252000378584],[134.81105400015326,34.15728800024009],[134.8110350001764,34.157338999894],[134.811042999646,34.15735899991698],[134.81104099955377,34.15738200007831],[134.8110339112097,34.15738795435361],[134.811471,34.158421],[134.81133528561523,34.15954077074775],[134.81137200042875,34.15954900018528],[134.8113330004289,34.15963399960847],[134.81133599966793,34.159693999677415],[134.81135799978313,34.15973299967726],[134.81133000029055,34.15978999960787],[134.81139399964465,34.15986600041466],[134.81143499973672,34.15986799960756],[134.81142400012877,34.15989499995335],[134.8114179998521,34.1599269996304],[134.8114641161873,34.16002476672867],[134.8114680003592,34.160033000022004],[134.81146088312454,34.16003631582239],[134.81137999989835,34.160074000114086],[134.81135799978313,34.16014499979098],[134.81136300001373,34.16017500027511],[134.81133599966793,34.160185999883055],[134.8112989997603,34.160221999744564],[134.8112910002907,34.16029100022855],[134.8113349996218,34.16032499999782],[134.81127999978344,34.160375999651734],[134.81125799966821,34.16040500008975],[134.81124900015251,34.160498999927974],[134.8112989997603,34.16052700031988],[134.81126299989882,34.16055399976634],[134.81125200029086,34.16058000006602],[134.81126299989882,34.16066899967367],[134.81129400042906,34.160693999927226],[134.81128642583917,34.16070698486896],[134.81194733476485,34.16137237622143],[134.81201899968835,34.16136400024748],[134.81205200031084,34.16134100008615],[134.81208299994177,34.16135399978633],[134.81214158267917,34.16135227668529],[134.81215100037963,34.1613519996941],[134.81219699980298,34.16134100008615],[134.81225899996414,34.161370999670964],[134.8122969999179,34.16139900006287],[134.81235099971013,34.161473999924226],[134.81240100021725,34.16158100036195],[134.81242100024025,34.16164399966992],[134.812439000171,34.16179000010749],[134.812439000171,34.16186737620832],[134.812531,34.16196],[134.811572,34.165159],[134.81247078491984,34.16629337865748],[134.81249900023994,34.16630200043604],[134.8125319999631,34.16632100041291],[134.8125679998246,34.16636099955955],[134.81260699982445,34.16642199967461],[134.81261800033172,34.16645800043544],[134.81260726539827,34.16646563404194],[134.8132819326196,34.167317148213876],[134.8132899998449,34.16731899967117],[134.8132868961279,34.16732341278037],[134.813304,34.167345],[134.814509,34.167929],[134.81458735740904,34.16794303549712],[134.8146149997937,34.16792000040676],[134.8146529997474,34.16792199959967],[134.81469199974725,34.167910999991726],[134.81473900011605,34.16785600015336],[134.81472799960878,34.167811999922925],[134.81478000020812,34.16779800017664],[134.81480499956237,34.16776899973862],[134.81480499956237,34.167722000269166],[134.81485199993114,34.16770699957744],[134.81485815579055,34.167673143699695],[134.81486000030006,34.167663000246336],[134.8148489997928,34.167623000200365],[134.81485900025393,34.16761099964698],[134.8148630004384,34.167595999854576],[134.81487600013858,34.1675759998316],[134.81490399963116,34.16756100003919],[134.81494999995382,34.16754800033901],[134.81503000004574,34.16754300010844],[134.81509600039138,34.16754600024678],[134.81514599999917,34.16754800033901],[134.81521400043704,34.16754300010844],[134.8152530004369,34.16753799987786],[134.8152890002984,34.16752500017768],[134.8153329996295,34.167505000154705],[134.81534400013678,34.16753899992398],[134.81537266063106,34.16756545617993],[134.81538300013662,34.16757499978548],[134.81546799955981,34.16757699987771],[134.81548606873835,34.16756574396298],[134.81552899967488,34.16753899992398],[134.81556999976695,34.1675549997625],[134.81561700013572,34.16755899994696],[134.8156590002739,34.16754800033901],[134.81570299960504,34.167511000431396],[134.81576099958176,34.167527000269914],[134.8158490000426,34.16751399967042],[134.8159009997426,34.1674769997628],[134.81595100024973,34.16749299960132],[134.8160199998344,34.16747899985503],[134.81607200043376,34.16744900027022],[134.8161139996726,34.16746600015485],[134.81615199962636,34.167468000247084],[134.81617369307276,34.16746486341179],[134.81623499985665,34.1674559996937],[134.81623968712313,34.16745188169805],[134.8162679995798,34.167427000155],[134.8163058151725,34.16743887210533],[134.8163539999484,34.16745399960147],[134.81642000029404,34.1674199998322],[134.8164580002478,34.167442999993526],[134.81660900001663,34.16804299978368],[134.81666223219,34.168032738236334],[134.81669107558946,34.16766378308502],[134.81667300027001,34.16758900043109],[134.81677837391493,34.16757208849342],[134.817817,34.167369],[134.81783295017718,34.16740283548615],[134.81788799964275,34.16739400043184],[134.81800459532982,34.16776695038716],[134.818055117912,34.167874125129494],[134.81822399984898,34.167843999599974],[134.81835000026356,34.16752099999322],[134.818557999963,34.16746199997039],[134.81868200028535,34.167493999647434],[134.81873600007762,34.167499999924125],[134.8187849996393,34.1674900003623],[134.81907799966123,34.16764200017724],[134.81910900019147,34.167683000269314],[134.81914099986852,34.167724000361396],[134.81938913500906,34.16794286042711],[134.819558,34.16802],[134.8195646404428,34.16809802520283],[134.8196479998666,34.16817200033662],[134.81979999968152,34.168374999805465],[134.819905000027,34.16855099982785],[134.81962280375024,34.16878144406504],[134.819654228149,34.16915068075088],[134.81973100009685,34.1692709997559],[134.81999499968077,34.1692060003557],[134.82014600034893,34.169689000146306],[134.82014100011833,34.16972600005393],[134.82011699991088,34.169777999753954],[134.8200529996575,34.16984700023794],[134.8199819999806,34.16989599979962],[134.81971800039668,34.170000000098995],[134.8197047237053,34.169980638594666],[134.81969400018923,34.169965000283604],[134.81949215365125,34.17006636646871],[134.8194844419647,34.17007023984876],[134.81881569549375,34.17040608219433],[134.819083,34.170826],[134.81907318937104,34.17083326284337],[134.81929218015475,34.17114485953031],[134.819565,34.171104],[134.820671,34.170508],[134.82067690547134,34.170522858165896],[134.8207199998394,34.170499999774236],[134.8212510000449,34.17027200005183],[134.82135300025203,34.17035200014376],[134.8214009997676,34.17038499986692],[134.82145300036694,34.170409000074365],[134.82153200041276,34.17041999968231],[134.82166600029694,34.17043000014346],[134.8217390000661,34.17043200023569],[134.82180999974298,34.17042700000511],[134.82187199990415,34.170411000166595],[134.82213500034126,34.17077199972707],[134.82192999988087,34.170938000187626],[134.82172300022756,34.17099512332535],[134.8215640000898,34.17103900034866],[134.82143100025175,34.171134000232996],[134.82095001314386,34.17147471828269],[134.82042421603836,34.171847179013504],[134.820729,34.172076],[134.81996,34.173079],[134.82031484973618,34.173380810026934],[134.82034399958718,34.17339300008595],[134.82044699984044,34.173375000155204],[134.8204439997021,34.17342999999357],[134.8204849997942,34.17345100006267],[134.82044434737952,34.17349095154104],[134.82061111189014,34.173632789610274],[134.8206340003701,34.17363200031563],[134.82063251634847,34.17365099472494],[134.820716,34.173722],[134.82068305998172,34.17373758409178],[134.8207330004389,34.17377599976165],[134.82075799979313,34.17380400015355],[134.82076500011593,34.173815999807616],[134.82076400006983,34.17383299969225],[134.820756999747,34.17386500026862],[134.82074400004683,34.17389799999177],[134.8207199998394,34.17393599994551],[134.82069400043903,34.17396200024518],[134.8206619998627,34.1739840003604],[134.8206120002549,34.17400699962241],[134.8205649998861,34.17401700008356],[134.8205079999555,34.17401800012967],[134.82044699984044,34.17403700010654],[134.82039700023265,34.17401700008356],[134.82034699972553,34.17400699962241],[134.8203010003022,34.17401700008356],[134.82024799965674,34.17398899969165],[134.82017457414614,34.1739781513514],[134.819898,34.174109],[134.81994462399805,34.174546877048336],[134.81996600014207,34.174565000173686],[134.81998500011895,34.17460600026577],[134.82000500014192,34.174648999550755],[134.82000700023414,34.17470600038068],[134.81999799981912,34.17475399989625],[134.81997352007426,34.174818259364095],[134.820018,34.175236],[134.819198,34.17572],[134.819684,34.178024],[134.81925,34.17834],[134.82146807915717,34.17965497708125],[134.82151799976714,34.17966799987736]]]}},{"type":"Feature","properties":{"layer_id":"scenic_nature_areas","name":"南淡町","category":"nature","source":"国土交通省 国土数値情報","municipality_code":"28224","municipality_pref":"兵庫県","municipality_name":"南あわじ市","municipality_code_method":"nearest_centroid"},"geometry":{"type":"Polygon","coordinates":[[[134.70801209128592,34.247668948453764],[134.707589,34.248785],[134.708223,34.248921],[134.708741,34.248609],[134.708030440583,34.247673691817106],[134.70801209128592,34.247668948453764]]]}},{"type":"Feature","properties":{"layer_id":"scenic_nature_areas","name":"自然公園地域","category":"nature","source":"国土交通省 国土数値情報","municipality_code":"28224","municipality_pref":"兵庫県","municipality_name":"南あわじ市","municipality_code_method":"nearest_centroid","resource_class":"自然公園地域","source_dataset_code":"A10"},"geometry":{"type":"Polygon","coordinates":[[[134.6582266088774,34.240681366150824],[134.6582504601601,34.24073269599006],[134.65826500014077,34.24069299987228],[134.6582266088774,34.240681366150824]]]}},{"type":"Feature","properties":{"layer_id":"scenic_nature_areas","name":"自然公園地域","category":"nature","source":"国土交通省 国土数値情報","municipality_code":"28224","municipality_pref":"兵庫県","municipality_name":"南あわじ市","municipality_code_method":"nearest_centroid","resource_class":"自然公園地域","source_dataset_code":"A10"},"geometry":{"type":"Polygon","coordinates":[[[134.68977998081297,34.24136015088462],[134.68973474812015,34.241360675104566],[134.68965500038652,34.241373000358884],[134.68962519836364,34.24136194472095],[134.68955432675122,34.2413627660807],[134.68948999997207,34.241383999966835],[134.68946009841338,34.24140878708106],[134.6894140000646,34.24144700017413],[134.6892840003649,34.2414529995515],[134.68913899997344,34.24152700026605],[134.68905699978927,34.241532999643425],[134.6889791826021,34.24151579074227],[134.68847697343426,34.24187192934476],[134.6884630002758,34.24193900037977],[134.68842200018372,34.242068000033385],[134.68836800039145,34.24227699977892],[134.68836800039145,34.24251900014695],[134.68841499986092,34.24267700023858],[134.6884489996302,34.24274499977712],[134.6886390002982,34.24324100016723],[134.6887269998597,34.243376000097534],[134.68873810558765,34.24338641154886],[134.6887750002746,34.24342100037408],[134.68885600041264,34.24342100037408],[134.6889169996284,34.24334799970563],[134.68901899983553,34.24303799979906],[134.68903899985852,34.24301000030648],[134.6890489895278,34.242986788804465],[134.6890729996278,34.24293100026066],[134.68909999997356,34.24287400033006],[134.68916186193567,34.24282044164121],[134.689243,34.242518],[134.6897914224448,34.24136332147074],[134.68977998081297,34.24136015088462]]]}},{"type":"Feature","properties":{"layer_id":"scenic_nature_areas","name":"南淡町","category":"nature","source":"国土交通省 国土数値情報","municipality_code":"28224","municipality_pref":"兵庫県","municipality_name":"南あわじ市","municipality_code_method":"nearest_centroid"},"geometry":{"type":"Polygon","coordinates":[[[134.71182818921434,34.24866478666844],[134.70971009960255,34.249208988949505],[134.710135,34.249891],[134.711425,34.249596],[134.71180608356957,34.2492653475127],[134.71187399888072,34.249195532365796],[134.71185899998764,34.24896900033696],[134.71185799994151,34.248789000130124],[134.71182818921434,34.24866478666844]]]}},{"type":"Feature","properties":{"layer_id":"scenic_nature_areas","name":"自然公園地域","category":"nature","source":"国土交通省 国土数値情報","municipality_code":"28224","municipality_pref":"兵庫県","municipality_name":"南あわじ市","municipality_code_method":"nearest_centroid","resource_class":"自然公園地域","source_dataset_code":"A10"},"geometry":{"type":"Polygon","coordinates":[[[134.72414100006833,34.251977000349584],[134.7242440003216,34.25203300023407],[134.72427800009086,34.252232999564576],[134.72427800009086,34.2523470003251],[134.72427800009086,34.25248899967889],[134.72434699967553,34.252574000001395],[134.72451800036666,34.252545999609495],[134.72475899978926,34.25237399977157],[134.7248959998118,34.252259999910365],[134.7250669996036,34.25211799965726],[134.72537600036335,34.251888999888735],[134.72568500022382,34.251803000419436],[134.7259590002689,34.251803000419436],[134.72623400036008,34.25191600023452],[134.72630199989862,34.25208700002633],[134.72619999969146,34.252200999887535],[134.72585600001563,34.25228700025615],[134.72544499994802,34.25237299972546],[134.7251360000876,34.25245900009408],[134.7250669996036,34.252544999563376],[134.7250679996497,34.25271500020839],[134.7251360000876,34.252800999677696],[134.72534199969476,34.25285699956218],[134.72568500022382,34.25285699956218],[134.72589099983102,34.25285699956218],[134.72609700033755,34.25294199988468],[134.72613100010682,34.25302700020719],[134.72606299966893,34.25311199963038],[134.7261659999222,34.25311199963038],[134.7263159996449,34.25311599981484],[134.72690699991935,34.253012000414785],[134.72700299984982,34.25297799974619],[134.72707200033378,34.252943999976914],[134.7272230001026,34.25284099972366],[134.72725099959519,34.252703999701126],[134.72726400019468,34.252475999978714],[134.72730500028678,34.25199600032646],[134.72735299980235,34.251613999797556],[134.72751099989398,34.25102599966146],[134.7276900000547,34.25056299989383],[134.72798200003052,34.250080000103225],[134.72829600012156,34.24955800031277],[134.7284920001669,34.24894199978476],[134.72847899956741,34.248800000430975],[134.72843999956757,34.248669999831925],[134.7284269998674,34.24855099974015],[134.72840000042092,34.248419999994304],[134.72834799982158,34.248300999902526],[134.72828200037526,34.248137999580315],[134.7281640003296,34.247953000042216],[134.7280729997304,34.24781199983522],[134.72794199998455,34.247638999951185],[134.72774499989308,34.24737799960629],[134.7275620004472,34.24716100039115],[134.7267750001274,34.245891000280736],[134.72672300042737,34.24572799995853],[134.72670899978175,34.24552100030522],[134.72673500008142,34.2453149997987],[134.7267770002196,34.24521799982213],[134.72680100042706,34.24516299998376],[134.72693200017292,34.245010000122704],[134.7270229998728,34.24494499982318],[134.7274299997559,34.24462500035478],[134.72790099989248,34.24419999964157],[134.72830699972948,34.243949999803945],[134.72873899986618,34.243731999643366],[134.72945899979425,34.24353499955189],[134.72998399972306,34.243484999944094],[134.73085000008868,34.243484999944094],[134.73137399997137,34.243516999621136],[134.7316880000624,34.24357100031271],[134.73185799980808,34.24362500010497],[134.73205499989956,34.24365699978201],[134.73242199973674,34.24364600017407],[134.73282700042697,34.24362300001274],[134.73316799996448,34.243493000313016],[134.73344300005564,34.24338299973695],[134.73361299980135,34.243263999645166],[134.733730999847,34.24310000017617],[134.7338220004462,34.242958999969176],[134.73388799989252,34.242774000431076],[134.73392699989236,34.24255700031661],[134.7339000004459,34.242393999994405],[134.73384799984655,34.24228500036377],[134.73369099980104,34.24200299994979],[134.7335460003089,34.24180699990442],[134.73316599987223,34.241448999582964],[134.73307400012624,34.241300999952486],[134.73299500008042,34.24115999974549],[134.7328640003346,34.2408340000004],[134.73278500028877,34.24066100011636],[134.73274600028893,34.24053000037052],[134.73271999998926,34.240323999864],[134.73262800024327,34.23999800011891],[134.73249500040518,34.239828000373215],[134.73233900040577,34.239672000373815],[134.73218200036027,34.23949899959046],[134.73211700006075,34.23938999995983],[134.73202500031476,34.23919499996058],[134.73201199971524,34.23911900005311],[134.73196999957705,34.23885400042308],[134.7319309995772,34.23865900042383],[134.73187799983106,34.238484999594355],[134.7317599997854,34.238332999779416],[134.7316029997399,34.238105000057004],[134.7314190002479,34.237736000127605],[134.73135399994837,34.237453999713615],[134.7312089995569,34.237040999553784],[134.7308029997199,34.23658500010897],[134.73064599967438,34.23643300029403],[134.73031899988317,34.236271000017936],[134.7299649997462,34.23613600008763],[134.7297820003003,34.23609299990332],[134.72921900041777,34.23599599992676],[134.7289169999808,34.23596400024971],[134.7287339996356,34.23593099962723],[134.7284980004436,34.235823000042714],[134.72832799979858,34.23565999972051],[134.7279809999844,34.23524400032166],[134.72781300033094,34.23521199974529],[134.7276110000089,34.23504400009183],[134.72722800033318,34.23471700030062],[134.72671299996622,34.234486000439865],[134.72668899975878,34.234486000439865],[134.72655399982847,34.234448999632924],[134.7264640001747,34.23439299974844],[134.72632900024442,34.23426300004871],[134.72614900003757,34.23413200030287],[134.72599199999203,34.23402099968069],[134.72563199957835,34.23377900021199],[134.72499299978836,34.23335200030587],[134.72472399997386,34.233209000006646],[134.72446199958284,34.23309400009933],[134.7242519997912,34.23293099977712],[134.7232440000718,34.232265999687435],[134.72281700016566,34.232024000218736],[134.72227700044445,34.23180099982758],[134.72187199975423,34.2315960002665],[134.7216019998936,34.231391999852214],[134.72138499977916,34.23133499992161],[134.72118599959543,34.23131499989863],[134.72090099994244,34.231329999691035],[134.72069600038137,34.2313770000598],[134.72052799982856,34.23148000031306],[134.72024800040614,34.231772000288885],[134.72017999996825,34.23198100003442],[134.7201820000605,34.232646000124106],[134.72021699987587,34.2328729998004],[134.71979100001587,34.233553999728606],[134.7196859996704,34.23397700034958],[134.71961600003962,34.23445900009408],[134.71853899983623,34.23457800018586],[134.71841000018262,34.23459199993215],[134.71831600034437,34.234636000162574],[134.71815800025274,34.2347089999317],[134.71785899995413,34.23485500036927],[134.71724400037155,34.23519099967619],[134.7171569999568,34.23516200013749],[134.71689300037292,34.23506099997647],[134.71631299970642,34.23463900030092],[134.7160839999379,34.23442000009423],[134.715943999777,34.23415799970322],[134.71576799975463,34.23390999995783],[134.71541599970985,34.23363399982053],[134.71463399962062,34.23322099966071],[134.71416000024504,34.23303199993815],[134.71371999973942,34.23306200042228],[134.71329900011,34.233105999753384],[134.71285899960438,34.23316499977622],[134.71229699976797,34.23322499984516],[134.71189300002317,34.23319600030647],[134.7116820001854,34.233080000353034],[134.71134800007138,34.2327739997316],[134.71122499979515,34.232614000447064],[134.71112000034898,34.23236599980235],[134.71101399995737,34.23197199961939],[134.71096100021123,34.23146200038231],[134.71064299993574,34.230072000134],[134.71064299993574,34.229735999927755],[134.71081899995812,34.229138000229824],[134.71120499977215,34.22859799960929],[134.71148600014004,34.22830599963348],[134.7115040000708,34.22818899963393],[134.71145100032464,34.22790700011926],[134.71139799967918,34.22781899965841],[134.7112219996568,34.22768799991257],[134.71053700044345,34.22744100021329],[134.70993999989233,34.22713599963797],[134.70942300033244,34.22703400033015],[134.70882499973519,34.22687400014629],[134.70840300005963,34.22675800019285],[134.70773599987774,34.22671500000855],[134.70741999969448,34.22672999980095],[134.7071380001798,34.22677400003138],[134.70689299967344,34.22680399961619],[134.70662900008952,34.22680399961619],[134.7062949999755,34.22681900030792],[134.70580299976987,34.226980999684685],[134.7053109995642,34.22709799968424],[134.70494199963483,34.227083999937946],[134.70483700018866,34.22703999970752],[134.70478400044252,34.226923999754085],[134.7047139999124,34.22679300000824],[134.70448500014388,34.22663199977827],[134.7040810003991,34.226546000308964],[134.70376500021584,34.2263710003327],[134.70355400037806,34.226239999687536],[134.70351899966334,34.225889999735],[134.70353600044731,34.22552499999006],[134.7034659999172,34.2248260001311],[134.7034310001018,34.2246209996707],[134.70323700014868,34.224177999926056],[134.70249900028986,34.22234199979476],[134.7024810003591,34.222166999818484],[134.70249900028986,34.22194799961179],[134.70252000035896,34.221894999865654],[134.7025509999899,34.22181699986595],[134.70270900008154,34.2216710003277],[134.70293799985006,34.2214659998673],[134.70346499987107,34.22112999966105],[134.70427300026,34.2209690003304],[134.70507100018776,34.22075899963942],[134.7055630003934,34.220612000055056],[134.70624799960675,34.220333999825534],[134.7073019996488,34.21974899982778],[134.70748800013234,34.21964200028938],[134.70796399960014,34.219368000244316],[134.70809300015307,34.21922299985286],[134.70826800012935,34.219178999622436],[134.70867199987413,34.21910599985331],[134.70951600012455,34.2191330001991],[134.7101309997071,34.21927799969123],[134.71083499979665,34.21951399978256],[134.711476999725,34.21998299982688],[134.71155199958636,34.2201680002643],[134.71172600041584,34.22031199971032],[134.711900000346,34.220393999894476],[134.71207300023002,34.22043499998656],[134.7122219999066,34.22047600007864],[134.7125699997669,34.22072299977792],[134.71260699967453,34.22074699998536],[134.71326600038685,34.221174999937595],[134.71338699967154,34.22126200035233],[134.71399599987674,34.22114799959181],[134.7150140000573,34.22092800023832],[134.7163830002365,34.220641999639874],[134.71676099968164,34.220522000401296],[134.71713900002607,34.22041700005581],[134.7172830003714,34.220327000402044],[134.7180560000456,34.220111000333695],[134.71853299955953,34.21997400031117],[134.7189849997192,34.219921999711815],[134.71973400008528,34.22147700037457],[134.719913000246,34.221459000443815],[134.7209280002882,34.22118999973],[134.720997999919,34.22116300028354],[134.72110000012614,34.221148999637926],[134.72120200033328,34.221120000099226],[134.72130499968722,34.22107799996103],[134.72147500033225,34.221021000030426],[134.72159400042403,34.220964000099826],[134.72183199970826,34.22075200021594],[134.7219339999154,34.220639000400844],[134.72203600012256,34.22044100026325],[134.7221819996608,34.220139999872394],[134.7221809996147,34.21990099964272],[134.72222199970676,34.219550999690185],[134.72210299961498,34.2192969996681],[134.7220689998457,34.21922700003732],[134.7219840004225,34.21912799996852],[134.72196699963857,34.21905700029163],[134.7219329998693,34.218986999761526],[134.72191499993855,34.218863000338494],[134.72191499993855,34.218770999693184],[134.7219250003997,34.21860400008583],[134.72194500042266,34.21845300031701],[134.7219549999845,34.21829400017926],[134.72200000026103,34.21792300015763],[134.72194699961557,34.21773599962798],[134.7219600002151,34.21762599995124],[134.7220129999612,34.21751600027449],[134.72207900030685,34.21743900032091],[134.7221049997072,34.21738399958321],[134.72219800039863,34.21725199979126],[134.72222399979898,34.216933000368975],[134.72222399979898,34.21670299965501],[134.72212399968407,34.216152000325856],[134.72281600011954,34.21572000018916],[134.72304299979584,34.215426000121106],[134.72402900029937,34.21534399993695],[134.72420300022952,34.21554500021289],[134.7242719998142,34.21566000012021],[134.7242719998142,34.21586100039615],[134.72416800041412,34.21597600030347],[134.72399499963078,34.216207000164225],[134.7239260000461,34.21643699997887],[134.72399499963078,34.2166669997935],[134.72416899956093,34.216926000046165],[134.7245150002283,34.217242000229426],[134.72479299955853,34.217643999881986],[134.7252089998567,34.21793099962723],[134.72545100022472,34.21793099962723],[134.72572899955492,34.21787299965051],[134.72593700015366,34.21772800015838],[134.72624800010635,34.2173539999984],[134.72635200040574,34.217181000114365],[134.72662899968984,34.21672000043897],[134.7269750003572,34.21657600009363],[134.72707899975728,34.21657600009363],[134.72721799987204,34.21663300002423],[134.7273220001714,34.21677700036957],[134.72749600010155,34.21694900020749],[134.72752999987082,34.21712200009153],[134.72752999987082,34.21729399992945],[134.72753099991695,34.217639999697525],[134.72756499968622,34.217927000342094],[134.7276700000317,34.21810000022613],[134.72791200039973,34.218214000087336],[134.7282929999832,34.21824199957992],[134.728604999982,34.2181839996032],[134.7289169999808,34.21821300004122],[134.72916000039496,34.218269999971824],[134.72943699967902,34.21832699990242],[134.72981800016183,34.21829700031761],[134.73002599986125,34.21803800006495],[134.73009500034522,34.21757800043567],[134.73002499981513,34.216455999955734],[134.72985099988497,34.21590999995783],[134.72989300002317,34.215736000027675],[134.72989300002317,34.215553999728606],[134.7298730000002,34.21543799977517],[134.72975299986228,34.215305999983215],[134.72959399972456,34.21519000002978],[134.72941400041702,34.215140999568774],[134.72860299988977,34.21490500037677],[134.7285340003051,34.21478999957012],[134.72839500019035,34.214674999662805],[134.72822200030632,34.214674999662805],[134.72804900042226,34.214647000170224],[134.72780600000814,34.214617999732205],[134.7276330001241,34.21461899977832],[134.72749400000933,34.21453300030902],[134.7272169998259,34.21444699994039],[134.72690499982713,34.214245999664456],[134.7265929998283,34.213987000311114],[134.72596799978461,34.21312500012995],[134.72586400038455,34.21301000022263],[134.7248989999501,34.21296099976163],[134.72465100020474,34.21286900001564],[134.72434000025206,34.21283999957762],[134.72388900013848,34.21281200008504],[134.72246099993643,34.21270200040829],[134.7222320001679,34.21265500003952],[134.72203253200612,34.21264120687861],[134.72102,34.213397],[134.71989321217262,34.21397247775002],[134.7198690000156,34.2139939997346],[134.71975400010825,34.21406100012636],[134.71969266271557,34.21407490320005],[134.7192574332588,34.214297185392354],[134.71924500001796,34.21441100007889],[134.71915000013365,34.21454099977861],[134.7190479999265,34.21460800017037],[134.71879700004277,34.21474900037737],[134.7186009999974,34.21485599991576],[134.71836299981382,34.214990999846066],[134.7182288965076,34.21504185111184],[134.7180649995613,34.21510399966115],[134.71773899981622,34.215204999822184],[134.7174889999786,34.215300999752635],[134.71696250312357,34.21546926162408],[134.716311,34.215802],[134.7152939710932,34.21598693134561],[134.71489800010386,34.21610199981874],[134.71467675069272,34.21615109201059],[134.71424000033699,34.21624800025631],[134.71410312891751,34.21627251397664],[134.7137039999009,34.21634400018676],[134.71352799987852,34.21637799995603],[134.71271421976346,34.21645602016068],[134.710872,34.216791],[134.70093781748474,34.21721548673412],[134.70093800024975,34.21722700043702],[134.7009410003881,34.21726000016018],[134.7009639996501,34.21728899969888],[134.70096799983457,34.217305999583516],[134.70094916009157,34.217333030839406],[134.701075494039,34.21754016141311],[134.70111899960338,34.217543999767074],[134.70127399955666,34.21762299981289],[134.7014159998098,34.21773000025061],[134.7015109996941,34.2178430000657],[134.70158599955548,34.218023000272545],[134.70162000022407,34.21830499978721],[134.70163290638885,34.218454065729055],[134.701764,34.218669],[134.7015090312337,34.21902603847661],[134.7014369998789,34.21923500040624],[134.70136200001753,34.219302999944794],[134.70133399962563,34.21928099982958],[134.70132664266885,34.2192814412708],[134.7009163586062,34.2198559712371],[134.70091800022678,34.219864999781215],[134.70090599967338,34.21988699989643],[134.70088011854048,34.21990671901317],[134.7008549179721,34.21994200793377],[134.7008489997428,34.219957000426525],[134.7008499997889,34.219993000288035],[134.70086799971966,34.220020999780616],[134.70086000025006,34.220052000310865],[134.70085299992724,34.220148000241316],[134.70073800001992,34.220328999594955],[134.70064300013559,34.220424000378614],[134.7004260000211,34.220581999570925],[134.70037656050425,34.220611862614675],[134.69991855985273,34.22125321118957],[134.69990013207416,34.22130144864935],[134.699795,34.222271],[134.70029236167224,34.22321637102861],[134.70041300032094,34.22337199962938],[134.7004599997904,34.22344000006725],[134.70060300008961,34.22366599969743],[134.7009410003881,34.22411100043362],[134.7012399997874,34.224606999924404],[134.70148400024766,34.225147999691735],[134.7015309997171,34.22532199962188],[134.70162599960145,34.22560400003587],[134.70168100033914,34.22575699989693],[134.7018429997159,34.22616199968783],[134.70191100015379,34.22629200028688],[134.70190399983096,34.22630299989483],[134.70196800008438,34.22643100040165],[134.70199300033792,34.226516999870945],[134.70199699962308,34.22652900042433],[134.70206700015316,34.22673199989318],[134.70213899642323,34.226959160499916],[134.70248827787717,34.227776458586334],[134.70258299966693,34.22793799975019],[134.70263000003573,34.22802800030327],[134.70271966783963,34.22826833782483],[134.70275200026583,34.22835500009448],[134.7027910253687,34.22848486993395],[134.70289423626681,34.22872637737325],[134.70298900040328,34.228890999631226],[134.7030478443428,34.228962536072245],[134.70545019992417,34.23073000188388],[134.70551199984016,34.230761999577915],[134.70558000027802,34.23077900036188],[134.70599999986135,34.231015999600004],[134.7060809999994,34.231049000222484],[134.70619699995282,34.23112199999161],[134.70638000029803,34.23131399985251],[134.7064140000673,34.23133700001384],[134.7065801343602,34.231561319487525],[134.706683,34.231637],[134.7067119619456,34.231795045408255],[134.70675300041188,34.23190600017307],[134.70689499976567,34.23231800028678],[134.70697699994983,34.23268400007784],[134.7070650004107,34.23317999956863],[134.7070650004107,34.233721577179764],[134.70709,34.233858],[134.70750667045684,34.23401939076604],[134.70750900020144,34.234018000441665],[134.70755399957866,34.233980999634724],[134.70761299960148,34.23397500025735],[134.70766100001637,34.23396599984232],[134.70774300020054,34.23391800032675],[134.70777872307085,34.233928528689944],[134.70783800008488,34.23394599981933],[134.70802100043008,34.23405899963443],[134.70819100017576,34.23421100034869],[134.708262078698,34.23431198629981],[134.708448,34.234384],[134.70967787876506,34.23749357567344],[134.70968199968578,34.23749699989793],[134.70979799963922,34.2376220002664],[134.70992600014603,34.23785800035773],[134.70999399968457,34.238043999941944],[134.71015700000677,34.23861900037787],[134.71020969398344,34.238777783779],[134.71023199986814,34.23884500000804],[134.7102929999832,34.2389409999385],[134.71040799989052,34.2390470003301],[134.71051000009766,34.23917700002983],[134.7107329995895,34.2393459997294],[134.71074056378723,34.23935336787493],[134.71084900044227,34.239459000443816],[134.71095099975008,34.239638999751335],[134.71073539178613,34.24010440970205],[134.71072400007378,34.24012899986475],[134.7107685486694,34.24014126487756],[134.711346,34.239378],[134.714741,34.240366],[134.71506583501397,34.24303800001499],[134.71517435668187,34.24303800001499],[134.71526117441883,34.24282240517783],[134.71521300024102,34.242414000017384],[134.7151910001258,34.24224899960295],[134.71536500005595,34.24211399967265],[134.71548700028606,34.24200099985756],[134.71560899961688,34.24193899969638],[134.71561777249005,34.24193686374617],[134.71566,34.241832],[134.71577248865708,34.24190652033069],[134.71590799991552,34.24189400031916],[134.71591014929518,34.24189419727069],[134.71615899979923,34.241916999581164],[134.71625299963748,34.241955999581016],[134.71631399975251,34.24199599962698],[134.7163620001674,34.24206300001874],[134.7163820001904,34.24216400017976],[134.71639285300947,34.24231749293799],[134.71730167856109,34.24291956235911],[134.7173590002789,34.242924000153785],[134.71751300018605,34.242887000246164],[134.7176019997937,34.24285000033854],[134.71764600002413,34.2427769996701],[134.71766800013933,34.24268499992411],[134.71764600002413,34.24242799976368],[134.71769000025455,34.242391999902175],[134.71784500020783,34.24231800008693],[134.71793299976937,34.242299000110066],[134.71802200027633,34.2422440002717],[134.71819900034484,34.24218900043332],[134.71828699990635,34.242169999557134],[134.7183310001368,34.24213399969563],[134.71839198962434,34.242177282576016],[134.718445,34.242096],[134.71851737855874,34.242162156542285],[134.718586000205,34.24213099955728],[134.71863399972054,34.24213099955728],[134.7187149998586,34.24219299971846],[134.71873499988158,34.24222100011037],[134.71881700006574,34.24237299992531],[134.71881700006574,34.242389999809944],[134.71881700006574,34.242428999809796],[134.71882129184286,34.24243994394758],[134.71890754093732,34.2425187786462],[134.71894599971935,34.24252499974025],[134.71900699983442,34.242480000363024],[134.71910758810594,34.24235754507595],[134.71912199974173,34.24234000020215],[134.7191969996031,34.24229399987949],[134.71935299960248,34.24228300027155],[134.719360395627,34.24228453361563],[134.71956999971695,34.24222400024871],[134.71965800017782,34.24211299962653],[134.719680000293,34.241985000019035],[134.7196360000626,34.24183800043467],[134.7195030002245,34.24165500008948],[134.7194810001093,34.24147099969818],[134.71961399994737,34.24137899995218],[134.72003251475,34.24140549757695],[134.7198760003384,34.24044199990967],[134.72007899980724,34.240427000117265],[134.72024198663962,34.24141875987917],[134.72045137848957,34.241432017684765],[134.72037600001363,34.24103000004577],[134.7205930001281,34.24099900041484],[134.72068753236496,34.241446968913785],[134.72130399964112,34.241486000389905],[134.7214580004476,34.24150500036677],[134.7214533581472,34.24152821096946],[134.72149600040134,34.24152200025141],[134.72155699961706,34.24156699962863],[134.7215578082934,34.241567928099386],[134.721737,34.241494],[134.7216245503123,34.24166011533176],[134.72163799975513,34.24169099995099],[134.72163799975513,34.24175900038885],[134.72162400000883,34.24181500027334],[134.72161100030866,34.24184900004262],[134.72155599957097,34.241928000088436],[134.72149600040134,34.24196199985771],[134.72140799994048,34.24211999994934],[134.7213740001712,34.24218700034109],[134.72130599973335,34.24235099981009],[134.72119800014883,34.242579999578616],[134.72207900030685,34.24260399978606],[134.7216070001242,34.24272600001619],[134.7215219998017,34.243047000430025],[134.72149314158068,34.243047137733015],[134.721495,34.243049],[134.72115466639318,34.24355045356755],[134.7211260004258,34.243641999989606],[134.72124799975663,34.24382400028868],[134.7211240003336,34.24394000024212],[134.72101399975753,34.24408899991871],[134.72089499966575,34.24441399961769],[134.72079799968918,34.24482100040015],[134.72071699955112,34.24500099970767],[134.7206649998511,34.24508800012241],[134.72062769423903,34.24513311429411],[134.7205480203601,34.24538650792654],[134.72062099962068,34.24552599963647],[134.72074099975856,34.24569900041983],[134.72080299991975,34.24585100023477],[134.72086800021927,34.24610400021074],[134.72098600026493,34.24652099965571],[134.72101399975753,34.24673899981629],[134.7210489995729,34.24689699990792],[134.72109800003392,34.247045999584515],[134.7213160001945,34.24737899965241],[134.7214360003324,34.24757100041264],[134.7214809997096,34.24772799955883],[134.72150599996317,34.24784000022713],[134.72146099968663,34.24790300043442],[134.72130599973335,34.24816199978776],[134.72125065341882,34.24826173584471],[134.72132921121775,34.248568142558476],[134.72145500030925,34.24861199985521],[134.72166199996258,34.24872599971641],[134.72192300030747,34.24894199978476],[134.72207400007628,34.24911299957657],[134.7222249998451,34.249328999644916],[134.72233599956797,34.24948899982878],[134.72244600014403,34.24986500008099],[134.7225280003282,34.24991100040364],[134.72256900042026,34.24993299961954],[134.72261099965914,34.24993299961954],[134.722679000097,34.24993299961954],[134.72273099979705,34.2499440001268],[134.72278899977377,34.249955999780866],[134.72281700016566,34.25002400021874],[134.72283099991196,34.25011499991861],[134.72278999981987,34.25032100042513],[134.72268000014313,34.2507090003314],[134.72268000014313,34.25091399989248],[134.7227079996357,34.25102799975369],[134.7227489997278,34.25118799993755],[134.7227760000736,34.25124499986815],[134.7229049997272,34.251380999844564],[134.72287099995793,34.25158000002828],[134.72300799998047,34.252063999865],[134.72287099995793,34.25249099977112],[134.72276899975077,34.25274799993155],[134.72266600039683,34.25303200043777],[134.72263199972824,34.25326000016018],[134.72280300041936,34.25340200041329],[134.72324900030236,34.253486999836475],[134.7235929999782,34.253486999836475],[134.72373000000073,34.253286999606644],[134.72379800043862,34.25311599981484],[134.7238320002079,34.25266000037002],[134.72386599997716,34.2523189999332],[134.72386599997716,34.252205000071996],[134.7240029999997,34.25206199977277],[134.72414100006833,34.251977000349584]]]}},{"type":"Feature","properties":{"layer_id":"scenic_nature_areas","name":"自然公園特別地域","category":"nature","source":"国土交通省 国土数値情報","municipality_code":"28224","municipality_pref":"兵庫県","municipality_name":"南あわじ市","municipality_code_method":"nearest_centroid","resource_class":"自然公園特別地域","source_dataset_code":"A10"},"geometry":{"type":"Polygon","coordinates":[[[134.72946099959273,34.24122999976511],[134.7292319998242,34.24026800036835],[134.7290270002631,34.23972399956336],[134.72885200028685,34.23891399998154],[134.72815300042788,34.238273000099305],[134.7276570000378,34.237959000008274],[134.72736600010808,34.23781399961682],[134.72673799992603,34.237647000009474],[134.72656299994975,34.237648000055586],[134.72644599995022,34.23762399984815],[134.72631500020435,34.23755100007902],[134.72619800020482,34.237491000010074],[134.7261550000205,34.237430999941125],[134.7261550000205,34.23741400005649],[134.7258300003215,34.23716200012664],[134.725247000416,34.23685999968966],[134.72457700009574,34.23641399980668],[134.72428500011992,34.23613599957715],[134.72403700037452,34.2358340000395],[134.72361399975355,34.235398999764456],[134.72303099984802,34.23504899981192],[134.7226809998955,34.234867999558965],[134.72231700019665,34.23479599983595],[134.7216459998303,34.23483399978969],[134.72122400015473,34.2349190001122],[134.72071400001835,34.23507700020383],[134.7200869998824,34.23531999971864],[134.71967899995315,34.2355789999713],[134.7194979997002,34.23569299983251],[134.71901800004792,34.23572200027053],[134.71875399956468,34.23562800043231],[134.7185989996114,34.235399999810575],[134.7185989996114,34.23507700020383],[134.71871300037193,34.234876999974],[134.71875899979526,34.23470600018219],[134.7185386703906,34.234578035648255],[134.71840999988885,34.23459200032099],[134.71831600005063,34.23463599965209],[134.718157999959,34.23470900032054],[134.71785899966036,34.23485499985879],[134.7172440000778,34.23519100006503],[134.71715699966308,34.23516199962701],[134.71689300007915,34.235061000365306],[134.71631300031197,34.23463899979044],[134.71608399964413,34.23441999958374],[134.71594400038256,34.23415800009206],[134.71576800036019,34.23391000034667],[134.71541600031543,34.23363400020937],[134.7146340002262,34.23322100004955],[134.7141599999513,34.233032000326986],[134.713720000345,34.2330619999118],[134.71329899981626,34.23310600014222],[134.71285900020996,34.23316500016506],[134.71229700037352,34.23322500023401],[134.71189299972943,34.23319599979598],[134.71168199989165,34.23307999984255],[134.71134799977764,34.23277400012044],[134.7112250004007,34.23261399993658],[134.71112000005522,34.232366000191185],[134.7110139996636,34.23197200000823],[134.7109609999175,34.231461999871826],[134.71064299964198,34.23007199962351],[134.71064299964198,34.22973600031659],[134.71081899966435,34.22913799971934],[134.71120500037773,34.22859799999813],[134.71148599984627,34.228306000022314],[134.71150399977702,34.228189000022766],[134.71145100003088,34.22790699960878],[134.71139800028476,34.22781900004725],[134.71122200026235,34.227688000301406],[134.7105370001497,34.22744099970281],[134.70993999959856,34.22713600002681],[134.7094230000387,34.22703399981967],[134.70882500034077,34.22687399963581],[134.7084029997659,34.22675799968237],[134.70773599958397,34.226715000397384],[134.70742000030003,34.22673000018979],[134.70713799988604,34.226774000420214],[134.706893000279,34.226804000005025],[134.70662899979575,34.226804000005025],[134.70629499968175,34.22681899979743],[134.70580300037543,34.22698100007352],[134.7053110001698,34.22709800007308],[134.70494200024038,34.227084000326784],[134.7048369998949,34.22704000009636],[134.70471399961866,34.22679300039708],[134.70448499985014,34.22663200016711],[134.70408100010533,34.22654599979848],[134.70376499992207,34.226370999822215],[134.7035540000843,34.22624000007637],[134.7035190002689,34.22589000012384],[134.70353600015355,34.225525000378894],[134.70346599962346,34.22482599962062],[134.70343099980806,34.224621000059535],[134.70323699985494,34.22417800031489],[134.70249899999612,34.222342000183595],[134.70248100006538,34.22216700020732],[134.70249899999612,34.22194800000063],[134.70252000006522,34.22189500025449],[134.7023710003886,34.22151799995616],[134.70230099985852,34.22134500007213],[134.70228099983555,34.22119799958844],[134.70233200038876,34.22097500009661],[134.7024209999964,34.220785000327936],[134.703065000017,34.218536000036806],[134.70315799980912,34.218151000268875],[134.70322700029308,34.21792000040812],[134.70336600040787,34.21761199969446],[134.7035049996233,34.21751599976401],[134.70366699989938,34.21743799976431],[134.7038290001755,34.217399999810574],[134.70396800029025,34.217399999810574],[134.70598099959074,34.21745000031769],[134.70620299993575,34.217652999786544],[134.70673400014127,34.21820199992279],[134.7072909997471,34.21870699982861],[134.70809299985933,34.2192230002417],[134.70826799983558,34.21917900001127],[134.7086719995804,34.21910600024215],[134.70951599983078,34.21913299968862],[134.71013100031269,34.219278000080074],[134.7108350004022,34.2195140001714],[134.71147700033058,34.21998300021572],[134.71155200019192,34.22016799975382],[134.71172600012207,34.220312000099156],[134.71190000005222,34.22039400028332],[134.71207299993625,34.220435000375396],[134.71222199961286,34.22047599956816],[134.71260700028012,34.220747000374196],[134.71326600009309,34.22117500032643],[134.7133870002771,34.22126199984185],[134.71501399976356,34.220927999727834],[134.71638299994277,34.22064200002871],[134.7167610002872,34.22052199989081],[134.71713899973233,34.22041700044465],[134.71728300007766,34.22032699989156],[134.71853300016508,34.21997399980068],[134.71898500032478,34.21992200010065],[134.71973399979152,34.22147699986408],[134.71991299995224,34.22145899993333],[134.72092799999447,34.22119000011884],[134.72099799962524,34.22116299977305],[134.7210999998324,34.22114900002676],[134.72120200003954,34.221119999588744],[134.7213050002928,34.22107800034987],[134.72147500003848,34.22102100041926],[134.72159400013027,34.220963999589344],[134.72183200031384,34.220751999705456],[134.72193399962165,34.22063899989036],[134.7220359998288,34.22044099975277],[134.72218200026637,34.22014000026123],[134.72218100022025,34.219901000031555],[134.72222200031234,34.21955100007902],[134.72210300022056,34.21929700005694],[134.72206899955196,34.21922700042616],[134.72198400012877,34.21912800035736],[134.72196700024412,34.219056999781145],[134.72193299957553,34.21898700015037],[134.72191499964478,34.21886299982801],[134.72191499964478,34.21877100008202],[134.72192500010593,34.21860399957535],[134.72194500012893,34.21845299980653],[134.72195499969075,34.21829399966878],[134.7219999999673,34.21792299964714],[134.72194700022115,34.21773600001682],[134.72195999992132,34.217626000340076],[134.72201299966747,34.21751599976401],[134.7220790000131,34.217438999810426],[134.72210500031278,34.21738399997205],[134.7221980001049,34.217252000180096],[134.72222400040457,34.216932999858486],[134.72222400040457,34.21670300004385],[134.72212400028965,34.216151999815374],[134.7228159998258,34.215719999678676],[134.72304300040142,34.21542599961062],[134.7240290000056,34.215344000325786],[134.72420299993576,34.2155449997024],[134.72427200041975,34.21565999960973],[134.72427200041975,34.21586099988567],[134.7241680001204,34.21597599979299],[134.72399500023633,34.21620699965374],[134.72392599975234,34.216437000367705],[134.72399500023633,34.21666700018234],[134.72416900016648,34.216926000435],[134.72451499993457,34.217241999718944],[134.72479300016408,34.21764400027082],[134.72520899956294,34.217931000016065],[134.72545099993096,34.217931000016065],[134.7257290001605,34.217873000039354],[134.72593699985993,34.2177279996479],[134.7262479998126,34.21735400038724],[134.7266290002954,34.216719999928486],[134.72697500006348,34.21657599958314],[134.72707900036283,34.21657599958314],[134.72721799957827,34.21663300041307],[134.72732199987766,34.216776999859086],[134.72749599980781,34.21694899969701],[134.7275299995771,34.217121999581046],[134.7275299995771,34.21729400031829],[134.72753099962318,34.21764000008636],[134.7275650002918,34.217926999831604],[134.72766999973797,34.21809999971565],[134.727912000106,34.21821399957685],[134.72829299968944,34.218241999968754],[134.72860499968826,34.218183999992036],[134.72891699968704,34.218213000430055],[134.7291600001012,34.21827000036066],[134.7294370002846,34.21832700029126],[134.72981799986806,34.21829699980712],[134.7300259995675,34.21803799955447],[134.73009500005148,34.21757799992519],[134.7300250004207,34.21645600034457],[134.72985099959124,34.21591000034667],[134.72989299972943,34.21573600041652],[134.72987299970643,34.215438000164006],[134.72975299956855,34.21530600037205],[134.7295940003301,34.215190000418616],[134.72941400012328,34.21514099995761],[134.728602999596,34.214904999866285],[134.72853400001136,34.21478999995896],[134.72839499989658,34.21467500005164],[134.72822200001255,34.21467500005164],[134.72804900012852,34.214646999659735],[134.72780599971438,34.21461800012104],[134.72763299983035,34.214619000167154],[134.7274939997156,34.214532999798536],[134.7272170004315,34.21444700032923],[134.72690500043268,34.21424600005329],[134.7265930004339,34.21398699980063],[134.72596800039017,34.21312499961947],[134.7258640000908,34.21300999971215],[134.72489899965638,34.212961000150464],[134.72465099991098,34.212869000404474],[134.7243399999583,34.212839999966455],[134.72388899984472,34.212811999574555],[134.7224609996427,34.21270199989781],[134.72223199987417,34.212655000428356],[134.72203253150448,34.21264120725307],[134.72102,34.213397],[134.7198932129843,34.21397247733549],[134.71986899972183,34.213994000123435],[134.71975399981451,34.21406099961587],[134.7196926634525,34.21407490282369],[134.71925743389912,34.21429718506533],[134.71924499972422,34.21441099956841],[134.71914999983989,34.21454100016746],[134.71904799963275,34.21460799965989],[134.718796999749,34.214748999866885],[134.71860099970363,34.2148560003046],[134.7183630004194,34.2149910002349],[134.71822889621384,34.21504185150068],[134.7180650001669,34.21510400004999],[134.7177390004218,34.21520500021102],[134.71748899968486,34.21530100014147],[134.71696250158038,34.21546926241221],[134.716311,34.215802],[134.71529397388346,34.21598693083825],[134.71489799981012,34.21610200020758],[134.7146767512983,34.2161510915001],[134.71424000004322,34.216247999745825],[134.71410312862375,34.21627251436548],[134.71370399960716,34.216343999676276],[134.71352799958478,34.21637800034487],[134.71271421457706,34.216456021103745],[134.710872,34.216791],[134.7009378171993,34.21721548674631],[134.700937999956,34.21722699992654],[134.70094100009433,34.2172599996497],[134.70096400025568,34.21728900008772],[134.70096800044013,34.21730599997235],[134.70094916026105,34.217333031117285],[134.70107549391702,34.21754016121314],[134.70111900020896,34.21754400015591],[134.70127400016224,34.217623000201726],[134.70141600041535,34.21772999974013],[134.7015110002997,34.21784299955522],[134.70158600016103,34.21802299976206],[134.70161999993033,34.218305000176045],[134.70163290600726,34.21845406510342],[134.701764,34.218669],[134.70150903032567,34.21902603974814],[134.70143699958513,34.21923499989576],[134.70136199972376,34.21930300033363],[134.70133400023118,34.219281000218416],[134.70132664235757,34.21928144170671],[134.7009163583157,34.219855971643895],[134.700917999933,34.21986500017005],[134.70090600027896,34.21988700028527],[134.7008801178701,34.21990671995193],[134.70085491839535,34.219942007341054],[134.70084900034834,34.21995699991604],[134.70085000039447,34.219992999777546],[134.70086800032522,34.22002100016945],[134.7008599999563,34.22005199980038],[134.7008529996335,34.220147999730834],[134.70073799972616,34.22032899998379],[134.70064299984185,34.22042399986813],[134.70042599972737,34.22058199995976],[134.7003765606135,34.2206118624617],[134.69991855921216,34.22125321208656],[134.6999001322107,34.22130144739037],[134.699795,34.222271],[134.70029236184845,34.22321637136354],[134.7004130000272,34.223372000018216],[134.70046000039596,34.22343999955677],[134.70060299979588,34.22366600008627],[134.70094100009433,34.22411099992314],[134.70124000039297,34.22460700031324],[134.7014839999539,34.22514800008057],[134.70153100032266,34.22532200001072],[134.701626000207,34.22560400042471],[134.70168100004537,34.22575700028577],[134.70184300032147,34.22616200007667],[134.70191099986002,34.2262919997764],[134.70190400043654,34.226303000283664],[134.7019679997906,34.226430999891164],[134.70199300004418,34.22651700025978],[134.70199700022863,34.226528999913846],[134.70206699985943,34.22673200028202],[134.70213899480942,34.22695915672368],[134.70248827746974,34.22777645763296],[134.7025830002725,34.22793800013903],[134.70262999974196,34.228027999792786],[134.7027196675459,34.22826833821367],[134.7027519999721,34.22835499958399],[134.70279102431357,34.22848486746503],[134.70289423775853,34.22872638086375],[134.70298900010954,34.22889100002006],[134.70304784410274,34.228962535895654],[134.70545019897523,34.230730001185705],[134.70551200044574,34.23076199996676],[134.70557999998428,34.230778999851395],[134.70599999956758,34.23101599998884],[134.70608099970565,34.231048999712],[134.70619699965908,34.231122000380445],[134.70638000000426,34.23131400024135],[134.70641399977353,34.231337000402675],[134.706580133082,34.23156131854713],[134.706683,34.231637],[134.70671196162573,34.231795043662764],[134.7067530001181,34.23190599966259],[134.70689500037125,34.2323179997763],[134.70697699965606,34.23268399956736],[134.70706500011693,34.233179999957464],[134.70706500011693,34.23372157557667],[134.70709,34.233858],[134.70750666975997,34.23401939049612],[134.70750899990767,34.23401799993118],[134.70755400018422,34.23398100002356],[134.70761300020706,34.23397499974687],[134.70766099972263,34.233966000231156],[134.70774299990677,34.23391799981627],[134.70777872367643,34.23392852907878],[134.7078379997911,34.23394600020817],[134.7080210001363,34.234059000023265],[134.708190999882,34.234210999838204],[134.70826207893032,34.2343119863898],[134.708448,34.234384],[134.7096778787042,34.23749357551963],[134.70968200029134,34.237497000286766],[134.70979800024477,34.237621999755916],[134.7099259998523,34.23785799984724],[134.70999400029015,34.23804400033078],[134.71015699971304,34.238618999867384],[134.71020969368968,34.23877778326852],[134.71042899966588,34.23892300039658],[134.71069400019522,34.239051000004075],[134.71082700003328,34.2391239997732],[134.71105399970958,34.23831999956876],[134.7111889996399,34.23809399993858],[134.71150599986927,34.237868000308396],[134.71223100002788,34.23771699964025],[134.7125929996345,34.23760399982516],[134.71286499958734,34.23745300005634],[134.71327200036978,34.23707699980413],[134.7134080003462,34.23696399998904],[134.71354400032263,34.236926000035304],[134.7137699999528,34.23700099989666],[134.7139969996291,34.23718800042631],[134.7140870001822,34.23745099996411],[134.7140870001822,34.23797699993903],[134.71404199990565,34.23854099986768],[134.71404299995174,34.23914199970395],[134.71436000018113,34.23985600025464],[134.71451018834657,34.240298830069634],[134.714741,34.240366],[134.71506583506124,34.24303800040383],[134.7151743565253,34.24303800040383],[134.7152611747153,34.24282240444165],[134.71521299994725,34.24241400040623],[134.71519099983203,34.24224899999179],[134.71525700017767,34.242083000430554],[134.715322999624,34.24195499992374],[134.71536799990054,34.24191800001612],[134.71552199980772,34.2418810001085],[134.7156474870926,34.241863073353514],[134.71566,34.241832],[134.71570528528642,34.24186200013163],[134.71576600026796,34.24186200013163],[134.7158759999447,34.24188000006238],[134.71591014900145,34.24189419676021],[134.71615900040482,34.24191699997],[134.71625300024303,34.24195599996985],[134.7163140003581,34.24199600001582],[134.71636199987367,34.242063000407576],[134.71638199989664,34.24216399966928],[134.71639285273918,34.24231749275892],[134.71730167772742,34.24291956180683],[134.71735899998512,34.2429239996433],[134.7175129998923,34.24288699973568],[134.71760200039927,34.24284999982806],[134.71764599973037,34.242777000058936],[134.7176679998456,34.242685000312946],[134.71764599973037,34.242428000152515],[134.71768999996078,34.24239200029101],[134.7178449999141,34.24231799957645],[134.71793300037493,34.24229899959958],[134.71802199998257,34.24224399976121],[134.71819900005107,34.24218899992284],[134.71828699961262,34.24216999994597],[134.71833099984303,34.24213400008447],[134.71839198935803,34.24217728298434],[134.718445,34.242096],[134.71851737874547,34.24216215671296],[134.71858599991123,34.24213099994612],[134.71863400032612,34.24213099994612],[134.71871499956484,34.2421930001073],[134.71873499958784,34.24222099959988],[134.71881699977197,34.242373000314146],[134.71881699977197,34.24239000019878],[134.71881699977197,34.242429000198634],[134.71882129126524,34.242439943419626],[134.71890754075721,34.24251877848159],[134.7189460003249,34.242525000129085],[134.71900700043997,34.24247999985254],[134.7191075878122,34.242357545464785],[134.7191220003473,34.242339999691666],[134.71919700020865,34.24229400026833],[134.71935300020806,34.24228299976106],[134.71936039623256,34.24228453400447],[134.71957000032253,34.24222399973823],[134.71965799988405,34.24211300001537],[134.71967999999927,34.24198500040787],[134.71963599976883,34.241837999924186],[134.71950299993077,34.241654999579],[134.71948099981554,34.24147100008702],[134.71961399965363,34.24137900034103],[134.72003251445625,34.241405497965786],[134.71987600004462,34.24044200029851],[134.7200790004128,34.240426999606775],[134.72024198724517,34.241418760268004],[134.7204513781958,34.24143201717428],[134.72037599971986,34.241030000434606],[134.72059299983434,34.240998999904356],[134.72068753207122,34.24144696930262],[134.72130400024668,34.24148599987942],[134.72145800015386,34.24150499985629],[134.72145335785345,34.24152821045897],[134.72149600010758,34.241521999740925],[134.72155700022265,34.24156700001747],[134.72155780847984,34.241567928022455],[134.721737,34.241494],[134.72162455030514,34.24166011534234],[134.72163800036068,34.24169100033983],[134.72163800036068,34.24175899987837],[134.7216239997151,34.24181499976286],[134.7216110000149,34.24184900043146],[134.72155600017652,34.241927999577946],[134.72149600010758,34.241962000246545],[134.72140799964674,34.242120000338176],[134.72137399987744,34.24218699983061],[134.7213060003389,34.24235100019893],[134.72119799985506,34.242579999967454],[134.7220790000131,34.2426040001749],[134.72160699983044,34.24272600040503],[134.72152200040725,34.24304699991954],[134.7214931411987,34.24304713735023],[134.721495,34.243049],[134.72115466607386,34.243550454038015],[134.72112600013207,34.24364200037844],[134.72124800036218,34.2438239997782],[134.72112400003982,34.24393999973163],[134.72101400036308,34.24408900030755],[134.7208950002713,34.24441400000653],[134.72079800029474,34.24482099988966],[134.7207170001567,34.24500100009651],[134.72066499955736,34.245087999611926],[134.72062769467823,34.24513311289725],[134.72054802051105,34.245386507446455],[134.72062100022623,34.245526000025315],[134.72074100036414,34.24569899990935],[134.720802999626,34.24585099972429],[134.72086799992553,34.24610399970026],[134.7209859999712,34.246521000044545],[134.72101400036308,34.246739000205125],[134.72104900017848,34.246897000296755],[134.72109799974015,34.24704599997335],[134.72131599990075,34.24737900004125],[134.72143600003864,34.24757099990215],[134.72148100031518,34.24772799994767],[134.7215059996694,34.247839999716646],[134.72146100029218,34.24790299992394],[134.7213060003389,34.2481620001766],[134.7212506535502,34.2482617363571],[134.72132921123404,34.24856814262198],[134.7214550000155,34.248612000244044],[134.7216619996688,34.24872600010525],[134.7219230000137,34.2489420001736],[134.72207399978254,34.249112999965405],[134.72222499955134,34.249329000033754],[134.72233600017353,34.249489000217615],[134.72244599985027,34.249864999570505],[134.72256900012653,34.249933000008376],[134.72261100026472,34.249933000008376],[134.72267899980326,34.249933000008376],[134.7227310004026,34.24994399961632],[134.72312599973236,34.2498570001009],[134.72339699963908,34.249797000031954],[134.72364899956895,34.249736999963005],[134.72397300012113,34.24973599991689],[134.7242979998201,34.24970600033208],[134.72458599961146,34.249705000285964],[134.7247659998183,34.24967499980183],[134.72523699995486,34.24963999998644],[134.72537900020797,34.24961100044774],[134.7256310001378,34.24952099989466],[134.72591899992918,34.24928099961887],[134.726099000136,34.24896700042716],[134.72624299958204,34.2483540000375],[134.72635000001975,34.2472620000417],[134.7261699998129,34.246425000114094],[134.72615199988215,34.246050999954115],[134.72613299990527,34.24591700006993],[134.72613299990527,34.24578200013963],[134.7262049996283,34.24569199958654],[134.72677699992587,34.24521800021097],[134.72680100013332,34.2451630003726],[134.72693199987916,34.24500999961222],[134.72702299957902,34.24494500021202],[134.7274300003615,34.2446249998443],[134.72790099959872,34.24420000003041],[134.72830700033506,34.24395000019278],[134.72873899957244,34.2437320000322],[134.7294590003998,34.24353499994073],[134.7299840003286,34.24348500033293],[134.73018699979747,34.24333899989536],[134.73025999956658,34.24320500001117],[134.73027500025833,34.24299999955077],[134.73023100002789,34.24273399987462],[134.73015800025877,34.24246800019848],[134.72999399989044,34.242084999623465],[134.72990700037502,34.24200000020028],[134.7298630001446,34.24189099967033],[134.72985399972956,34.24182200008567],[134.72946099959273,34.24122999976511]]]}},{"type":"Feature","properties":{"layer_id":"scenic_nature_areas","name":"自然公園特別地域","category":"nature","source":"国土交通省 国土数値情報","municipality_code":"28224","municipality_pref":"兵庫県","municipality_name":"南あわじ市","municipality_code_method":"nearest_centroid","resource_class":"自然公園特別地域","source_dataset_code":"A10"},"geometry":{"type":"Polygon","coordinates":[[[134.6825220000943,34.268655999764796],[134.6831029999076,34.26738200036924],[134.68316600011488,34.26686599995615],[134.682550999633,34.266504000349556],[134.68202699975032,34.266175999612905],[134.6820049996351,34.265997000351504],[134.68194599961225,34.26556200007646],[134.68188799963553,34.265336999593075],[134.6818689996587,34.26511200000901],[134.6818689996587,34.26459899973427],[134.68182999965882,34.264052999736364],[134.6817719996821,34.26390900029035],[134.68171399970538,34.26382900019841],[134.68161699972882,34.26373300026796],[134.68150099977538,34.26366900001455],[134.68141800044444,34.26354799983054],[134.68139700037534,34.263431999877106],[134.68137700035234,34.2632539997625],[134.68132799989135,34.26297200024783],[134.68124499966106,34.2626729999492],[134.68130799986838,34.26251399981146],[134.68142399982182,34.26235299958148],[134.68146199977554,34.26212900004354],[134.68138499982194,34.26176000011413],[134.68065000010148,34.260557000395465],[134.68041800019463,34.26036499963524],[134.68024899959573,34.26023499993551],[134.68047600017135,34.26017199972822],[134.68062099966346,34.26000900030534],[134.6808060001009,34.259780999683606],[134.68108100019208,34.259180999893445],[134.68114999977675,34.25869499996449],[134.68108100019208,34.258279999712435],[134.6810470004228,34.25806599973632],[134.68097799993882,34.257751999645286],[134.68097799993882,34.25760900024538],[134.6810470004228,34.25756600006107],[134.68111600000745,34.257593999553656],[134.68132199961465,34.257651000383575],[134.6816500003513,34.25776500024478],[134.68196000025787,34.257835999921674],[134.68239100034845,34.25786400031358],[134.68259699995565,34.25786400031358],[134.68278699972433,34.257807000382975],[134.68326900036814,34.257619999853326],[134.68376900004338,34.25750499994601],[134.68428599960328,34.257433000222996],[134.68451000004055,34.25741800043059],[134.68468199987845,34.25744699996929],[134.68492300020037,34.25750399989989],[134.6855779998289,34.25783199973721],[134.6860950002881,34.258087999851526],[134.6867839996859,34.258373000403864],[134.6873070004218,34.25854700033401],[134.6873370000066,34.25808100042804],[134.68758199961366,34.25744499987706],[134.6879030000275,34.25710200024733],[134.68842399977183,34.25689799983304],[134.68862299995556,34.25688500013287],[134.6887599999781,34.25691100043254],[134.68885199972408,34.25698700034001],[134.68891299983915,34.25704999964798],[134.688790999609,34.257279000315826],[134.6887759998166,34.257431000130765],[134.6887759998166,34.257621999945556],[134.68882200013925,34.25769799985303],[134.6888679995626,34.25778700036],[134.68900499958514,34.25786300026746],[134.68918899997644,34.25791299987526],[134.68937300036774,34.25793800012882],[134.68958700034386,34.25797600008256],[134.68969399988225,34.25804000033596],[134.68986200043503,34.258178999551404],[134.68999999960437,34.258306000012105],[134.69016900020327,34.258407000173136],[134.69033699985673,34.2584830000806],[134.6902579998109,34.25798399955215],[134.69008599997298,34.257493000291944],[134.68999999960437,34.25719299994721],[134.68986200043503,34.25673500041016],[134.68987900031968,34.25632100020421],[134.68999899955824,34.255962999882755],[134.6904129997642,34.255533999884406],[134.6910500003613,34.255147000024245],[134.69186200003534,34.25479900016394],[134.69261999991713,34.25445499958877],[134.69320499991488,34.25404000023604],[134.69384299965878,34.25358099975355],[134.6949149996316,34.252931000355595],[134.6955870000441,34.25232999962],[134.6961550001572,34.25154300019952],[134.69656800031703,34.25088500043264],[134.69674100020106,34.25011199985912],[134.69692999992364,34.249682999860774],[134.69713699957694,34.24961100013776],[134.6973610000142,34.24961100013776],[134.69768799980542,34.24976800018328],[134.69825699996466,34.25006699958258],[134.69878600007792,34.25039300022699],[134.6989620001003,34.25041100015775],[134.6992269997303,34.250465999996116],[134.6993370003064,34.25053899976524],[134.69949200025968,34.25066700027206],[134.699557999706,34.25074000004118],[134.6997569998897,34.25088599957943],[134.69986699956644,34.25094100031713],[134.69997700014252,34.25097700017863],[134.700154000211,34.25097700017863],[134.7003300002334,34.25095800020176],[134.70063900009384,34.250903000363394],[134.7011680002071,34.25073699990284],[134.70245200006383,34.25038900004253],[134.70251200013277,34.249841999998516],[134.70253300020187,34.249284000346556],[134.70240799983338,34.248779999587526],[134.70224799964953,34.24856999979587],[134.70184900013533,34.24826500011988],[134.70113100029948,34.24779800016779],[134.70047599977164,34.24739100028465],[134.70131199965314,34.24664600010304],[134.70072599960926,34.246208999735764],[134.70091000000056,34.24607399980546],[134.70114199990743,34.245904000059774],[134.701360000068,34.24588099989844],[134.7020050001347,34.245840999852476],[134.70207099958103,34.24604200012842],[134.70211499981147,34.24611499989754],[134.7021810001571,34.24620699964353],[134.70231399999517,34.24633500015035],[134.7024239996719,34.246371000011855],[134.70251200013277,34.246371000011855],[134.7026009997404,34.24635200003499],[134.7027549996476,34.246242000358244],[134.70282099999324,34.246186999620555],[134.70288700033888,34.24611399985143],[134.7029749999004,34.24604100008231],[134.70304200029216,34.245967000267065],[134.70312999985367,34.24593100040556],[134.70328399976086,34.245930000359444],[134.70346099982936,34.24605799996694],[134.70348500003678,34.246152999851276],[134.70409839321667,34.24692545797975],[134.70604292199715,34.24697573146562],[134.70608100014212,34.24695499996349],[134.70630100039492,34.24680200010244],[134.70645200016375,34.24667599968785],[134.70657300034776,34.246399999550555],[134.70657300034776,34.24617399992037],[134.7065120002327,34.24597299964444],[134.7065120002327,34.24582199987561],[134.7065120002327,34.2457219997607],[134.70648199974855,34.245596000245435],[134.70648199974855,34.24542000022305],[134.7065120002327,34.245269999601014],[134.70660299993256,34.244717000179634],[134.70671629501751,34.24443052632325],[134.70645916336298,34.24438790957407],[134.7061220002342,34.24436300004263],[134.7059460002118,34.24432299999667],[134.70586869841333,34.24429004649027],[134.705434,34.244218],[134.70145506571484,34.2414688506292],[134.70143399988325,34.24146999973092],[134.70140600039068,34.24144999970794],[134.70137643631892,34.24141452353083],[134.70137442373374,34.241413132983276],[134.70135599988356,34.241403000238485],[134.70130500022964,34.24139800000791],[134.7012319995612,34.24139499986956],[134.70116500006876,34.24139399982345],[134.70113185555476,34.24140755890194],[134.70112099983834,34.2414119997542],[134.70109999976924,34.24142000012312],[134.70109367553633,34.241430672155076],[134.70108399993072,34.241462366030035],[134.70108399993072,34.24148300033042],[134.7010769675668,34.241485401576504],[134.700182,34.244417],[134.695068,34.24785],[134.69466363293225,34.24784729288745],[134.6945390002787,34.24787400007526],[134.69431499984145,34.247936000236436],[134.6940439999347,34.247970000005715],[134.69378499968207,34.24798799993646],[134.69350800039797,34.24800399977499],[134.69285700005457,34.24801500028225],[134.69270100005517,34.24801500028225],[134.69226699982624,34.247992000120924],[134.69183999992012,34.24801500028225],[134.69168399992074,34.24802099965962],[134.69148000040576,34.247999000443734],[134.6906550001322,34.24786100037508],[134.6903470061303,34.247818394405044],[134.6887560585087,34.24780774350239],[134.6887100003703,34.247810999867966],[134.68869826565054,34.24780735659707],[134.688645,34.247807],[134.68836831326126,34.24770491649092],[134.68787899982004,34.24755299966142],[134.68690468780517,34.24724307439858],[134.68680699984722,34.24721200012392],[134.68677400012407,34.24716899993961],[134.68667900023974,34.24712999993976],[134.68636700024095,34.24705099989394],[134.6863159996877,34.24702300040136],[134.68621799966502,34.24701299994021],[134.68616399987278,34.24702300040136],[134.68613300024182,34.24702300040136],[134.68610699994215,34.246993999963344],[134.68604899996544,34.24698999977888],[134.68598799985037,34.24698500044763],[134.68592000031182,34.24700300037838],[134.68589400001215,34.246996000055574],[134.68585099982784,34.246970999802016],[134.68578799962054,34.24695900014795],[134.68574400028945,34.246965000424645],[134.68571254110495,34.24698346530489],[134.6856979999668,34.24699199987111],[134.68567299971323,34.246997000101686],[134.6855929996213,34.24698400040151],[134.68553899982905,34.24698200030928],[134.68550199992143,34.247004000424496],[134.68546700010603,34.247030999870965],[134.68541000017544,34.24704100033212],[134.6853379995531,34.24704100033212],[134.685294000222,34.247057000170635],[134.68525500022216,34.247094000078256],[134.68516999989964,34.24707300000916],[134.68511199992292,34.24708499966322],[134.68508400043035,34.24710999991678],[134.68506100026903,34.24715300010109],[134.68503099978489,34.24716999998573],[134.68495699996964,34.24717200007796],[134.68490300017737,34.24720099961665],[134.6848769998777,34.24723200014691],[134.68486400017753,34.24728900007751],[134.68480800029306,34.24732199980067],[134.68477399962444,34.24735300033092],[134.68474900027022,34.24742099986946],[134.68473799976294,34.247468000238236],[134.68470299994755,34.247500999961396],[134.68467300036275,34.24753599977679],[134.68465200029365,34.24759499979962],[134.684657999671,34.24763900003004],[134.68463799964803,34.24766100014526],[134.6845639998328,34.24767399984543],[134.68451600031722,34.24769900009899],[134.68448099960253,34.24773700005272],[134.68442899990248,34.24773099977603],[134.68439600017933,34.24772999972992],[134.68435199994892,34.24774400037553],[134.68432899978757,34.2477840004215],[134.6842950000183,34.2477919998911],[134.68422799962656,34.2477919998911],[134.6841749998804,34.247810999867966],[134.68412500027262,34.24784999986782],[134.68407899994995,34.24783299998318],[134.68402400011158,34.24782699970649],[134.68399299958133,34.24783700016764],[134.6839629999965,34.247868999844684],[134.6839330004117,34.24787400007526],[134.68385999974328,34.24785800023674],[134.68381400031993,34.247863999614104],[134.68377400027396,34.2478909999599],[134.68374699992816,34.24791099998288],[134.68368699985922,34.24789400009824],[134.6836429996288,34.24789900032882],[134.68361500013623,34.2479190003518],[134.68359099992878,34.24794699984438],[134.6835360000904,34.2479400004209],[134.68346699960642,34.24794599979827],[134.68343900011382,34.24795600025942],[134.68339699997563,34.247992000120924],[134.683328000391,34.24798699989035],[134.68327099956105,34.24798199965977],[134.6832240000916,34.247992000120924],[134.68319399960745,34.24801400023614],[134.68315799974596,34.24804099968261],[134.68309200029964,34.24803400025912],[134.68303899965417,34.24803700039747],[134.68301600039217,34.248059999659475],[134.68298099967745,34.24808499991303],[134.6828990003926,34.2480750003512],[134.68283900032367,34.24808099972857],[134.6828200003468,34.24810900012047],[134.6827830004392,34.24812700005123],[134.6827079996785,34.248126000005115],[134.6826630003013,34.24814700007421],[134.68261800002475,34.24817599961291],[134.6825290004171,34.24817200032777],[134.68239999986417,34.24817200032777],[134.68229799965704,34.24813300032792],[134.68225275026828,34.24813300032792],[134.68208799986536,34.24813300032792],[134.68202000032682,34.248150000212554],[134.68189939224723,34.248209073080474],[134.68182400028147,34.248246000143006],[134.6817630001664,34.24828500014286],[134.6815999998442,34.24832400014271],[134.68138299972972,34.24835299968141],[134.6812038520802,34.24835881289911],[134.6811461106917,34.248360686642854],[134.681017,34.248403],[134.68051129126565,34.24830603321205],[134.68031800007972,34.24828500014286],[134.67990399987377,34.248212000373734],[134.67974199959767,34.24816700009719],[134.67969880554048,34.24815024367221],[134.679515,34.248115],[134.67949391657586,34.24801589970281],[134.67948734576845,34.24801062148321],[134.67944300019838,34.24797500023629],[134.67928700019897,34.24778899975275],[134.6792189997611,34.2476929998223],[134.67911799960007,34.24744500007691],[134.67900299969276,34.24720799993946],[134.67898199962366,34.24714100044703],[134.67888799978545,34.246931999802165],[134.6789286284575,34.246924019218326],[134.6789439996699,34.24692100019422],[134.67893700024644,34.24686600035585],[134.67889600015434,34.24682100007931],[134.67884699969335,34.246789000402266],[134.67880400040835,34.24675899991813],[134.67880300036225,34.2466999998953],[134.67877399992423,34.246654999618755],[134.67872600040866,34.246617999711134],[134.67866200015524,34.24660299991873],[134.67864999960187,34.24658600003409],[134.67863599985557,34.24653300028795],[134.67859999999408,34.246500999711586],[134.67856300008646,34.24648599991918],[134.6785179998099,34.24648900005752],[134.67849000031734,34.24647999964249],[134.67848199994842,34.24645700038048],[134.6784660001099,34.24641200010394],[134.67843400043284,34.2463819996198],[134.67835100020255,34.246366999827394],[134.67833100017958,34.24635099998888],[134.6783330002718,34.2463039996201],[134.67829999964934,34.24627299998917],[134.67824499981097,34.246246999689504],[134.67815800029555,34.246243999551155],[134.67812899985753,34.24623600008155],[134.67812599971919,34.246185000427644],[134.67810999988066,34.24614400033556],[134.678063999558,34.246126999551606],[134.67800999976575,34.24611699998977],[134.67792700043478,34.24611399985143],[134.67791900006586,34.24605599987471],[134.6779070004118,34.246028000382125],[134.67785499981247,34.245994999759645],[134.67779499974353,34.24597899992113],[134.6777379998129,34.24597899992113],[134.67771899983603,34.2459559997598],[134.67771200041255,34.24591599971383],[134.6776749996056,34.24589200040571],[134.67761799967502,34.245878999806216],[134.67756900011332,34.245873999575636],[134.67752800002125,34.24583100029065],[134.6774900000675,34.245803999944854],[134.67744199965264,34.24579699962205],[134.67737300006797,34.245809000175434],[134.67734499967605,34.24577500040616],[134.67730899981456,34.245754000337065],[134.67725199988396,34.24573999969145],[134.67720100023004,34.2457369995531],[134.6771499996768,34.24570299978383],[134.67710700039183,34.24568199971473],[134.67705299970024,34.2456799996225],[134.67697399965442,34.24560799989949],[134.67693299956235,34.24560499976115],[134.67687799972398,34.245596000245435],[134.67685599960876,34.24555500015335],[134.6768140003699,34.245536000176486],[134.67675600039317,34.24552599971533],[134.67671400025498,34.2455239996231],[134.67665600027826,34.245480000292],[134.67660399967892,34.24545500003844],[134.67653900027872,34.24545500003844],[134.67648899977158,34.24544000024603],[134.67645299991008,34.2454170000847],[134.67640000016394,34.245407999669666],[134.6763539998413,34.24542400040751],[134.67633199972607,34.24545099985398],[134.67631108689122,34.245463999554154],[134.67629499981845,34.24547400001531],[134.67625099958804,34.2455089998307],[134.67623099956504,34.245536000176486],[134.67621000039526,34.24558999996874],[134.67619599974967,34.2456019996228],[134.67615399961147,34.24560499976115],[134.67611100032647,34.24561900040676],[134.67608099984233,34.24564899999157],[134.676057999681,34.24568199971473],[134.67604199984248,34.24566900001456],[134.67600299984264,34.24564099962265],[134.67597400030394,34.245627999922476],[134.67593200016574,34.24562699987636],[134.6758730001429,34.245652000129915],[134.67585600025828,34.245645999853224],[134.67582799986636,34.24561400017618],[134.67577500012024,34.24558999996874],[134.6757370001665,34.24558599978428],[134.6756739999592,34.24560499976115],[134.6756590001668,34.24558399969205],[134.67564300032828,34.24555099996889],[134.6756089996597,34.2455370002226],[134.67554600035172,34.2455239996231],[134.67547099959103,34.24552200043019],[134.67546500021365,34.245496000130515],[134.675451161446,34.24547855148418],[134.67544200005233,34.245466999692496],[134.6754050001447,34.24543600006157],[134.67535699972981,34.24541800013082],[134.67529999979922,34.24541499999247],[134.67530199989145,34.24537900013097],[134.67526399993773,34.245342000223346],[134.67520299982266,34.245307999554754],[134.67515800044544,34.2452820001544],[134.6751490000304,34.24525799994696],[134.6751419997076,34.24522999955505],[134.6751130001689,34.24519799987801],[134.6750780003535,34.24517899990114],[134.67500499968506,34.24516900033931],[134.67499700021546,34.245147000224094],[134.67496999986966,34.245119999878305],[134.67491299993907,34.24507899978623],[134.6748580001007,34.24507499960177],[134.67485600000848,34.245033000362895],[134.67482400033143,34.24500700006322],[134.6747749998704,34.24497899967131],[134.67469299968624,34.24497899967131],[134.67467799989385,34.24495300027096],[134.67464800030905,34.24492199974071],[134.67460900030918,34.244899999625495],[134.67452700012504,34.24488799997144],[134.6745100002404,34.24485300015605],[134.674475000425,34.2448289999486],[134.6744409997564,34.24481600024843],[134.67441000012548,34.244835000225294],[134.67438699996416,34.24485100006382],[134.6743490000104,34.244850000017706],[134.6743180003795,34.24483400017918],[134.67427500019517,34.244837000317524],[134.67425800031054,34.24486899999457],[134.67423800028754,34.244875000271264],[134.67418699973433,34.24485900043274],[134.67415883235256,34.24485112971854],[134.673888,34.245637],[134.6735163316651,34.245874179084566],[134.67351700031338,34.2458779997601],[134.67349900038263,34.245898999829194],[134.67342146343623,34.2459347189734],[134.6734002967164,34.2459482264551],[134.673363999553,34.24597899992113],[134.6733499998067,34.24600800035915],[134.6733350000143,34.24604800040511],[134.6732759999915,34.24607399980546],[134.6732210001531,34.24613199978218],[134.67318600033772,34.2461760000126],[134.67318100010715,34.24620799968965],[134.67316800040697,34.24622899975875],[134.67313399973835,34.24623700012767],[134.6730870002689,34.24627299998917],[134.67304099994627,34.2463039996201],[134.67303399962344,34.2463459997583],[134.6730219999694,34.246372000057974],[134.6729389997391,34.2463950002193],[134.67288599999299,34.246437000357496],[134.67287200024668,34.246467999988425],[134.67281100013162,34.24645300019602],[134.67272299967075,34.24650900008051],[134.67241799999476,34.24667300044883],[134.67226900031818,34.24672400010274],[134.67213727701647,34.24675421886306],[134.672053,34.246808],[134.67186292224784,34.246774444607354],[134.67176300036624,34.24677499975665],[134.6717441706619,34.246753480785706],[134.67167347197815,34.246740999987374],[134.6716470004128,34.246740999987374],[134.67159199967512,34.24675899991813],[134.67155299967527,34.246740999987374],[134.67150700025192,34.2467280002872],[134.6714559996987,34.24672400010274],[134.67140800018313,34.246751000448526],[134.67136700009104,34.24675999996424],[134.67131899967617,34.246751000448526],[134.67126800002225,34.246743000079604],[134.67119800039148,34.246743000079604],[134.6711439996999,34.24676600024093],[134.67108100039192,34.24675299964144],[134.67100599963123,34.246747000264065],[134.6709370000466,34.24675899991813],[134.67088000011597,34.246712000448674],[134.6708788633729,34.246711004899176],[134.67085599990853,34.24669100037958],[134.670810999632,34.246680999918425],[134.67074900037014,34.246688000241235],[134.6707319995862,34.246676999733964],[134.67069299958632,34.24663799973412],[134.67065399958648,34.246623999987825],[134.67061000025538,34.246617999711134],[134.6705619998405,34.24663000026452],[134.67051600041717,34.24664700014915],[134.6704970004403,34.246636999688],[134.6704839998408,34.24659999978038],[134.6704607593707,34.246583801627494],[134.67040033454276,34.24657818780406],[134.67031800027956,34.24658399994186],[134.6703031595508,34.246569159673314],[134.667772,34.246334],[134.66645817043133,34.24513593163418],[134.66637800024859,34.24539299987726],[134.66630799971847,34.24539399992337],[134.66629199987997,34.2453810002232],[134.66628300036425,34.24533099971608],[134.66622000015695,34.24529900003904],[134.66618300024933,34.24528700038498],[134.66611499981147,34.24528400024663],[134.66609899997295,34.24526500026976],[134.66606900038812,34.245224000177686],[134.66601499969656,34.24519299964743],[134.66597599969668,34.24517699980891],[134.66592299995057,34.245179999947254],[134.6659130003887,34.24515699978593],[134.66587599958177,34.2450979997631],[134.66583500038902,34.24507999983234],[134.66580499990488,34.24507000027051],[134.66578599992803,34.245029000178434],[134.6657479999743,34.24499200027081],[134.6656980003665,34.24497899967131],[134.66564499972102,34.24497699957908],[134.66563300006698,34.2449569995561],[134.66561900032067,34.244906999948306],[134.66558100036696,34.24486599985622],[134.66553800018264,34.24486099962565],[134.66551099983684,34.244840999602665],[134.66550499956014,34.24478799985653],[134.66546500041352,34.24473800024873],[134.66542100018307,34.24469800020276],[134.6653860003677,34.244688999787726],[134.6653450002756,34.244679000225894],[134.66534100009116,34.24462899971878],[134.6658559995588,34.244623000341406],[134.66587765368,34.24460656407224],[134.66568849847707,34.244434075288076],[134.66561700022845,34.24448999960401],[134.66560599972118,34.24448200013442],[134.66470999977074,34.24380300029844],[134.6648069997473,34.24370700036799],[134.66444900032516,34.24344199983864],[134.66420099968045,34.24372600034486],[134.66409200004983,34.24373499986057],[134.66396699968135,34.24373099967611],[134.66391199984298,34.24367499979162],[134.6638349256161,34.24363600886864],[134.663669,34.24371],[134.66358185298623,34.24347914420872],[134.66356399998267,34.2434749995618],[134.6635290001673,34.24343100023069],[134.66349200025968,34.24339200023084],[134.66344299979866,34.24339300027696],[134.6634019997066,34.24338299981581],[134.66337600030624,34.24332799997743],[134.6633459998221,34.24326199963179],[134.66300700037684,34.242744000025795],[134.6630759999615,34.24264099977254],[134.66304495753306,34.242623525557235],[134.66212896301406,34.24269188335716],[134.66211799984987,34.242694000418],[134.6621161384657,34.24269284041301],[134.661913,34.242708],[134.6616775778004,34.24257799956524],[134.66166499964407,34.24257799956524],[134.66166358590982,34.24257395981061],[134.6616619864478,34.24256939000073],[134.66149654743938,34.24247803437219],[134.6614660003597,34.24247400016519],[134.6614624080117,34.242459182537274],[134.661118,34.242269],[134.66123372111895,34.24204342200799],[134.66119300036075,34.2418860000291],[134.6612549996226,34.241753000191025],[134.66084100031597,34.24157099989195],[134.6608360000854,34.2415240004225],[134.6607869996244,34.241492999892245],[134.66077380381788,34.24145341152324],[134.66047470906028,34.241341944812554],[134.66040199985648,34.24135900000806],[134.66036399990276,34.24136100010029],[134.66029999964934,34.241343000169536],[134.6602409996265,34.241340000031194],[134.660204999765,34.24136500028475],[134.66016599976516,34.24137799998493],[134.6601279998114,34.24132100005433],[134.66006599965024,34.24129699984688],[134.66000799967352,34.24129099957019],[134.65988800043493,34.24129199961631],[134.65991710789228,34.24119945218319],[134.65992700043478,34.24116800019327],[134.6588140003699,34.24081500010239],[134.65875200020872,34.24092599982525],[134.65859625831473,34.241032770935846],[134.65843975209086,34.24114006713644],[134.659041,34.242434],[134.65940189405416,34.24293546328521],[134.65941946403254,34.242942908263934],[134.6594538878615,34.242955261559906],[134.65949300020586,34.2429569999558],[134.65950437435012,34.2429733790836],[134.662067,34.243893],[134.66400676116518,34.245298720779175],[134.6645850003016,34.24562499978413],[134.66461299979417,34.24564699989934],[134.66466000016294,34.24567400024513],[134.6646650003935,34.24570599992217],[134.6646929998861,34.24573600040631],[134.6647360000704,34.24575699957609],[134.66478200039307,34.24576199980666],[134.6648190003007,34.245813000359895],[134.66486699981627,34.24585100031363],[134.6649130001389,34.245868000198264],[134.6649199995624,34.245910000336465],[134.66494299972373,34.24594600019797],[134.66499300023085,34.24598100001336],[134.66504299983865,34.245996999851876],[134.66509300034576,34.24608200017438],[134.665137999723,34.24610100015125],[134.66519100036845,34.246123000266465],[134.6652055893303,34.246167496632964],[134.66523622086692,34.24618969492637],[134.66524200002235,34.246190999805016],[134.6652890003911,34.24621399996634],[134.66529174759788,34.24622993445737],[134.66623767439086,34.2469154358337],[134.6662450004105,34.24691800005587],[134.66624970859658,34.24692415687284],[134.66634011592834,34.24698967394118],[134.66634100034096,34.24698999977888],[134.6663950001332,34.24700899975575],[134.66643468008303,34.247058203407384],[134.66646258168032,34.24707842334776],[134.66649000001755,34.247089999893795],[134.66652599987907,34.24708200042419],[134.66655999964834,34.247097000216606],[134.66658800004024,34.24714399968605],[134.66662299985563,34.24717300012407],[134.66666800013218,34.24717800035465],[134.66670399999367,34.24718599982425],[134.66672400001664,34.24722699991633],[134.66675999987817,34.247243999800965],[134.6668129996243,34.24726699996229],[134.66686300013143,34.24726699996229],[134.66690100008515,34.247311000192724],[134.66694999964685,34.247340999777535],[134.66700200024619,34.247342999869765],[134.66703600001546,34.24739000023854],[134.66707299992308,34.24741799973112],[134.6671230004302,34.247433000422845],[134.66716100038394,34.24744099989245],[134.6671659997152,34.24748400007676],[134.6672019995767,34.24751100042255],[134.66724699985323,34.2475290003533],[134.66729200012978,34.2475290003533],[134.66730099964548,34.247559999984226],[134.66731000006052,34.247595999845736],[134.6673579995761,34.247622000145405],[134.66741799964504,34.24765599991468],[134.6674290001523,34.247714999937514],[134.66746700010603,34.247741000237184],[134.66751599966773,34.2477560000296],[134.667527000175,34.247812999960196],[134.66756600017484,34.2478410003521],[134.66761699982874,34.247873000029145],[134.66761891684763,34.24790814365174],[134.6688791712019,34.24848467716166],[134.6688879999853,34.24847700000376],[134.66890599991603,34.24846999968096],[134.66891360760295,34.248500430917325],[134.66902208588476,34.24855005690303],[134.6690389997541,34.24854899972677],[134.66906199991544,34.24854599958843],[134.6690880002151,34.24857099984199],[134.66912199998438,34.248587999726624],[134.66915699979978,34.248591999911085],[134.66919299966128,34.248587999726624],[134.66921899996095,34.248588999772736],[134.66926899956874,34.24863199995705],[134.66930400028346,34.24864399961111],[134.66934200023718,34.24864499965722],[134.66938200028315,34.24863700018763],[134.6694069996374,34.248662000441186],[134.6694499998217,34.24868899988765],[134.66948799977544,34.24869300007211],[134.6695180002596,34.24868699979542],[134.6695410004209,34.24867900032582],[134.66957200005183,34.24870999995675],[134.66961700032837,34.24872199961081],[134.66966099965947,34.24873100002585],[134.66970499988992,34.2487279998875],[134.66972900009733,34.24872499974916],[134.66977100023553,34.248770000025694],[134.66981200032762,34.24878699991034],[134.6698539995665,34.24879500027926],[134.66989100037344,34.24878699991034],[134.66991799981992,34.24878699991034],[134.66994099998124,34.248816000348356],[134.66997000041926,34.248841999748706],[134.67000800037297,34.24885899963334],[134.67005699993467,34.24886199977169],[134.67009099970394,34.24886399986392],[134.67010200021122,34.24889000016359],[134.67011494415343,34.24890725815366],[134.67012000014196,34.24891400037104],[134.6701529998651,34.24893000020956],[134.67017962249565,34.248933993199444],[134.67019299991108,34.24893599958693],[134.67024699970335,34.24893000020956],[134.6702649996341,34.248958999748254],[134.67030499968007,34.24899100032462],[134.67035900037163,34.249005000070916],[134.67040499979498,34.249005000070916],[134.67045200016375,34.24904600016299],[134.67049799958707,34.24907799984004],[134.6705470000481,34.24908400011673],[134.67058600004793,34.24908600020896],[134.67061000025538,34.249118999932115],[134.67063799974795,34.24914500023179],[134.6706680002321,34.24915799993197],[134.6707100003703,34.249161000070316],[134.67072300007047,34.24916400020866],[134.67074100000121,34.24919499983959],[134.6707433733121,34.24919843794777],[134.67077000043923,34.24923699997778],[134.67081399977033,34.24925399986242],[134.67084213416123,34.24925570497702],[134.67088000011597,34.24925800004688],[134.67088500034654,34.249282000254325],[134.6709729999081,34.249344000415505],[134.67135458660385,34.249617115169414],[134.671903,34.249868],[134.67197385687777,34.24997194301197],[134.67208499992688,34.250061000205214],[134.67234300013342,34.25044399988091],[134.67244500034056,34.2505850000879],[134.67259400001717,34.25079900006402],[134.67277000003955,34.251092000085954],[134.67285799960106,34.25126099978553],[134.67288337900678,34.25130616027514],[134.67448641334207,34.2536577205235],[134.67455799975596,34.2536619998916],[134.67460500012473,34.253678999776234],[134.67465899991697,34.25370099989145],[134.67472000003204,34.25376900032932],[134.67484899968565,34.25381399970654],[134.67490999980072,34.253842000098444],[134.6749649996391,34.253931999752204],[134.67499199998488,34.25400599956744],[134.67503300007695,34.254057000120675],[134.67503300007695,34.254084999613255],[134.67508699986922,34.25419200005098],[134.6751209996385,34.25423700032752],[134.6751479999843,34.25428199970474],[134.6751550003071,34.25429899958937],[134.67518900007636,34.25434399986592],[134.67518900007636,34.25450199995755],[134.67524565286865,34.25458851024177],[134.6752629998916,34.254614999772635],[134.6752700002144,34.254626000279906],[134.67533100032946,34.25469399981845],[134.67543299963728,34.25471099970309],[134.6754670003059,34.25471099970309],[134.67555499986742,34.254676999933814],[134.6755820002132,34.25467099965712],[134.67561599998248,34.25466500027976],[134.67562601843008,34.2546610900275],[134.67565700007455,34.25464900044123],[134.67568400042035,34.25466000004918],[134.6757719999819,34.25467099965712],[134.67582699982026,34.25464300016454],[134.67588799993533,34.25467099965712],[134.67596299979667,34.25463199965728],[134.676057999681,34.254682000164394],[134.6761120003726,34.25470500032572],[134.6762210000032,34.25480100025617],[134.67628200011828,34.25485099986397],[134.67632200016425,34.254929999909784],[134.6763970000256,34.25498699984038],[134.67640699958744,34.255033000163046],[134.6764170000486,34.25508199972472],[134.67645800014066,34.25512800004738],[134.67644400039438,34.255150000162594],[134.6764040003484,34.255183999931866],[134.67636999967982,34.255246000093045],[134.67636300025632,34.25532500013886],[134.67634300023335,34.25536400013871],[134.67638300027932,34.2554489995619],[134.6763899997028,34.255562000276306],[134.6764040003484,34.2556119998841],[134.67636999967982,34.255685999699345],[134.67638300027932,34.25575900036779],[134.6763970000256,34.2557819996298],[134.67636300025632,34.25585500029824],[134.67634899961072,34.255872000182876],[134.67635599993352,34.255899999675464],[134.6763899997028,34.25593899967531],[134.67636999967982,34.256023999997815],[134.67638300027932,34.2560799998823],[134.67636300025632,34.256148000320174],[134.67634899961072,34.25624899958188],[134.67636300025632,34.25626600036584],[134.67634899961072,34.25629499990454],[134.67635599993352,34.256402000342256],[134.67635599993352,34.25642399955815],[134.67632200016425,34.25646899983469],[134.67630200014125,34.256497000226595],[134.6762139996804,34.25653099999587],[134.67617299958832,34.25662099964963],[134.67583842031092,34.25648735769562],[134.67582000039678,34.25648000034196],[134.6756786134813,34.25673155151011],[134.6755030001674,34.25704400027061],[134.67534619659097,34.2569848164434],[134.675373,34.257035],[134.6750830820375,34.25693136759841],[134.6749150000313,34.257030999671116],[134.67486100023905,34.257153999947356],[134.6749420003771,34.257309999946756],[134.67509000000757,34.25745600038432],[134.67510399975384,34.25775799992198],[134.6750499999616,34.25800399957514],[134.6750360002153,34.25819400024313],[134.67499600016933,34.25850700028805],[134.67479399984728,34.25870799966467],[134.6742550001722,34.259056000424295],[134.67378299998953,34.259302000077454],[134.67343199999087,34.259403000238486],[134.67318999962285,34.25932500023879],[134.6731365547123,34.25928399744874],[134.67299599966972,34.259337999938964],[134.67299599966972,34.2593549998236],[134.6728940003619,34.2593549998236],[134.6728599996933,34.259366000330864],[134.67284211897532,34.25936775890418],[134.67251960315323,34.259898099092936],[134.672561000294,34.25999000032847],[134.67256599962525,34.26010400018967],[134.67257900022474,34.260245000396665],[134.67257900022474,34.260369999865816],[134.67256599962525,34.260492000095944],[134.6725485298826,34.26056024167715],[134.672578,34.260841],[134.67252899971763,34.26087211032779],[134.67252899971763,34.260928999563895],[134.67250100022505,34.26106899972477],[134.67247199978704,34.261221000439036],[134.6724329997872,34.26124899993162],[134.67235099960303,34.26128199965478],[134.67233799990285,34.261304999816105],[134.67229699981075,34.261373000253975],[134.67216099983435,34.26141200025383],[134.6721140003649,34.26140700002325],[134.67201200015776,34.26136099970059],[134.67199100008864,34.26135600036934],[134.67192299965077,34.26135000009265],[134.67191700027342,34.26136099970059],[134.67184899983553,34.26135000009265],[134.671789118418,34.261368363890114],[134.672723,34.26207],[134.67272711149528,34.262121999720726],[134.67273100003968,34.262121999720726],[134.672774000224,34.26216599995115],[134.67281700040832,34.26225899974326],[134.67281899960122,34.262431999627296],[134.6727669215903,34.26262549387026],[134.67288722455453,34.26414701344101],[134.67293400040785,34.264212999920225],[134.67292499999283,34.26432799982754],[134.67292023950148,34.26438316592133],[134.67299026756712,34.264744771021284],[134.6730369997618,34.26480000001021],[134.67304600017684,34.264932999848284],[134.67303950033516,34.26499899509342],[134.673122,34.265425],[134.67293070572003,34.26560784131467],[134.67292499999283,34.26563799998393],[134.67272199962466,34.2660960004203],[134.6726319999709,34.26620700014316],[134.67252799967153,34.26629899988915],[134.6724119997181,34.26635599981975],[134.6723979999718,34.26636700032702],[134.67236400020252,34.26634400016569],[134.67234400017952,34.266338999935115],[134.67231000041025,34.26636100005033],[134.6722559997187,34.26638900044223],[134.6722430000185,34.26640600032687],[134.67217400043384,34.26641199970424],[134.67210599999598,34.266462000211355],[134.67207163922606,34.26646863807539],[134.67192469012338,34.26723217766977],[134.67199800041146,34.267369999815855],[134.6720290000424,34.26744200043819],[134.67202499985794,34.26749200004598],[134.67188699978928,34.26791799990599],[134.67176200032011,34.26818999985882],[134.6717266118227,34.26826138181314],[134.671637,34.268727],[134.67112248099303,34.268761943531416],[134.67089199977005,34.26880700043294],[134.67073499972452,34.26880700043294],[134.670703042415,34.26879042968048],[134.668486,34.268941],[134.6686007716899,34.26907671344377],[134.66869299998604,34.2690950002243],[134.66880799989335,34.269096000270416],[134.669195542944,34.26910377131221],[134.6695560002133,34.26911100006282],[134.66988622767133,34.26958671894214],[134.66990099993527,34.26960799959972],[134.6698399998202,34.269805999737315],[134.66983756265745,34.26981379685945],[134.67246000013296,34.27048200033426],[134.6729239999467,34.27067400019517],[134.67323399985327,34.270801999802664],[134.67387000040426,34.27129400000831],[134.67437999964133,34.271398000307684],[134.6754129996143,34.271712000398715],[134.67623999998008,34.27196799961371],[134.6778070002969,34.272494999634745],[134.67812499967306,34.272434000419],[134.68153500044397,34.26981500015235],[134.68163899984404,34.26958300024548],[134.68198699970435,34.2691389995554],[134.6825220000943,34.268655999764796]]]}},{"type":"Feature","properties":{"layer_id":"scenic_nature_areas","name":"西淡町","category":"nature","source":"国土交通省 国土数値情報","municipality_code":"28224","municipality_pref":"兵庫県","municipality_name":"南あわじ市","municipality_code_method":"nearest_centroid"},"geometry":{"type":"Polygon","coordinates":[[[134.74000099960958,34.33904300026089],[134.74002199967867,34.33886800028462],[134.74004299974777,34.338728000123744],[134.74006599990912,34.33863999966289],[134.7399160001864,34.33845800026314],[134.73946700016506,34.337914000357465],[134.7359269996944,34.33918100032954],[134.73574500029466,34.33914400042192],[134.7347409998604,34.337253999599035],[134.7344229995849,34.33687800024615],[134.73412800037005,34.336689999670384],[134.7338320002098,34.336539999947675],[134.7331959996588,34.33563799972055],[134.7327640004214,34.335073999791895],[134.73260500028368,34.3348680001847],[134.73237799970806,34.33473600039274],[134.73217400019308,34.334755000369604],[134.7315389996882,34.33488800020768],[134.72992599994808,34.33293400003071],[134.72949774818568,34.33310184949739],[134.72964000024896,34.333227000052645],[134.72982599983317,34.333445000213224],[134.7298322719549,34.33345484796995],[134.729966,34.333544],[134.7299376283517,34.333617687475424],[134.73055500017625,34.33424300014098],[134.73077400038295,34.33449600011695],[134.73081033535675,34.33456048217693],[134.73088,34.334577],[134.73087109731998,34.33466831372731],[134.73091599973674,34.3347480000468],[134.73116200028923,34.33505899999949],[134.73138499978106,34.33532999990621],[134.7315510002416,34.33568600013543],[134.73164099989538,34.33582900043466],[134.73166055454587,34.33584867719729],[134.731674,34.335851],[134.73169682224386,34.335885171374755],[134.73180100007923,34.33598999976531],[134.73203800021668,34.33627600036376],[134.73216499977806,34.33650400008617],[134.73219400021608,34.336569000385694],[134.7322039997779,34.33661499980903],[134.732224999847,34.33667299978575],[134.73226199975463,34.33672600043121],[134.73243599968478,34.33695400015362],[134.73264700042188,34.337224000014224],[134.73288299961388,34.33762899980513],[134.733217999774,34.33808099996481],[134.73341780456798,34.33846197023279],[134.73366812195525,34.33883676638765],[134.73376799995637,34.338970999638555],[134.73382180718323,34.339066876781246],[134.734067,34.339434],[134.73426326202969,34.339840313870454],[134.7343249995622,34.339941000303554],[134.73455400023008,34.34027999974882],[134.73501199976712,34.34106800011475],[134.73515400002023,34.341328000413526],[134.73539000011155,34.34175100013518],[134.73556700018005,34.342097999949374],[134.73563699981082,34.34225199985654],[134.73575199971816,34.34243800034008],[134.73594300043226,34.34273499964715],[134.73613899957832,34.34314200042961],[134.73631799973904,34.34349000028992],[134.73645799989993,34.343759000104406],[134.73659099973798,34.3440770003799],[134.73662400036048,34.34415600042571],[134.73682299964486,34.344524000309],[134.73725399973543,34.34520500023721],[134.73742300033433,34.34554899991305],[134.7376069998263,34.3458929995889],[134.7379809999863,34.3467220000469],[134.7382929999851,34.34728499992944],[134.7384560003073,34.34761799999734],[134.7387189998451,34.34802900006493],[134.73891199975213,34.348570999878376],[134.73902699965944,34.34884099973898],[134.7391720000509,34.34926999973733],[134.739284999866,34.34949500022072],[134.73941799970407,34.349790000334885],[134.73963099963407,34.35033400024056],[134.7397539999103,34.3505429999861],[134.7398740000482,34.350905999638805],[134.7400799996554,34.351254000398434],[134.74021000025445,34.35148900044365],[134.74029599972374,34.35176799981997],[134.74044300020742,34.352069000210825],[134.74057700009163,34.352287000371405],[134.74063600011445,34.35244599960983],[134.74069800027564,34.35260899993204],[134.7407043560077,34.35263589560508],[134.74139011411054,34.35233932859408],[134.74137900020384,34.35227499981802],[134.74138000024996,34.35202900016486],[134.74134300034234,34.35170699970491],[134.74130600043472,34.35130700014458],[134.7411569998588,34.35082999973134],[134.7410080001822,34.35033899957181],[134.74085899960627,34.34986200005789],[134.74067300002207,34.34955500028967],[134.74050500036861,34.34930400040593],[134.74048799958464,34.34927900015237],[134.74037599981568,34.34910999955347],[134.74028300002357,34.34889400038445],[134.74015500041608,34.34823200043311],[134.73996399970196,34.348039999672885],[134.7398380001867,34.34777700013508],[134.7396889996108,34.347445000113304],[134.73962600030282,34.347042000414625],[134.7395830001185,34.34655200030121],[134.7396040001876,34.34609700000318],[134.73968700041786,34.34496800009976],[134.73966600034876,34.344161999803084],[134.73964400023357,34.34342700008262],[134.73955899991105,34.342604999947426],[134.73951699977286,34.342289999810276],[134.73947399958854,34.34199199955777],[134.73943200034967,34.34174699995072],[134.73934700002718,34.34152000027443],[134.73932599995808,34.340917000345925],[134.73934700002718,34.34067199983956],[134.73943200034967,34.340321999887024],[134.73955799986493,34.339971999934484],[134.73966300021044,34.339761000096715],[134.7399800004398,34.33918300042177],[134.74000099960958,34.33904300026089]]]}},{"type":"Feature","properties":{"layer_id":"scenic_nature_areas","name":"三原町","category":"nature","source":"国土交通省 国土数値情報","municipality_code":"28224","municipality_pref":"兵庫県","municipality_name":"南あわじ市","municipality_code_method":"nearest_centroid"},"geometry":{"type":"Polygon","coordinates":[[[134.84696999989373,34.245441000117275],[134.8472350004231,34.244999000418744],[134.84757399986836,34.2445719996133],[134.84768000025997,34.24390100014625],[134.84774399961404,34.24353999968645],[134.84769900023682,34.24332299957198],[134.84761099977598,34.24312500033371],[134.8474349997536,34.24287200035774],[134.84706299968585,34.2426009995517],[134.84655899982613,34.24232999964498],[134.84636199973465,34.24222100001435],[134.84629600028833,34.24214900029134],[134.84625200005792,34.24202199983064],[134.84633700038043,34.24161900013196],[134.8464419998266,34.24091500004243],[134.84648299991866,34.24055399958262],[134.84656500010283,34.23983199956234],[134.84662800031012,34.23941600016349],[134.84686400040147,34.23896500004992],[134.8471870000082,34.238314999752646],[134.8477030004213,34.23742400003279],[134.84795799959016,34.23664700017413],[134.84808400000475,34.23614100022219],[134.84831599991162,34.235381000248175],[134.84873799958717,34.23527199971822],[134.84900500020876,34.235188000341154],[134.84923900020786,34.23505000027251],[134.84967300043678,34.23480000043488],[134.84990600038975,34.234632999928216],[134.85020799992742,34.23449399981345],[134.85041000024947,34.234438999975076],[134.85067900006396,34.234383000090595],[134.85091500015528,34.23435499969869],[134.85125100036154,34.23432700020611],[134.85158799971458,34.23429999986032],[134.8520929996204,34.23427200036773],[134.85256399975694,34.23421699963004],[134.85293399973247,34.234134000299086],[134.85320200040016,34.23399500018432],[134.8534039998229,34.23385700011568],[134.8538304277602,34.233386488311],[134.85357799975304,34.23330099965662],[134.85210700026602,34.23280400011972],[134.85153800010679,34.23262499995899],[134.8508116724163,34.23237984913665],[134.846173,34.230958],[134.833173,34.224416],[134.831539,34.223024],[134.8304478840379,34.22234554351696],[134.83002299988968,34.22209700009169],[134.82986528497,34.221983283108],[134.829273,34.221615],[134.8291805173534,34.22145436144069],[134.82876808500728,34.220986506437335],[134.82863100044847,34.22083100016574],[134.8285569997339,34.22075400021215],[134.8285490002643,34.220661999566836],[134.8285359996648,34.220537000097686],[134.82839400031102,34.22032600025992],[134.8282720000809,34.22017200035275],[134.82819900031177,34.220096000445274],[134.8282580003346,34.2200490000765],[134.828060000197,34.21982599968535],[134.82792700035893,34.21974000021605],[134.82769000022148,34.21961799998592],[134.82762099973752,34.21955099959417],[134.8275350002682,34.2194539996176],[134.82706300008553,34.21916699987236],[134.82688600001705,34.21901700014965],[134.82665200001796,34.218719999943254],[134.82650500043357,34.21848399985192],[134.8263159998117,34.218255000083396],[134.8260609997435,34.21806100013026],[134.82599400025106,34.21799699987685],[134.82554413688058,34.21744893863282],[134.825457999815,34.21734400034055],[134.8252599996774,34.21702399997283],[134.825153000139,34.21682499978912],[134.82507337866164,34.2164725896535],[134.82503800023167,34.216315999698836],[134.82495600004754,34.21611200018387],[134.8248820002323,34.21601600025342],[134.82482899958683,34.215948999861666],[134.82469999993322,34.21581199983913],[134.82459699967995,34.21570899958587],[134.82450199979561,34.21564200009344],[134.82440699991128,34.21558500016284],[134.82393899991308,34.21539300030193],[134.82381699968295,34.21533700041745],[134.82374803966846,34.2153045600726],[134.82347900028378,34.2151780002797],[134.823270764962,34.21499939222338],[134.82323299973132,34.21496700044193],[134.82299599959387,34.21478099995839],[134.82263600007948,34.21446199963678],[134.82228299998863,34.21421599998362],[134.82199700028949,34.214041000007356],[134.82178999973686,34.21389799970813],[134.82175461591095,34.21387253270643],[134.82150099989937,34.213690000008704],[134.8209929998552,34.213186000149],[134.82051899958032,34.21279500010438],[134.82049023832397,34.21276315721337],[134.81689,34.210222],[134.81686452993264,34.21019355258686],[134.81671100024062,34.210102000022495],[134.8166891709966,34.21000972148667],[134.81668900012542,34.210009000230386],[134.81667066512452,34.209977025782486],[134.81649854932311,34.20978479035402],[134.81639600010348,34.20970799983953],[134.81625399985037,34.209591999886094],[134.81618200012736,34.209474999886545],[134.81607076658076,34.20940867488565],[134.81602099989738,34.209378999956094],[134.81583999964442,34.20920700011817],[134.81572799987546,34.20909100016473],[134.81564200040614,34.20901600030338],[134.81559229038007,34.20891042619043],[134.81553700006066,34.20879299991223],[134.81540200013035,34.20862400021265],[134.81526600015394,34.2084939996136],[134.8150930002699,34.20823900044473],[134.81507172604924,34.20819117732612],[134.814854,34.207948],[134.81025171199838,34.20579030637219],[134.81018100038102,34.20588399976199],[134.80887129520227,34.20531685490414],[134.80873999957947,34.20525999976439],[134.80808299985873,34.2049909999499],[134.80771499997542,34.20485900015794],[134.80750717384515,34.20479312931468],[134.8073080000923,34.20472999960501],[134.80723834490186,34.20471746935094],[134.8066910004175,34.20461899988215],[134.806536581016,34.204598410671935],[134.805916,34.204665],[134.802152,34.203246],[134.80131162092638,34.202552527583116],[134.80110199988553,34.20270499975115],[134.80060300025642,34.20277899956639],[134.80023100018866,34.20284399986591],[134.80004100041998,34.20306200002649],[134.80000999988974,34.203192999772334],[134.8000069997514,34.20330200030228],[134.8000279998205,34.20347700027855],[134.80005099998183,34.20358599990918],[134.8000190003048,34.203759999839335],[134.7999079996826,34.203911999654274],[134.79966400012165,34.20406500041465],[134.7992849997311,34.20428199962979],[134.79914799970857,34.20439100015974],[134.79900800044703,34.20454299997468],[134.79895199966322,34.204608000274206],[134.79876199989454,34.204693999743505],[134.7984259996883,34.204786000388815],[134.79819099964308,34.20503099999586],[134.7981359998047,34.20515899960336],[134.79814700031199,34.20523599955695],[134.79817599985066,34.20527499955679],[134.79790199980562,34.20530099985647],[134.79763500008335,34.205321999925566],[134.7973119995773,34.20536400006376],[134.79709000013156,34.205471999648275],[134.7966179999489,34.20568699967051],[134.79601199988204,34.20585800036164],[134.79544799995338,34.20592199971573],[134.79507799997788,34.206070000245525],[134.7947599997024,34.20636799959871],[134.79461700030248,34.20652399959811],[134.79451700018757,34.20658999994375],[134.79437099975,34.206722999781825],[134.7942220000734,34.20683400040401],[134.79404600005103,34.206945000126865],[134.79387600030532,34.20729700017163],[134.7939680000513,34.20784400021565],[134.79407699968195,34.20835300030593],[134.79403500044307,34.20899800037263],[134.79397899965926,34.20927000032547],[134.79374999989074,34.20956100025517],[134.79349299973032,34.20966899983968],[134.79325699963897,34.20976000043888],[134.7927830002634,34.209851000138755],[134.79196400026655,34.21001399956164],[134.79144599976124,34.210104000114725],[134.79083000013256,34.21038000025202],[134.79046600043372,34.210597000366484],[134.7898489998596,34.21096100006531],[134.78945899986113,34.21118000027201],[134.78917300016198,34.21133300013306],[134.78888500037064,34.21142099969459],[134.7885439999338,34.211441999763686],[134.7880179999589,34.211441999763686],[134.78699100026262,34.211353000156045],[134.7859629996209,34.211221000364084],[134.78551399959957,34.211132999903235],[134.78500999973986,34.210912999650425],[134.78453400027206,34.210780999858464],[134.78437700022653,34.21080299997368],[134.7842190001349,34.210825000088896],[134.78416799958168,34.21086900031932],[134.78411900001998,34.21110999974191],[134.78396900029728,34.21161399960161],[134.7838999998133,34.212314999552795],[134.783856999629,34.21301500035719],[134.7838910002976,34.21365100000885],[134.78405699985882,34.21439500014435],[134.7841139997894,34.214789000327315],[134.78432300043428,34.21522499974915],[134.78454499988,34.215280999633634],[134.7847009998794,34.21533600037133],[134.78494600038576,34.21541000018657],[134.78523600026935,34.215448000140306],[134.78561299966836,34.215411000232685],[134.78576799962164,34.215356000394316],[134.78590000031292,34.215263999749],[134.78600999998966,34.21517200000301],[134.78614199978162,34.2150430003494],[134.78627399957358,34.21496999968095],[134.78656200026427,34.21491499984258],[134.78676199959477,34.21491499984258],[134.78693899966325,34.21493399981944],[134.7871399999392,34.215007999634686],[134.78731900009993,34.21510000028],[134.78743099986892,34.21521100000286],[134.78750000035288,34.21548800018627],[134.787501000399,34.215597999863014],[134.78750200044513,34.21567199967825],[134.7875920000989,34.21580100023119],[134.78770399986786,34.215857000115676],[134.78797099959013,34.21593099993091],[134.78846099970352,34.21611600036833],[134.7888620002093,34.21628299997568],[134.78921899958533,34.2164680004131],[134.78939899979216,34.21670799978957],[134.78955699988379,34.217002999903734],[134.7896919998141,34.21724300017952],[134.78978200036718,34.217408999740755],[134.790074000343,34.21777799967016],[134.79029999997317,34.21802300017653],[134.7916639999218,34.2191130000801],[134.791797999806,34.219223999802956],[134.79222199957377,34.21950099998637],[134.79238800003432,34.21958900044722],[134.79193199969018,34.21993300012307],[134.79179100038252,34.22003899961535],[134.79158699996825,34.2201559996149],[134.79124100020016,34.22029399968355],[134.79104900033926,34.22040100012127],[134.7908829998787,34.220528999728764],[134.79075600031732,34.22070999998172],[134.79068000040985,34.22095499958877],[134.7906560002024,34.22106200002649],[134.79063099994886,34.221168000418096],[134.7905929999951,34.22130699963353],[134.79046600043372,34.221478000324666],[134.79029999997317,34.221691000254665],[134.79006599997408,34.22195199970024],[134.78986199955978,34.22217600013751],[134.78942700018408,34.22257000032047],[134.7891449997701,34.222782000204354],[134.78873499974858,34.222974000065264],[134.78849100018766,34.22305900038777],[134.78829800028063,34.223133000203006],[134.78814400037348,34.22321799962619],[134.7879909996131,34.22339899987915],[134.78789999991324,34.22351299974036],[134.78778700009812,34.223654999993464],[134.78772299984473,34.22383600024642],[134.78771100019065,34.22398499992302],[134.78775100023663,34.224102999968686],[134.78782900023634,34.224284000221644],[134.787947000282,34.224603999690046],[134.78795999998218,34.22474299980481],[134.78796100002828,34.22489200038073],[134.78792300007456,34.22507299973436],[134.78781899977517,34.22530300044832],[134.78749900030678,34.22571799980106],[134.78705100033156,34.22626099966062],[134.78666699971043,34.226761000235186],[134.78633499968865,34.22732600020995],[134.78593600017442,34.22781899956239],[134.78564100006025,34.228095999745804],[134.78520399969298,34.228319000136956],[134.78490800043204,34.228382000344254],[134.78461100022562,34.228382000344254],[134.78444299967285,34.22837099983698],[134.78419900011193,34.228381000298135],[134.78404400015864,34.228380000252024],[134.7839280002052,34.22839099985997],[134.78366999999866,34.2284859997443],[134.78352899979166,34.22858199967476],[134.78285900037073,34.228782999950695],[134.78253699991077,34.2288680002732],[134.7822270000042,34.22888800029619],[134.78186100021315,34.22885599971982],[134.78169299966035,34.22885599971982],[134.78143500035313,34.22885499967371],[134.78107399989335,34.228917999881],[134.7808799999402,34.22898200013441],[134.78069999973337,34.22912000020306],[134.7804689998726,34.22934299969489],[134.7802489996198,34.22948099976354],[134.78006900031227,34.22958700015514],[134.77995300035883,34.22963999990129],[134.77972099955264,34.2297040001547],[134.77941099964607,34.22977699992382],[134.7792690002923,34.229841000177224],[134.77915300033885,34.22993700010768],[134.77903700038542,34.23004299959996],[134.778973000132,34.23020299978382],[134.778973000132,34.23028800010633],[134.77903800043154,34.23039499964473],[134.77919400043092,34.23057599989769],[134.7795050003836,34.23082599973531],[134.77984199973665,34.231008000034386],[134.78028200024227,34.23130700033301],[134.78072199984857,34.23161700023958],[134.78079899980216,34.231692000100935],[134.780837999802,34.23176699996229],[134.78086300005558,34.23183999973141],[134.78087799984797,34.23188399996184],[134.78087799984797,34.2320440001457],[134.78083999989423,34.232257000075705],[134.78078900024033,34.23241700025957],[134.78060900003348,34.23274700018912],[134.78036599961933,34.23311199993406],[134.77979999959845,34.23380300032342],[134.77930200001543,34.23457599999761],[134.77915200029273,34.23480199962779],[134.77902799997037,34.235131000410554],[134.77890399964804,34.23535700004073],[134.77882899978667,34.23541900020191],[134.77870400031753,34.23550100038607],[134.7786549998565,34.23564499983209],[134.77868000011009,34.23572700001625],[134.77875499997143,34.23580900020041],[134.778780000225,34.23595399969254],[134.77870600040976,34.23623299996819],[134.77858100004127,34.236438000428585],[134.77833300029587,34.23695199985012],[134.77828299978876,34.237219999618496],[134.7782589995813,34.237467000217094],[134.77828399983488,34.23761099966311],[134.77833500038813,34.23771399991637],[134.77838499999592,34.237755000008455],[134.77851000036438,34.23783800023873],[134.77868500034066,34.23792099956969],[134.77911899967026,34.23807500037618],[134.7793909996231,34.23810299986876],[134.77966399962204,34.23811100023768],[134.77988800005932,34.237814000031285],[134.77992600001303,34.23739200035574],[134.779936999621,34.23711500017233],[134.77996199987456,34.237031999942054],[134.7799870001281,34.236970999826994],[134.78008700024301,34.23692999973491],[134.78019199968918,34.23694500042664],[134.78034200031124,34.23692500040366],[134.78059200014886,34.23690500038067],[134.780766000079,34.236884000311576],[134.78086600019392,34.23686400028859],[134.78104100017018,34.236782000104434],[134.78121500010033,34.23674100001235],[134.78136499982304,34.23669999992027],[134.78161399961454,34.23667999989729],[134.78178899959082,34.23670099996639],[134.7819139999593,34.2367020000125],[134.78206299963588,34.2367020000125],[134.7822130002579,34.23668199998952],[134.78238700018807,34.23661999982834],[134.7824620000494,34.23653799964418],[134.78256200016435,34.23645600035934],[134.78291000002463,34.23616799966866],[134.78313399956258,34.236066000360836],[134.78330800039205,34.23598400017668],[134.78350799972256,34.235901999992514],[134.78363200004492,34.235819999808356],[134.78370599986016,34.23563500027026],[134.78370599986016,34.2355109999479],[134.78375600036728,34.235408999740756],[134.78383000018252,34.2353260004098],[134.78415199974316,34.23534100020221],[134.78444000043382,34.23539199985612],[134.78462499997192,34.23547800022474],[134.78507900022385,34.23573300029294],[134.78608799998938,34.23621099985297],[134.7864169998728,34.23638199964478],[134.78668499964118,34.23658600005906],[134.78683000003264,34.23677299968939],[134.7869330002859,34.2371130000801],[134.786954000355,34.237316999595066],[134.78697599957087,34.237504000124716],[134.78705799975504,34.237759000192916],[134.7872240002156,34.23797999959252],[134.78744999984576,34.23818500005292],[134.78779999979832,34.23838899956789],[134.78827400007322,34.2386790003508],[134.78857499956473,34.23882299979682],[134.78884300023242,34.2390270002111],[134.78896699965546,34.23918000007215],[134.78925600039227,34.239502999678905],[134.78944099993035,34.239622999816795],[134.78966699956055,34.23970800013931],[134.78985199999795,34.23975899979322],[134.79009899969725,34.23975999983933],[134.79030400015765,34.23974299995469],[134.79055099985692,34.23967500041615],[134.7910230000396,34.23950599981725],[134.79124899966976,34.23945600020945],[134.79145400013016,34.23942200044018],[134.79167999976033,34.23938799977158],[134.79200899964377,34.23930400039451],[134.7923079999424,34.239164000233636],[134.79248099982644,34.2390840001417],[134.7927470004019,34.238879999727416],[134.792911999917,34.238845999958144],[134.79307600028534,34.238813000234984],[134.7933019999155,34.23879600035035],[134.7935479995687,34.23876199968175],[134.79369199991402,34.23869500018932],[134.7939379995672,34.23852500044362],[134.7941219999585,34.23838899956789],[134.7943279995657,34.23828800030618],[134.79445099984193,34.23827100042154],[134.79461500021026,34.238253999637585],[134.79479999974834,34.238253999637585],[134.79504600030083,34.238289000352296],[134.7953340000922,34.23839099966012],[134.7954989996073,34.238475999982626],[134.79568400004473,34.23857800018977],[134.7961980003656,34.23888499995799],[134.7967119997871,34.2390559997498],[134.79710299983174,34.23910700030303],[134.7975129998532,34.239125000233784],[134.79780099964458,34.239125000233784],[134.797986000082,34.23920999965697],[134.79811000040436,34.23941400007126],[134.7981719996662,34.239719999793365],[134.79811199959727,34.24017900027585],[134.79803000031242,34.24048399995185],[134.7979080000823,34.240755999904685],[134.79768299959892,34.24119799960321],[134.79735499976158,34.24157099971708],[134.7964330004108,34.242469999805856],[134.79641300038782,34.24252100035909],[134.79631500036513,34.24280099978152],[134.79625400025006,34.24298800031118],[134.79619300013502,34.2431749999415],[134.7959879996746,34.24341200007895],[134.79533199999995,34.2442100000067],[134.7948399997943,34.24485500007341],[134.79461500021026,34.24531399965657],[134.79436899965776,34.245839999631485],[134.7941860002119,34.24653900038977],[134.7941860002119,34.24667300027395],[134.7941860002119,34.24679200036574],[134.79428899956582,34.247098000087846],[134.79439199981908,34.247284999718175],[134.7945770002565,34.24745500036319],[134.79487200037067,34.24757699969399],[134.79530200041515,34.24751599957893],[134.79550900006845,34.2474920002708],[134.79571599972178,34.247442999809806],[134.79604000027396,34.24748900013246],[134.7962069998813,34.24751699962504],[134.79630800004233,34.24759999985532],[134.79647499964966,34.247654999693694],[134.79664200015634,34.247683000085594],[134.79719400043092,34.24767499971667],[134.7974040002226,34.247561999901585],[134.7979379996671,34.24732399971802],[134.79849400012617,34.247066999557596],[134.7992279998005,34.246810000296485],[134.79996100032807,34.24655300013606],[134.80047199961126,34.24625900006801],[134.80096099967855,34.24594700006921],[134.80129399974646,34.245561000255165],[134.80180499992895,34.244973000119074],[134.8022269996045,34.2446420001434],[134.80260399990283,34.24447699972897],[134.80302699962448,34.2443300001446],[134.80376000015204,34.24420199963778],[134.80445499982653,34.24414299961495],[134.80481100005576,34.24408799977658],[134.80529800003083,34.24429200019087],[134.8055990004217,34.24429200019087],[134.80563200014484,34.24429200019087],[134.8057989997522,34.2442370003525],[134.80609900009694,34.244154000122215],[134.8065999998183,34.24398899970778],[134.80706599972427,34.24376900035429],[134.807366000069,34.24338199959482],[134.80753199963024,34.2432170000797],[134.80773199986007,34.24307900001105],[134.80813200031972,34.242693000197015],[134.80829799988095,34.24255500012836],[134.8084990001569,34.24250000028999],[134.80876599987914,34.24250000028999],[134.80923299983124,34.24258299962094],[134.80959999966842,34.24269400024313],[134.80980099994434,34.24283200031178],[134.80993499982853,34.242970000380424],[134.8100020002203,34.243246999664514],[134.8099689995978,34.24341200007895],[134.8099030001515,34.24360600003209],[134.80973699969095,34.244129999914776],[134.80947300010703,34.24529000034845],[134.8095069998763,34.24553800009384],[134.80954099964558,34.24592499995399],[134.80960800003734,34.246091000414545],[134.80977499964467,34.24622899958388],[134.81000899964377,34.24633900015994],[134.81002100019717,34.24633900015994],[134.81010899975868,34.24633900015994],[134.81040900010342,34.24622899958388],[134.81121000016952,34.24598099983848],[134.81194399984386,34.24587100016174],[134.81217699979686,34.245872000207854],[134.81261100002578,34.245843999815946],[134.8130109995861,34.24578899997758],[134.81414499972013,34.245624999609255],[134.8147450004096,34.24545900004802],[134.81527899985412,34.24529399963359],[134.81571200003694,34.24518399995684],[134.81604600015095,34.245129000118474],[134.81671300033287,34.2450740002801],[134.81694600028584,34.24501900044173],[134.81714599961634,34.24493600021145],[134.81734599984617,34.24482599963539],[134.817546000076,34.24471599995864],[134.81767899991408,34.24466100012027],[134.81797900025882,34.24463299972837],[134.81837999986527,34.2446060002819],[134.81861299981824,34.24457799988999],[134.81888000043983,34.24444099986746],[134.8189789996093,34.2443300001446],[134.8191120003467,34.244192000075955],[134.8192460002309,34.2440540000073],[134.81950000025296,34.24385599986971],[134.8201000000431,34.24360800012432],[134.82040000038788,34.24344299970988],[134.82073200040966,34.24311199973421],[134.820899000017,34.243029000403254],[134.82163299969133,34.24308500028774],[134.82193300003607,34.24305699989584],[134.82249900005698,34.24297499971168],[134.8229330002859,34.24294800026521],[134.82326600035378,34.24289300042684],[134.82396500021275,34.242755000358194],[134.82499800018573,34.24267300017403],[134.82673000001765,34.24242599957543],[134.82686399990183,34.24237099973706],[134.8269969997399,34.242343000244475],[134.82719599992362,34.24223299966841],[134.8274289998766,34.24215100038357],[134.82772900022135,34.242068000153296],[134.8279949998975,34.24198499992302],[134.82822799985047,34.24195799957723],[134.82872800042503,34.24193000008464],[134.82906099959362,34.241820000407905],[134.82989300018997,34.24157199976319],[134.83069100011772,34.24126900017943],[134.8315890001604,34.24066200006646],[134.83305300022394,34.239945000276755],[134.83338600029182,34.23983399965457],[134.8337180003136,34.239752000369734],[134.834149999551,34.239558000416594],[134.83444999989572,34.239531000070805],[134.8347150004251,34.23953000002469],[134.83491000042434,34.239562999747854],[134.83504799959366,34.23958499986306],[134.83571099959113,34.23977699972397],[134.83607500018925,34.239941000092294],[134.83617400025807,34.23999599993066],[134.83627300032686,34.24007800011483],[134.83633799972705,34.240187999791566],[134.83637000030342,34.24035200015989],[134.83640600016494,34.24076700041195],[134.83643599974974,34.24095900027285],[134.8364680003261,34.24115100013376],[134.83650500023373,34.241373999625594],[134.8365749998645,34.241624000362535],[134.83667800011776,34.241790999969886],[134.8369140002091,34.24201400036104],[134.8370500001855,34.24218099996838],[134.8372189998851,34.24240400035954],[134.83732300018445,34.24279200026581],[134.83739299981525,34.24318000017208],[134.8375669997454,34.24423300016804],[134.83766899995254,34.24451000035145],[134.83787300036684,34.24514700004922],[134.83800800029712,34.24536800034815],[134.83817499990448,34.24547900007101],[134.83847600029534,34.24559099983998],[134.83891099967104,34.245591999886095],[134.83941999976133,34.24554000018607],[134.83958900036023,34.245554999978474],[134.83975399987534,34.24556899972477],[134.8399550001513,34.245597000116675],[134.84012199975865,34.24568000034695],[134.84022299991966,34.2457629996779],[134.84029000031143,34.245874000300084],[134.8403240000807,34.24601200036873],[134.84025899978118,34.246344000390515],[134.8402959996888,34.247090999765035],[134.84036300008054,34.24725700022559],[134.84063199989504,34.24758900024737],[134.8408999996634,34.24794899976174],[134.8409690001474,34.24836299996768],[134.84097000019352,34.24869499998947],[134.84097100023962,34.248916000288396],[134.8410050000089,34.249136999688],[134.84107300044678,34.24933099964113],[134.8411399999392,34.249497000101684],[134.84130799959266,34.24963500017033],[134.84164199970667,34.24969100005482],[134.84194300009753,34.249719000446724],[134.84294500043958,34.249776000377324],[134.84321200016183,34.249776000377324],[134.8437129998832,34.249694000193166],[134.84421299955844,34.249528999778725],[134.84468000040985,34.24930800037912],[134.84507899992406,34.24897700040346],[134.84544599976124,34.24864600042779],[134.8458119995523,34.24842500012886],[134.84631300017298,34.24825999971443],[134.84654700017208,34.24820499987605],[134.84677900007895,34.24792899973876],[134.8468450004246,34.24773499978562],[134.84687800014774,34.2475419998786],[134.84687700010164,34.24732099957968],[134.84684300033237,34.247100000180076],[134.84680799961765,34.24682299999667],[134.84680699957153,34.24651900036678],[134.84680600042475,34.246159999999215],[134.8468040003325,34.24580099963164],[134.84696999989373,34.245441000117275]]]}},{"type":"Feature","properties":{"layer_id":"scenic_nature_areas","name":"南淡町","category":"nature","source":"国土交通省 国土数値情報","municipality_code":"28224","municipality_pref":"兵庫県","municipality_name":"南あわじ市","municipality_code_method":"nearest_centroid"},"geometry":{"type":"Polygon","coordinates":[[[134.82098599999995,34.167769000000014],[134.82072,34.167630999999965],[134.82039000000003,34.16774599999998],[134.82020100000003,34.16787200000001],[134.82011999999997,34.16803599999999],[134.82013799999996,34.16817099999997],[134.82016399999998,34.168312],[134.820263,34.168454000000025],[134.82040700000002,34.16856599999997],[134.820568,34.168662999999995],[134.82073,34.168707999999995],[134.82083799999998,34.16871600000003],[134.82104499999997,34.168648999999995],[134.821171,34.16857400000001],[134.821315,34.16844000000002],[134.821418,34.16818399999998],[134.82121900000004,34.16790799999997],[134.82098599999995,34.167769000000014]]]}},{"type":"Feature","properties":{"layer_id":"scenic_nature_areas","name":"三原町","category":"nature","source":"国土交通省 国土数値情報","municipality_code":"28224","municipality_pref":"兵庫県","municipality_name":"南あわじ市","municipality_code_method":"nearest_centroid"},"geometry":{"type":"Polygon","coordinates":[[[134.81236399999995,34.28427200000003],[134.81253599999997,34.284082000000026],[134.812621,34.28384399999996],[134.81273400000003,34.28327399999996],[134.81270500000002,34.28303599999999],[134.812532,34.28286900000003],[134.812359,34.282797000000016],[134.81207199999994,34.28277299999999],[134.81187100000002,34.28289099999998],[134.81154599999996,34.283116000000035],[134.81131300000004,34.283259999999956],[134.81113900000003,34.28338000000003],[134.81081,34.283530999999996],[134.81049400000003,34.28369699999997],[134.81035100000003,34.284005999999955],[134.81035899999998,34.284239999999954],[134.81050000000002,34.28422299999997],[134.810821,34.28429599999997],[134.81114200000002,34.284393],[134.81135599999996,34.284489000000036],[134.81207700000002,34.284343000000035],[134.81236399999995,34.28427200000003]]]}},{"type":"Feature","properties":{"layer_id":"cultural_facilities","name":"南淡Ｂ＆Ｇ海洋センター（艇庫）","category":"public","address":"阿万塩屋町2624-16","source":"国土交通省 国土数値情報","municipality_code":"28224","municipality_pref":"兵庫県","municipality_name":"南あわじ市","municipality_code_method":"nearest_centroid"},"geometry":{"type":"Point","coordinates":[134.71519799999996,34.242456999999966]}},{"type":"Feature","properties":{"layer_id":"cultural_facilities","name":"沼島グラウンド","category":"public","address":"沼島770","source":"国土交通省 国土数値情報","municipality_code":"28224","municipality_pref":"兵庫県","municipality_name":"南あわじ市","municipality_code_method":"nearest_centroid"},"geometry":{"type":"Point","coordinates":[134.82094599999996,34.16523199999998]}},{"type":"Feature","properties":{"layer_id":"cultural_facilities","name":"三原健康広場","category":"public","address":"市青木198-5","source":"国土交通省 国土数値情報","municipality_code":"28224","municipality_pref":"兵庫県","municipality_name":"南あわじ市","municipality_code_method":"nearest_centroid"},"geometry":{"type":"Point","coordinates":[134.781981,34.279303000000034]}},{"type":"Feature","properties":{"layer_id":"cultural_facilities","name":"阿万スポーツセンター","category":"public","address":"阿万塩屋町757-63","source":"国土交通省 国土数値情報","municipality_code":"28224","municipality_pref":"兵庫県","municipality_name":"南あわじ市","municipality_code_method":"nearest_centroid"},"geometry":{"type":"Point","coordinates":[134.72338,34.21852100000004]}},{"type":"Feature","properties":{"layer_id":"cultural_facilities","name":"西淡社会教育センター","category":"public","address":"松帆古津路970-1","source":"国土交通省 国土数値情報","municipality_code":"28224","municipality_pref":"兵庫県","municipality_name":"南あわじ市","municipality_code_method":"nearest_centroid"},"geometry":{"type":"Point","coordinates":[134.73168599999994,34.33508600000003]}},{"type":"Feature","properties":{"layer_id":"cultural_facilities","name":"南淡Ｂ＆Ｇ海洋センター（艇庫）","category":"public","address":"阿万塩屋町2624-16","source":"国土交通省 国土数値情報","municipality_code":"28224","municipality_pref":"兵庫県","municipality_name":"南あわじ市","municipality_code_method":"nearest_centroid"},"geometry":{"type":"Point","coordinates":[134.71517400000002,34.242349]}},{"type":"Feature","properties":{"layer_id":"cultural_facilities","name":"文化体育館","category":"public","address":"北阿万筒井1509-1","source":"国土交通省 国土数値情報","municipality_code":"28224","municipality_pref":"兵庫県","municipality_name":"南あわじ市","municipality_code_method":"nearest_centroid"},"geometry":{"type":"Point","coordinates":[134.729751,34.24667000000003]}},{"type":"Feature","properties":{"layer_id":"cultural_facilities","name":"賀集スポーツセンター","category":"public","address":"賀集1031","source":"国土交通省 国土数値情報","municipality_code":"28224","municipality_pref":"兵庫県","municipality_name":"南あわじ市","municipality_code_method":"nearest_centroid"},"geometry":{"type":"Point","coordinates":[134.752928,34.263915000000026]}},{"type":"Feature","properties":{"layer_id":"cultural_facilities","name":"西淡社会教育センター","category":"public","address":"松帆古津路970-1","source":"国土交通省 国土数値情報","municipality_code":"28224","municipality_pref":"兵庫県","municipality_name":"南あわじ市","municipality_code_method":"nearest_centroid"},"geometry":{"type":"Point","coordinates":[134.7319,34.33429099999998]}},{"type":"Feature","properties":{"layer_id":"cultural_facilities","name":"ゆとりっくクラブハウス","category":"public","address":"湊77","source":"国土交通省 国土数値情報","municipality_code":"28224","municipality_pref":"兵庫県","municipality_name":"南あわじ市","municipality_code_method":"nearest_centroid"},"geometry":{"type":"Point","coordinates":[134.73432100000002,34.32461100000001]}},{"type":"Feature","properties":{"layer_id":"cultural_facilities","name":"南あわじ市滝川記念美術館・玉青館","category":"public","address":"松帆西路1137-1","source":"国土交通省 国土数値情報","municipality_code":"28224","municipality_pref":"兵庫県","municipality_name":"南あわじ市","municipality_code_method":"nearest_centroid"},"geometry":{"type":"Point","coordinates":[134.734117,34.316265000000016]}},{"type":"Feature","properties":{"layer_id":"cultural_facilities","name":"南あわじ市三原図書館","category":"public","address":"市三条880","source":"国土交通省 国土数値情報","municipality_code":"28224","municipality_pref":"兵庫県","municipality_name":"南あわじ市","municipality_code_method":"nearest_centroid"},"geometry":{"type":"Point","coordinates":[134.768067,34.28962100000003]}},{"type":"Feature","properties":{"layer_id":"cultural_facilities","name":"阿万スポーツセンター","category":"public","address":"阿万塩屋町757-63","source":"国土交通省 国土数値情報","municipality_code":"28224","municipality_pref":"兵庫県","municipality_name":"南あわじ市","municipality_code_method":"nearest_centroid"},"geometry":{"type":"Point","coordinates":[134.72336799999997,34.218423000000016]}},{"type":"Feature","properties":{"layer_id":"cultural_facilities","name":"西淡グラウンド","category":"public","address":"津井2281-1","source":"国土交通省 国土数値情報","municipality_code":"28224","municipality_pref":"兵庫県","municipality_name":"南あわじ市","municipality_code_method":"nearest_centroid"},"geometry":{"type":"Point","coordinates":[134.69055100000003,34.31884800000004]}},{"type":"Feature","properties":{"layer_id":"cultural_facilities","name":"南あわじ市南淡図書館","category":"public","address":"福良甲300","source":"国土交通省 国土数値情報","municipality_code":"28224","municipality_pref":"兵庫県","municipality_name":"南あわじ市","municipality_code_method":"nearest_centroid"},"geometry":{"type":"Point","coordinates":[134.72391300000004,34.25752299999997]}},{"type":"Feature","properties":{"layer_id":"cultural_facilities","name":"南淡Ｂ＆Ｇ海洋センター","category":"public","address":"福良甲1515-2","source":"国土交通省 国土数値情報","municipality_code":"28224","municipality_pref":"兵庫県","municipality_name":"南あわじ市","municipality_code_method":"nearest_centroid"},"geometry":{"type":"Point","coordinates":[134.71833000000004,34.26350300000004]}},{"type":"Feature","properties":{"layer_id":"cultural_facilities","name":"サンプール（温水プール）","category":"public","address":"八木寺内1612","source":"国土交通省 国土数値情報","municipality_code":"28224","municipality_pref":"兵庫県","municipality_name":"南あわじ市","municipality_code_method":"nearest_centroid"},"geometry":{"type":"Point","coordinates":[134.78418099999996,34.279463000000035]}},{"type":"Feature","properties":{"layer_id":"cultural_facilities","name":"大嗚門橋記念館（うずしお科学館・淡路人形浄瑠璃館）","category":"public","address":"福良丙936-3","source":"国土交通省 国土数値情報","municipality_code":"28224","municipality_pref":"兵庫県","municipality_name":"南あわじ市","municipality_code_method":"nearest_centroid"},"geometry":{"type":"Point","coordinates":[134.68463899999998,34.25483599999996]}},{"type":"Feature","properties":{"layer_id":"cultural_facilities","name":"西淡社会教育センター","category":"public","address":"松帆古津路970-1","source":"国土交通省 国土数値情報","municipality_code":"28224","municipality_pref":"兵庫県","municipality_name":"南あわじ市","municipality_code_method":"nearest_centroid"},"geometry":{"type":"Point","coordinates":[134.73218500000002,34.333614000000004]}},{"type":"Feature","properties":{"layer_id":"cultural_facilities","name":"吹上浜野外教育センター","category":"public","address":"阿万吹上町113-1","source":"国土交通省 国土数値情報","municipality_code":"28224","municipality_pref":"兵庫県","municipality_name":"南あわじ市","municipality_code_method":"nearest_centroid"},"geometry":{"type":"Point","coordinates":[134.719757,34.22279200000002]}},{"type":"Feature","properties":{"layer_id":"cultural_facilities","name":"灘漁港グラウンド","category":"public","address":"灘土生字東浜1-10","source":"国土交通省 国土数値情報","municipality_code":"28224","municipality_pref":"兵庫県","municipality_name":"南あわじ市","municipality_code_method":"nearest_centroid"},"geometry":{"type":"Point","coordinates":[134.800261,34.20100799999998]}},{"type":"Feature","properties":{"layer_id":"cultural_facilities","name":"三原健康広場","category":"public","address":"市青木198-5","source":"国土交通省 国土数値情報","municipality_code":"28224","municipality_pref":"兵庫県","municipality_name":"南あわじ市","municipality_code_method":"nearest_centroid"},"geometry":{"type":"Point","coordinates":[134.782201,34.27944099999999]}},{"type":"Feature","properties":{"layer_id":"cultural_facilities","name":"ゆとりっくクラブハウス","category":"public","address":"湊77","source":"国土交通省 国土数値情報","municipality_code":"28224","municipality_pref":"兵庫県","municipality_name":"南あわじ市","municipality_code_method":"nearest_centroid"},"geometry":{"type":"Point","coordinates":[134.73429799999997,34.324483999999984]}},{"type":"Feature","properties":{"layer_id":"cultural_facilities","name":"淡路ファームパーク・イングランドの丘","category":"public","address":"八木養宜上1401","source":"国土交通省 国土数値情報","municipality_code":"28224","municipality_pref":"兵庫県","municipality_name":"南あわじ市","municipality_code_method":"nearest_centroid"},"geometry":{"type":"Point","coordinates":[134.80161099999998,34.306856999999994]}},{"type":"Feature","properties":{"layer_id":"cultural_facilities","name":"賀集スポーツセンター","category":"public","address":"賀集1031","source":"国土交通省 国土数値情報","municipality_code":"28224","municipality_pref":"兵庫県","municipality_name":"南あわじ市","municipality_code_method":"nearest_centroid"},"geometry":{"type":"Point","coordinates":[134.75291,34.26380599999998]}},{"type":"Feature","properties":{"layer_id":"parks_playgrounds","name":"福良児童公園","category":"nature","address":"南あわじ市","source":"国土交通省 国土数値情報","municipality_code":"28224","municipality_pref":"兵庫県","municipality_name":"南あわじ市","municipality_code_method":"nearest_centroid"},"geometry":{"type":"Point","coordinates":[134.72187126,34.25684509]}},{"type":"Feature","properties":{"layer_id":"parks_playgrounds","name":"福良波止の浜公園","category":"nature","address":"南あわじ市","source":"国土交通省 国土数値情報","municipality_code":"28224","municipality_pref":"兵庫県","municipality_name":"南あわじ市","municipality_code_method":"nearest_centroid"},"geometry":{"type":"Point","coordinates":[134.7116804,34.25441686]}},{"type":"Feature","properties":{"layer_id":"parks_playgrounds","name":"賀集八幡公園","category":"nature","address":"南あわじ市","source":"国土交通省 国土数値情報","municipality_code":"28224","municipality_pref":"兵庫県","municipality_name":"南あわじ市","municipality_code_method":"nearest_centroid"},"geometry":{"type":"Point","coordinates":[134.73855699,34.26985381]}},{"type":"Feature","properties":{"layer_id":"parks_playgrounds","name":"潮美台西公園","category":"nature","address":"南あわじ市","source":"国土交通省 国土数値情報","municipality_code":"28224","municipality_pref":"兵庫県","municipality_name":"南あわじ市","municipality_code_method":"nearest_centroid"},"geometry":{"type":"Point","coordinates":[134.73101361,34.2527644]}},{"type":"Feature","properties":{"layer_id":"parks_playgrounds","name":"潮美台東公園","category":"nature","address":"南あわじ市","source":"国土交通省 国土数値情報","municipality_code":"28224","municipality_pref":"兵庫県","municipality_name":"南あわじ市","municipality_code_method":"nearest_centroid"},"geometry":{"type":"Point","coordinates":[134.73439,34.25389]}},{"type":"Feature","properties":{"layer_id":"tourism_resources","name":"灘海岸","category":"nature","address":"海岸景観 / 断層海岸","source":"国土交通省 国土数値情報","municipality_code":"28224","municipality_pref":"兵庫県","municipality_name":"南あわじ市","municipality_code_method":"nearest_centroid","resource_code":"803"},"geometry":{"type":"Point","coordinates":[134.8400421142578,34.22793197631836]}},{"type":"Feature","properties":{"layer_id":"tourism_resources","name":"南辺寺山","category":"nature","address":"山地（非火山性）景観 / 非火山性弧峰","source":"国土交通省 国土数値情報","municipality_code":"28224","municipality_pref":"兵庫県","municipality_name":"南あわじ市","municipality_code_method":"nearest_centroid","resource_code":"205"},"geometry":{"type":"Point","coordinates":[134.7259521484375,34.27672576904297]}},{"type":"Feature","properties":{"layer_id":"tourism_resources","name":"諭鶴羽山","category":"nature","address":"山地（非火山性）景観 / 非火山性弧峰","source":"国土交通省 国土数値情報","municipality_code":"28224","municipality_pref":"兵庫県","municipality_name":"南あわじ市","municipality_code_method":"nearest_centroid","resource_code":"205"},"geometry":{"type":"Point","coordinates":[134.81419372558594,34.2348747253418]}}],"display_comment_original":"南あわじ市には、地域の由緒を示す案内板や石碑を探す余地がある。 まずは港町・水運、社寺・地域信仰を軸に、地区の由緒を拾える場所を探したい。 現地では石碑、地蔵、地域資料館、公民館の由緒板を、既存ピンと照らして歩くと発見しやすい。","story_enrichment":{"samurai_priority_people":["船越景直"],"notable_people":["船越景直","古東領左衛門","樋口季一郎","服部嵐雪","立川雲平"],"honorary_citizens":[],"tourism_landmarks":["大和大国魂神社","自凝島神社","淡路国分寺","護国寺","養宜館","成相寺（本尊の薬師如来立像は国の重要文化財に指定）","淳仁天皇陵","諭鶴羽神社"],"specialties":[],"food_culture":[],"historical_domains":[],"heian_place_names":[],"japan_search_support":[],"enrichment_sources":["https://ja.wikipedia.org/wiki/%E5%8D%97%E3%81%82%E3%82%8F%E3%81%98%E5%B8%82","https://www.wikidata.org/wiki/Q11614336","https://www.wikidata.org/wiki/Q11411293","https://www.wikidata.org/wiki/Q974210","https://www.wikidata.org/wiki/Q4496564","https://www.wikidata.org/wiki/Q17209083","https://www.wikidata.org/wiki/Q11423168","https://www.wikidata.org/wiki/Q3135255","https://www.wikidata.org/wiki/Q11550221","https://www.wikidata.org/wiki/Q18460270","https://www.wikidata.org/wiki/Q108780547","https://www.wikidata.org/wiki/Q11454789","https://www.wikidata.org/wiki/Q11607442","https://www.wikidata.org/wiki/Q116937604","https://www.wikidata.org/wiki/Q11389037","https://www.wikidata.org/wiki/Q11432506","https://jpsearch.go.jp/csearch/jps-cross?csid=jps-cross&keyword=%E8%88%B9%E8%B6%8A%E6%99%AF%E7%9B%B4&keyword=%E5%8D%97%E3%81%82%E3%82%8F%E3%81%98%E5%B8%82"],"enrichment_errors":[],"wikipedia_title":"南あわじ市","wikipedia_revision_id":"110935329","wikidata_qid":"Q869004","wikipedia_url":"https://ja.wikipedia.org/wiki/%E5%8D%97%E3%81%82%E3%82%8F%E3%81%98%E5%B8%82","japan_search_query_url":"https://jpsearch.go.jp/csearch/jps-cross?csid=jps-cross&keyword=%E8%88%B9%E8%B6%8A%E6%99%AF%E7%9B%B4&keyword=%E5%8D%97%E3%81%82%E3%82%8F%E3%81%98%E5%B8%82","status":"wikipedia_ok"}}