{"type":"FeatureCollection","municipality_code":"42203","pref":"長崎県","city":"島原市","display_comment":"島原市には、地域の歴史や暮らしを伝える案内板や石碑があり、それらを手がかりに街歩きを楽しめます。 まずは城跡・武家文化、近代化・産業遺産、自然と信仰に目を向けると、地域の由緒をたどる手がかりが見つけやすいでしょう。 現地では石碑、地蔵、地域資料館、公民館の由緒板を既存ピンと照らし合わせながら歩くと、見落としがちな地域の物語に出会いやすくなります。 ゆかりの人物では百武裕司や有明吾郎に注目すると、地域に残る文化や時代背景をさらに深く知るきっかけになります。 「島原半島ジオパーク」や「普賢岳」などの名所も、地域の物語を深掘りする絶好の入口です。 さらに、「寒ざらし（菓子）」や「具雑煮」といった名物や食文化に触れると、その土地らしい暮らしまで感じられるでしょう。","layer_counts":{"cafe_restaurant":640,"public_facilities":34,"scenic_nature_areas":12,"cultural_facilities":59,"parks_playgrounds":57,"tourism_resources":7},"total_features":809,"features":[{"type":"Feature","properties":{"layer_id":"cafe_restaurant","name":"めん六や長崎島原店","address":"長崎県島原市新馬場町170番地","source":"長崎県 食品営業許可一覧"},"geometry":{"type":"Point","coordinates":[130.367135,32.798155]}},{"type":"Feature","properties":{"layer_id":"cafe_restaurant","name":"うちだ屋　島原店","address":"長崎県島原市有明町大三東乙50-1","source":"長崎県 食品営業許可一覧"},"geometry":{"type":"Point","coordinates":[130.345026,32.838353]}},{"type":"Feature","properties":{"layer_id":"cafe_restaurant","name":"パッピンス","address":"長崎県島原市本光寺町4865-1","source":"長崎県 食品営業許可一覧"},"geometry":{"type":"Point","coordinates":[130.352785,32.790764]}},{"type":"Feature","properties":{"layer_id":"cafe_restaurant","name":"ガスト 島原店","address":"長崎県島原市蛭子町２丁目８７９番地","source":"長崎県 食品営業許可一覧"},"geometry":{"type":"Point","coordinates":[130.373926,32.778672]}},{"type":"Feature","properties":{"layer_id":"cafe_restaurant","name":"イーティーズ島原店","address":"長崎県島原市北門町2-1 ダイレックス島原店内","source":"長崎県 食品営業許可一覧"},"geometry":{"type":"Point","coordinates":[130.362496,32.801196]}},{"type":"Feature","properties":{"layer_id":"cafe_restaurant","name":"エレナ 島原栄町店","address":"長崎県島原市栄町8334","source":"長崎県 食品営業許可一覧"},"geometry":{"type":"Point","coordinates":[130.367818,32.773724]}},{"type":"Feature","properties":{"layer_id":"cafe_restaurant","name":"エレナ　島原店","address":"長崎県島原市城内３丁目１２６３","source":"長崎県 食品営業許可一覧"},"geometry":{"type":"Point","coordinates":[130.362473,32.798199]}},{"type":"Feature","properties":{"layer_id":"cafe_restaurant","name":"ほっともっと島原駅前店","address":"長崎県島原市宮の町６５０","source":"長崎県 食品営業許可一覧"},"geometry":{"type":"Point","coordinates":[130.369995,32.792691]}},{"type":"Feature","properties":{"layer_id":"cafe_restaurant","name":"福まん家　有明店","address":"長崎県島原市有明町大三東戊125-1","source":"長崎県 食品営業許可一覧"},"geometry":{"type":"Point","coordinates":[130.338016,32.850325]}},{"type":"Feature","properties":{"layer_id":"cafe_restaurant","name":"福まん家　島原店","address":"長崎県島原市北門町1593-3","source":"長崎県 食品営業許可一覧"},"geometry":{"type":"Point","coordinates":[130.362496,32.801196]}},{"type":"Feature","properties":{"layer_id":"cafe_restaurant","name":"はぎせん市場","address":"長崎県島原市萩原２丁目５１８８","source":"長崎県 食品営業許可一覧"},"geometry":{"type":"Point","coordinates":[130.362627,32.785621]}},{"type":"Feature","properties":{"layer_id":"cafe_restaurant","name":"スーパーセンタートライアル島原店","address":"長崎県島原市前浜町丙227番地","source":"長崎県 食品営業許可一覧"},"geometry":{"type":"Point","coordinates":[130.360976,32.806108]}},{"type":"Feature","properties":{"layer_id":"cafe_restaurant","name":"スーパーセンタートライアル島原店","address":"長崎県島原市前浜町227番地","source":"長崎県 食品営業許可一覧"},"geometry":{"type":"Point","coordinates":[130.360976,32.806108]}},{"type":"Feature","properties":{"layer_id":"cafe_restaurant","name":"ケンタッキーフライドチキンイオン島原店","address":"長崎県島原市弁天町1丁目7080-1 イオン島原の駐車場（敷地内、戸建）","source":"長崎県 食品営業許可一覧"},"geometry":{"type":"Point","coordinates":[130.3721,32.78266]}},{"type":"Feature","properties":{"layer_id":"cafe_restaurant","name":"海音","address":"長崎県島原市先魁町1163-10","source":"長崎県 食品営業許可一覧"},"geometry":{"type":"Point","coordinates":[130.367033,32.79323]}},{"type":"Feature","properties":{"layer_id":"cafe_restaurant","name":"宝楽","address":"長崎県島原市柿の木町3961-1","source":"長崎県 食品営業許可一覧"},"geometry":{"type":"Point","coordinates":[130.356753,32.793033]}},{"type":"Feature","properties":{"layer_id":"cafe_restaurant","name":"ファミリーマート島原城下町店","address":"長崎県島原市今川町931-1","source":"長崎県 食品営業許可一覧"},"geometry":{"type":"Point","coordinates":[130.367167,32.787296]}},{"type":"Feature","properties":{"layer_id":"cafe_restaurant","name":"ファミリーマート島原弁天町店","address":"長崎県島原市弁天町一丁目7400-1","source":"長崎県 食品営業許可一覧"},"geometry":{"type":"Point","coordinates":[130.3721,32.78266]}},{"type":"Feature","properties":{"layer_id":"cafe_restaurant","name":"寿限無","address":"長崎県島原市有明町大三東戊1981-5","source":"長崎県 食品営業許可一覧"},"geometry":{"type":"Point","coordinates":[130.328802,32.841166]}},{"type":"Feature","properties":{"layer_id":"cafe_restaurant","name":"株式会社　小川屋","address":"長崎県島原市北門町1346-3","source":"長崎県 食品営業許可一覧"},"geometry":{"type":"Point","coordinates":[130.362496,32.801196]}},{"type":"Feature","properties":{"layer_id":"cafe_restaurant","name":"株式会社小川屋","address":"長崎県島原市前浜町乙89番地","source":"長崎県 食品営業許可一覧"},"geometry":{"type":"Point","coordinates":[130.360976,32.806108]}},{"type":"Feature","properties":{"layer_id":"cafe_restaurant","name":"杉永蒲鉾　中堀町店","address":"長崎県島原市中堀町１５６－９番地","source":"長崎県 食品営業許可一覧"},"geometry":{"type":"Point","coordinates":[130.369718,32.782086]}},{"type":"Feature","properties":{"layer_id":"cafe_restaurant","name":"橋村精肉店","address":"長崎県島原市山寺町丙823","source":"長崎県 食品営業許可一覧"},"geometry":{"type":"Point","coordinates":[130.346861,32.80592]}},{"type":"Feature","properties":{"layer_id":"cafe_restaurant","name":"レストラン　とらや","address":"長崎県島原市湊町1-4","source":"長崎県 食品営業許可一覧"},"geometry":{"type":"Point","coordinates":[130.372497,32.768261]}},{"type":"Feature","properties":{"layer_id":"cafe_restaurant","name":"金子珈琲焙煎所","address":"長崎県島原市有明町大三東戊１１６－２","source":"長崎県 食品営業許可一覧"},"geometry":{"type":"Point","coordinates":[130.337775,32.849398]}},{"type":"Feature","properties":{"layer_id":"cafe_restaurant","name":"ファミリーマート島原大下店","address":"長崎県島原市大下町丙1191‐3","source":"長崎県 食品営業許可一覧"},"geometry":{"type":"Point","coordinates":[130.360945,32.753258]}},{"type":"Feature","properties":{"layer_id":"cafe_restaurant","name":"ファミリーマート島原本町店","address":"長崎県島原市本町３９４－１","source":"長崎県 食品営業許可一覧"},"geometry":{"type":"Point","coordinates":[130.353981,32.802667]}},{"type":"Feature","properties":{"layer_id":"cafe_restaurant","name":"（株）現代フードサービス貴田病院事業所","address":"長崎県島原市有明町大三東戊790-2","source":"長崎県 食品営業許可一覧"},"geometry":{"type":"Point","coordinates":[130.332879,32.853896]}},{"type":"Feature","properties":{"layer_id":"cafe_restaurant","name":"まるまんソレハ店","address":"長崎県島原市有明町大三東戊700-1","source":"長崎県 食品営業許可一覧"},"geometry":{"type":"Point","coordinates":[130.335967,32.856839]}},{"type":"Feature","properties":{"layer_id":"cafe_restaurant","name":"日清医療食品特養びざん事業所","address":"長崎県島原市緑町8200","source":"長崎県 食品営業許可一覧"},"geometry":{"type":"Point","coordinates":[130.363003,32.768218]}},{"type":"Feature","properties":{"layer_id":"cafe_restaurant","name":"島原療護センター","address":"長崎県島原市礫石原町１２０１－９１","source":"長崎県 食品営業許可一覧"},"geometry":{"type":"Point","coordinates":[130.308711,32.795723]}},{"type":"Feature","properties":{"layer_id":"cafe_restaurant","name":"明けの星寮","address":"長崎県島原市宮の町６２６－１","source":"長崎県 食品営業許可一覧"},"geometry":{"type":"Point","coordinates":[130.369995,32.792691]}},{"type":"Feature","properties":{"layer_id":"cafe_restaurant","name":"リンガーハット島原店","address":"長崎県島原市新馬場町８６３番１号","source":"長崎県 食品営業許可一覧"},"geometry":{"type":"Point","coordinates":[130.367135,32.798155]}},{"type":"Feature","properties":{"layer_id":"cafe_restaurant","name":"長崎県立島原特別支援学校","address":"長崎県島原市新田町５６２","source":"長崎県 食品営業許可一覧"},"geometry":{"type":"Point","coordinates":[130.377284,32.78781]}},{"type":"Feature","properties":{"layer_id":"cafe_restaurant","name":"雲龍亭","address":"長崎県島原市弁天町1-7118-14","source":"長崎県 食品営業許可一覧"},"geometry":{"type":"Point","coordinates":[130.3721,32.78266]}},{"type":"Feature","properties":{"layer_id":"cafe_restaurant","name":"イオン九州株式会社　イオン島原店","address":"長崎県島原市弁天町1丁目７０８０－１","source":"長崎県 食品営業許可一覧"},"geometry":{"type":"Point","coordinates":[130.3721,32.78266]}},{"type":"Feature","properties":{"layer_id":"cafe_restaurant","name":"花咲　エレナ島原","address":"長崎県島原市城内3-1263","source":"長崎県 食品営業許可一覧"},"geometry":{"type":"Point","coordinates":[130.362473,32.798199]}},{"type":"Feature","properties":{"layer_id":"cafe_restaurant","name":"モスバーガー島原店","address":"長崎県島原市城内3丁目1270-3","source":"長崎県 食品営業許可一覧"},"geometry":{"type":"Point","coordinates":[130.362473,32.798199]}},{"type":"Feature","properties":{"layer_id":"cafe_restaurant","name":"力寿司","address":"長崎県島原市下川尻町7922","source":"長崎県 食品営業許可一覧"},"geometry":{"type":"Point","coordinates":[130.369119,32.769089]}},{"type":"Feature","properties":{"layer_id":"cafe_restaurant","name":"パープルレイン","address":"長崎県島原市下川尻町7922-12","source":"長崎県 食品営業許可一覧"},"geometry":{"type":"Point","coordinates":[130.370906,32.768759]}},{"type":"Feature","properties":{"layer_id":"cafe_restaurant","name":"和食よしだ","address":"長崎県島原市新町1丁目127-4","source":"長崎県 食品営業許可一覧"},"geometry":{"type":"Point","coordinates":[130.370067,32.78536]}},{"type":"Feature","properties":{"layer_id":"cafe_restaurant","name":"焼鳥・焼肉しょうぐん","address":"長崎県島原市西八幡町8408-8","source":"長崎県 食品営業許可一覧"},"geometry":{"type":"Point","coordinates":[130.369753,32.773696]}},{"type":"Feature","properties":{"layer_id":"cafe_restaurant","name":"手打蕎麦屋 にこり","address":"長崎県島原市西八幡町8390-6","source":"長崎県 食品営業許可一覧"},"geometry":{"type":"Point","coordinates":[130.369913,32.773044]}},{"type":"Feature","properties":{"layer_id":"cafe_restaurant","name":"炭火焼肉屋さかい 島原店","address":"長崎県島原市前浜町丙44-1","source":"長崎県 食品営業許可一覧"},"geometry":{"type":"Point","coordinates":[130.360976,32.806108]}},{"type":"Feature","properties":{"layer_id":"cafe_restaurant","name":"キッチンハウスみつい　ウイルビー店","address":"長崎県島原市湊町66番地","source":"長崎県 食品営業許可一覧"},"geometry":{"type":"Point","coordinates":[130.370965,32.769668]}},{"type":"Feature","properties":{"layer_id":"cafe_restaurant","name":"キッチンハウスみつい北門店　惣菜部","address":"長崎県島原市柏野町１６４９－１","source":"長崎県 食品営業許可一覧"},"geometry":{"type":"Point","coordinates":[130.357245,32.796274]}},{"type":"Feature","properties":{"layer_id":"cafe_restaurant","name":"彦左衛門","address":"長崎県島原市中堀町152-1","source":"長崎県 食品営業許可一覧"},"geometry":{"type":"Point","coordinates":[130.369718,32.782086]}},{"type":"Feature","properties":{"layer_id":"cafe_restaurant","name":"しまばら水屋敷","address":"長崎県島原市万町513","source":"長崎県 食品営業許可一覧"},"geometry":{"type":"Point","coordinates":[130.36933,32.786292]}},{"type":"Feature","properties":{"layer_id":"cafe_restaurant","name":"ショッピングセンター　きむら","address":"長崎県島原市有明町大三東甲2129","source":"長崎県 食品営業許可一覧"},"geometry":{"type":"Point","coordinates":[130.344129,32.832928]}},{"type":"Feature","properties":{"layer_id":"cafe_restaurant","name":"南陽堂","address":"長崎県島原市城内1丁目1125番地","source":"長崎県 食品営業許可一覧"},"geometry":{"type":"Point","coordinates":[130.366253,32.790779]}},{"type":"Feature","properties":{"layer_id":"cafe_restaurant","name":"ろばた 仁","address":"長崎県島原市有明町大三東戊453-1","source":"長崎県 食品営業許可一覧"},"geometry":{"type":"Point","coordinates":[130.337103,32.850439]}},{"type":"Feature","properties":{"layer_id":"cafe_restaurant","name":"小鶴","address":"長崎県島原市中安徳町丁4407","source":"長崎県 食品営業許可一覧"},"geometry":{"type":"Point","coordinates":[130.366904,32.745079]}},{"type":"Feature","properties":{"layer_id":"cafe_restaurant","name":"社長のタピオカ","address":"長崎県島原市有明町湯江丙434-1","source":"長崎県 食品営業許可一覧"},"geometry":{"type":"Point","coordinates":[130.32286,32.854969]}},{"type":"Feature","properties":{"layer_id":"cafe_restaurant","name":"居酒屋 Dining hiro","address":"長崎県島原市万町507","source":"長崎県 食品営業許可一覧"},"geometry":{"type":"Point","coordinates":[130.369422,32.786568]}},{"type":"Feature","properties":{"layer_id":"cafe_restaurant","name":"昭和フード株式会社マクドナルド島原店","address":"長崎県島原市北門町106-1","source":"長崎県 食品営業許可一覧"},"geometry":{"type":"Point","coordinates":[130.362496,32.801196]}},{"type":"Feature","properties":{"layer_id":"cafe_restaurant","name":"すき家　251号島原宮の町店","address":"長崎県島原市宮の町648-1","source":"長崎県 食品営業許可一覧"},"geometry":{"type":"Point","coordinates":[130.369995,32.792691]}},{"type":"Feature","properties":{"layer_id":"cafe_restaurant","name":"たまらん堂","address":"長崎県島原市有明町大三東戊３８９８－１","source":"長崎県 食品営業許可一覧"},"geometry":{"type":"Point","coordinates":[130.322999,32.836749]}},{"type":"Feature","properties":{"layer_id":"cafe_restaurant","name":"普明庵","address":"長崎県島原市田町６９１－９","source":"長崎県 食品営業許可一覧"},"geometry":{"type":"Point","coordinates":[130.368805,32.794891]}},{"type":"Feature","properties":{"layer_id":"cafe_restaurant","name":"株式会社松本仏壇店　ポラリス","address":"長崎県島原市新湊１丁目１９","source":"長崎県 食品営業許可一覧"},"geometry":{"type":"Point","coordinates":[130.368757,32.763935]}},{"type":"Feature","properties":{"layer_id":"cafe_restaurant","name":"株式会社松本仏壇店　有明会館","address":"長崎県島原市有明町大三東乙４８","source":"長崎県 食品営業許可一覧"},"geometry":{"type":"Point","coordinates":[130.332672,32.830595]}},{"type":"Feature","properties":{"layer_id":"cafe_restaurant","name":"宝楽処　集入","address":"長崎県島原市桜門町1725-5","source":"長崎県 食品営業許可一覧"},"geometry":{"type":"Point","coordinates":[130.361145,32.795605]}},{"type":"Feature","properties":{"layer_id":"cafe_restaurant","name":"ベルモア","address":"長崎県島原市有明町湯江丁46-2","source":"長崎県 食品営業許可一覧"},"geometry":{"type":"Point","coordinates":[130.321643,32.864972]}},{"type":"Feature","properties":{"layer_id":"cafe_restaurant","name":"いけす料理・ろばた焼　網元","address":"長崎県島原市高島2-7215-1","source":"長崎県 食品営業許可一覧"},"geometry":{"type":"Point","coordinates":[130.372805,32.785219]}},{"type":"Feature","properties":{"layer_id":"cafe_restaurant","name":"風見鶏","address":"長崎県島原市白土町1052","source":"長崎県 食品営業許可一覧"},"geometry":{"type":"Point","coordinates":[130.367631,32.781609]}},{"type":"Feature","properties":{"layer_id":"cafe_restaurant","name":"ラーメンセンター 駅前店","address":"長崎県島原市片町567-1","source":"長崎県 食品営業許可一覧"},"geometry":{"type":"Point","coordinates":[130.370516,32.790165]}},{"type":"Feature","properties":{"layer_id":"cafe_restaurant","name":"島原風お好み焼き　うまからじゃ","address":"長崎県島原市今川町928-2","source":"長崎県 食品営業許可一覧"},"geometry":{"type":"Point","coordinates":[130.367167,32.787296]}},{"type":"Feature","properties":{"layer_id":"cafe_restaurant","name":"福乃屋","address":"長崎県島原市大下町1258-2","source":"長崎県 食品営業許可一覧"},"geometry":{"type":"Point","coordinates":[130.360945,32.753258]}},{"type":"Feature","properties":{"layer_id":"cafe_restaurant","name":"炭火串焼き 鶏みつ","address":"長崎県島原市高島1丁目422","source":"長崎県 食品営業許可一覧"},"geometry":{"type":"Point","coordinates":[130.372751,32.787282]}},{"type":"Feature","properties":{"layer_id":"cafe_restaurant","name":"地鶏炭火焼き　わはは","address":"長崎県島原市新町１丁目３２３","source":"長崎県 食品営業許可一覧"},"geometry":{"type":"Point","coordinates":[130.370067,32.78536]}},{"type":"Feature","properties":{"layer_id":"cafe_restaurant","name":"つづみ団子 島原店","address":"長崎県島原市弁天町１丁目７０８０−１","source":"長崎県 食品営業許可一覧"},"geometry":{"type":"Point","coordinates":[130.3721,32.78266]}},{"type":"Feature","properties":{"layer_id":"cafe_restaurant","name":"民宿 しまばら","address":"長崎県島原市原町甲344-3","source":"長崎県 食品営業許可一覧"},"geometry":{"type":"Point","coordinates":[130.352155,32.79916]}},{"type":"Feature","properties":{"layer_id":"cafe_restaurant","name":"ON THE ROAD","address":"長崎県島原市上の町925-3","source":"長崎県 食品営業許可一覧"},"geometry":{"type":"Point","coordinates":[130.369156,32.789473]}},{"type":"Feature","properties":{"layer_id":"cafe_restaurant","name":"CAFE Marsha","address":"長崎県島原市亀の甲町乙1596 コーポ大津A","source":"長崎県 食品営業許可一覧"},"geometry":{"type":"Point","coordinates":[130.352533,32.820555]}},{"type":"Feature","properties":{"layer_id":"cafe_restaurant","name":"セブン-イレブン島原下川尻町店","address":"長崎県島原市下川尻町8-1","source":"長崎県 食品営業許可一覧"},"geometry":{"type":"Point","coordinates":[130.37104,32.76791]}},{"type":"Feature","properties":{"layer_id":"cafe_restaurant","name":"焼鳥 横丁","address":"長崎県島原市新湊1丁目34","source":"長崎県 食品営業許可一覧"},"geometry":{"type":"Point","coordinates":[130.36694,32.763421]}},{"type":"Feature","properties":{"layer_id":"cafe_restaurant","name":"すし𠮷","address":"長崎県島原市新湊1丁目31","source":"長崎県 食品営業許可一覧"},"geometry":{"type":"Point","coordinates":[130.36694,32.763421]}},{"type":"Feature","properties":{"layer_id":"cafe_restaurant","name":"アミン","address":"長崎県島原市先魁町1163-5","source":"長崎県 食品営業許可一覧"},"geometry":{"type":"Point","coordinates":[130.367033,32.79323]}},{"type":"Feature","properties":{"layer_id":"cafe_restaurant","name":"おかずの店 よしだ","address":"長崎県島原市下折橋町3820‐4","source":"長崎県 食品営業許可一覧"},"geometry":{"type":"Point","coordinates":[130.347149,32.788484]}},{"type":"Feature","properties":{"layer_id":"cafe_restaurant","name":"寿司金","address":"長崎県島原市西八幡町8502","source":"長崎県 食品営業許可一覧"},"geometry":{"type":"Point","coordinates":[130.369314,32.774889]}},{"type":"Feature","properties":{"layer_id":"cafe_restaurant","name":"一膳や","address":"長崎県島原市新田町300‐5","source":"長崎県 食品営業許可一覧"},"geometry":{"type":"Point","coordinates":[130.377284,32.78781]}},{"type":"Feature","properties":{"layer_id":"cafe_restaurant","name":"合資会社　島原給食センター","address":"長崎県島原市栄町8697番地","source":"長崎県 食品営業許可一覧"},"geometry":{"type":"Point","coordinates":[130.367818,32.773724]}},{"type":"Feature","properties":{"layer_id":"cafe_restaurant","name":"紅陵飯店","address":"長崎県島原市有明町大三東甲2046-1","source":"長崎県 食品営業許可一覧"},"geometry":{"type":"Point","coordinates":[130.346241,32.834176]}},{"type":"Feature","properties":{"layer_id":"cafe_restaurant","name":"鬼へい","address":"長崎県島原市城内3丁目1596-1","source":"長崎県 食品営業許可一覧"},"geometry":{"type":"Point","coordinates":[130.362473,32.798199]}},{"type":"Feature","properties":{"layer_id":"cafe_restaurant","name":"ガレージ食堂","address":"長崎県島原市今川町1305番地","source":"長崎県 食品営業許可一覧"},"geometry":{"type":"Point","coordinates":[130.367163,32.787019]}},{"type":"Feature","properties":{"layer_id":"cafe_restaurant","name":"丸亀製麺 島原店","address":"長崎県島原市前浜町61-1","source":"長崎県 食品営業許可一覧"},"geometry":{"type":"Point","coordinates":[130.360976,32.806108]}},{"type":"Feature","properties":{"layer_id":"cafe_restaurant","name":"咄嗟","address":"長崎県島原市有明町大三東甲493番地","source":"長崎県 食品営業許可一覧"},"geometry":{"type":"Point","coordinates":[130.343929,32.827547]}},{"type":"Feature","properties":{"layer_id":"cafe_restaurant","name":"ジョイフル・Ｋ","address":"長崎県島原市高島１丁目４２４","source":"長崎県 食品営業許可一覧"},"geometry":{"type":"Point","coordinates":[130.372751,32.787282]}},{"type":"Feature","properties":{"layer_id":"cafe_restaurant","name":"タコ焼き どん兵右衛","address":"長崎県島原市堀町175番地","source":"長崎県 食品営業許可一覧"},"geometry":{"type":"Point","coordinates":[130.369275,32.785022]}},{"type":"Feature","properties":{"layer_id":"cafe_restaurant","name":"ゆうしん","address":"長崎県島原市上の町855","source":"長崎県 食品営業許可一覧"},"geometry":{"type":"Point","coordinates":[130.369156,32.789473]}},{"type":"Feature","properties":{"layer_id":"cafe_restaurant","name":"(株)高松食肉","address":"長崎県島原市新湊二丁目2575-2","source":"長崎県 食品営業許可一覧"},"geometry":{"type":"Point","coordinates":[130.36128,32.76163]}},{"type":"Feature","properties":{"layer_id":"cafe_restaurant","name":"鶏の白石　高島店","address":"長崎県島原市高島２丁目２７９","source":"長崎県 食品営業許可一覧"},"geometry":{"type":"Point","coordinates":[130.373019,32.785366]}},{"type":"Feature","properties":{"layer_id":"cafe_restaurant","name":"梟","address":"長崎県島原市新町1丁目459","source":"長崎県 食品営業許可一覧"},"geometry":{"type":"Point","coordinates":[130.370067,32.78536]}},{"type":"Feature","properties":{"layer_id":"cafe_restaurant","name":"ぱすたろう 島原店","address":"長崎県島原市新馬場町853-1","source":"長崎県 食品営業許可一覧"},"geometry":{"type":"Point","coordinates":[130.367135,32.798155]}},{"type":"Feature","properties":{"layer_id":"cafe_restaurant","name":"ダイレックス島原店","address":"長崎県島原市北門町2番1","source":"長崎県 食品営業許可一覧"},"geometry":{"type":"Point","coordinates":[130.362496,32.801196]}},{"type":"Feature","properties":{"layer_id":"cafe_restaurant","name":"Takagi-Apartment.","address":"長崎県島原市中町８０６","source":"長崎県 食品営業許可一覧"},"geometry":{"type":"Point","coordinates":[130.369415,32.790167]}},{"type":"Feature","properties":{"layer_id":"cafe_restaurant","name":"GIRLS SPIDER","address":"長崎県島原市中堀町29 梅月ビル１F","source":"長崎県 食品営業許可一覧"},"geometry":{"type":"Point","coordinates":[130.369718,32.782086]}},{"type":"Feature","properties":{"layer_id":"cafe_restaurant","name":"R . coffee stand","address":"長崎県島原市鎌田町丁4022","source":"長崎県 食品営業許可一覧"},"geometry":{"type":"Point","coordinates":[130.367399,32.74794]}},{"type":"Feature","properties":{"layer_id":"cafe_restaurant","name":"ありがとう","address":"長崎県島原市中野町丙１３８３－２","source":"長崎県 食品営業許可一覧"},"geometry":{"type":"Point","coordinates":[130.347143,32.824848]}},{"type":"Feature","properties":{"layer_id":"cafe_restaurant","name":"焼肉　勝くら","address":"長崎県島原市有明町大三東乙1086-2","source":"長崎県 食品営業許可一覧"},"geometry":{"type":"Point","coordinates":[130.344724,32.840652]}},{"type":"Feature","properties":{"layer_id":"cafe_restaurant","name":"プラス・ワン","address":"長崎県島原市新町1丁目323番地","source":"長崎県 食品営業許可一覧"},"geometry":{"type":"Point","coordinates":[130.370067,32.78536]}},{"type":"Feature","properties":{"layer_id":"cafe_restaurant","name":"島原むすびす","address":"長崎県島原市片町578番地8","source":"長崎県 食品営業許可一覧"},"geometry":{"type":"Point","coordinates":[130.370516,32.790165]}},{"type":"Feature","properties":{"layer_id":"cafe_restaurant","name":"うどん屋「かもめ」","address":"長崎県島原市下川尻町7-5","source":"長崎県 食品営業許可一覧"},"geometry":{"type":"Point","coordinates":[130.373515,32.766651]}},{"type":"Feature","properties":{"layer_id":"cafe_restaurant","name":"山の上　Restaurant　Jaillir","address":"長崎県島原市上折橋町甲1580","source":"長崎県 食品営業許可一覧"},"geometry":{"type":"Point","coordinates":[130.33686,32.788946]}},{"type":"Feature","properties":{"layer_id":"cafe_restaurant","name":"Laugh second","address":"長崎県島原市新町1丁目488 サニーサイドキヨタビル１Ｆ","source":"長崎県 食品営業許可一覧"},"geometry":{"type":"Point","coordinates":[130.370067,32.78536]}},{"type":"Feature","properties":{"layer_id":"cafe_restaurant","name":"Laugh","address":"長崎県島原市新町１丁目４８８","source":"長崎県 食品営業許可一覧"},"geometry":{"type":"Point","coordinates":[130.370067,32.78536]}},{"type":"Feature","properties":{"layer_id":"cafe_restaurant","name":"居酒屋　笑店","address":"長崎県島原市大手原町２１４１－１３","source":"長崎県 食品営業許可一覧"},"geometry":{"type":"Point","coordinates":[130.358154,32.813054]}},{"type":"Feature","properties":{"layer_id":"cafe_restaurant","name":"居酒屋 桜","address":"長崎県島原市万町498 大手川ハイツ1F101","source":"長崎県 食品営業許可一覧"},"geometry":{"type":"Point","coordinates":[130.369422,32.786568]}},{"type":"Feature","properties":{"layer_id":"cafe_restaurant","name":"唐揚げ処　山昇","address":"長崎県島原市有明町湯江丙33番地1","source":"長崎県 食品営業許可一覧"},"geometry":{"type":"Point","coordinates":[130.324215,32.861673]}},{"type":"Feature","properties":{"layer_id":"cafe_restaurant","name":"Rin cafe＆bar","address":"長崎県島原市堀町199","source":"長崎県 食品営業許可一覧"},"geometry":{"type":"Point","coordinates":[130.369386,32.785027]}},{"type":"Feature","properties":{"layer_id":"cafe_restaurant","name":"来more人","address":"長崎県島原市有明町大三東乙571","source":"長崎県 食品営業許可一覧"},"geometry":{"type":"Point","coordinates":[130.337512,32.83405]}},{"type":"Feature","properties":{"layer_id":"cafe_restaurant","name":"エーデル","address":"長崎県島原市下川尻町39-2","source":"長崎県 食品営業許可一覧"},"geometry":{"type":"Point","coordinates":[130.369648,32.766691]}},{"type":"Feature","properties":{"layer_id":"cafe_restaurant","name":"ほっともっと島原中央店","address":"長崎県島原市高島２丁目７２１４－１","source":"長崎県 食品営業許可一覧"},"geometry":{"type":"Point","coordinates":[130.372755,32.785322]}},{"type":"Feature","properties":{"layer_id":"cafe_restaurant","name":"ほんもん屋","address":"長崎県島原市下川尻町8363-1","source":"長崎県 食品営業許可一覧"},"geometry":{"type":"Point","coordinates":[130.369661,32.772074]}},{"type":"Feature","properties":{"layer_id":"cafe_restaurant","name":"島原白山ホテル","address":"長崎県島原市中組町19番地","source":"長崎県 食品営業許可一覧"},"geometry":{"type":"Point","coordinates":[130.373219,32.774863]}},{"type":"Feature","properties":{"layer_id":"cafe_restaurant","name":"合資会社　新山温泉","address":"長崎県島原市新山4丁目8826番地","source":"長崎県 食品営業許可一覧"},"geometry":{"type":"Point","coordinates":[130.360812,32.769896]}},{"type":"Feature","properties":{"layer_id":"cafe_restaurant","name":"リトル・クルサ島原店","address":"長崎県島原市弁天町１丁目９１－４ レジデンス永野A棟１F","source":"長崎県 食品営業許可一覧"},"geometry":{"type":"Point","coordinates":[130.3721,32.78266]}},{"type":"Feature","properties":{"layer_id":"cafe_restaurant","name":"ダイニング味遊","address":"長崎県島原市中町８０９","source":"長崎県 食品営業許可一覧"},"geometry":{"type":"Point","coordinates":[130.369531,32.790133]}},{"type":"Feature","properties":{"layer_id":"cafe_restaurant","name":"MON","address":"長崎県島原市加美町1017","source":"長崎県 食品営業許可一覧"},"geometry":{"type":"Point","coordinates":[130.368558,32.783898]}},{"type":"Feature","properties":{"layer_id":"cafe_restaurant","name":"しゃぶしゃぶだいにんぐ舞豚","address":"長崎県島原市中堀町１５６－６","source":"長崎県 食品営業許可一覧"},"geometry":{"type":"Point","coordinates":[130.369718,32.782086]}},{"type":"Feature","properties":{"layer_id":"cafe_restaurant","name":"N・フーズ","address":"長崎県島原市有明町湯江甲１９６－２","source":"長崎県 食品営業許可一覧"},"geometry":{"type":"Point","coordinates":[130.326544,32.860313]}},{"type":"Feature","properties":{"layer_id":"cafe_restaurant","name":"GARSON","address":"長崎県島原市高島1丁目424-1","source":"長崎県 食品営業許可一覧"},"geometry":{"type":"Point","coordinates":[130.372751,32.787282]}},{"type":"Feature","properties":{"layer_id":"cafe_restaurant","name":"居酒屋　もり岳","address":"長崎県島原市中町808","source":"長崎県 食品営業許可一覧"},"geometry":{"type":"Point","coordinates":[130.369683,32.790092]}},{"type":"Feature","properties":{"layer_id":"cafe_restaurant","name":"クラブ博多","address":"長崎県島原市中堀町34 1F","source":"長崎県 食品営業許可一覧"},"geometry":{"type":"Point","coordinates":[130.369718,32.782086]}},{"type":"Feature","properties":{"layer_id":"cafe_restaurant","name":"カフェ　パストラーレ","address":"長崎県島原市片町542","source":"長崎県 食品営業許可一覧"},"geometry":{"type":"Point","coordinates":[130.370516,32.790165]}},{"type":"Feature","properties":{"layer_id":"cafe_restaurant","name":"森岳酒蔵LunaBase","address":"長崎県島原市上の町897","source":"長崎県 食品営業許可一覧"},"geometry":{"type":"Point","coordinates":[130.369156,32.789473]}},{"type":"Feature","properties":{"layer_id":"cafe_restaurant","name":"あつみ産業株式会社","address":"長崎県島原市湊町55－1","source":"長崎県 食品営業許可一覧"},"geometry":{"type":"Point","coordinates":[130.372084,32.770157]}},{"type":"Feature","properties":{"layer_id":"cafe_restaurant","name":"島原漁業協同組合","address":"長崎県島原市湊新地町452番地","source":"長崎県 食品営業許可一覧"},"geometry":{"type":"Point","coordinates":[130.377578,32.773732]}},{"type":"Feature","properties":{"layer_id":"cafe_restaurant","name":"居酒屋　ながた","address":"長崎県島原市広馬場町351-1","source":"長崎県 食品営業許可一覧"},"geometry":{"type":"Point","coordinates":[130.372244,32.775481]}},{"type":"Feature","properties":{"layer_id":"cafe_restaurant","name":"福まん家　有明店","address":"長崎県島原市有明町大三東戊125-1","source":"長崎県 食品営業許可一覧"},"geometry":{"type":"Point","coordinates":[130.338016,32.850325]}},{"type":"Feature","properties":{"layer_id":"cafe_restaurant","name":"（株）現代フードサービス　淡淡荘事業所","address":"長崎県島原市江里町乙2010-1","source":"長崎県 食品営業許可一覧"},"geometry":{"type":"Point","coordinates":[130.336427,32.798756]}},{"type":"Feature","properties":{"layer_id":"cafe_restaurant","name":"Bloom Coffee","address":"長崎県島原市霊南2丁目65","source":"長崎県 食品営業許可一覧"},"geometry":{"type":"Point","coordinates":[130.377288,32.778479]}},{"type":"Feature","properties":{"layer_id":"cafe_restaurant","name":"天下の味処 ほうじゅう","address":"長崎県島原市新町2-243","source":"長崎県 食品営業許可一覧"},"geometry":{"type":"Point","coordinates":[130.371183,32.78442]}},{"type":"Feature","properties":{"layer_id":"cafe_restaurant","name":"島原東洋パークサイドホテル","address":"長崎県島原市白土桃山1丁目1284-1","source":"長崎県 食品営業許可一覧"},"geometry":{"type":"Point","coordinates":[130.374516,32.780477]}},{"type":"Feature","properties":{"layer_id":"cafe_restaurant","name":"東洋九十九ベイホテル","address":"長崎県島原市秩父が浦町丁３５５２－５３","source":"長崎県 食品営業許可一覧"},"geometry":{"type":"Point","coordinates":[130.371101,32.75863]}},{"type":"Feature","properties":{"layer_id":"cafe_restaurant","name":"島原東洋シティホテル","address":"長崎県島原市湊町２９９","source":"長崎県 食品営業許可一覧"},"geometry":{"type":"Point","coordinates":[130.372745,32.77117]}},{"type":"Feature","properties":{"layer_id":"cafe_restaurant","name":"リッチ","address":"長崎県島原市万町505-5","source":"長崎県 食品営業許可一覧"},"geometry":{"type":"Point","coordinates":[130.369599,32.786181]}},{"type":"Feature","properties":{"layer_id":"cafe_restaurant","name":"花ざしき　和香","address":"長崎県島原市有明町大三東丙198の2","source":"長崎県 食品営業許可一覧"},"geometry":{"type":"Point","coordinates":[130.34367,32.8464]}},{"type":"Feature","properties":{"layer_id":"cafe_restaurant","name":"からあげとお弁当の幸","address":"長崎県島原市中野町丙1238","source":"長崎県 食品営業許可一覧"},"geometry":{"type":"Point","coordinates":[130.347143,32.824848]}},{"type":"Feature","properties":{"layer_id":"cafe_restaurant","name":"からあげとお弁当の幸","address":"長崎県島原市中野町丙1238","source":"長崎県 食品営業許可一覧"},"geometry":{"type":"Point","coordinates":[130.347143,32.824848]}},{"type":"Feature","properties":{"layer_id":"cafe_restaurant","name":"友遊","address":"長崎県島原市加美町1022番地2","source":"長崎県 食品営業許可一覧"},"geometry":{"type":"Point","coordinates":[130.368453,32.78427]}},{"type":"Feature","properties":{"layer_id":"cafe_restaurant","name":"居酒屋　ひょうたん","address":"長崎県島原市高島1丁目445-10","source":"長崎県 食品営業許可一覧"},"geometry":{"type":"Point","coordinates":[130.372751,32.787282]}},{"type":"Feature","properties":{"layer_id":"cafe_restaurant","name":"A Burgers Cafe","address":"長崎県島原市本光寺町4338-6","source":"長崎県 食品営業許可一覧"},"geometry":{"type":"Point","coordinates":[130.352785,32.790764]}},{"type":"Feature","properties":{"layer_id":"cafe_restaurant","name":"ローソン島原市大手原町店","address":"長崎県島原市大手原町甲2218-2","source":"長崎県 食品営業許可一覧"},"geometry":{"type":"Point","coordinates":[130.358154,32.813054]}},{"type":"Feature","properties":{"layer_id":"cafe_restaurant","name":"ローソン島原親和町店","address":"長崎県島原市親和町８","source":"長崎県 食品営業許可一覧"},"geometry":{"type":"Point","coordinates":[130.369289,32.762531]}},{"type":"Feature","properties":{"layer_id":"cafe_restaurant","name":"cafe mio","address":"長崎県島原市万町503-5","source":"長崎県 食品営業許可一覧"},"geometry":{"type":"Point","coordinates":[130.369574,32.786732]}},{"type":"Feature","properties":{"layer_id":"cafe_restaurant","name":"お好み焼き　杉の木","address":"長崎県島原市上の町885","source":"長崎県 食品営業許可一覧"},"geometry":{"type":"Point","coordinates":[130.369156,32.789473]}},{"type":"Feature","properties":{"layer_id":"cafe_restaurant","name":"紫烟荘","address":"長崎県島原市新町2丁目241","source":"長崎県 食品営業許可一覧"},"geometry":{"type":"Point","coordinates":[130.371183,32.78442]}},{"type":"Feature","properties":{"layer_id":"cafe_restaurant","name":"贅沢宝庫　吉岡青果","address":"長崎県島原市秩父が浦町3548-1","source":"長崎県 食品営業許可一覧"},"geometry":{"type":"Point","coordinates":[130.371101,32.75863]}},{"type":"Feature","properties":{"layer_id":"cafe_restaurant","name":"味作","address":"長崎県島原市高島一丁目360-1","source":"長崎県 食品営業許可一覧"},"geometry":{"type":"Point","coordinates":[130.372751,32.787282]}},{"type":"Feature","properties":{"layer_id":"cafe_restaurant","name":"海望荘","address":"長崎県島原市下川尻町45番地","source":"長崎県 食品営業許可一覧"},"geometry":{"type":"Point","coordinates":[130.369813,32.76635]}},{"type":"Feature","properties":{"layer_id":"cafe_restaurant","name":"ステーキ鉄板焼　牛臣","address":"長崎県島原市高島2丁目7234","source":"長崎県 食品営業許可一覧"},"geometry":{"type":"Point","coordinates":[130.373019,32.785366]}},{"type":"Feature","properties":{"layer_id":"cafe_restaurant","name":"そば幸　島原店","address":"長崎県島原市田町724-1","source":"長崎県 食品営業許可一覧"},"geometry":{"type":"Point","coordinates":[130.368379,32.795088]}},{"type":"Feature","properties":{"layer_id":"cafe_restaurant","name":"Chatty","address":"長崎県島原市新町1丁目505-6","source":"長崎県 食品営業許可一覧"},"geometry":{"type":"Point","coordinates":[130.369932,32.785671]}},{"type":"Feature","properties":{"layer_id":"cafe_restaurant","name":"焼とり　なかがわ","address":"長崎県島原市白土町1034-4","source":"長崎県 食品営業許可一覧"},"geometry":{"type":"Point","coordinates":[130.367939,32.781248]}},{"type":"Feature","properties":{"layer_id":"cafe_restaurant","name":"Seika ままごと喫茶 ON","address":"長崎県島原市有明町大三東甲2150番地","source":"長崎県 食品営業許可一覧"},"geometry":{"type":"Point","coordinates":[130.334092,32.824385]}},{"type":"Feature","properties":{"layer_id":"cafe_restaurant","name":"城の茶屋","address":"長崎県島原市城内一丁目1182","source":"長崎県 食品営業許可一覧"},"geometry":{"type":"Point","coordinates":[130.366253,32.790779]}},{"type":"Feature","properties":{"layer_id":"cafe_restaurant","name":"INOUE　大三東駅前店","address":"長崎県島原市有明町大三東丙１２５－１","source":"長崎県 食品営業許可一覧"},"geometry":{"type":"Point","coordinates":[130.344309,32.843267]}},{"type":"Feature","properties":{"layer_id":"cafe_restaurant","name":"浜口食堂","address":"長崎県島原市津吹町乙1277-1","source":"長崎県 食品営業許可一覧"},"geometry":{"type":"Point","coordinates":[130.340761,32.814812]}},{"type":"Feature","properties":{"layer_id":"cafe_restaurant","name":"モンリー酒場","address":"長崎県島原市柏野町１６３１－２","source":"長崎県 食品営業許可一覧"},"geometry":{"type":"Point","coordinates":[130.357245,32.796274]}},{"type":"Feature","properties":{"layer_id":"cafe_restaurant","name":"茶寮　かじ山","address":"長崎県島原市広高野町甲１０６４","source":"長崎県 食品営業許可一覧"},"geometry":{"type":"Point","coordinates":[130.321023,32.802716]}},{"type":"Feature","properties":{"layer_id":"cafe_restaurant","name":"秀ちゃん","address":"長崎県島原市萩原２丁目５１６７－１－１","source":"長崎県 食品営業許可一覧"},"geometry":{"type":"Point","coordinates":[130.362627,32.785621]}},{"type":"Feature","properties":{"layer_id":"cafe_restaurant","name":"食堂居酒屋　酔ってけ　味丸","address":"長崎県島原市中堀町２６番地","source":"長崎県 食品営業許可一覧"},"geometry":{"type":"Point","coordinates":[130.369718,32.782086]}},{"type":"Feature","properties":{"layer_id":"cafe_restaurant","name":"古島矢株式会社　まるふね","address":"長崎県島原市有明町湯江丙４－３ まるたか有明店内","source":"長崎県 食品営業許可一覧"},"geometry":{"type":"Point","coordinates":[130.325212,32.861324]}},{"type":"Feature","properties":{"layer_id":"cafe_restaurant","name":"ＡＬＯＨＡ","address":"長崎県島原市高島１丁目３３５－１","source":"長崎県 食品営業許可一覧"},"geometry":{"type":"Point","coordinates":[130.372751,32.787282]}},{"type":"Feature","properties":{"layer_id":"cafe_restaurant","name":"６４１４６　池田病院","address":"長崎県島原市湖南町６８９３－２","source":"長崎県 食品営業許可一覧"},"geometry":{"type":"Point","coordinates":[130.368311,32.778264]}},{"type":"Feature","properties":{"layer_id":"cafe_restaurant","name":"シェフズキッチンＮａｋａｍｕｒａ","address":"長崎県島原市鎌田町丁４０２２－２","source":"長崎県 食品営業許可一覧"},"geometry":{"type":"Point","coordinates":[130.367399,32.74794]}},{"type":"Feature","properties":{"layer_id":"cafe_restaurant","name":"ＢＡＲ　ＳＵＮ","address":"長崎県島原市中町８５０","source":"長崎県 食品営業許可一覧"},"geometry":{"type":"Point","coordinates":[130.369564,32.790087]}},{"type":"Feature","properties":{"layer_id":"cafe_restaurant","name":"イワナガフーズ（肉のいわなが）","address":"長崎県島原市堀町１７６","source":"長崎県 食品営業許可一覧"},"geometry":{"type":"Point","coordinates":[130.369355,32.785175]}},{"type":"Feature","properties":{"layer_id":"cafe_restaurant","name":"彩園","address":"長崎県島原市高島１丁目４２４","source":"長崎県 食品営業許可一覧"},"geometry":{"type":"Point","coordinates":[130.372751,32.787282]}},{"type":"Feature","properties":{"layer_id":"cafe_restaurant","name":"てんまや","address":"長崎県島原市蛭子町１丁目９２３－２","source":"長崎県 食品営業許可一覧"},"geometry":{"type":"Point","coordinates":[130.372894,32.779998]}},{"type":"Feature","properties":{"layer_id":"cafe_restaurant","name":"千秋","address":"長崎県島原市中堀町２９ 梅月ビル 1F","source":"長崎県 食品営業許可一覧"},"geometry":{"type":"Point","coordinates":[130.369718,32.782086]}},{"type":"Feature","properties":{"layer_id":"cafe_restaurant","name":"ＳＵＳＨＩ　ＤＩＮＩＮＧ　和","address":"長崎県島原市新町二丁目２４１","source":"長崎県 食品営業許可一覧"},"geometry":{"type":"Point","coordinates":[130.371183,32.78442]}},{"type":"Feature","properties":{"layer_id":"cafe_restaurant","name":"フェリーくまもと","address":"長崎県島原市下川尻町7番地５","source":"長崎県 食品営業許可一覧"},"geometry":{"type":"Point","coordinates":[130.373515,32.766651]}},{"type":"Feature","properties":{"layer_id":"cafe_restaurant","name":"レインボーかもめ","address":"長崎県島原市下川尻町７番地５　島原港～熊本港","source":"長崎県 食品営業許可一覧"},"geometry":{"type":"Point","coordinates":[130.373515,32.766651]}},{"type":"Feature","properties":{"layer_id":"cafe_restaurant","name":"カラオケBanBan 島原店","address":"長崎県島原市新馬場町848-2","source":"長崎県 食品営業許可一覧"},"geometry":{"type":"Point","coordinates":[130.367135,32.798155]}},{"type":"Feature","properties":{"layer_id":"cafe_restaurant","name":"居酒屋あじしん","address":"長崎県島原市西八幡町8440-1","source":"長崎県 食品営業許可一覧"},"geometry":{"type":"Point","coordinates":[130.370082,32.775423]}},{"type":"Feature","properties":{"layer_id":"cafe_restaurant","name":"居酒屋たかし","address":"長崎県島原市高島二丁目２８９－２","source":"長崎県 食品営業許可一覧"},"geometry":{"type":"Point","coordinates":[130.373019,32.785366]}},{"type":"Feature","properties":{"layer_id":"cafe_restaurant","name":"焼肉竹林外港店","address":"長崎県島原市湊町４８－１","source":"長崎県 食品営業許可一覧"},"geometry":{"type":"Point","coordinates":[130.371108,32.769114]}},{"type":"Feature","properties":{"layer_id":"cafe_restaurant","name":"山崎産婦人科医院　事業所","address":"長崎県島原市湊町３５０","source":"長崎県 食品営業許可一覧"},"geometry":{"type":"Point","coordinates":[130.373319,32.772519]}},{"type":"Feature","properties":{"layer_id":"cafe_restaurant","name":"居酒屋　ゆとり","address":"長崎県島原市万町５０１－１","source":"長崎県 食品営業許可一覧"},"geometry":{"type":"Point","coordinates":[130.369422,32.786568]}},{"type":"Feature","properties":{"layer_id":"cafe_restaurant","name":"ギャラリーつくし","address":"長崎県島原市柏野町１４６７－３","source":"長崎県 食品営業許可一覧"},"geometry":{"type":"Point","coordinates":[130.357245,32.796274]}},{"type":"Feature","properties":{"layer_id":"cafe_restaurant","name":"久遠チョコレート島原","address":"長崎県島原市宮の町740-1","source":"長崎県 食品営業許可一覧"},"geometry":{"type":"Point","coordinates":[130.369995,32.792691]}},{"type":"Feature","properties":{"layer_id":"cafe_restaurant","name":"焼肉館ながた","address":"長崎県島原市前浜町55-1","source":"長崎県 食品営業許可一覧"},"geometry":{"type":"Point","coordinates":[130.360976,32.806108]}},{"type":"Feature","properties":{"layer_id":"cafe_restaurant","name":"カラオケステージ　Ｖ","address":"長崎県島原市前浜町丙２－１","source":"長崎県 食品営業許可一覧"},"geometry":{"type":"Point","coordinates":[130.360976,32.806108]}},{"type":"Feature","properties":{"layer_id":"cafe_restaurant","name":"株式会社萩原ミート","address":"長崎県島原市蛭子町2丁目952番地","source":"長崎県 食品営業許可一覧"},"geometry":{"type":"Point","coordinates":[130.373926,32.778672]}},{"type":"Feature","properties":{"layer_id":"cafe_restaurant","name":"らーめん家　ふうふう","address":"長崎県島原市片町６４７番地１","source":"長崎県 食品営業許可一覧"},"geometry":{"type":"Point","coordinates":[130.370516,32.790165]}},{"type":"Feature","properties":{"layer_id":"cafe_restaurant","name":"ＭＡＲＵＺＥＮカフェ","address":"長崎県島原市有明町大三東丙２６８－１","source":"長崎県 食品営業許可一覧"},"geometry":{"type":"Point","coordinates":[130.342096,32.847692]}},{"type":"Feature","properties":{"layer_id":"cafe_restaurant","name":"Hitomi","address":"長崎県島原市万町５１４　ウォータービル２F","source":"長崎県 食品営業許可一覧"},"geometry":{"type":"Point","coordinates":[130.369305,32.786592]}},{"type":"Feature","properties":{"layer_id":"cafe_restaurant","name":"おにぎり居酒屋　楽人","address":"長崎県島原市桜町５１２－８","source":"長崎県 食品営業許可一覧"},"geometry":{"type":"Point","coordinates":[130.368503,32.786204]}},{"type":"Feature","properties":{"layer_id":"cafe_restaurant","name":"ＪＵＮＡ","address":"長崎県島原市高島１丁目４２４番地","source":"長崎県 食品営業許可一覧"},"geometry":{"type":"Point","coordinates":[130.372751,32.787282]}},{"type":"Feature","properties":{"layer_id":"cafe_restaurant","name":"島原船津駅（構内準備室）","address":"長崎県島原市津町４０９番地１","source":"長崎県 食品営業許可一覧"},"geometry":{"type":"Point","coordinates":[130.375989,32.776149]}},{"type":"Feature","properties":{"layer_id":"cafe_restaurant","name":"百火堂","address":"長崎県島原市新町一丁目４６１","source":"長崎県 食品営業許可一覧"},"geometry":{"type":"Point","coordinates":[130.370067,32.78536]}},{"type":"Feature","properties":{"layer_id":"cafe_restaurant","name":"ローソン島原寺町店","address":"長崎県島原市寺町1157-1","source":"長崎県 食品営業許可一覧"},"geometry":{"type":"Point","coordinates":[130.366332,32.783227]}},{"type":"Feature","properties":{"layer_id":"cafe_restaurant","name":"鰻の成瀬　島原店／みそ家","address":"長崎県島原市前浜町丙２番地１","source":"長崎県 食品営業許可一覧"},"geometry":{"type":"Point","coordinates":[130.360976,32.806108]}},{"type":"Feature","properties":{"layer_id":"cafe_restaurant","name":"ファミリーマート島原有明店","address":"長崎県島原市有明町大三東丙２３５－２","source":"長崎県 食品営業許可一覧"},"geometry":{"type":"Point","coordinates":[130.343053,32.847026]}},{"type":"Feature","properties":{"layer_id":"cafe_restaurant","name":"藤田屋本家（喫茶コーナー）","address":"長崎県島原市今川町１８５０番地８","source":"長崎県 食品営業許可一覧"},"geometry":{"type":"Point","coordinates":[130.367167,32.787296]}},{"type":"Feature","properties":{"layer_id":"cafe_restaurant","name":"どて焼","address":"長崎県島原市新町1丁目238","source":"長崎県 食品営業許可一覧"},"geometry":{"type":"Point","coordinates":[130.370408,32.785511]}},{"type":"Feature","properties":{"layer_id":"cafe_restaurant","name":"ＰＥＡＲＬＳパール","address":"長崎県島原市新町１丁目４８５番地６","source":"長崎県 食品営業許可一覧"},"geometry":{"type":"Point","coordinates":[130.370067,32.78536]}},{"type":"Feature","properties":{"layer_id":"cafe_restaurant","name":"串焼き　とり鐵","address":"長崎県島原市秩父が浦町３５３４－１","source":"長崎県 食品営業許可一覧"},"geometry":{"type":"Point","coordinates":[130.371101,32.75863]}},{"type":"Feature","properties":{"layer_id":"cafe_restaurant","name":"Lit　七万石","address":"長崎県島原市新町1丁目４６４","source":"長崎県 食品営業許可一覧"},"geometry":{"type":"Point","coordinates":[130.370067,32.78536]}},{"type":"Feature","properties":{"layer_id":"cafe_restaurant","name":"Rico","address":"長崎県島原市中堀町156-6 1F","source":"長崎県 食品営業許可一覧"},"geometry":{"type":"Point","coordinates":[130.369718,32.782086]}},{"type":"Feature","properties":{"layer_id":"cafe_restaurant","name":"雲仙岳災害記念館","address":"長崎県島原市平成町１－１","source":"長崎県 食品営業許可一覧"},"geometry":{"type":"Point","coordinates":[130.375281,32.744006]}},{"type":"Feature","properties":{"layer_id":"cafe_restaurant","name":"リカーズアイランド","address":"長崎県島原市新町１丁目２３３－１","source":"長崎県 食品営業許可一覧"},"geometry":{"type":"Point","coordinates":[130.370067,32.78536]}},{"type":"Feature","properties":{"layer_id":"cafe_restaurant","name":"EATING SPACE GARAGE","address":"長崎県島原市新町１丁目１２７－９ パークビル１Ｆ","source":"長崎県 食品営業許可一覧"},"geometry":{"type":"Point","coordinates":[130.370067,32.78536]}},{"type":"Feature","properties":{"layer_id":"cafe_restaurant","name":"おい家","address":"長崎県島原市新湊２丁目２０８９－９","source":"長崎県 食品営業許可一覧"},"geometry":{"type":"Point","coordinates":[130.36128,32.76163]}},{"type":"Feature","properties":{"layer_id":"cafe_restaurant","name":"秀　La Cucina FAR","address":"長崎県島原市堀町197-5","source":"長崎県 食品営業許可一覧"},"geometry":{"type":"Point","coordinates":[130.369386,32.785027]}},{"type":"Feature","properties":{"layer_id":"cafe_restaurant","name":"ファミリーマート雲仙グリーンロード有明店","address":"長崎県島原市有明町湯江丙字西小久堀１７８８番地４","source":"長崎県 食品営業許可一覧"},"geometry":{"type":"Point","coordinates":[130.31427,32.848429]}},{"type":"Feature","properties":{"layer_id":"cafe_restaurant","name":"雄友庵","address":"長崎県島原市鎌田町丁４０００","source":"長崎県 食品営業許可一覧"},"geometry":{"type":"Point","coordinates":[130.367399,32.74794]}},{"type":"Feature","properties":{"layer_id":"cafe_restaurant","name":"あんしんハウス新館","address":"長崎県島原市城見町４９５０－１","source":"長崎県 食品営業許可一覧"},"geometry":{"type":"Point","coordinates":[130.357294,32.789278]}},{"type":"Feature","properties":{"layer_id":"cafe_restaurant","name":"マルタ食品","address":"長崎県島原市新馬場町８２６－６","source":"長崎県 食品営業許可一覧"},"geometry":{"type":"Point","coordinates":[130.367135,32.798155]}},{"type":"Feature","properties":{"layer_id":"cafe_restaurant","name":"マルタ食品","address":"長崎県島原市中堀町１５８－４","source":"長崎県 食品営業許可一覧"},"geometry":{"type":"Point","coordinates":[130.369718,32.782086]}},{"type":"Feature","properties":{"layer_id":"cafe_restaurant","name":"Novella","address":"長崎県島原市高島１－３３５ー３ 創元ビル１ーC","source":"長崎県 食品営業許可一覧"},"geometry":{"type":"Point","coordinates":[130.372751,32.787282]}},{"type":"Feature","properties":{"layer_id":"cafe_restaurant","name":"島原アミューズメントカフェズ（シューティングカフェ）","address":"長崎県島原市万町５０８番地 ３F","source":"長崎県 食品営業許可一覧"},"geometry":{"type":"Point","coordinates":[130.369422,32.786568]}},{"type":"Feature","properties":{"layer_id":"cafe_restaurant","name":"島原ステーションホテル","address":"長崎県島原市今川町９３０","source":"長崎県 食品営業許可一覧"},"geometry":{"type":"Point","coordinates":[130.367167,32.787296]}},{"type":"Feature","properties":{"layer_id":"cafe_restaurant","name":"酒処さゝ","address":"長崎県島原市万町５０５－３","source":"長崎県 食品営業許可一覧"},"geometry":{"type":"Point","coordinates":[130.369513,32.786345]}},{"type":"Feature","properties":{"layer_id":"cafe_restaurant","name":"Kitchen House","address":"長崎県島原市梅園町丁２８７０番地 株式会社島原自動車学校内","source":"長崎県 食品営業許可一覧"},"geometry":{"type":"Point","coordinates":[130.365629,32.753837]}},{"type":"Feature","properties":{"layer_id":"cafe_restaurant","name":"升金の倉","address":"長崎県島原市湊新地町４５０－１","source":"長崎県 食品営業許可一覧"},"geometry":{"type":"Point","coordinates":[130.375514,32.77418]}},{"type":"Feature","properties":{"layer_id":"cafe_restaurant","name":"島原　お食事処　かもめ亭　－SEAGULL－","address":"長崎県島原市津町５１２－２","source":"長崎県 食品営業許可一覧"},"geometry":{"type":"Point","coordinates":[130.375657,32.776501]}},{"type":"Feature","properties":{"layer_id":"cafe_restaurant","name":"居心地屋　だいおう","address":"長崎県島原市新町１－２２７","source":"長崎県 食品営業許可一覧"},"geometry":{"type":"Point","coordinates":[130.370067,32.78536]}},{"type":"Feature","properties":{"layer_id":"cafe_restaurant","name":"セブン‐イレブン島原稗田町店","address":"長崎県島原市稗田町２１７－１","source":"長崎県 食品営業許可一覧"},"geometry":{"type":"Point","coordinates":[130.351486,32.810041]}},{"type":"Feature","properties":{"layer_id":"cafe_restaurant","name":"元祖　姫松屋　新町","address":"長崎県島原市新町１丁目２２０","source":"長崎県 食品営業許可一覧"},"geometry":{"type":"Point","coordinates":[130.369932,32.785671]}},{"type":"Feature","properties":{"layer_id":"cafe_restaurant","name":"食楽酒房 彩楽","address":"長崎県島原市新町１丁目１２７－３","source":"長崎県 食品営業許可一覧"},"geometry":{"type":"Point","coordinates":[130.370067,32.78536]}},{"type":"Feature","properties":{"layer_id":"cafe_restaurant","name":"本村商店","address":"長崎県島原市中尾町乙１７１０－１","source":"長崎県 食品営業許可一覧"},"geometry":{"type":"Point","coordinates":[130.348275,32.804033]}},{"type":"Feature","properties":{"layer_id":"cafe_restaurant","name":"居酒屋　おかえり","address":"長崎県島原市高島２丁目７１９０－７","source":"長崎県 食品営業許可一覧"},"geometry":{"type":"Point","coordinates":[130.373019,32.785366]}},{"type":"Feature","properties":{"layer_id":"cafe_restaurant","name":"銀水","address":"長崎県島原市白土桃山二丁目１０９３番地","source":"長崎県 食品営業許可一覧"},"geometry":{"type":"Point","coordinates":[130.374752,32.778841]}},{"type":"Feature","properties":{"layer_id":"cafe_restaurant","name":"いのうえ鮮魚","address":"長崎県島原市有明町湯江丙４－３　まるたか有明店内","source":"長崎県 食品営業許可一覧"},"geometry":{"type":"Point","coordinates":[130.325212,32.861324]}},{"type":"Feature","properties":{"layer_id":"cafe_restaurant","name":"いけすろばた佐藤","address":"長崎県島原市湊町40","source":"長崎県 食品営業許可一覧"},"geometry":{"type":"Point","coordinates":[130.372097,32.768973]}},{"type":"Feature","properties":{"layer_id":"cafe_restaurant","name":"カレーハウスCoCo壱番屋　島原柏野町店","address":"長崎県島原市柏野町1624番地1","source":"長崎県 食品営業許可一覧"},"geometry":{"type":"Point","coordinates":[130.357245,32.796274]}},{"type":"Feature","properties":{"layer_id":"cafe_restaurant","name":"島原市新農泊推進協議会ブラボーワールド","address":"長崎県島原市寺中町丙２４８２－３","source":"長崎県 食品営業許可一覧"},"geometry":{"type":"Point","coordinates":[130.342366,32.819647]}},{"type":"Feature","properties":{"layer_id":"cafe_restaurant","name":"濵かつ島原新馬場店","address":"長崎県島原市新馬場町848-1","source":"長崎県 食品営業許可一覧"},"geometry":{"type":"Point","coordinates":[130.367135,32.798155]}},{"type":"Feature","properties":{"layer_id":"cafe_restaurant","name":"りみまか族","address":"長崎県島原市新湊２丁目丙２０８９－１５","source":"長崎県 食品営業許可一覧"},"geometry":{"type":"Point","coordinates":[130.36128,32.76163]}},{"type":"Feature","properties":{"layer_id":"cafe_restaurant","name":"お好み焼「でいとす」","address":"長崎県島原市有明町湯江甲６３８","source":"長崎県 食品営業許可一覧"},"geometry":{"type":"Point","coordinates":[130.328234,32.852931]}},{"type":"Feature","properties":{"layer_id":"cafe_restaurant","name":"味処　ともこ","address":"長崎県島原市新町１丁目４８８","source":"長崎県 食品営業許可一覧"},"geometry":{"type":"Point","coordinates":[130.370067,32.78536]}},{"type":"Feature","properties":{"layer_id":"cafe_restaurant","name":"株式会社日進開発　HOTELシーサイド島原　レストラン","address":"長崎県島原市新湊１丁目３８－１","source":"長崎県 食品営業許可一覧"},"geometry":{"type":"Point","coordinates":[130.37065,32.762595]}},{"type":"Feature","properties":{"layer_id":"cafe_restaurant","name":"株式会社日進開発　HOTELシーサイド島原　旅館","address":"長崎県島原市新湊１丁目３８－１","source":"長崎県 食品営業許可一覧"},"geometry":{"type":"Point","coordinates":[130.37065,32.762595]}},{"type":"Feature","properties":{"layer_id":"cafe_restaurant","name":"漁人市場　とっとっと","address":"長崎県島原市湊新地町４５１","source":"長崎県 食品営業許可一覧"},"geometry":{"type":"Point","coordinates":[130.377578,32.773732]}},{"type":"Feature","properties":{"layer_id":"cafe_restaurant","name":"ウオクニ株式会社　十八親和銀行　不知火寮","address":"長崎県島原市城内２丁目１００２－２","source":"長崎県 食品営業許可一覧"},"geometry":{"type":"Point","coordinates":[130.364185,32.794854]}},{"type":"Feature","properties":{"layer_id":"cafe_restaurant","name":"九州電力　田屋敷寮","address":"長崎県島原市城内２丁目１０４３－２","source":"長崎県 食品営業許可一覧"},"geometry":{"type":"Point","coordinates":[130.364185,32.794854]}},{"type":"Feature","properties":{"layer_id":"cafe_restaurant","name":"カフェ・サラマンジェ","address":"長崎県島原市堀町１７２番地","source":"長崎県 食品営業許可一覧"},"geometry":{"type":"Point","coordinates":[130.369355,32.784585]}},{"type":"Feature","properties":{"layer_id":"cafe_restaurant","name":"白土湖珈琲館","address":"長崎県島原市白土町１１４１－１","source":"長崎県 食品営業許可一覧"},"geometry":{"type":"Point","coordinates":[130.367939,32.781248]}},{"type":"Feature","properties":{"layer_id":"cafe_restaurant","name":"元氣茶屋　想々","address":"長崎県島原市中堀町１５６－７番地","source":"長崎県 食品営業許可一覧"},"geometry":{"type":"Point","coordinates":[130.369718,32.782086]}},{"type":"Feature","properties":{"layer_id":"cafe_restaurant","name":"食処　山口家","address":"長崎県島原市中堀町１５９－１中山ビル２F","source":"長崎県 食品営業許可一覧"},"geometry":{"type":"Point","coordinates":[130.369718,32.782086]}},{"type":"Feature","properties":{"layer_id":"cafe_restaurant","name":"鳥料理　いむら","address":"長崎県島原市浦田１丁目７８４","source":"長崎県 食品営業許可一覧"},"geometry":{"type":"Point","coordinates":[130.372708,32.778489]}},{"type":"Feature","properties":{"layer_id":"cafe_restaurant","name":"ろ・ろ","address":"長崎県島原市新町1-505-6","source":"長崎県 食品営業許可一覧"},"geometry":{"type":"Point","coordinates":[130.370067,32.78536]}},{"type":"Feature","properties":{"layer_id":"cafe_restaurant","name":"ALICE","address":"長崎県島原市万町５０５－６","source":"長崎県 食品営業許可一覧"},"geometry":{"type":"Point","coordinates":[130.369654,32.786332]}},{"type":"Feature","properties":{"layer_id":"cafe_restaurant","name":"仕出し・弁当　千成","address":"長崎県島原市坂上町６９７９番地６","source":"長崎県 食品営業許可一覧"},"geometry":{"type":"Point","coordinates":[130.370671,32.777841]}},{"type":"Feature","properties":{"layer_id":"cafe_restaurant","name":"たこ焼・お好焼　ター坊","address":"長崎県島原市南安徳町丁４４４６","source":"長崎県 食品営業許可一覧"},"geometry":{"type":"Point","coordinates":[130.368663,32.7425]}},{"type":"Feature","properties":{"layer_id":"cafe_restaurant","name":"島原茶屋","address":"長崎県島原市新町１丁目４８３－１","source":"長崎県 食品営業許可一覧"},"geometry":{"type":"Point","coordinates":[130.370067,32.78536]}},{"type":"Feature","properties":{"layer_id":"cafe_restaurant","name":"丸望","address":"長崎県島原市新町１丁目４８５－６","source":"長崎県 食品営業許可一覧"},"geometry":{"type":"Point","coordinates":[130.370067,32.78536]}},{"type":"Feature","properties":{"layer_id":"cafe_restaurant","name":"スターバックスコーヒー TSUTAYA BOOKSTORE 島原","address":"長崎県島原市城内3丁目1600-1","source":"長崎県 食品営業許可一覧"},"geometry":{"type":"Point","coordinates":[130.362473,32.798199]}},{"type":"Feature","properties":{"layer_id":"cafe_restaurant","name":"pesceco","address":"長崎県島原市新馬場町２2３－１","source":"長崎県 食品営業許可一覧"},"geometry":{"type":"Point","coordinates":[130.367135,32.798155]}},{"type":"Feature","properties":{"layer_id":"cafe_restaurant","name":"セブンイレブン島原原口町店","address":"長崎県島原市原口町３９５－１","source":"長崎県 食品営業許可一覧"},"geometry":{"type":"Point","coordinates":[130.334116,32.819773]}},{"type":"Feature","properties":{"layer_id":"cafe_restaurant","name":"レストラン　ラ・プラージュ　株式会社ホテル南風楼","address":"長崎県島原市弁天町２丁目７３３１－１","source":"長崎県 食品営業許可一覧"},"geometry":{"type":"Point","coordinates":[130.375553,32.783375]}},{"type":"Feature","properties":{"layer_id":"cafe_restaurant","name":"薄田惣菜店","address":"長崎県島原市栄町８６３２","source":"長崎県 食品営業許可一覧"},"geometry":{"type":"Point","coordinates":[130.368,32.773932]}},{"type":"Feature","properties":{"layer_id":"cafe_restaurant","name":"手打ちうどん　ほんだ","address":"長崎県島原市加美町1010-4","source":"長崎県 食品営業許可一覧"},"geometry":{"type":"Point","coordinates":[130.368478,32.784371]}},{"type":"Feature","properties":{"layer_id":"cafe_restaurant","name":"丸弐　島原店","address":"長崎県島原市片町５４６－３","source":"長崎県 食品営業許可一覧"},"geometry":{"type":"Point","coordinates":[130.370516,32.790165]}},{"type":"Feature","properties":{"layer_id":"cafe_restaurant","name":"チャーリーカレー","address":"長崎県島原市湊町３７番地","source":"長崎県 食品営業許可一覧"},"geometry":{"type":"Point","coordinates":[130.372014,32.769049]}},{"type":"Feature","properties":{"layer_id":"cafe_restaurant","name":"Jasmine","address":"長崎県島原市高島一丁目４５３番地７","source":"長崎県 食品営業許可一覧"},"geometry":{"type":"Point","coordinates":[130.372751,32.787282]}},{"type":"Feature","properties":{"layer_id":"cafe_restaurant","name":"白龍","address":"長崎県島原市坂上町7533-1","source":"長崎県 食品営業許可一覧"},"geometry":{"type":"Point","coordinates":[130.370929,32.778091]}},{"type":"Feature","properties":{"layer_id":"cafe_restaurant","name":"VCポイントショップニチエー店","address":"長崎県島原市大下町丙１３０９－１","source":"長崎県 食品営業許可一覧"},"geometry":{"type":"Point","coordinates":[130.360945,32.753258]}},{"type":"Feature","properties":{"layer_id":"cafe_restaurant","name":"茶処　瓢箪","address":"長崎県島原市新湊1丁目丙２１７３","source":"長崎県 食品営業許可一覧"},"geometry":{"type":"Point","coordinates":[130.36694,32.763421]}},{"type":"Feature","properties":{"layer_id":"cafe_restaurant","name":"鯉の泳ぐまち観光交流センター清流亭","address":"長崎県島原市新町2丁目２４７－１","source":"長崎県 食品営業許可一覧"},"geometry":{"type":"Point","coordinates":[130.371183,32.78442]}},{"type":"Feature","properties":{"layer_id":"cafe_restaurant","name":"ホテル南風楼","address":"長崎県島原市弁天町２丁目７３３１番地１","source":"長崎県 食品営業許可一覧"},"geometry":{"type":"Point","coordinates":[130.375553,32.783375]}},{"type":"Feature","properties":{"layer_id":"cafe_restaurant","name":"浪花寿し","address":"長崎県島原市中堀町３２番地","source":"長崎県 食品営業許可一覧"},"geometry":{"type":"Point","coordinates":[130.369718,32.782086]}},{"type":"Feature","properties":{"layer_id":"cafe_restaurant","name":"ダ　チルコラーレ","address":"長崎県島原市前浜町乙５９－１","source":"長崎県 食品営業許可一覧"},"geometry":{"type":"Point","coordinates":[130.360976,32.806108]}},{"type":"Feature","properties":{"layer_id":"cafe_restaurant","name":"藤乃井旅館","address":"長崎県島原市湊町２２番地","source":"長崎県 食品営業許可一覧"},"geometry":{"type":"Point","coordinates":[130.371771,32.768597]}},{"type":"Feature","properties":{"layer_id":"cafe_restaurant","name":"焼肉竹林北門店","address":"長崎県島原市北門町１５６４ー１","source":"長崎県 食品営業許可一覧"},"geometry":{"type":"Point","coordinates":[130.362496,32.801196]}},{"type":"Feature","properties":{"layer_id":"cafe_restaurant","name":"中華和が家","address":"長崎県島原市西八幡町８３９３－２","source":"長崎県 食品営業許可一覧"},"geometry":{"type":"Point","coordinates":[130.369929,32.772706]}},{"type":"Feature","properties":{"layer_id":"cafe_restaurant","name":"串揚げ、天ぷら　シルクロード・パートⅡ","address":"長崎県島原市上の町８６８番地","source":"長崎県 食品営業許可一覧"},"geometry":{"type":"Point","coordinates":[130.369377,32.789417]}},{"type":"Feature","properties":{"layer_id":"cafe_restaurant","name":"Maison","address":"長崎県島原市高島一丁目４２４","source":"長崎県 食品営業許可一覧"},"geometry":{"type":"Point","coordinates":[130.372751,32.787282]}},{"type":"Feature","properties":{"layer_id":"cafe_restaurant","name":"SANTABA　kitchen　HOUSE","address":"長崎県島原市有明町大三東丁４６－２","source":"長崎県 食品営業許可一覧"},"geometry":{"type":"Point","coordinates":[130.335373,32.844929]}},{"type":"Feature","properties":{"layer_id":"cafe_restaurant","name":"茶房　速魚川","address":"長崎県島原市上の町９１２番地","source":"長崎県 食品営業許可一覧"},"geometry":{"type":"Point","coordinates":[130.369156,32.789473]}},{"type":"Feature","properties":{"layer_id":"cafe_restaurant","name":"居酒屋　金ちゃん","address":"長崎県島原市南柏野町２７０４","source":"長崎県 食品営業許可一覧"},"geometry":{"type":"Point","coordinates":[130.359102,32.794987]}},{"type":"Feature","properties":{"layer_id":"cafe_restaurant","name":"姫松屋","address":"長崎県島原市城内１丁目１２０８番地３","source":"長崎県 食品営業許可一覧"},"geometry":{"type":"Point","coordinates":[130.366253,32.790779]}},{"type":"Feature","properties":{"layer_id":"cafe_restaurant","name":"若竹丸　島原店","address":"長崎県島原市城内３丁目１２７５－１","source":"長崎県 食品営業許可一覧"},"geometry":{"type":"Point","coordinates":[130.362473,32.798199]}},{"type":"Feature","properties":{"layer_id":"cafe_restaurant","name":"ファミリーマート　島原港店","address":"長崎県島原市下川尻町72-76","source":"長崎県 食品営業許可一覧"},"geometry":{"type":"Point","coordinates":[130.369119,32.769089]}},{"type":"Feature","properties":{"layer_id":"cafe_restaurant","name":"酒・食事処　くまちゃん","address":"長崎県島原市上の町859","source":"長崎県 食品営業許可一覧"},"geometry":{"type":"Point","coordinates":[130.369156,32.789473]}},{"type":"Feature","properties":{"layer_id":"cafe_restaurant","name":"平野鮮魚","address":"長崎県島原市中組町２５７－１","source":"長崎県 食品営業許可一覧"},"geometry":{"type":"Point","coordinates":[130.374415,32.772778]}},{"type":"Feature","properties":{"layer_id":"cafe_restaurant","name":"たこ焼き　ひろ坊","address":"長崎県島原市湊町８６","source":"長崎県 食品営業許可一覧"},"geometry":{"type":"Point","coordinates":[130.37299,32.770055]}},{"type":"Feature","properties":{"layer_id":"cafe_restaurant","name":"じゅうじゅう","address":"長崎県島原市西八幡町8502-1 サンライズ西八幡102","source":"長崎県 食品営業許可一覧"},"geometry":{"type":"Point","coordinates":[130.368202,32.775091]}},{"type":"Feature","properties":{"layer_id":"cafe_restaurant","name":"セブンイレブン島原城見町店","address":"長崎県島原市城見町4957-1","source":"長崎県 食品営業許可一覧"},"geometry":{"type":"Point","coordinates":[130.357294,32.789278]}},{"type":"Feature","properties":{"layer_id":"cafe_restaurant","name":"セブンイレブン島原北門町店","address":"長崎県島原市北門町１２９７－１","source":"長崎県 食品営業許可一覧"},"geometry":{"type":"Point","coordinates":[130.362496,32.801196]}},{"type":"Feature","properties":{"layer_id":"cafe_restaurant","name":"OLLA","address":"長崎県島原市中組町２７２－１","source":"長崎県 食品営業許可一覧"},"geometry":{"type":"Point","coordinates":[130.373769,32.773602]}},{"type":"Feature","properties":{"layer_id":"cafe_restaurant","name":"陽光寿司","address":"長崎県島原市高島２丁目２８９－２","source":"長崎県 食品営業許可一覧"},"geometry":{"type":"Point","coordinates":[130.373019,32.785366]}},{"type":"Feature","properties":{"layer_id":"cafe_restaurant","name":"Genten","address":"長崎県島原市中組町2番地","source":"長崎県 食品営業許可一覧"},"geometry":{"type":"Point","coordinates":[130.373697,32.774715]}},{"type":"Feature","properties":{"layer_id":"cafe_restaurant","name":"高城病院","address":"長崎県島原市中野町丙１１６５","source":"長崎県 食品営業許可一覧"},"geometry":{"type":"Point","coordinates":[130.347143,32.824848]}},{"type":"Feature","properties":{"layer_id":"cafe_restaurant","name":"かあちゃん弁当","address":"長崎県島原市有明町湯江丁3479-2","source":"長崎県 食品営業許可一覧"},"geometry":{"type":"Point","coordinates":[130.304404,32.838426]}},{"type":"Feature","properties":{"layer_id":"cafe_restaurant","name":"居酒屋　祭","address":"長崎県島原市中堀町29 梅月ビル１F","source":"長崎県 食品営業許可一覧"},"geometry":{"type":"Point","coordinates":[130.369718,32.782086]}},{"type":"Feature","properties":{"layer_id":"cafe_restaurant","name":"遊食喫茶　水月","address":"長崎県島原市新湊２丁目丙２０８９","source":"長崎県 食品営業許可一覧"},"geometry":{"type":"Point","coordinates":[130.36128,32.76163]}},{"type":"Feature","properties":{"layer_id":"cafe_restaurant","name":"海鮮食堂　舟屋","address":"長崎県島原市秩父が浦町丁３５３９－５０","source":"長崎県 食品営業許可一覧"},"geometry":{"type":"Point","coordinates":[130.371101,32.75863]}},{"type":"Feature","properties":{"layer_id":"cafe_restaurant","name":"太郎","address":"長崎県島原市湊町２８０番２号","source":"長崎県 食品営業許可一覧"},"geometry":{"type":"Point","coordinates":[130.372303,32.770422]}},{"type":"Feature","properties":{"layer_id":"cafe_restaurant","name":"プチ城元","address":"長崎県島原市中堀町１５６－６ 中央プラザビルB号","source":"長崎県 食品営業許可一覧"},"geometry":{"type":"Point","coordinates":[130.369718,32.782086]}},{"type":"Feature","properties":{"layer_id":"cafe_restaurant","name":"ありあけ食堂","address":"長崎県島原市有明町大三東戊８７－９","source":"長崎県 食品営業許可一覧"},"geometry":{"type":"Point","coordinates":[130.33949,32.849371]}},{"type":"Feature","properties":{"layer_id":"cafe_restaurant","name":"居酒屋　割烹　雲仙","address":"長崎県島原市高島一丁目４２４－５　１階","source":"長崎県 食品営業許可一覧"},"geometry":{"type":"Point","coordinates":[130.372751,32.787282]}},{"type":"Feature","properties":{"layer_id":"cafe_restaurant","name":"トミーズ島原店","address":"長崎県島原市北門町９９－１","source":"長崎県 食品営業許可一覧"},"geometry":{"type":"Point","coordinates":[130.362496,32.801196]}},{"type":"Feature","properties":{"layer_id":"cafe_restaurant","name":"セブンイレブン島原有明町店","address":"長崎県島原市有明町大三東戊１２３－１","source":"長崎県 食品営業許可一覧"},"geometry":{"type":"Point","coordinates":[130.33758,32.849969]}},{"type":"Feature","properties":{"layer_id":"cafe_restaurant","name":"ビジネスホテル千鳥","address":"長崎県島原市弁天町２丁目７３９３－４","source":"長崎県 食品営業許可一覧"},"geometry":{"type":"Point","coordinates":[130.375553,32.783375]}},{"type":"Feature","properties":{"layer_id":"cafe_restaurant","name":"心真","address":"長崎県島原市新町１－２２７","source":"長崎県 食品営業許可一覧"},"geometry":{"type":"Point","coordinates":[130.36993,32.785686]}},{"type":"Feature","properties":{"layer_id":"cafe_restaurant","name":"居酒屋　一休","address":"長崎県島原市新町１丁目４８５－２　新ラインビル１Ｆ","source":"長崎県 食品営業許可一覧"},"geometry":{"type":"Point","coordinates":[130.370067,32.78536]}},{"type":"Feature","properties":{"layer_id":"cafe_restaurant","name":"お食事処　かあちゃん","address":"長崎県島原市有明町大三東戊６８６番地１","source":"長崎県 食品営業許可一覧"},"geometry":{"type":"Point","coordinates":[130.335662,32.857471]}},{"type":"Feature","properties":{"layer_id":"cafe_restaurant","name":"ワタナベ食堂","address":"長崎県島原市弁天町１－９０－３","source":"長崎県 食品営業許可一覧"},"geometry":{"type":"Point","coordinates":[130.3721,32.78266]}},{"type":"Feature","properties":{"layer_id":"cafe_restaurant","name":"喫茶ケルン","address":"長崎県島原市高島二丁目２８０","source":"長崎県 食品営業許可一覧"},"geometry":{"type":"Point","coordinates":[130.373019,32.785366]}},{"type":"Feature","properties":{"layer_id":"cafe_restaurant","name":"ちゃんこ力士","address":"長崎県島原市西八幡町８５４５－１７","source":"長崎県 食品営業許可一覧"},"geometry":{"type":"Point","coordinates":[130.368417,32.774799]}},{"type":"Feature","properties":{"layer_id":"cafe_restaurant","name":"いけす料理　いけだ","address":"長崎県島原市秩父が浦町丁３５５２－３４","source":"長崎県 食品営業許可一覧"},"geometry":{"type":"Point","coordinates":[130.371101,32.75863]}},{"type":"Feature","properties":{"layer_id":"cafe_restaurant","name":"てっぱん屋　待夢","address":"長崎県島原市西八幡町８３９０","source":"長崎県 食品営業許可一覧"},"geometry":{"type":"Point","coordinates":[130.369314,32.774889]}},{"type":"Feature","properties":{"layer_id":"cafe_restaurant","name":"お食事処　都一","address":"長崎県島原市桜町９６８","source":"長崎県 食品営業許可一覧"},"geometry":{"type":"Point","coordinates":[130.36886,32.785887]}},{"type":"Feature","properties":{"layer_id":"cafe_restaurant","name":"中華園","address":"長崎県島原市白土桃山二丁目１１５９－４","source":"長崎県 食品営業許可一覧"},"geometry":{"type":"Point","coordinates":[130.37488,32.778763]}},{"type":"Feature","properties":{"layer_id":"cafe_restaurant","name":"ｋｉｋｉ","address":"長崎県島原市高島１丁目４４２　酒楽喰ビル１Ｆ","source":"長崎県 食品営業許可一覧"},"geometry":{"type":"Point","coordinates":[130.372751,32.787282]}},{"type":"Feature","properties":{"layer_id":"cafe_restaurant","name":"いなほ焼き　島原店","address":"長崎県島原市新町１丁目２２２番地","source":"長崎県 食品営業許可一覧"},"geometry":{"type":"Point","coordinates":[130.369757,32.785426]}},{"type":"Feature","properties":{"layer_id":"cafe_restaurant","name":"鮨　彦八","address":"長崎県島原市有明町湯江丁１３－１１８","source":"長崎県 食品営業許可一覧"},"geometry":{"type":"Point","coordinates":[130.324892,32.863744]}},{"type":"Feature","properties":{"layer_id":"cafe_restaurant","name":"製菓材料の店＆テイクアウトカフェ　HIKARIE","address":"長崎県島原市仁田町乙１８４５－５２","source":"長崎県 食品営業許可一覧"},"geometry":{"type":"Point","coordinates":[130.35118,32.755718]}},{"type":"Feature","properties":{"layer_id":"cafe_restaurant","name":"焼肉　華守　KIWAMI　島原店","address":"長崎県島原市中安徳町丁１７７７－５","source":"長崎県 食品営業許可一覧"},"geometry":{"type":"Point","coordinates":[130.367013,32.745092]}},{"type":"Feature","properties":{"layer_id":"cafe_restaurant","name":"株式会社まどか","address":"長崎県島原市万町516番地","source":"長崎県 食品営業許可一覧"},"geometry":{"type":"Point","coordinates":[130.369355,32.786761]}},{"type":"Feature","properties":{"layer_id":"cafe_restaurant","name":"kitchen 一膳","address":"長崎県島原市北門町1593-3","source":"長崎県 食品営業許可一覧"},"geometry":{"type":"Point","coordinates":[130.362496,32.801196]}},{"type":"Feature","properties":{"layer_id":"cafe_restaurant","name":"Tst","address":"長崎県島原市中堀町１５８－１","source":"長崎県 食品営業許可一覧"},"geometry":{"type":"Point","coordinates":[130.369718,32.782086]}},{"type":"Feature","properties":{"layer_id":"cafe_restaurant","name":"TAJMHAL","address":"長崎県島原市秩父が浦町丁３５４８番地１","source":"長崎県 食品営業許可一覧"},"geometry":{"type":"Point","coordinates":[130.371101,32.75863]}},{"type":"Feature","properties":{"layer_id":"cafe_restaurant","name":"天神","address":"長崎県島原市片町731番地","source":"長崎県 食品営業許可一覧"},"geometry":{"type":"Point","coordinates":[130.370516,32.790165]}},{"type":"Feature","properties":{"layer_id":"cafe_restaurant","name":"もとよし食堂","address":"長崎県島原市有明町大三東戊４５４－４","source":"長崎県 食品営業許可一覧"},"geometry":{"type":"Point","coordinates":[130.337133,32.850258]}},{"type":"Feature","properties":{"layer_id":"cafe_restaurant","name":"SHIMABARA DESIGN ART LAB.","address":"長崎県島原市堀町１８１","source":"長崎県 食品営業許可一覧"},"geometry":{"type":"Point","coordinates":[130.369386,32.785027]}},{"type":"Feature","properties":{"layer_id":"cafe_restaurant","name":"めん六や長崎島原店","address":"長崎県島原市新馬場町170番地","source":"厚生労働省 食品衛生申請等システム（オープンデータ）"},"geometry":{"type":"Point","coordinates":[130.367622,32.799918]}},{"type":"Feature","properties":{"layer_id":"cafe_restaurant","name":"うちだ屋　島原店","address":"長崎県島原市有明町大三東乙50-1","source":"厚生労働省 食品衛生申請等システム（オープンデータ）"},"geometry":{"type":"Point","coordinates":[130.345026,32.838353]}},{"type":"Feature","properties":{"layer_id":"cafe_restaurant","name":"パッピンス","address":"長崎県島原市有明町大三東大三東駅駐車場","source":"厚生労働省 食品衛生申請等システム（オープンデータ）"},"geometry":{"type":"Point","coordinates":[130.344684,32.84385]}},{"type":"Feature","properties":{"layer_id":"cafe_restaurant","name":"パッピンス","address":"長崎県島原市本光寺町4865-1","source":"厚生労働省 食品衛生申請等システム（オープンデータ）"},"geometry":{"type":"Point","coordinates":[130.355966,32.78877]}},{"type":"Feature","properties":{"layer_id":"cafe_restaurant","name":"ガスト 島原店","address":"長崎県島原市蛭子町２丁目８７９番地","source":"厚生労働省 食品衛生申請等システム（オープンデータ）"},"geometry":{"type":"Point","coordinates":[130.373737,32.777798]}},{"type":"Feature","properties":{"layer_id":"cafe_restaurant","name":"イーティーズ島原店","address":"長崎県島原市北門町2-1 ダイレックス島原店内","source":"厚生労働省 食品衛生申請等システム（オープンデータ）"},"geometry":{"type":"Point","coordinates":[130.363986,32.802847]}},{"type":"Feature","properties":{"layer_id":"cafe_restaurant","name":"エレナ 島原栄町店","address":"長崎県島原市栄町8334","source":"厚生労働省 食品衛生申請等システム（オープンデータ）"},"geometry":{"type":"Point","coordinates":[130.368897,32.77257]}},{"type":"Feature","properties":{"layer_id":"cafe_restaurant","name":"エレナ　島原店","address":"長崎県島原市城内３丁目１２６３","source":"厚生労働省 食品衛生申請等システム（オープンデータ）"},"geometry":{"type":"Point","coordinates":[130.363079,32.798504]}},{"type":"Feature","properties":{"layer_id":"cafe_restaurant","name":"ほっともっと島原駅前店","address":"長崎県島原市宮の町６５０","source":"厚生労働省 食品衛生申請等システム（オープンデータ）"},"geometry":{"type":"Point","coordinates":[130.369176,32.793199]}},{"type":"Feature","properties":{"layer_id":"cafe_restaurant","name":"福まん家　有明店","address":"長崎県島原市有明町大三東戊125-1","source":"厚生労働省 食品衛生申請等システム（オープンデータ）"},"geometry":{"type":"Point","coordinates":[130.338016,32.850325]}},{"type":"Feature","properties":{"layer_id":"cafe_restaurant","name":"福まん家　島原店","address":"長崎県島原市北門町1593-3","source":"厚生労働省 食品衛生申請等システム（オープンデータ）"},"geometry":{"type":"Point","coordinates":[130.360793,32.799113]}},{"type":"Feature","properties":{"layer_id":"cafe_restaurant","name":"はぎせん市場","address":"長崎県島原市萩原２丁目５１８８","source":"厚生労働省 食品衛生申請等システム（オープンデータ）"},"geometry":{"type":"Point","coordinates":[130.361784,32.78508]}},{"type":"Feature","properties":{"layer_id":"cafe_restaurant","name":"スーパーセンタートライアル島原店","address":"長崎県島原市前浜町丙227番地","source":"厚生労働省 食品衛生申請等システム（オープンデータ）"},"geometry":{"type":"Point","coordinates":[130.357916,32.807978]}},{"type":"Feature","properties":{"layer_id":"cafe_restaurant","name":"スーパーセンタートライアル島原店","address":"長崎県島原市前浜町227番地","source":"厚生労働省 食品衛生申請等システム（オープンデータ）"},"geometry":{"type":"Point","coordinates":[130.357916,32.807978]}},{"type":"Feature","properties":{"layer_id":"cafe_restaurant","name":"ケンタッキーフライドチキンイオン島原店","address":"長崎県島原市弁天町1丁目7080-1 イオン島原の駐車場（敷地内、戸建）","source":"厚生労働省 食品衛生申請等システム（オープンデータ）"},"geometry":{"type":"Point","coordinates":[130.372334,32.783954]}},{"type":"Feature","properties":{"layer_id":"cafe_restaurant","name":"海音","address":"長崎県島原市先魁町1163-10","source":"厚生労働省 食品衛生申請等システム（オープンデータ）"},"geometry":{"type":"Point","coordinates":[130.367526,32.792889]}},{"type":"Feature","properties":{"layer_id":"cafe_restaurant","name":"宝楽","address":"長崎県島原市柿の木町3961-1","source":"厚生労働省 食品衛生申請等システム（オープンデータ）"},"geometry":{"type":"Point","coordinates":[130.355767,32.792905]}},{"type":"Feature","properties":{"layer_id":"cafe_restaurant","name":"ファミリーマート島原城下町店","address":"長崎県島原市今川町931-1","source":"厚生労働省 食品衛生申請等システム（オープンデータ）"},"geometry":{"type":"Point","coordinates":[130.368299,32.787078]}},{"type":"Feature","properties":{"layer_id":"cafe_restaurant","name":"ファミリーマート島原弁天町店","address":"長崎県島原市弁天町一丁目7400-1","source":"厚生労働省 食品衛生申請等システム（オープンデータ）"},"geometry":{"type":"Point","coordinates":[130.372931,32.782477]}},{"type":"Feature","properties":{"layer_id":"cafe_restaurant","name":"寿限無","address":"長崎県島原市有明町大三東戊1981-5","source":"厚生労働省 食品衛生申請等システム（オープンデータ）"},"geometry":{"type":"Point","coordinates":[130.328802,32.841166]}},{"type":"Feature","properties":{"layer_id":"cafe_restaurant","name":"株式会社　小川屋","address":"長崎県島原市北門町1346-3","source":"厚生労働省 食品衛生申請等システム（オープンデータ）"},"geometry":{"type":"Point","coordinates":[130.363119,32.802288]}},{"type":"Feature","properties":{"layer_id":"cafe_restaurant","name":"株式会社小川屋","address":"長崎県島原市前浜町乙89番地","source":"厚生労働省 食品衛生申請等システム（オープンデータ）"},"geometry":{"type":"Point","coordinates":[130.362732,32.804348]}},{"type":"Feature","properties":{"layer_id":"cafe_restaurant","name":"杉永蒲鉾　中堀町店","address":"長崎県島原市中堀町１５６－９番地","source":"厚生労働省 食品衛生申請等システム（オープンデータ）"},"geometry":{"type":"Point","coordinates":[130.369651,32.783461]}},{"type":"Feature","properties":{"layer_id":"cafe_restaurant","name":"橋村精肉店","address":"長崎県島原市山寺町丙823","source":"厚生労働省 食品衛生申請等システム（オープンデータ）"},"geometry":{"type":"Point","coordinates":[130.349051,32.806293]}},{"type":"Feature","properties":{"layer_id":"cafe_restaurant","name":"レストラン　とらや","address":"長崎県島原市湊町1-4","source":"厚生労働省 食品衛生申請等システム（オープンデータ）"},"geometry":{"type":"Point","coordinates":[130.372497,32.768261]}},{"type":"Feature","properties":{"layer_id":"cafe_restaurant","name":"金子珈琲焙煎所","address":"長崎県島原市有明町大三東戊１１６－２","source":"厚生労働省 食品衛生申請等システム（オープンデータ）"},"geometry":{"type":"Point","coordinates":[130.337775,32.849398]}},{"type":"Feature","properties":{"layer_id":"cafe_restaurant","name":"ファミリーマート島原大下店","address":"長崎県島原市大下町丙1191‐3","source":"厚生労働省 食品衛生申請等システム（オープンデータ）"},"geometry":{"type":"Point","coordinates":[130.361166,32.754973]}},{"type":"Feature","properties":{"layer_id":"cafe_restaurant","name":"ファミリーマート島原本町店","address":"長崎県島原市本町３９４－１","source":"厚生労働省 食品衛生申請等システム（オープンデータ）"},"geometry":{"type":"Point","coordinates":[130.352698,32.802945]}},{"type":"Feature","properties":{"layer_id":"cafe_restaurant","name":"（株）現代フードサービス貴田病院事業所","address":"長崎県島原市有明町大三東戊790-2","source":"厚生労働省 食品衛生申請等システム（オープンデータ）"},"geometry":{"type":"Point","coordinates":[130.332879,32.853896]}},{"type":"Feature","properties":{"layer_id":"cafe_restaurant","name":"まるまんソレハ店","address":"長崎県島原市有明町大三東戊700-1","source":"厚生労働省 食品衛生申請等システム（オープンデータ）"},"geometry":{"type":"Point","coordinates":[130.335967,32.856839]}},{"type":"Feature","properties":{"layer_id":"cafe_restaurant","name":"日清医療食品特養びざん事業所","address":"長崎県島原市緑町8200","source":"厚生労働省 食品衛生申請等システム（オープンデータ）"},"geometry":{"type":"Point","coordinates":[130.367653,32.768131]}},{"type":"Feature","properties":{"layer_id":"cafe_restaurant","name":"島原療護センター","address":"長崎県島原市礫石原町１２０１－９１","source":"厚生労働省 食品衛生申請等システム（オープンデータ）"},"geometry":{"type":"Point","coordinates":[130.309361,32.796653]}},{"type":"Feature","properties":{"layer_id":"cafe_restaurant","name":"明けの星寮","address":"長崎県島原市宮の町６２６－１","source":"厚生労働省 食品衛生申請等システム（オープンデータ）"},"geometry":{"type":"Point","coordinates":[130.371355,32.792577]}},{"type":"Feature","properties":{"layer_id":"cafe_restaurant","name":"リンガーハット島原店","address":"長崎県島原市新馬場町８６３番１号","source":"厚生労働省 食品衛生申請等システム（オープンデータ）"},"geometry":{"type":"Point","coordinates":[130.367214,32.796985]}},{"type":"Feature","properties":{"layer_id":"cafe_restaurant","name":"長崎県立島原特別支援学校","address":"長崎県島原市新田町５６２","source":"厚生労働省 食品衛生申請等システム（オープンデータ）"},"geometry":{"type":"Point","coordinates":[130.372564,32.789577]}},{"type":"Feature","properties":{"layer_id":"cafe_restaurant","name":"雲龍亭","address":"長崎県島原市弁天町1-7118-14","source":"厚生労働省 食品衛生申請等システム（オープンデータ）"},"geometry":{"type":"Point","coordinates":[130.37306,32.78293]}},{"type":"Feature","properties":{"layer_id":"cafe_restaurant","name":"イオン九州株式会社　イオン島原店","address":"長崎県島原市弁天町1丁目７０８０－１","source":"厚生労働省 食品衛生申請等システム（オープンデータ）"},"geometry":{"type":"Point","coordinates":[130.372334,32.783954]}},{"type":"Feature","properties":{"layer_id":"cafe_restaurant","name":"イオン九州株式会社　イオン島原店","address":"長崎県島原市弁天町1丁目７０８０－１","source":"厚生労働省 食品衛生申請等システム（オープンデータ）"},"geometry":{"type":"Point","coordinates":[130.372334,32.783954]}},{"type":"Feature","properties":{"layer_id":"cafe_restaurant","name":"花咲　エレナ島原","address":"長崎県島原市城内3-1263","source":"厚生労働省 食品衛生申請等システム（オープンデータ）"},"geometry":{"type":"Point","coordinates":[130.363079,32.798504]}},{"type":"Feature","properties":{"layer_id":"cafe_restaurant","name":"モスバーガー島原店","address":"長崎県島原市城内3丁目1270-3","source":"厚生労働省 食品衛生申請等システム（オープンデータ）"},"geometry":{"type":"Point","coordinates":[130.362832,32.799465]}},{"type":"Feature","properties":{"layer_id":"cafe_restaurant","name":"力寿司","address":"長崎県島原市下川尻町7922","source":"厚生労働省 食品衛生申請等システム（オープンデータ）"},"geometry":{"type":"Point","coordinates":[130.370879,32.768806]}},{"type":"Feature","properties":{"layer_id":"cafe_restaurant","name":"パープルレイン","address":"長崎県島原市下川尻町7922-12","source":"厚生労働省 食品衛生申請等システム（オープンデータ）"},"geometry":{"type":"Point","coordinates":[130.370906,32.768759]}},{"type":"Feature","properties":{"layer_id":"cafe_restaurant","name":"和食よしだ","address":"長崎県島原市新町1丁目127-4","source":"厚生労働省 食品衛生申請等システム（オープンデータ）"},"geometry":{"type":"Point","coordinates":[130.370072,32.783754]}},{"type":"Feature","properties":{"layer_id":"cafe_restaurant","name":"焼鳥・焼肉しょうぐん","address":"長崎県島原市西八幡町8408-8","source":"厚生労働省 食品衛生申請等システム（オープンデータ）"},"geometry":{"type":"Point","coordinates":[130.369753,32.773696]}},{"type":"Feature","properties":{"layer_id":"cafe_restaurant","name":"手打蕎麦屋 にこり","address":"長崎県島原市西八幡町8390-6","source":"厚生労働省 食品衛生申請等システム（オープンデータ）"},"geometry":{"type":"Point","coordinates":[130.369913,32.773044]}},{"type":"Feature","properties":{"layer_id":"cafe_restaurant","name":"炭火焼肉屋さかい 島原店","address":"長崎県島原市前浜町丙44-1","source":"厚生労働省 食品衛生申請等システム（オープンデータ）"},"geometry":{"type":"Point","coordinates":[130.360752,32.808806]}},{"type":"Feature","properties":{"layer_id":"cafe_restaurant","name":"キッチンハウスみつい　ウイルビー店","address":"長崎県島原市湊町66番地","source":"厚生労働省 食品衛生申請等システム（オープンデータ）"},"geometry":{"type":"Point","coordinates":[130.370965,32.769668]}},{"type":"Feature","properties":{"layer_id":"cafe_restaurant","name":"キッチンハウスみつい北門店　惣菜部","address":"長崎県島原市柏野町１６４９－１","source":"厚生労働省 食品衛生申請等システム（オープンデータ）"},"geometry":{"type":"Point","coordinates":[130.358337,32.797646]}},{"type":"Feature","properties":{"layer_id":"cafe_restaurant","name":"彦左衛門","address":"長崎県島原市中堀町152-1","source":"厚生労働省 食品衛生申請等システム（オープンデータ）"},"geometry":{"type":"Point","coordinates":[130.3701,32.783213]}},{"type":"Feature","properties":{"layer_id":"cafe_restaurant","name":"しまばら水屋敷","address":"長崎県島原市万町513","source":"厚生労働省 食品衛生申請等システム（オープンデータ）"},"geometry":{"type":"Point","coordinates":[130.36933,32.786292]}},{"type":"Feature","properties":{"layer_id":"cafe_restaurant","name":"ショッピングセンター　きむら","address":"長崎県島原市有明町大三東甲2129","source":"厚生労働省 食品衛生申請等システム（オープンデータ）"},"geometry":{"type":"Point","coordinates":[130.344129,32.832928]}},{"type":"Feature","properties":{"layer_id":"cafe_restaurant","name":"南陽堂","address":"長崎県島原市城内1丁目1125番地","source":"厚生労働省 食品衛生申請等システム（オープンデータ）"},"geometry":{"type":"Point","coordinates":[130.365211,32.791833]}},{"type":"Feature","properties":{"layer_id":"cafe_restaurant","name":"ろばた 仁","address":"長崎県島原市有明町大三東戊453-1","source":"厚生労働省 食品衛生申請等システム（オープンデータ）"},"geometry":{"type":"Point","coordinates":[130.337103,32.850439]}},{"type":"Feature","properties":{"layer_id":"cafe_restaurant","name":"小鶴","address":"長崎県島原市中安徳町丁4407","source":"厚生労働省 食品衛生申請等システム（オープンデータ）"},"geometry":{"type":"Point","coordinates":[130.366904,32.745079]}},{"type":"Feature","properties":{"layer_id":"cafe_restaurant","name":"社長のタピオカ","address":"長崎県島原市有明町湯江丙434-1","source":"厚生労働省 食品衛生申請等システム（オープンデータ）"},"geometry":{"type":"Point","coordinates":[130.32286,32.854969]}},{"type":"Feature","properties":{"layer_id":"cafe_restaurant","name":"居酒屋 Dining hiro","address":"長崎県島原市万町507","source":"厚生労働省 食品衛生申請等システム（オープンデータ）"},"geometry":{"type":"Point","coordinates":[130.369514,32.785999]}},{"type":"Feature","properties":{"layer_id":"cafe_restaurant","name":"昭和フード株式会社マクドナルド島原店","address":"長崎県島原市北門町106-1","source":"厚生労働省 食品衛生申請等システム（オープンデータ）"},"geometry":{"type":"Point","coordinates":[130.364733,32.800722]}},{"type":"Feature","properties":{"layer_id":"cafe_restaurant","name":"すき家　251号島原宮の町店","address":"長崎県島原市宮の町648-1","source":"厚生労働省 食品衛生申請等システム（オープンデータ）"},"geometry":{"type":"Point","coordinates":[130.369036,32.792676]}},{"type":"Feature","properties":{"layer_id":"cafe_restaurant","name":"たまらん堂","address":"長崎県島原市有明町大三東戊３８９８－１","source":"厚生労働省 食品衛生申請等システム（オープンデータ）"},"geometry":{"type":"Point","coordinates":[130.322999,32.836749]}},{"type":"Feature","properties":{"layer_id":"cafe_restaurant","name":"普明庵","address":"長崎県島原市田町６９１－９","source":"厚生労働省 食品衛生申請等システム（オープンデータ）"},"geometry":{"type":"Point","coordinates":[130.367583,32.794257]}},{"type":"Feature","properties":{"layer_id":"cafe_restaurant","name":"株式会社松本仏壇店　ポラリス","address":"長崎県島原市新湊１丁目１９","source":"厚生労働省 食品衛生申請等システム（オープンデータ）"},"geometry":{"type":"Point","coordinates":[130.368757,32.763935]}},{"type":"Feature","properties":{"layer_id":"cafe_restaurant","name":"株式会社松本仏壇店　有明会館","address":"長崎県島原市有明町大三東乙４８","source":"厚生労働省 食品衛生申請等システム（オープンデータ）"},"geometry":{"type":"Point","coordinates":[130.345476,32.838182]}},{"type":"Feature","properties":{"layer_id":"cafe_restaurant","name":"宝楽処　集入","address":"長崎県島原市桜門町1725-5","source":"厚生労働省 食品衛生申請等システム（オープンデータ）"},"geometry":{"type":"Point","coordinates":[130.361784,32.794523]}},{"type":"Feature","properties":{"layer_id":"cafe_restaurant","name":"ベルモア","address":"長崎県島原市有明町湯江丁46-2","source":"厚生労働省 食品衛生申請等システム（オープンデータ）"},"geometry":{"type":"Point","coordinates":[130.321643,32.864972]}},{"type":"Feature","properties":{"layer_id":"cafe_restaurant","name":"いけす料理・ろばた焼　網元","address":"長崎県島原市高島2-7215-1","source":"厚生労働省 食品衛生申請等システム（オープンデータ）"},"geometry":{"type":"Point","coordinates":[130.372805,32.785219]}},{"type":"Feature","properties":{"layer_id":"cafe_restaurant","name":"風見鶏","address":"長崎県島原市白土町1052","source":"厚生労働省 食品衛生申請等システム（オープンデータ）"},"geometry":{"type":"Point","coordinates":[130.367631,32.781609]}},{"type":"Feature","properties":{"layer_id":"cafe_restaurant","name":"ラーメンセンター 駅前店","address":"長崎県島原市片町567-1","source":"厚生労働省 食品衛生申請等システム（オープンデータ）"},"geometry":{"type":"Point","coordinates":[130.370628,32.789496]}},{"type":"Feature","properties":{"layer_id":"cafe_restaurant","name":"島原風お好み焼き　うまからじゃ","address":"長崎県島原市今川町928-2","source":"厚生労働省 食品衛生申請等システム（オープンデータ）"},"geometry":{"type":"Point","coordinates":[130.368807,32.787241]}},{"type":"Feature","properties":{"layer_id":"cafe_restaurant","name":"福乃屋","address":"長崎県島原市大下町1258-2","source":"厚生労働省 食品衛生申請等システム（オープンデータ）"},"geometry":{"type":"Point","coordinates":[130.361515,32.757227]}},{"type":"Feature","properties":{"layer_id":"cafe_restaurant","name":"炭火串焼き 鶏みつ","address":"長崎県島原市高島1丁目422","source":"厚生労働省 食品衛生申請等システム（オープンデータ）"},"geometry":{"type":"Point","coordinates":[130.370339,32.787533]}},{"type":"Feature","properties":{"layer_id":"cafe_restaurant","name":"地鶏炭火焼き　わはは","address":"長崎県島原市新町１丁目３２３","source":"厚生労働省 食品衛生申請等システム（オープンデータ）"},"geometry":{"type":"Point","coordinates":[130.370457,32.786041]}},{"type":"Feature","properties":{"layer_id":"cafe_restaurant","name":"つづみ団子 島原店","address":"長崎県島原市弁天町１丁目７０８０−１","source":"厚生労働省 食品衛生申請等システム（オープンデータ）"},"geometry":{"type":"Point","coordinates":[130.372334,32.783954]}},{"type":"Feature","properties":{"layer_id":"cafe_restaurant","name":"民宿 しまばら","address":"長崎県島原市原町甲344-3","source":"厚生労働省 食品衛生申請等システム（オープンデータ）"},"geometry":{"type":"Point","coordinates":[130.353236,32.798366]}},{"type":"Feature","properties":{"layer_id":"cafe_restaurant","name":"ON THE ROAD","address":"長崎県島原市上の町925-3","source":"厚生労働省 食品衛生申請等システム（オープンデータ）"},"geometry":{"type":"Point","coordinates":[130.369427,32.787469]}},{"type":"Feature","properties":{"layer_id":"cafe_restaurant","name":"CAFE Marsha","address":"長崎県島原市亀の甲町乙1596 コーポ大津A","source":"厚生労働省 食品衛生申請等システム（オープンデータ）"},"geometry":{"type":"Point","coordinates":[130.352877,32.820156]}},{"type":"Feature","properties":{"layer_id":"cafe_restaurant","name":"セブン-イレブン島原下川尻町店","address":"長崎県島原市下川尻町8-1","source":"厚生労働省 食品衛生申請等システム（オープンデータ）"},"geometry":{"type":"Point","coordinates":[130.370729,32.767213]}},{"type":"Feature","properties":{"layer_id":"cafe_restaurant","name":"焼鳥 横丁","address":"長崎県島原市新湊1丁目34","source":"厚生労働省 食品衛生申請等システム（オープンデータ）"},"geometry":{"type":"Point","coordinates":[130.369913,32.762973]}},{"type":"Feature","properties":{"layer_id":"cafe_restaurant","name":"すし𠮷","address":"長崎県島原市新湊1丁目31","source":"厚生労働省 食品衛生申請等システム（オープンデータ）"},"geometry":{"type":"Point","coordinates":[130.369673,32.763729]}},{"type":"Feature","properties":{"layer_id":"cafe_restaurant","name":"アミン","address":"長崎県島原市先魁町1163-5","source":"厚生労働省 食品衛生申請等システム（オープンデータ）"},"geometry":{"type":"Point","coordinates":[130.367552,32.792467]}},{"type":"Feature","properties":{"layer_id":"cafe_restaurant","name":"おかずの店 よしだ","address":"長崎県島原市下折橋町3820‐4","source":"厚生労働省 食品衛生申請等システム（オープンデータ）"},"geometry":{"type":"Point","coordinates":[130.350442,32.788971]}},{"type":"Feature","properties":{"layer_id":"cafe_restaurant","name":"寿司金","address":"長崎県島原市西八幡町8502","source":"厚生労働省 食品衛生申請等システム（オープンデータ）"},"geometry":{"type":"Point","coordinates":[130.368077,32.775286]}},{"type":"Feature","properties":{"layer_id":"cafe_restaurant","name":"一膳や","address":"長崎県島原市新田町300‐5","source":"厚生労働省 食品衛生申請等システム（オープンデータ）"},"geometry":{"type":"Point","coordinates":[130.374813,32.79055]}},{"type":"Feature","properties":{"layer_id":"cafe_restaurant","name":"合資会社　島原給食センター","address":"長崎県島原市栄町8697番地","source":"厚生労働省 食品衛生申請等システム（オープンデータ）"},"geometry":{"type":"Point","coordinates":[130.366466,32.771998]}},{"type":"Feature","properties":{"layer_id":"cafe_restaurant","name":"紅陵飯店","address":"長崎県島原市有明町大三東甲2046-1","source":"厚生労働省 食品衛生申請等システム（オープンデータ）"},"geometry":{"type":"Point","coordinates":[130.346241,32.834176]}},{"type":"Feature","properties":{"layer_id":"cafe_restaurant","name":"鬼へい","address":"長崎県島原市城内3丁目1596-1","source":"厚生労働省 食品衛生申請等システム（オープンデータ）"},"geometry":{"type":"Point","coordinates":[130.361366,32.798983]}},{"type":"Feature","properties":{"layer_id":"cafe_restaurant","name":"ガレージ食堂","address":"長崎県島原市今川町1305番地","source":"厚生労働省 食品衛生申請等システム（オープンデータ）"},"geometry":{"type":"Point","coordinates":[130.367163,32.787019]}},{"type":"Feature","properties":{"layer_id":"cafe_restaurant","name":"丸亀製麺 島原店","address":"長崎県島原市前浜町61-1","source":"厚生労働省 食品衛生申請等システム（オープンデータ）"},"geometry":{"type":"Point","coordinates":[130.36244,32.805344]}},{"type":"Feature","properties":{"layer_id":"cafe_restaurant","name":"咄嗟","address":"長崎県島原市有明町大三東甲493番地","source":"厚生労働省 食品衛生申請等システム（オープンデータ）"},"geometry":{"type":"Point","coordinates":[130.343929,32.827547]}},{"type":"Feature","properties":{"layer_id":"cafe_restaurant","name":"ジョイフル・Ｋ","address":"長崎県島原市高島１丁目４２４","source":"厚生労働省 食品衛生申請等システム（オープンデータ）"},"geometry":{"type":"Point","coordinates":[130.370789,32.787202]}},{"type":"Feature","properties":{"layer_id":"cafe_restaurant","name":"タコ焼き どん兵右衛","address":"長崎県島原市堀町175番地","source":"厚生労働省 食品衛生申請等システム（オープンデータ）"},"geometry":{"type":"Point","coordinates":[130.369275,32.785022]}},{"type":"Feature","properties":{"layer_id":"cafe_restaurant","name":"ゆうしん","address":"長崎県島原市上の町855","source":"厚生労働省 食品衛生申請等システム（オープンデータ）"},"geometry":{"type":"Point","coordinates":[130.369797,32.788272]}},{"type":"Feature","properties":{"layer_id":"cafe_restaurant","name":"(株)高松食肉","address":"長崎県島原市新湊二丁目2575-2","source":"厚生労働省 食品衛生申請等システム（オープンデータ）"},"geometry":{"type":"Point","coordinates":[130.365886,32.763148]}},{"type":"Feature","properties":{"layer_id":"cafe_restaurant","name":"鶏の白石　高島店","address":"長崎県島原市高島２丁目２７９","source":"厚生労働省 食品衛生申請等システム（オープンデータ）"},"geometry":{"type":"Point","coordinates":[130.371369,32.785454]}},{"type":"Feature","properties":{"layer_id":"cafe_restaurant","name":"梟","address":"長崎県島原市新町1丁目459","source":"厚生労働省 食品衛生申請等システム（オープンデータ）"},"geometry":{"type":"Point","coordinates":[130.37013,32.787026]}},{"type":"Feature","properties":{"layer_id":"cafe_restaurant","name":"ぱすたろう 島原店","address":"長崎県島原市新馬場町853-1","source":"厚生労働省 食品衛生申請等システム（オープンデータ）"},"geometry":{"type":"Point","coordinates":[130.367183,32.795993]}},{"type":"Feature","properties":{"layer_id":"cafe_restaurant","name":"ダイレックス島原店","address":"長崎県島原市北門町2番1","source":"厚生労働省 食品衛生申請等システム（オープンデータ）"},"geometry":{"type":"Point","coordinates":[130.363079,32.802045]}},{"type":"Feature","properties":{"layer_id":"cafe_restaurant","name":"Takagi-Apartment.","address":"長崎県島原市中町８０６","source":"厚生労働省 食品衛生申請等システム（オープンデータ）"},"geometry":{"type":"Point","coordinates":[130.369415,32.790167]}},{"type":"Feature","properties":{"layer_id":"cafe_restaurant","name":"GIRLS SPIDER","address":"長崎県島原市中堀町29 梅月ビル１F","source":"厚生労働省 食品衛生申請等システム（オープンデータ）"},"geometry":{"type":"Point","coordinates":[130.370022,32.781145]}},{"type":"Feature","properties":{"layer_id":"cafe_restaurant","name":"R . coffee stand","address":"長崎県島原市鎌田町丁4022","source":"厚生労働省 食品衛生申請等システム（オープンデータ）"},"geometry":{"type":"Point","coordinates":[130.368179,32.746947]}},{"type":"Feature","properties":{"layer_id":"cafe_restaurant","name":"ありがとう","address":"長崎県島原市中野町丙１３８３－２","source":"厚生労働省 食品衛生申請等システム（オープンデータ）"},"geometry":{"type":"Point","coordinates":[130.347776,32.824491]}},{"type":"Feature","properties":{"layer_id":"cafe_restaurant","name":"焼肉　勝くら","address":"長崎県島原市有明町大三東乙1086-2","source":"厚生労働省 食品衛生申請等システム（オープンデータ）"},"geometry":{"type":"Point","coordinates":[130.344724,32.840652]}},{"type":"Feature","properties":{"layer_id":"cafe_restaurant","name":"プラス・ワン","address":"長崎県島原市新町1丁目323番地","source":"厚生労働省 食品衛生申請等システム（オープンデータ）"},"geometry":{"type":"Point","coordinates":[130.37047,32.786035]}},{"type":"Feature","properties":{"layer_id":"cafe_restaurant","name":"島原むすびす","address":"長崎県島原市片町578番地8","source":"厚生労働省 食品衛生申請等システム（オープンデータ）"},"geometry":{"type":"Point","coordinates":[130.37107,32.789986]}},{"type":"Feature","properties":{"layer_id":"cafe_restaurant","name":"うどん屋「かもめ」","address":"長崎県島原市下川尻町7-5","source":"厚生労働省 食品衛生申請等システム（オープンデータ）"},"geometry":{"type":"Point","coordinates":[130.372721,32.766959]}},{"type":"Feature","properties":{"layer_id":"cafe_restaurant","name":"山の上　Restaurant　Jaillir","address":"長崎県島原市上折橋町甲1580","source":"厚生労働省 食品衛生申請等システム（オープンデータ）"},"geometry":{"type":"Point","coordinates":[130.338209,32.787465]}},{"type":"Feature","properties":{"layer_id":"cafe_restaurant","name":"Laugh second","address":"長崎県島原市新町1丁目488 サニーサイドキヨタビル１Ｆ","source":"厚生労働省 食品衛生申請等システム（オープンデータ）"},"geometry":{"type":"Point","coordinates":[130.369893,32.786461]}},{"type":"Feature","properties":{"layer_id":"cafe_restaurant","name":"Laugh","address":"長崎県島原市新町１丁目４８８","source":"厚生労働省 食品衛生申請等システム（オープンデータ）"},"geometry":{"type":"Point","coordinates":[130.369887,32.786487]}},{"type":"Feature","properties":{"layer_id":"cafe_restaurant","name":"居酒屋　笑店","address":"長崎県島原市大手原町２１４１－１３","source":"厚生労働省 食品衛生申請等システム（オープンデータ）"},"geometry":{"type":"Point","coordinates":[130.36066,32.812746]}},{"type":"Feature","properties":{"layer_id":"cafe_restaurant","name":"居酒屋 桜","address":"長崎県島原市万町498 大手川ハイツ1F101","source":"厚生労働省 食品衛生申請等システム（オープンデータ）"},"geometry":{"type":"Point","coordinates":[130.369873,32.787336]}},{"type":"Feature","properties":{"layer_id":"cafe_restaurant","name":"唐揚げ処　山昇","address":"長崎県島原市有明町湯江丙33番地1","source":"厚生労働省 食品衛生申請等システム（オープンデータ）"},"geometry":{"type":"Point","coordinates":[130.324215,32.861673]}},{"type":"Feature","properties":{"layer_id":"cafe_restaurant","name":"Rin cafe＆bar","address":"長崎県島原市堀町199","source":"厚生労働省 食品衛生申請等システム（オープンデータ）"},"geometry":{"type":"Point","coordinates":[130.369663,32.784361]}},{"type":"Feature","properties":{"layer_id":"cafe_restaurant","name":"来more人","address":"長崎県島原市有明町大三東乙571","source":"厚生労働省 食品衛生申請等システム（オープンデータ）"},"geometry":{"type":"Point","coordinates":[130.337512,32.83405]}},{"type":"Feature","properties":{"layer_id":"cafe_restaurant","name":"エーデル","address":"長崎県島原市下川尻町39-2","source":"厚生労働省 食品衛生申請等システム（オープンデータ）"},"geometry":{"type":"Point","coordinates":[130.369648,32.766691]}},{"type":"Feature","properties":{"layer_id":"cafe_restaurant","name":"ほっともっと島原中央店","address":"長崎県島原市高島２丁目７２１４－１","source":"厚生労働省 食品衛生申請等システム（オープンデータ）"},"geometry":{"type":"Point","coordinates":[130.372755,32.785322]}},{"type":"Feature","properties":{"layer_id":"cafe_restaurant","name":"ほんもん屋","address":"長崎県島原市下川尻町8363-1","source":"厚生労働省 食品衛生申請等システム（オープンデータ）"},"geometry":{"type":"Point","coordinates":[130.369661,32.772074]}},{"type":"Feature","properties":{"layer_id":"cafe_restaurant","name":"島原白山ホテル","address":"長崎県島原市中組町19番地","source":"厚生労働省 食品衛生申請等システム（オープンデータ）"},"geometry":{"type":"Point","coordinates":[130.373219,32.774863]}},{"type":"Feature","properties":{"layer_id":"cafe_restaurant","name":"合資会社　新山温泉","address":"長崎県島原市新山4丁目8826番地","source":"厚生労働省 食品衛生申請等システム（オープンデータ）"},"geometry":{"type":"Point","coordinates":[130.36033,32.770314]}},{"type":"Feature","properties":{"layer_id":"cafe_restaurant","name":"リトル・クルサ島原店","address":"長崎県島原市弁天町１丁目９１－４ レジデンス永野A棟１F","source":"厚生労働省 食品衛生申請等システム（オープンデータ）"},"geometry":{"type":"Point","coordinates":[130.370942,32.783075]}},{"type":"Feature","properties":{"layer_id":"cafe_restaurant","name":"ダイニング味遊","address":"長崎県島原市中町８０９","source":"厚生労働省 食品衛生申請等システム（オープンデータ）"},"geometry":{"type":"Point","coordinates":[130.369531,32.790133]}},{"type":"Feature","properties":{"layer_id":"cafe_restaurant","name":"MON","address":"長崎県島原市加美町1017","source":"厚生労働省 食品衛生申請等システム（オープンデータ）"},"geometry":{"type":"Point","coordinates":[130.368558,32.783898]}},{"type":"Feature","properties":{"layer_id":"cafe_restaurant","name":"しゃぶしゃぶだいにんぐ舞豚","address":"長崎県島原市中堀町１５６－６","source":"厚生労働省 食品衛生申請等システム（オープンデータ）"},"geometry":{"type":"Point","coordinates":[130.369654,32.783234]}},{"type":"Feature","properties":{"layer_id":"cafe_restaurant","name":"N・フーズ","address":"長崎県島原市有明町湯江甲１９６－２","source":"厚生労働省 食品衛生申請等システム（オープンデータ）"},"geometry":{"type":"Point","coordinates":[130.326544,32.860313]}},{"type":"Feature","properties":{"layer_id":"cafe_restaurant","name":"GARSON","address":"長崎県島原市高島1丁目424-1","source":"厚生労働省 食品衛生申請等システム（オープンデータ）"},"geometry":{"type":"Point","coordinates":[130.370644,32.787325]}},{"type":"Feature","properties":{"layer_id":"cafe_restaurant","name":"居酒屋　もり岳","address":"長崎県島原市中町808","source":"厚生労働省 食品衛生申請等システム（オープンデータ）"},"geometry":{"type":"Point","coordinates":[130.369683,32.790092]}},{"type":"Feature","properties":{"layer_id":"cafe_restaurant","name":"クラブ博多","address":"長崎県島原市中堀町34 1F","source":"厚生労働省 食品衛生申請等システム（オープンデータ）"},"geometry":{"type":"Point","coordinates":[130.370131,32.78165]}},{"type":"Feature","properties":{"layer_id":"cafe_restaurant","name":"カフェ　パストラーレ","address":"長崎県島原市片町542","source":"厚生労働省 食品衛生申請等システム（オープンデータ）"},"geometry":{"type":"Point","coordinates":[130.371407,32.78831]}},{"type":"Feature","properties":{"layer_id":"cafe_restaurant","name":"森岳酒蔵LunaBase","address":"長崎県島原市上の町897","source":"厚生労働省 食品衛生申請等システム（オープンデータ）"},"geometry":{"type":"Point","coordinates":[130.36857,32.790337]}},{"type":"Feature","properties":{"layer_id":"cafe_restaurant","name":"あつみ産業株式会社","address":"長崎県島原市湊町55－1","source":"厚生労働省 食品衛生申請等システム（オープンデータ）"},"geometry":{"type":"Point","coordinates":[130.372084,32.770157]}},{"type":"Feature","properties":{"layer_id":"cafe_restaurant","name":"島原漁業協同組合","address":"長崎県島原市湊新地町452番地","source":"厚生労働省 食品衛生申請等システム（オープンデータ）"},"geometry":{"type":"Point","coordinates":[130.376128,32.774955]}},{"type":"Feature","properties":{"layer_id":"cafe_restaurant","name":"居酒屋　ながた","address":"長崎県島原市広馬場町351-1","source":"厚生労働省 食品衛生申請等システム（オープンデータ）"},"geometry":{"type":"Point","coordinates":[130.372244,32.775481]}},{"type":"Feature","properties":{"layer_id":"cafe_restaurant","name":"福まん家　有明店","address":"長崎県島原市有明町大三東戊125-1","source":"厚生労働省 食品衛生申請等システム（オープンデータ）"},"geometry":{"type":"Point","coordinates":[130.338016,32.850325]}},{"type":"Feature","properties":{"layer_id":"cafe_restaurant","name":"（株）現代フードサービス　淡淡荘事業所","address":"長崎県島原市江里町乙2010-1","source":"厚生労働省 食品衛生申請等システム（オープンデータ）"},"geometry":{"type":"Point","coordinates":[130.335658,32.800258]}},{"type":"Feature","properties":{"layer_id":"cafe_restaurant","name":"Bloom Coffee","address":"長崎県島原市霊南2丁目65","source":"厚生労働省 食品衛生申請等システム（オープンデータ）"},"geometry":{"type":"Point","coordinates":[130.376606,32.779307]}},{"type":"Feature","properties":{"layer_id":"cafe_restaurant","name":"天下の味処 ほうじゅう","address":"長崎県島原市新町2-243","source":"厚生労働省 食品衛生申請等システム（オープンデータ）"},"geometry":{"type":"Point","coordinates":[130.37055,32.785008]}},{"type":"Feature","properties":{"layer_id":"cafe_restaurant","name":"島原東洋パークサイドホテル","address":"長崎県島原市白土桃山1丁目1284-1","source":"厚生労働省 食品衛生申請等システム（オープンデータ）"},"geometry":{"type":"Point","coordinates":[130.373717,32.781292]}},{"type":"Feature","properties":{"layer_id":"cafe_restaurant","name":"東洋九十九ベイホテル","address":"長崎県島原市秩父が浦町丁３５５２－５３","source":"厚生労働省 食品衛生申請等システム（オープンデータ）"},"geometry":{"type":"Point","coordinates":[130.370339,32.761628]}},{"type":"Feature","properties":{"layer_id":"cafe_restaurant","name":"東洋九十九ベイホテル","address":"長崎県島原市秩父が浦町丁３５５２－５３","source":"厚生労働省 食品衛生申請等システム（オープンデータ）"},"geometry":{"type":"Point","coordinates":[130.370339,32.761628]}},{"type":"Feature","properties":{"layer_id":"cafe_restaurant","name":"島原東洋シティホテル","address":"長崎県島原市湊町２９９","source":"厚生労働省 食品衛生申請等システム（オープンデータ）"},"geometry":{"type":"Point","coordinates":[130.372745,32.77117]}},{"type":"Feature","properties":{"layer_id":"cafe_restaurant","name":"リッチ","address":"長崎県島原市万町505-5","source":"厚生労働省 食品衛生申請等システム（オープンデータ）"},"geometry":{"type":"Point","coordinates":[130.369599,32.786181]}},{"type":"Feature","properties":{"layer_id":"cafe_restaurant","name":"花ざしき　和香","address":"長崎県島原市有明町大三東丙198の2","source":"厚生労働省 食品衛生申請等システム（オープンデータ）"},"geometry":{"type":"Point","coordinates":[130.34367,32.8464]}},{"type":"Feature","properties":{"layer_id":"cafe_restaurant","name":"からあげとお弁当の幸","address":"長崎県島原市中野町丙1238","source":"厚生労働省 食品衛生申請等システム（オープンデータ）"},"geometry":{"type":"Point","coordinates":[130.347776,32.824491]}},{"type":"Feature","properties":{"layer_id":"cafe_restaurant","name":"からあげとお弁当の幸","address":"長崎県島原市中野町丙1238","source":"厚生労働省 食品衛生申請等システム（オープンデータ）"},"geometry":{"type":"Point","coordinates":[130.347776,32.824491]}},{"type":"Feature","properties":{"layer_id":"cafe_restaurant","name":"友遊","address":"長崎県島原市加美町1022番地2","source":"厚生労働省 食品衛生申請等システム（オープンデータ）"},"geometry":{"type":"Point","coordinates":[130.368299,32.783389]}},{"type":"Feature","properties":{"layer_id":"cafe_restaurant","name":"居酒屋　ひょうたん","address":"長崎県島原市高島1丁目445-10","source":"厚生労働省 食品衛生申請等システム（オープンデータ）"},"geometry":{"type":"Point","coordinates":[130.370622,32.786786]}},{"type":"Feature","properties":{"layer_id":"cafe_restaurant","name":"A Burgers Cafe","address":"長崎県島原市本光寺町4338-6","source":"厚生労働省 食品衛生申請等システム（オープンデータ）"},"geometry":{"type":"Point","coordinates":[130.353414,32.788977]}},{"type":"Feature","properties":{"layer_id":"cafe_restaurant","name":"ローソン島原市大手原町店","address":"長崎県島原市大手原町甲2218-2","source":"厚生労働省 食品衛生申請等システム（オープンデータ）"},"geometry":{"type":"Point","coordinates":[130.357281,32.815225]}},{"type":"Feature","properties":{"layer_id":"cafe_restaurant","name":"ローソン島原親和町店","address":"長崎県島原市親和町８","source":"厚生労働省 食品衛生申請等システム（オープンデータ）"},"geometry":{"type":"Point","coordinates":[130.369289,32.762531]}},{"type":"Feature","properties":{"layer_id":"cafe_restaurant","name":"cafe mio","address":"長崎県島原市万町503-5","source":"厚生労働省 食品衛生申請等システム（オープンデータ）"},"geometry":{"type":"Point","coordinates":[130.369574,32.786732]}},{"type":"Feature","properties":{"layer_id":"cafe_restaurant","name":"お好み焼き　杉の木","address":"長崎県島原市上の町885","source":"厚生労働省 食品衛生申請等システム（オープンデータ）"},"geometry":{"type":"Point","coordinates":[130.368478,32.791601]}},{"type":"Feature","properties":{"layer_id":"cafe_restaurant","name":"紫烟荘","address":"長崎県島原市新町2丁目241","source":"厚生労働省 食品衛生申請等システム（オープンデータ）"},"geometry":{"type":"Point","coordinates":[130.37043,32.785128]}},{"type":"Feature","properties":{"layer_id":"cafe_restaurant","name":"贅沢宝庫　吉岡青果","address":"長崎県島原市秩父が浦町3548-1","source":"厚生労働省 食品衛生申請等システム（オープンデータ）"},"geometry":{"type":"Point","coordinates":[130.370231,32.760414]}},{"type":"Feature","properties":{"layer_id":"cafe_restaurant","name":"味作","address":"長崎県島原市高島一丁目360-1","source":"厚生労働省 食品衛生申請等システム（オープンデータ）"},"geometry":{"type":"Point","coordinates":[130.371944,32.786718]}},{"type":"Feature","properties":{"layer_id":"cafe_restaurant","name":"海望荘","address":"長崎県島原市下川尻町45番地","source":"厚生労働省 食品衛生申請等システム（オープンデータ）"},"geometry":{"type":"Point","coordinates":[130.369813,32.76635]}},{"type":"Feature","properties":{"layer_id":"cafe_restaurant","name":"ステーキ鉄板焼　牛臣","address":"長崎県島原市高島2丁目7234","source":"厚生労働省 食品衛生申請等システム（オープンデータ）"},"geometry":{"type":"Point","coordinates":[130.373727,32.785927]}},{"type":"Feature","properties":{"layer_id":"cafe_restaurant","name":"そば幸　島原店","address":"長崎県島原市田町724-1","source":"厚生労働省 食品衛生申請等システム（オープンデータ）"},"geometry":{"type":"Point","coordinates":[130.368379,32.795088]}},{"type":"Feature","properties":{"layer_id":"cafe_restaurant","name":"Chatty","address":"長崎県島原市新町1丁目505-6","source":"厚生労働省 食品衛生申請等システム（オープンデータ）"},"geometry":{"type":"Point","coordinates":[130.369932,32.785671]}},{"type":"Feature","properties":{"layer_id":"cafe_restaurant","name":"焼とり　なかがわ","address":"長崎県島原市白土町1034-4","source":"厚生労働省 食品衛生申請等システム（オープンデータ）"},"geometry":{"type":"Point","coordinates":[130.36812,32.782924]}},{"type":"Feature","properties":{"layer_id":"cafe_restaurant","name":"Seika ままごと喫茶 ON","address":"長崎県島原市有明町大三東甲2150番地","source":"厚生労働省 食品衛生申請等システム（オープンデータ）"},"geometry":{"type":"Point","coordinates":[130.343182,32.83382]}},{"type":"Feature","properties":{"layer_id":"cafe_restaurant","name":"城の茶屋","address":"長崎県島原市城内一丁目1182","source":"厚生労働省 食品衛生申請等システム（オープンデータ）"},"geometry":{"type":"Point","coordinates":[130.366451,32.789373]}},{"type":"Feature","properties":{"layer_id":"cafe_restaurant","name":"INOUE　大三東駅前店","address":"長崎県島原市有明町大三東丙１２５－１","source":"厚生労働省 食品衛生申請等システム（オープンデータ）"},"geometry":{"type":"Point","coordinates":[130.344309,32.843267]}},{"type":"Feature","properties":{"layer_id":"cafe_restaurant","name":"浜口食堂","address":"長崎県島原市津吹町乙1277-1","source":"厚生労働省 食品衛生申請等システム（オープンデータ）"},"geometry":{"type":"Point","coordinates":[130.340761,32.814812]}},{"type":"Feature","properties":{"layer_id":"cafe_restaurant","name":"モンリー酒場","address":"長崎県島原市柏野町１６３１－２","source":"厚生労働省 食品衛生申請等システム（オープンデータ）"},"geometry":{"type":"Point","coordinates":[130.359302,32.798207]}},{"type":"Feature","properties":{"layer_id":"cafe_restaurant","name":"茶寮　かじ山","address":"長崎県島原市広高野町甲１０６４","source":"厚生労働省 食品衛生申請等システム（オープンデータ）"},"geometry":{"type":"Point","coordinates":[130.319574,32.801579]}},{"type":"Feature","properties":{"layer_id":"cafe_restaurant","name":"秀ちゃん","address":"長崎県島原市萩原２丁目５１６７－１－１","source":"厚生労働省 食品衛生申請等システム（オープンデータ）"},"geometry":{"type":"Point","coordinates":[130.362103,32.784809]}},{"type":"Feature","properties":{"layer_id":"cafe_restaurant","name":"食堂居酒屋　酔ってけ　味丸","address":"長崎県島原市中堀町２６番地","source":"厚生労働省 食品衛生申請等システム（オープンデータ）"},"geometry":{"type":"Point","coordinates":[130.370191,32.780941]}},{"type":"Feature","properties":{"layer_id":"cafe_restaurant","name":"古島矢株式会社　まるふね","address":"長崎県島原市有明町湯江丙４－３ まるたか有明店内","source":"厚生労働省 食品衛生申請等システム（オープンデータ）"},"geometry":{"type":"Point","coordinates":[130.325212,32.861324]}},{"type":"Feature","properties":{"layer_id":"cafe_restaurant","name":"ＡＬＯＨＡ","address":"長崎県島原市高島１丁目３３５－１","source":"厚生労働省 食品衛生申請等システム（オープンデータ）"},"geometry":{"type":"Point","coordinates":[130.3707,32.786349]}},{"type":"Feature","properties":{"layer_id":"cafe_restaurant","name":"６４１４６　池田病院","address":"長崎県島原市湖南町６８９３－２","source":"厚生労働省 食品衛生申請等システム（オープンデータ）"},"geometry":{"type":"Point","coordinates":[130.368311,32.778264]}},{"type":"Feature","properties":{"layer_id":"cafe_restaurant","name":"シェフズキッチンＮａｋａｍｕｒａ","address":"長崎県島原市鎌田町丁４０２２－２","source":"厚生労働省 食品衛生申請等システム（オープンデータ）"},"geometry":{"type":"Point","coordinates":[130.368179,32.746947]}},{"type":"Feature","properties":{"layer_id":"cafe_restaurant","name":"ＢＡＲ　ＳＵＮ","address":"長崎県島原市中町８５０","source":"厚生労働省 食品衛生申請等システム（オープンデータ）"},"geometry":{"type":"Point","coordinates":[130.370357,32.788377]}},{"type":"Feature","properties":{"layer_id":"cafe_restaurant","name":"イワナガフーズ（肉のいわなが）","address":"長崎県島原市堀町１７６","source":"厚生労働省 食品衛生申請等システム（オープンデータ）"},"geometry":{"type":"Point","coordinates":[130.369355,32.785175]}},{"type":"Feature","properties":{"layer_id":"cafe_restaurant","name":"彩園","address":"長崎県島原市高島１丁目４２４","source":"厚生労働省 食品衛生申請等システム（オープンデータ）"},"geometry":{"type":"Point","coordinates":[130.370789,32.787202]}},{"type":"Feature","properties":{"layer_id":"cafe_restaurant","name":"てんまや","address":"長崎県島原市蛭子町１丁目９２３－２","source":"厚生労働省 食品衛生申請等システム（オープンデータ）"},"geometry":{"type":"Point","coordinates":[130.37352,32.778932]}},{"type":"Feature","properties":{"layer_id":"cafe_restaurant","name":"千秋","address":"長崎県島原市中堀町２９ 梅月ビル 1F","source":"厚生労働省 食品衛生申請等システム（オープンデータ）"},"geometry":{"type":"Point","coordinates":[130.370022,32.781145]}},{"type":"Feature","properties":{"layer_id":"cafe_restaurant","name":"ＳＵＳＨＩ　ＤＩＮＩＮＧ　和","address":"長崎県島原市新町二丁目２４１","source":"厚生労働省 食品衛生申請等システム（オープンデータ）"},"geometry":{"type":"Point","coordinates":[130.37043,32.785128]}},{"type":"Feature","properties":{"layer_id":"cafe_restaurant","name":"フェリーくまもと","address":"長崎県島原市下川尻町7番地５","source":"厚生労働省 食品衛生申請等システム（オープンデータ）"},"geometry":{"type":"Point","coordinates":[130.372721,32.766959]}},{"type":"Feature","properties":{"layer_id":"cafe_restaurant","name":"カラオケBanBan 島原店","address":"長崎県島原市新馬場町848-2","source":"厚生労働省 食品衛生申請等システム（オープンデータ）"},"geometry":{"type":"Point","coordinates":[130.36697,32.796689]}},{"type":"Feature","properties":{"layer_id":"cafe_restaurant","name":"居酒屋あじしん","address":"長崎県島原市西八幡町8440-1","source":"厚生労働省 食品衛生申請等システム（オープンデータ）"},"geometry":{"type":"Point","coordinates":[130.370082,32.775423]}},{"type":"Feature","properties":{"layer_id":"cafe_restaurant","name":"居酒屋たかし","address":"長崎県島原市高島二丁目２８９－２","source":"厚生労働省 食品衛生申請等システム（オープンデータ）"},"geometry":{"type":"Point","coordinates":[130.371984,32.785449]}},{"type":"Feature","properties":{"layer_id":"cafe_restaurant","name":"焼肉竹林外港店","address":"長崎県島原市湊町４８－１","source":"厚生労働省 食品衛生申請等システム（オープンデータ）"},"geometry":{"type":"Point","coordinates":[130.371108,32.769114]}},{"type":"Feature","properties":{"layer_id":"cafe_restaurant","name":"山崎産婦人科医院　事業所","address":"長崎県島原市湊町３５０","source":"厚生労働省 食品衛生申請等システム（オープンデータ）"},"geometry":{"type":"Point","coordinates":[130.373319,32.772519]}},{"type":"Feature","properties":{"layer_id":"cafe_restaurant","name":"居酒屋　ゆとり","address":"長崎県島原市万町５０１－１","source":"厚生労働省 食品衛生申請等システム（オープンデータ）"},"geometry":{"type":"Point","coordinates":[130.369613,32.787046]}},{"type":"Feature","properties":{"layer_id":"cafe_restaurant","name":"ギャラリーつくし","address":"長崎県島原市柏野町１４６７－３","source":"厚生労働省 食品衛生申請等システム（オープンデータ）"},"geometry":{"type":"Point","coordinates":[130.355353,32.798725]}},{"type":"Feature","properties":{"layer_id":"cafe_restaurant","name":"久遠チョコレート島原","address":"長崎県島原市宮の町740-1","source":"厚生労働省 食品衛生申請等システム（オープンデータ）"},"geometry":{"type":"Point","coordinates":[130.368435,32.792779]}},{"type":"Feature","properties":{"layer_id":"cafe_restaurant","name":"焼肉館ながた","address":"長崎県島原市前浜町55-1","source":"厚生労働省 食品衛生申請等システム（オープンデータ）"},"geometry":{"type":"Point","coordinates":[130.36318,32.805188]}},{"type":"Feature","properties":{"layer_id":"cafe_restaurant","name":"カラオケステージ　Ｖ","address":"長崎県島原市前浜町丙２－１","source":"厚生労働省 食品衛生申請等システム（オープンデータ）"},"geometry":{"type":"Point","coordinates":[130.362732,32.804348]}},{"type":"Feature","properties":{"layer_id":"cafe_restaurant","name":"株式会社萩原ミート","address":"長崎県島原市蛭子町2丁目952番地","source":"厚生労働省 食品衛生申請等システム（オープンデータ）"},"geometry":{"type":"Point","coordinates":[130.374239,32.778138]}},{"type":"Feature","properties":{"layer_id":"cafe_restaurant","name":"らーめん家　ふうふう","address":"長崎県島原市片町６４７番地１","source":"厚生労働省 食品衛生申請等システム（オープンデータ）"},"geometry":{"type":"Point","coordinates":[130.37,32.79118]}},{"type":"Feature","properties":{"layer_id":"cafe_restaurant","name":"ＭＡＲＵＺＥＮカフェ","address":"長崎県島原市有明町大三東丙２６８－１","source":"厚生労働省 食品衛生申請等システム（オープンデータ）"},"geometry":{"type":"Point","coordinates":[130.342096,32.847692]}},{"type":"Feature","properties":{"layer_id":"cafe_restaurant","name":"Hitomi","address":"長崎県島原市万町５１４　ウォータービル２F","source":"厚生労働省 食品衛生申請等システム（オープンデータ）"},"geometry":{"type":"Point","coordinates":[130.369305,32.786592]}},{"type":"Feature","properties":{"layer_id":"cafe_restaurant","name":"おにぎり居酒屋　楽人","address":"長崎県島原市桜町５１２－８","source":"厚生労働省 食品衛生申請等システム（オープンデータ）"},"geometry":{"type":"Point","coordinates":[130.369018,32.785851]}},{"type":"Feature","properties":{"layer_id":"cafe_restaurant","name":"ＪＵＮＡ","address":"長崎県島原市高島１丁目４２４番地","source":"厚生労働省 食品衛生申請等システム（オープンデータ）"},"geometry":{"type":"Point","coordinates":[130.370789,32.787202]}},{"type":"Feature","properties":{"layer_id":"cafe_restaurant","name":"島原船津駅（構内準備室）","address":"長崎県島原市津町４０９番地１","source":"厚生労働省 食品衛生申請等システム（オープンデータ）"},"geometry":{"type":"Point","coordinates":[130.376046,32.775542]}},{"type":"Feature","properties":{"layer_id":"cafe_restaurant","name":"しまてつカフェトレイン並びにイベント列車","address":"長崎県島原市島原鉄道　諫早駅から島原港駅間","source":"厚生労働省 食品衛生申請等システム（オープンデータ）"},"geometry":{"type":"Point","coordinates":[130.370524,32.768855]}},{"type":"Feature","properties":{"layer_id":"cafe_restaurant","name":"百火堂","address":"長崎県島原市新町一丁目４６１","source":"厚生労働省 食品衛生申請等システム（オープンデータ）"},"geometry":{"type":"Point","coordinates":[130.370191,32.78688]}},{"type":"Feature","properties":{"layer_id":"cafe_restaurant","name":"ローソン島原寺町店","address":"長崎県島原市寺町1157-1","source":"厚生労働省 食品衛生申請等システム（オープンデータ）"},"geometry":{"type":"Point","coordinates":[130.366938,32.78181]}},{"type":"Feature","properties":{"layer_id":"cafe_restaurant","name":"鰻の成瀬　島原店／みそ家","address":"長崎県島原市前浜町丙２番地１","source":"厚生労働省 食品衛生申請等システム（オープンデータ）"},"geometry":{"type":"Point","coordinates":[130.35976,32.810762]}},{"type":"Feature","properties":{"layer_id":"cafe_restaurant","name":"ファミリーマート島原有明店","address":"長崎県島原市有明町大三東丙２３５－２","source":"厚生労働省 食品衛生申請等システム（オープンデータ）"},"geometry":{"type":"Point","coordinates":[130.343053,32.847026]}},{"type":"Feature","properties":{"layer_id":"cafe_restaurant","name":"藤田屋本家（喫茶コーナー）","address":"長崎県島原市今川町１８５０番地８","source":"厚生労働省 食品衛生申請等システム（オープンデータ）"},"geometry":{"type":"Point","coordinates":[130.368385,32.787557]}},{"type":"Feature","properties":{"layer_id":"cafe_restaurant","name":"どて焼","address":"長崎県島原市新町1丁目238","source":"厚生労働省 食品衛生申請等システム（オープンデータ）"},"geometry":{"type":"Point","coordinates":[130.370408,32.785511]}},{"type":"Feature","properties":{"layer_id":"cafe_restaurant","name":"ＰＥＡＲＬＳパール","address":"長崎県島原市新町１丁目４８５番地６","source":"厚生労働省 食品衛生申請等システム（オープンデータ）"},"geometry":{"type":"Point","coordinates":[130.369742,32.786328]}},{"type":"Feature","properties":{"layer_id":"cafe_restaurant","name":"串焼き　とり鐵","address":"長崎県島原市秩父が浦町３５３４－１","source":"厚生労働省 食品衛生申請等システム（オープンデータ）"},"geometry":{"type":"Point","coordinates":[130.371855,32.758725]}},{"type":"Feature","properties":{"layer_id":"cafe_restaurant","name":"Lit　七万石","address":"長崎県島原市新町1丁目４６４","source":"厚生労働省 食品衛生申請等システム（オープンデータ）"},"geometry":{"type":"Point","coordinates":[130.370091,32.786793]}},{"type":"Feature","properties":{"layer_id":"cafe_restaurant","name":"Rico","address":"長崎県島原市中堀町156-6 1F","source":"厚生労働省 食品衛生申請等システム（オープンデータ）"},"geometry":{"type":"Point","coordinates":[130.369568,32.78367]}},{"type":"Feature","properties":{"layer_id":"cafe_restaurant","name":"雲仙岳災害記念館","address":"長崎県島原市平成町１－１","source":"厚生労働省 食品衛生申請等システム（オープンデータ）"},"geometry":{"type":"Point","coordinates":[130.375909,32.743588]}},{"type":"Feature","properties":{"layer_id":"cafe_restaurant","name":"リカーズアイランド","address":"長崎県島原市新町１丁目２３３－１","source":"厚生労働省 食品衛生申請等システム（オープンデータ）"},"geometry":{"type":"Point","coordinates":[130.370403,32.78572]}},{"type":"Feature","properties":{"layer_id":"cafe_restaurant","name":"EATING SPACE GARAGE","address":"長崎県島原市新町１丁目１２７－９ パークビル１Ｆ","source":"厚生労働省 食品衛生申請等システム（オープンデータ）"},"geometry":{"type":"Point","coordinates":[130.370558,32.783247]}},{"type":"Feature","properties":{"layer_id":"cafe_restaurant","name":"おい家","address":"長崎県島原市新湊２丁目２０８９－９","source":"厚生労働省 食品衛生申請等システム（オープンデータ）"},"geometry":{"type":"Point","coordinates":[130.364517,32.763197]}},{"type":"Feature","properties":{"layer_id":"cafe_restaurant","name":"秀　La Cucina FAR","address":"長崎県島原市堀町197-5","source":"厚生労働省 食品衛生申請等システム（オープンデータ）"},"geometry":{"type":"Point","coordinates":[130.369673,32.784515]}},{"type":"Feature","properties":{"layer_id":"cafe_restaurant","name":"ファミリーマート雲仙グリーンロード有明店","address":"長崎県島原市有明町湯江丙字西小久堀１７８８番地４","source":"厚生労働省 食品衛生申請等システム（オープンデータ）"},"geometry":{"type":"Point","coordinates":[130.317795,32.852022]}},{"type":"Feature","properties":{"layer_id":"cafe_restaurant","name":"雄友庵","address":"長崎県島原市鎌田町丁４０００","source":"厚生労働省 食品衛生申請等システム（オープンデータ）"},"geometry":{"type":"Point","coordinates":[130.368179,32.746947]}},{"type":"Feature","properties":{"layer_id":"cafe_restaurant","name":"あんしんハウス新館","address":"長崎県島原市城見町４９５０－１","source":"厚生労働省 食品衛生申請等システム（オープンデータ）"},"geometry":{"type":"Point","coordinates":[130.359692,32.788048]}},{"type":"Feature","properties":{"layer_id":"cafe_restaurant","name":"マルタ食品","address":"長崎県島原市新馬場町８２６－６","source":"厚生労働省 食品衛生申請等システム（オープンデータ）"},"geometry":{"type":"Point","coordinates":[130.368145,32.797404]}},{"type":"Feature","properties":{"layer_id":"cafe_restaurant","name":"マルタ食品","address":"長崎県島原市中堀町１５８－４","source":"厚生労働省 食品衛生申請等システム（オープンデータ）"},"geometry":{"type":"Point","coordinates":[130.369869,32.783904]}},{"type":"Feature","properties":{"layer_id":"cafe_restaurant","name":"Novella","address":"長崎県島原市高島１－３３５ー３ 創元ビル１ーC","source":"厚生労働省 食品衛生申請等システム（オープンデータ）"},"geometry":{"type":"Point","coordinates":[130.370823,32.786356]}},{"type":"Feature","properties":{"layer_id":"cafe_restaurant","name":"島原アミューズメントカフェズ（シューティングカフェ）","address":"長崎県島原市万町５０８番地 ３F","source":"厚生労働省 食品衛生申請等システム（オープンデータ）"},"geometry":{"type":"Point","coordinates":[130.369519,32.785887]}},{"type":"Feature","properties":{"layer_id":"cafe_restaurant","name":"島原ステーションホテル","address":"長崎県島原市今川町９３０","source":"厚生労働省 食品衛生申請等システム（オープンデータ）"},"geometry":{"type":"Point","coordinates":[130.368554,32.78716]}},{"type":"Feature","properties":{"layer_id":"cafe_restaurant","name":"酒処さゝ","address":"長崎県島原市万町５０５－３","source":"厚生労働省 食品衛生申請等システム（オープンデータ）"},"geometry":{"type":"Point","coordinates":[130.369513,32.786345]}},{"type":"Feature","properties":{"layer_id":"cafe_restaurant","name":"Kitchen House","address":"長崎県島原市梅園町丁２８７０番地 株式会社島原自動車学校内","source":"厚生労働省 食品衛生申請等システム（オープンデータ）"},"geometry":{"type":"Point","coordinates":[130.365629,32.753837]}},{"type":"Feature","properties":{"layer_id":"cafe_restaurant","name":"升金の倉","address":"長崎県島原市湊新地町４５０－１","source":"厚生労働省 食品衛生申請等システム（オープンデータ）"},"geometry":{"type":"Point","coordinates":[130.375514,32.77418]}},{"type":"Feature","properties":{"layer_id":"cafe_restaurant","name":"居心地屋　だいおう","address":"長崎県島原市新町１－２２７","source":"厚生労働省 食品衛生申請等システム（オープンデータ）"},"geometry":{"type":"Point","coordinates":[130.370411,32.784748]}},{"type":"Feature","properties":{"layer_id":"cafe_restaurant","name":"セブン‐イレブン島原稗田町店","address":"長崎県島原市稗田町２１７－１","source":"厚生労働省 食品衛生申請等システム（オープンデータ）"},"geometry":{"type":"Point","coordinates":[130.351486,32.810041]}},{"type":"Feature","properties":{"layer_id":"cafe_restaurant","name":"元祖　姫松屋　新町","address":"長崎県島原市新町１丁目２２０","source":"厚生労働省 食品衛生申請等システム（オープンデータ）"},"geometry":{"type":"Point","coordinates":[130.369932,32.785671]}},{"type":"Feature","properties":{"layer_id":"cafe_restaurant","name":"食楽酒房 彩楽","address":"長崎県島原市新町１丁目１２７－３","source":"厚生労働省 食品衛生申請等システム（オープンデータ）"},"geometry":{"type":"Point","coordinates":[130.370046,32.783853]}},{"type":"Feature","properties":{"layer_id":"cafe_restaurant","name":"本村商店","address":"長崎県島原市中尾町乙１７１０－１","source":"厚生労働省 食品衛生申請等システム（オープンデータ）"},"geometry":{"type":"Point","coordinates":[130.345014,32.802183]}},{"type":"Feature","properties":{"layer_id":"cafe_restaurant","name":"居酒屋　おかえり","address":"長崎県島原市高島２丁目７１９０－７","source":"厚生労働省 食品衛生申請等システム（オープンデータ）"},"geometry":{"type":"Point","coordinates":[130.372119,32.786322]}},{"type":"Feature","properties":{"layer_id":"cafe_restaurant","name":"銀水","address":"長崎県島原市白土桃山二丁目１０９３番地","source":"厚生労働省 食品衛生申請等システム（オープンデータ）"},"geometry":{"type":"Point","coordinates":[130.374752,32.778841]}},{"type":"Feature","properties":{"layer_id":"cafe_restaurant","name":"いのうえ鮮魚","address":"長崎県島原市有明町湯江丙４－３　まるたか有明店内","source":"厚生労働省 食品衛生申請等システム（オープンデータ）"},"geometry":{"type":"Point","coordinates":[130.325212,32.861324]}},{"type":"Feature","properties":{"layer_id":"cafe_restaurant","name":"いけすろばた佐藤","address":"長崎県島原市湊町40","source":"厚生労働省 食品衛生申請等システム（オープンデータ）"},"geometry":{"type":"Point","coordinates":[130.372097,32.768973]}},{"type":"Feature","properties":{"layer_id":"cafe_restaurant","name":"カレーハウスCoCo壱番屋　島原柏野町店","address":"長崎県島原市柏野町1624番地1","source":"厚生労働省 食品衛生申請等システム（オープンデータ）"},"geometry":{"type":"Point","coordinates":[130.359584,32.798191]}},{"type":"Feature","properties":{"layer_id":"cafe_restaurant","name":"島原市新農泊推進協議会ブラボーワールド","address":"長崎県島原市寺中町丙２４８２－３","source":"厚生労働省 食品衛生申請等システム（オープンデータ）"},"geometry":{"type":"Point","coordinates":[130.345325,32.820737]}},{"type":"Feature","properties":{"layer_id":"cafe_restaurant","name":"濵かつ島原新馬場店","address":"長崎県島原市新馬場町848-1","source":"厚生労働省 食品衛生申請等システム（オープンデータ）"},"geometry":{"type":"Point","coordinates":[130.367319,32.796821]}},{"type":"Feature","properties":{"layer_id":"cafe_restaurant","name":"りみまか族","address":"長崎県島原市新湊２丁目丙２０８９－１５","source":"厚生労働省 食品衛生申請等システム（オープンデータ）"},"geometry":{"type":"Point","coordinates":[130.363647,32.763118]}},{"type":"Feature","properties":{"layer_id":"cafe_restaurant","name":"お好み焼「でいとす」","address":"長崎県島原市有明町湯江甲６３８","source":"厚生労働省 食品衛生申請等システム（オープンデータ）"},"geometry":{"type":"Point","coordinates":[130.326417,32.853633]}},{"type":"Feature","properties":{"layer_id":"cafe_restaurant","name":"味処　ともこ","address":"長崎県島原市新町１丁目４８８","source":"厚生労働省 食品衛生申請等システム（オープンデータ）"},"geometry":{"type":"Point","coordinates":[130.369887,32.786487]}},{"type":"Feature","properties":{"layer_id":"cafe_restaurant","name":"株式会社日進開発　HOTELシーサイド島原　レストラン","address":"長崎県島原市新湊１丁目３８－１","source":"厚生労働省 食品衛生申請等システム（オープンデータ）"},"geometry":{"type":"Point","coordinates":[130.37065,32.762595]}},{"type":"Feature","properties":{"layer_id":"cafe_restaurant","name":"株式会社日進開発　HOTELシーサイド島原　旅館","address":"長崎県島原市新湊１丁目３８－１","source":"厚生労働省 食品衛生申請等システム（オープンデータ）"},"geometry":{"type":"Point","coordinates":[130.37065,32.762595]}},{"type":"Feature","properties":{"layer_id":"cafe_restaurant","name":"漁人市場　とっとっと","address":"長崎県島原市湊新地町４５１","source":"厚生労働省 食品衛生申請等システム（オープンデータ）"},"geometry":{"type":"Point","coordinates":[130.37563,32.774609]}},{"type":"Feature","properties":{"layer_id":"cafe_restaurant","name":"ウオクニ株式会社　十八親和銀行　不知火寮","address":"長崎県島原市城内２丁目１００２－２","source":"厚生労働省 食品衛生申請等システム（オープンデータ）"},"geometry":{"type":"Point","coordinates":[130.365703,32.795502]}},{"type":"Feature","properties":{"layer_id":"cafe_restaurant","name":"九州電力　田屋敷寮","address":"長崎県島原市城内２丁目１０４３－２","source":"厚生労働省 食品衛生申請等システム（オープンデータ）"},"geometry":{"type":"Point","coordinates":[130.363079,32.794963]}},{"type":"Feature","properties":{"layer_id":"cafe_restaurant","name":"カフェ・サラマンジェ","address":"長崎県島原市堀町１７２番地","source":"厚生労働省 食品衛生申請等システム（オープンデータ）"},"geometry":{"type":"Point","coordinates":[130.369355,32.784585]}},{"type":"Feature","properties":{"layer_id":"cafe_restaurant","name":"白土湖珈琲館","address":"長崎県島原市白土町１１４１－１","source":"厚生労働省 食品衛生申請等システム（オープンデータ）"},"geometry":{"type":"Point","coordinates":[130.367472,32.780398]}},{"type":"Feature","properties":{"layer_id":"cafe_restaurant","name":"元氣茶屋　想々","address":"長崎県島原市中堀町１５６－７番地","source":"厚生労働省 食品衛生申請等システム（オープンデータ）"},"geometry":{"type":"Point","coordinates":[130.369678,32.783392]}},{"type":"Feature","properties":{"layer_id":"cafe_restaurant","name":"食処　山口家","address":"長崎県島原市中堀町１５９－１中山ビル２F","source":"厚生労働省 食品衛生申請等システム（オープンデータ）"},"geometry":{"type":"Point","coordinates":[130.369494,32.784033]}},{"type":"Feature","properties":{"layer_id":"cafe_restaurant","name":"鳥料理　いむら","address":"長崎県島原市浦田１丁目７８４","source":"厚生労働省 食品衛生申請等システム（オープンデータ）"},"geometry":{"type":"Point","coordinates":[130.373438,32.777616]}},{"type":"Feature","properties":{"layer_id":"cafe_restaurant","name":"ろ・ろ","address":"長崎県島原市新町1-505-6","source":"厚生労働省 食品衛生申請等システム（オープンデータ）"},"geometry":{"type":"Point","coordinates":[130.369694,32.786332]}},{"type":"Feature","properties":{"layer_id":"cafe_restaurant","name":"ALICE","address":"長崎県島原市万町５０５－６","source":"厚生労働省 食品衛生申請等システム（オープンデータ）"},"geometry":{"type":"Point","coordinates":[130.369654,32.786332]}},{"type":"Feature","properties":{"layer_id":"cafe_restaurant","name":"仕出し・弁当　千成","address":"長崎県島原市坂上町６９７９番地６","source":"厚生労働省 食品衛生申請等システム（オープンデータ）"},"geometry":{"type":"Point","coordinates":[130.370671,32.777841]}},{"type":"Feature","properties":{"layer_id":"cafe_restaurant","name":"たこ焼・お好焼　ター坊","address":"長崎県島原市南安徳町丁４４４６","source":"厚生労働省 食品衛生申請等システム（オープンデータ）"},"geometry":{"type":"Point","coordinates":[130.368179,32.742224]}},{"type":"Feature","properties":{"layer_id":"cafe_restaurant","name":"島原茶屋","address":"長崎県島原市新町１丁目４８３－１","source":"厚生労働省 食品衛生申請等システム（オープンデータ）"},"geometry":{"type":"Point","coordinates":[130.369928,32.786012]}},{"type":"Feature","properties":{"layer_id":"cafe_restaurant","name":"丸望","address":"長崎県島原市新町１丁目４８５－６","source":"厚生労働省 食品衛生申請等システム（オープンデータ）"},"geometry":{"type":"Point","coordinates":[130.369742,32.786328]}},{"type":"Feature","properties":{"layer_id":"cafe_restaurant","name":"スターバックスコーヒー TSUTAYA BOOKSTORE 島原","address":"長崎県島原市城内3丁目1600-1","source":"厚生労働省 食品衛生申請等システム（オープンデータ）"},"geometry":{"type":"Point","coordinates":[130.361844,32.79865]}},{"type":"Feature","properties":{"layer_id":"cafe_restaurant","name":"pesceco","address":"長崎県島原市新馬場町２2３－１","source":"厚生労働省 食品衛生申請等システム（オープンデータ）"},"geometry":{"type":"Point","coordinates":[130.368956,32.798682]}},{"type":"Feature","properties":{"layer_id":"cafe_restaurant","name":"セブンイレブン島原原口町店","address":"長崎県島原市原口町３９５－１","source":"厚生労働省 食品衛生申請等システム（オープンデータ）"},"geometry":{"type":"Point","coordinates":[130.332826,32.820101]}},{"type":"Feature","properties":{"layer_id":"cafe_restaurant","name":"レストラン　ラ・プラージュ　株式会社ホテル南風楼","address":"長崎県島原市弁天町２丁目７３３１－１","source":"厚生労働省 食品衛生申請等システム（オープンデータ）"},"geometry":{"type":"Point","coordinates":[130.377394,32.780894]}},{"type":"Feature","properties":{"layer_id":"cafe_restaurant","name":"薄田惣菜店","address":"長崎県島原市栄町８６３２","source":"厚生労働省 食品衛生申請等システム（オープンデータ）"},"geometry":{"type":"Point","coordinates":[130.368,32.773932]}},{"type":"Feature","properties":{"layer_id":"cafe_restaurant","name":"手打ちうどん　ほんだ","address":"長崎県島原市加美町1010-4","source":"厚生労働省 食品衛生申請等システム（オープンデータ）"},"geometry":{"type":"Point","coordinates":[130.368478,32.784371]}},{"type":"Feature","properties":{"layer_id":"cafe_restaurant","name":"丸弐　島原店","address":"長崎県島原市片町５４６－３","source":"厚生労働省 食品衛生申請等システム（オープンデータ）"},"geometry":{"type":"Point","coordinates":[130.371287,32.7886]}},{"type":"Feature","properties":{"layer_id":"cafe_restaurant","name":"チャーリーカレー","address":"長崎県島原市湊町３７番地","source":"厚生労働省 食品衛生申請等システム（オープンデータ）"},"geometry":{"type":"Point","coordinates":[130.372014,32.769049]}},{"type":"Feature","properties":{"layer_id":"cafe_restaurant","name":"Jasmine","address":"長崎県島原市高島一丁目４５３番地７","source":"厚生労働省 食品衛生申請等システム（オープンデータ）"},"geometry":{"type":"Point","coordinates":[130.370498,32.787316]}},{"type":"Feature","properties":{"layer_id":"cafe_restaurant","name":"白龍","address":"長崎県島原市坂上町7533-1","source":"厚生労働省 食品衛生申請等システム（オープンデータ）"},"geometry":{"type":"Point","coordinates":[130.370929,32.778091]}},{"type":"Feature","properties":{"layer_id":"cafe_restaurant","name":"VCポイントショップニチエー店","address":"長崎県島原市大下町丙１３０９－１","source":"厚生労働省 食品衛生申請等システム（オープンデータ）"},"geometry":{"type":"Point","coordinates":[130.361127,32.756206]}},{"type":"Feature","properties":{"layer_id":"cafe_restaurant","name":"茶処　瓢箪","address":"長崎県島原市新湊1丁目丙２１７３","source":"厚生労働省 食品衛生申請等システム（オープンデータ）"},"geometry":{"type":"Point","coordinates":[130.366086,32.763529]}},{"type":"Feature","properties":{"layer_id":"cafe_restaurant","name":"鯉の泳ぐまち観光交流センター清流亭","address":"長崎県島原市新町2丁目２４７－１","source":"厚生労働省 食品衛生申請等システム（オープンデータ）"},"geometry":{"type":"Point","coordinates":[130.370988,32.78506]}},{"type":"Feature","properties":{"layer_id":"cafe_restaurant","name":"ホテル南風楼","address":"長崎県島原市弁天町２丁目７３３１番地１","source":"厚生労働省 食品衛生申請等システム（オープンデータ）"},"geometry":{"type":"Point","coordinates":[130.377394,32.780894]}},{"type":"Feature","properties":{"layer_id":"cafe_restaurant","name":"浪花寿し","address":"長崎県島原市中堀町３２番地","source":"厚生労働省 食品衛生申請等システム（オープンデータ）"},"geometry":{"type":"Point","coordinates":[130.370163,32.781375]}},{"type":"Feature","properties":{"layer_id":"cafe_restaurant","name":"ダ　チルコラーレ","address":"長崎県島原市前浜町乙５９－１","source":"厚生労働省 食品衛生申請等システム（オープンデータ）"},"geometry":{"type":"Point","coordinates":[130.361784,32.805663]}},{"type":"Feature","properties":{"layer_id":"cafe_restaurant","name":"藤乃井旅館","address":"長崎県島原市湊町２２番地","source":"厚生労働省 食品衛生申請等システム（オープンデータ）"},"geometry":{"type":"Point","coordinates":[130.371771,32.768597]}},{"type":"Feature","properties":{"layer_id":"cafe_restaurant","name":"焼肉竹林北門店","address":"長崎県島原市北門町１５６４ー１","source":"厚生労働省 食品衛生申請等システム（オープンデータ）"},"geometry":{"type":"Point","coordinates":[130.359951,32.798405]}},{"type":"Feature","properties":{"layer_id":"cafe_restaurant","name":"中華和が家","address":"長崎県島原市西八幡町８３９３－２","source":"厚生労働省 食品衛生申請等システム（オープンデータ）"},"geometry":{"type":"Point","coordinates":[130.369929,32.772706]}},{"type":"Feature","properties":{"layer_id":"cafe_restaurant","name":"串揚げ、天ぷら　シルクロード・パートⅡ","address":"長崎県島原市上の町８６８番地","source":"厚生労働省 食品衛生申請等システム（オープンデータ）"},"geometry":{"type":"Point","coordinates":[130.369377,32.789417]}},{"type":"Feature","properties":{"layer_id":"cafe_restaurant","name":"Maison","address":"長崎県島原市高島一丁目４２４","source":"厚生労働省 食品衛生申請等システム（オープンデータ）"},"geometry":{"type":"Point","coordinates":[130.370798,32.787211]}},{"type":"Feature","properties":{"layer_id":"cafe_restaurant","name":"SANTABA　kitchen　HOUSE","address":"長崎県島原市有明町大三東丁４６－２","source":"厚生労働省 食品衛生申請等システム（オープンデータ）"},"geometry":{"type":"Point","coordinates":[130.330555,32.832923]}},{"type":"Feature","properties":{"layer_id":"cafe_restaurant","name":"茶房　速魚川","address":"長崎県島原市上の町９１２番地","source":"厚生労働省 食品衛生申請等システム（オープンデータ）"},"geometry":{"type":"Point","coordinates":[130.369285,32.788858]}},{"type":"Feature","properties":{"layer_id":"cafe_restaurant","name":"居酒屋　金ちゃん","address":"長崎県島原市南柏野町２７０４","source":"厚生労働省 食品衛生申請等システム（オープンデータ）"},"geometry":{"type":"Point","coordinates":[130.36066,32.795249]}},{"type":"Feature","properties":{"layer_id":"cafe_restaurant","name":"姫松屋","address":"長崎県島原市城内１丁目１２０８番地３","source":"厚生労働省 食品衛生申請等システム（オープンデータ）"},"geometry":{"type":"Point","coordinates":[130.365931,32.788082]}},{"type":"Feature","properties":{"layer_id":"cafe_restaurant","name":"若竹丸　島原店","address":"長崎県島原市城内３丁目１２７５－１","source":"厚生労働省 食品衛生申請等システム（オープンデータ）"},"geometry":{"type":"Point","coordinates":[130.364039,32.799776]}},{"type":"Feature","properties":{"layer_id":"cafe_restaurant","name":"ファミリーマート　島原港店","address":"長崎県島原市下川尻町72-76","source":"厚生労働省 食品衛生申請等システム（オープンデータ）"},"geometry":{"type":"Point","coordinates":[130.37053,32.765925]}},{"type":"Feature","properties":{"layer_id":"cafe_restaurant","name":"酒・食事処　くまちゃん","address":"長崎県島原市上の町859","source":"厚生労働省 食品衛生申請等システム（オープンデータ）"},"geometry":{"type":"Point","coordinates":[130.36967,32.788631]}},{"type":"Feature","properties":{"layer_id":"cafe_restaurant","name":"平野鮮魚","address":"長崎県島原市中組町２５７－１","source":"厚生労働省 食品衛生申請等システム（オープンデータ）"},"geometry":{"type":"Point","coordinates":[130.374415,32.772778]}},{"type":"Feature","properties":{"layer_id":"cafe_restaurant","name":"たこ焼き　ひろ坊","address":"長崎県島原市湊町８６","source":"厚生労働省 食品衛生申請等システム（オープンデータ）"},"geometry":{"type":"Point","coordinates":[130.37299,32.770055]}},{"type":"Feature","properties":{"layer_id":"cafe_restaurant","name":"じゅうじゅう","address":"長崎県島原市西八幡町8502-1 サンライズ西八幡102","source":"厚生労働省 食品衛生申請等システム（オープンデータ）"},"geometry":{"type":"Point","coordinates":[130.368202,32.775091]}},{"type":"Feature","properties":{"layer_id":"cafe_restaurant","name":"セブンイレブン島原城見町店","address":"長崎県島原市城見町4957-1","source":"厚生労働省 食品衛生申請等システム（オープンデータ）"},"geometry":{"type":"Point","coordinates":[130.359035,32.787066]}},{"type":"Feature","properties":{"layer_id":"cafe_restaurant","name":"セブンイレブン島原北門町店","address":"長崎県島原市北門町１２９７－１","source":"厚生労働省 食品衛生申請等システム（オープンデータ）"},"geometry":{"type":"Point","coordinates":[130.364239,32.800649]}},{"type":"Feature","properties":{"layer_id":"cafe_restaurant","name":"OLLA","address":"長崎県島原市中組町２７２－１","source":"厚生労働省 食品衛生申請等システム（オープンデータ）"},"geometry":{"type":"Point","coordinates":[130.374168,32.773]}},{"type":"Feature","properties":{"layer_id":"cafe_restaurant","name":"OLLA","address":"長崎県島原市中組町２７２－１","source":"厚生労働省 食品衛生申請等システム（オープンデータ）"},"geometry":{"type":"Point","coordinates":[130.374168,32.773]}},{"type":"Feature","properties":{"layer_id":"cafe_restaurant","name":"陽光寿司","address":"長崎県島原市高島２丁目２８９－２","source":"厚生労働省 食品衛生申請等システム（オープンデータ）"},"geometry":{"type":"Point","coordinates":[130.371984,32.785449]}},{"type":"Feature","properties":{"layer_id":"cafe_restaurant","name":"Genten","address":"長崎県島原市中組町2番地","source":"厚生労働省 食品衛生申請等システム（オープンデータ）"},"geometry":{"type":"Point","coordinates":[130.373697,32.774715]}},{"type":"Feature","properties":{"layer_id":"cafe_restaurant","name":"高城病院","address":"長崎県島原市中野町丙１１６５","source":"厚生労働省 食品衛生申請等システム（オープンデータ）"},"geometry":{"type":"Point","coordinates":[130.34309,32.823792]}},{"type":"Feature","properties":{"layer_id":"cafe_restaurant","name":"かあちゃん弁当","address":"長崎県島原市有明町湯江丁3479-2","source":"厚生労働省 食品衛生申請等システム（オープンデータ）"},"geometry":{"type":"Point","coordinates":[130.304404,32.838426]}},{"type":"Feature","properties":{"layer_id":"cafe_restaurant","name":"居酒屋　祭","address":"長崎県島原市中堀町29 梅月ビル１F","source":"厚生労働省 食品衛生申請等システム（オープンデータ）"},"geometry":{"type":"Point","coordinates":[130.370236,32.781019]}},{"type":"Feature","properties":{"layer_id":"cafe_restaurant","name":"遊食喫茶　水月","address":"長崎県島原市新湊２丁目丙２０８９","source":"厚生労働省 食品衛生申請等システム（オープンデータ）"},"geometry":{"type":"Point","coordinates":[130.364246,32.763256]}},{"type":"Feature","properties":{"layer_id":"cafe_restaurant","name":"海鮮食堂　舟屋","address":"長崎県島原市秩父が浦町丁３５３９－５０","source":"厚生労働省 食品衛生申請等システム（オープンデータ）"},"geometry":{"type":"Point","coordinates":[130.37139,32.759989]}},{"type":"Feature","properties":{"layer_id":"cafe_restaurant","name":"太郎","address":"長崎県島原市湊町２８０番２号","source":"厚生労働省 食品衛生申請等システム（オープンデータ）"},"geometry":{"type":"Point","coordinates":[130.372303,32.770422]}},{"type":"Feature","properties":{"layer_id":"cafe_restaurant","name":"プチ城元","address":"長崎県島原市中堀町１５６－６ 中央プラザビルB号","source":"厚生労働省 食品衛生申請等システム（オープンデータ）"},"geometry":{"type":"Point","coordinates":[130.369654,32.783234]}},{"type":"Feature","properties":{"layer_id":"cafe_restaurant","name":"ありあけ食堂","address":"長崎県島原市有明町大三東戊８７－９","source":"厚生労働省 食品衛生申請等システム（オープンデータ）"},"geometry":{"type":"Point","coordinates":[130.33949,32.849371]}},{"type":"Feature","properties":{"layer_id":"cafe_restaurant","name":"居酒屋　割烹　雲仙","address":"長崎県島原市高島一丁目４２４－５　１階","source":"厚生労働省 食品衛生申請等システム（オープンデータ）"},"geometry":{"type":"Point","coordinates":[130.37067,32.787359]}},{"type":"Feature","properties":{"layer_id":"cafe_restaurant","name":"トミーズ島原店","address":"長崎県島原市北門町９９－１","source":"厚生労働省 食品衛生申請等システム（オープンデータ）"},"geometry":{"type":"Point","coordinates":[130.364458,32.801841]}},{"type":"Feature","properties":{"layer_id":"cafe_restaurant","name":"セブンイレブン島原有明町店","address":"長崎県島原市有明町大三東戊１２３－１","source":"厚生労働省 食品衛生申請等システム（オープンデータ）"},"geometry":{"type":"Point","coordinates":[130.33758,32.849969]}},{"type":"Feature","properties":{"layer_id":"cafe_restaurant","name":"ビジネスホテル千鳥","address":"長崎県島原市弁天町２丁目７３９３－４","source":"厚生労働省 食品衛生申請等システム（オープンデータ）"},"geometry":{"type":"Point","coordinates":[130.373583,32.782057]}},{"type":"Feature","properties":{"layer_id":"cafe_restaurant","name":"心真","address":"長崎県島原市新町１－２２７","source":"厚生労働省 食品衛生申請等システム（オープンデータ）"},"geometry":{"type":"Point","coordinates":[130.36993,32.785686]}},{"type":"Feature","properties":{"layer_id":"cafe_restaurant","name":"居酒屋　一休","address":"長崎県島原市新町１丁目４８５－２　新ラインビル１Ｆ","source":"厚生労働省 食品衛生申請等システム（オープンデータ）"},"geometry":{"type":"Point","coordinates":[130.369833,32.786171]}},{"type":"Feature","properties":{"layer_id":"cafe_restaurant","name":"お食事処　かあちゃん","address":"長崎県島原市有明町大三東戊６８６番地１","source":"厚生労働省 食品衛生申請等システム（オープンデータ）"},"geometry":{"type":"Point","coordinates":[130.335662,32.857471]}},{"type":"Feature","properties":{"layer_id":"cafe_restaurant","name":"ワタナベ食堂","address":"長崎県島原市弁天町１－９０－３","source":"厚生労働省 食品衛生申請等システム（オープンデータ）"},"geometry":{"type":"Point","coordinates":[130.371353,32.78329]}},{"type":"Feature","properties":{"layer_id":"cafe_restaurant","name":"喫茶ケルン","address":"長崎県島原市高島二丁目２８０","source":"厚生労働省 食品衛生申請等システム（オープンデータ）"},"geometry":{"type":"Point","coordinates":[130.371523,32.785498]}},{"type":"Feature","properties":{"layer_id":"cafe_restaurant","name":"ちゃんこ力士","address":"長崎県島原市西八幡町８５４５－１７","source":"厚生労働省 食品衛生申請等システム（オープンデータ）"},"geometry":{"type":"Point","coordinates":[130.368417,32.774799]}},{"type":"Feature","properties":{"layer_id":"cafe_restaurant","name":"てっぱん屋　待夢","address":"長崎県島原市西八幡町８３９０","source":"厚生労働省 食品衛生申請等システム（オープンデータ）"},"geometry":{"type":"Point","coordinates":[130.369986,32.773087]}},{"type":"Feature","properties":{"layer_id":"cafe_restaurant","name":"お食事処　都一","address":"長崎県島原市桜町９６８","source":"厚生労働省 食品衛生申請等システム（オープンデータ）"},"geometry":{"type":"Point","coordinates":[130.36886,32.785887]}},{"type":"Feature","properties":{"layer_id":"cafe_restaurant","name":"中華園","address":"長崎県島原市白土桃山二丁目１１５９－４","source":"厚生労働省 食品衛生申請等システム（オープンデータ）"},"geometry":{"type":"Point","coordinates":[130.375817,32.779509]}},{"type":"Feature","properties":{"layer_id":"cafe_restaurant","name":"ｋｉｋｉ","address":"長崎県島原市高島１丁目４４２　酒楽喰ビル１Ｆ","source":"厚生労働省 食品衛生申請等システム（オープンデータ）"},"geometry":{"type":"Point","coordinates":[130.37065,32.786795]}},{"type":"Feature","properties":{"layer_id":"cafe_restaurant","name":"いなほ焼き　島原店","address":"長崎県島原市新町１丁目２２２番地","source":"厚生労働省 食品衛生申請等システム（オープンデータ）"},"geometry":{"type":"Point","coordinates":[130.369757,32.785426]}},{"type":"Feature","properties":{"layer_id":"cafe_restaurant","name":"鮨　彦八","address":"長崎県島原市有明町湯江丁１３－１１８","source":"厚生労働省 食品衛生申請等システム（オープンデータ）"},"geometry":{"type":"Point","coordinates":[130.323099,32.864682]}},{"type":"Feature","properties":{"layer_id":"cafe_restaurant","name":"製菓材料の店＆テイクアウトカフェ　HIKARIE","address":"長崎県島原市仁田町乙１８４５－５２","source":"厚生労働省 食品衛生申請等システム（オープンデータ）"},"geometry":{"type":"Point","coordinates":[130.354081,32.758085]}},{"type":"Feature","properties":{"layer_id":"cafe_restaurant","name":"焼肉　華守　KIWAMI　島原店","address":"長崎県島原市中安徳町丁１７７７－５","source":"厚生労働省 食品衛生申請等システム（オープンデータ）"},"geometry":{"type":"Point","coordinates":[130.360668,32.746153]}},{"type":"Feature","properties":{"layer_id":"cafe_restaurant","name":"株式会社まどか","address":"長崎県島原市万町516番地","source":"厚生労働省 食品衛生申請等システム（オープンデータ）"},"geometry":{"type":"Point","coordinates":[130.369355,32.786761]}},{"type":"Feature","properties":{"layer_id":"cafe_restaurant","name":"kitchen 一膳","address":"長崎県島原市北門町1593-3","source":"厚生労働省 食品衛生申請等システム（オープンデータ）"},"geometry":{"type":"Point","coordinates":[130.361071,32.799187]}},{"type":"Feature","properties":{"layer_id":"cafe_restaurant","name":"Tst","address":"長崎県島原市中堀町１５８－１","source":"厚生労働省 食品衛生申請等システム（オープンデータ）"},"geometry":{"type":"Point","coordinates":[130.369774,32.783813]}},{"type":"Feature","properties":{"layer_id":"cafe_restaurant","name":"TAJMHAL","address":"長崎県島原市秩父が浦町丁３５４８番地１","source":"厚生労働省 食品衛生申請等システム（オープンデータ）"},"geometry":{"type":"Point","coordinates":[130.370236,32.760424]}},{"type":"Feature","properties":{"layer_id":"cafe_restaurant","name":"天神","address":"長崎県島原市片町731番地","source":"厚生労働省 食品衛生申請等システム（オープンデータ）"},"geometry":{"type":"Point","coordinates":[130.369195,32.791877]}},{"type":"Feature","properties":{"layer_id":"cafe_restaurant","name":"もとよし食堂","address":"長崎県島原市有明町大三東戊４５４－４","source":"厚生労働省 食品衛生申請等システム（オープンデータ）"},"geometry":{"type":"Point","coordinates":[130.337133,32.850258]}},{"type":"Feature","properties":{"layer_id":"cafe_restaurant","name":"SHIMABARA DESIGN ART LAB.","address":"長崎県島原市堀町１８１","source":"厚生労働省 食品衛生申請等システム（オープンデータ）"},"geometry":{"type":"Point","coordinates":[130.369312,32.785632]}},{"type":"Feature","properties":{"layer_id":"public_facilities","name":"農村環境改善センター","address":"島原市中原町乙1935","source":"国土交通省 国土数値情報"},"geometry":{"type":"Point","coordinates":[130.347809,32.817715]}},{"type":"Feature","properties":{"layer_id":"public_facilities","name":"島原市児童館","address":"島原市白土桃山2-1139-2","source":"国土交通省 国土数値情報"},"geometry":{"type":"Point","coordinates":[130.375061,32.779034]}},{"type":"Feature","properties":{"layer_id":"public_facilities","name":"島原平和会館","address":"島原市秩父が浦町丁2669-23","source":"国土交通省 国土数値情報"},"geometry":{"type":"Point","coordinates":[130.371094,32.758629]}},{"type":"Feature","properties":{"layer_id":"public_facilities","name":"勤労者会館","address":"島原市湖南町6954-4","source":"国土交通省 国土数値情報"},"geometry":{"type":"Point","coordinates":[130.368683,32.777386]}},{"type":"Feature","properties":{"layer_id":"public_facilities","name":"有明青少年武道館","address":"島原市有明町大三東戊1450","source":"国土交通省 国土数値情報"},"geometry":{"type":"Point","coordinates":[130.335523,32.847107]}},{"type":"Feature","properties":{"layer_id":"public_facilities","name":"有明庁舎","address":"島原市有明町大三東戊1327","source":"国土交通省 国土数値情報"},"geometry":{"type":"Point","coordinates":[130.335974,32.849507]}},{"type":"Feature","properties":{"layer_id":"public_facilities","name":"れいなん会館","address":"島原市霊南1-18-4","source":"国土交通省 国土数値情報"},"geometry":{"type":"Point","coordinates":[130.379196,32.779652]}},{"type":"Feature","properties":{"layer_id":"public_facilities","name":"有明公民館","address":"島原市有明町大三東戊1438-1","source":"国土交通省 国土数値情報"},"geometry":{"type":"Point","coordinates":[130.336316,32.847106]}},{"type":"Feature","properties":{"layer_id":"public_facilities","name":"観光交流センター清流亭","address":"島原市新町2-247-1","source":"国土交通省 国土数値情報"},"geometry":{"type":"Point","coordinates":[130.370961,32.785039]}},{"type":"Feature","properties":{"layer_id":"public_facilities","name":"島原図書館","address":"島原市城内1-1202","source":"国土交通省 国土数値情報"},"geometry":{"type":"Point","coordinates":[130.367508,32.788067]}},{"type":"Feature","properties":{"layer_id":"public_facilities","name":"有馬武道館","address":"島原市弁天町2-7247-40","source":"国土交通省 国土数値情報"},"geometry":{"type":"Point","coordinates":[130.377279,32.783095]}},{"type":"Feature","properties":{"layer_id":"public_facilities","name":"霊丘公園体育館・弓道場","address":"島原市弁天町2-7295の1","source":"国土交通省 国土数値情報"},"geometry":{"type":"Point","coordinates":[130.376508,32.782953]}},{"type":"Feature","properties":{"layer_id":"public_facilities","name":"平成新山ネイチャーセンター","address":"島原市南千本木町甲2683","source":"国土交通省 国土数値情報"},"geometry":{"type":"Point","coordinates":[130.324146,32.769623]}},{"type":"Feature","properties":{"layer_id":"public_facilities","name":"三会出張所","address":"島原市中原町乙1935","source":"国土交通省 国土数値情報"},"geometry":{"type":"Point","coordinates":[130.350417,32.816278]}},{"type":"Feature","properties":{"layer_id":"public_facilities","name":"三会公民館","address":"島原市中原町乙1935","source":"国土交通省 国土数値情報"},"geometry":{"type":"Point","coordinates":[130.350417,32.816258]}},{"type":"Feature","properties":{"layer_id":"public_facilities","name":"島原文化会館","address":"島原市城内1-1177-2","source":"国土交通省 国土数値情報"},"geometry":{"type":"Point","coordinates":[130.366711,32.791043]}},{"type":"Feature","properties":{"layer_id":"public_facilities","name":"有明支所","address":"島原市有明町大三東戊1327","source":"国土交通省 国土数値情報"},"geometry":{"type":"Point","coordinates":[130.336044,32.849614]}},{"type":"Feature","properties":{"layer_id":"public_facilities","name":"杉谷公民館","address":"島原市宇土町乙687-1","source":"国土交通省 国土数値情報"},"geometry":{"type":"Point","coordinates":[130.338623,32.795315]}},{"type":"Feature","properties":{"layer_id":"public_facilities","name":"島原市役所有明庁舎","address":"島原市有明町大三東戊1327","source":"国土交通省 国土数値情報"},"geometry":{"type":"Point","coordinates":[130.336181,32.849708]}},{"type":"Feature","properties":{"layer_id":"public_facilities","name":"安中公民館","address":"島原市大下町丙1114-1","source":"国土交通省 国土数値情報"},"geometry":{"type":"Point","coordinates":[130.360794,32.754066]}},{"type":"Feature","properties":{"layer_id":"public_facilities","name":"しまばら斎場","address":"島原市上の原3-6188-2","source":"国土交通省 国土数値情報"},"geometry":{"type":"Point","coordinates":[130.359406,32.780293]}},{"type":"Feature","properties":{"layer_id":"public_facilities","name":"有明農村環境改善センター","address":"島原市有明町大三東戊787-1","source":"国土交通省 国土数値情報"},"geometry":{"type":"Point","coordinates":[130.318695,32.828056]}},{"type":"Feature","properties":{"layer_id":"public_facilities","name":"有明総合文化会館","address":"島原市有明町大三東戊1382","source":"国土交通省 国土数値情報"},"geometry":{"type":"Point","coordinates":[130.336923,32.848008]}},{"type":"Feature","properties":{"layer_id":"public_facilities","name":"島原復興アリーナ","address":"島原市平成町2-1","source":"国土交通省 国土数値情報"},"geometry":{"type":"Point","coordinates":[130.375336,32.745979]}},{"type":"Feature","properties":{"layer_id":"public_facilities","name":"霊丘公民館","address":"島原市新町2-103-1","source":"国土交通省 国土数値情報"},"geometry":{"type":"Point","coordinates":[130.371323,32.784191]}},{"type":"Feature","properties":{"layer_id":"public_facilities","name":"白山公民館","address":"島原市西八幡町7657","source":"国土交通省 国土数値情報"},"geometry":{"type":"Point","coordinates":[130.370117,32.77684]}},{"type":"Feature","properties":{"layer_id":"public_facilities","name":"母子生活支援施設わかば","address":"島原市坂上町7526-1","source":"国土交通省 国土数値情報"},"geometry":{"type":"Point","coordinates":[130.37114,32.778709]}},{"type":"Feature","properties":{"layer_id":"public_facilities","name":"福祉センター","address":"島原市霊南1-17","source":"国土交通省 国土数値情報"},"geometry":{"type":"Point","coordinates":[130.377311,32.780234]}},{"type":"Feature","properties":{"layer_id":"public_facilities","name":"鯉の泳ぐまち観光交流センター清流亭","address":"島原市新町2-247-1","source":"国土交通省 国土数値情報"},"geometry":{"type":"Point","coordinates":[130.371368,32.784996]}},{"type":"Feature","properties":{"layer_id":"public_facilities","name":"有明福祉センター","address":"島原市有明町大三東戊1352-1他","source":"国土交通省 国土数値情報"},"geometry":{"type":"Point","coordinates":[130.337541,32.849039]}},{"type":"Feature","properties":{"layer_id":"public_facilities","name":"鯉の泳ぐまち観光交流センター","address":"島原市新町2-247-1","source":"国土交通省 国土数値情報"},"geometry":{"type":"Point","coordinates":[130.371368,32.785016]}},{"type":"Feature","properties":{"layer_id":"public_facilities","name":"浜の川湧水観光交流館","address":"島原市白土桃山2-1093","source":"国土交通省 国土数値情報"},"geometry":{"type":"Point","coordinates":[130.374954,32.778592]}},{"type":"Feature","properties":{"layer_id":"public_facilities","name":"森岳公民館","address":"島原市城内1-1177イ3","source":"国土交通省 国土数値情報"},"geometry":{"type":"Point","coordinates":[130.365754,32.79129]}},{"type":"Feature","properties":{"layer_id":"public_facilities","name":"島原市役所","address":"島原市上の町537","source":"国土交通省 国土数値情報"},"geometry":{"type":"Point","coordinates":[130.370808,32.78825]}},{"type":"Feature","properties":{"layer_id":"scenic_nature_areas","name":"自然公園地域","source":"国土交通省 国土数値情報"},"geometry":{"type":"Polygon","coordinates":[[[130.372559,32.759547],[130.372469,32.759591],[130.372383,32.759645],[130.372353,32.759704],[130.37237,32.759776],[130.37238,32.759792],[130.372669,32.759636],[130.372662,32.759614],[130.372648,32.759598],[130.372632,32.75958],[130.372599,32.759552],[130.372559,32.759547]]]}},{"type":"Feature","properties":{"layer_id":"scenic_nature_areas","name":"自然公園地域","source":"国土交通省 国土数値情報"},"geometry":{"type":"Polygon","coordinates":[[[130.378936,32.775234],[130.378937,32.77523],[130.378818,32.775113],[130.378818,32.775146],[130.378818,32.775183],[130.37874,32.775173],[130.378424,32.775132],[130.378191,32.774929],[130.378178,32.774884],[130.378464,32.774467],[130.378507,32.774413],[130.378525,32.77384],[130.378085,32.773538],[130.377944,32.773599],[130.377878,32.773594],[130.377651,32.773521],[130.377564,32.773419],[130.377511,32.773329],[130.377477,32.773272],[130.377337,32.773064],[130.377278,32.772991],[130.377278,32.772984],[130.375828,32.771989],[130.377026,32.774156],[130.37713,32.774174],[130.377264,32.774209],[130.377528,32.774212],[130.377557,32.77418],[130.377591,32.774146],[130.377758,32.77414],[130.377818,32.774163],[130.377875,32.774216],[130.378008,32.774217],[130.377954,32.774393],[130.377978,32.774456],[130.377977,32.77458],[130.377944,32.774636],[130.377872,32.774657],[130.377651,32.775369],[130.37767,32.775377],[130.378495,32.775694],[130.378504,32.775696],[130.378631,32.775713],[130.378711,32.775719],[130.378793,32.77571],[130.378878,32.775426],[130.378891,32.775364],[130.378905,32.775262],[130.378936,32.775234]]]}},{"type":"Feature","properties":{"layer_id":"scenic_nature_areas","name":"自然公園地域","source":"国土交通省 国土数値情報"},"geometry":{"type":"Polygon","coordinates":[[[130.374517,32.756921],[130.374128,32.757241],[130.37371,32.757653],[130.373614,32.757812],[130.373611,32.75804],[130.373635,32.75802],[130.373996,32.757834],[130.374049,32.757761],[130.374069,32.757676],[130.374082,32.757439],[130.374105,32.757346],[130.374356,32.757286],[130.374521,32.756917],[130.374517,32.756921]]]}},{"type":"Feature","properties":{"layer_id":"scenic_nature_areas","name":"自然公園地域","source":"国土交通省 国土数値情報"},"geometry":{"type":"Polygon","coordinates":[[[130.37573,32.770088],[130.37579,32.76993],[130.37581,32.769749],[130.375803,32.769631],[130.375796,32.769604],[130.375768,32.769504],[130.375736,32.769451],[130.375629,32.769282],[130.375576,32.769214],[130.375497,32.769116],[130.374643,32.768879],[130.374549,32.770027],[130.375722,32.770093],[130.37573,32.770088]]]}},{"type":"Feature","properties":{"layer_id":"scenic_nature_areas","name":"自然公園地域","source":"国土交通省 国土数値情報"},"geometry":{"type":"Polygon","coordinates":[[[130.374136,32.75835],[130.373639,32.758329],[130.373685,32.758593],[130.37356,32.758786],[130.373279,32.759064],[130.373019,32.759295],[130.373055,32.759305],[130.373162,32.759294],[130.373382,32.759186],[130.373602,32.759074],[130.373722,32.758989],[130.373789,32.75891],[130.373859,32.758806],[130.37396,32.758781],[130.374129,32.758752],[130.374129,32.758386],[130.374136,32.75835]]]}},{"type":"Feature","properties":{"layer_id":"scenic_nature_areas","name":"自然公園地域","source":"国土交通省 国土数値情報"},"geometry":{"type":"Polygon","coordinates":[[[130.379732,32.77343],[130.379745,32.773453],[130.379879,32.773396],[130.379992,32.773323],[130.380094,32.773242],[130.380162,32.773047],[130.380128,32.772955],[130.380033,32.772699],[130.379999,32.772607],[130.379971,32.772538],[130.378952,32.772807],[130.379659,32.773409],[130.379732,32.77343]]]}},{"type":"Feature","properties":{"layer_id":"scenic_nature_areas","name":"島原市小浜町深江町","source":"国土交通省 国土数値情報"},"geometry":{"type":"MultiPolygon","coordinates":[[[[130.304518,32.770362],[130.30477,32.769452],[130.304834,32.769174],[130.305077,32.768809],[130.305421,32.768553],[130.305917,32.76852],[130.306663,32.768596],[130.307395,32.768868],[130.307995,32.769141],[130.308077,32.769113],[130.308072,32.768805],[130.308162,32.765912],[130.308203,32.764194],[130.308075,32.762873],[130.306908,32.762409],[130.302749,32.762303],[130.297958,32.760547],[130.295502,32.762316],[130.293738,32.765333],[130.289137,32.764258],[130.286371,32.762109],[130.280868,32.764567],[130.277319,32.764702],[130.277091,32.765222],[130.277067,32.765795],[130.277209,32.766506],[130.277619,32.767396],[130.278267,32.76856],[130.278942,32.769475],[130.279633,32.77032],[130.280304,32.770942],[130.280704,32.771133],[130.281003,32.771214],[130.283287,32.771218],[130.285537,32.771153],[130.285801,32.771109],[130.286097,32.770938],[130.28657,32.7705],[130.287227,32.770158],[130.287541,32.770113],[130.288023,32.770234],[130.288554,32.770354],[130.288884,32.770295],[130.289329,32.770164],[130.289757,32.769964],[130.290152,32.769889],[130.290961,32.769783],[130.292137,32.769813],[130.293163,32.769802],[130.294304,32.769762],[130.29505,32.769852],[130.296347,32.77023],[130.29766,32.770636],[130.29819,32.770644],[130.299943,32.770584],[130.301051,32.770531],[130.301517,32.770652],[130.301803,32.771012],[130.301977,32.771597],[130.302072,32.772448],[130.30223,32.773603],[130.30253,32.774899],[130.302924,32.775803],[130.303904,32.77719],[130.30473,32.778187],[130.305778,32.779279],[130.306315,32.779818],[130.306921,32.780524],[130.307123,32.78069],[130.307439,32.780812],[130.308238,32.781139],[130.308721,32.781344],[130.309022,32.78155],[130.309426,32.782007],[130.310565,32.782917],[130.311603,32.783703],[130.31247,32.784154],[130.313152,32.784357],[130.314445,32.784483],[130.315274,32.784586],[130.316162,32.784836],[130.317393,32.785256],[130.318359,32.785665],[130.318989,32.785714],[130.319384,32.785598],[130.319926,32.785257],[130.320217,32.784807],[130.32031,32.784401],[130.320336,32.783911],[130.320094,32.783174],[130.319737,32.782549],[130.319316,32.782092],[130.318999,32.781868],[130.318317,32.781638],[130.31727,32.781355],[130.316008,32.781153],[130.314847,32.781012],[130.313634,32.780689],[130.312866,32.780236],[130.311994,32.779477],[130.311457,32.77891],[130.310985,32.778328],[130.310346,32.777692],[130.309331,32.776869],[130.307555,32.775365],[130.306517,32.774538],[130.30608,32.774151],[130.305677,32.773773],[130.30512,32.773024],[130.304762,32.772316],[130.304551,32.77148],[130.304493,32.77088],[130.304518,32.770362]]],[[[130.304112,32.753793],[130.303521,32.753442],[130.302773,32.753213],[130.302409,32.753203],[130.301286,32.753382],[130.300841,32.75347],[130.299851,32.753648],[130.299223,32.753711],[130.298147,32.753736],[130.297071,32.753691],[130.296457,32.753544],[130.295974,32.753353],[130.295522,32.752967],[130.295103,32.752622],[130.294942,32.752554],[130.293617,32.75247],[130.292756,32.752409],[130.291925,32.752208],[130.291493,32.752031],[130.291044,32.75191],[130.290594,32.751677],[130.290258,32.751359],[130.289956,32.751069],[130.289821,32.750888],[130.28967,32.750736],[130.288904,32.750381],[130.288552,32.750063],[130.288249,32.749675],[130.288197,32.749543],[130.288542,32.749372],[130.289973,32.748784],[130.291323,32.748323],[130.2919,32.748192],[130.292281,32.748188],[130.292396,32.748131],[130.292521,32.747908],[130.291678,32.748012],[130.2859,32.750294],[130.28584,32.750441],[130.285795,32.75056],[130.28659,32.752317],[130.288,32.753248],[130.291244,32.753235],[130.2923,32.752472],[130.295222,32.754159],[130.304197,32.753852],[130.304112,32.753793]]]]}},{"type":"Feature","properties":{"layer_id":"scenic_nature_areas","name":"自然公園地域","source":"国土交通省 国土数値情報"},"geometry":{"type":"Polygon","coordinates":[[[130.374449,32.758927],[130.37443,32.758832],[130.374329,32.758876],[130.374249,32.758907],[130.373955,32.759059],[130.373956,32.759248],[130.373976,32.759277],[130.373977,32.759278],[130.374009,32.759296],[130.374122,32.759288],[130.374236,32.759237],[130.374373,32.759106],[130.374389,32.759091],[130.374422,32.759074],[130.374449,32.758927]]]}},{"type":"Feature","properties":{"layer_id":"scenic_nature_areas","name":"自然公園地域","source":"国土交通省 国土数値情報"},"geometry":{"type":"Polygon","coordinates":[[[130.385954,32.771542],[130.386909,32.771799],[130.386967,32.771733],[130.386937,32.77166],[130.386909,32.771593],[130.386906,32.771582],[130.386677,32.771301],[130.386551,32.771191],[130.386436,32.771101],[130.385907,32.771504],[130.385954,32.771542]]]}},{"type":"Feature","properties":{"layer_id":"scenic_nature_areas","name":"自然公園地域","source":"国土交通省 国土数値情報"},"geometry":{"type":"Polygon","coordinates":[[[130.380326,32.772444],[130.380375,32.772441],[130.380379,32.77243],[130.380326,32.772444],[130.380326,32.772444]]]}},{"type":"Feature","properties":{"layer_id":"scenic_nature_areas","name":"島原市","source":"国土交通省 国土数値情報"},"geometry":{"type":"Polygon","coordinates":[[[130.375585,32.75798],[130.374858,32.758461],[130.374737,32.758364],[130.374726,32.758371],[130.374763,32.75842],[130.374803,32.758465],[130.374855,32.758504],[130.374836,32.758692],[130.374779,32.758729],[130.374643,32.758803],[130.374483,32.758809],[130.37443,32.758832],[130.374449,32.758927],[130.374422,32.759074],[130.374456,32.759057],[130.374609,32.759012],[130.374723,32.759],[130.374783,32.758983],[130.374946,32.758958],[130.375103,32.758933],[130.37535,32.758871],[130.375543,32.758797],[130.375663,32.758724],[130.375673,32.758715],[130.375591,32.75798],[130.375585,32.75798]]]}},{"type":"Feature","properties":{"layer_id":"scenic_nature_areas","name":"自然公園地域","source":"国土交通省 国土数値情報"},"geometry":{"type":"Polygon","coordinates":[[[130.379952,32.773752],[130.379879,32.773757],[130.379832,32.773785],[130.379787,32.773806],[130.37944,32.774128],[130.379445,32.774152],[130.379505,32.774281],[130.379565,32.774338],[130.379669,32.77438],[130.380092,32.774482],[130.380112,32.774484],[130.380232,32.774473],[130.380281,32.774447],[130.379993,32.773763],[130.379952,32.773752]]]}},{"type":"Feature","properties":{"layer_id":"cultural_facilities","name":"杉谷運動広場","address":"宇土町乙1337","source":"国土交通省 国土数値情報"},"geometry":{"type":"Point","coordinates":[130.335377,32.793356]}},{"type":"Feature","properties":{"layer_id":"cultural_facilities","name":"平成町多目的広場","address":"平成町2-1","source":"国土交通省 国土数値情報"},"geometry":{"type":"Point","coordinates":[130.374545,32.746911]}},{"type":"Feature","properties":{"layer_id":"cultural_facilities","name":"弓道場","address":"弁天町2-7358","source":"国土交通省 国土数値情報"},"geometry":{"type":"Point","coordinates":[130.375432,32.782791]}},{"type":"Feature","properties":{"layer_id":"cultural_facilities","name":"島原城キリシタン史料館","address":"城内1-1183-1","source":"国土交通省 国土数値情報"},"geometry":{"type":"Point","coordinates":[130.367279,32.789222]}},{"type":"Feature","properties":{"layer_id":"cultural_facilities","name":"三会中学校","address":"下宮町甲2511","source":"国土交通省 国土数値情報"},"geometry":{"type":"Point","coordinates":[130.344085,32.813283]}},{"type":"Feature","properties":{"layer_id":"cultural_facilities","name":"高野小学校","address":"有明町大三東丁2133","source":"国土交通省 国土数値情報"},"geometry":{"type":"Point","coordinates":[130.322435,32.823155]}},{"type":"Feature","properties":{"layer_id":"cultural_facilities","name":"島原復興アリーナ","address":"平成町2-1","source":"国土交通省 国土数値情報"},"geometry":{"type":"Point","coordinates":[130.37508,32.745607]}},{"type":"Feature","properties":{"layer_id":"cultural_facilities","name":"湯江小学校","address":"有明町湯江丙839","source":"国土交通省 国土数値情報"},"geometry":{"type":"Point","coordinates":[130.320881,32.854225]}},{"type":"Feature","properties":{"layer_id":"cultural_facilities","name":"長貫分校","address":"長貫町丙1902","source":"国土交通省 国土数値情報"},"geometry":{"type":"Point","coordinates":[130.324389,32.813055]}},{"type":"Feature","properties":{"layer_id":"cultural_facilities","name":"第三中学校","address":"梅園町丁2898","source":"国土交通省 国土数値情報"},"geometry":{"type":"Point","coordinates":[130.36462,32.75329]}},{"type":"Feature","properties":{"layer_id":"cultural_facilities","name":"第二小学校","address":"萩が丘2-5688","source":"国土交通省 国土数値情報"},"geometry":{"type":"Point","coordinates":[130.359683,32.781701]}},{"type":"Feature","properties":{"layer_id":"cultural_facilities","name":"有明体育館","address":"有明町大三東戊1438-1","source":"国土交通省 国土数値情報"},"geometry":{"type":"Point","coordinates":[130.336375,32.847072]}},{"type":"Feature","properties":{"layer_id":"cultural_facilities","name":"霊丘公園庭球場","address":"弁天町2-7344-1","source":"国土交通省 国土数値情報"},"geometry":{"type":"Point","coordinates":[130.374963,32.782144]}},{"type":"Feature","properties":{"layer_id":"cultural_facilities","name":"三会小学校","address":"中原町乙1462","source":"国土交通省 国土数値情報"},"geometry":{"type":"Point","coordinates":[130.349088,32.817857]}},{"type":"Feature","properties":{"layer_id":"cultural_facilities","name":"大三東小学校","address":"有明町大三東丙582-1","source":"国土交通省 国土数値情報"},"geometry":{"type":"Point","coordinates":[130.339591,32.842664]}},{"type":"Feature","properties":{"layer_id":"cultural_facilities","name":"有明青少年武道館","address":"有明町大三東戊1450","source":"国土交通省 国土数値情報"},"geometry":{"type":"Point","coordinates":[130.335474,32.847142]}},{"type":"Feature","properties":{"layer_id":"cultural_facilities","name":"湯江小学校","address":"有明町湯江丙839","source":"国土交通省 国土数値情報"},"geometry":{"type":"Point","coordinates":[130.320649,32.853347]}},{"type":"Feature","properties":{"layer_id":"cultural_facilities","name":"有明中学校","address":"有明町大三東戊1535","source":"国土交通省 国土数値情報"},"geometry":{"type":"Point","coordinates":[130.331337,32.847994]}},{"type":"Feature","properties":{"layer_id":"cultural_facilities","name":"島原市有明図書館","address":"有明町大三東戊1382","source":"国土交通省 国土数値情報"},"geometry":{"type":"Point","coordinates":[130.336579,32.847593]}},{"type":"Feature","properties":{"layer_id":"cultural_facilities","name":"第五小学校","address":"大下町丙1049-1","source":"国土交通省 国土数値情報"},"geometry":{"type":"Point","coordinates":[130.36115,32.754144]}},{"type":"Feature","properties":{"layer_id":"cultural_facilities","name":"島原総合運動公園","address":"上の原3-5643-7","source":"国土交通省 国土数値情報"},"geometry":{"type":"Point","coordinates":[130.360501,32.775184]}},{"type":"Feature","properties":{"layer_id":"cultural_facilities","name":"第一中学校","address":"城内1-1222","source":"国土交通省 国土数値情報"},"geometry":{"type":"Point","coordinates":[130.363871,32.793528]}},{"type":"Feature","properties":{"layer_id":"cultural_facilities","name":"霊丘公園相撲場","address":"弁天町2-7330-5","source":"国土交通省 国土数値情報"},"geometry":{"type":"Point","coordinates":[130.376337,32.781786]}},{"type":"Feature","properties":{"layer_id":"cultural_facilities","name":"雲仙岳災害記念館","address":"平成町1-1","source":"国土交通省 国土数値情報"},"geometry":{"type":"Point","coordinates":[130.375958,32.743425]}},{"type":"Feature","properties":{"layer_id":"cultural_facilities","name":"温水プール","address":"弁天町2-7247-40","source":"国土交通省 国土数値情報"},"geometry":{"type":"Point","coordinates":[130.377637,32.783273]}},{"type":"Feature","properties":{"layer_id":"cultural_facilities","name":"第四小学校","address":"宇土町乙670-1","source":"国土交通省 国土数値情報"},"geometry":{"type":"Point","coordinates":[130.347061,32.797779]}},{"type":"Feature","properties":{"layer_id":"cultural_facilities","name":"島原総合運動公園","address":"上の原3-5643-7","source":"国土交通省 国土数値情報"},"geometry":{"type":"Point","coordinates":[130.359325,32.7747]}},{"type":"Feature","properties":{"layer_id":"cultural_facilities","name":"第三小学校","address":"広馬場町7758","source":"国土交通省 国土数値情報"},"geometry":{"type":"Point","coordinates":[130.371623,32.774436]}},{"type":"Feature","properties":{"layer_id":"cultural_facilities","name":"第四小学校","address":"宇土町乙670-1","source":"国土交通省 国土数値情報"},"geometry":{"type":"Point","coordinates":[130.347138,32.798618]}},{"type":"Feature","properties":{"layer_id":"cultural_facilities","name":"第二中学校","address":"新山3-8916","source":"国土交通省 国土数値情報"},"geometry":{"type":"Point","coordinates":[130.36426,32.771957]}},{"type":"Feature","properties":{"layer_id":"cultural_facilities","name":"島原総合運動公園","address":"上の原3-5643-7","source":"国土交通省 国土数値情報"},"geometry":{"type":"Point","coordinates":[130.358826,32.776683]}},{"type":"Feature","properties":{"layer_id":"cultural_facilities","name":"有明農業者トレーニング","address":"有明町大三東戊1445","source":"国土交通省 国土数値情報"},"geometry":{"type":"Point","coordinates":[130.335763,32.84726]}},{"type":"Feature","properties":{"layer_id":"cultural_facilities","name":"三会ふれあい運動広場","address":"広高野町甲1265-5","source":"国土交通省 国土数値情報"},"geometry":{"type":"Point","coordinates":[130.317885,32.803097]}},{"type":"Feature","properties":{"layer_id":"cultural_facilities","name":"三会中学校","address":"下宮町甲2511","source":"国土交通省 国土数値情報"},"geometry":{"type":"Point","coordinates":[130.34497,32.813208]}},{"type":"Feature","properties":{"layer_id":"cultural_facilities","name":"第三小学校","address":"広馬場町7758","source":"国土交通省 国土数値情報"},"geometry":{"type":"Point","coordinates":[130.372437,32.774336]}},{"type":"Feature","properties":{"layer_id":"cultural_facilities","name":"霊丘公園広場","address":"弁天町2-7330-1","source":"国土交通省 国土数値情報"},"geometry":{"type":"Point","coordinates":[130.376857,32.782184]}},{"type":"Feature","properties":{"layer_id":"cultural_facilities","name":"霊丘公園室内相撲場","address":"弁天町2-7330-1","source":"国土交通省 国土数値情報"},"geometry":{"type":"Point","coordinates":[130.376344,32.781728]}},{"type":"Feature","properties":{"layer_id":"cultural_facilities","name":"長貫分校","address":"長貫町丙1902","source":"国土交通省 国土数値情報"},"geometry":{"type":"Point","coordinates":[130.324555,32.812975]}},{"type":"Feature","properties":{"layer_id":"cultural_facilities","name":"第五小学校","address":"大下町丙1049-1","source":"国土交通省 国土数値情報"},"geometry":{"type":"Point","coordinates":[130.36099,32.754649]}},{"type":"Feature","properties":{"layer_id":"cultural_facilities","name":"有明中学校","address":"有明町大三東戊1535","source":"国土交通省 国土数値情報"},"geometry":{"type":"Point","coordinates":[130.331747,32.849277]}},{"type":"Feature","properties":{"layer_id":"cultural_facilities","name":"有明体育館","address":"有明町大三東戊1438-1","source":"国土交通省 国土数値情報"},"geometry":{"type":"Point","coordinates":[130.336387,32.846977]}},{"type":"Feature","properties":{"layer_id":"cultural_facilities","name":"有明図書館「こんね」","address":"有明町大三東戊1382（有明総合文化会館内）","source":"国土交通省 国土数値情報"},"geometry":{"type":"Point","coordinates":[130.336971,32.848034]}},{"type":"Feature","properties":{"layer_id":"cultural_facilities","name":"大三東小学校","address":"有明町大三東丙582-1","source":"国土交通省 国土数値情報"},"geometry":{"type":"Point","coordinates":[130.339223,32.843008]}},{"type":"Feature","properties":{"layer_id":"cultural_facilities","name":"第一小学校","address":"城内1-1129","source":"国土交通省 国土数値情報"},"geometry":{"type":"Point","coordinates":[130.366486,32.792445]}},{"type":"Feature","properties":{"layer_id":"cultural_facilities","name":"島原図書館","address":"城内1-1202","source":"国土交通省 国土数値情報"},"geometry":{"type":"Point","coordinates":[130.367854,32.788204]}},{"type":"Feature","properties":{"layer_id":"cultural_facilities","name":"第一中学校","address":"城内1-1222","source":"国土交通省 国土数値情報"},"geometry":{"type":"Point","coordinates":[130.363503,32.792779]}},{"type":"Feature","properties":{"layer_id":"cultural_facilities","name":"れいなん会館","address":"霊南1-18-4","source":"国土交通省 国土数値情報"},"geometry":{"type":"Point","coordinates":[130.377916,32.779848]}},{"type":"Feature","properties":{"layer_id":"cultural_facilities","name":"有明プール","address":"有明町大三東戊1445","source":"国土交通省 国土数値情報"},"geometry":{"type":"Point","coordinates":[130.334379,32.845513]}},{"type":"Feature","properties":{"layer_id":"cultural_facilities","name":"三会小学校","address":"中原町乙1462","source":"国土交通省 国土数値情報"},"geometry":{"type":"Point","coordinates":[130.348743,32.818042]}},{"type":"Feature","properties":{"layer_id":"cultural_facilities","name":"第三中学校","address":"梅園町丁2898","source":"国土交通省 国土数値情報"},"geometry":{"type":"Point","coordinates":[130.363937,32.75368]}},{"type":"Feature","properties":{"layer_id":"cultural_facilities","name":"有明の森運動広場","address":"有明町湯江丁3621-1","source":"国土交通省 国土数値情報"},"geometry":{"type":"Point","coordinates":[130.300341,32.818003]}},{"type":"Feature","properties":{"layer_id":"cultural_facilities","name":"第一小学校","address":"城内1-1129","source":"国土交通省 国土数値情報"},"geometry":{"type":"Point","coordinates":[130.365601,32.792475]}},{"type":"Feature","properties":{"layer_id":"cultural_facilities","name":"有馬武道館","address":"弁天町2-7247-40","source":"国土交通省 国土数値情報"},"geometry":{"type":"Point","coordinates":[130.375424,32.782862]}},{"type":"Feature","properties":{"layer_id":"cultural_facilities","name":"安中運動広場","address":"新湊2-1692-4","source":"国土交通省 国土数値情報"},"geometry":{"type":"Point","coordinates":[130.361353,32.759563]}},{"type":"Feature","properties":{"layer_id":"cultural_facilities","name":"高野小学校","address":"有明町大三東丁2133","source":"国土交通省 国土数値情報"},"geometry":{"type":"Point","coordinates":[130.32168,32.822741]}},{"type":"Feature","properties":{"layer_id":"cultural_facilities","name":"第二小学校","address":"萩が丘2-5688","source":"国土交通省 国土数値情報"},"geometry":{"type":"Point","coordinates":[130.360075,32.78269]}},{"type":"Feature","properties":{"layer_id":"cultural_facilities","name":"市体育館","address":"弁天町2-7295-1","source":"国土交通省 国土数値情報"},"geometry":{"type":"Point","coordinates":[130.376434,32.783023]}},{"type":"Feature","properties":{"layer_id":"cultural_facilities","name":"有明大野浜運動場","address":"有明町大三東戊656-1","source":"国土交通省 国土数値情報"},"geometry":{"type":"Point","coordinates":[130.338255,32.857031]}},{"type":"Feature","properties":{"layer_id":"cultural_facilities","name":"第二中学校","address":"新山3-8916","source":"国土交通省 国土数値情報"},"geometry":{"type":"Point","coordinates":[130.363576,32.771213]}},{"type":"Feature","properties":{"layer_id":"parks_playgrounds","name":"霊丘公園","address":"島原市","source":"国土交通省 国土数値情報"},"geometry":{"type":"Point","coordinates":[130.376309,32.781924]}},{"type":"Feature","properties":{"layer_id":"parks_playgrounds","name":"白土湖緑道公園","address":"島原市","source":"国土交通省 国土数値情報"},"geometry":{"type":"Point","coordinates":[130.366761,32.780606]}},{"type":"Feature","properties":{"layer_id":"parks_playgrounds","name":"船泊団地公園","address":"島原市","source":"国土交通省 国土数値情報"},"geometry":{"type":"Point","coordinates":[130.370611,32.755083]}},{"type":"Feature","properties":{"layer_id":"parks_playgrounds","name":"田町公園","address":"島原市","source":"国土交通省 国土数値情報"},"geometry":{"type":"Point","coordinates":[130.369136,32.794648]}},{"type":"Feature","properties":{"layer_id":"parks_playgrounds","name":"鎌田町緑地","address":"島原市","source":"国土交通省 国土数値情報"},"geometry":{"type":"Point","coordinates":[130.368189,32.745479]}},{"type":"Feature","properties":{"layer_id":"parks_playgrounds","name":"臨港公園","address":"島原市","source":"国土交通省 国土数値情報"},"geometry":{"type":"Point","coordinates":[130.372025,32.76713]}},{"type":"Feature","properties":{"layer_id":"parks_playgrounds","name":"北門町公園","address":"島原市","source":"国土交通省 国土数値情報"},"geometry":{"type":"Point","coordinates":[130.361368,32.800626]}},{"type":"Feature","properties":{"layer_id":"parks_playgrounds","name":"島原総合運動公園","address":"島原市","source":"国土交通省 国土数値情報"},"geometry":{"type":"Point","coordinates":[130.359057,32.77518]}},{"type":"Feature","properties":{"layer_id":"parks_playgrounds","name":"南風泊公園","address":"島原市","source":"国土交通省 国土数値情報"},"geometry":{"type":"Point","coordinates":[130.372175,32.771061]}},{"type":"Feature","properties":{"layer_id":"parks_playgrounds","name":"平成町緑地","address":"島原市","source":"国土交通省 国土数値情報"},"geometry":{"type":"Point","coordinates":[130.373877,32.746377]}},{"type":"Feature","properties":{"layer_id":"parks_playgrounds","name":"外港公園","address":"島原市","source":"国土交通省 国土数値情報"},"geometry":{"type":"Point","coordinates":[130.370801,32.767178]}},{"type":"Feature","properties":{"layer_id":"parks_playgrounds","name":"新湊公園","address":"島原市","source":"国土交通省 国土数値情報"},"geometry":{"type":"Point","coordinates":[130.369187,32.763164]}},{"type":"Feature","properties":{"layer_id":"parks_playgrounds","name":"安中再生記念公園","address":"島原市","source":"国土交通省 国土数値情報"},"geometry":{"type":"Point","coordinates":[130.369652,32.746722]}},{"type":"Feature","properties":{"layer_id":"parks_playgrounds","name":"魚見団地第二公園","address":"島原市","source":"国土交通省 国土数値情報"},"geometry":{"type":"Point","coordinates":[130.365726,32.756011]}},{"type":"Feature","properties":{"layer_id":"parks_playgrounds","name":"新湊二丁目第二公園","address":"島原市","source":"国土交通省 国土数値情報"},"geometry":{"type":"Point","coordinates":[130.365305,32.76458]}},{"type":"Feature","properties":{"layer_id":"parks_playgrounds","name":"南柏野町公園","address":"島原市","source":"国土交通省 国土数値情報"},"geometry":{"type":"Point","coordinates":[130.358839,32.794353]}},{"type":"Feature","properties":{"layer_id":"parks_playgrounds","name":"宮の町公園","address":"島原市","source":"国土交通省 国土数値情報"},"geometry":{"type":"Point","coordinates":[130.371967,32.792046]}},{"type":"Feature","properties":{"layer_id":"parks_playgrounds","name":"観音島公園","address":"島原市","source":"国土交通省 国土数値情報"},"geometry":{"type":"Point","coordinates":[130.373399,32.768624]}},{"type":"Feature","properties":{"layer_id":"parks_playgrounds","name":"青葉町第二公園","address":"島原市","source":"国土交通省 国土数値情報"},"geometry":{"type":"Point","coordinates":[130.35739,32.785688]}},{"type":"Feature","properties":{"layer_id":"parks_playgrounds","name":"前浜町公園","address":"島原市","source":"国土交通省 国土数値情報"},"geometry":{"type":"Point","coordinates":[130.365989,32.807097]}},{"type":"Feature","properties":{"layer_id":"parks_playgrounds","name":"柿の木町公園","address":"島原市","source":"国土交通省 国土数値情報"},"geometry":{"type":"Point","coordinates":[130.357266,32.791904]}},{"type":"Feature","properties":{"layer_id":"parks_playgrounds","name":"魚見団地第一公園","address":"島原市","source":"国土交通省 国土数値情報"},"geometry":{"type":"Point","coordinates":[130.36596,32.757623]}},{"type":"Feature","properties":{"layer_id":"parks_playgrounds","name":"中央公園","address":"島原市","source":"国土交通省 国土数値情報"},"geometry":{"type":"Point","coordinates":[130.370468,32.783512]}},{"type":"Feature","properties":{"layer_id":"parks_playgrounds","name":"片町公園","address":"島原市","source":"国土交通省 国土数値情報"},"geometry":{"type":"Point","coordinates":[130.370125,32.791774]}},{"type":"Feature","properties":{"layer_id":"parks_playgrounds","name":"浜の町第二公園","address":"島原市","source":"国土交通省 国土数値情報"},"geometry":{"type":"Point","coordinates":[130.372295,32.738431]}},{"type":"Feature","properties":{"layer_id":"parks_playgrounds","name":"外港緑地","address":"島原市","source":"国土交通省 国土数値情報"},"geometry":{"type":"Point","coordinates":[130.37082,32.767061]}},{"type":"Feature","properties":{"layer_id":"parks_playgrounds","name":"新湊二丁目第三公園","address":"島原市","source":"国土交通省 国土数値情報"},"geometry":{"type":"Point","coordinates":[130.362087,32.764556]}},{"type":"Feature","properties":{"layer_id":"parks_playgrounds","name":"島原城跡公園","address":"島原市","source":"国土交通省 国土数値情報"},"geometry":{"type":"Point","coordinates":[130.366927,32.789668]}},{"type":"Feature","properties":{"layer_id":"parks_playgrounds","name":"島原市営安中運動広場","address":"島原市","source":"国土交通省 国土数値情報"},"geometry":{"type":"Point","coordinates":[130.361418,32.759617]}},{"type":"Feature","properties":{"layer_id":"parks_playgrounds","name":"青葉町第一公園","address":"島原市","source":"国土交通省 国土数値情報"},"geometry":{"type":"Point","coordinates":[130.355587,32.784437]}},{"type":"Feature","properties":{"layer_id":"parks_playgrounds","name":"音無川公園","address":"島原市","source":"国土交通省 国土数値情報"},"geometry":{"type":"Point","coordinates":[130.368982,32.779314]}},{"type":"Feature","properties":{"layer_id":"parks_playgrounds","name":"新湊二丁目第一公園","address":"島原市","source":"国土交通省 国土数値情報"},"geometry":{"type":"Point","coordinates":[130.359588,32.758424]}},{"type":"Feature","properties":{"layer_id":"parks_playgrounds","name":"湊新地町公園","address":"島原市","source":"国土交通省 国土数値情報"},"geometry":{"type":"Point","coordinates":[130.374921,32.773504]}},{"type":"Feature","properties":{"layer_id":"parks_playgrounds","name":"中安徳町第一公園","address":"島原市","source":"国土交通省 国土数値情報"},"geometry":{"type":"Point","coordinates":[130.361955,32.744928]}},{"type":"Feature","properties":{"layer_id":"parks_playgrounds","name":"新山一丁目公園","address":"島原市","source":"国土交通省 国土数値情報"},"geometry":{"type":"Point","coordinates":[130.364915,32.771462]}},{"type":"Feature","properties":{"layer_id":"parks_playgrounds","name":"安中復興記念公園","address":"島原市","source":"国土交通省 国土数値情報"},"geometry":{"type":"Point","coordinates":[130.36315,32.745601]}},{"type":"Feature","properties":{"layer_id":"parks_playgrounds","name":"桜門公園","address":"島原市","source":"国土交通省 国土数値情報"},"geometry":{"type":"Point","coordinates":[130.36233,32.793098]}},{"type":"Feature","properties":{"layer_id":"parks_playgrounds","name":"耳洗公園","address":"島原市","source":"国土交通省 国土数値情報"},"geometry":{"type":"Point","coordinates":[130.366346,32.780978]}},{"type":"Feature","properties":{"layer_id":"parks_playgrounds","name":"上の原三丁目公園","address":"島原市","source":"国土交通省 国土数値情報"},"geometry":{"type":"Point","coordinates":[130.361545,32.777161]}},{"type":"Feature","properties":{"layer_id":"parks_playgrounds","name":"松が丘団地公園","address":"島原市","source":"国土交通省 国土数値情報"},"geometry":{"type":"Point","coordinates":[130.360652,32.762908]}},{"type":"Feature","properties":{"layer_id":"parks_playgrounds","name":"湊町公園","address":"島原市","source":"国土交通省 国土数値情報"},"geometry":{"type":"Point","coordinates":[130.371554,32.769661]}},{"type":"Feature","properties":{"layer_id":"parks_playgrounds","name":"白山公園","address":"島原市","source":"国土交通省 国土数値情報"},"geometry":{"type":"Point","coordinates":[130.372563,32.774525]}},{"type":"Feature","properties":{"layer_id":"parks_playgrounds","name":"北安徳町公園","address":"島原市","source":"国土交通省 国土数値情報"},"geometry":{"type":"Point","coordinates":[130.375495,32.749086]}},{"type":"Feature","properties":{"layer_id":"parks_playgrounds","name":"中安徳町第二公園","address":"島原市","source":"国土交通省 国土数値情報"},"geometry":{"type":"Point","coordinates":[130.370261,32.741002]}},{"type":"Feature","properties":{"layer_id":"parks_playgrounds","name":"湊広馬場緑地","address":"島原市","source":"国土交通省 国土数値情報"},"geometry":{"type":"Point","coordinates":[130.373722,32.775209]}},{"type":"Feature","properties":{"layer_id":"parks_playgrounds","name":"南崩山町第一公園","address":"島原市","source":"国土交通省 国土数値情報"},"geometry":{"type":"Point","coordinates":[130.365974,32.757831]}},{"type":"Feature","properties":{"layer_id":"parks_playgrounds","name":"南安徳町第二公園","address":"島原市","source":"国土交通省 国土数値情報"},"geometry":{"type":"Point","coordinates":[130.367255,32.743472]}},{"type":"Feature","properties":{"layer_id":"parks_playgrounds","name":"湊町緑地","address":"島原市","source":"国土交通省 国土数値情報"},"geometry":{"type":"Point","coordinates":[130.372961,32.772238]}},{"type":"Feature","properties":{"layer_id":"parks_playgrounds","name":"浜の町第一公園","address":"島原市","source":"国土交通省 国土数値情報"},"geometry":{"type":"Point","coordinates":[130.373164,32.737793]}},{"type":"Feature","properties":{"layer_id":"parks_playgrounds","name":"大手広場公園","address":"島原市","source":"国土交通省 国土数値情報"},"geometry":{"type":"Point","coordinates":[130.369619,32.787646]}},{"type":"Feature","properties":{"layer_id":"parks_playgrounds","name":"船泊団地せせらぎ広場","address":"島原市","source":"国土交通省 国土数値情報"},"geometry":{"type":"Point","coordinates":[130.370246,32.75397]}},{"type":"Feature","properties":{"layer_id":"parks_playgrounds","name":"新建公園","address":"島原市","source":"国土交通省 国土数値情報"},"geometry":{"type":"Point","coordinates":[130.363898,32.787223]}},{"type":"Feature","properties":{"layer_id":"parks_playgrounds","name":"新馬場町公園","address":"島原市","source":"国土交通省 国土数値情報"},"geometry":{"type":"Point","coordinates":[130.367973,32.796959]}},{"type":"Feature","properties":{"layer_id":"parks_playgrounds","name":"中安徳町緑地","address":"島原市","source":"国土交通省 国土数値情報"},"geometry":{"type":"Point","coordinates":[130.360795,32.74531]}},{"type":"Feature","properties":{"layer_id":"parks_playgrounds","name":"田町第二公園","address":"島原市","source":"国土交通省 国土数値情報"},"geometry":{"type":"Point","coordinates":[130.367481,32.794677]}},{"type":"Feature","properties":{"layer_id":"parks_playgrounds","name":"ひょうたん池公園","address":"島原市","source":"国土交通省 国土数値情報"},"geometry":{"type":"Point","coordinates":[130.363706,32.765199]}},{"type":"Feature","properties":{"layer_id":"parks_playgrounds","name":"小山町公園","address":"島原市","source":"国土交通省 国土数値情報"},"geometry":{"type":"Point","coordinates":[130.353203,32.785685]}},{"type":"Feature","properties":{"layer_id":"tourism_resources","name":"島原九十九島","address":"火山景観 / 流れ山群","source":"国土交通省 国土数値情報"},"geometry":{"type":"Point","coordinates":[130.376465,32.772469]}},{"type":"Feature","properties":{"layer_id":"tourism_resources","name":"七面山","address":"火山景観 / 火山","source":"国土交通省 国土数値情報"},"geometry":{"type":"Point","coordinates":[130.337036,32.771801]}},{"type":"Feature","properties":{"layer_id":"tourism_resources","name":"舞岳","address":"火山景観 / 火山","source":"国土交通省 国土数値情報"},"geometry":{"type":"Point","coordinates":[130.288208,32.788197]}},{"type":"Feature","properties":{"layer_id":"tourism_resources","name":"新焼溶岩","address":"陸景 その他 / 陸景で顕著な自然現象を記録する地形","source":"国土交通省 国土数値情報"},"geometry":{"type":"Point","coordinates":[130.313705,32.767757]}},{"type":"Feature","properties":{"layer_id":"tourism_resources","name":"天狗岳","address":"火山景観 / 火山","source":"国土交通省 国土数値情報"},"geometry":{"type":"Point","coordinates":[130.342026,32.767284]}},{"type":"Feature","properties":{"layer_id":"tourism_resources","name":"鳩穴","address":"火山景観 / 溶岩トンネル・風穴","source":"国土交通省 国土数値情報"},"geometry":{"type":"Point","coordinates":[130.294846,32.763771]}},{"type":"Feature","properties":{"layer_id":"tourism_resources","name":"眉山大崩壊地形","address":"陸景 その他 / 陸景で顕著な自然現象を記録する地形","source":"国土交通省 国土数値情報"},"geometry":{"type":"Point","coordinates":[130.324799,32.763309]}}]}