{"type":"FeatureCollection","municipality_code":"43205","pref":"熊本県","city":"水俣市","display_comment":"水俣市には、地域の歴史や暮らしを伝える案内板や石碑があり、それらを手がかりに街歩きを楽しめます。 まずは社寺・地域信仰に目を向けると、地域の由緒をたどる手がかりが見つけやすいでしょう。 現地では石碑、地蔵、地域資料館、公民館の由緒板を既存ピンと照らし合わせながら歩くと、見落としがちな地域の物語に出会いやすくなります。 ゆかりの人物では徳冨蘆花や徳富蘇峰に注目すると、地域に残る文化や時代背景をさらに深く知るきっかけになります。 「水俣諏訪神社」や「濱八幡宮」などの名所も、地域の物語を深掘りする絶好の入口です。","layer_counts":{"cafe_restaurant":305,"public_facilities":16,"scenic_nature_areas":9,"cultural_facilities":20,"parks_playgrounds":8,"tourism_resources":1},"total_features":359,"features":[{"type":"Feature","properties":{"layer_id":"cafe_restaurant","category":"food","address":"熊本県水俣市昭和町２－４－１８","source":"熊本県 食品営業許可施設、届出施設データ","municipality_code":"43205","municipality_pref":"熊本県","municipality_name":"水俣市","municipality_code_method":"food_exact_coord"},"geometry":{"type":"Point","coordinates":[130.399210025,32.20847686]}},{"type":"Feature","properties":{"layer_id":"cafe_restaurant","category":"food","address":"熊本県水俣市桜井町２－１－４３","source":"熊本県 食品営業許可施設、届出施設データ","municipality_code":"43205","municipality_pref":"熊本県","municipality_name":"水俣市","municipality_code_method":"food_exact_coord"},"geometry":{"type":"Point","coordinates":[130.395106357,32.205180071]}},{"type":"Feature","properties":{"layer_id":"cafe_restaurant","category":"food","address":"熊本県水俣市大黒町１丁目３－３２","source":"熊本県 食品営業許可施設、届出施設データ","municipality_code":"43205","municipality_pref":"熊本県","municipality_name":"水俣市","municipality_code_method":"food_exact_coord"},"geometry":{"type":"Point","coordinates":[130.402016229,32.209554025]}},{"type":"Feature","properties":{"layer_id":"cafe_restaurant","category":"food","address":"熊本県水俣市天神町１丁目２番１号","source":"熊本県 食品営業許可施設、届出施設データ","municipality_code":"43205","municipality_pref":"熊本県","municipality_name":"水俣市","municipality_code_method":"food_exact_coord"},"geometry":{"type":"Point","coordinates":[130.404843387,32.210662393]}},{"type":"Feature","properties":{"layer_id":"cafe_restaurant","category":"food","address":"熊本県水俣市大黒町１丁目３－２６","source":"熊本県 食品営業許可施設、届出施設データ","municipality_code":"43205","municipality_pref":"熊本県","municipality_name":"水俣市","municipality_code_method":"food_exact_coord"},"geometry":{"type":"Point","coordinates":[130.402335436,32.210023111]}},{"type":"Feature","properties":{"layer_id":"cafe_restaurant","category":"food","address":"熊本県水俣市浜４０８３－１４５","source":"熊本県 食品営業許可施設、届出施設データ","municipality_code":"43205","municipality_pref":"熊本県","municipality_name":"水俣市","municipality_code_method":"food_exact_coord"},"geometry":{"type":"Point","coordinates":[130.412191836,32.228803894]}},{"type":"Feature","properties":{"layer_id":"cafe_restaurant","category":"food","address":"熊本県水俣市桜井町１丁目２－１９","source":"熊本県 食品営業許可施設、届出施設データ","municipality_code":"43205","municipality_pref":"熊本県","municipality_name":"水俣市","municipality_code_method":"food_exact_coord"},"geometry":{"type":"Point","coordinates":[130.39708300000004,32.2057]}},{"type":"Feature","properties":{"layer_id":"cafe_restaurant","category":"food","address":"熊本県水俣市月浦２８０－７","source":"熊本県 食品営業許可施設、届出施設データ","municipality_code":"43205","municipality_pref":"熊本県","municipality_name":"水俣市","municipality_code_method":"food_exact_coord"},"geometry":{"type":"Point","coordinates":[130.385222725,32.190470757]}},{"type":"Feature","properties":{"layer_id":"cafe_restaurant","category":"food","address":"熊本県水俣市ひばりケ丘２－２","source":"熊本県 食品営業許可施設、届出施設データ","municipality_code":"43205","municipality_pref":"熊本県","municipality_name":"水俣市","municipality_code_method":"food_exact_coord"},"geometry":{"type":"Point","coordinates":[130.425,32.211736]}},{"type":"Feature","properties":{"layer_id":"cafe_restaurant","category":"food","address":"熊本県水俣市袋字鳥越２５０１－２５２","source":"熊本県 食品営業許可施設、届出施設データ","municipality_code":"43205","municipality_pref":"熊本県","municipality_name":"水俣市","municipality_code_method":"food_exact_coord"},"geometry":{"type":"Point","coordinates":[130.391746,32.15698]}},{"type":"Feature","properties":{"layer_id":"cafe_restaurant","category":"food","address":"熊本県水俣市久木野５７９","source":"熊本県 食品営業許可施設、届出施設データ","municipality_code":"43205","municipality_pref":"熊本県","municipality_name":"水俣市","municipality_code_method":"food_exact_coord"},"geometry":{"type":"Point","coordinates":[130.54513516100002,32.178888748]}},{"type":"Feature","properties":{"layer_id":"cafe_restaurant","category":"food","address":"熊本県水俣市桜井町２丁目１番２６号一喜ビルディング２階","source":"熊本県 食品営業許可施設、届出施設データ","municipality_code":"43205","municipality_pref":"熊本県","municipality_name":"水俣市","municipality_code_method":"food_exact_coord"},"geometry":{"type":"Point","coordinates":[130.393736701,32.204491078]}},{"type":"Feature","properties":{"layer_id":"cafe_restaurant","category":"food","address":"熊本県水俣市栄町１－６－１８","source":"熊本県 食品営業許可施設、届出施設データ","municipality_code":"43205","municipality_pref":"熊本県","municipality_name":"水俣市","municipality_code_method":"food_exact_coord"},"geometry":{"type":"Point","coordinates":[130.399072412,32.208874819]}},{"type":"Feature","properties":{"layer_id":"cafe_restaurant","category":"food","address":"熊本県水俣市桜井町１丁目４－１２","source":"熊本県 食品営業許可施設、届出施設データ","municipality_code":"43205","municipality_pref":"熊本県","municipality_name":"水俣市","municipality_code_method":"food_exact_coord"},"geometry":{"type":"Point","coordinates":[130.399791835,32.207507309]}},{"type":"Feature","properties":{"layer_id":"cafe_restaurant","category":"food","address":"熊本県水俣市大黒町２丁目３－１８Ｍ’ｓ　Ｃｉｔｙ　５Ｆ","source":"熊本県 食品営業許可施設、届出施設データ","municipality_code":"43205","municipality_pref":"熊本県","municipality_name":"水俣市","municipality_code_method":"food_exact_coord"},"geometry":{"type":"Point","coordinates":[130.401648935,32.210502349]}},{"type":"Feature","properties":{"layer_id":"cafe_restaurant","category":"food","address":"熊本県水俣市ひばりケ丘３８","source":"熊本県 食品営業許可施設、届出施設データ","municipality_code":"43205","municipality_pref":"熊本県","municipality_name":"水俣市","municipality_code_method":"food_exact_coord"},"geometry":{"type":"Point","coordinates":[130.425,32.211736]}},{"type":"Feature","properties":{"layer_id":"cafe_restaurant","category":"food","address":"熊本県水俣市浜４０８３－１７","source":"熊本県 食品営業許可施設、届出施設データ","municipality_code":"43205","municipality_pref":"熊本県","municipality_name":"水俣市","municipality_code_method":"food_exact_coord"},"geometry":{"type":"Point","coordinates":[130.411395827,32.233177695]}},{"type":"Feature","properties":{"layer_id":"cafe_restaurant","category":"food","address":"熊本県水俣市浜町１丁目１０－５卓ビル　１Ｆ　Ｂ号","source":"熊本県 食品営業許可施設、届出施設データ","municipality_code":"43205","municipality_pref":"熊本県","municipality_name":"水俣市","municipality_code_method":"food_exact_coord"},"geometry":{"type":"Point","coordinates":[130.403589676,32.211964308]}},{"type":"Feature","properties":{"layer_id":"cafe_restaurant","category":"food","address":"熊本県水俣市月浦３４８－２","source":"熊本県 食品営業許可施設、届出施設データ","municipality_code":"43205","municipality_pref":"熊本県","municipality_name":"水俣市","municipality_code_method":"food_exact_coord"},"geometry":{"type":"Point","coordinates":[130.387852907,32.190388304]}},{"type":"Feature","properties":{"layer_id":"cafe_restaurant","category":"food","address":"熊本県水俣市桜ケ丘１－７","source":"熊本県 食品営業許可施設、届出施設データ","municipality_code":"43205","municipality_pref":"熊本県","municipality_name":"水俣市","municipality_code_method":"food_exact_coord"},"geometry":{"type":"Point","coordinates":[130.404747072,32.217062375]}},{"type":"Feature","properties":{"layer_id":"cafe_restaurant","category":"food","address":"熊本県水俣市浜松町５番９５号","source":"熊本県 食品営業許可施設、届出施設データ","municipality_code":"43205","municipality_pref":"熊本県","municipality_name":"水俣市","municipality_code_method":"food_exact_coord"},"geometry":{"type":"Point","coordinates":[130.395348351,32.218163999]}},{"type":"Feature","properties":{"layer_id":"cafe_restaurant","category":"food","address":"熊本県水俣市大黒町２丁目３番１８号","source":"熊本県 食品営業許可施設、届出施設データ","municipality_code":"43205","municipality_pref":"熊本県","municipality_name":"水俣市","municipality_code_method":"food_exact_coord"},"geometry":{"type":"Point","coordinates":[130.401648935,32.210502349]}},{"type":"Feature","properties":{"layer_id":"cafe_restaurant","category":"food","address":"熊本県水俣市江添８８４","source":"熊本県 食品営業許可施設、届出施設データ","municipality_code":"43205","municipality_pref":"熊本県","municipality_name":"水俣市","municipality_code_method":"food_exact_coord"},"geometry":{"type":"Point","coordinates":[130.401404,32.191588]}},{"type":"Feature","properties":{"layer_id":"cafe_restaurant","category":"food","address":"熊本県水俣市牧ノ内３－１　もやい館内","source":"熊本県 食品営業許可施設、届出施設データ","municipality_code":"43205","municipality_pref":"熊本県","municipality_name":"水俣市","municipality_code_method":"food_exact_coord"},"geometry":{"type":"Point","coordinates":[130.406852656,32.214467967]}},{"type":"Feature","properties":{"layer_id":"cafe_restaurant","category":"food","address":"熊本県水俣市大黒町１丁目２－５","source":"熊本県 食品営業許可施設、届出施設データ","municipality_code":"43205","municipality_pref":"熊本県","municipality_name":"水俣市","municipality_code_method":"food_exact_coord"},"geometry":{"type":"Point","coordinates":[130.400884509,32.2092796]}},{"type":"Feature","properties":{"layer_id":"cafe_restaurant","category":"food","address":"熊本県水俣市浜町１丁目１２－２７山下ビル　３Ｆ－４","source":"熊本県 食品営業許可施設、届出施設データ","municipality_code":"43205","municipality_pref":"熊本県","municipality_name":"水俣市","municipality_code_method":"food_exact_coord"},"geometry":{"type":"Point","coordinates":[130.404706378,32.211623857]}},{"type":"Feature","properties":{"layer_id":"cafe_restaurant","category":"food","address":"熊本県水俣市越小場８４５－１","source":"熊本県 食品営業許可施設、届出施設データ","municipality_code":"43205","municipality_pref":"熊本県","municipality_name":"水俣市","municipality_code_method":"food_exact_coord"},"geometry":{"type":"Point","coordinates":[130.521336224,32.152550636]}},{"type":"Feature","properties":{"layer_id":"cafe_restaurant","category":"food","address":"熊本県水俣市大迫１２１３番地１７","source":"熊本県 食品営業許可施設、届出施設データ","municipality_code":"43205","municipality_pref":"熊本県","municipality_name":"水俣市","municipality_code_method":"food_exact_coord"},"geometry":{"type":"Point","coordinates":[130.416471872,32.233404983]}},{"type":"Feature","properties":{"layer_id":"cafe_restaurant","category":"food","address":"熊本県水俣市小津奈木字塩屋４２８－１","source":"熊本県 食品営業許可施設、届出施設データ","municipality_code":"43205","municipality_pref":"熊本県","municipality_name":"水俣市","municipality_code_method":"food_exact_coord"},"geometry":{"type":"Point","coordinates":[130.443764,32.210247]}},{"type":"Feature","properties":{"layer_id":"cafe_restaurant","category":"food","address":"熊本県水俣市百間町２丁目３番３１号","source":"熊本県 食品営業許可施設、届出施設データ","municipality_code":"43205","municipality_pref":"熊本県","municipality_name":"水俣市","municipality_code_method":"food_exact_coord"},"geometry":{"type":"Point","coordinates":[130.387772901,32.200330076]}},{"type":"Feature","properties":{"layer_id":"cafe_restaurant","category":"food","address":"熊本県水俣市幸町７－１５","source":"熊本県 食品営業許可施設、届出施設データ","municipality_code":"43205","municipality_pref":"熊本県","municipality_name":"水俣市","municipality_code_method":"food_exact_coord"},"geometry":{"type":"Point","coordinates":[130.406492308,32.212458017]}},{"type":"Feature","properties":{"layer_id":"cafe_restaurant","category":"food","address":"熊本県水俣市浜町１丁目２－２４","source":"熊本県 食品営業許可施設、届出施設データ","municipality_code":"43205","municipality_pref":"熊本県","municipality_name":"水俣市","municipality_code_method":"food_exact_coord"},"geometry":{"type":"Point","coordinates":[130.403545837,32.210518843]}},{"type":"Feature","properties":{"layer_id":"cafe_restaurant","category":"food","address":"熊本県水俣市湯出１８８６－１","source":"熊本県 食品営業許可施設、届出施設データ","municipality_code":"43205","municipality_pref":"熊本県","municipality_name":"水俣市","municipality_code_method":"food_exact_coord"},"geometry":{"type":"Point","coordinates":[130.434197914,32.16837413]}},{"type":"Feature","properties":{"layer_id":"cafe_restaurant","category":"food","address":"熊本県水俣市天神町２丁目２番１１号","source":"熊本県 食品営業許可施設、届出施設データ","municipality_code":"43205","municipality_pref":"熊本県","municipality_name":"水俣市","municipality_code_method":"food_exact_coord"},"geometry":{"type":"Point","coordinates":[130.405605053,32.211120053]}},{"type":"Feature","properties":{"layer_id":"cafe_restaurant","category":"food","address":"熊本県水俣市古賀町１丁目５－１６","source":"熊本県 食品営業許可施設、届出施設データ","municipality_code":"43205","municipality_pref":"熊本県","municipality_name":"水俣市","municipality_code_method":"food_exact_coord"},"geometry":{"type":"Point","coordinates":[130.400715944,32.210017526]}},{"type":"Feature","properties":{"layer_id":"cafe_restaurant","category":"food","address":"熊本県水俣市浜町１丁目１２－２７第２山下ビル３階２号","source":"熊本県 食品営業許可施設、届出施設データ","municipality_code":"43205","municipality_pref":"熊本県","municipality_name":"水俣市","municipality_code_method":"food_exact_coord"},"geometry":{"type":"Point","coordinates":[130.404706378,32.211623857]}},{"type":"Feature","properties":{"layer_id":"cafe_restaurant","category":"food","address":"熊本県水俣市大迫１２１３－２３","source":"熊本県 食品営業許可施設、届出施設データ","municipality_code":"43205","municipality_pref":"熊本県","municipality_name":"水俣市","municipality_code_method":"food_exact_coord"},"geometry":{"type":"Point","coordinates":[130.415900562,32.232869955]}},{"type":"Feature","properties":{"layer_id":"cafe_restaurant","category":"food","address":"熊本県水俣市湯出１５６５番地","source":"熊本県 食品営業許可施設、届出施設データ","municipality_code":"43205","municipality_pref":"熊本県","municipality_name":"水俣市","municipality_code_method":"food_exact_coord"},"geometry":{"type":"Point","coordinates":[130.440242112,32.14901638]}},{"type":"Feature","properties":{"layer_id":"cafe_restaurant","category":"food","address":"熊本県水俣市大黒町１丁目１番３２号","source":"熊本県 食品営業許可施設、届出施設データ","municipality_code":"43205","municipality_pref":"熊本県","municipality_name":"水俣市","municipality_code_method":"food_exact_coord"},"geometry":{"type":"Point","coordinates":[130.400675279,32.208618019]}},{"type":"Feature","properties":{"layer_id":"cafe_restaurant","category":"food","address":"熊本県水俣市古賀町１丁目１－１","source":"熊本県 食品営業許可施設、届出施設データ","municipality_code":"43205","municipality_pref":"熊本県","municipality_name":"水俣市","municipality_code_method":"food_exact_coord"},"geometry":{"type":"Point","coordinates":[130.399176989,32.209001416]}},{"type":"Feature","properties":{"layer_id":"cafe_restaurant","category":"food","address":"熊本県水俣市大黒町１丁目１番３４号","source":"熊本県 食品営業許可施設、届出施設データ","municipality_code":"43205","municipality_pref":"熊本県","municipality_name":"水俣市","municipality_code_method":"food_exact_coord"},"geometry":{"type":"Point","coordinates":[130.400514676,32.208502903]}},{"type":"Feature","properties":{"layer_id":"cafe_restaurant","category":"food","address":"熊本県水俣市平町１丁目３－３７","source":"熊本県 食品営業許可施設、届出施設データ","municipality_code":"43205","municipality_pref":"熊本県","municipality_name":"水俣市","municipality_code_method":"food_exact_coord"},"geometry":{"type":"Point","coordinates":[130.402821355,32.206169814]}},{"type":"Feature","properties":{"layer_id":"cafe_restaurant","category":"food","address":"熊本県水俣市栄町１丁目５－１","source":"熊本県 食品営業許可施設、届出施設データ","municipality_code":"43205","municipality_pref":"熊本県","municipality_name":"水俣市","municipality_code_method":"food_exact_coord"},"geometry":{"type":"Point","coordinates":[130.397824638,32.208545838]}},{"type":"Feature","properties":{"layer_id":"cafe_restaurant","category":"food","address":"熊本県水俣市古賀町１丁目１－１","source":"熊本県 食品営業許可施設、届出施設データ","municipality_code":"43205","municipality_pref":"熊本県","municipality_name":"水俣市","municipality_code_method":"food_exact_coord"},"geometry":{"type":"Point","coordinates":[130.399176989,32.209001416]}},{"type":"Feature","properties":{"layer_id":"cafe_restaurant","category":"food","address":"熊本県水俣市塩浜町２７８－５","source":"熊本県 食品営業許可施設、届出施設データ","municipality_code":"43205","municipality_pref":"熊本県","municipality_name":"水俣市","municipality_code_method":"food_exact_coord"},"geometry":{"type":"Point","coordinates":[130.392056,32.216214]}},{"type":"Feature","properties":{"layer_id":"cafe_restaurant","category":"food","address":"熊本県水俣市大黒町２丁目３－１８","source":"熊本県 食品営業許可施設、届出施設データ","municipality_code":"43205","municipality_pref":"熊本県","municipality_name":"水俣市","municipality_code_method":"food_exact_coord"},"geometry":{"type":"Point","coordinates":[130.401648935,32.210502349]}},{"type":"Feature","properties":{"layer_id":"cafe_restaurant","category":"food","address":"熊本県水俣市野口町１番１号","source":"熊本県 食品営業許可施設、届出施設データ","municipality_code":"43205","municipality_pref":"熊本県","municipality_name":"水俣市","municipality_code_method":"food_exact_coord"},"geometry":{"type":"Point","coordinates":[130.392421,32.207367]}},{"type":"Feature","properties":{"layer_id":"cafe_restaurant","category":"food","address":"熊本県水俣市昭和町１丁目２－２５","source":"熊本県 食品営業許可施設、届出施設データ","municipality_code":"43205","municipality_pref":"熊本県","municipality_name":"水俣市","municipality_code_method":"food_exact_coord"},"geometry":{"type":"Point","coordinates":[130.395374974,32.205775104]}},{"type":"Feature","properties":{"layer_id":"cafe_restaurant","category":"food","address":"熊本県水俣市月浦２６９番１３","source":"熊本県 食品営業許可施設、届出施設データ","municipality_code":"43205","municipality_pref":"熊本県","municipality_name":"水俣市","municipality_code_method":"food_exact_coord"},"geometry":{"type":"Point","coordinates":[130.383394635,32.190126689]}},{"type":"Feature","properties":{"layer_id":"cafe_restaurant","category":"food","address":"熊本県水俣市大迫１２１３番地","source":"熊本県 食品営業許可施設、届出施設データ","municipality_code":"43205","municipality_pref":"熊本県","municipality_name":"水俣市","municipality_code_method":"food_exact_coord"},"geometry":{"type":"Point","coordinates":[130.42853700000003,32.225636]}},{"type":"Feature","properties":{"layer_id":"cafe_restaurant","category":"food","address":"熊本県水俣市湯出１５６７","source":"熊本県 食品営業許可施設、届出施設データ","municipality_code":"43205","municipality_pref":"熊本県","municipality_name":"水俣市","municipality_code_method":"food_exact_coord"},"geometry":{"type":"Point","coordinates":[130.44028601100004,32.149248342]}},{"type":"Feature","properties":{"layer_id":"cafe_restaurant","category":"food","address":"熊本県水俣市浜町２丁目９－１","source":"熊本県 食品営業許可施設、届出施設データ","municipality_code":"43205","municipality_pref":"熊本県","municipality_name":"水俣市","municipality_code_method":"food_exact_coord"},"geometry":{"type":"Point","coordinates":[130.403154657,32.211759757]}},{"type":"Feature","properties":{"layer_id":"cafe_restaurant","category":"food","address":"熊本県水俣市浜４０５１番地","source":"熊本県 食品営業許可施設、届出施設データ","municipality_code":"43205","municipality_pref":"熊本県","municipality_name":"水俣市","municipality_code_method":"food_exact_coord"},"geometry":{"type":"Point","coordinates":[130.40139898,32.225721309]}},{"type":"Feature","properties":{"layer_id":"cafe_restaurant","category":"food","address":"熊本県水俣市幸町１１番１２号","source":"熊本県 食品営業許可施設、届出施設データ","municipality_code":"43205","municipality_pref":"熊本県","municipality_name":"水俣市","municipality_code_method":"food_exact_coord"},"geometry":{"type":"Point","coordinates":[130.405585245,32.213072004]}},{"type":"Feature","properties":{"layer_id":"cafe_restaurant","category":"food","address":"熊本県水俣市湯出１０２０","source":"熊本県 食品営業許可施設、届出施設データ","municipality_code":"43205","municipality_pref":"熊本県","municipality_name":"水俣市","municipality_code_method":"food_exact_coord"},"geometry":{"type":"Point","coordinates":[130.449378206,32.131280397]}},{"type":"Feature","properties":{"layer_id":"cafe_restaurant","category":"food","address":"熊本県水俣市湯出１４２１－１１","source":"熊本県 食品営業許可施設、届出施設データ","municipality_code":"43205","municipality_pref":"熊本県","municipality_name":"水俣市","municipality_code_method":"food_exact_coord"},"geometry":{"type":"Point","coordinates":[130.440847958,32.149251698]}},{"type":"Feature","properties":{"layer_id":"cafe_restaurant","category":"food","address":"熊本県水俣市大園町１丁目１０－１","source":"熊本県 食品営業許可施設、届出施設データ","municipality_code":"43205","municipality_pref":"熊本県","municipality_name":"水俣市","municipality_code_method":"food_exact_coord"},"geometry":{"type":"Point","coordinates":[130.403430626,32.209869358]}},{"type":"Feature","properties":{"layer_id":"cafe_restaurant","category":"food","address":"熊本県水俣市浜町１丁目１２－２８","source":"熊本県 食品営業許可施設、届出施設データ","municipality_code":"43205","municipality_pref":"熊本県","municipality_name":"水俣市","municipality_code_method":"food_exact_coord"},"geometry":{"type":"Point","coordinates":[130.404618325,32.211679708]}},{"type":"Feature","properties":{"layer_id":"cafe_restaurant","category":"food","address":"熊本県水俣市浜４０８３－９９","source":"熊本県 食品営業許可施設、届出施設データ","municipality_code":"43205","municipality_pref":"熊本県","municipality_name":"水俣市","municipality_code_method":"food_exact_coord"},"geometry":{"type":"Point","coordinates":[130.412572068,32.229098699]}},{"type":"Feature","properties":{"layer_id":"cafe_restaurant","category":"food","address":"熊本県水俣市桜井町１丁目１－３","source":"熊本県 食品営業許可施設、届出施設データ","municipality_code":"43205","municipality_pref":"熊本県","municipality_name":"水俣市","municipality_code_method":"food_exact_coord"},"geometry":{"type":"Point","coordinates":[130.395061973,32.204671206]}},{"type":"Feature","properties":{"layer_id":"cafe_restaurant","category":"food","address":"熊本県水俣市大迫１２１５－９","source":"熊本県 食品営業許可施設、届出施設データ","municipality_code":"43205","municipality_pref":"熊本県","municipality_name":"水俣市","municipality_code_method":"food_exact_coord"},"geometry":{"type":"Point","coordinates":[130.417215652,32.232689584]}},{"type":"Feature","properties":{"layer_id":"cafe_restaurant","category":"food","address":"熊本県水俣市湯出沖無田１５３３","source":"熊本県 食品営業許可施設、届出施設データ","municipality_code":"43205","municipality_pref":"熊本県","municipality_name":"水俣市","municipality_code_method":"food_exact_coord"},"geometry":{"type":"Point","coordinates":[130.446337,32.147873]}},{"type":"Feature","properties":{"layer_id":"cafe_restaurant","category":"food","address":"熊本県水俣市大黒町１丁目１－３４","source":"熊本県 食品営業許可施設、届出施設データ","municipality_code":"43205","municipality_pref":"熊本県","municipality_name":"水俣市","municipality_code_method":"food_exact_coord"},"geometry":{"type":"Point","coordinates":[130.400514676,32.208502903]}},{"type":"Feature","properties":{"layer_id":"cafe_restaurant","category":"food","address":"熊本県水俣市昭和町２丁目４番１３号","source":"熊本県 食品営業許可施設、届出施設データ","municipality_code":"43205","municipality_pref":"熊本県","municipality_name":"水俣市","municipality_code_method":"food_exact_coord"},"geometry":{"type":"Point","coordinates":[130.399164313,32.208794602]}},{"type":"Feature","properties":{"layer_id":"cafe_restaurant","category":"food","address":"熊本県水俣市丸島町2丁目２－１７","source":"熊本県 食品営業許可施設、届出施設データ","municipality_code":"43205","municipality_pref":"熊本県","municipality_name":"水俣市","municipality_code_method":"food_exact_coord"},"geometry":{"type":"Point","coordinates":[130.388462,32.215061]}},{"type":"Feature","properties":{"layer_id":"cafe_restaurant","category":"food","address":"熊本県水俣市陣内１丁目１７－１","source":"熊本県 食品営業許可施設、届出施設データ","municipality_code":"43205","municipality_pref":"熊本県","municipality_name":"水俣市","municipality_code_method":"food_exact_coord"},"geometry":{"type":"Point","coordinates":[130.412911035,32.209825006]}},{"type":"Feature","properties":{"layer_id":"cafe_restaurant","category":"food","address":"熊本県水俣市浜町１丁目８－１３山下ビル　２Ｆ","source":"熊本県 食品営業許可施設、届出施設データ","municipality_code":"43205","municipality_pref":"熊本県","municipality_name":"水俣市","municipality_code_method":"food_exact_coord"},"geometry":{"type":"Point","coordinates":[130.404616972,32.211629089000006]}},{"type":"Feature","properties":{"layer_id":"cafe_restaurant","category":"food","address":"熊本県水俣市浜町２丁目９－１","source":"熊本県 食品営業許可施設、届出施設データ","municipality_code":"43205","municipality_pref":"熊本県","municipality_name":"水俣市","municipality_code_method":"food_exact_coord"},"geometry":{"type":"Point","coordinates":[130.403154657,32.211759757]}},{"type":"Feature","properties":{"layer_id":"cafe_restaurant","category":"food","address":"熊本県水俣市大迫１２１３","source":"熊本県 食品営業許可施設、届出施設データ","municipality_code":"43205","municipality_pref":"熊本県","municipality_name":"水俣市","municipality_code_method":"food_exact_coord"},"geometry":{"type":"Point","coordinates":[130.42853700000003,32.225636]}},{"type":"Feature","properties":{"layer_id":"cafe_restaurant","category":"food","address":"熊本県水俣市湯出１５５９－２","source":"熊本県 食品営業許可施設、届出施設データ","municipality_code":"43205","municipality_pref":"熊本県","municipality_name":"水俣市","municipality_code_method":"food_exact_coord"},"geometry":{"type":"Point","coordinates":[130.438666787,32.148354387]}},{"type":"Feature","properties":{"layer_id":"cafe_restaurant","category":"food","address":"熊本県水俣市浜町１丁目１２－２８","source":"熊本県 食品営業許可施設、届出施設データ","municipality_code":"43205","municipality_pref":"熊本県","municipality_name":"水俣市","municipality_code_method":"food_exact_coord"},"geometry":{"type":"Point","coordinates":[130.404618325,32.211679708]}},{"type":"Feature","properties":{"layer_id":"cafe_restaurant","category":"food","address":"熊本県水俣市幸町１３－３","source":"熊本県 食品営業許可施設、届出施設データ","municipality_code":"43205","municipality_pref":"熊本県","municipality_name":"水俣市","municipality_code_method":"food_exact_coord"},"geometry":{"type":"Point","coordinates":[130.403244083,32.213298659]}},{"type":"Feature","properties":{"layer_id":"cafe_restaurant","category":"food","address":"熊本県水俣市浜町１丁目８－１０山下ビルⅠ　１F","source":"熊本県 食品営業許可施設、届出施設データ","municipality_code":"43205","municipality_pref":"熊本県","municipality_name":"水俣市","municipality_code_method":"food_exact_coord"},"geometry":{"type":"Point","coordinates":[130.404352025,32.211799266]}},{"type":"Feature","properties":{"layer_id":"cafe_restaurant","category":"food","address":"熊本県水俣市旭町１丁目２－５","source":"熊本県 食品営業許可施設、届出施設データ","municipality_code":"43205","municipality_pref":"熊本県","municipality_name":"水俣市","municipality_code_method":"food_exact_coord"},"geometry":{"type":"Point","coordinates":[130.40085847,32.208613802]}},{"type":"Feature","properties":{"layer_id":"cafe_restaurant","category":"food","address":"熊本県水俣市桜井町３－２－８","source":"熊本県 食品営業許可施設、届出施設データ","municipality_code":"43205","municipality_pref":"熊本県","municipality_name":"水俣市","municipality_code_method":"food_exact_coord"},"geometry":{"type":"Point","coordinates":[130.39717217,32.206922597]}},{"type":"Feature","properties":{"layer_id":"cafe_restaurant","category":"food","address":"熊本県水俣市港町２丁目１番１４号","source":"熊本県 食品営業許可施設、届出施設データ","municipality_code":"43205","municipality_pref":"熊本県","municipality_name":"水俣市","municipality_code_method":"food_exact_coord"},"geometry":{"type":"Point","coordinates":[130.387591,32.200696]}},{"type":"Feature","properties":{"layer_id":"cafe_restaurant","category":"food","address":"熊本県水俣市大黒町１丁目１－３１","source":"熊本県 食品営業許可施設、届出施設データ","municipality_code":"43205","municipality_pref":"熊本県","municipality_name":"水俣市","municipality_code_method":"food_exact_coord"},"geometry":{"type":"Point","coordinates":[130.400757101,32.208674887]}},{"type":"Feature","properties":{"layer_id":"cafe_restaurant","category":"food","address":"熊本県水俣市大黒町１丁目１－２１","source":"熊本県 食品営業許可施設、届出施設データ","municipality_code":"43205","municipality_pref":"熊本県","municipality_name":"水俣市","municipality_code_method":"food_exact_coord"},"geometry":{"type":"Point","coordinates":[130.400747779,32.209292795]}},{"type":"Feature","properties":{"layer_id":"cafe_restaurant","category":"food","address":"熊本県水俣市浜４０８３番１５８","source":"熊本県 食品営業許可施設、届出施設データ","municipality_code":"43205","municipality_pref":"熊本県","municipality_name":"水俣市","municipality_code_method":"food_exact_coord"},"geometry":{"type":"Point","coordinates":[130.413419655,32.229704949]}},{"type":"Feature","properties":{"layer_id":"cafe_restaurant","category":"food","address":"熊本県水俣市大川５５３－２","source":"熊本県 食品営業許可施設、届出施設データ","municipality_code":"43205","municipality_pref":"熊本県","municipality_name":"水俣市","municipality_code_method":"food_exact_coord"},"geometry":{"type":"Point","coordinates":[130.56790670100003,32.172383848]}},{"type":"Feature","properties":{"layer_id":"cafe_restaurant","category":"food","address":"熊本県水俣市石坂川９２９","source":"熊本県 食品営業許可施設、届出施設データ","municipality_code":"43205","municipality_pref":"熊本県","municipality_name":"水俣市","municipality_code_method":"food_exact_coord"},"geometry":{"type":"Point","coordinates":[130.49144856,32.164334515]}},{"type":"Feature","properties":{"layer_id":"cafe_restaurant","category":"food","address":"熊本県水俣市月浦２６９－４","source":"熊本県 食品営業許可施設、届出施設データ","municipality_code":"43205","municipality_pref":"熊本県","municipality_name":"水俣市","municipality_code_method":"food_exact_coord"},"geometry":{"type":"Point","coordinates":[130.384062506,32.190416518]}},{"type":"Feature","properties":{"layer_id":"cafe_restaurant","category":"food","address":"熊本県水俣市大園町１－１－２０松本ビル２Ｆ","source":"熊本県 食品営業許可施設、届出施設データ","municipality_code":"43205","municipality_pref":"熊本県","municipality_name":"水俣市","municipality_code_method":"food_exact_coord"},"geometry":{"type":"Point","coordinates":[130.40289,32.209358]}},{"type":"Feature","properties":{"layer_id":"cafe_restaurant","category":"food","address":"熊本県水俣市古賀町１－６－３１","source":"熊本県 食品営業許可施設、届出施設データ","municipality_code":"43205","municipality_pref":"熊本県","municipality_name":"水俣市","municipality_code_method":"food_exact_coord"},"geometry":{"type":"Point","coordinates":[130.40118170500003,32.210337121]}},{"type":"Feature","properties":{"layer_id":"cafe_restaurant","category":"food","address":"熊本県水俣市袋８４７","source":"熊本県 食品営業許可施設、届出施設データ","municipality_code":"43205","municipality_pref":"熊本県","municipality_name":"水俣市","municipality_code_method":"food_exact_coord"},"geometry":{"type":"Point","coordinates":[130.381956439,32.181213045]}},{"type":"Feature","properties":{"layer_id":"cafe_restaurant","category":"food","address":"熊本県水俣市深川２１２－１","source":"熊本県 食品営業許可施設、届出施設データ","municipality_code":"43205","municipality_pref":"熊本県","municipality_name":"水俣市","municipality_code_method":"food_exact_coord"},"geometry":{"type":"Point","coordinates":[130.444481037,32.183445066]}},{"type":"Feature","properties":{"layer_id":"cafe_restaurant","category":"food","address":"熊本県水俣市桜井町３丁目３－３","source":"熊本県 食品営業許可施設、届出施設データ","municipality_code":"43205","municipality_pref":"熊本県","municipality_name":"水俣市","municipality_code_method":"food_exact_coord"},"geometry":{"type":"Point","coordinates":[130.398186559,32.207213478]}},{"type":"Feature","properties":{"layer_id":"cafe_restaurant","category":"food","address":"熊本県水俣市浜町１丁目２－２４　１Ｆ","source":"熊本県 食品営業許可施設、届出施設データ","municipality_code":"43205","municipality_pref":"熊本県","municipality_name":"水俣市","municipality_code_method":"food_exact_coord"},"geometry":{"type":"Point","coordinates":[130.403545837,32.210518843]}},{"type":"Feature","properties":{"layer_id":"cafe_restaurant","category":"food","address":"熊本県水俣市旭町２丁目１－１","source":"熊本県 食品営業許可施設、届出施設データ","municipality_code":"43205","municipality_pref":"熊本県","municipality_name":"水俣市","municipality_code_method":"food_exact_coord"},"geometry":{"type":"Point","coordinates":[130.401449334,32.209013523]}},{"type":"Feature","properties":{"layer_id":"cafe_restaurant","category":"food","address":"熊本県水俣市湯出１４１８－２","source":"熊本県 食品営業許可施設、届出施設データ","municipality_code":"43205","municipality_pref":"熊本県","municipality_name":"水俣市","municipality_code_method":"food_exact_coord"},"geometry":{"type":"Point","coordinates":[130.446337,32.147873]}},{"type":"Feature","properties":{"layer_id":"cafe_restaurant","category":"food","address":"熊本県水俣市幸町３－２３","source":"熊本県 食品営業許可施設、届出施設データ","municipality_code":"43205","municipality_pref":"熊本県","municipality_name":"水俣市","municipality_code_method":"food_exact_coord"},"geometry":{"type":"Point","coordinates":[130.404795,32.21386]}},{"type":"Feature","properties":{"layer_id":"cafe_restaurant","category":"food","address":"熊本県水俣市桜井町１－１－１","source":"熊本県 食品営業許可施設、届出施設データ","municipality_code":"43205","municipality_pref":"熊本県","municipality_name":"水俣市","municipality_code_method":"food_exact_coord"},"geometry":{"type":"Point","coordinates":[130.39708300000004,32.2057]}},{"type":"Feature","properties":{"layer_id":"cafe_restaurant","category":"food","address":"熊本県水俣市湯出１４３４","source":"熊本県 食品営業許可施設、届出施設データ","municipality_code":"43205","municipality_pref":"熊本県","municipality_name":"水俣市","municipality_code_method":"food_exact_coord"},"geometry":{"type":"Point","coordinates":[130.446337,32.147873]}},{"type":"Feature","properties":{"layer_id":"cafe_restaurant","category":"food","address":"熊本県水俣市浜町１丁目８－１４","source":"熊本県 食品営業許可施設、届出施設データ","municipality_code":"43205","municipality_pref":"熊本県","municipality_name":"水俣市","municipality_code_method":"food_exact_coord"},"geometry":{"type":"Point","coordinates":[130.404701916,32.211576152]}},{"type":"Feature","properties":{"layer_id":"cafe_restaurant","category":"food","address":"熊本県水俣市江南町３番１号","source":"熊本県 食品営業許可施設、届出施設データ","municipality_code":"43205","municipality_pref":"熊本県","municipality_name":"水俣市","municipality_code_method":"food_exact_coord"},"geometry":{"type":"Point","coordinates":[130.405464941,32.203582749]}},{"type":"Feature","properties":{"layer_id":"cafe_restaurant","category":"food","address":"熊本県水俣市桜井町１丁目３－７","source":"熊本県 食品営業許可施設、届出施設データ","municipality_code":"43205","municipality_pref":"熊本県","municipality_name":"水俣市","municipality_code_method":"food_exact_coord"},"geometry":{"type":"Point","coordinates":[130.398731458,32.207019348]}},{"type":"Feature","properties":{"layer_id":"cafe_restaurant","category":"food","address":"熊本県水俣市湯出１４０２","source":"熊本県 食品営業許可施設、届出施設データ","municipality_code":"43205","municipality_pref":"熊本県","municipality_name":"水俣市","municipality_code_method":"food_exact_coord"},"geometry":{"type":"Point","coordinates":[130.446337,32.147873]}},{"type":"Feature","properties":{"layer_id":"cafe_restaurant","category":"food","address":"熊本県水俣市桜井町２丁目１－４３","source":"熊本県 食品営業許可施設、届出施設データ","municipality_code":"43205","municipality_pref":"熊本県","municipality_name":"水俣市","municipality_code_method":"food_exact_coord"},"geometry":{"type":"Point","coordinates":[130.395106357,32.205180071]}},{"type":"Feature","properties":{"layer_id":"cafe_restaurant","category":"food","address":"熊本県水俣市桜井町１丁目４－３","source":"熊本県 食品営業許可施設、届出施設データ","municipality_code":"43205","municipality_pref":"熊本県","municipality_name":"水俣市","municipality_code_method":"food_exact_coord"},"geometry":{"type":"Point","coordinates":[130.398944154,32.20738064500001]}},{"type":"Feature","properties":{"layer_id":"cafe_restaurant","category":"food","address":"熊本県水俣市わらび野１－１","source":"熊本県 食品営業許可施設、届出施設データ","municipality_code":"43205","municipality_pref":"熊本県","municipality_name":"水俣市","municipality_code_method":"food_exact_coord"},"geometry":{"type":"Point","coordinates":[130.409284901,32.211461995]}},{"type":"Feature","properties":{"layer_id":"cafe_restaurant","category":"food","address":"熊本県水俣市浜町１丁目２－２６","source":"熊本県 食品営業許可施設、届出施設データ","municipality_code":"43205","municipality_pref":"熊本県","municipality_name":"水俣市","municipality_code_method":"food_exact_coord"},"geometry":{"type":"Point","coordinates":[130.403338585,32.210477465]}},{"type":"Feature","properties":{"layer_id":"cafe_restaurant","category":"food","address":"熊本県水俣市幸町６－７　あやビル１F","source":"熊本県 食品営業許可施設、届出施設データ","municipality_code":"43205","municipality_pref":"熊本県","municipality_name":"水俣市","municipality_code_method":"food_exact_coord"},"geometry":{"type":"Point","coordinates":[130.403526996,32.212939209]}},{"type":"Feature","properties":{"layer_id":"cafe_restaurant","category":"food","address":"熊本県水俣市浜町１丁目１０－５　卓ﾋﾞﾙ2F","source":"熊本県 食品営業許可施設、届出施設データ","municipality_code":"43205","municipality_pref":"熊本県","municipality_name":"水俣市","municipality_code_method":"food_exact_coord"},"geometry":{"type":"Point","coordinates":[130.403589676,32.211964308]}},{"type":"Feature","properties":{"layer_id":"cafe_restaurant","category":"food","address":"熊本県水俣市栄町１丁目６－１１　２F","source":"熊本県 食品営業許可施設、届出施設データ","municipality_code":"43205","municipality_pref":"熊本県","municipality_name":"水俣市","municipality_code_method":"food_exact_coord"},"geometry":{"type":"Point","coordinates":[130.39887275,32.209243628]}},{"type":"Feature","properties":{"layer_id":"cafe_restaurant","category":"food","address":"熊本県水俣市大黒町２丁目３－８","source":"熊本県 食品営業許可施設、届出施設データ","municipality_code":"43205","municipality_pref":"熊本県","municipality_name":"水俣市","municipality_code_method":"food_exact_coord"},"geometry":{"type":"Point","coordinates":[130.400836328,32.21001841]}},{"type":"Feature","properties":{"layer_id":"cafe_restaurant","category":"food","address":"熊本県水俣市浜町１丁目１３－１４","source":"熊本県 食品営業許可施設、届出施設データ","municipality_code":"43205","municipality_pref":"熊本県","municipality_name":"水俣市","municipality_code_method":"food_exact_coord"},"geometry":{"type":"Point","coordinates":[130.405537643,32.211968314]}},{"type":"Feature","properties":{"layer_id":"cafe_restaurant","category":"food","address":"熊本県水俣市浜町１丁目２－１２","source":"熊本県 食品営業許可施設、届出施設データ","municipality_code":"43205","municipality_pref":"熊本県","municipality_name":"水俣市","municipality_code_method":"food_exact_coord"},"geometry":{"type":"Point","coordinates":[130.403303991,32.210758736]}},{"type":"Feature","properties":{"layer_id":"cafe_restaurant","category":"food","address":"熊本県水俣市浜町１丁目２－９","source":"熊本県 食品営業許可施設、届出施設データ","municipality_code":"43205","municipality_pref":"熊本県","municipality_name":"水俣市","municipality_code_method":"food_exact_coord"},"geometry":{"type":"Point","coordinates":[130.402984684,32.210784093]}},{"type":"Feature","properties":{"layer_id":"cafe_restaurant","category":"food","address":"熊本県水俣市古里９２８番地","source":"熊本県 食品営業許可施設、届出施設データ","municipality_code":"43205","municipality_pref":"熊本県","municipality_name":"水俣市","municipality_code_method":"food_exact_coord"},"geometry":{"type":"Point","coordinates":[130.550572,32.165157]}},{"type":"Feature","properties":{"layer_id":"cafe_restaurant","category":"food","address":"熊本県水俣市港町２丁目２番５号","source":"熊本県 食品営業許可施設、届出施設データ","municipality_code":"43205","municipality_pref":"熊本県","municipality_name":"水俣市","municipality_code_method":"food_exact_coord"},"geometry":{"type":"Point","coordinates":[130.387939023,32.200544001]}},{"type":"Feature","properties":{"layer_id":"cafe_restaurant","category":"food","address":"熊本県水俣市浜町１丁目８番１８号","source":"熊本県 食品営業許可施設、届出施設データ","municipality_code":"43205","municipality_pref":"熊本県","municipality_name":"水俣市","municipality_code_method":"food_exact_coord"},"geometry":{"type":"Point","coordinates":[130.405026779,32.211331376]}},{"type":"Feature","properties":{"layer_id":"cafe_restaurant","category":"food","address":"熊本県水俣市浜町３丁目２番５号","source":"熊本県 食品営業許可施設、届出施設データ","municipality_code":"43205","municipality_pref":"熊本県","municipality_name":"水俣市","municipality_code_method":"food_exact_coord"},"geometry":{"type":"Point","coordinates":[130.398932845,32.213185637]}},{"type":"Feature","properties":{"layer_id":"cafe_restaurant","category":"food","address":"熊本県水俣市桜井町２丁目２－３１","source":"熊本県 食品営業許可施設、届出施設データ","municipality_code":"43205","municipality_pref":"熊本県","municipality_name":"水俣市","municipality_code_method":"food_exact_coord"},"geometry":{"type":"Point","coordinates":[130.395728017,32.20520576]}},{"type":"Feature","properties":{"layer_id":"cafe_restaurant","category":"food","address":"熊本県水俣市浜町１丁目５－８","source":"熊本県 食品営業許可施設、届出施設データ","municipality_code":"43205","municipality_pref":"熊本県","municipality_name":"水俣市","municipality_code_method":"food_exact_coord"},"geometry":{"type":"Point","coordinates":[130.403400228,32.211489513]}},{"type":"Feature","properties":{"layer_id":"cafe_restaurant","category":"food","address":"熊本県水俣市浜町１丁目８－１０","source":"熊本県 食品営業許可施設、届出施設データ","municipality_code":"43205","municipality_pref":"熊本県","municipality_name":"水俣市","municipality_code_method":"food_exact_coord"},"geometry":{"type":"Point","coordinates":[130.404352025,32.211799266]}},{"type":"Feature","properties":{"layer_id":"cafe_restaurant","category":"food","address":"熊本県水俣市大黒町１丁目１－２４","source":"熊本県 食品営業許可施設、届出施設データ","municipality_code":"43205","municipality_pref":"熊本県","municipality_name":"水俣市","municipality_code_method":"food_exact_coord"},"geometry":{"type":"Point","coordinates":[130.400988806,32.209110139]}},{"type":"Feature","properties":{"layer_id":"cafe_restaurant","category":"food","address":"熊本県水俣市大迫１２１５－２","source":"熊本県 食品営業許可施設、届出施設データ","municipality_code":"43205","municipality_pref":"熊本県","municipality_name":"水俣市","municipality_code_method":"food_exact_coord"},"geometry":{"type":"Point","coordinates":[130.42853700000003,32.225636]}},{"type":"Feature","properties":{"layer_id":"cafe_restaurant","category":"food","address":"熊本県水俣市大黒町１丁目１－３２","source":"熊本県 食品営業許可施設、届出施設データ","municipality_code":"43205","municipality_pref":"熊本県","municipality_name":"水俣市","municipality_code_method":"food_exact_coord"},"geometry":{"type":"Point","coordinates":[130.400675279,32.208618019]}},{"type":"Feature","properties":{"layer_id":"cafe_restaurant","category":"food","address":"熊本県水俣市久木野１０７１","source":"熊本県 食品営業許可施設、届出施設データ","municipality_code":"43205","municipality_pref":"熊本県","municipality_name":"水俣市","municipality_code_method":"food_exact_coord"},"geometry":{"type":"Point","coordinates":[130.539894,32.183431]}},{"type":"Feature","properties":{"layer_id":"cafe_restaurant","category":"food","address":"熊本県水俣市浜町１丁目１０－５","source":"熊本県 食品営業許可施設、届出施設データ","municipality_code":"43205","municipality_pref":"熊本県","municipality_name":"水俣市","municipality_code_method":"food_exact_coord"},"geometry":{"type":"Point","coordinates":[130.403589676,32.211964308]}},{"type":"Feature","properties":{"layer_id":"cafe_restaurant","category":"food","address":"熊本県水俣市桜ケ丘３９５番地河村電器産業　水俣工場　給食室","source":"熊本県 食品営業許可施設、届出施設データ","municipality_code":"43205","municipality_pref":"熊本県","municipality_name":"水俣市","municipality_code_method":"food_exact_coord"},"geometry":{"type":"Point","coordinates":[130.410278,32.221302]}},{"type":"Feature","properties":{"layer_id":"cafe_restaurant","category":"food","address":"熊本県水俣市桜井町１丁目３－５","source":"熊本県 食品営業許可施設、届出施設データ","municipality_code":"43205","municipality_pref":"熊本県","municipality_name":"水俣市","municipality_code_method":"food_exact_coord"},"geometry":{"type":"Point","coordinates":[130.39855591,32.207072907]}},{"type":"Feature","properties":{"layer_id":"cafe_restaurant","category":"food","address":"熊本県水俣市浜町一丁目１２－２７","source":"熊本県 食品営業許可施設、届出施設データ","municipality_code":"43205","municipality_pref":"熊本県","municipality_name":"水俣市","municipality_code_method":"food_exact_coord"},"geometry":{"type":"Point","coordinates":[130.404706378,32.211623857]}},{"type":"Feature","properties":{"layer_id":"cafe_restaurant","category":"food","address":"水俣市大黒町一丁目１－３４","source":"熊本県 食品営業許可施設、届出施設データ","municipality_code":"43205","municipality_pref":"熊本県","municipality_name":"水俣市","municipality_code_method":"food_exact_coord"},"geometry":{"type":"Point","coordinates":[130.400514676,32.208502903]}},{"type":"Feature","properties":{"layer_id":"cafe_restaurant","category":"food","address":"水俣市栄町一丁目６－１プロスパビル１Ｆ","source":"熊本県 食品営業許可施設、届出施設データ","municipality_code":"43205","municipality_pref":"熊本県","municipality_name":"水俣市","municipality_code_method":"food_exact_coord"},"geometry":{"type":"Point","coordinates":[130.398434175,32.208627518]}},{"type":"Feature","properties":{"layer_id":"cafe_restaurant","category":"food","address":"水俣市栄町一丁目１番２５号","source":"熊本県 食品営業許可施設、届出施設データ","municipality_code":"43205","municipality_pref":"熊本県","municipality_name":"水俣市","municipality_code_method":"food_exact_coord"},"geometry":{"type":"Point","coordinates":[130.398007588,32.208507964]}},{"type":"Feature","properties":{"layer_id":"cafe_restaurant","category":"food","address":"熊本県水俣市古賀町二丁目５－３１","source":"熊本県 食品営業許可施設、届出施設データ","municipality_code":"43205","municipality_pref":"熊本県","municipality_name":"水俣市","municipality_code_method":"food_exact_coord"},"geometry":{"type":"Point","coordinates":[130.398846474,32.213159176]}},{"type":"Feature","properties":{"layer_id":"cafe_restaurant","category":"food","address":"水俣市野口町１－１","source":"熊本県 食品営業許可施設、届出施設データ","municipality_code":"43205","municipality_pref":"熊本県","municipality_name":"水俣市","municipality_code_method":"food_exact_coord"},"geometry":{"type":"Point","coordinates":[130.392421,32.207367]}},{"type":"Feature","properties":{"layer_id":"cafe_restaurant","category":"food","address":"熊本県水俣市小津奈木８０３－４","source":"熊本県 食品営業許可施設、届出施設データ","municipality_code":"43205","municipality_pref":"熊本県","municipality_name":"水俣市","municipality_code_method":"food_exact_coord"},"geometry":{"type":"Point","coordinates":[130.434171451,32.214365576]}},{"type":"Feature","properties":{"layer_id":"cafe_restaurant","category":"food","address":"水俣市大黒町１－３－３５","source":"熊本県 食品営業許可施設、届出施設データ","municipality_code":"43205","municipality_pref":"熊本県","municipality_name":"水俣市","municipality_code_method":"food_exact_coord"},"geometry":{"type":"Point","coordinates":[130.401774212,32.209371954]}},{"type":"Feature","properties":{"layer_id":"cafe_restaurant","category":"food","address":"熊本県水俣市丸島町２丁目４－２１","source":"熊本県 食品営業許可施設、届出施設データ","municipality_code":"43205","municipality_pref":"熊本県","municipality_name":"水俣市","municipality_code_method":"food_exact_coord"},"geometry":{"type":"Point","coordinates":[130.387083477,32.212472819]}},{"type":"Feature","properties":{"layer_id":"cafe_restaurant","category":"food","address":"熊本県水俣市桜井町３丁目２－２９","source":"熊本県 食品営業許可施設、届出施設データ","municipality_code":"43205","municipality_pref":"熊本県","municipality_name":"水俣市","municipality_code_method":"food_exact_coord"},"geometry":{"type":"Point","coordinates":[130.397864393,32.206664522]}},{"type":"Feature","properties":{"layer_id":"cafe_restaurant","category":"food","address":"熊本県水俣市浜町１丁目１２－２１","source":"熊本県 食品営業許可施設、届出施設データ","municipality_code":"43205","municipality_pref":"熊本県","municipality_name":"水俣市","municipality_code_method":"food_exact_coord"},"geometry":{"type":"Point","coordinates":[130.405151672,32.211318148]}},{"type":"Feature","properties":{"layer_id":"cafe_restaurant","category":"food","address":"熊本県水俣市陳内２５２５","source":"熊本県 食品営業許可施設、届出施設データ","municipality_code":"43205","municipality_pref":"熊本県","municipality_name":"水俣市","municipality_code_method":"food_exact_coord"},"geometry":{"type":"Point","coordinates":[130.419119,32.216012]}},{"type":"Feature","properties":{"layer_id":"cafe_restaurant","category":"food","address":"熊本県水俣市浜町１丁目９－１７","source":"熊本県 食品営業許可施設、届出施設データ","municipality_code":"43205","municipality_pref":"熊本県","municipality_name":"水俣市","municipality_code_method":"food_exact_coord"},"geometry":{"type":"Point","coordinates":[130.403982267,32.211463349]}},{"type":"Feature","properties":{"layer_id":"cafe_restaurant","category":"food","address":"熊本県水俣市浜町１－１２－２９","source":"熊本県 食品営業許可施設、届出施設データ","municipality_code":"43205","municipality_pref":"熊本県","municipality_name":"水俣市","municipality_code_method":"food_exact_coord"},"geometry":{"type":"Point","coordinates":[130.404528401,32.211736108]}},{"type":"Feature","properties":{"layer_id":"cafe_restaurant","category":"food","address":"熊本県水俣市港町３丁目１番２０号","source":"熊本県 食品営業許可施設、届出施設データ","municipality_code":"43205","municipality_pref":"熊本県","municipality_name":"水俣市","municipality_code_method":"food_exact_coord"},"geometry":{"type":"Point","coordinates":[130.384557079,32.198813529000006]}},{"type":"Feature","properties":{"layer_id":"cafe_restaurant","category":"food","address":"熊本県水俣市浜町１丁目８－１０","source":"熊本県 食品営業許可施設、届出施設データ","municipality_code":"43205","municipality_pref":"熊本県","municipality_name":"水俣市","municipality_code_method":"food_exact_coord"},"geometry":{"type":"Point","coordinates":[130.404352025,32.211799266]}},{"type":"Feature","properties":{"layer_id":"cafe_restaurant","category":"food","address":"熊本県水俣市栄町１丁目５－２４","source":"熊本県 食品営業許可施設、届出施設データ","municipality_code":"43205","municipality_pref":"熊本県","municipality_name":"水俣市","municipality_code_method":"food_exact_coord"},"geometry":{"type":"Point","coordinates":[130.39877632,32.20930327]}},{"type":"Feature","properties":{"layer_id":"cafe_restaurant","category":"food","address":"熊本県水俣市大迫１２１６","source":"熊本県 食品営業許可施設、届出施設データ","municipality_code":"43205","municipality_pref":"熊本県","municipality_name":"水俣市","municipality_code_method":"food_exact_coord"},"geometry":{"type":"Point","coordinates":[130.42853700000003,32.225636]}},{"type":"Feature","properties":{"layer_id":"cafe_restaurant","category":"food","address":"熊本県水俣市浜町２－９－１新ときわビル２Ｆ－１","source":"熊本県 食品営業許可施設、届出施設データ","municipality_code":"43205","municipality_pref":"熊本県","municipality_name":"水俣市","municipality_code_method":"food_exact_coord"},"geometry":{"type":"Point","coordinates":[130.403154657,32.211759757]}},{"type":"Feature","properties":{"layer_id":"cafe_restaurant","category":"food","address":"熊本県水俣市桜井町３丁目２番３１号","source":"熊本県 食品営業許可施設、届出施設データ","municipality_code":"43205","municipality_pref":"熊本県","municipality_name":"水俣市","municipality_code_method":"food_exact_coord"},"geometry":{"type":"Point","coordinates":[130.397700739,32.20655469]}},{"type":"Feature","properties":{"layer_id":"cafe_restaurant","category":"food","address":"熊本県水俣市湯出１５９７","source":"熊本県 食品営業許可施設、届出施設データ","municipality_code":"43205","municipality_pref":"熊本県","municipality_name":"水俣市","municipality_code_method":"food_exact_coord"},"geometry":{"type":"Point","coordinates":[130.439988455,32.150331458]}},{"type":"Feature","properties":{"layer_id":"cafe_restaurant","category":"food","address":"熊本県水俣市昭和町２－４－１０","source":"熊本県 食品営業許可施設、届出施設データ","municipality_code":"43205","municipality_pref":"熊本県","municipality_name":"水俣市","municipality_code_method":"food_exact_coord"},"geometry":{"type":"Point","coordinates":[130.39891723,32.208708911]}},{"type":"Feature","properties":{"layer_id":"cafe_restaurant","category":"food","address":"熊本県水俣市南福寺１０００－９","source":"熊本県 食品営業許可施設、届出施設データ","municipality_code":"43205","municipality_pref":"熊本県","municipality_name":"水俣市","municipality_code_method":"food_exact_coord"},"geometry":{"type":"Point","coordinates":[130.418734,32.194317]}},{"type":"Feature","properties":{"layer_id":"cafe_restaurant","category":"food","address":"熊本県水俣市百間町２丁目６４番地１","source":"熊本県 食品営業許可施設、届出施設データ","municipality_code":"43205","municipality_pref":"熊本県","municipality_name":"水俣市","municipality_code_method":"food_exact_coord"},"geometry":{"type":"Point","coordinates":[130.388243,32.200186]}},{"type":"Feature","properties":{"layer_id":"cafe_restaurant","category":"food","address":"熊本県水俣市幸町６－８","source":"熊本県 食品営業許可施設、届出施設データ","municipality_code":"43205","municipality_pref":"熊本県","municipality_name":"水俣市","municipality_code_method":"food_exact_coord"},"geometry":{"type":"Point","coordinates":[130.403457373,32.213022769]}},{"type":"Feature","properties":{"layer_id":"cafe_restaurant","category":"food","address":"熊本県水俣市桜井町３－４－１３","source":"熊本県 食品営業許可施設、届出施設データ","municipality_code":"43205","municipality_pref":"熊本県","municipality_name":"水俣市","municipality_code_method":"food_exact_coord"},"geometry":{"type":"Point","coordinates":[130.39939959100002,32.20847579]}},{"type":"Feature","properties":{"layer_id":"cafe_restaurant","category":"food","address":"熊本県水俣市丸島町2丁目１－２０","source":"熊本県 食品営業許可施設、届出施設データ","municipality_code":"43205","municipality_pref":"熊本県","municipality_name":"水俣市","municipality_code_method":"food_exact_coord"},"geometry":{"type":"Point","coordinates":[130.389225457,32.212009507]}},{"type":"Feature","properties":{"layer_id":"cafe_restaurant","category":"food","address":"熊本県水俣市昭和町２丁目４－１２","source":"熊本県 食品営業許可施設、届出施設データ","municipality_code":"43205","municipality_pref":"熊本県","municipality_name":"水俣市","municipality_code_method":"food_exact_coord"},"geometry":{"type":"Point","coordinates":[130.399091823,32.20879236]}},{"type":"Feature","properties":{"layer_id":"cafe_restaurant","category":"food","address":"熊本県水俣市大黒町２丁目３番１８号","source":"熊本県 食品営業許可施設、届出施設データ","municipality_code":"43205","municipality_pref":"熊本県","municipality_name":"水俣市","municipality_code_method":"food_exact_coord"},"geometry":{"type":"Point","coordinates":[130.401648935,32.210502349]}},{"type":"Feature","properties":{"layer_id":"cafe_restaurant","category":"food","address":"熊本県水俣市小津奈木８００－２","source":"熊本県 食品営業許可施設、届出施設データ","municipality_code":"43205","municipality_pref":"熊本県","municipality_name":"水俣市","municipality_code_method":"food_exact_coord"},"geometry":{"type":"Point","coordinates":[130.43411929,32.214122584]}},{"type":"Feature","properties":{"layer_id":"cafe_restaurant","category":"food","address":"水俣市初野宮前２３０","source":"熊本県 食品営業許可施設、届出施設データ","municipality_code":"43205","municipality_pref":"熊本県","municipality_name":"水俣市","municipality_code_method":"food_exact_coord"},"geometry":{"type":"Point","coordinates":[130.432778,32.205768]}},{"type":"Feature","properties":{"layer_id":"cafe_restaurant","category":"food","address":"熊本県水俣市長崎５５２－７","source":"熊本県 食品営業許可施設、届出施設データ","municipality_code":"43205","municipality_pref":"熊本県","municipality_name":"水俣市","municipality_code_method":"food_exact_coord"},"geometry":{"type":"Point","coordinates":[130.418626,32.162467]}},{"type":"Feature","properties":{"layer_id":"cafe_restaurant","category":"food","address":"熊本県水俣市浜町１－１２－２７山下ビルⅡエスプリ３F","source":"熊本県 食品営業許可施設、届出施設データ","municipality_code":"43205","municipality_pref":"熊本県","municipality_name":"水俣市","municipality_code_method":"food_exact_coord"},"geometry":{"type":"Point","coordinates":[130.404706378,32.211623857]}},{"type":"Feature","properties":{"layer_id":"cafe_restaurant","category":"food","address":"熊本県水俣市栄町１丁目５番２１号","source":"熊本県 食品営業許可施設、届出施設データ","municipality_code":"43205","municipality_pref":"熊本県","municipality_name":"水俣市","municipality_code_method":"food_exact_coord"},"geometry":{"type":"Point","coordinates":[130.398748863,32.209586048]}},{"type":"Feature","properties":{"layer_id":"cafe_restaurant","category":"food","address":"熊本県水俣市大黒町２丁目１番２８号","source":"熊本県 食品営業許可施設、届出施設データ","municipality_code":"43205","municipality_pref":"熊本県","municipality_name":"水俣市","municipality_code_method":"food_exact_coord"},"geometry":{"type":"Point","coordinates":[130.399719776,32.208822657]}},{"type":"Feature","properties":{"layer_id":"cafe_restaurant","category":"food","address":"熊本県水俣市丸島町２－７－１","source":"熊本県 食品営業許可施設、届出施設データ","municipality_code":"43205","municipality_pref":"熊本県","municipality_name":"水俣市","municipality_code_method":"food_exact_coord"},"geometry":{"type":"Point","coordinates":[130.388462,32.215061]}},{"type":"Feature","properties":{"layer_id":"cafe_restaurant","category":"food","address":"熊本県水俣市明神町１－１２２","source":"熊本県 食品営業許可施設、届出施設データ","municipality_code":"43205","municipality_pref":"熊本県","municipality_name":"水俣市","municipality_code_method":"food_exact_coord"},"geometry":{"type":"Point","coordinates":[130.379320379,32.204444046]}},{"type":"Feature","properties":{"layer_id":"cafe_restaurant","category":"food","address":"熊本県水俣市浜町２丁目９－１","source":"熊本県 食品営業許可施設、届出施設データ","municipality_code":"43205","municipality_pref":"熊本県","municipality_name":"水俣市","municipality_code_method":"food_exact_coord"},"geometry":{"type":"Point","coordinates":[130.403154657,32.211759757]}},{"type":"Feature","properties":{"layer_id":"cafe_restaurant","category":"food","address":"熊本県水俣市大黒町１－１－３４","source":"熊本県 食品営業許可施設、届出施設データ","municipality_code":"43205","municipality_pref":"熊本県","municipality_name":"水俣市","municipality_code_method":"food_exact_coord"},"geometry":{"type":"Point","coordinates":[130.400514676,32.208502903]}},{"type":"Feature","properties":{"layer_id":"cafe_restaurant","category":"food","address":"熊本県水俣市天神町１丁目２－１","source":"熊本県 食品営業許可施設、届出施設データ","municipality_code":"43205","municipality_pref":"熊本県","municipality_name":"水俣市","municipality_code_method":"food_exact_coord"},"geometry":{"type":"Point","coordinates":[130.404843387,32.210662393]}},{"type":"Feature","properties":{"layer_id":"cafe_restaurant","category":"food","address":"熊本県水俣市越小場６８６","source":"熊本県 食品営業許可施設、届出施設データ","municipality_code":"43205","municipality_pref":"熊本県","municipality_name":"水俣市","municipality_code_method":"food_exact_coord"},"geometry":{"type":"Point","coordinates":[130.517085183,32.155456902]}},{"type":"Feature","properties":{"layer_id":"cafe_restaurant","category":"food","address":"熊本県水俣市大黒町２丁目３番１８号","source":"熊本県 食品営業許可施設、届出施設データ","municipality_code":"43205","municipality_pref":"熊本県","municipality_name":"水俣市","municipality_code_method":"food_exact_coord"},"geometry":{"type":"Point","coordinates":[130.401648935,32.210502349]}},{"type":"Feature","properties":{"layer_id":"cafe_restaurant","category":"food","address":"熊本県水俣市浜町１丁目１０－１３","source":"熊本県 食品営業許可施設、届出施設データ","municipality_code":"43205","municipality_pref":"熊本県","municipality_name":"水俣市","municipality_code_method":"food_exact_coord"},"geometry":{"type":"Point","coordinates":[130.403817093,32.211873933]}},{"type":"Feature","properties":{"layer_id":"cafe_restaurant","category":"food","address":"熊本県水俣市浜町１－８－１０山下ビル１F","source":"熊本県 食品営業許可施設、届出施設データ","municipality_code":"43205","municipality_pref":"熊本県","municipality_name":"水俣市","municipality_code_method":"food_exact_coord"},"geometry":{"type":"Point","coordinates":[130.404352025,32.211799266]}},{"type":"Feature","properties":{"layer_id":"cafe_restaurant","category":"food","address":"水俣市浜町３丁目１－３３","source":"熊本県 食品営業許可施設、届出施設データ","municipality_code":"43205","municipality_pref":"熊本県","municipality_name":"水俣市","municipality_code_method":"food_exact_coord"},"geometry":{"type":"Point","coordinates":[130.400240117,32.212080882]}},{"type":"Feature","properties":{"layer_id":"cafe_restaurant","category":"food","address":"熊本県水俣市深川字大野１０２０－３","source":"熊本県 食品営業許可施設、届出施設データ","municipality_code":"43205","municipality_pref":"熊本県","municipality_name":"水俣市","municipality_code_method":"food_exact_coord"},"geometry":{"type":"Point","coordinates":[130.442204,32.182125]}},{"type":"Feature","properties":{"layer_id":"cafe_restaurant","category":"food","address":"熊本県水俣市月浦９２８－１","source":"熊本県 食品営業許可施設、届出施設データ","municipality_code":"43205","municipality_pref":"熊本県","municipality_name":"水俣市","municipality_code_method":"food_exact_coord"},"geometry":{"type":"Point","coordinates":[130.384061257,32.188742296]}},{"type":"Feature","properties":{"layer_id":"cafe_restaurant","category":"food","address":"熊本県水俣市初野３０７－１５","source":"熊本県 食品営業許可施設、届出施設データ","municipality_code":"43205","municipality_pref":"熊本県","municipality_name":"水俣市","municipality_code_method":"food_exact_coord"},"geometry":{"type":"Point","coordinates":[130.428824744,32.21114479]}},{"type":"Feature","properties":{"layer_id":"cafe_restaurant","category":"food","address":"熊本県水俣市石坂川１１３番２","source":"熊本県 食品営業許可施設、届出施設データ","municipality_code":"43205","municipality_pref":"熊本県","municipality_name":"水俣市","municipality_code_method":"food_exact_coord"},"geometry":{"type":"Point","coordinates":[130.47951596,32.162263401]}},{"type":"Feature","properties":{"layer_id":"cafe_restaurant","category":"food","address":"熊本県水俣市桜井町１丁目５－８","source":"熊本県 食品営業許可施設、届出施設データ","municipality_code":"43205","municipality_pref":"熊本県","municipality_name":"水俣市","municipality_code_method":"food_exact_coord"},"geometry":{"type":"Point","coordinates":[130.39999709,32.208032878]}},{"type":"Feature","properties":{"layer_id":"cafe_restaurant","category":"food","address":"熊本県水俣市大迫１２１３番地","source":"熊本県 食品営業許可施設、届出施設データ","municipality_code":"43205","municipality_pref":"熊本県","municipality_name":"水俣市","municipality_code_method":"food_exact_coord"},"geometry":{"type":"Point","coordinates":[130.42853700000003,32.225636]}},{"type":"Feature","properties":{"layer_id":"cafe_restaurant","category":"food","address":"熊本県水俣市栄町２丁目３－８","source":"熊本県 食品営業許可施設、届出施設データ","municipality_code":"43205","municipality_pref":"熊本県","municipality_name":"水俣市","municipality_code_method":"food_exact_coord"},"geometry":{"type":"Point","coordinates":[130.398184963,32.210017972]}},{"type":"Feature","properties":{"layer_id":"cafe_restaurant","category":"food","address":"熊本県水俣市大園町１－３－１","source":"熊本県 食品営業許可施設、届出施設データ","municipality_code":"43205","municipality_pref":"熊本県","municipality_name":"水俣市","municipality_code_method":"food_exact_coord"},"geometry":{"type":"Point","coordinates":[130.402331412,32.209817553]}},{"type":"Feature","properties":{"layer_id":"cafe_restaurant","category":"food","address":"熊本県水俣市浜町１丁目２－３３","source":"熊本県 食品営業許可施設、届出施設データ","municipality_code":"43205","municipality_pref":"熊本県","municipality_name":"水俣市","municipality_code_method":"food_exact_coord"},"geometry":{"type":"Point","coordinates":[130.402614227,32.210356898]}},{"type":"Feature","properties":{"layer_id":"cafe_restaurant","category":"food","address":"熊本県水俣市百間町一丁目１２番１号","source":"熊本県 食品営業許可施設、届出施設データ","municipality_code":"43205","municipality_pref":"熊本県","municipality_name":"水俣市","municipality_code_method":"food_exact_coord"},"geometry":{"type":"Point","coordinates":[130.391043,32.20214]}},{"type":"Feature","properties":{"layer_id":"cafe_restaurant","name":"ファミリーマート水俣百間店","category":"food","address":"熊本県水俣市百間町２丁目３番３１号","source":"厚生労働省 食品衛生申請等システム（オープンデータ）","municipality_code":"43205","municipality_pref":"熊本県","municipality_name":"水俣市","municipality_code_method":"food_exact_coord"},"geometry":{"type":"Point","coordinates":[130.387852,32.200067]}},{"type":"Feature","properties":{"layer_id":"cafe_restaurant","name":"角打ち　酒蔵　櫂","category":"food","address":"熊本県水俣市江南町３-１","source":"厚生労働省 食品衛生申請等システム（オープンデータ）","municipality_code":"43205","municipality_pref":"熊本県","municipality_name":"水俣市","municipality_code_method":"food_exact_coord"},"geometry":{"type":"Point","coordinates":[130.405526,32.203572]}},{"type":"Feature","properties":{"layer_id":"cafe_restaurant","name":"洋蘭","category":"food","address":"熊本県水俣市桜井町２－１－６","source":"厚生労働省 食品衛生申請等システム（オープンデータ）","municipality_code":"43205","municipality_pref":"熊本県","municipality_name":"水俣市","municipality_code_method":"food_exact_coord"},"geometry":{"type":"Point","coordinates":[130.394679,32.204593]}},{"type":"Feature","properties":{"layer_id":"cafe_restaurant","name":"和風ダイニング　遊食三昧","category":"food","address":"熊本県水俣市浜町１－１２ー２７　山下ビルⅡ　１F","source":"厚生労働省 食品衛生申請等システム（オープンデータ）","municipality_code":"43205","municipality_pref":"熊本県","municipality_name":"水俣市","municipality_code_method":"food_exact_coord"},"geometry":{"type":"Point","coordinates":[130.404958,32.211663]}},{"type":"Feature","properties":{"layer_id":"cafe_restaurant","name":"くつろぎ酒家　和彩美","category":"food","address":"熊本県水俣市浜町１－１２－２８","source":"厚生労働省 食品衛生申請等システム（オープンデータ）","municipality_code":"43205","municipality_pref":"熊本県","municipality_name":"水俣市","municipality_code_method":"food_exact_coord"},"geometry":{"type":"Point","coordinates":[130.404645,32.211711]}},{"type":"Feature","properties":{"layer_id":"cafe_restaurant","name":"居酒屋　風来坊","category":"food","address":"熊本県水俣市浜町１丁目２－２４","source":"厚生労働省 食品衛生申請等システム（オープンデータ）","municipality_code":"43205","municipality_pref":"熊本県","municipality_name":"水俣市","municipality_code_method":"food_exact_coord"},"geometry":{"type":"Point","coordinates":[130.40353,32.21062]}},{"type":"Feature","properties":{"layer_id":"cafe_restaurant","name":"ガスト 水俣店","category":"food","address":"熊本県水俣市昭和町２丁目１番２６号","source":"厚生労働省 食品衛生申請等システム（オープンデータ）","municipality_code":"43205","municipality_pref":"熊本県","municipality_name":"水俣市","municipality_code_method":"food_exact_coord"},"geometry":{"type":"Point","coordinates":[130.397198,32.207232]}},{"type":"Feature","properties":{"layer_id":"cafe_restaurant","name":"セブンーイレブン新水俣駅前店","category":"food","address":"熊本県水俣市初野字西原３０７番１５号","source":"厚生労働省 食品衛生申請等システム（オープンデータ）","municipality_code":"43205","municipality_pref":"熊本県","municipality_name":"水俣市","municipality_code_method":"food_exact_coord"},"geometry":{"type":"Point","coordinates":[130.433805,32.20994]}},{"type":"Feature","properties":{"layer_id":"cafe_restaurant","name":"セブン-イレブン水俣ひばりヶ丘店","category":"food","address":"熊本県水俣市ひばりケ丘３８","source":"厚生労働省 食品衛生申請等システム（オープンデータ）","municipality_code":"43205","municipality_pref":"熊本県","municipality_name":"水俣市","municipality_code_method":"food_exact_coord"},"geometry":{"type":"Point","coordinates":[130.40871,32.211861]}},{"type":"Feature","properties":{"layer_id":"cafe_restaurant","name":"ローソン水俣市立総合医療センター店","category":"food","address":"熊本県水俣市天神町1-2-1","source":"厚生労働省 食品衛生申請等システム（オープンデータ）","municipality_code":"43205","municipality_pref":"熊本県","municipality_name":"水俣市","municipality_code_method":"food_exact_coord"},"geometry":{"type":"Point","coordinates":[130.4057675,32.209915]}},{"type":"Feature","properties":{"layer_id":"cafe_restaurant","name":"介護医療院ふちがみ","category":"food","address":"熊本県水俣市塩浜町２－１９","source":"厚生労働省 食品衛生申請等システム（オープンデータ）","municipality_code":"43205","municipality_pref":"熊本県","municipality_name":"水俣市","municipality_code_method":"food_exact_coord"},"geometry":{"type":"Point","coordinates":[130.394829,32.212527]}},{"type":"Feature","properties":{"layer_id":"cafe_restaurant","name":"介護老人保健施設　やすらぎ苑","category":"food","address":"熊本県水俣市浜４０５１番地","source":"厚生労働省 食品衛生申請等システム（オープンデータ）","municipality_code":"43205","municipality_pref":"熊本県","municipality_name":"水俣市","municipality_code_method":"food_exact_coord"},"geometry":{"type":"Point","coordinates":[130.397817,32.223701]}},{"type":"Feature","properties":{"layer_id":"cafe_restaurant","name":"恵愛園内事業所","category":"food","address":"熊本県水俣市月浦２６９－４","source":"厚生労働省 食品衛生申請等システム（オープンデータ）","municipality_code":"43205","municipality_pref":"熊本県","municipality_name":"水俣市","municipality_code_method":"food_exact_coord"},"geometry":{"type":"Point","coordinates":[130.384234,32.190542]}},{"type":"Feature","properties":{"layer_id":"cafe_restaurant","name":"環境学習情報交流センター地域情報案内所","category":"food","address":"熊本県水俣市初野３０５－１","source":"厚生労働省 食品衛生申請等システム（オープンデータ）","municipality_code":"43205","municipality_pref":"熊本県","municipality_name":"水俣市","municipality_code_method":"food_exact_coord"},"geometry":{"type":"Point","coordinates":[130.428955,32.210913]}},{"type":"Feature","properties":{"layer_id":"cafe_restaurant","name":"とんちゃん","category":"food","address":"熊本県水俣市浜町一丁目１０－１０","source":"厚生労働省 食品衛生申請等システム（オープンデータ）","municipality_code":"43205","municipality_pref":"熊本県","municipality_name":"水俣市","municipality_code_method":"food_exact_coord"},"geometry":{"type":"Point","coordinates":[130.403908,32.212061]}},{"type":"Feature","properties":{"layer_id":"cafe_restaurant","name":"海と夕やけ","category":"food","address":"熊本県水俣市大迫１２１３番地","source":"厚生労働省 食品衛生申請等システム（オープンデータ）","municipality_code":"43205","municipality_pref":"熊本県","municipality_name":"水俣市","municipality_code_method":"food_exact_coord"},"geometry":{"type":"Point","coordinates":[130.41641,32.233404]}},{"type":"Feature","properties":{"layer_id":"cafe_restaurant","name":"ローソン水俣袋店","category":"food","address":"熊本県水俣市袋字薄月８６１","source":"厚生労働省 食品衛生申請等システム（オープンデータ）","municipality_code":"43205","municipality_pref":"熊本県","municipality_name":"水俣市","municipality_code_method":"food_exact_coord"},"geometry":{"type":"Point","coordinates":[130.382495,32.180946]}},{"type":"Feature","properties":{"layer_id":"cafe_restaurant","name":"愛林館","category":"food","address":"熊本県水俣市久木野１０７１","source":"厚生労働省 食品衛生申請等システム（オープンデータ）","municipality_code":"43205","municipality_pref":"熊本県","municipality_name":"水俣市","municipality_code_method":"food_exact_coord"},"geometry":{"type":"Point","coordinates":[130.527855,32.171861]}},{"type":"Feature","properties":{"layer_id":"cafe_restaurant","name":"合資会社宮田精肉店","category":"food","address":"熊本県水俣市浜町3丁目2番5号","source":"厚生労働省 食品衛生申請等システム（オープンデータ）","municipality_code":"43205","municipality_pref":"熊本県","municipality_name":"水俣市","municipality_code_method":"food_exact_coord"},"geometry":{"type":"Point","coordinates":[130.39917,32.213105]}},{"type":"Feature","properties":{"layer_id":"cafe_restaurant","name":"ローソン水俣桜井町三丁目店","category":"food","address":"熊本県水俣市桜井町3丁目2-14","source":"厚生労働省 食品衛生申請等システム（オープンデータ）","municipality_code":"43205","municipality_pref":"熊本県","municipality_name":"水俣市","municipality_code_method":"food_exact_coord"},"geometry":{"type":"Point","coordinates":[130.397796,32.206984500000004]}},{"type":"Feature","properties":{"layer_id":"cafe_restaurant","name":"ブックシティ一心堂","category":"food","address":"熊本県水俣市昭和町2-3-28","source":"厚生労働省 食品衛生申請等システム（オープンデータ）","municipality_code":"43205","municipality_pref":"熊本県","municipality_name":"水俣市","municipality_code_method":"food_exact_coord"},"geometry":{"type":"Point","coordinates":[130.398413,32.208081]}},{"type":"Feature","properties":{"layer_id":"cafe_restaurant","name":"松原荘","category":"food","address":"熊本県水俣市大迫要迫1200-1","source":"厚生労働省 食品衛生申請等システム（オープンデータ）","municipality_code":"43205","municipality_pref":"熊本県","municipality_name":"水俣市","municipality_code_method":"food_exact_coord"},"geometry":{"type":"Point","coordinates":[130.428711,32.226122]}},{"type":"Feature","properties":{"layer_id":"cafe_restaurant","name":"Kan缶","category":"food","address":"熊本県水俣市浜町1丁目1-17","source":"厚生労働省 食品衛生申請等システム（オープンデータ）","municipality_code":"43205","municipality_pref":"熊本県","municipality_name":"水俣市","municipality_code_method":"food_exact_coord"},"geometry":{"type":"Point","coordinates":[130.402412,32.210772]}},{"type":"Feature","properties":{"layer_id":"cafe_restaurant","name":"タンポポ","category":"food","address":"熊本県水俣市大園町1‐12‐14","source":"厚生労働省 食品衛生申請等システム（オープンデータ）","municipality_code":"43205","municipality_pref":"熊本県","municipality_name":"水俣市","municipality_code_method":"food_exact_coord"},"geometry":{"type":"Point","coordinates":[130.403874,32.209814]}},{"type":"Feature","properties":{"layer_id":"cafe_restaurant","name":"shop＆cafe　ミナマータ","category":"food","address":"熊本県水俣市月浦５４－１６２","source":"厚生労働省 食品衛生申請等システム（オープンデータ）","municipality_code":"43205","municipality_pref":"熊本県","municipality_name":"水俣市","municipality_code_method":"food_exact_coord"},"geometry":{"type":"Point","coordinates":[130.381844,32.199094]}},{"type":"Feature","properties":{"layer_id":"cafe_restaurant","name":"水俣屋","category":"food","address":"熊本県水俣市桜井町１－１","source":"厚生労働省 食品衛生申請等システム（オープンデータ）","municipality_code":"43205","municipality_pref":"熊本県","municipality_name":"水俣市","municipality_code_method":"food_exact_coord"},"geometry":{"type":"Point","coordinates":[130.395108,32.204199]}},{"type":"Feature","properties":{"layer_id":"cafe_restaurant","name":"鶴の屋","category":"food","address":"熊本県水俣市湯出1421-11","source":"厚生労働省 食品衛生申請等システム（オープンデータ）","municipality_code":"43205","municipality_pref":"熊本県","municipality_name":"水俣市","municipality_code_method":"food_exact_coord"},"geometry":{"type":"Point","coordinates":[130.440791,32.14934]}},{"type":"Feature","properties":{"layer_id":"cafe_restaurant","name":"（株）LEOC山田クリニック事業所","category":"food","address":"熊本県水俣市旭町２丁目２－５","source":"厚生労働省 食品衛生申請等システム（オープンデータ）","municipality_code":"43205","municipality_pref":"熊本県","municipality_name":"水俣市","municipality_code_method":"food_exact_coord"},"geometry":{"type":"Point","coordinates":[130.401978,32.208941]}},{"type":"Feature","properties":{"layer_id":"cafe_restaurant","name":"くつろぎの家　かぜ","category":"food","address":"熊本県水俣市初野２１０－１","source":"厚生労働省 食品衛生申請等システム（オープンデータ）","municipality_code":"43205","municipality_pref":"熊本県","municipality_name":"水俣市","municipality_code_method":"food_exact_coord"},"geometry":{"type":"Point","coordinates":[130.431397,32.210031]}},{"type":"Feature","properties":{"layer_id":"cafe_restaurant","name":"郷土の味処　曽木の瀧","category":"food","address":"熊本県水俣市桜井町三丁目１－２","source":"厚生労働省 食品衛生申請等システム（オープンデータ）","municipality_code":"43205","municipality_pref":"熊本県","municipality_name":"水俣市","municipality_code_method":"food_exact_coord"},"geometry":{"type":"Point","coordinates":[130.396432,32.205979]}},{"type":"Feature","properties":{"layer_id":"cafe_restaurant","name":"たけんこ","category":"food","address":"熊本県水俣市月浦５４－１６２","source":"厚生労働省 食品衛生申請等システム（オープンデータ）","municipality_code":"43205","municipality_pref":"熊本県","municipality_name":"水俣市","municipality_code_method":"food_exact_coord"},"geometry":{"type":"Point","coordinates":[130.381386,32.199177]}},{"type":"Feature","properties":{"layer_id":"cafe_restaurant","name":"ブラッスリーハル","category":"food","address":"熊本県水俣市浜町１丁目１０－３","source":"厚生労働省 食品衛生申請等システム（オープンデータ）","municipality_code":"43205","municipality_pref":"熊本県","municipality_name":"水俣市","municipality_code_method":"food_exact_coord"},"geometry":{"type":"Point","coordinates":[130.40346,32.211767]}},{"type":"Feature","properties":{"layer_id":"cafe_restaurant","name":"寒川水源亭","category":"food","address":"熊本県水俣市久木野579","source":"厚生労働省 食品衛生申請等システム（オープンデータ）","municipality_code":"43205","municipality_pref":"熊本県","municipality_name":"水俣市","municipality_code_method":"food_exact_coord"},"geometry":{"type":"Point","coordinates":[130.538145,32.181629]}},{"type":"Feature","properties":{"layer_id":"cafe_restaurant","name":"サファイア","category":"food","address":"熊本県水俣市浜町１丁目１０ー５ 卓ビル１階","source":"厚生労働省 食品衛生申請等システム（オープンデータ）","municipality_code":"43205","municipality_pref":"熊本県","municipality_name":"水俣市","municipality_code_method":"food_exact_coord"},"geometry":{"type":"Point","coordinates":[130.403689,32.211818]}},{"type":"Feature","properties":{"layer_id":"cafe_restaurant","name":"串屋　長右衛門　水俣","category":"food","address":"熊本県水俣市浜町１丁目９－１７９","source":"厚生労働省 食品衛生申請等システム（オープンデータ）","municipality_code":"43205","municipality_pref":"熊本県","municipality_name":"水俣市","municipality_code_method":"food_exact_coord"},"geometry":{"type":"Point","coordinates":[130.404013,32.211666]}},{"type":"Feature","properties":{"layer_id":"cafe_restaurant","name":"COCO　CAFE","category":"food","address":"熊本県水俣市古賀町1丁目1-1","source":"厚生労働省 食品衛生申請等システム（オープンデータ）","municipality_code":"43205","municipality_pref":"熊本県","municipality_name":"水俣市","municipality_code_method":"food_exact_coord"},"geometry":{"type":"Point","coordinates":[130.399488,32.20941]}},{"type":"Feature","properties":{"layer_id":"cafe_restaurant","name":"水光社　ファミリーレストラン","category":"food","address":"熊本県水俣市古賀町1丁目1-1","source":"厚生労働省 食品衛生申請等システム（オープンデータ）","municipality_code":"43205","municipality_pref":"熊本県","municipality_name":"水俣市","municipality_code_method":"food_exact_coord"},"geometry":{"type":"Point","coordinates":[130.399488,32.20941]}},{"type":"Feature","properties":{"layer_id":"cafe_restaurant","name":"水光社本店　職員食堂","category":"food","address":"熊本県水俣市古賀町1丁目1-1","source":"厚生労働省 食品衛生申請等システム（オープンデータ）","municipality_code":"43205","municipality_pref":"熊本県","municipality_name":"水俣市","municipality_code_method":"food_exact_coord"},"geometry":{"type":"Point","coordinates":[130.399488,32.20941]}},{"type":"Feature","properties":{"layer_id":"cafe_restaurant","name":"ピザ＆カフェ　ピエロ","category":"food","address":"熊本県水俣市大黒町２丁目３－２２","source":"厚生労働省 食品衛生申請等システム（オープンデータ）","municipality_code":"43205","municipality_pref":"熊本県","municipality_name":"水俣市","municipality_code_method":"food_exact_coord"},"geometry":{"type":"Point","coordinates":[130.401977,32.210326]}},{"type":"Feature","properties":{"layer_id":"cafe_restaurant","name":"有限会社あらせ","category":"food","address":"熊本県水俣市栄町２丁目２番７号","source":"厚生労働省 食品衛生申請等システム（オープンデータ）","municipality_code":"43205","municipality_pref":"熊本県","municipality_name":"水俣市","municipality_code_method":"food_exact_coord"},"geometry":{"type":"Point","coordinates":[130.398214,32.210937]}},{"type":"Feature","properties":{"layer_id":"cafe_restaurant","name":"カラオケバスター水俣店","category":"food","address":"熊本県水俣市百間町２丁目５２の３","source":"厚生労働省 食品衛生申請等システム（オープンデータ）","municipality_code":"43205","municipality_pref":"熊本県","municipality_name":"水俣市","municipality_code_method":"food_exact_coord"},"geometry":{"type":"Point","coordinates":[130.388098,32.200069]}},{"type":"Feature","properties":{"layer_id":"cafe_restaurant","name":"喫茶　トムソーヤ","category":"food","address":"熊本県水俣市古賀町１丁目５－１６","source":"厚生労働省 食品衛生申請等システム（オープンデータ）","municipality_code":"43205","municipality_pref":"熊本県","municipality_name":"水俣市","municipality_code_method":"food_exact_coord"},"geometry":{"type":"Point","coordinates":[130.400609,32.209971]}},{"type":"Feature","properties":{"layer_id":"cafe_restaurant","name":"うどんの手打ち　めん太郎","category":"food","address":"熊本県水俣市古賀町１－２－３０","source":"厚生労働省 食品衛生申請等システム（オープンデータ）","municipality_code":"43205","municipality_pref":"熊本県","municipality_name":"水俣市","municipality_code_method":"food_exact_coord"},"geometry":{"type":"Point","coordinates":[130.400225,32.209776]}},{"type":"Feature","properties":{"layer_id":"cafe_restaurant","name":"天宝閣","category":"food","address":"熊本県水俣市大黒町１丁目３－１９","source":"厚生労働省 食品衛生申請等システム（オープンデータ）","municipality_code":"43205","municipality_pref":"熊本県","municipality_name":"水俣市","municipality_code_method":"food_exact_coord"},"geometry":{"type":"Point","coordinates":[130.401738,32.209825]}},{"type":"Feature","properties":{"layer_id":"cafe_restaurant","name":"新茶屋","category":"food","address":"熊本県水俣市桜井町２丁目１－９","source":"厚生労働省 食品衛生申請等システム（オープンデータ）","municipality_code":"43205","municipality_pref":"熊本県","municipality_name":"水俣市","municipality_code_method":"food_exact_coord"},"geometry":{"type":"Point","coordinates":[130.394331,32.204404]}},{"type":"Feature","properties":{"layer_id":"cafe_restaurant","name":"鶴岡食堂","category":"food","address":"熊本県水俣市丸島町２丁目７番１号","source":"厚生労働省 食品衛生申請等システム（オープンデータ）","municipality_code":"43205","municipality_pref":"熊本県","municipality_name":"水俣市","municipality_code_method":"food_exact_coord"},"geometry":{"type":"Point","coordinates":[130.386604,32.213483]}},{"type":"Feature","properties":{"layer_id":"cafe_restaurant","name":"Tiara","category":"food","address":"熊本県水俣市浜町１－１２－２７ 山下ビル２F　３","source":"厚生労働省 食品衛生申請等システム（オープンデータ）","municipality_code":"43205","municipality_pref":"熊本県","municipality_name":"水俣市","municipality_code_method":"food_exact_coord"},"geometry":{"type":"Point","coordinates":[130.404974,32.211651]}},{"type":"Feature","properties":{"layer_id":"cafe_restaurant","name":"福田農場　バレンシア館","category":"food","address":"熊本県水俣市陣内２５２５","source":"厚生労働省 食品衛生申請等システム（オープンデータ）","municipality_code":"43205","municipality_pref":"熊本県","municipality_name":"水俣市","municipality_code_method":"food_exact_coord"},"geometry":{"type":"Point","coordinates":[130.410239,32.2101]}},{"type":"Feature","properties":{"layer_id":"cafe_restaurant","name":"福田農場　グラシア館","category":"food","address":"熊本県水俣市陣内２５２５","source":"厚生労働省 食品衛生申請等システム（オープンデータ）","municipality_code":"43205","municipality_pref":"熊本県","municipality_name":"水俣市","municipality_code_method":"food_exact_coord"},"geometry":{"type":"Point","coordinates":[130.410239,32.2101]}},{"type":"Feature","properties":{"layer_id":"cafe_restaurant","name":"有限会社　昇陽館","category":"food","address":"熊本県水俣市浜上外平４０９８の４０","source":"厚生労働省 食品衛生申請等システム（オープンデータ）","municipality_code":"43205","municipality_pref":"熊本県","municipality_name":"水俣市","municipality_code_method":"food_exact_coord"},"geometry":{"type":"Point","coordinates":[130.41005,32.2255]}},{"type":"Feature","properties":{"layer_id":"cafe_restaurant","name":"たつや","category":"food","address":"熊本県水俣市大黒町１丁目３－３２","source":"厚生労働省 食品衛生申請等システム（オープンデータ）","municipality_code":"43205","municipality_pref":"熊本県","municipality_name":"水俣市","municipality_code_method":"food_exact_coord"},"geometry":{"type":"Point","coordinates":[130.402017,32.209607]}},{"type":"Feature","properties":{"layer_id":"cafe_restaurant","name":"みちしお","category":"food","address":"熊本県水俣市桜井町２－１－４３","source":"厚生労働省 食品衛生申請等システム（オープンデータ）","municipality_code":"43205","municipality_pref":"熊本県","municipality_name":"水俣市","municipality_code_method":"food_exact_coord"},"geometry":{"type":"Point","coordinates":[130.394898,32.205103]}},{"type":"Feature","properties":{"layer_id":"cafe_restaurant","name":"はまぐりあん","category":"food","address":"熊本県水俣市浜町一丁目８－２４","source":"厚生労働省 食品衛生申請等システム（オープンデータ）","municipality_code":"43205","municipality_pref":"熊本県","municipality_name":"水俣市","municipality_code_method":"food_exact_coord"},"geometry":{"type":"Point","coordinates":[130.404725,32.210976]}},{"type":"Feature","properties":{"layer_id":"cafe_restaurant","name":"ワインショップ　　バンボッシュ","category":"food","address":"熊本県水俣市旭町2-3-20","source":"厚生労働省 食品衛生申請等システム（オープンデータ）","municipality_code":"43205","municipality_pref":"熊本県","municipality_name":"水俣市","municipality_code_method":"food_exact_coord"},"geometry":{"type":"Point","coordinates":[130.403052,32.20795]}},{"type":"Feature","properties":{"layer_id":"cafe_restaurant","name":"まごころ弁当","category":"food","address":"熊本県水俣市築地3-1","source":"厚生労働省 食品衛生申請等システム（オープンデータ）","municipality_code":"43205","municipality_pref":"熊本県","municipality_name":"水俣市","municipality_code_method":"food_exact_coord"},"geometry":{"type":"Point","coordinates":[130.40122,32.217768]}},{"type":"Feature","properties":{"layer_id":"cafe_restaurant","name":"なんばん本舗","category":"food","address":"熊本県水俣市昭和町２丁目4-15","source":"厚生労働省 食品衛生申請等システム（オープンデータ）","municipality_code":"43205","municipality_pref":"熊本県","municipality_name":"水俣市","municipality_code_method":"food_exact_coord"},"geometry":{"type":"Point","coordinates":[130.398783,32.208615]}},{"type":"Feature","properties":{"layer_id":"cafe_restaurant","name":"知的障害者援産施設（通所）　わくワークみなまた","category":"food","address":"熊本県水俣市浜松町5番95号","source":"厚生労働省 食品衛生申請等システム（オープンデータ）","municipality_code":"43205","municipality_pref":"熊本県","municipality_name":"水俣市","municipality_code_method":"food_exact_coord"},"geometry":{"type":"Point","coordinates":[130.395068,32.217962]}},{"type":"Feature","properties":{"layer_id":"cafe_restaurant","name":"JNC水俣工場社員クラブ","category":"food","address":"熊本県水俣市昭和町1丁目2-25","source":"厚生労働省 食品衛生申請等システム（オープンデータ）","municipality_code":"43205","municipality_pref":"熊本県","municipality_name":"水俣市","municipality_code_method":"food_exact_coord"},"geometry":{"type":"Point","coordinates":[130.395389,32.205886]}},{"type":"Feature","properties":{"layer_id":"cafe_restaurant","name":"JNC水俣工場食堂","category":"food","address":"熊本県水俣市野口町１番１号","source":"厚生労働省 食品衛生申請等システム（オープンデータ）","municipality_code":"43205","municipality_pref":"熊本県","municipality_name":"水俣市","municipality_code_method":"food_exact_coord"},"geometry":{"type":"Point","coordinates":[130.393889,32.205865]}},{"type":"Feature","properties":{"layer_id":"cafe_restaurant","name":"カラオケＧＲＥＥＮ","category":"food","address":"熊本県水俣市月浦２８０－７","source":"厚生労働省 食品衛生申請等システム（オープンデータ）","municipality_code":"43205","municipality_pref":"熊本県","municipality_name":"水俣市","municipality_code_method":"food_exact_coord"},"geometry":{"type":"Point","coordinates":[130.38519,32.190546]}},{"type":"Feature","properties":{"layer_id":"cafe_restaurant","name":"ファミリーマート水俣大黒店","category":"food","address":"熊本県水俣市大黒町１丁目３－２６","source":"厚生労働省 食品衛生申請等システム（オープンデータ）","municipality_code":"43205","municipality_pref":"熊本県","municipality_name":"水俣市","municipality_code_method":"food_exact_coord"},"geometry":{"type":"Point","coordinates":[130.402096,32.209947]}},{"type":"Feature","properties":{"layer_id":"cafe_restaurant","name":"モンブラン　フジヤ","category":"food","address":"熊本県水俣市大黒町一丁目３番１０号","source":"厚生労働省 食品衛生申請等システム（オープンデータ）","municipality_code":"43205","municipality_pref":"熊本県","municipality_name":"水俣市","municipality_code_method":"food_exact_coord"},"geometry":{"type":"Point","coordinates":[130.400981,32.209449]}},{"type":"Feature","properties":{"layer_id":"cafe_restaurant","name":"酔仙食堂","category":"food","address":"熊本県水俣市桜井町１丁目５－８","source":"厚生労働省 食品衛生申請等システム（オープンデータ）","municipality_code":"43205","municipality_pref":"熊本県","municipality_name":"水俣市","municipality_code_method":"food_exact_coord"},"geometry":{"type":"Point","coordinates":[130.400097,32.207889]}},{"type":"Feature","properties":{"layer_id":"cafe_restaurant","name":"幸乃蔵","category":"food","address":"熊本県水俣市桜井町１丁目４－１２","source":"厚生労働省 食品衛生申請等システム（オープンデータ）","municipality_code":"43205","municipality_pref":"熊本県","municipality_name":"水俣市","municipality_code_method":"food_exact_coord"},"geometry":{"type":"Point","coordinates":[130.399747,32.20744]}},{"type":"Feature","properties":{"layer_id":"cafe_restaurant","name":"水俣市ふれあいセンター","category":"food","address":"熊本県水俣市栄町１－６－１８","source":"厚生労働省 食品衛生申請等システム（オープンデータ）","municipality_code":"43205","municipality_pref":"熊本県","municipality_name":"水俣市","municipality_code_method":"food_exact_coord"},"geometry":{"type":"Point","coordinates":[130.39897,32.208905]}},{"type":"Feature","properties":{"layer_id":"cafe_restaurant","name":"ラーメン亭","category":"food","address":"熊本県水俣市南福寺３番６１号","source":"厚生労働省 食品衛生申請等システム（オープンデータ）","municipality_code":"43205","municipality_pref":"熊本県","municipality_name":"水俣市","municipality_code_method":"food_exact_coord"},"geometry":{"type":"Point","coordinates":[130.408409,32.207213]}},{"type":"Feature","properties":{"layer_id":"cafe_restaurant","name":"喫茶　花","category":"food","address":"熊本県水俣市牧ノ内３番１号（もやい館）","source":"厚生労働省 食品衛生申請等システム（オープンデータ）","municipality_code":"43205","municipality_pref":"熊本県","municipality_name":"水俣市","municipality_code_method":"food_exact_coord"},"geometry":{"type":"Point","coordinates":[130.406903,32.214877]}},{"type":"Feature","properties":{"layer_id":"cafe_restaurant","name":"喫茶えんじん","category":"food","address":"熊本県水俣市桜ケ丘１－７","source":"厚生労働省 食品衛生申請等システム（オープンデータ）","municipality_code":"43205","municipality_pref":"熊本県","municipality_name":"水俣市","municipality_code_method":"food_exact_coord"},"geometry":{"type":"Point","coordinates":[130.404804,32.217171]}},{"type":"Feature","properties":{"layer_id":"cafe_restaurant","name":"こころ薬膳","category":"food","address":"熊本県水俣市平町１丁目３－３","source":"厚生労働省 食品衛生申請等システム（オープンデータ）","municipality_code":"43205","municipality_pref":"熊本県","municipality_name":"水俣市","municipality_code_method":"food_exact_coord"},"geometry":{"type":"Point","coordinates":[130.403684,32.205415]}},{"type":"Feature","properties":{"layer_id":"cafe_restaurant","name":"食彩　チャリクロ","category":"food","address":"熊本県水俣市幸町７－１５","source":"厚生労働省 食品衛生申請等システム（オープンデータ）","municipality_code":"43205","municipality_pref":"熊本県","municipality_name":"水俣市","municipality_code_method":"food_exact_coord"},"geometry":{"type":"Point","coordinates":[130.406327,32.212556]}},{"type":"Feature","properties":{"layer_id":"cafe_restaurant","name":"居酒屋きちんと","category":"food","address":"熊本県水俣市大園町１－３－１","source":"厚生労働省 食品衛生申請等システム（オープンデータ）","municipality_code":"43205","municipality_pref":"熊本県","municipality_name":"水俣市","municipality_code_method":"food_exact_coord"},"geometry":{"type":"Point","coordinates":[130.402455,32.209772]}},{"type":"Feature","properties":{"layer_id":"cafe_restaurant","name":"ぱんやき小屋“こっぺぱん”","category":"food","address":"熊本県水俣市湯出１８８６‐１","source":"厚生労働省 食品衛生申請等システム（オープンデータ）","municipality_code":"43205","municipality_pref":"熊本県","municipality_name":"水俣市","municipality_code_method":"food_exact_coord"},"geometry":{"type":"Point","coordinates":[130.436352,32.135444]}},{"type":"Feature","properties":{"layer_id":"cafe_restaurant","name":"越小場公民館","category":"food","address":"熊本県水俣市越小場８４５‐１","source":"厚生労働省 食品衛生申請等システム（オープンデータ）","municipality_code":"43205","municipality_pref":"熊本県","municipality_name":"水俣市","municipality_code_method":"food_exact_coord"},"geometry":{"type":"Point","coordinates":[130.524201,32.150592]}},{"type":"Feature","properties":{"layer_id":"cafe_restaurant","name":"ゲストハウスＴｏｊｉｙａ","category":"food","address":"熊本県水俣市湯出１５６１－１","source":"厚生労働省 食品衛生申請等システム（オープンデータ）","municipality_code":"43205","municipality_pref":"熊本県","municipality_name":"水俣市","municipality_code_method":"food_exact_coord"},"geometry":{"type":"Point","coordinates":[130.439766,32.148575]}},{"type":"Feature","properties":{"layer_id":"cafe_restaurant","name":"ＪＮＣ株式会社水俣製造所　紫水寮","category":"food","address":"熊本県水俣市築地６－１","source":"厚生労働省 食品衛生申請等システム（オープンデータ）","municipality_code":"43205","municipality_pref":"熊本県","municipality_name":"水俣市","municipality_code_method":"food_exact_coord"},"geometry":{"type":"Point","coordinates":[130.400768,32.218947]}},{"type":"Feature","properties":{"layer_id":"cafe_restaurant","name":"湯宿　鶴水荘","category":"food","address":"熊本県水俣市湯出１５６５","source":"厚生労働省 食品衛生申請等システム（オープンデータ）","municipality_code":"43205","municipality_pref":"熊本県","municipality_name":"水俣市","municipality_code_method":"food_exact_coord"},"geometry":{"type":"Point","coordinates":[130.440232,32.148973]}},{"type":"Feature","properties":{"layer_id":"cafe_restaurant","name":"とんたん","category":"food","address":"熊本県水俣市古賀町1－5－16","source":"厚生労働省 食品衛生申請等システム（オープンデータ）","municipality_code":"43205","municipality_pref":"熊本県","municipality_name":"水俣市","municipality_code_method":"food_exact_coord"},"geometry":{"type":"Point","coordinates":[130.400609,32.209971]}},{"type":"Feature","properties":{"layer_id":"cafe_restaurant","name":"憩いの空間　天使の卵","category":"food","address":"熊本県水俣市浜町１丁目１２-２７ 第２山下ビル３階","source":"厚生労働省 食品衛生申請等システム（オープンデータ）","municipality_code":"43205","municipality_pref":"熊本県","municipality_name":"水俣市","municipality_code_method":"food_exact_coord"},"geometry":{"type":"Point","coordinates":[130.404983,32.211666]}},{"type":"Feature","properties":{"layer_id":"cafe_restaurant","name":"ゝ神","category":"food","address":"熊本県水俣市天神町２丁目２番１１号","source":"厚生労働省 食品衛生申請等システム（オープンデータ）","municipality_code":"43205","municipality_pref":"熊本県","municipality_name":"水俣市","municipality_code_method":"food_exact_coord"},"geometry":{"type":"Point","coordinates":[130.405543,32.21113]}},{"type":"Feature","properties":{"layer_id":"cafe_restaurant","name":"渚のHIMETATSU","category":"food","address":"熊本県水俣市大迫要迫１１９６－２","source":"厚生労働省 食品衛生申請等システム（オープンデータ）","municipality_code":"43205","municipality_pref":"熊本県","municipality_name":"水俣市","municipality_code_method":"food_exact_coord"},"geometry":{"type":"Point","coordinates":[130.428711,32.226122]}},{"type":"Feature","properties":{"layer_id":"cafe_restaurant","name":"スーパーホテル水俣","category":"food","address":"熊本県水俣市大黒町１－１－３８","source":"厚生労働省 食品衛生申請等システム（オープンデータ）","municipality_code":"43205","municipality_pref":"熊本県","municipality_name":"水俣市","municipality_code_method":"food_exact_coord"},"geometry":{"type":"Point","coordinates":[130.399986,32.208648]}},{"type":"Feature","properties":{"layer_id":"cafe_restaurant","name":"STUDIO VEGAN","category":"food","address":"熊本県水俣市平町１丁目３－３７","source":"厚生労働省 食品衛生申請等システム（オープンデータ）","municipality_code":"43205","municipality_pref":"熊本県","municipality_name":"水俣市","municipality_code_method":"food_exact_coord"},"geometry":{"type":"Point","coordinates":[130.402963,32.206215]}},{"type":"Feature","properties":{"layer_id":"cafe_restaurant","name":"まどか園","category":"food","address":"熊本県水俣市月浦２６９番１３","source":"厚生労働省 食品衛生申請等システム（オープンデータ）","municipality_code":"43205","municipality_pref":"熊本県","municipality_name":"水俣市","municipality_code_method":"food_exact_coord"},"geometry":{"type":"Point","coordinates":[130.383577,32.190071]}},{"type":"Feature","properties":{"layer_id":"cafe_restaurant","name":"有限会社　和風三笠","category":"food","address":"熊本県水俣市桜井町１丁目１-３","source":"厚生労働省 食品衛生申請等システム（オープンデータ）","municipality_code":"43205","municipality_pref":"熊本県","municipality_name":"水俣市","municipality_code_method":"food_exact_coord"},"geometry":{"type":"Point","coordinates":[130.395038,32.204605]}},{"type":"Feature","properties":{"layer_id":"cafe_restaurant","name":"Mikaku","category":"food","address":"熊本県水俣市大園町１丁目１０-１","source":"厚生労働省 食品衛生申請等システム（オープンデータ）","municipality_code":"43205","municipality_pref":"熊本県","municipality_name":"水俣市","municipality_code_method":"food_exact_coord"},"geometry":{"type":"Point","coordinates":[130.40341,32.209798]}},{"type":"Feature","properties":{"layer_id":"cafe_restaurant","name":"食処　かしわぎ","category":"food","address":"熊本県水俣市湯出１５３３番地","source":"厚生労働省 食品衛生申請等システム（オープンデータ）","municipality_code":"43205","municipality_pref":"熊本県","municipality_name":"水俣市","municipality_code_method":"food_exact_coord"},"geometry":{"type":"Point","coordinates":[130.439782,32.148272]}},{"type":"Feature","properties":{"layer_id":"cafe_restaurant","name":"どーんず　マーケット","category":"food","address":"熊本県水俣市浜町１丁目１２-２８","source":"厚生労働省 食品衛生申請等システム（オープンデータ）","municipality_code":"43205","municipality_pref":"熊本県","municipality_name":"水俣市","municipality_code_method":"food_exact_coord"},"geometry":{"type":"Point","coordinates":[130.404673,32.211738]}},{"type":"Feature","properties":{"layer_id":"cafe_restaurant","name":"あさひ荘","category":"food","address":"熊本県水俣市湯出１５５９番地の２","source":"厚生労働省 食品衛生申請等システム（オープンデータ）","municipality_code":"43205","municipality_pref":"熊本県","municipality_name":"水俣市","municipality_code_method":"food_exact_coord"},"geometry":{"type":"Point","coordinates":[130.439004,32.148447]}},{"type":"Feature","properties":{"layer_id":"cafe_restaurant","name":"味心　松","category":"food","address":"熊本県水俣市昭和町２丁目４番１３号","source":"厚生労働省 食品衛生申請等システム（オープンデータ）","municipality_code":"43205","municipality_pref":"熊本県","municipality_name":"水俣市","municipality_code_method":"food_exact_coord"},"geometry":{"type":"Point","coordinates":[130.398874,32.20864]}},{"type":"Feature","properties":{"layer_id":"cafe_restaurant","name":"Ｓｔａｒ　Ｄｕｓｔ","category":"food","address":"熊本県水俣市浜町２丁目９-１","source":"厚生労働省 食品衛生申請等システム（オープンデータ）","municipality_code":"43205","municipality_pref":"熊本県","municipality_name":"水俣市","municipality_code_method":"food_exact_coord"},"geometry":{"type":"Point","coordinates":[130.403221,32.211834]}},{"type":"Feature","properties":{"layer_id":"cafe_restaurant","name":"焼鳥　亀万","category":"food","address":"熊本県水俣市大迫１２１３","source":"厚生労働省 食品衛生申請等システム（オープンデータ）","municipality_code":"43205","municipality_pref":"熊本県","municipality_name":"水俣市","municipality_code_method":"food_exact_coord"},"geometry":{"type":"Point","coordinates":[130.416764,32.23374]}},{"type":"Feature","properties":{"layer_id":"cafe_restaurant","name":"株式会社九庵","category":"food","address":"熊本県水俣市陣内１丁目１７番１号","source":"厚生労働省 食品衛生申請等システム（オープンデータ）","municipality_code":"43205","municipality_pref":"熊本県","municipality_name":"水俣市","municipality_code_method":"food_exact_coord"},"geometry":{"type":"Point","coordinates":[130.413604,32.209975]}},{"type":"Feature","properties":{"layer_id":"cafe_restaurant","name":"一心大将","category":"food","address":"熊本県水俣市幸町１３－３","source":"厚生労働省 食品衛生申請等システム（オープンデータ）","municipality_code":"43205","municipality_pref":"熊本県","municipality_name":"水俣市","municipality_code_method":"food_exact_coord"},"geometry":{"type":"Point","coordinates":[130.403371,32.213291]}},{"type":"Feature","properties":{"layer_id":"cafe_restaurant","name":"大川るーぷ亭","category":"food","address":"熊本県水俣市大川５５３－２ （旧大川分校跡）","source":"厚生労働省 食品衛生申請等システム（オープンデータ）","municipality_code":"43205","municipality_pref":"熊本県","municipality_name":"水俣市","municipality_code_method":"food_exact_coord"},"geometry":{"type":"Point","coordinates":[130.568139,32.172457]}},{"type":"Feature","properties":{"layer_id":"cafe_restaurant","name":"洋食処　ブロス.kaneko","category":"food","address":"熊本県水俣市旭町１丁目２－５","source":"厚生労働省 食品衛生申請等システム（オープンデータ）","municipality_code":"43205","municipality_pref":"熊本県","municipality_name":"水俣市","municipality_code_method":"food_exact_coord"},"geometry":{"type":"Point","coordinates":[130.40098,32.208324]}},{"type":"Feature","properties":{"layer_id":"cafe_restaurant","name":"VENATION","category":"food","address":"熊本県水俣市浜町１－８－１４ シティーマンション巴欧１F","source":"厚生労働省 食品衛生申請等システム（オープンデータ）","municipality_code":"43205","municipality_pref":"熊本県","municipality_name":"水俣市","municipality_code_method":"food_exact_coord"},"geometry":{"type":"Point","coordinates":[130.404589,32.21144]}},{"type":"Feature","properties":{"layer_id":"cafe_restaurant","name":"チャイナキッチン　良心亭","category":"food","address":"熊本県水俣市港町２丁目１番１４号","source":"厚生労働省 食品衛生申請等システム（オープンデータ）","municipality_code":"43205","municipality_pref":"熊本県","municipality_name":"水俣市","municipality_code_method":"food_exact_coord"},"geometry":{"type":"Point","coordinates":[130.388501,32.201003]}},{"type":"Feature","properties":{"layer_id":"cafe_restaurant","name":"食茶　かまえ","category":"food","address":"熊本県水俣市石坂川９２９","source":"厚生労働省 食品衛生申請等システム（オープンデータ）","municipality_code":"43205","municipality_pref":"熊本県","municipality_name":"水俣市","municipality_code_method":"food_exact_coord"},"geometry":{"type":"Point","coordinates":[130.491436,32.16436]}},{"type":"Feature","properties":{"layer_id":"cafe_restaurant","name":"さんきち","category":"food","address":"熊本県水俣市桜井町３－２－８","source":"厚生労働省 食品衛生申請等システム（オープンデータ）","municipality_code":"43205","municipality_pref":"熊本県","municipality_name":"水俣市","municipality_code_method":"food_exact_coord"},"geometry":{"type":"Point","coordinates":[130.397183,32.206803]}},{"type":"Feature","properties":{"layer_id":"cafe_restaurant","name":"みなまるキッチン","category":"food","address":"熊本県水俣市大園町１‐１１‐２０ 松本ビル２F","source":"厚生労働省 食品衛生申請等システム（オープンデータ）","municipality_code":"43205","municipality_pref":"熊本県","municipality_name":"水俣市","municipality_code_method":"food_exact_coord"},"geometry":{"type":"Point","coordinates":[130.402973,32.210167]}},{"type":"Feature","properties":{"layer_id":"cafe_restaurant","name":"けんちくとしょかん","category":"food","address":"熊本県水俣市大黒町1丁目1-23","source":"厚生労働省 食品衛生申請等システム（オープンデータ）","municipality_code":"43205","municipality_pref":"熊本県","municipality_name":"水俣市","municipality_code_method":"food_exact_coord"},"geometry":{"type":"Point","coordinates":[130.400787,32.209073]}},{"type":"Feature","properties":{"layer_id":"cafe_restaurant","name":"有限会社　鬼塚日昭堂","category":"food","address":"熊本県水俣市百間町２－１－６","source":"厚生労働省 食品衛生申請等システム（オープンデータ）","municipality_code":"43205","municipality_pref":"熊本県","municipality_name":"水俣市","municipality_code_method":"food_exact_coord"},"geometry":{"type":"Point","coordinates":[130.389273,32.201082]}},{"type":"Feature","properties":{"layer_id":"cafe_restaurant","name":"蜂楽饅頭","category":"food","address":"熊本県水俣市旭町２丁目１番１号","source":"厚生労働省 食品衛生申請等システム（オープンデータ）","municipality_code":"43205","municipality_pref":"熊本県","municipality_name":"水俣市","municipality_code_method":"food_exact_coord"},"geometry":{"type":"Point","coordinates":[130.401539,32.208938]}},{"type":"Feature","properties":{"layer_id":"cafe_restaurant","name":"プランタン","category":"food","address":"熊本県水俣市桜井町３‐３‐３","source":"厚生労働省 食品衛生申請等システム（オープンデータ）","municipality_code":"43205","municipality_pref":"熊本県","municipality_name":"水俣市","municipality_code_method":"food_exact_coord"},"geometry":{"type":"Point","coordinates":[130.398413,32.207562]}},{"type":"Feature","properties":{"layer_id":"cafe_restaurant","name":"矢城食堂","category":"food","address":"熊本県水俣市古賀町1-6-31","source":"厚生労働省 食品衛生申請等システム（オープンデータ）","municipality_code":"43205","municipality_pref":"熊本県","municipality_name":"水俣市","municipality_code_method":"food_exact_coord"},"geometry":{"type":"Point","coordinates":[130.401066,32.210317]}},{"type":"Feature","properties":{"layer_id":"cafe_restaurant","name":"けむり","category":"food","address":"熊本県水俣市幸町３‐２３","source":"厚生労働省 食品衛生申請等システム（オープンデータ）","municipality_code":"43205","municipality_pref":"熊本県","municipality_name":"水俣市","municipality_code_method":"food_exact_coord"},"geometry":{"type":"Point","coordinates":[130.405292,32.212176]}},{"type":"Feature","properties":{"layer_id":"cafe_restaurant","name":"貝汁味処　南里","category":"food","address":"熊本県水俣市袋８４７","source":"厚生労働省 食品衛生申請等システム（オープンデータ）","municipality_code":"43205","municipality_pref":"熊本県","municipality_name":"水俣市","municipality_code_method":"food_exact_coord"},"geometry":{"type":"Point","coordinates":[130.382047,32.181158]}},{"type":"Feature","properties":{"layer_id":"cafe_restaurant","name":"銀の猫","category":"food","address":"熊本県水俣市大黒町１丁目１－３４","source":"厚生労働省 食品衛生申請等システム（オープンデータ）","municipality_code":"43205","municipality_pref":"熊本県","municipality_name":"水俣市","municipality_code_method":"food_exact_coord"},"geometry":{"type":"Point","coordinates":[130.400484,32.208817]}},{"type":"Feature","properties":{"layer_id":"cafe_restaurant","name":"あんちゃん弁当","category":"food","address":"熊本県水俣市浜町1丁目５－１","source":"厚生労働省 食品衛生申請等システム（オープンデータ）","municipality_code":"43205","municipality_pref":"熊本県","municipality_name":"水俣市","municipality_code_method":"food_exact_coord"},"geometry":{"type":"Point","coordinates":[130.402948,32.211335]}},{"type":"Feature","properties":{"layer_id":"cafe_restaurant","name":"炉端焼  丸八","category":"food","address":"熊本県水俣市わらび野1-1","source":"厚生労働省 食品衛生申請等システム（オープンデータ）","municipality_code":"43205","municipality_pref":"熊本県","municipality_name":"水俣市","municipality_code_method":"food_exact_coord"},"geometry":{"type":"Point","coordinates":[130.409023,32.211922]}},{"type":"Feature","properties":{"layer_id":"cafe_restaurant","name":"カフェ　パレット","category":"food","address":"熊本県水俣市栄町1-6-11　2F","source":"厚生労働省 食品衛生申請等システム（オープンデータ）","municipality_code":"43205","municipality_pref":"熊本県","municipality_name":"水俣市","municipality_code_method":"food_exact_coord"},"geometry":{"type":"Point","coordinates":[130.398791,32.209159]}},{"type":"Feature","properties":{"layer_id":"cafe_restaurant","name":"喜楽食堂","category":"food","address":"熊本県水俣市浜町1丁目２－９","source":"厚生労働省 食品衛生申請等システム（オープンデータ）","municipality_code":"43205","municipality_pref":"熊本県","municipality_name":"水俣市","municipality_code_method":"food_exact_coord"},"geometry":{"type":"Point","coordinates":[130.402933,32.210701]}},{"type":"Feature","properties":{"layer_id":"cafe_restaurant","name":"水香","category":"food","address":"熊本県水俣市浜町１丁目１３－１４","source":"厚生労働省 食品衛生申請等システム（オープンデータ）","municipality_code":"43205","municipality_pref":"熊本県","municipality_name":"水俣市","municipality_code_method":"food_exact_coord"},"geometry":{"type":"Point","coordinates":[130.405565,32.211919]}},{"type":"Feature","properties":{"layer_id":"cafe_restaurant","name":"有限会社三村松月堂","category":"food","address":"熊本県水俣市大黒町１丁目１番１号","source":"厚生労働省 食品衛生申請等システム（オープンデータ）","municipality_code":"43205","municipality_pref":"熊本県","municipality_name":"水俣市","municipality_code_method":"food_exact_coord"},"geometry":{"type":"Point","coordinates":[130.399916,32.208221]}},{"type":"Feature","properties":{"layer_id":"cafe_restaurant","name":"小さな居酒屋　ここ。","category":"food","address":"熊本県水俣市桜井町1丁目３－７","source":"厚生労働省 食品衛生申請等システム（オープンデータ）","municipality_code":"43205","municipality_pref":"熊本県","municipality_name":"水俣市","municipality_code_method":"food_exact_coord"},"geometry":{"type":"Point","coordinates":[130.398781,32.20693]}},{"type":"Feature","properties":{"layer_id":"cafe_restaurant","name":"喫茶工房　レウリーレ","category":"food","address":"熊本県水俣市栄町２－３－８","source":"厚生労働省 食品衛生申請等システム（オープンデータ）","municipality_code":"43205","municipality_pref":"熊本県","municipality_name":"水俣市","municipality_code_method":"food_exact_coord"},"geometry":{"type":"Point","coordinates":[130.398732,32.210034]}},{"type":"Feature","properties":{"layer_id":"cafe_restaurant","name":"有木田頭集落センター","category":"food","address":"熊本県水俣市古里928番地","source":"厚生労働省 食品衛生申請等システム（オープンデータ）","municipality_code":"43205","municipality_pref":"熊本県","municipality_name":"水俣市","municipality_code_method":"food_exact_coord"},"geometry":{"type":"Point","coordinates":[130.550857,32.164882]}},{"type":"Feature","properties":{"layer_id":"cafe_restaurant","name":"アマンド","category":"food","address":"熊本県水俣市桜井町１－４－３","source":"厚生労働省 食品衛生申請等システム（オープンデータ）","municipality_code":"43205","municipality_pref":"熊本県","municipality_name":"水俣市","municipality_code_method":"food_exact_coord"},"geometry":{"type":"Point","coordinates":[130.399024,32.207327]}},{"type":"Feature","properties":{"layer_id":"cafe_restaurant","name":"交流スペース　にじいろ","category":"food","address":"熊本県水俣市桜井町１丁目２－１２","source":"厚生労働省 食品衛生申請等システム（オープンデータ）","municipality_code":"43205","municipality_pref":"熊本県","municipality_name":"水俣市","municipality_code_method":"food_exact_coord"},"geometry":{"type":"Point","coordinates":[130.397538,32.206175]}},{"type":"Feature","properties":{"layer_id":"cafe_restaurant","name":"おるがんとドーナツ店","category":"food","address":"熊本県水俣市桜井町１丁目１－１","source":"厚生労働省 食品衛生申請等システム（オープンデータ）","municipality_code":"43205","municipality_pref":"熊本県","municipality_name":"水俣市","municipality_code_method":"food_exact_coord"},"geometry":{"type":"Point","coordinates":[130.395546,32.204798]}},{"type":"Feature","properties":{"layer_id":"cafe_restaurant","name":"マクドナルド３号線水俣店","category":"food","address":"熊本県水俣市昭和町１丁目１－１４","source":"厚生労働省 食品衛生申請等システム（オープンデータ）","municipality_code":"43205","municipality_pref":"熊本県","municipality_name":"水俣市","municipality_code_method":"food_exact_coord"},"geometry":{"type":"Point","coordinates":[130.393913,32.204879]}},{"type":"Feature","properties":{"layer_id":"cafe_restaurant","name":"温泉　いわさき","category":"food","address":"熊本県水俣市大迫1215-2","source":"厚生労働省 食品衛生申請等システム（オープンデータ）","municipality_code":"43205","municipality_pref":"熊本県","municipality_name":"水俣市","municipality_code_method":"food_exact_coord"},"geometry":{"type":"Point","coordinates":[130.416681,32.233152]}},{"type":"Feature","properties":{"layer_id":"cafe_restaurant","name":"食事の店　味","category":"food","address":"熊本県水俣市大黒町１丁目１－２４","source":"厚生労働省 食品衛生申請等システム（オープンデータ）","municipality_code":"43205","municipality_pref":"熊本県","municipality_name":"水俣市","municipality_code_method":"food_exact_coord"},"geometry":{"type":"Point","coordinates":[130.400855,32.208977]}},{"type":"Feature","properties":{"layer_id":"cafe_restaurant","name":"炉端焼　山賊","category":"food","address":"熊本県水俣市浜町１丁目８番１８号","source":"厚生労働省 食品衛生申請等システム（オープンデータ）","municipality_code":"43205","municipality_pref":"熊本県","municipality_name":"水俣市","municipality_code_method":"food_exact_coord"},"geometry":{"type":"Point","coordinates":[130.404988,32.211337]}},{"type":"Feature","properties":{"layer_id":"cafe_restaurant","name":"味千拉麺　水俣店","category":"food","address":"熊本県水俣市港町２丁目２番５号","source":"厚生労働省 食品衛生申請等システム（オープンデータ）","municipality_code":"43205","municipality_pref":"熊本県","municipality_name":"水俣市","municipality_code_method":"food_exact_coord"},"geometry":{"type":"Point","coordinates":[130.387859,32.200976]}},{"type":"Feature","properties":{"layer_id":"cafe_restaurant","name":"味処　池田屋","category":"food","address":"熊本県水俣市浜町１丁目５－８","source":"厚生労働省 食品衛生申請等システム（オープンデータ）","municipality_code":"43205","municipality_pref":"熊本県","municipality_name":"水俣市","municipality_code_method":"food_exact_coord"},"geometry":{"type":"Point","coordinates":[130.403345,32.211466]}},{"type":"Feature","properties":{"layer_id":"cafe_restaurant","name":"Hana","category":"food","address":"熊本県水俣市桜井町１丁目３－７","source":"厚生労働省 食品衛生申請等システム（オープンデータ）","municipality_code":"43205","municipality_pref":"熊本県","municipality_name":"水俣市","municipality_code_method":"food_exact_coord"},"geometry":{"type":"Point","coordinates":[130.398788,32.206936]}},{"type":"Feature","properties":{"layer_id":"cafe_restaurant","name":"洋風酒房　ビッグマリーⅢ","category":"food","address":"熊本県水俣市浜町1丁目２－２４　１F","source":"厚生労働省 食品衛生申請等システム（オープンデータ）","municipality_code":"43205","municipality_pref":"熊本県","municipality_name":"水俣市","municipality_code_method":"food_exact_coord"},"geometry":{"type":"Point","coordinates":[130.40353,32.21062]}},{"type":"Feature","properties":{"layer_id":"public_facilities","name":"高齢者福祉センター","category":"public","address":"水俣市洗切町1-1","source":"国土交通省 国土数値情報","municipality_code":"43205","municipality_pref":"熊本県","municipality_name":"水俣市","municipality_code_method":"source_exact_coord"},"geometry":{"type":"Point","coordinates":[130.4008957,32.213562859999996]}},{"type":"Feature","properties":{"layer_id":"public_facilities","name":"ふれあいセンター","category":"public","address":"水俣市栄町1-6-18オズビル","source":"国土交通省 国土数値情報","municipality_code":"43205","municipality_pref":"熊本県","municipality_name":"水俣市","municipality_code_method":"source_exact_coord"},"geometry":{"type":"Point","coordinates":[130.3989793,32.20893783]}},{"type":"Feature","properties":{"layer_id":"public_facilities","name":"文化会館","category":"public","address":"水俣市牧ノ内8-1","source":"国土交通省 国土数値情報","municipality_code":"43205","municipality_pref":"熊本県","municipality_name":"水俣市","municipality_code_method":"source_exact_coord"},"geometry":{"type":"Point","coordinates":[130.406701,32.215957]}},{"type":"Feature","properties":{"layer_id":"public_facilities","name":"総合体育館本館","category":"public","address":"水俣市中央公園1","source":"国土交通省 国土数値情報","municipality_code":"43205","municipality_pref":"熊本県","municipality_name":"水俣市","municipality_code_method":"source_exact_coord"},"geometry":{"type":"Point","coordinates":[130.407064,32.208664]}},{"type":"Feature","properties":{"layer_id":"public_facilities","name":"水俣市公民館分館","category":"public","address":"水俣市洗切町1-1","source":"国土交通省 国土数値情報","municipality_code":"43205","municipality_pref":"熊本県","municipality_name":"水俣市","municipality_code_method":"source_exact_coord"},"geometry":{"type":"Point","coordinates":[130.4008957,32.21354286]}},{"type":"Feature","properties":{"layer_id":"public_facilities","name":"総合体育館","category":"public","address":"水俣市袋933-外","source":"国土交通省 国土数値情報","municipality_code":"43205","municipality_pref":"熊本県","municipality_name":"水俣市","municipality_code_method":"source_exact_coord"},"geometry":{"type":"Point","coordinates":[130.38545,32.17777]}},{"type":"Feature","properties":{"layer_id":"public_facilities","name":"武道館","category":"public","address":"水俣市八幡町3-9-2","source":"国土交通省 国土数値情報","municipality_code":"43205","municipality_pref":"熊本県","municipality_name":"水俣市","municipality_code_method":"source_exact_coord"},"geometry":{"type":"Point","coordinates":[130.402285,32.217752]}},{"type":"Feature","properties":{"layer_id":"public_facilities","name":"水俣市公民館","category":"public","address":"水俣市浜町2-10-26","source":"国土交通省 国土数値情報","municipality_code":"43205","municipality_pref":"熊本県","municipality_name":"水俣市","municipality_code_method":"source_exact_coord"},"geometry":{"type":"Point","coordinates":[130.403176,32.21293]}},{"type":"Feature","properties":{"layer_id":"public_facilities","name":"南部館サン・ビレッジみなまた","category":"public","address":"水俣市袋933-外","source":"国土交通省 国土数値情報","municipality_code":"43205","municipality_pref":"熊本県","municipality_name":"水俣市","municipality_code_method":"source_exact_coord"},"geometry":{"type":"Point","coordinates":[130.38544,32.17777]}},{"type":"Feature","properties":{"layer_id":"public_facilities","name":"水俣市役所","category":"public","address":"水俣市陣内1-1-1","source":"国土交通省 国土数値情報","municipality_code":"43205","municipality_pref":"熊本県","municipality_name":"水俣市","municipality_code_method":"source_exact_coord"},"geometry":{"type":"Point","coordinates":[130.408725,32.211883]}},{"type":"Feature","properties":{"layer_id":"public_facilities","name":"久木野ふるさとセンター","category":"public","address":"水俣市久木野1071-4","source":"国土交通省 国土数値情報","municipality_code":"43205","municipality_pref":"熊本県","municipality_name":"水俣市","municipality_code_method":"source_exact_coord"},"geometry":{"type":"Point","coordinates":[130.5277404,32.17196718]}},{"type":"Feature","properties":{"layer_id":"public_facilities","name":"勤労青少年ホーム","category":"public","address":"水俣市洗切町1-1","source":"国土交通省 国土数値情報","municipality_code":"43205","municipality_pref":"熊本県","municipality_name":"水俣市","municipality_code_method":"source_exact_coord"},"geometry":{"type":"Point","coordinates":[130.400826,32.213546]}},{"type":"Feature","properties":{"layer_id":"public_facilities","name":"総合もやい直しセンターもやい館","category":"public","address":"水俣市牧ノ内3-1","source":"国土交通省 国土数値情報","municipality_code":"43205","municipality_pref":"熊本県","municipality_name":"水俣市","municipality_code_method":"source_exact_coord"},"geometry":{"type":"Point","coordinates":[130.407012,32.214854]}},{"type":"Feature","properties":{"layer_id":"public_facilities","name":"東部センター","category":"public","address":"水俣市葛渡67-1","source":"国土交通省 国土数値情報","municipality_code":"43205","municipality_pref":"熊本県","municipality_name":"水俣市","municipality_code_method":"source_exact_coord"},"geometry":{"type":"Point","coordinates":[130.4594994,32.17317672]}},{"type":"Feature","properties":{"layer_id":"public_facilities","name":"南部もやい直しセンターおれんじ館","category":"public","address":"水俣市月浦195-2","source":"国土交通省 国土数値情報","municipality_code":"43205","municipality_pref":"熊本県","municipality_name":"水俣市","municipality_code_method":"source_exact_coord"},"geometry":{"type":"Point","coordinates":[130.382556,32.188784]}},{"type":"Feature","properties":{"layer_id":"public_facilities","name":"こどもセンター","category":"public","address":"水俣市陣内2-16-17","source":"国土交通省 国土数値情報","municipality_code":"43205","municipality_pref":"熊本県","municipality_name":"水俣市","municipality_code_method":"source_exact_coord"},"geometry":{"type":"Point","coordinates":[130.409731,32.20931298]}},{"type":"Feature","properties":{"layer_id":"scenic_nature_areas","name":"自然公園特別地域","category":"nature","source":"国土交通省 国土数値情報","municipality_code":"43205","municipality_pref":"熊本県","municipality_name":"水俣市","municipality_code_method":"nearest_centroid","resource_class":"自然公園特別地域","source_dataset_code":"A10"},"geometry":{"type":"Polygon","coordinates":[[[130.4039030753167,32.234611005210176],[130.40392307533966,32.2345210046571],[130.40395007478614,32.2344990054412],[130.40400907480898,32.23448700488782],[130.40409607522372,32.234454005164665],[130.40423507533848,32.23444200461128],[130.40429407536132,32.234425004726646],[130.40436807517654,32.23438000534942],[130.4044930746457,32.23437500511885],[130.40461907506028,32.23434600468083],[130.4046751716704,32.23435021211577],[130.40589699614324,32.23390113274879],[130.40590507500923,32.233890005236006],[130.40586507496326,32.23382800507483],[130.40593807473238,32.23373800542107],[130.4059244464061,32.23371226142818],[130.40591107528593,32.23368700486784],[130.40594407500907,32.233636005213924],[130.40601807482432,32.23355700516811],[130.40605707482416,32.233546004660845],[130.4061100745703,32.233546004660845],[130.40614307519277,32.23353500505289],[130.4061819681733,32.23353848812718],[130.40643300043266,32.23329000004992],[130.40650700024787,32.233217000280796],[130.40670300029325,32.23289499982084],[130.40669700001655,32.232491000076045],[130.40655899994792,32.2322180000771],[130.40656700031684,32.232172999800554],[130.4064379997639,32.231960999916666],[130.4063520002946,32.23125899991937],[130.40623700038728,32.23111000024277],[130.40617300013386,32.231027000012496],[130.4057719996281,32.23107400038127],[130.40494500016166,32.2311050000122],[130.40403899975007,32.23094399978222],[130.40368499961306,32.23071399996758],[130.40349900002886,32.230274000361284],[130.40261699982472,32.2300069997397],[130.40267899998588,32.22911199983538],[130.4022219995956,32.228775999629136],[130.4017090002202,32.22803699972421],[130.40152599987502,32.22754899970303],[130.40068899994742,32.226961999613046],[130.39983500013517,32.22684300042059],[130.39974100029696,32.22685600012076],[130.39930900016026,32.22691300005137],[130.39762599989,32.22671900009823],[130.3976049998209,32.22697500021255],[130.39855799970195,32.22700699988959],[130.39891199983893,32.227152000281045],[130.3988669995624,32.227492999818544],[130.39776199986642,32.22744100011852],[130.39734000019087,32.22772299963318],[130.3967889999624,32.22774999997897],[130.3963789999409,32.2276170001409],[130.39600499978093,32.227495999956886],[130.39517500017612,32.227334999726914],[130.39521600026822,32.22678100025941],[130.39556099999018,32.22639300035314],[130.3957030002433,32.225837999940204],[130.3962500002873,32.22549100012601],[130.39585500005822,32.22501000042763],[130.3953209997144,32.225088999574126],[130.39503299992302,32.22524899975799],[130.39474900031612,32.225724000079],[130.39459799964797,32.226241999684994],[130.39431400004108,32.22667199972946],[130.39424100027196,32.22705400025836],[130.39424580587817,32.22737794082189],[130.39447974013714,32.22742841567809],[130.39449907602156,32.22743000500718],[130.39450936937766,32.227434808635074],[130.39466785824789,32.22746900500703],[130.3946780761823,32.22746900500703],[130.39478407567458,32.22749200516836],[130.39491707641196,32.227520004660946],[130.39492283877254,32.22752402091352],[130.39511278616413,32.22756500493748],[130.3952750758341,32.22756500493748],[130.39534807560324,32.22758200482212],[130.39544007624855,32.22758200482212],[130.39555307606363,32.22763300537535],[130.3956590755559,32.227667005144625],[130.3957044326714,32.22769266162405],[130.39760084706012,32.22810184172442],[130.39766107614776,32.22809000486629],[130.39770007614763,32.2281120049815],[130.39774007619357,32.22812400463556],[130.39774588641745,32.22813313616045],[130.397749933203,32.22813400931567],[130.39781307596272,32.2281120049815],[130.39781307596272,32.22809500509686],[130.3978260756629,32.228078005212225],[130.39786607570883,32.2280840045896],[130.39794607580077,32.22812400463556],[130.39805807556976,32.22813500514283],[130.39815107626117,32.22813500514283],[130.39822407603032,32.22815200502747],[130.3984230753147,32.228146004750776],[130.3984960750838,32.228146004750776],[130.39859507515263,32.22816300463541],[130.3987210746679,32.22816300463541],[130.39874707496756,32.22818000541937],[130.39874107469086,32.228208004911956],[130.39882707505947,32.22824200468123],[130.39887307538214,32.2282470049118],[130.3989200748516,32.22828700495777],[130.39897907487443,32.22837200528028],[130.3990260752432,32.228422004888074],[130.39908507526604,32.228422004888074],[130.39916507535796,32.228512005441154],[130.39923107480428,32.22856900537175],[130.39929807519604,32.22862500525624],[130.39933609583417,32.22870435244037],[130.39934407461936,32.2287210051867],[130.39939007494203,32.22877700507118],[130.3994030746422,32.22892900488612],[130.39946307471115,32.22897400516266],[130.39946307471115,32.229019005439206],[130.39944307468818,32.22910400486239],[130.39949007505695,32.22916100479299],[130.39949607533362,32.22927900483866],[130.3995560754026,32.22934700527653],[130.3995430748031,32.229420005045654],[130.39956307482606,32.22950400532204],[130.39948811571332,32.22957802740372],[130.39990981552023,32.230492951275835],[130.40006007526227,32.23059200513339],[130.40017907535406,32.23068200478715],[130.4004180746844,32.23080700515562],[130.40044407498408,32.23086800527068],[130.4004510753069,32.230891005432014],[130.40045707468425,32.23090800531665],[130.40045707468425,32.230925005201286],[130.4004180746844,32.2309700045785],[130.4004310752839,32.231077005016225],[130.4004240749611,32.231173004946676],[130.40044407498408,32.231178005177256],[130.4004310752839,32.23119000483131],[130.40047707470725,32.2312460047158],[130.4005370747762,32.23131400515367],[130.40056307507587,32.23131900538424],[130.4005500753757,32.23133100503831],[130.40057607477604,32.23135300515352],[130.40059607479904,32.231359005430214],[130.400616074822,32.2313810046461],[130.40076907468307,32.2314720052453],[130.4008350750287,32.23156700512964],[130.40090107537435,32.2316570047834],[130.40087507507468,32.231708005336635],[130.4008410753054,32.23181600492114],[130.4008410753054,32.23184400531305],[130.40084049704132,32.23184538397375],[130.40081507500574,32.23190600457491],[130.40079507498274,32.23205200501248],[130.40079507498274,32.23215900455087],[130.4008080746829,32.232176005334836],[130.4008080746829,32.2322160053808],[130.4008280747059,32.232266004988595],[130.40090107537435,32.232329005195886],[130.4009480748438,32.23236800519574],[130.40101407518944,32.23246900535677],[130.40109307523525,32.23253700489531],[130.4011400747047,32.23261600494113],[130.40117907470454,32.232667004595044],[130.40120607505034,32.232734004986796],[130.4012530754191,32.23277400503276],[130.40131907486543,32.232796005147975],[130.4013284143249,32.232798014233424],[130.40139807491124,32.23281300503261],[130.40157107479527,32.232921004617126],[130.40164407456442,32.233016005400785],[130.4017490749099,32.233061004778],[130.40178307467917,32.23308400493933],[130.40183607532464,32.233106005054545],[130.40190207477096,32.233163004985144],[130.40194207481693,32.23320800526169],[130.4019620748399,32.233231005423015],[130.40200107483975,32.23327000542287],[130.40213407467783,32.233388004569214],[130.40214707527733,32.23349500500693],[130.40222607532314,32.2335630054448],[130.4022660753691,32.233642004591296],[130.4022790750693,32.23369200509841],[130.40231907511523,32.23378300479829],[130.40233305417712,32.23390083217412],[130.40233307486153,32.23390100484396],[130.40233667304904,32.23390591154504],[130.4023660745847,32.233946005120494],[130.40241207490735,32.233986005166464],[130.40243207493035,32.234031005443],[130.40244249987148,32.234054460661284],[130.4024720749763,32.23412100509676],[130.40248507467646,32.234144005258095],[130.4024650746535,32.234200005142576],[130.402478075253,32.23422800463516],[130.402478075253,32.234262005303755],[130.40248507467646,32.234296005073034],[130.40251107497616,32.23435800523421],[130.40251807529896,32.23438000534942],[130.40251807529896,32.234408004842],[130.40251107497616,32.23444800488797],[130.40252507472243,32.234454005164665],[130.40251107497616,32.23446500477261],[130.40250507469946,32.23450400477246],[130.4024920749993,32.2345210046571],[130.4024720749763,32.234577005440904],[130.4024650746535,32.23464500497945],[130.40243907525314,32.23466200486409],[130.40245807523002,32.23468500502542],[130.40243207493035,32.23472400502527],[130.40240607463065,32.234797004794395],[130.40233307486153,32.23484800534762],[130.40231307483856,32.234955004886025],[130.40225307476962,32.23502900470126],[130.4022790750693,32.23507900520838],[130.4022660753691,32.23509100486244],[130.4022600750924,32.23513600513898],[130.4022600750924,32.2351520049775],[130.4022659835673,32.235235704829584],[130.4038862106569,32.23464019330405],[130.4039030753167,32.234611005210176]]]}},{"type":"Feature","properties":{"layer_id":"scenic_nature_areas","name":"自然公園特別地域","category":"nature","source":"国土交通省 国土数値情報","municipality_code":"43205","municipality_pref":"熊本県","municipality_name":"水俣市","municipality_code_method":"nearest_centroid","resource_class":"自然公園特別地域","source_dataset_code":"A10"},"geometry":{"type":"Polygon","coordinates":[[[130.3721720765956,32.18365400513532],[130.37221207664157,32.18367600525053],[130.37228507731004,32.18360300458209],[130.37235107675636,32.18360300458209],[130.372417077102,32.18363100497399],[130.37255007694006,32.183552004928174],[130.37262907698587,32.18358100536619],[130.37268307677812,32.18354100532023],[130.3727160774006,32.18353100485908],[130.3727877380277,32.18354551824891],[130.3744180143867,32.182527683618986],[130.37441207737103,32.182470005393526],[130.37436607704836,32.18240800523235],[130.37435894279525,32.18232787999387],[130.3738454155662,32.1818105902668],[130.37379607684304,32.18180500530384],[130.37378907741956,32.18179400479657],[130.37375607679706,32.18178800541921],[130.3737360767741,32.181771004635245],[130.37372307707392,32.18172600525803],[130.37367007732777,32.18172000498134],[130.37359107728196,32.18165300458958],[130.37356407693616,32.18160800521236],[130.37350407686722,32.181557004659126],[130.3734110770751,32.18155100528176],[130.37335207705226,32.18154000477449],[130.37331207700632,32.18151200528191],[130.37328607670662,32.18148900512058],[130.3731330768456,32.18142200472882],[130.3730210770766,32.181360004567644],[130.37298107703063,32.181360004567644],[130.3729940767308,32.18134800491359],[130.3730140767538,32.18134800491359],[130.3729410769847,32.181320005421],[130.37290107693872,32.18131400514431],[130.37284107686975,32.18126400463719],[130.37281507657008,32.18123600514461],[130.37275507740046,32.18120700470659],[130.3727290771008,32.18114000521416],[130.3727160774006,32.18112600456855],[130.37267607735464,32.18109500493762],[130.3726090769629,32.18109500493762],[130.3726090769629,32.181083005283554],[130.37253707723988,32.181083005283554],[130.3725170772169,32.18106600539892],[130.3725170772169,32.181055004891654],[130.37245707714794,32.18104900461496],[130.37245107687127,32.180965005237894],[130.3724240774248,32.18092600523804],[130.3724040774018,32.180909005353406],[130.3723910768023,32.18087500468481],[130.37235807707916,32.180835004638844],[130.37235807707916,32.18072800510045],[130.37231807703319,32.18069400533117],[130.37231807703319,32.18066100470869],[130.37224507726407,32.180593005170145],[130.37223207666457,32.18050300461706],[130.3721720765956,32.18045200496315],[130.37215907689543,32.18033400491748],[130.3720990768265,32.18029400487152],[130.37205307740317,32.180221005102396],[130.37202007678067,32.1801080052873],[130.3719860770114,32.180091005402666],[130.37196707703453,32.180063005010766],[130.3719000766428,32.18003500461886],[130.37185407721944,32.17999600461901],[130.37176807685083,32.17992200480377],[130.37172107738138,32.17987700542655],[130.37168207738154,32.179804004758104],[130.3716750770587,32.17978100459678],[130.37164807671292,32.17973600521955],[130.3715890766901,32.17970800482765],[130.37153607694395,32.17966300455111],[130.371476076875,32.17957800512792],[130.3714030771059,32.179562005289405],[130.3713970768292,32.179522005243435],[130.37133107738288,32.17942600531298],[130.37124407696814,32.17941500480572],[130.3711780766225,32.17931900487527],[130.3710720771302,32.179280004875416],[130.37097307706142,32.179144004898994],[130.37091307699248,32.17909900462246],[130.3707940769007,32.17897500519942],[130.37069407678578,32.178970004968846],[130.37064107703964,32.17888500464634],[130.3705880772935,32.17885700515375],[130.370575076694,32.17882900476185],[130.37052207694785,32.178806004600524],[130.37048207690188,32.17875500494661],[130.3703960774326,32.17869900506212],[130.37032307676415,32.178654004785585],[130.370270077018,32.178586005247034],[130.37025707731783,32.17856400513182],[130.3701770772259,32.178552004578435],[130.37009807718007,32.17847400457874],[130.3699720767655,32.17844500504004],[130.36994507731902,32.178338004602324],[130.36990607731917,32.17831600538643],[130.36989537178954,32.1783136257803],[130.36987899963168,32.178318000082726],[130.36931599974915,32.17838899975962],[130.36872600042014,32.17832999973679],[130.36858100002868,32.17827599994453],[130.368512000444,32.177722999623825],[130.36827700039882,32.177376999855746],[130.36791399984676,32.17714199981053],[130.36729800021809,32.1770180003875],[130.36652899982903,32.17704599988008],[130.3663330780247,32.177064005206766],[130.36630707772503,32.17707500481471],[130.3662767756103,32.17709615916973],[130.3655846301405,32.17811481232258],[130.36568407777352,32.178124004626206],[130.36565807837317,32.17819200506407],[130.36562407770458,32.178242004671866],[130.3653260783514,32.17869300478543],[130.36517951583755,32.178840531372515],[130.36517407763714,32.17884600464649],[130.3650080780759,32.17898600480736],[130.36487507823782,32.17904900501466],[130.36472907780026,32.17908200473782],[130.36466307835394,32.17904900501466],[130.36466307835394,32.1790370053606],[130.3645970780083,32.179054005245234],[130.36450407821619,32.17904900501466],[130.36448407819321,32.1790370053606],[130.36445107757072,32.17904300473797],[130.36438507812443,32.17907700540656],[130.36424607800964,32.17902000457664],[130.36409307814858,32.17899800536075],[130.36401407810277,32.17898100457679],[130.36391407798786,32.17898100457679],[130.3638020782189,32.178930004922876],[130.36376807844962,32.17894100543015],[130.3636760778043,32.178896005153604],[130.36351707766656,32.17891300503824],[130.3634700781971,32.17889100492303],[130.36342407787444,32.17887900526897],[130.36335107810532,32.17884600464649],[130.36330407773656,32.178840005269116],[130.36321907831336,32.17879500499258],[130.36318507764477,32.178812004877216],[130.3630730778758,32.178812004877216],[130.36299307778387,32.178772004831245],[130.36299207507693,32.17877152897913],[130.361539,32.178784],[130.36021966185152,32.1805357548372],[130.3602230777484,32.180553005124175],[130.36019007802523,32.18061000505478],[130.36019007802523,32.18065500533132],[130.36017607827895,32.18063200516999],[130.36017607827895,32.180745004985084],[130.36020307772543,32.18078500503105],[130.36019007802523,32.180807005146264],[130.36016307767946,32.18084700519223],[130.36017007800226,32.180931004569295],[130.36020307772543,32.180993004730475],[130.36019007802523,32.181061005168345],[130.36020307772543,32.18111200482225],[130.36025607837087,32.18117900521401],[130.36027607839387,32.18119600509865],[130.36025607837087,32.18122400459123],[130.36026907807104,32.181252004983136],[130.36026907807104,32.181281005421155],[130.36025607837087,32.181281005421155],[130.36026307779437,32.181309004913736],[130.36027607839387,32.181320005421],[130.36028907809404,32.18135400519028],[130.36028907809404,32.18138800495955],[130.3603220778172,32.18144400484404],[130.3603420778402,32.18148900512058],[130.36039507758633,32.18153400539712],[130.3604150776093,32.18155100528176],[130.36040207790913,32.18164700521221],[130.36044107790897,32.181714004704645],[130.36046107793197,32.181776004865824],[130.36048107795494,32.18178800541921],[130.36046807825477,32.18179300475046],[130.36052107800091,32.18186100518833],[130.3605280783237,32.18192300534951],[130.3605280783237,32.181962005349355],[130.36056107804689,32.18200800477269],[130.3606200780697,32.1820360051646],[130.36062707839253,32.18209800532578],[130.36066707843847,32.18213200509505],[130.36070607843834,32.18214300470299],[130.36075907818446,32.18214300470299],[130.36078969110693,32.182150169601734],[130.36080607765393,32.182154005210265],[130.3608260776769,32.18214300470299],[130.36088607774585,32.182149004979685],[130.36097807839116,32.18216000458763],[130.36101807843713,32.18211500521041],[130.36104407783748,32.182120005440986],[130.36106407786048,32.18213200509505],[130.36111807765272,32.18213700532562],[130.3611370776296,32.182154005210265],[130.36127607774435,32.18208100544114],[130.3613560778363,32.18212600481836],[130.36148207825087,32.18208100544114],[130.36153507799702,32.18210400470314],[130.36155324160438,32.18211159228325],[130.36161407804283,32.18213700532562],[130.36166639160624,32.182089754046004],[130.36170707783492,32.182053005049234],[130.36175094226772,32.18207343494815],[130.36178007760407,32.182087004818506],[130.36183099002372,32.18205798549472],[130.36188007771898,32.182030004887906],[130.36194058050893,32.18203528660628],[130.36200607813356,32.18204100539517],[130.3620164167398,32.18201915726539],[130.3620590778797,32.181929004726875],[130.36216507827132,32.18192300534951],[130.36227107776358,32.1818950049576],[130.36241007787834,32.18192300534951],[130.36248307764748,32.18188400534966],[130.36249607824698,32.18181100468121],[130.36261507833876,32.18181100468121],[130.36277407757717,32.18185000468106],[130.36289407771508,32.181872004796276],[130.3629800780837,32.18191700507282],[130.36304607842933,32.18197900523399],[130.36321207799057,32.18226700502535],[130.36321444230822,32.18228040402452],[130.36321807826727,32.182301004794624],[130.36315907824442,32.18235200534786],[130.3631710778985,32.18237500460987],[130.36313907822145,32.18242500511698],[130.36315429409188,32.182532277037794],[130.3632002995727,32.18260100424822],[130.36321207799057,32.182611004701194],[130.3632101998042,32.18261579412287],[130.36380231013595,32.183500342890724],[130.36383507794204,32.18348500543574],[130.3638880776882,32.183496005043686],[130.36394807775713,32.18341700499787],[130.36394643469578,32.18341190943916],[130.36392807773416,32.18335500483669],[130.363993857334,32.18325434248239],[130.36399392034608,32.18325373595093],[130.363967077734,32.18320800525233],[130.36393407801086,32.18319700474506],[130.36393407801086,32.183152005367845],[130.3639080777112,32.1831070050913],[130.36390107828768,32.183028005045486],[130.36387407794192,32.18298300476894],[130.36387407794192,32.182927004884455],[130.36390107828768,32.18285300506922],[130.36383507794204,32.182780005300096],[130.3638020782189,32.18272400541561],[130.36384807764222,32.18263300481641],[130.36380807759627,32.182560005047286],[130.36386107824174,32.18241400460972],[130.3637750778731,32.18229500541726],[130.36387407794192,32.18219900458748],[130.36383507794204,32.18210900493372],[130.3638940779649,32.182025004657326],[130.36384807764222,32.18193500500357],[130.36394107833365,32.181872004796276],[130.36392807773416,32.1817600050273],[130.3639940780798,32.18169200458943],[130.36398107837962,32.181619004820305],[130.3640000783565,32.181619004820305],[130.36408707787191,32.181624005050885],[130.36412007759506,32.18164100493552],[130.36422607798667,32.18157900477434],[130.3642273154538,32.18157962350791],[130.3642720783093,32.18160200493567],[130.36432507805546,32.181624005050885],[130.36438049607858,32.181624005050885],[130.36445807789354,32.181624005050885],[130.36445335105685,32.18165212775059],[130.36443807787055,32.181743005142664],[130.3644910776167,32.18179400479657],[130.3645180779625,32.181839005073115],[130.36452407823919,32.18185600495775],[130.3645307129265,32.18187685865885],[130.36461157871054,32.181884921865645],[130.36461707803127,32.18188400534966],[130.36462098581637,32.18188585985741],[130.36508201606114,32.181931829636156],[130.36513407759116,32.18188400534966],[130.36521307763698,32.18188900468091],[130.36524607825947,32.181901005234295],[130.36535435483518,32.181828536065176],[130.36537307782083,32.18181600491179],[130.3655050776128,32.18179900502715],[130.36555107793546,32.18172600525803],[130.3656180783272,32.18169200458943],[130.3657678568167,32.18168978236466],[130.36595507768024,32.181687005258176],[130.36604807837168,32.18170400514281],[130.36627907823242,32.181771004635245],[130.36630707772503,32.18182200518848],[130.36635307804767,32.181844005303695],[130.36639907837034,32.18186100518833],[130.36645907843928,32.181872004796276],[130.36649207816242,32.18188900468091],[130.36656507793157,32.18190600456555],[130.36665107830018,32.181844005303695],[130.36670407804633,32.181872004796276],[130.3667440780923,32.18187800507297],[130.36675807783857,32.181901005234295],[130.36691007765353,32.181833004796424],[130.36702307836794,32.18185600495775],[130.36706791137058,32.181735150463915],[130.36706907779126,32.18173200463539],[130.3671006610822,32.1817303282991],[130.36718207760634,32.18172600525803],[130.36721107714504,32.181699365540375],[130.36726807797498,32.18164700521221],[130.3673540783436,32.18160200493567],[130.36738107779007,32.18154000477449],[130.36733407832062,32.18148900512058],[130.3675390778817,32.18124700475256],[130.36770507834225,32.18116200532937],[130.3678510778805,32.18114500544473],[130.36801007801824,32.18114000521416],[130.36810907808703,32.18113400493747],[130.36813607843283,32.18113400493747],[130.36821607762545,32.18119100486807],[130.36823607764842,32.18119100486807],[130.36827507764826,32.181213004983285],[130.36838807656403,32.18116200532937],[130.36841407686373,32.18118500459138],[130.3684410772095,32.18118500459138],[130.36842807661,32.18117900521401],[130.36845407690967,32.18117900521401],[130.3685117216542,32.181201102456],[130.36851407697864,32.18120200537534],[130.36851557614847,32.18120169420991],[130.36856707672476,32.18119100486807],[130.36862707679373,32.18120700470659],[130.36864366119158,32.18122135698712],[130.36867907739307,32.181252004983136],[130.3687460768855,32.18126400463719],[130.36876607690849,32.181281005421155],[130.36889107727694,32.18128600475241],[130.36892407700012,32.181309004913736],[130.36898407706906,32.18132600479837],[130.36910407720697,32.18132600479837],[130.36911007658432,32.18134800491359],[130.36916307722979,32.181371005074915],[130.36918307725279,32.181399004567496],[130.36930207734454,32.18140500484419],[130.36932907679102,32.181461004728675],[130.369369076837,32.181495005397274],[130.36942207658313,32.18151200528191],[130.3694750772286,32.18154600505118],[130.36949407720545,32.18155100528176],[130.36950107662895,32.1815680051664],[130.36952807697475,32.18157400544309],[130.36950807695175,32.18158500505103],[130.36952807697475,32.18163000532758],[130.36961407734336,32.18167000537354],[130.3696400767437,32.18167500470479],[130.3696470770665,32.18169200458943],[130.36968007678968,32.181743005142664],[130.36973307743514,32.181782005142516],[130.3697660771583,32.18182700541905],[130.36981907690443,32.181839005073115],[130.3698660772732,32.181940005234146],[130.3698860772962,32.18196800472673],[130.36994507731902,32.18200800477269],[130.3699720767655,32.18208100544114],[130.37004507743393,32.18214300470299],[130.37007107683428,32.18216000458763],[130.37012407658042,32.1821710050949],[130.37014407660342,32.18219400525623],[130.37010407655745,32.182250005140716],[130.3701910769722,32.18238600511713],[130.370250076995,32.182464005116834],[130.37033007708695,32.18249800488611],[130.3702970773638,32.18254900543934],[130.37028307671818,32.1826390050931],[130.3703630768101,32.182679005139065],[130.37032307676415,32.18282000534606],[130.3703830768331,32.18288200460792],[130.37040307685606,32.182899005391874],[130.37039969533086,32.182902243014134],[130.37110271126602,32.18347552288061],[130.37114507689935,32.18347900515905],[130.371191077222,32.183519005205014],[130.3712910773369,32.18356400458224],[130.37130407703708,32.1835750050895],[130.37132407706008,32.1835750050895],[130.3713110773599,32.18356400458224],[130.37133707676026,32.18356400458224],[130.37133707676026,32.18356900481281],[130.37137007738272,32.1835470046976],[130.3714100774287,32.18356400458224],[130.37143007655234,32.18359700520472],[130.37152307724378,32.18366500474326],[130.3715690766671,32.183682004627904],[130.3716020772896,32.18374400478908],[130.37162907673607,32.18378300478893],[130.3716880767589,32.18382900511158],[130.37171507710468,32.183840004719535],[130.37174107740435,32.183868005111435],[130.371781076551,32.183896004604016],[130.37182107659697,32.18391300538798],[130.37182807691977,32.18391900476535],[130.37190707696558,32.18391300538798],[130.37197164648984,32.18385051779425],[130.3720000767577,32.18382300483489],[130.37204607708034,32.18381200522695],[130.37214607719525,32.183710005019805],[130.3721720765956,32.18365400513532]]]}},{"type":"Feature","properties":{"layer_id":"scenic_nature_areas","name":"自然公園特別地域","category":"nature","source":"国土交通省 国土数値情報","municipality_code":"43205","municipality_pref":"熊本県","municipality_name":"水俣市","municipality_code_method":"nearest_centroid","resource_class":"自然公園特別地域","source_dataset_code":"A10"},"geometry":{"type":"Polygon","coordinates":[[[130.36315907830263,32.17181600516174],[130.36327807839442,32.17176600465462],[130.36331107811756,32.17169800511607],[130.36335107816353,32.17167000472417],[130.36341107823247,32.17165800507011],[130.36346407797862,32.17159600490893],[130.3634770776788,32.17157400479372],[130.36355007834723,32.17154000502444],[130.36360307809338,32.171501005024595],[130.36362307811638,32.171467005255316],[130.36372907760864,32.17141600470209],[130.3637820782541,32.17136500504817],[130.36384807770042,32.17135400544023],[130.36391407804607,32.17132000477163],[130.3639210783689,32.17132000477163],[130.36394107839186,32.171303004886994],[130.3639670777922,32.17129200527905],[130.3640000784147,32.171314005394265],[130.3641068630151,32.171404707418546],[130.3642645552908,32.171378104095794],[130.364539,32.171267],[130.36452138607208,32.1713153389751],[130.36461099957177,32.17127800013683],[130.36472799957133,32.17118600039083],[130.364773999894,32.171094999791634],[130.36478400035514,32.170973999607625],[130.3647240002862,32.17089400041502],[130.36466400021723,32.1708150003692],[130.3646270003096,32.17076499986209],[130.3645199998719,32.17074599988522],[130.36407099985058,32.170760999677626],[130.36386900042783,32.17073300018504],[130.3637389998288,32.17069400018519],[130.36372700017472,32.17068399972404],[130.36360700003684,32.17059500011639],[130.36355700042904,32.17042400032459],[130.36354299978342,32.170284000163704],[130.36356399985252,32.17011200032579],[130.36360900012906,32.16993100007283],[130.36370099987505,32.169759000234905],[130.36387699989743,32.16967600000463],[130.3640590001965,32.16967600000463],[130.36415300003472,32.16961800002791],[130.3643130002186,32.16952100005134],[130.36456500014845,32.169256999568105],[130.3645620000101,32.16901700019164],[130.3645480002638,32.1689869997075],[130.36438199980324,32.16862400005479],[130.36426299971149,32.168607000170155],[130.3639450003353,32.16856600007807],[130.36363100024428,32.16863599970885],[130.36362900015203,32.168636999754966],[130.36360700003684,32.16865599973183],[130.36338899987624,32.16884600039983],[130.36328999980745,32.16893199986913],[130.36302900036188,32.169159999591535],[130.36271400022474,32.16929799966019],[130.36258100038665,32.16925400032908],[130.36255099990254,32.16896300039938],[130.36246400038712,32.16847000014762],[130.3624149999261,32.16822300044834],[130.36210600006567,32.16816400042551],[130.36195999962808,32.16831800033268],[130.36180599972093,32.16867899989316],[130.36174699969808,32.168912999892264],[130.36156899958348,32.16933200032878],[130.361522000114,32.16961599993568],[130.36152690131627,32.169935543336564],[130.3624947858802,32.1720525358836],[130.36250307772866,32.17205300529918],[130.36253355850516,32.172078867587416],[130.36313744168154,32.171834396143716],[130.36315907830263,32.17181600516174]]]}},{"type":"Feature","properties":{"layer_id":"scenic_nature_areas","name":"自然公園特別地域","category":"nature","source":"国土交通省 国土数値情報","municipality_code":"43205","municipality_pref":"熊本県","municipality_name":"水俣市","municipality_code_method":"nearest_centroid","resource_class":"自然公園特別地域","source_dataset_code":"A10"},"geometry":{"type":"MultiPolygon","coordinates":[[[[130.36856456628792,32.172089809311224],[130.3685070771261,32.17215400471751],[130.3684480771033,32.172228005432075],[130.36841407733402,32.172250004647964],[130.36834207671168,32.172346004578415],[130.36828907696554,32.17236900473975],[130.36824207659677,32.1724360051315],[130.3682020765508,32.172470004900774],[130.36817607715045,32.17251000494674],[130.36816307655096,32.17252100455469],[130.36816307655096,32.17253200506195],[130.36814907680466,32.1725430046699],[130.36812907678168,32.172577005338496],[130.36810907675869,32.172600004600504],[130.3681160770815,32.17261700538446],[130.36831357269944,32.172686573340656],[130.36833700003874,32.17265800008061],[130.36857800036063,32.17228099978228],[130.36861400022215,32.172152000128676],[130.36856456628792,32.172089809311224]]],[[[130.36460407790207,32.17473600507654],[130.36471607767106,32.174787004730454],[130.36483607780895,32.174725004569275],[130.36495507790073,32.174725004569275],[130.36505407796952,32.174657005030724],[130.36514707776163,32.17465200480015],[130.36522707785358,32.1745840052616],[130.36524607783045,32.17460100514624],[130.36525307815324,32.17461200475419],[130.36535907764554,32.174567005376964],[130.365392078268,32.174527005331],[130.36547207835994,32.174527005331],[130.36551807778326,32.1744490053313],[130.3655250781061,32.174415004662706],[130.3655980778752,32.17433000523952],[130.36561107757538,32.17426200480165],[130.36563107759835,32.17424600496313],[130.36565807794415,32.17423400530907],[130.3657110776903,32.174229005078494],[130.36577007771314,32.174195005309215],[130.36581007775908,32.17420100468659],[130.36585007780505,32.17423400530907],[130.3658890778049,32.17424000468644],[130.3659890779198,32.17424000468644],[130.36609507831142,32.17423400530907],[130.36618807810353,32.1741160052634],[130.36631307757267,32.1741160052634],[130.36638607824113,32.17406000537891],[130.36650607837902,32.17402600471032],[130.36654507837886,32.17399200494104],[130.36657207782534,32.173947004664505],[130.3666120778713,32.173913004895226],[130.36664507759446,32.17393000477987],[130.3667040776173,32.17391900517192],[130.36675107798607,32.1738400051261],[130.366811078055,32.1737830051955],[130.36685007805488,32.17376600531087],[130.36688307777803,32.173721005034324],[130.36696907814664,32.17368200503447],[130.3670230779389,32.173665005149836],[130.36708207796173,32.17358600510402],[130.3671490783535,32.17351900471227],[130.36717507775384,32.17343400528908],[130.36718207807664,32.17340600489718],[130.3672210780765,32.17340600489718],[130.36725407779966,32.173417005404445],[130.36736707761474,32.17328200457482],[130.36738107826037,32.17319200492106],[130.36736707761474,32.17315200487509],[130.36746707683034,32.173107004598556],[130.3675000765535,32.1730450053367],[130.36757107712972,32.17301700494479],[130.36758607692212,32.1730110046681],[130.36761907664527,32.172916004783765],[130.3676990767372,32.17289900489913],[130.36772507703688,32.1728760047378],[130.36775807676005,32.172786005084035],[130.3678310774285,32.17275200531476],[130.3679040771976,32.172577005338496],[130.3678910765981,32.17254900494659],[130.36807007675884,32.17235200485511],[130.36819607717342,32.17218800538611],[130.36836107668856,32.171997004672],[130.36837121834327,32.17198737113424],[130.36756500041065,32.17173099959992],[130.36615400009325,32.17102700040971],[130.36596200023234,32.170868000271966],[130.36544199963478,32.170546999858125],[130.36534899984267,32.170637999558004],[130.3652940000043,32.17096100006407],[130.36515699998176,32.17131400015495],[130.36503099956718,32.17153699964678],[130.36492600012102,32.17168900036105],[130.36471600032937,32.17187199980692],[130.36460000037593,32.17200399959887],[130.36418309142306,32.17224374158332],[130.3633780780221,32.1744529888867],[130.3633780780221,32.17447100544651],[130.36339807804507,32.17449900493909],[130.36343707804494,32.17453300470837],[130.36347707809088,32.17455000459301],[130.36353007783703,32.17457200470822],[130.36356393911072,32.174613963477604],[130.3635686121073,32.17461975365893],[130.36365394079178,32.17464526566999],[130.363662077629,32.17464600542278],[130.36366410682874,32.174648305164254],[130.36408217355714,32.174773300915206],[130.36410607831908,32.17476400456913],[130.36413907804223,32.17477000484582],[130.3641790780882,32.17479800523772],[130.36424607758062,32.17479200496103],[130.3642590781801,32.17478100535308],[130.3643650776724,32.17477600512251],[130.36440507771837,32.174759005237874],[130.36445807836384,32.17477600512251],[130.36446407774122,32.17479800523772],[130.36460407790207,32.17473600507654]]]]}},{"type":"Feature","properties":{"layer_id":"scenic_nature_areas","name":"水俣市","category":"nature","source":"国土交通省 国土数値情報","municipality_code":"43205","municipality_pref":"熊本県","municipality_name":"水俣市","municipality_code_method":"nearest_centroid"},"geometry":{"type":"Polygon","coordinates":[[[130.52073499999997,32.145049],[130.52054599999997,32.14498900000001],[130.52038299999998,32.14502200000008],[130.52022699999995,32.145091000000015],[130.52007799999996,32.14524700000004],[130.520086,32.14541200000002],[130.520233,32.14546700000004],[130.52043899999998,32.14545400000003],[130.52064999999993,32.14542000000006],[130.52072800000002,32.145342],[130.52079299999997,32.14524400000006],[130.52080799999996,32.145104000000025],[130.52073499999997,32.145049]]]}},{"type":"Feature","properties":{"layer_id":"scenic_nature_areas","name":"自然公園特別地域","category":"nature","source":"国土交通省 国土数値情報","municipality_code":"43205","municipality_pref":"熊本県","municipality_name":"水俣市","municipality_code_method":"nearest_centroid","resource_class":"自然公園特別地域","source_dataset_code":"A10"},"geometry":{"type":"Polygon","coordinates":[[[130.44815599999998,32.15310700000006],[130.44858999999994,32.15307600000007],[130.44881999999996,32.153192000000075],[130.44915299999997,32.153360000000035],[130.44985899999995,32.15352300000002],[130.450244,32.153468],[130.45026199999998,32.15346600000001],[130.4505059999999,32.15322500000005],[130.45090799999997,32.153115000000014],[130.451117,32.15313700000006],[130.451811,32.15321000000006],[130.45266599999994,32.153427000000065],[130.45345499999993,32.15308600000001],[130.45480999999995,32.15238400000001],[130.45579399999994,32.15173900000002],[130.45637399999995,32.15112500000002],[130.4571699999999,32.15037700000004],[130.45885399999997,32.14882600000006],[130.459551,32.148203000000024],[130.45921099999995,32.14762400000008],[130.458997,32.147576000000015],[130.458675,32.14726500000003],[130.45851099999993,32.146908000000074],[130.45829199999994,32.14646100000004],[130.45825999999997,32.14637300000004],[130.45669699999996,32.14796500000004],[130.45482199999998,32.14974700000005],[130.45371799999992,32.150631000000004],[130.45319299999994,32.150848000000025],[130.450815,32.151720000000054],[130.450245,32.15193000000002],[130.449658,32.15214500000005],[130.449495,32.15210700000001],[130.44915099999997,32.152174000000045],[130.449119,32.152260000000055],[130.44864899999993,32.15222000000003],[130.44815199999994,32.152226],[130.447935,32.15230500000005],[130.44778099999996,32.15236200000005],[130.44738599999997,32.15289400000002],[130.44701999999995,32.153321000000005],[130.446313,32.15377800000007],[130.44591399999993,32.15409900000007],[130.444897,32.15458600000004],[130.444062,32.15485900000007],[130.44350999999997,32.15526200000002],[130.44326499999997,32.15550200000007],[130.44348499999995,32.15550300000007],[130.44475599999996,32.15551100000002],[130.44556299999994,32.15544900000003],[130.44633699999994,32.155272000000046],[130.446502,32.15503600000006],[130.44776,32.15323500000008],[130.44815599999998,32.15310700000006]]]}},{"type":"Feature","properties":{"layer_id":"scenic_nature_areas","name":"自然公園地域","category":"nature","source":"国土交通省 国土数値情報","municipality_code":"43205","municipality_pref":"熊本県","municipality_name":"水俣市","municipality_code_method":"nearest_centroid","resource_class":"自然公園地域","source_dataset_code":"A10"},"geometry":{"type":"Polygon","coordinates":[[[130.448156,32.15310699999996],[130.44859000000002,32.15307599999997],[130.44882000000007,32.153191999999976],[130.449153,32.15336000000002],[130.44985900000006,32.15352300000001],[130.45024400000003,32.15346799999999],[130.450262,32.153466],[130.45050600000002,32.153224999999956],[130.45090799999997,32.153115],[130.45111700000004,32.15313699999996],[130.451811,32.15320999999996],[130.45266599999997,32.15342699999997],[130.45330799999996,32.15358899999997],[130.45480999999998,32.15431100000002],[130.455625,32.15480299999996],[130.45646600000003,32.15492500000002],[130.457861,32.154751000000005],[130.45853999999997,32.154452999999954],[130.45859599999997,32.154109000000005],[130.458809,32.15378999999999],[130.45927100000006,32.15359899999999],[130.46020299999998,32.153562000000036],[130.46082100000004,32.15336999999997],[130.46140199999996,32.15278299999998],[130.46175800000003,32.151749000000045],[130.461249,32.150990000000036],[130.46059000000002,32.15060100000001],[130.46008800000004,32.15026400000001],[130.46001199999998,32.14939399999997],[130.45990999999998,32.14881400000003],[130.45955100000003,32.14820300000001],[130.45921100000004,32.14762399999998],[130.458997,32.147576],[130.45867500000003,32.14726500000003],[130.45851099999996,32.14690799999998],[130.45829200000003,32.14646100000003],[130.45825999999997,32.14637300000003],[130.45801599999993,32.14570100000003],[130.457889,32.145347999999956],[130.45770900000002,32.14518199999999],[130.457203,32.14460700000002],[130.45690400000004,32.14336899999999],[130.45695100000003,32.14241899999999],[130.45682000000002,32.14199799999997],[130.45631599999996,32.14158100000002],[130.45566199999996,32.141456999999974],[130.45527899999996,32.14099199999996],[130.45495499999998,32.14017700000003],[130.45494600000004,32.13962300000002],[130.45496999999997,32.139174],[130.45539699999995,32.13869399999999],[130.45573600000003,32.13805099999998],[130.45569500000002,32.13786900000002],[130.45566299999996,32.13753300000002],[130.45560299999994,32.137410999999965],[130.45505699999998,32.136823999999976],[130.45461400000002,32.136275000000026],[130.45448100000002,32.135722000000015],[130.45453800000004,32.135403999999994],[130.454777,32.13482099999999],[130.45488900000004,32.13405400000003],[130.45466699999997,32.133766],[130.454441,32.13321499999998],[130.45433300000002,32.13226599999997],[130.45357100000004,32.13186200000003],[130.45288500000004,32.13168500000003],[130.45234900000003,32.131216000000045],[130.45206,32.13056000000003],[130.451956,32.13025500000002],[130.451766,32.12969199999998],[130.451387,32.12927400000004],[130.45094999999998,32.129120999999984],[130.45079500000003,32.129149],[130.45048800000004,32.129364000000024],[130.45002200000005,32.12936899999999],[130.449835,32.129292000000014],[130.44965199999996,32.129140999999954],[130.44955100000004,32.129058000000015],[130.44942400000002,32.12887399999998],[130.449078,32.12856100000002],[130.44876600000003,32.128459000000014],[130.44870599999996,32.128592000000005],[130.448771,32.128776000000045],[130.4489,32.12909099999999],[130.448684,32.12920000000004],[130.44834200000003,32.129177],[130.44793500000003,32.12897100000001],[130.447323,32.12851400000004],[130.447151,32.12852900000003],[130.44680600000004,32.128559000000024],[130.44634200000002,32.128750000000025],[130.44610499999993,32.128846999999965],[130.44535699999997,32.12913599999999],[130.44399999999996,32.129630999999996],[130.443305,32.130318999999986],[130.44279699999998,32.13088500000001],[130.44187799999997,32.132335],[130.44132199999996,32.13286199999999],[130.440383,32.132992],[130.440092,32.13308299999998],[130.439447,32.133283000000006],[130.43828,32.13389600000001],[130.437751,32.134549000000035],[130.43746499999997,32.13482199999998],[130.437284,32.13504900000002],[130.43696799999998,32.13520700000004],[130.43595899999997,32.13616899999997],[130.43467399999997,32.137396999999964],[130.43434100000002,32.13795600000003],[130.43445,32.13901000000001],[130.43458799999996,32.139827000000025],[130.43446899999998,32.14059],[130.434388,32.14111500000001],[130.43418000000003,32.14172500000004],[130.433656,32.14196799999998],[130.43306699999997,32.142081000000005],[130.432697,32.14224299999999],[130.432578,32.142561000000015],[130.432679,32.14306199999999],[130.43274900000003,32.14358899999999],[130.432633,32.14385800000004],[130.43250899999998,32.14414599999998],[130.432476,32.14433000000001],[130.43239500000004,32.14478100000002],[130.432406,32.14541899999997],[130.43247200000002,32.14556399999998],[130.43284599999998,32.145779000000005],[130.433076,32.145879000000015],[130.43337700000004,32.14601000000002],[130.434007,32.14658399999999],[130.434299,32.147345999999985],[130.43431100000004,32.14811100000004],[130.434083,32.14942499999996],[130.43378400000003,32.15011400000003],[130.43477399999998,32.151844999999994],[130.43594700000006,32.153416000000036],[130.438204,32.15633599999997],[130.43923099999998,32.156430000000015],[130.4413,32.15647799999999],[130.44149899999996,32.156482999999966],[130.44354800000002,32.15640699999998],[130.44540400000002,32.15588399999996],[130.44604700000002,32.155688999999995],[130.44648600000002,32.15555500000001],[130.44706299999999,32.15472999999996],[130.44770200000002,32.153904000000004],[130.447881,32.15345399999998],[130.448156,32.15310699999996]]]}},{"type":"Feature","properties":{"layer_id":"scenic_nature_areas","name":"水俣市","category":"nature","source":"国土交通省 国土数値情報","municipality_code":"43205","municipality_pref":"熊本県","municipality_name":"水俣市","municipality_code_method":"nearest_centroid"},"geometry":{"type":"Polygon","coordinates":[[[130.52073499999997,32.145049],[130.52054599999997,32.14498900000001],[130.52038299999998,32.14502199999998],[130.52022700000003,32.14509100000001],[130.52007799999998,32.14524700000004],[130.52008600000002,32.14541200000001],[130.52023300000002,32.14546700000003],[130.520439,32.14545400000002],[130.52064999999996,32.14541999999996],[130.52072800000002,32.14534199999999],[130.52079299999997,32.14524399999996],[130.520808,32.14510400000002],[130.52073499999997,32.145049]]]}},{"type":"Feature","properties":{"layer_id":"scenic_nature_areas","name":"水俣市","category":"nature","source":"国土交通省 国土数値情報","municipality_code":"43205","municipality_pref":"熊本県","municipality_name":"水俣市","municipality_code_method":"nearest_centroid"},"geometry":{"type":"Polygon","coordinates":[[[130.52067499999998,32.14500700000001],[130.520362,32.14493100000002],[130.52020599999997,32.144996999999975],[130.52011899999997,32.14523299999996],[130.52013399999998,32.145315],[130.52014999999997,32.145403999999985],[130.52027999999999,32.145450999999966],[130.52061,32.14542199999997],[130.520729,32.145317999999975],[130.52075099999996,32.14529900000001],[130.52074799999997,32.14510400000003],[130.52067499999998,32.14500700000001]]]}},{"type":"Feature","properties":{"layer_id":"cultural_facilities","name":"浜公園児童プール","category":"public","address":"中央公園1","source":"国土交通省 国土数値情報","municipality_code":"43205","municipality_pref":"熊本県","municipality_name":"水俣市","municipality_code_method":"nearest_centroid"},"geometry":{"type":"Point","coordinates":[130.406889,32.207804]}},{"type":"Feature","properties":{"layer_id":"cultural_facilities","name":"水俣市立総合体育館","category":"public","address":"中央公園1","source":"国土交通省 国土数値情報","municipality_code":"43205","municipality_pref":"熊本県","municipality_name":"水俣市","municipality_code_method":"nearest_centroid"},"geometry":{"type":"Point","coordinates":[130.407103,32.208608]}},{"type":"Feature","properties":{"layer_id":"cultural_facilities","name":"水俣市立図書館","category":"public","address":"浜町2-10-26","source":"国土交通省 国土数値情報","municipality_code":"43205","municipality_pref":"熊本県","municipality_name":"水俣市","municipality_code_method":"nearest_centroid"},"geometry":{"type":"Point","coordinates":[130.403168,32.212876]}},{"type":"Feature","properties":{"layer_id":"cultural_facilities","name":"エコパーク水俣（街のゾーン）","category":"public","address":"汐見町1","source":"国土交通省 国土数値情報","municipality_code":"43205","municipality_pref":"熊本県","municipality_name":"水俣市","municipality_code_method":"nearest_centroid"},"geometry":{"type":"Point","coordinates":[130.378694,32.201136]}},{"type":"Feature","properties":{"layer_id":"cultural_facilities","name":"水俣市立総合体育館","category":"public","address":"中央公園1","source":"国土交通省 国土数値情報","municipality_code":"43205","municipality_pref":"熊本県","municipality_name":"水俣市","municipality_code_method":"nearest_centroid"},"geometry":{"type":"Point","coordinates":[130.407103,32.208709]}},{"type":"Feature","properties":{"layer_id":"cultural_facilities","name":"水俣市立総合体育館","category":"public","address":"中央公園1","source":"国土交通省 国土数値情報","municipality_code":"43205","municipality_pref":"熊本県","municipality_name":"水俣市","municipality_code_method":"nearest_centroid"},"geometry":{"type":"Point","coordinates":[130.407103,32.208523]}},{"type":"Feature","properties":{"layer_id":"cultural_facilities","name":"城山公園庭球場","category":"public","address":"古城1-353","source":"国土交通省 国土数値情報","municipality_code":"43205","municipality_pref":"熊本県","municipality_name":"水俣市","municipality_code_method":"nearest_centroid"},"geometry":{"type":"Point","coordinates":[130.416333,32.208271]}},{"type":"Feature","properties":{"layer_id":"cultural_facilities","name":"水俣市立武道館","category":"public","address":"八幡町3-9-2","source":"国土交通省 国土数値情報","municipality_code":"43205","municipality_pref":"熊本県","municipality_name":"水俣市","municipality_code_method":"nearest_centroid"},"geometry":{"type":"Point","coordinates":[130.402183,32.2179]}},{"type":"Feature","properties":{"layer_id":"cultural_facilities","name":"エコパーク水俣（海のゾーン）","category":"public","address":"汐見町1","source":"国土交通省 国土数値情報","municipality_code":"43205","municipality_pref":"熊本県","municipality_name":"水俣市","municipality_code_method":"nearest_centroid"},"geometry":{"type":"Point","coordinates":[130.375337,32.201274]}},{"type":"Feature","properties":{"layer_id":"cultural_facilities","name":"水俣市立総合体育館","category":"public","address":"中央公園1","source":"国土交通省 国土数値情報","municipality_code":"43205","municipality_pref":"熊本県","municipality_name":"水俣市","municipality_code_method":"nearest_centroid"},"geometry":{"type":"Point","coordinates":[130.407103,32.208432]}},{"type":"Feature","properties":{"layer_id":"cultural_facilities","name":"水俣市立武道館","category":"public","address":"八幡町3-9-2","source":"国土交通省 国土数値情報","municipality_code":"43205","municipality_pref":"熊本県","municipality_name":"水俣市","municipality_code_method":"nearest_centroid"},"geometry":{"type":"Point","coordinates":[130.402183,32.217739]}},{"type":"Feature","properties":{"layer_id":"cultural_facilities","name":"水俣市立総合体育館（南部館）サン・ビレッジみなまた","category":"public","address":"袋933","source":"国土交通省 国土数値情報","municipality_code":"43205","municipality_pref":"熊本県","municipality_name":"水俣市","municipality_code_method":"nearest_centroid"},"geometry":{"type":"Point","coordinates":[130.384571,32.177945]}},{"type":"Feature","properties":{"layer_id":"cultural_facilities","name":"熊本県環境センター","category":"public","address":"明神町55-1","source":"国土交通省 国土数値情報","municipality_code":"43205","municipality_pref":"熊本県","municipality_name":"水俣市","municipality_code_method":"nearest_centroid"},"geometry":{"type":"Point","coordinates":[130.374337,32.204276]}},{"type":"Feature","properties":{"layer_id":"cultural_facilities","name":"エコパーク水俣（街のゾーン）","category":"public","address":"汐見町1","source":"国土交通省 国土数値情報","municipality_code":"43205","municipality_pref":"熊本県","municipality_name":"水俣市","municipality_code_method":"nearest_centroid"},"geometry":{"type":"Point","coordinates":[130.381053,32.200339]}},{"type":"Feature","properties":{"layer_id":"cultural_facilities","name":"ひばりヶ丘運動場（休館中）","category":"public","address":"ひばりヶ丘46","source":"国土交通省 国土数値情報","municipality_code":"43205","municipality_pref":"熊本県","municipality_name":"水俣市","municipality_code_method":"nearest_centroid"},"geometry":{"type":"Point","coordinates":[130.419888,32.209925]}},{"type":"Feature","properties":{"layer_id":"cultural_facilities","name":"浜公園運動場","category":"public","address":"中央公園1","source":"国土交通省 国土数値情報","municipality_code":"43205","municipality_pref":"熊本県","municipality_name":"水俣市","municipality_code_method":"nearest_centroid"},"geometry":{"type":"Point","coordinates":[130.406824,32.209609]}},{"type":"Feature","properties":{"layer_id":"cultural_facilities","name":"エコパーク水俣（街のゾーン）","category":"public","address":"汐見町1","source":"国土交通省 国土数値情報","municipality_code":"43205","municipality_pref":"熊本県","municipality_name":"水俣市","municipality_code_method":"nearest_centroid"},"geometry":{"type":"Point","coordinates":[130.379805,32.20056]}},{"type":"Feature","properties":{"layer_id":"cultural_facilities","name":"エコパーク水俣（海のゾーン）","category":"public","address":"汐見町1","source":"国土交通省 国土数値情報","municipality_code":"43205","municipality_pref":"熊本県","municipality_name":"水俣市","municipality_code_method":"nearest_centroid"},"geometry":{"type":"Point","coordinates":[130.375337,32.201536]}},{"type":"Feature","properties":{"layer_id":"cultural_facilities","name":"水俣市立武道館","category":"public","address":"八幡町3-9-2","source":"国土交通省 国土数値情報","municipality_code":"43205","municipality_pref":"熊本県","municipality_name":"水俣市","municipality_code_method":"nearest_centroid"},"geometry":{"type":"Point","coordinates":[130.402183,32.217819]}},{"type":"Feature","properties":{"layer_id":"cultural_facilities","name":"水俣市立総合体育館","category":"public","address":"中央公園1","source":"国土交通省 国土数値情報","municipality_code":"43205","municipality_pref":"熊本県","municipality_name":"水俣市","municipality_code_method":"nearest_centroid"},"geometry":{"type":"Point","coordinates":[130.407091,32.208332]}},{"type":"Feature","properties":{"layer_id":"parks_playgrounds","name":"浜公園","category":"nature","address":"水俣市","source":"国土交通省 国土数値情報","municipality_code":"43205","municipality_pref":"熊本県","municipality_name":"水俣市","municipality_code_method":"nearest_centroid"},"geometry":{"type":"Point","coordinates":[130.40697826,32.20978919]}},{"type":"Feature","properties":{"layer_id":"parks_playgrounds","name":"水俣広域公園","category":"nature","address":"水俣市","source":"国土交通省 国土数値情報","municipality_code":"43205","municipality_pref":"熊本県","municipality_name":"水俣市","municipality_code_method":"nearest_centroid"},"geometry":{"type":"Point","coordinates":[130.38175707,32.20219413]}},{"type":"Feature","properties":{"layer_id":"parks_playgrounds","name":"城山公園","category":"nature","address":"水俣市","source":"国土交通省 国土数値情報","municipality_code":"43205","municipality_pref":"熊本県","municipality_name":"水俣市","municipality_code_method":"nearest_centroid"},"geometry":{"type":"Point","coordinates":[130.41512867,32.2074466]}},{"type":"Feature","properties":{"layer_id":"parks_playgrounds","name":"西湯の児公園","category":"nature","address":"水俣市","source":"国土交通省 国土数値情報","municipality_code":"43205","municipality_pref":"熊本県","municipality_name":"水俣市","municipality_code_method":"nearest_centroid"},"geometry":{"type":"Point","coordinates":[130.41258022,32.23194634]}},{"type":"Feature","properties":{"layer_id":"parks_playgrounds","name":"白浜公園","category":"nature","address":"水俣市","source":"国土交通省 国土数値情報","municipality_code":"43205","municipality_pref":"熊本県","municipality_name":"水俣市","municipality_code_method":"nearest_centroid"},"geometry":{"type":"Point","coordinates":[130.40515623,32.21980971]}},{"type":"Feature","properties":{"layer_id":"parks_playgrounds","name":"湯之児公園","category":"nature","address":"水俣市","source":"国土交通省 国土数値情報","municipality_code":"43205","municipality_pref":"熊本県","municipality_name":"水俣市","municipality_code_method":"nearest_centroid"},"geometry":{"type":"Point","coordinates":[130.41601677,32.23224033]}},{"type":"Feature","properties":{"layer_id":"parks_playgrounds","name":"和田岬公園","category":"nature","address":"水俣市","source":"国土交通省 国土数値情報","municipality_code":"43205","municipality_pref":"熊本県","municipality_name":"水俣市","municipality_code_method":"nearest_centroid"},"geometry":{"type":"Point","coordinates":[130.40410847,32.23260055]}},{"type":"Feature","properties":{"layer_id":"parks_playgrounds","name":"中尾山公園","category":"nature","address":"水俣市","source":"国土交通省 国土数値情報","municipality_code":"43205","municipality_pref":"熊本県","municipality_name":"水俣市","municipality_code_method":"nearest_centroid"},"geometry":{"type":"Point","coordinates":[130.42041544,32.19085484]}},{"type":"Feature","properties":{"layer_id":"tourism_resources","name":"水俣大滝","category":"nature","address":"河川景観 / 滝","source":"国土交通省 国土数値情報","municipality_code":"43205","municipality_pref":"熊本県","municipality_name":"水俣市","municipality_code_method":"nearest_centroid","resource_code":"610"},"geometry":{"type":"Point","coordinates":[130.45907592773438,32.147274017333984]}}],"display_comment_original":"水俣市には、地域の由緒を示す案内板や石碑を探す余地がある。 まずは社寺・地域信仰を軸に、地区の由緒を拾える場所を探したい。 現地では石碑、地蔵、地域資料館、公民館の由緒板を、既存ピンと照らして歩くと発見しやすい。","story_enrichment":{"samurai_priority_people":[],"notable_people":["徳冨蘆花","徳富蘇峰","川本輝夫","谷川健一","徳富一敬"],"honorary_citizens":[],"tourism_landmarks":["水俣諏訪神社","濱八幡宮","住吉神社","湯の児温泉","海水浴場","フィッシングパーク","湯の児スペイン村・福田農場","湯の鶴温泉"],"specialties":[],"food_culture":[],"historical_domains":[],"heian_place_names":[],"japan_search_support":["九州千一夜 : ラジオドラマ「くろがね劇場」台本 https://jpsearch.go.jp/item/dignl-1357311"],"enrichment_sources":["https://ja.wikipedia.org/wiki/%E6%B0%B4%E4%BF%A3%E5%B8%82","https://www.wikidata.org/wiki/Q1396764","https://www.wikidata.org/wiki/Q708794","https://www.wikidata.org/wiki/Q11478713","https://www.wikidata.org/wiki/Q2392596","https://www.wikidata.org/wiki/Q17221605","https://www.wikidata.org/wiki/Q11632908","https://www.wikidata.org/wiki/Q11560353","https://www.wikidata.org/wiki/Q10771520","https://www.wikidata.org/wiki/Q17230632","https://www.wikidata.org/wiki/Q3273684","https://jpsearch.go.jp/csearch/jps-cross?csid=jps-cross&keyword=%E5%BE%B3%E5%86%A8%E8%98%86%E8%8A%B1&keyword=%E6%B0%B4%E4%BF%A3%E5%B8%82"],"enrichment_errors":[],"wikipedia_title":"水俣市","wikipedia_revision_id":"110669543","wikidata_qid":"Q386110","wikipedia_url":"https://ja.wikipedia.org/wiki/%E6%B0%B4%E4%BF%A3%E5%B8%82","japan_search_query_url":"https://jpsearch.go.jp/csearch/jps-cross?csid=jps-cross&keyword=%E5%BE%B3%E5%86%A8%E8%98%86%E8%8A%B1&keyword=%E6%B0%B4%E4%BF%A3%E5%B8%82","status":"wikipedia_ok"}}